pass_a,pass_b,ate,t_stat,p_value,n_treatment,n_control,p_adj,significant
bdce,ipsccp,0.0002794553271090461,0.07402508653223568,0.9409921919475083,4188,4188,0.9987146011758271,False
bdce,correlated-propagation,-0.0016081822078836128,-0.42939628705037,0.6676459542088472,4232,4122,0.9904824893058242,False
bdce,mem2reg,-0.007627244066686856,-3.0300653809571596,0.002452537086793096,4226,4076,0.35018116819408174,False
bdce,sroa,-0.003076880236257573,-1.116965071728352,0.264041903549767,4143,4199,0.9858725228221116,False
bdce,instsimplify,-0.0006060832639590008,-0.16957785507391013,0.8653462698111893,4197,4125,0.9939394641716258,False
bdce,constmerge,0.00011876482962780432,0.031350365476110725,0.974990872454741,4245,4135,0.9990475216511701,False
bdce,function-attrs,-0.004287036876394645,-1.1281089212407593,0.2593069770695135,4079,4111,0.9858725228221116,False
bdce,deadargelim,-0.002188177093787602,-0.5843120905579876,0.5590259638806327,4246,4210,0.9904824893058242,False
bdce,globaldce,-0.0005893971985248547,-0.1610542891702738,0.8720544879639043,4234,4228,0.9942716603646986,False
bdce,elim-avail-extern,0.0019872797116667895,0.5224283013874064,0.6013859005639695,4250,4182,0.9904824893058242,False
bdce,mergefunc,0.00151478625764917,0.4051722653742606,0.685361356762437,4155,4136,0.9904824893058242,False
bdce,instcombine,0.0007135850840019331,0.22764417700080494,0.8199283393660836,4281,4236,0.9930288168050652,False
bdce,simplifycfg,-0.004273431168424879,-1.120909986282363,0.2623590666026899,4034,4155,0.9858725228221116,False
bdce,tailcallelim,-0.00578270748505616,-1.5773564538954439,0.11475036803689814,4296,4293,0.9352659276973905,False
bdce,reassociate,-0.0018309810522060266,-0.48767835999402326,0.6257906663773105,4129,4107,0.9904824893058242,False
bdce,memcpyopt,-0.003153022151852203,-0.8501033946407153,0.39529121753920216,4339,4283,0.9904824893058242,False
bdce,sccp,0.0024461436818755677,0.6513105155817198,0.514863694501778,4239,4287,0.9904824893058242,False
bdce,dce,0.0017538503056195864,0.4752947324347214,0.634589218382752,4210,4232,0.9904824893058242,False
bdce,adce,-0.0004714311453611342,-0.12615491359683775,0.899612322995711,4191,4211,0.9961990294109887,False
bdce,dse,-0.0015391486749453676,-0.4213123950171022,0.673537690050882,4223,4236,0.9904824893058242,False
bdce,jump-threading,0.0025793803327509024,0.6847430354843758,0.4935252807902227,4114,4157,0.9904824893058242,False
bdce,loop-idiom,-0.0016558547229595377,-0.43623447712579483,0.6626778351786173,4159,4257,0.9904824893058242,False
bdce,loop-deletion,-0.00416539830228585,-1.144569282511963,0.25242002380154827,4185,4296,0.9835590181162815,False
bdce,gvn,-0.0032698935936222306,-1.1895554007109574,0.23425528593289663,4166,4118,0.9745114828179076,False
bdce,gvn-hoist,-0.0029271814869201718,-0.7973802743609458,0.4252525749277506,4233,4243,0.9904824893058242,False
bdce,gvn-sink,0.0033060648357513545,0.8832228508421085,0.3771410251429798,4158,4314,0.9904824893058242,False
bdce,newgvn,0.002196119745013103,0.8705424863991892,0.38402820447026864,4298,4351,0.9904824893058242,False
bdce,early-cse,-0.0016641676740425382,-0.5220475774839993,0.6016508015050857,4292,4216,0.9904824893058242,False
bdce,mergereturn,-0.0034402601011349065,-0.9306182992074726,0.3520777597890529,4275,4139,0.9904824893058242,False
bdce,globalopt,0.007782622959318752,2.066529429660435,0.0388089342792889,4178,4294,0.8992650096905049,False
bdce,strip-dead-prototypes,0.004263878598562143,1.1689544861753423,0.24245513271401684,4208,4196,0.9797934796429284,False
bdce,indvars,0.001015178550848761,0.2738961129867495,0.7841711227022757,4217,4274,0.9930288168050652,False
bdce,mergeicmps,0.003127233745994662,0.8420316723462812,0.39979442877588384,4139,4183,0.9904824893058242,False
bdce,separate-const-offset-from-gep,-0.0023702121969552126,-0.6286557920204849,0.5295917123378866,4104,4224,0.9904824893058242,False
bdce,libcalls-shrinkwrap,0.008614416518806955,2.2974335773524164,0.02161891036071376,4131,4140,0.8737054275608976,False
bdce,flattencfg,0.008712257320982797,2.4353069196809445,0.014899517125856512,4229,4303,0.8163479239936102,False
bdce,loop-reduce,-0.003183288469495449,-0.8636900839724252,0.38778251769480404,4240,4268,0.9904824893058242,False
bdce,loop-unroll,0.001183819858137869,0.300636562721222,0.7636993199177434,4138,4058,0.9930288168050652,False
bdce,loop-rotate,0.0023649705113253927,0.6229951615263013,0.5333046343849429,4154,4240,0.9904824893058242,False
bdce,partial-inliner,0.002486509108260093,0.6542075941856791,0.5129959048041931,4276,4172,0.9904824893058242,False
bdce,lower-expect,0.0014964240420063946,0.40418460426523733,0.6860874067373547,4042,4262,0.9904824893058242,False
bdce,alignment-from-assumptions,0.005206951016420047,1.3970285606333885,0.1624417532373271,4305,4139,0.9705585112162733,False
bdce,rpo-function-attrs,0.004216122407624423,1.156191434044752,0.24763603230648823,4097,4235,0.9807287255775249,False
bdce,attributor,-0.005243911652282163,-1.587083211779481,0.11253181125984857,4136,4184,0.9298842796600941,False
bdce,inferattrs,0.0022050984625846537,0.5837172536401398,0.5594263370805571,4150,4195,0.9904824893058242,False
bdce,called-value-propagation,-0.003023063569937645,-0.8094425473548597,0.41828351334447916,4147,4275,0.9904824893058242,False
bdce,licm,-0.0018185532424213613,-0.48416000926519526,0.6282848333364341,4205,4292,0.9904824893058242,False
bdce,loop-simplify,-0.00024012013516849784,-0.06468149472182184,0.948429129814524,4225,4220,0.9987622411976728,False
bdce,div-rem-pairs,-0.0023625649454074305,-0.6340091006243983,0.5260920534481889,4255,4195,0.9904824893058242,False
bdce,float2int,0.002601806901568471,0.7200209028322268,0.47153196842368617,4255,4228,0.9904824893058242,False
bdce,inline,-0.002036159102211943,-0.5462206689617689,0.5849287982331182,4190,4203,0.9904824893058242,False
bdce,sink,0.0030106010552208295,0.8110843433841758,0.4173401548648979,4223,4205,0.9904824893058242,False
bdce,loop-vectorize,-0.0008714884524290145,-0.23175067045231082,0.8167372853137047,4267,4185,0.9930288168050652,False
bdce,slp-vectorizer,-0.00047953618671359166,-0.12982284621750276,0.8967097328349762,4174,4133,0.9961990294109887,False
bdce,callsite-splitting,0.003409535899829619,0.9242495050522289,0.3553829216296595,4196,4223,0.9904824893058242,False
bdce,dfa-jump-threading,0.0062611271294962245,1.671058078818774,0.0947476572574114,4138,4225,0.9223771155217892,False
bdce,consthoist,-0.00039723919436940314,-0.10827986669230948,0.9137762867916627,4305,4101,0.9961993148875699,False
bdce,mldst-motion,-0.0016169015144664733,-0.434720629034586,0.6637765278166096,4158,4168,0.9904824893058242,False
bdce,slsr,-0.0010710864807976783,-0.2879780355042526,0.7733705310846916,4287,4274,0.9930288168050652,False
bdce,loop-interchange,0.0026822336567483007,0.7263104628325223,0.46766830508277374,4265,4314,0.9904824893058242,False
bdce,loop-fusion,0.003737121083122519,0.9996752922103743,0.3174964535853115,4184,4227,0.9904824893058242,False
bdce,loop-distribute,-0.0021041564690347236,-0.5781004305275776,0.5632118445803528,4159,4246,0.9904824893058242,False
bdce,loop-load-elim,-0.004867474190253074,-1.286492445780468,0.19830683019082945,4199,4179,0.9705585112162733,False
bdce,loop-sink,0.004245173464953289,1.1579506015169743,0.24691693161187114,4233,4235,0.9807287255775249,False
bdce,loop-unroll-and-jam,-0.005898547444852353,-1.6008989844836001,0.10943689851018577,4248,4163,0.9298842796600941,False
bdce,hotcoldsplit,-0.004949541492145937,-1.3425170795862362,0.1794650299957101,4191,4131,0.9705585112162733,False
bdce,irce,0.005458466969871734,1.4391603998683664,0.15014313723369357,4232,4044,0.9705585112162733,False
bdce,nary-reassociate,-0.0015431098016507883,-0.4109733841110698,0.6811026124487168,4138,4206,0.9904824893058242,False
bdce,scalarizer,-0.004354834052039291,-1.1804632806204856,0.23784959195922542,4243,4130,0.9758672781286067,False
bdce,vector-combine,-0.0008383419842643014,-0.22302233230926322,0.8235235923250223,4183,4160,0.9930288168050652,False
bdce,always-inline,0.0033728880055133303,0.9290363096499862,0.3528967881601715,4260,4220,0.9904824893058242,False
bdce,globalsplit,-0.0007947218944332479,-0.21398151457135253,0.8305666144097481,4222,4267,0.9939033925017995,False
bdce,lowerswitch,-0.005665770604719955,-1.517868972142831,0.12908486602115637,4281,4166,0.9572881463934645,False
bdce,early-cse-memssa,-0.000919914602574845,-0.3389211623546228,0.7346776518883188,4185,4166,0.9925991244200286,False
bdce,simple-loop-unswitch,0.0002549194838872282,0.07100234961049519,0.9433975330338781,4302,4321,0.9987622411976728,False
bdce,loop-versioning,-0.0018503514680052735,-0.4949936178559569,0.6206174214597369,4257,4246,0.9904824893058242,False
bdce,loop-flatten,0.0021965690918231973,0.5683818293652723,0.5697912644728673,4067,4158,0.9904824893058242,False
bdce,loop-reroll,0.006140388216701154,1.6031674041115285,0.10893528040427872,4339,4115,0.9298842796600941,False
bdce,loop-instsimplify,0.0001232149180908637,0.03333376527982735,0.9734092237906609,4181,4180,0.9990475216511701,False
bdce,loop-simplifycfg,0.011189543905656019,3.0246191450278754,0.0024969066903699384,4267,4237,0.35018116819408174,False
bdce,loop-predication,-0.003492014401234478,-0.9201698651626111,0.3575105435114531,4202,4162,0.9904824893058242,False
bdce,speculative-execution,-0.0037589441757584496,-0.9880060705908535,0.323178441765939,4166,4153,0.9904824893058242,False
bdce,partially-inline-libcalls,0.0008575635529917136,0.22904641839345774,0.818838497184885,4134,4154,0.9930288168050652,False
bdce,load-store-vectorizer,0.0017434481232085908,0.46369730150656463,0.6428767672171654,4193,4160,0.9904824893058242,False
bdce,iroutliner,-0.0018695004955225913,-0.49639698636488905,0.6196275446285731,4141,4134,0.9904824893058242,False
bdce,global-merge,-0.00099568334181388,-0.27121239554469934,0.7862343353237436,4171,4243,0.9930288168050652,False
bdce,break-crit-edges,-3.864821654120387e-05,-0.010457262394117879,0.9916567087797199,4213,4307,0.9990475216511701,False
bdce,unreachableblockelim,-0.00649291110425626,-1.7094032073452454,0.08741295262931865,4267,4201,0.9223771155217892,False
ipsccp,correlated-propagation,0.004515587366659524,1.2004343210384674,0.2300048257021596,4189,4167,0.9745114828179076,False
ipsccp,mem2reg,0.0026443508324210385,1.0193066830748276,0.3080865031583532,4224,4261,0.9904824893058242,False
ipsccp,sroa,-0.004074928807767719,-1.571264138308165,0.1161593432753001,4077,4324,0.9352659276973905,False
ipsccp,instsimplify,0.00034696993939187237,0.09540043045671517,0.9239990738822033,4109,4206,0.9962685063900011,False
ipsccp,constmerge,0.004136082685673503,1.0988367893730935,0.2718709083502703,4186,4179,0.9904824893058242,False
ipsccp,function-attrs,0.002184429743323002,0.5840762839713749,0.5591843737544042,4306,4260,0.9904824893058242,False
ipsccp,deadargelim,-0.003648232994446776,-0.9572997959230056,0.3384438494273404,4164,4140,0.9904824893058242,False
ipsccp,globaldce,-0.0013857406126884242,-0.3608838062363056,0.7181955434364257,4096,4187,0.9925991244200286,False
ipsccp,elim-avail-extern,-0.0030245803037261543,-0.7952793099084287,0.4264736499332072,4082,4276,0.9904824893058242,False
ipsccp,mergefunc,-0.002066285871282547,-0.5567908220123878,0.577685162946846,4234,4184,0.9904824893058242,False
ipsccp,instcombine,0.005950538802306948,1.8949971011988784,0.05812763757751914,4112,4165,0.9214183220099281,False
ipsccp,simplifycfg,-0.0012951850857617075,-0.3409639204034409,0.7331393641165203,4198,4123,0.9925991244200286,False
ipsccp,tailcallelim,0.0016970117896186188,0.44526390902776253,0.6561405964234738,4253,4104,0.9904824893058242,False
ipsccp,reassociate,-0.005419967294633676,-1.4063835189153637,0.15964786761298036,4142,4125,0.9705585112162733,False
ipsccp,memcpyopt,0.0020235404209389962,0.5322265655772296,0.5945830333927868,4249,4233,0.9904824893058242,False
ipsccp,sccp,-0.003252882058089379,-0.8731016018450889,0.3826330710769786,4228,4049,0.9904824893058242,False
ipsccp,dce,-0.00104143708790988,-0.2723930803315761,0.7853265690914991,4144,4183,0.9930288168050652,False
ipsccp,adce,0.0013057137528201812,0.3522541180448007,0.7246566445161451,4045,4311,0.9925991244200286,False
ipsccp,dse,0.003899223008730801,1.0422941989425436,0.29730543172223467,4329,4142,0.9904824893058242,False
ipsccp,jump-threading,0.006140807444528884,1.6655429325434967,0.0958418370689092,4188,4204,0.9223771155217892,False
ipsccp,loop-idiom,0.00690230313257062,1.854218639355598,0.06374265475986357,4217,4252,0.9214183220099281,False
ipsccp,loop-deletion,0.0031357844650735656,0.8220204173962629,0.41108866794832566,4175,4206,0.9904824893058242,False
ipsccp,gvn,-0.003234196829125069,-1.1060371745066784,0.26874216553769853,4128,4259,0.9904824893058242,False
ipsccp,gvn-hoist,-0.002032273068099222,-0.5498084797555441,0.5824652827127946,4268,4183,0.9904824893058242,False
ipsccp,gvn-sink,-4.454796850217324e-05,-0.011931337179519491,0.9904806789513785,4226,4204,0.9990475216511701,False
ipsccp,newgvn,-0.0032988153847570145,-1.1781597144312888,0.23876686779264578,4172,4135,0.9760031881795417,False
ipsccp,early-cse,-0.004958430387331403,-1.492423343176193,0.13562572158469083,4189,4232,0.95758018139933,False
ipsccp,mergereturn,-0.0033030576934184874,-0.8831063078437769,0.37720432227910544,4166,4168,0.9904824893058242,False
ipsccp,globalopt,-0.004218423888882772,-1.0701281618294645,0.2845930819031033,4099,4121,0.9904824893058242,False
ipsccp,strip-dead-prototypes,0.003287244397536526,0.8749880136089903,0.3816055564227277,4193,4182,0.9904824893058242,False
ipsccp,indvars,0.006385478362004426,1.7019706949514788,0.08879783775092782,4214,4209,0.9223771155217892,False
ipsccp,mergeicmps,-0.004795102637582538,-1.2429045241569827,0.21393825163710709,4149,4141,0.9705585112162733,False
ipsccp,separate-const-offset-from-gep,-0.0027491101832173293,-0.752871298061619,0.45154780039920384,4265,4373,0.9904824893058242,False
ipsccp,libcalls-shrinkwrap,0.0011338691664639078,0.30238286731373837,0.7623678710265531,4138,4077,0.9930288168050652,False
ipsccp,flattencfg,-0.002871208092056543,-0.7548377203357006,0.4503674566244785,4165,4291,0.9904824893058242,False
ipsccp,loop-reduce,0.005891490346727424,1.5945750835558552,0.11084401103881164,4314,4294,0.9298842796600941,False
ipsccp,loop-unroll,-0.003225911920512914,-0.8338009723302621,0.40441636008559406,4247,4339,0.9904824893058242,False
ipsccp,loop-rotate,-0.0048238810523297815,-1.2254590991309529,0.22043677966314093,4147,4224,0.9705585112162733,False
ipsccp,partial-inliner,0.00030972263605455463,0.0848547101028804,0.9323789090099133,4304,4151,0.9970496471007156,False
ipsccp,lower-expect,-0.0018446130771539448,-0.4931003529061848,0.6219545797737961,4159,4239,0.9904824893058242,False
ipsccp,alignment-from-assumptions,-0.004706942214164733,-1.2495873386160585,0.211485433590909,4133,4205,0.9705585112162733,False
ipsccp,rpo-function-attrs,0.006796251397132136,1.8278973293991985,0.06760044151278405,4168,4228,0.9223771155217892,False
ipsccp,attributor,-0.0020883757278343795,-0.622622473455878,0.5335495241789707,4196,4223,0.9904824893058242,False
ipsccp,inferattrs,0.002946501003372959,0.7831179156716351,0.43357963139550604,4263,4263,0.9904824893058242,False
ipsccp,called-value-propagation,0.0037631219139651617,1.0110442947983198,0.3120246400682355,4247,4106,0.9904824893058242,False
ipsccp,licm,-0.001172995512142505,-0.30225757908251033,0.7624633733814746,4145,4070,0.9930288168050652,False
ipsccp,loop-simplify,0.001583907915738647,0.422461479661037,0.6726989722996213,4240,4208,0.9904824893058242,False
ipsccp,div-rem-pairs,-0.0018634487021695345,-0.49883684990429566,0.6179072665813642,4303,4186,0.9904824893058242,False
ipsccp,float2int,0.002685872298107961,0.7113242698138734,0.47690301089472953,4160,4266,0.9904824893058242,False
ipsccp,inline,0.0018981297528795071,0.49183391655366215,0.6228498992131613,4150,4070,0.9904824893058242,False
ipsccp,sink,0.002172923852634956,0.57383640084001,0.5660940720678042,4149,4148,0.9904824893058242,False
ipsccp,loop-vectorize,0.0018867857808507749,0.4988705526452484,0.6178837444286085,4122,4222,0.9904824893058242,False
ipsccp,slp-vectorizer,0.003715769533661817,0.9819830642705112,0.3261366790713236,4262,4094,0.9904824893058242,False
ipsccp,callsite-splitting,0.0006457564448343334,0.16813918564023247,0.8664778590643956,4179,4166,0.9939394641716258,False
ipsccp,dfa-jump-threading,0.0025623767311054313,0.6673892596137244,0.5045422475488286,4101,4129,0.9904824893058242,False
ipsccp,consthoist,0.0033303910849123985,0.8743581024979503,0.3819483245611374,4174,4220,0.9904824893058242,False
ipsccp,mldst-motion,-0.0004664403341343437,-0.1266710210803585,0.899203810027378,4320,4126,0.9961990294109887,False
ipsccp,slsr,-0.0016281788986968748,-0.43696192827336083,0.6621502551720256,4188,4169,0.9904824893058242,False
ipsccp,loop-interchange,0.004076738972062788,1.0985457979055948,0.27199789088528,4187,4172,0.9904824893058242,False
ipsccp,loop-fusion,0.00840691887422168,2.3117108370953754,0.020817489256349186,4134,4349,0.8732152050064295,False
ipsccp,loop-distribute,-0.0009213720233829381,-0.2418522290758837,0.8089006366134246,4117,4199,0.9930288168050652,False
ipsccp,loop-load-elim,0.0010670017403059395,0.2822956849707366,0.7777238499699901,4140,4145,0.9930288168050652,False
ipsccp,loop-sink,-0.000702135794918568,-0.18499353900796695,0.8532385523343083,4227,4209,0.9939385410125189,False
ipsccp,loop-unroll-and-jam,0.0005137680974052761,0.133710575070504,0.8936346637403959,4250,4106,0.9961990294109887,False
ipsccp,hotcoldsplit,0.004571174877919193,1.2348075952868363,0.21693597914851703,4222,4349,0.9705585112162733,False
ipsccp,irce,-0.005397157951318454,-1.422049661453521,0.15504935247307663,4115,4200,0.9705585112162733,False
ipsccp,nary-reassociate,0.0006178306263260325,0.1683927800166142,0.8662783785669753,4118,4211,0.9939394641716258,False
ipsccp,scalarizer,0.0016033835269322338,0.4278705637507163,0.668756194596036,4252,4258,0.9904824893058242,False
ipsccp,vector-combine,-0.004394541210406666,-1.1907639856432823,0.23377936954849865,4252,4285,0.9745114828179076,False
ipsccp,always-inline,-0.0022015497380656335,-0.5914510290268862,0.5542340320493434,4294,4185,0.9904824893058242,False
ipsccp,globalsplit,-0.0013645445547150192,-0.3605833399737278,0.7184199993958038,4190,4233,0.9925991244200286,False
ipsccp,lowerswitch,0.004725824870308315,1.25339003745687,0.21009862630648676,4222,4201,0.9705585112162733,False
ipsccp,early-cse-memssa,-0.003085835021531369,-1.1788679345891175,0.23848441909322693,4208,4137,0.9758672781286067,False
ipsccp,simple-loop-unswitch,-0.004817756030046583,-1.298788130480789,0.19405249236088082,4225,4140,0.9705585112162733,False
ipsccp,loop-versioning,-0.0006576624080535387,-0.17411934916948366,0.8617758611670018,4218,4189,0.9939385410125189,False
ipsccp,loop-flatten,0.0009509384170285906,0.2515522529648884,0.8013934062923644,4091,4198,0.9930288168050652,False
ipsccp,loop-reroll,-0.0027988878756625146,-0.7388830133404675,0.45999891951956473,4171,4137,0.9904824893058242,False
ipsccp,loop-instsimplify,-0.006753737054766118,-1.8156918636403923,0.06945371468555081,4146,4188,0.9223771155217892,False
ipsccp,loop-simplifycfg,-0.007946187927788173,-2.1175937601054846,0.03423832682801787,4281,4260,0.8825311530906069,False
ipsccp,loop-predication,0.0044478563811463645,1.1879577782177333,0.23488345751160783,4250,4204,0.9745114828179076,False
ipsccp,speculative-execution,-0.0006108676894655551,-0.16331244301381467,0.8702763873071773,4327,4076,0.9939394641716258,False
ipsccp,partially-inline-libcalls,0.003015744467132375,0.8158713773696857,0.4145968953318092,4246,4151,0.9904824893058242,False
ipsccp,load-store-vectorizer,-0.0039017626204761457,-1.0626887100444462,0.28795315799261145,4216,4346,0.9904824893058242,False
ipsccp,iroutliner,-0.00123654130942763,-0.3262673317198015,0.744230355274894,4138,4149,0.9930288168050652,False
ipsccp,global-merge,-0.0004492033452604405,-0.1159043058346488,0.9077312089437637,4105,4133,0.9961990294109887,False
ipsccp,break-crit-edges,-0.00588629383428485,-1.5296181680148506,0.1261493458783805,4219,4113,0.9571011169933062,False
ipsccp,unreachableblockelim,-0.006274558350038928,-1.6747810450337943,0.09401417786072346,4282,4193,0.9223771155217892,False
correlated-propagation,mem2reg,0.0009204030169231991,0.3666521346549846,0.7138876633979458,4258,4226,0.9924654586614432,False
correlated-propagation,sroa,-0.0013802923208195983,-0.5255266920685624,0.5992307451231146,4257,4299,0.9904824893058242,False
correlated-propagation,instsimplify,-0.004763422990467836,-1.3461705485679851,0.17828475419297954,4111,4091,0.9705585112162733,False
correlated-propagation,constmerge,0.0033111851573440765,0.9110334177380675,0.3623034804866649,4215,4332,0.9904824893058242,False
correlated-propagation,function-attrs,0.003522054700960009,0.96924771945455,0.3324493525069794,4191,4262,0.9904824893058242,False
correlated-propagation,deadargelim,-0.0007472899239181485,-0.2001729644249623,0.8413501323320495,4253,4203,0.9939033925017995,False
correlated-propagation,globaldce,0.007700245825027485,2.0953411588536155,0.03617060099772787,4203,4185,0.8825311530906069,False
correlated-propagation,elim-avail-extern,-0.0034492996330934833,-0.9033845643528352,0.3663479985362666,4187,4139,0.9904824893058242,False
correlated-propagation,mergefunc,-0.001171630412590774,-0.3136870268387677,0.7537664481038896,4204,4303,0.9930288168050652,False
correlated-propagation,instcombine,0.00039252504008724376,0.12450049445457617,0.9009219622732803,4214,4266,0.9961990294109887,False
correlated-propagation,simplifycfg,-0.0013845713544091143,-0.37666613817824107,0.7064312694662315,4245,4147,0.9911805271335586,False
correlated-propagation,tailcallelim,0.0009377017958485667,0.2497654991447857,0.8027749217699199,4087,4166,0.9930288168050652,False
correlated-propagation,reassociate,0.003487979846198641,0.9464162522470061,0.34396332283529607,4172,4325,0.9904824893058242,False
correlated-propagation,memcpyopt,0.0013306366505694833,0.35867650675869833,0.7198461868779604,4145,4200,0.9925991244200286,False
correlated-propagation,sccp,0.0011044003308433026,0.29575690369568863,0.7674231096926705,4187,4145,0.9930288168050652,False
correlated-propagation,dce,0.0017293173246157312,0.4675815672380757,0.6400961922645603,4131,4151,0.9904824893058242,False
correlated-propagation,adce,0.0005176764312445625,0.13986457373596778,0.8887703638735852,4093,4306,0.9956078215606885,False
correlated-propagation,dse,0.002860145727748009,0.7595127402714148,0.4475675129764083,4117,4170,0.9904824893058242,False
correlated-propagation,jump-threading,-0.0010642203627904134,-0.27343747947684033,0.7845236839348755,4169,4223,0.9930288168050652,False
correlated-propagation,loop-idiom,-0.004083191780785589,-1.0938724600391967,0.27404231615736185,4198,4198,0.9904824893058242,False
correlated-propagation,loop-deletion,0.0032182119890676875,0.8679396721274415,0.38545232019189307,4167,4187,0.9904824893058242,False
correlated-propagation,gvn,-0.00010967874527562094,-0.038773372153011916,0.9690719981096739,4176,4220,0.9990475216511701,False
correlated-propagation,gvn-hoist,-0.0018560279276769176,-0.5133687010165204,0.6077070244839706,4310,4055,0.9904824893058242,False
correlated-propagation,gvn-sink,-0.005475780914455719,-1.4626287691005397,0.14360654688410465,4168,4201,0.95758018139933,False
correlated-propagation,newgvn,0.0015603140648454694,0.5905283677632771,0.5548525446764065,4200,4124,0.9904824893058242,False
correlated-propagation,early-cse,0.0016275086189411758,0.5034899661856609,0.6146329921553343,4145,4285,0.9904824893058242,False
correlated-propagation,mergereturn,0.007416111347952614,1.9996212212940525,0.04557366112012742,4122,4194,0.9119822292272008,False
correlated-propagation,globalopt,-0.001494839871717668,-0.40291659125140694,0.6870198164994565,4296,4129,0.9904824893058242,False
correlated-propagation,strip-dead-prototypes,-0.000759249946097218,-0.20716105515356298,0.83588910332948,4252,4152,0.9939033925017995,False
correlated-propagation,indvars,0.004090122477336755,1.0770188762415671,0.2815033391701937,4165,4105,0.9904824893058242,False
correlated-propagation,mergeicmps,-0.0010631764139790723,-0.27510590961488474,0.783241656280006,4234,4153,0.9930288168050652,False
correlated-propagation,separate-const-offset-from-gep,0.002706702403733774,0.7268322406797472,0.46734895352385947,4189,4244,0.9904824893058242,False
correlated-propagation,libcalls-shrinkwrap,0.0017453417898609658,0.46386464690611207,0.6427569637253298,4087,4175,0.9904824893058242,False
correlated-propagation,flattencfg,0.0025589548986217903,0.6966072318550901,0.48606781557418793,4243,4198,0.9904824893058242,False
correlated-propagation,loop-reduce,0.00223500352720557,0.6044167437115343,0.545583056186199,4185,4153,0.9904824893058242,False
correlated-propagation,loop-unroll,-0.007879381840835697,-2.02932923892537,0.042456418171199765,4179,4184,0.9119822292272008,False
correlated-propagation,loop-rotate,-0.003524179913243608,-0.9053903370355382,0.36528515390661004,4105,4123,0.9904824893058242,False
correlated-propagation,partial-inliner,0.0003398942416618089,0.0924333578248798,0.926355923259919,4160,4324,0.9962685063900011,False
correlated-propagation,lower-expect,-0.0012540520021344648,-0.3299372635285562,0.7414557949667233,4120,4083,0.9930288168050652,False
correlated-propagation,alignment-from-assumptions,0.001995298586245031,0.5374515314964056,0.5909699951247768,4247,4154,0.9904824893058242,False
correlated-propagation,rpo-function-attrs,-0.0019873811420226817,-0.5543465951136742,0.5793562547984967,4266,4236,0.9904824893058242,False
correlated-propagation,attributor,0.004972713360727632,1.5077191007663069,0.1316653648415218,4165,4050,0.9572881463934645,False
correlated-propagation,inferattrs,0.0007638817135434128,0.20169137690749284,0.840162871262474,4166,4266,0.9939033925017995,False
correlated-propagation,called-value-propagation,-0.0030817993695107515,-0.8324259826976139,0.4051918586879526,4305,4228,0.9904824893058242,False
correlated-propagation,licm,-0.00375526856352032,-1.0120517602333883,0.3115425104838589,4234,4155,0.9904824893058242,False
correlated-propagation,loop-simplify,0.002048328756602491,0.5486838415372364,0.5832368692094125,4286,4224,0.9904824893058242,False
correlated-propagation,div-rem-pairs,-0.0031197686318284457,-0.8472465373054471,0.3968813390208267,4353,4241,0.9904824893058242,False
correlated-propagation,float2int,-0.009621248271046878,-2.59437858665719,0.009492550903846887,4289,4175,0.6758696243538983,False
correlated-propagation,inline,0.008169677680265441,2.1993279201399516,0.027881791424478095,4254,4152,0.8825311530906069,False
correlated-propagation,sink,-0.002064586873356755,-0.5382405764668704,0.5904251887238334,4234,4194,0.9904824893058242,False
correlated-propagation,loop-vectorize,0.004539506928924131,1.2365189383079318,0.21630005737427677,4216,4246,0.9705585112162733,False
correlated-propagation,slp-vectorizer,0.0059007982507961465,1.630235188490201,0.1030889570895106,4151,4334,0.9298842796600941,False
correlated-propagation,callsite-splitting,0.007181558378390573,1.9237314480869634,0.05442137154198663,4263,4306,0.9205345724027795,False
correlated-propagation,dfa-jump-threading,-0.0009681350121171772,-0.2687745794496955,0.7881097789357245,4223,4152,0.9930288168050652,False
correlated-propagation,consthoist,0.00042958558819977677,0.11494311397342477,0.908492957561523,4166,4244,0.9961990294109887,False
correlated-propagation,mldst-motion,-0.006593670130760287,-1.788225708017371,0.07377580400777815,4243,4119,0.9223771155217892,False
correlated-propagation,slsr,-0.004617898803463194,-1.2509109053922995,0.21100152052297788,4233,4243,0.9705585112162733,False
correlated-propagation,loop-interchange,0.004882226301350101,1.2885405323796248,0.19759376224216907,4143,4165,0.9705585112162733,False
correlated-propagation,loop-fusion,-0.00035897405441503993,-0.09435029867581884,0.9248331669578814,4120,4210,0.9962685063900011,False
correlated-propagation,loop-distribute,-0.0032048748109566594,-0.8806962399741483,0.37850687464135124,4266,4332,0.9904824893058242,False
correlated-propagation,loop-load-elim,-0.003713756776920152,-1.005872186327004,0.3145060993844569,4228,4155,0.9904824893058242,False
correlated-propagation,loop-sink,0.0011231942594400746,0.30115441881572275,0.7633044257329187,4085,4070,0.9930288168050652,False
correlated-propagation,loop-unroll-and-jam,-0.0013552646569435778,-0.3652890917577145,0.7149049009785885,4145,4182,0.9924654586614432,False
correlated-propagation,hotcoldsplit,0.0047357752933468444,1.2839741196532841,0.19918626059832212,4251,4194,0.9705585112162733,False
correlated-propagation,irce,0.0012956631833527799,0.3484028799482167,0.7275462883734816,4307,4176,0.9925991244200286,False
correlated-propagation,nary-reassociate,-0.00014788382392239008,-0.04057488616372685,0.9676357543765555,4260,4281,0.9990475216511701,False
correlated-propagation,scalarizer,-0.0003840396771996879,-0.10074880590024854,0.9197523072130707,4126,4156,0.9962685063900011,False
correlated-propagation,vector-combine,-0.0002293323365102906,-0.062027363329113384,0.9505425011744434,4294,4206,0.9987622411976728,False
correlated-propagation,always-inline,0.0004408382720907378,0.11512816369892843,0.9083463220361732,4192,4116,0.9961990294109887,False
correlated-propagation,globalsplit,-0.002184966145577505,-0.5954116309612567,0.5515840028576556,4245,4368,0.9904824893058242,False
correlated-propagation,lowerswitch,-0.00193337101722163,-0.5196610642501867,0.6033134398851371,4221,4232,0.9904824893058242,False
correlated-propagation,early-cse-memssa,-1.0566116298904582e-05,-0.003875523814118705,0.9969078782813844,4303,4191,0.9990475216511701,False
correlated-propagation,simple-loop-unswitch,-0.0009103617419585763,-0.2438825490438829,0.8073277710785101,4147,4213,0.9930288168050652,False
correlated-propagation,loop-versioning,0.003113039204419743,0.8244718169775844,0.40969517109821346,4195,4135,0.9904824893058242,False
correlated-propagation,loop-flatten,0.00021368272442690017,0.05854857298585402,0.9533130707569563,4193,4190,0.9987622411976728,False
correlated-propagation,loop-reroll,-0.00919369435248335,-2.4317810459057316,0.015045501693284377,4229,4194,0.8163479239936102,False
correlated-propagation,loop-instsimplify,-0.007708694080680201,-2.008304110572352,0.04464351844097752,4100,4152,0.9119822292272008,False
correlated-propagation,loop-simplifycfg,0.005557229726740387,1.486870500774258,0.13708606575613294,4243,4269,0.95758018139933,False
correlated-propagation,loop-predication,-0.0009136467304688978,-0.25315236017608167,0.8001566216052873,4237,4237,0.9930288168050652,False
correlated-propagation,speculative-execution,0.0014609341162092893,0.3941468107444247,0.6934828261932615,4090,4237,0.9904824893058242,False
correlated-propagation,partially-inline-libcalls,-0.0015656859941443058,-0.4137550282808592,0.679063899393131,4285,4271,0.9904824893058242,False
correlated-propagation,load-store-vectorizer,-0.004511877977308287,-1.1703118144876326,0.2419084887739438,4333,4126,0.9797934796429284,False
correlated-propagation,iroutliner,-0.0036807278447636427,-0.9817062580714166,0.32627287186694054,4178,4219,0.9904824893058242,False
correlated-propagation,global-merge,-0.0059673986098923715,-1.6180769293546169,0.10568319895858616,4280,4208,0.9298842796600941,False
correlated-propagation,break-crit-edges,0.0010318879385468605,0.2647219797780812,0.7912301693998078,4163,4272,0.9930288168050652,False
correlated-propagation,unreachableblockelim,-0.0013908656964164434,-0.3786000538131702,0.7049945290629877,4179,4155,0.9904824893058242,False
mem2reg,sroa,0.0011387868593727424,0.45527744789049607,0.648921391186031,4259,4273,0.9904824893058242,False
mem2reg,instsimplify,0.0002236859133179503,0.08994944129716413,0.928329559355759,4213,4151,0.9962685063900011,False
mem2reg,constmerge,-0.0034238962572457066,-1.3576968915710608,0.1745958004066404,4308,4224,0.9705585112162733,False
mem2reg,function-attrs,0.007186290149140517,2.751060351536384,0.005952936136333443,4247,4199,0.5630424489252757,False
mem2reg,deadargelim,-7.88406970766431e-05,-0.031244039121287297,0.9750756649471956,4314,4167,0.9990475216511701,False
mem2reg,globaldce,0.004826484536551989,1.877671452635283,0.06046211208836445,4180,4144,0.9214183220099281,False
mem2reg,elim-avail-extern,0.002975617621842952,1.1911791018340248,0.2336170544941467,4209,4165,0.9745114828179076,False
mem2reg,mergefunc,-0.0015028552711395804,-0.579295814849857,0.5624054093244469,4168,4112,0.9904824893058242,False
mem2reg,instcombine,-0.0007563550538993713,-0.29761782828823846,0.7660022294513155,4264,4287,0.9930288168050652,False
mem2reg,simplifycfg,0.004329800035759779,1.6385845060171964,0.1013373690158213,4208,4174,0.9298842796600941,False
mem2reg,tailcallelim,0.0005680979595349411,0.2255595268367111,0.8215495134020281,4168,4242,0.9930288168050652,False
mem2reg,reassociate,0.003850016523829769,1.549580182861212,0.12127988898072516,4222,4224,0.9450525586222891,False
mem2reg,memcpyopt,-0.004172208554384271,-1.6416372636628502,0.1007027099281417,4288,4146,0.9298842796600941,False
mem2reg,sccp,-0.0002050084548334552,-0.07834329935065963,0.937556869750978,4119,4165,0.9987146011758271,False
mem2reg,dce,0.002651001033983913,1.0260330937599549,0.3049055348480009,4221,4184,0.9904824893058242,False
mem2reg,adce,0.0005134687060414089,0.195747131214943,0.844812814601061,4330,4175,0.9939385410125189,False
mem2reg,dse,-0.001252075013198517,-0.46115192441173797,0.6447015708651932,4187,4207,0.9904824893058242,False
mem2reg,jump-threading,0.002989802912985673,1.240354139524708,0.21487898596409347,4043,4391,0.9705585112162733,False
mem2reg,loop-idiom,-0.00178882780417422,-0.7103830462316205,0.47748623347827585,4263,4199,0.9904824893058242,False
mem2reg,loop-deletion,-0.0015176745196404662,-0.5814524986296785,0.5609514731702615,4098,4193,0.9904824893058242,False
mem2reg,gvn,0.007263220911387314,2.9969983117742984,0.002734482439035082,4186,4228,0.3521319619790989,False
mem2reg,gvn-hoist,-0.0007937015758613941,-0.3180060134246204,0.7504882661455525,4226,4196,0.9930288168050652,False
mem2reg,gvn-sink,-0.0015238313188005725,-0.6315573677300186,0.5276932681733028,4220,4222,0.9904824893058242,False
mem2reg,newgvn,-0.0037769408102446556,-1.5042183471293207,0.13256329737991054,4257,4147,0.9572881463934645,False
mem2reg,early-cse,0.010872652840404617,4.229084342076278,2.3719070063662464e-05,4117,4155,0.005463757551135423,True
mem2reg,mergereturn,0.004472234031945743,1.69534856158911,0.09004759234890042,4232,4089,0.9223771155217892,False
mem2reg,globalopt,0.001920768279241425,0.7124587794313352,0.4762009022369003,4137,4136,0.9904824893058242,False
mem2reg,strip-dead-prototypes,-0.0010833023690866028,-0.4352036713104329,0.6634255652721672,4244,4322,0.9904824893058242,False
mem2reg,indvars,0.004028779806883487,1.6090177411308593,0.1076501946850033,4104,4274,0.9298842796600941,False
mem2reg,mergeicmps,-0.002132279551888383,-0.8454008639711829,0.3979115152549865,4069,4218,0.9904824893058242,False
mem2reg,separate-const-offset-from-gep,-0.0009135149744592952,-0.34166722988629966,0.732609970677157,4246,4159,0.9925991244200286,False
mem2reg,libcalls-shrinkwrap,-0.003787292433254763,-1.4077562154965075,0.15924085529414583,4200,4104,0.9705585112162733,False
mem2reg,flattencfg,-0.0004701538400433969,-0.19044581153476892,0.8489644491874212,4165,4156,0.9939385410125189,False
mem2reg,loop-reduce,-0.000878611144446928,-0.3697080366310162,0.7116093553361653,4166,4253,0.9916947457282645,False
mem2reg,loop-unroll,-0.011959702571019026,-3.7809485087150057,0.00015731739187696837,4269,4158,0.030802745329510405,True
mem2reg,loop-rotate,-0.0019177499410582555,-0.6939810943929389,0.4877130770334814,4210,4280,0.9904824893058242,False
mem2reg,partial-inliner,-0.003865652376883022,-1.4828132850611033,0.13816250765629254,4131,4062,0.95758018139933,False
mem2reg,lower-expect,0.0021070052021382457,0.8550682746699125,0.39253787052555816,4206,4162,0.9904824893058242,False
mem2reg,alignment-from-assumptions,0.0005488835143631632,0.21809477854732226,0.8273606398961971,4205,4083,0.9939033925017995,False
mem2reg,rpo-function-attrs,0.0011879027370478856,0.47030203507480783,0.6381515983819679,4087,4278,0.9904824893058242,False
mem2reg,attributor,0.0070349912038203954,2.623715508776279,0.008713397046804738,4214,4182,0.6572667071229729,False
mem2reg,inferattrs,-0.0002793566993464225,-0.11263471803155857,0.91032284250115,4247,4181,0.9961990294109887,False
mem2reg,called-value-propagation,0.0012533413211338051,0.48230284260047357,0.6296034450569383,4115,4254,0.9904824893058242,False
mem2reg,licm,0.00880406055713262,3.496366810775442,0.0004741072713676214,4180,4168,0.08840971784169549,False
mem2reg,loop-simplify,0.00025383494379910276,0.09847253573036056,0.9215594228741526,4249,4176,0.9962685063900011,False
mem2reg,div-rem-pairs,-0.0001587234077271571,-0.06249076974768568,0.9501734831918006,4265,4257,0.9987622411976728,False
mem2reg,float2int,-0.000937905601098521,-0.38297042610196147,0.7017514705733664,4074,4347,0.9904824893058242,False
mem2reg,inline,0.0015005514840902845,0.6026468263262797,0.5467602423948793,4101,4294,0.9904824893058242,False
mem2reg,sink,0.0002765041184993877,0.10893213076178207,0.9132589110889456,4159,4298,0.9961990294109887,False
mem2reg,loop-vectorize,-0.0058288682861615815,-2.3247288226494316,0.020110280556702945,4162,4229,0.8715757634462717,False
mem2reg,slp-vectorizer,0.0032321158343368017,1.2215702582493606,0.22190455746041482,4258,4121,0.9709254156592004,False
mem2reg,callsite-splitting,0.0014593393161189683,0.571599995168032,0.567608223721906,4161,4294,0.9904824893058242,False
mem2reg,dfa-jump-threading,-0.00675101859056354,-2.550110369545008,0.010786811622871331,4131,4144,0.6952908493072808,False
mem2reg,consthoist,0.0011554988906301022,0.44491871867892563,0.6563900662452392,4211,4114,0.9904824893058242,False
mem2reg,mldst-motion,-0.0009064431076536428,-0.3644047150456706,0.7155649499661756,4317,4156,0.9924654586614432,False
mem2reg,slsr,-0.001830953390924317,-0.7527429089877843,0.45162526855019597,4316,4188,0.9904824893058242,False
mem2reg,loop-interchange,-0.0009668248007708158,-0.36712636574715124,0.7135341577992722,4151,4178,0.9924654586614432,False
mem2reg,loop-fusion,-0.00019746647260993067,-0.07641875503226951,0.9390877873291478,4198,4135,0.9987146011758271,False
mem2reg,loop-distribute,-0.0013008000524699082,-0.5102138794083954,0.6099152729322085,4286,4048,0.9904824893058242,False
mem2reg,loop-load-elim,-0.0002480489642750494,-0.09453608057940018,0.9246855888226067,4118,4246,0.9962685063900011,False
mem2reg,loop-sink,0.0011498949639914824,0.4255224561629935,0.6704668104907613,4200,4232,0.9904824893058242,False
mem2reg,loop-unroll-and-jam,0.0030085007696068478,1.2325101578819433,0.21779344977857065,4138,4178,0.9705585112162733,False
mem2reg,hotcoldsplit,0.005178139509637303,2.1114662617215707,0.0347619059273893,4186,4175,0.8825311530906069,False
mem2reg,irce,-0.00014802731751217824,-0.05615205959013168,0.9552220208912716,4167,4185,0.9988383000828357,False
mem2reg,nary-reassociate,-0.00041272064373731876,-0.16474344492629184,0.8691498959140135,4273,4153,0.9939394641716258,False
mem2reg,scalarizer,0.0009747377876870855,0.4019573704470201,0.6877256356267252,4137,4273,0.9904824893058242,False
mem2reg,vector-combine,-0.0009023820976134522,-0.3625026353820284,0.7169855560541782,4224,4215,0.9925991244200286,False
mem2reg,always-inline,-0.003094259467994742,-1.1749926777837425,0.24003050269491236,4297,4260,0.9781055656121507,False
mem2reg,globalsplit,0.0025564768891098155,1.0192829860708983,0.30809802425090477,4264,4142,0.9904824893058242,False
mem2reg,lowerswitch,-0.0016602001362844843,-0.629646875532884,0.5289426830413976,4111,4342,0.9904824893058242,False
mem2reg,early-cse-memssa,0.0031262789105239164,1.3347337751419603,0.18199948227276422,4389,4224,0.9705585112162733,False
mem2reg,simple-loop-unswitch,0.00104673422130247,0.4034057343449509,0.6866599746574281,4202,4255,0.9904824893058242,False
mem2reg,loop-versioning,0.00443062353820306,1.629504884555908,0.10324389952957741,4199,4180,0.9298842796600941,False
mem2reg,loop-flatten,0.0009684153693551023,0.3708516420474609,0.7107573621683734,4111,4314,0.9916947457282645,False
mem2reg,loop-reroll,0.0016267913024277658,0.6702628808946022,0.5027090368469224,4165,4115,0.9904824893058242,False
mem2reg,loop-instsimplify,-0.0016746890596553432,-0.6644868733230948,0.5063969669644155,4248,4170,0.9904824893058242,False
mem2reg,loop-simplifycfg,0.0021227668427378776,0.8121790244458912,0.4167119955338645,4202,4193,0.9904824893058242,False
mem2reg,loop-predication,-0.0006896603214781027,-0.2573190512523604,0.7969389802491704,4072,4093,0.9930288168050652,False
mem2reg,speculative-execution,0.0010016830382325037,0.38265936960138003,0.7019820633484052,4261,4210,0.9904824893058242,False
mem2reg,partially-inline-libcalls,-0.0003990074505938468,-0.1519821846286485,0.8792046302544282,4263,4176,0.994650908707853,False
mem2reg,load-store-vectorizer,-0.002394528765244097,-0.9521779115681567,0.3410339713125003,4274,4189,0.9904824893058242,False
mem2reg,iroutliner,0.0066115902394058845,2.637795348014923,0.008360689052572298,4113,4077,0.6572667071229729,False
mem2reg,global-merge,0.0004332315288832489,0.1660726226849378,0.868103792883935,4203,4231,0.9939394641716258,False
mem2reg,break-crit-edges,-0.0013321626666333297,-0.5323595059679697,0.5944912770412049,4157,4149,0.9904824893058242,False
mem2reg,unreachableblockelim,-0.0008887868565011225,-0.34762263397465437,0.7281323494701172,4171,4210,0.9925991244200286,False
sroa,instsimplify,0.0019843802957285606,0.8066533469997278,0.419889547000221,4197,4091,0.9904824893058242,False
sroa,constmerge,-0.0005121354068282624,-0.1987675432013879,0.8424494151755134,4206,4256,0.9939059257285942,False
sroa,function-attrs,0.0013582874484435736,0.5277037954595534,0.5977190298395475,4162,4190,0.9904824893058242,False
sroa,deadargelim,-0.0008793798093941207,-0.3495955732386305,0.7266509534829411,4165,4283,0.9925991244200286,False
sroa,globaldce,0.00399474726070792,1.5979864056422415,0.11008389519140882,4203,4192,0.9298842796600941,False
sroa,elim-avail-extern,0.001948010415887047,0.7450481639651354,0.4562636237561359,4172,4160,0.9904824893058242,False
sroa,mergefunc,0.0016177027088646878,0.6374809676689105,0.5238292863233291,4133,4180,0.9904824893058242,False
sroa,instcombine,0.0029626001214678177,1.298422530844179,0.1941774861807818,4329,4174,0.9705585112162733,False
sroa,simplifycfg,0.0036117043253733883,1.4107146586858497,0.15836651810630575,4152,4090,0.9705585112162733,False
sroa,tailcallelim,0.00433882303126587,1.668647536032318,0.09522465548998578,4293,4184,0.9223771155217892,False
sroa,reassociate,-0.0011280294386061818,-0.43517213442906694,0.6634487182546164,4243,4253,0.9904824893058242,False
sroa,memcpyopt,0.0018709897899523709,0.7170305911523275,0.4733752090966174,4265,4143,0.9904824893058242,False
sroa,sccp,-0.0014256369849263706,-0.5357684462961109,0.5921331632659551,4103,4169,0.9904824893058242,False
sroa,dce,0.0034599739085304226,1.2874864356110238,0.19796229484234343,4132,4050,0.9705585112162733,False
sroa,adce,-0.002141782780084367,-0.8110918425346247,0.4173356854428243,4242,4256,0.9904824893058242,False
sroa,dse,-0.004836071830731592,-1.8598864549638083,0.06293737845963351,4203,4006,0.9214183220099281,False
sroa,jump-threading,0.0038055860729439006,1.4916485182857702,0.13582905718439459,4186,4173,0.95758018139933,False
sroa,loop-idiom,0.0012273573835662188,0.48281188728843,0.6292419003519419,4253,4175,0.9904824893058242,False
sroa,loop-deletion,-0.00025993253017558837,-0.09955254251431866,0.9207019652009464,4299,4096,0.9962685063900011,False
sroa,gvn,0.010658264346368074,4.352321525478718,1.3632574986607785e-05,4174,4132,0.0035590109098370725,True
sroa,gvn-hoist,0.0018843239099264886,0.7216866195200324,0.47050745889531487,4156,4165,0.9904824893058242,False
sroa,gvn-sink,-0.00037723511161469325,-0.14729311408231482,0.8829041843150466,4231,4262,0.994650908707853,False
sroa,newgvn,-0.0014486038144954083,-0.5806600254964236,0.5614854621735389,3992,4344,0.9904824893058242,False
sroa,early-cse,0.006825237044150001,2.87160150406475,0.004094061624948441,4268,4244,0.4219038242973182,False
sroa,mergereturn,0.0040375209660402644,1.4987286280235939,0.13398170151523905,4234,4228,0.9572881463934645,False
sroa,globalopt,-0.00042697436520250376,-0.16314291876956083,0.8704098555558609,4169,4186,0.9939394641716258,False
sroa,strip-dead-prototypes,0.001169175475502937,0.46284434299528815,0.6434879534053564,4162,4234,0.9904824893058242,False
sroa,indvars,0.0022229931359734056,0.9143035523814188,0.36058316898163206,4277,4311,0.9904824893058242,False
sroa,mergeicmps,0.0020715339236239694,0.8105463288271686,0.41765003604239714,4131,4228,0.9904824893058242,False
sroa,separate-const-offset-from-gep,5.962598104103378e-05,0.023000295448645992,0.9816505801206428,4240,4223,0.9990475216511701,False
sroa,libcalls-shrinkwrap,-0.001379706084016663,-0.5762472396647642,0.5644635932504561,4243,4168,0.9904824893058242,False
sroa,flattencfg,-0.0008648872287371212,-0.3393837055232038,0.7343291186268663,4260,4238,0.9925991244200286,False
sroa,loop-reduce,-0.0020337845005646282,-0.8218956485590031,0.4111597302056158,4217,4148,0.9904824893058242,False
sroa,loop-unroll,-0.016966109526483864,-5.564047983984222,2.7222705865766987e-08,4115,4285,1.0408981716223889e-05,True
sroa,loop-rotate,-0.0027935991662298987,-0.9244219876754247,0.35529384148644205,4123,4187,0.9904824893058242,False
sroa,partial-inliner,-3.290456338433945e-05,-0.013511023014377293,0.9892204127153315,4142,4249,0.9990475216511701,False
sroa,lower-expect,-0.0017004372776643906,-0.6348558017367119,0.5255405341361908,4029,4138,0.9904824893058242,False
sroa,alignment-from-assumptions,0.0013539898840934095,0.5519805001275923,0.5809763077229742,4296,4188,0.9904824893058242,False
sroa,rpo-function-attrs,-0.00022922824025256583,-0.09072645474105057,0.9277121284045022,4115,4247,0.9962685063900011,False
sroa,attributor,0.0013879087935578793,0.5465289434092209,0.5847170100420859,4289,4154,0.9904824893058242,False
sroa,inferattrs,0.003497956949841785,1.3630047316054161,0.17291778134951488,4272,4139,0.9705585112162733,False
sroa,called-value-propagation,0.003359661249457635,1.3805451452092639,0.16745520586479984,4316,4221,0.9705585112162733,False
sroa,licm,0.0077045144240923125,3.023768875608158,0.0025038490064949663,4333,4319,0.35018116819408174,False
sroa,loop-simplify,-1.4492997375659122e-05,-0.005724835048959346,0.9954324032306371,4178,4318,0.9990475216511701,False
sroa,div-rem-pairs,-0.00028024472179516424,-0.10907101153972422,0.9131488071270673,4088,4233,0.9961990294109887,False
sroa,float2int,0.00014912772242298145,0.05254307407130137,0.9580972522889377,4172,4177,0.9990475216511701,False
sroa,inline,-0.0010538183032792747,-0.41713075489052365,0.6765932219697403,4302,4275,0.9904824893058242,False
sroa,sink,-0.0032975242619988077,-1.2594963528831047,0.20788781835098516,4065,4254,0.9705585112162733,False
sroa,loop-vectorize,-0.0044049999131244855,-1.682068590806947,0.09259304461099786,4140,4262,0.9223771155217892,False
sroa,slp-vectorizer,0.00019897299517701583,0.07766411450112934,0.9380971174357116,4156,4273,0.9987146011758271,False
sroa,callsite-splitting,-0.003388733580578729,-1.3450891783985577,0.17863308699956146,4166,4159,0.9705585112162733,False
sroa,dfa-jump-threading,-0.0022709810135801978,-0.9521502709929023,0.34104852954487397,4109,4189,0.9904824893058242,False
sroa,consthoist,-0.0026750117893546976,-1.0033914249489992,0.3157016960587374,4120,4316,0.9904824893058242,False
sroa,mldst-motion,-0.00446380360623827,-1.8562389728316804,0.06345460589413497,4248,4137,0.9214183220099281,False
sroa,slsr,-0.0019828639497575518,-0.78698734153916,0.4313116462103149,4192,4185,0.9904824893058242,False
sroa,loop-interchange,0.00025605201040784786,0.10025990156943464,0.9201404069923931,4154,4179,0.9962685063900011,False
sroa,loop-fusion,-0.00023655019826845924,-0.09078027375194057,0.9276693541449573,4200,4184,0.9962685063900011,False
sroa,loop-distribute,0.0006764583861134654,0.25581521140094643,0.798099919765655,4058,4280,0.9930288168050652,False
sroa,loop-load-elim,0.0012790276491153607,0.5178784804048099,0.6045568938562177,4146,4164,0.9904824893058242,False
sroa,loop-sink,0.0009398226549058308,0.3658561361279705,0.7144817541148807,4132,4184,0.9924654586614432,False
sroa,loop-unroll-and-jam,0.002114851253713468,0.8218916943977523,0.41116191880792047,4152,4239,0.9904824893058242,False
sroa,hotcoldsplit,-0.0004528809142810841,-0.17393049860521057,0.8619242770311021,4218,4191,0.9939385410125189,False
sroa,irce,0.00032953171041322227,0.13240343096688403,0.8946683677981303,4209,4219,0.9961990294109887,False
sroa,nary-reassociate,0.0007270105692838702,0.287362725969548,0.7738418224872294,4121,4134,0.9930288168050652,False
sroa,scalarizer,0.002846780616226119,1.062973457397421,0.28782507465596086,4153,4201,0.9904824893058242,False
sroa,vector-combine,0.0013097073131511094,0.5171136501170908,0.6050906625176108,4073,4197,0.9904824893058242,False
sroa,always-inline,-0.0016165884127006813,-0.6541034606175099,0.5130627863999079,4395,4200,0.9904824893058242,False
sroa,globalsplit,0.000550555586926238,0.20303124220609106,0.8391156358431698,4196,4156,0.9939033925017995,False
sroa,lowerswitch,0.004460810883187671,1.501658344758253,0.13322302237630118,4171,4225,0.9572881463934645,False
sroa,early-cse-memssa,0.0029594510558651477,1.23931503166372,0.21526389319190908,4134,4169,0.9705585112162733,False
sroa,simple-loop-unswitch,0.00032741911233807874,0.13297441784631925,0.8942168357714393,4211,4109,0.9961990294109887,False
sroa,loop-versioning,0.001994262717505968,0.728519289205156,0.466315849945064,4212,4301,0.9904824893058242,False
sroa,loop-flatten,0.0030379470551120114,1.090810393587584,0.2753886682059847,4156,4079,0.9904824893058242,False
sroa,loop-reroll,-0.003131659522949082,-1.2933572673210387,0.1959234927242558,4173,4142,0.9705585112162733,False
sroa,loop-instsimplify,-0.0020126371970543566,-0.7912156370759725,0.42884068114259394,4296,4042,0.9904824893058242,False
sroa,loop-simplifycfg,0.002965529460057681,1.1964467789836173,0.23155609645775088,4201,4186,0.9745114828179076,False
sroa,loop-predication,0.0012011491142055464,0.4791111859328872,0.6318718576426242,4271,4234,0.9904824893058242,False
sroa,speculative-execution,0.0006003084305531425,0.22306509060245852,0.8234902816647421,4295,4110,0.9930288168050652,False
sroa,partially-inline-libcalls,0.0024674855342965984,0.9314086079307208,0.35166934093608226,4206,4120,0.9904824893058242,False
sroa,load-store-vectorizer,-0.005986716967317562,-2.3962306018883153,0.016586289501521592,4133,4323,0.8221760719994755,False
sroa,iroutliner,0.003036947915092847,1.1144044297135443,0.2651377679415188,4147,4240,0.9858725228221116,False
sroa,global-merge,-0.001397074922908359,-0.5606759267732666,0.5750335629537495,4195,4155,0.9904824893058242,False
sroa,break-crit-edges,-0.0025657958866926456,-0.9822716878143481,0.32599439340662195,4233,4160,0.9904824893058242,False
sroa,unreachableblockelim,-0.003343879121137483,-1.3652124629966402,0.1722226184454054,4274,4213,0.9705585112162733,False
instsimplify,constmerge,0.0016521315197645658,0.47463206967330196,0.635061441186276,4196,4316,0.9904824893058242,False
instsimplify,function-attrs,0.00019409219730959215,0.054258652106736235,0.9567303879241725,4113,4252,0.9990475216511701,False
instsimplify,deadargelim,-0.00025536266659453855,-0.07327765169909516,0.9415869018235836,4283,4218,0.9987146011758271,False
instsimplify,globaldce,0.006561977924345708,1.8743476512131532,0.06091725648159948,4187,4203,0.9214183220099281,False
instsimplify,elim-avail-extern,0.002210604032842789,0.6215401848523656,0.534261317472393,4077,4257,0.9904824893058242,False
instsimplify,mergefunc,0.0006471382617837529,0.1837816461017814,0.8541891078959661,4232,4333,0.9939385410125189,False
instsimplify,instcombine,-0.005537520507496063,-1.7151200565157465,0.08636040735829022,4200,4272,0.9223771155217892,False
instsimplify,simplifycfg,-0.004092254633821291,-1.1504607004497485,0.2499873427978342,4125,4175,0.9809668827741863,False
instsimplify,tailcallelim,0.0025298257559169812,0.7079550759746206,0.47899276338729896,4175,4254,0.9904824893058242,False
instsimplify,reassociate,0.007164402785182988,2.0113804211049566,0.04431736582359361,4192,4163,0.9119822292272008,False
instsimplify,memcpyopt,-0.0014121004857084452,-0.3840859658660642,0.700924626321979,4131,4129,0.9904824893058242,False
instsimplify,sccp,0.0029927445655383855,0.8333816759893189,0.404653449920247,4112,4219,0.9904824893058242,False
instsimplify,dce,0.001610099375226881,0.455768543505229,0.6485681441649077,4251,4203,0.9904824893058242,False
instsimplify,adce,-0.0003967420168916047,-0.11073412966430161,0.9118298551266916,4199,4128,0.9961990294109887,False
instsimplify,dse,-0.0010239982091559408,-0.2869485296431826,0.7741589503985642,4118,4119,0.9930288168050652,False
instsimplify,jump-threading,-0.007127249411202796,-2.0017087408849528,0.045348152201638195,4187,4219,0.9119822292272008,False
instsimplify,loop-idiom,-0.00338830326410261,-0.9297083129820698,0.3525491550857864,4195,4118,0.9904824893058242,False
instsimplify,loop-deletion,0.005519273635348654,1.5373829247465995,0.12423716327330556,4244,4176,0.9517588806973311,False
instsimplify,gvn,-0.0046381092997921924,-1.6569887164365622,0.09755955198890873,4125,4187,0.9272869961510797,False
instsimplify,gvn-hoist,-0.00012939513089643695,-0.03556225703838831,0.9716322542215036,4148,4206,0.9990475216511701,False
instsimplify,gvn-sink,0.0037078442669032374,1.0210247580325924,0.3072723430654285,4176,4168,0.9904824893058242,False
instsimplify,newgvn,-0.0008204543125758246,-0.29664442298210913,0.7667455718589834,4116,4188,0.9930288168050652,False
instsimplify,early-cse,0.0049767739160277435,1.5352006716098976,0.1247729045966777,4115,4134,0.9517588806973311,False
instsimplify,mergereturn,-0.0022739894322006404,-0.6439210730399806,0.5196445230212957,4134,4115,0.9904824893058242,False
instsimplify,globalopt,0.0038120947629998736,1.0873881631923337,0.2768966436467543,4197,4167,0.9904824893058242,False
instsimplify,strip-dead-prototypes,0.008443818680258008,2.447078065097863,0.01442244142552261,4139,4211,0.8163479239936102,False
instsimplify,indvars,-0.002608240907309989,-0.7307669339822973,0.46494160941468554,4214,4312,0.9904824893058242,False
instsimplify,mergeicmps,-0.005478822575663178,-1.501447777782176,0.13327840599981022,4152,4047,0.9572881463934645,False
instsimplify,separate-const-offset-from-gep,-0.003320312362404154,-0.9535877662422115,0.340319681908917,4189,4250,0.9904824893058242,False
instsimplify,libcalls-shrinkwrap,-0.005372632858826165,-1.5156708255477442,0.12964092374550606,4201,4101,0.9572881463934645,False
instsimplify,flattencfg,-0.0002750787346691985,-0.07591273548332038,0.9394903695585753,4196,4056,0.9987146011758271,False
instsimplify,loop-reduce,-0.0005281177562325712,-0.14420068608533385,0.88534548471452,4205,4176,0.994650908707853,False
instsimplify,loop-unroll,-0.00035529028986835964,-0.09546390029675546,0.9239486788004436,4225,4117,0.9962685063900011,False
instsimplify,loop-rotate,0.0005818494734692314,0.1546975897869062,0.8770634038239752,4330,4171,0.994650908707853,False
instsimplify,partial-inliner,-0.0005111349053357195,-0.14478707137975988,0.8848824598430579,4113,4310,0.994650908707853,False
instsimplify,lower-expect,0.0029187118002535484,0.8052236810340657,0.42071328216294523,4246,4203,0.9904824893058242,False
instsimplify,alignment-from-assumptions,-0.0015886562249947667,-0.44368433009326685,0.657282269299386,4262,4141,0.9904824893058242,False
instsimplify,rpo-function-attrs,0.002975588793397377,0.8316454821484615,0.4056327749760455,4238,4147,0.9904824893058242,False
instsimplify,attributor,0.0031650945582426537,0.9648533957468037,0.33464635041172286,4130,4190,0.9904824893058242,False
instsimplify,inferattrs,-0.003011837303046716,-0.8649428210471086,0.3870946182578535,4379,4156,0.9904824893058242,False
instsimplify,called-value-propagation,-0.007815510408280935,-2.1384907479025794,0.032506286670300005,4157,4076,0.8825311530906069,False
instsimplify,licm,-0.0062456408517770345,-1.6943721237847267,0.09023150782648971,4174,4295,0.9223771155217892,False
instsimplify,loop-simplify,-0.00010517122314568361,-0.02840125038642953,0.9773428119117156,4182,4096,0.9990475216511701,False
instsimplify,div-rem-pairs,-0.0005721168418046929,-0.159648993184979,0.8731614504581712,4159,4181,0.9942716603646986,False
instsimplify,float2int,0.000964736304112146,0.2627798428623512,0.7927267503621135,4175,4185,0.9930288168050652,False
instsimplify,inline,0.0010875180496007775,0.3135223103752961,0.7538915863172027,4229,4254,0.9930288168050652,False
instsimplify,sink,-0.005085349557593433,-1.3992771424317683,0.16176770891217424,4184,4020,0.9705585112162733,False
instsimplify,loop-vectorize,-0.002527284092899984,-0.7170299046313404,0.4733756756198833,4122,4243,0.9904824893058242,False
instsimplify,slp-vectorizer,-0.0027919195983899248,-0.7719601299664182,0.4401604936311908,3963,4201,0.9904824893058242,False
instsimplify,callsite-splitting,-0.002824142344921121,-0.7823952168394896,0.43400449552063836,4224,4146,0.9904824893058242,False
instsimplify,dfa-jump-threading,-0.0015763483135886047,-0.43352160556858016,0.6646473032147008,4080,4127,0.9904824893058242,False
instsimplify,consthoist,0.0019612982150816194,0.5386455398382828,0.5901457601514355,4247,4165,0.9904824893058242,False
instsimplify,mldst-motion,-0.0037396018670478592,-1.0356396553222351,0.30039986128011703,4185,4297,0.9904824893058242,False
instsimplify,slsr,-0.008098500728245972,-2.2359006147730915,0.025384280129731582,4240,4220,0.8825311530906069,False
instsimplify,loop-interchange,-0.0017080213867869953,-0.4784771929594231,0.6323230743116061,4230,4162,0.9904824893058242,False
instsimplify,loop-fusion,0.0010767574498746768,0.3147405529832663,0.7529664195509199,4312,4146,0.9930288168050652,False
instsimplify,loop-distribute,-0.0006223369967054415,-0.17852112231347902,0.8583180201626255,4291,4152,0.9939385410125189,False
instsimplify,loop-load-elim,0.005363607450969643,1.517007610446393,0.1293025995304941,4223,4142,0.9572881463934645,False
instsimplify,loop-sink,-0.005265213909685262,-1.461090015445079,0.14402827549647737,4242,4174,0.95758018139933,False
instsimplify,loop-unroll-and-jam,0.0006305596223813992,0.17873529390647708,0.8581498738916473,4159,4235,0.9939385410125189,False
instsimplify,hotcoldsplit,0.0036285934384612806,1.0070495863561346,0.31394005205771863,4152,4223,0.9904824893058242,False
instsimplify,irce,0.008244706282956982,2.3325977939420537,0.019692806892018987,4161,4227,0.8664835032488354,False
instsimplify,nary-reassociate,0.0006248230052079418,0.1761690600719394,0.8601653455744654,4219,4240,0.9939385410125189,False
instsimplify,scalarizer,0.0014020820012773938,0.3978550025213616,0.6907471241304781,4158,4314,0.9904824893058242,False
instsimplify,vector-combine,0.00530842866059561,1.483055841944241,0.13809782176277105,4161,4085,0.95758018139933,False
instsimplify,always-inline,6.29871055579101e-05,0.017848736058640128,0.9857599470091613,4187,4262,0.9990475216511701,False
instsimplify,globalsplit,-0.0011347778291417865,-0.3183791651445499,0.7502051893537497,4248,4230,0.9930288168050652,False
instsimplify,lowerswitch,-0.0026029959700181737,-0.7060624017658509,0.4801689077330343,4260,4147,0.9904824893058242,False
instsimplify,early-cse-memssa,0.003152260221154668,1.1902422125715857,0.23398461113907976,4187,4274,0.9745114828179076,False
instsimplify,simple-loop-unswitch,-0.005943338941240273,-1.6606067540946345,0.09682981633041772,4198,4198,0.9225926052309387,False
instsimplify,loop-versioning,0.003142152819328059,0.8725101996777482,0.38295514298668065,4253,4142,0.9904824893058242,False
instsimplify,loop-flatten,-0.0020415657117927033,-0.5730832026908462,0.5666038778246472,4125,4241,0.9904824893058242,False
instsimplify,loop-reroll,0.0007599137073671103,0.2199873279713436,0.8258863076469901,4263,4238,0.9939033925017995,False
instsimplify,loop-instsimplify,0.003771473924892188,1.0366460815390908,0.2999309432863061,4282,4085,0.9904824893058242,False
instsimplify,loop-simplifycfg,0.0021439474461836805,0.5957717334116251,0.551343890369435,4177,4189,0.9904824893058242,False
instsimplify,loop-predication,-0.008212608264808297,-2.293018158074627,0.02187175383092862,4288,4055,0.8737054275608976,False
instsimplify,speculative-execution,0.0038470265447807517,1.0794732294534484,0.28040786742412027,4214,4181,0.9904824893058242,False
instsimplify,partially-inline-libcalls,0.005567251464168477,1.59298486195709,0.1112016095732606,4208,4129,0.9298842796600941,False
instsimplify,load-store-vectorizer,-0.0004701926732519901,-0.13216976504718078,0.8948532073487947,4063,4338,0.9961990294109887,False
instsimplify,iroutliner,-0.003454041799429375,-0.9751348140687465,0.3295213287310108,4303,4150,0.9904824893058242,False
instsimplify,global-merge,-0.005677108554501875,-1.6080910727578115,0.10785210569395952,4346,4221,0.9298842796600941,False
instsimplify,break-crit-edges,0.001442145920369009,0.40241684499216424,0.6873874743641455,4174,4262,0.9904824893058242,False
instsimplify,unreachableblockelim,-0.00463337722834023,-1.2785331042611074,0.20109705733915148,4161,4198,0.9705585112162733,False
constmerge,function-attrs,0.0025018362761627944,0.6726330623217703,0.5011995065642352,4154,4148,0.9904824893058242,False
constmerge,deadargelim,0.00038588090196539637,0.10248555551126225,0.9183737379279587,4230,4141,0.9962685063900011,False
constmerge,globaldce,-0.0014510919219011265,-0.38892650596660805,0.697340269867864,4244,4255,0.9904824893058242,False
constmerge,elim-avail-extern,0.0014019233500617845,0.37451417000915105,0.7080313426910402,4159,4182,0.9916947457282645,False
constmerge,mergefunc,0.0007542006806016688,0.20009308983448904,0.8414127125331444,4106,4141,0.9939033925017995,False
constmerge,instcombine,-0.0031215606107493077,-0.9686496425358279,0.3327480821804692,4167,4197,0.9904824893058242,False
constmerge,simplifycfg,-0.0001033089913050067,-0.028223338108190905,0.9774846922453962,4316,4146,0.9990475216511701,False
constmerge,tailcallelim,-0.0032222250894264337,-0.874513778822614,0.3818634583207998,4270,4158,0.9904824893058242,False
constmerge,reassociate,0.00041429302477180574,0.11226725665775746,0.9106141400434714,4320,4229,0.9961990294109887,False
constmerge,memcpyopt,9.560254536966628e-05,0.026265313360847222,0.9790463373185229,4213,4307,0.9990475216511701,False
constmerge,sccp,-0.008309138768709534,-2.2385542086736474,0.02521128117221109,4195,4126,0.8825311530906069,False
constmerge,dce,0.0013909878910511875,0.3730781851791371,0.7090997409701033,4130,4211,0.9916947457282645,False
constmerge,adce,0.0009809226054210418,0.26305551438478403,0.7925142532382887,4207,4182,0.9930288168050652,False
constmerge,dse,-0.0028596936872281598,-0.7825962196646122,0.43388608870431405,4261,4232,0.9904824893058242,False
constmerge,jump-threading,-0.0006683860865332458,-0.17895900599221654,0.8579741627738706,4257,4244,0.9939385410125189,False
constmerge,loop-idiom,0.00035369276519575665,0.0927442409788647,0.9261089787105309,4133,4206,0.9962685063900011,False
constmerge,loop-deletion,-0.001381036043308026,-0.3706626397879071,0.7108982378895485,4076,4287,0.9916947457282645,False
constmerge,gvn,0.0001707155714769093,0.06174893919405633,0.9507642213311577,4232,4275,0.9987622411976728,False
constmerge,gvn-hoist,7.198391301227458e-05,0.0197003278875622,0.98428290211066,4126,4192,0.9990475216511701,False
constmerge,gvn-sink,0.0011192242922288265,0.2967238633924903,0.7666846158219335,4233,4235,0.9930288168050652,False
constmerge,newgvn,0.002314863387552546,0.8931618877288232,0.37179554027804745,4295,4290,0.9904824893058242,False
constmerge,early-cse,-0.0006417139100040048,-0.1927172975220948,0.8471851503339334,4043,4179,0.9939385410125189,False
constmerge,mergereturn,0.006649730401364795,1.801873081313108,0.07160122711347514,4198,4211,0.9223771155217892,False
constmerge,globalopt,-0.002140687986906309,-0.5739484490600644,0.5660182360064236,4218,4092,0.9904824893058242,False
constmerge,strip-dead-prototypes,3.421418839166801e-05,0.009215142013703133,0.9926477035134305,4226,4170,0.9990475216511701,False
constmerge,indvars,-0.0008877322090760087,-0.23639320803958974,0.8131333631340273,4241,4118,0.9930288168050652,False
constmerge,mergeicmps,0.001124824095549981,0.3058622702912836,0.7597170084732934,4255,4244,0.9930288168050652,False
constmerge,separate-const-offset-from-gep,0.001529759595897462,0.40720337962887254,0.6838690920454665,4183,4148,0.9904824893058242,False
constmerge,libcalls-shrinkwrap,-0.0026858910469348407,-0.7152202205090438,0.4744929373611398,4141,4239,0.9904824893058242,False
constmerge,flattencfg,-0.005446220471320096,-1.470174892984132,0.14155222485022315,4210,4108,0.95758018139933,False
constmerge,loop-reduce,0.0026288884506229793,0.7064105258372934,0.4799524972367197,4202,4189,0.9904824893058242,False
constmerge,loop-unroll,-0.0024659662321290243,-0.6054586945097611,0.5448908079647495,4071,4245,0.9904824893058242,False
constmerge,loop-rotate,-0.00527903525114265,-1.369010461164256,0.1710325787206987,4232,4179,0.9705585112162733,False
constmerge,partial-inliner,-0.0011553526244513224,-0.3132323090063424,0.754112034617086,4119,4197,0.9930288168050652,False
constmerge,lower-expect,-0.004463903015626658,-1.19906195632294,0.2305375937881925,4212,4212,0.9745114828179076,False
constmerge,alignment-from-assumptions,-0.003943546210028015,-1.0437072921147346,0.2966514244364857,4164,4091,0.9904824893058242,False
constmerge,rpo-function-attrs,0.0031835266976895094,0.852191114286301,0.3941322974660238,4213,4200,0.9904824893058242,False
constmerge,attributor,0.0013508046976105637,0.416338302622269,0.6771730607438178,4237,4203,0.9904824893058242,False
constmerge,inferattrs,-0.002256050689934286,-0.5952765060584947,0.5516748188093409,4173,4168,0.9904824893058242,False
constmerge,called-value-propagation,-0.000393707141993771,-0.10563099958902283,0.9158776420289703,4267,4167,0.9962685063900011,False
constmerge,licm,-0.0004246765035757494,-0.11279714051531686,0.9101941133279441,4047,4271,0.9961990294109887,False
constmerge,loop-simplify,0.0005584790972247289,0.1496403773888562,0.881051975766641,4260,4116,0.994650908707853,False
constmerge,div-rem-pairs,0.0053389960669584235,1.430238360083069,0.15268560054749328,4232,4222,0.9705585112162733,False
constmerge,float2int,-0.0038036394025449116,-1.0201373113368106,0.30769254328690826,4199,4269,0.9904824893058242,False
constmerge,inline,0.00024526374064887113,0.06580951395914779,0.9475310586072069,4154,4190,0.9987622411976728,False
constmerge,sink,-0.00020582373824695743,-0.05322785956717027,0.9575516416901119,4250,4044,0.9990475216511701,False
constmerge,loop-vectorize,0.0014794374638829044,0.39942819713571476,0.6895879766384894,4109,4215,0.9904824893058242,False
constmerge,slp-vectorizer,0.007840766309969605,2.1068557647075146,0.03515911728316196,4237,4336,0.8825311530906069,False
constmerge,callsite-splitting,0.004745042780388509,1.2552116497991186,0.20943667762546914,4207,4270,0.9705585112162733,False
constmerge,dfa-jump-threading,0.0031406727519792677,0.8447428272036996,0.3982788557136543,4148,4165,0.9904824893058242,False
constmerge,consthoist,0.005124470881373078,1.3659365850470688,0.17199525256611167,4237,4222,0.9705585112162733,False
constmerge,mldst-motion,-0.0019597091767372676,-0.5305886958104343,0.5957178946852087,4222,4160,0.9904824893058242,False
constmerge,slsr,0.0015387311543801352,0.41393936108295726,0.6789291422624913,4192,4169,0.9904824893058242,False
constmerge,loop-interchange,0.005993246178958855,1.6246152091151804,0.1042822329079475,4176,4202,0.9298842796600941,False
constmerge,loop-fusion,0.0025371361237762624,0.6717135051175146,0.5017843404089224,4185,4327,0.9904824893058242,False
constmerge,loop-distribute,-0.002983030363136796,-0.807018156491189,0.41967856112333757,4271,4255,0.9904824893058242,False
constmerge,loop-load-elim,0.00034472756748754607,0.09229539086002374,0.9264655551009262,4228,4165,0.9962685063900011,False
constmerge,loop-sink,0.005372555626333209,1.4198662634967842,0.1556841414468009,4240,4144,0.9705585112162733,False
constmerge,loop-unroll-and-jam,-0.004112699401835285,-1.1162245926596341,0.2643573623427765,4267,4294,0.9858725228221116,False
constmerge,hotcoldsplit,0.0018263064435444232,0.4771117399807207,0.633295295043966,4092,4101,0.9904824893058242,False
constmerge,irce,0.0032673752382302856,0.879249148885192,0.3792914491598169,4160,4217,0.9904824893058242,False
constmerge,nary-reassociate,-0.0008596754301257725,-0.23566818524441896,0.8136958373193478,4287,4217,0.9930288168050652,False
constmerge,scalarizer,-0.0008643804706958136,-0.22985772189292444,0.8182079377079118,4256,4131,0.9930288168050652,False
constmerge,vector-combine,-0.006591221429568084,-1.7461391500985046,0.08082394074020584,4220,4052,0.9223771155217892,False
constmerge,always-inline,-0.002236819322978756,-0.5922901342279783,0.5536725782943885,4086,4183,0.9904824893058242,False
constmerge,globalsplit,-0.0006566429051658718,-0.18071404934279314,0.8565963826758313,4158,4282,0.9939385410125189,False
constmerge,lowerswitch,0.0013901117771355498,0.34969148985155374,0.7265790086891718,4152,4250,0.9925991244200286,False
constmerge,early-cse-memssa,0.00099240268148576,0.3807611300559648,0.7033899948922524,4221,4303,0.9904824893058242,False
constmerge,simple-loop-unswitch,0.003101026779470606,0.8165750719570727,0.4141945037045766,4278,4145,0.9904824893058242,False
constmerge,loop-versioning,-0.0005899553345488084,-0.1547882403865825,0.8769920066413367,4237,4131,0.994650908707853,False
constmerge,loop-flatten,0.001059468988540535,0.2842331110898406,0.776238818504527,4118,4221,0.9930288168050652,False
constmerge,loop-reroll,0.0004361292481975254,0.11613403990558999,0.9075491491471619,4057,4164,0.9961990294109887,False
constmerge,loop-instsimplify,-0.0001936304507436648,-0.051845108344787394,0.9586533510694294,4226,4167,0.9990475216511701,False
constmerge,loop-simplifycfg,0.00017514050492606348,0.046181255943203915,0.9631668962882032,4186,4093,0.9990475216511701,False
constmerge,loop-predication,-0.0030608929437720978,-0.82975801211823,0.40669922362050503,4178,4214,0.9904824893058242,False
constmerge,speculative-execution,-0.0009836268000316672,-0.2680924331738871,0.7886347330883935,4231,4198,0.9930288168050652,False
constmerge,partially-inline-libcalls,0.0007678876920519384,0.20374590185140018,0.8385569608297005,4233,4246,0.9939033925017995,False
constmerge,load-store-vectorizer,0.005499082339064043,1.4709999577217072,0.14132812689367702,4223,4310,0.95758018139933,False
constmerge,iroutliner,0.004488237240083459,1.2296754937205128,0.21885311128608173,4224,4190,0.9705585112162733,False
constmerge,global-merge,0.0032448411781476616,0.8859962592118734,0.3756446175590593,4296,4206,0.9904824893058242,False
constmerge,break-crit-edges,-0.0048715176732961885,-1.3080384719962217,0.19089639262332173,4129,4206,0.9705585112162733,False
constmerge,unreachableblockelim,-0.0015846549817842837,-0.42754711121702293,0.6689919768741077,4140,4158,0.9904824893058242,False
function-attrs,deadargelim,0.0024591042062573343,0.6648033780368119,0.5061944239445838,4222,4222,0.9904824893058242,False
function-attrs,globaldce,-0.003268660964440062,-0.8569582940960113,0.39149218720082063,4218,4271,0.9904824893058242,False
function-attrs,elim-avail-extern,-0.002870925348846476,-0.7572719166808269,0.44890841226335504,4147,4205,0.9904824893058242,False
function-attrs,mergefunc,0.0011513562976149805,0.2938035581080727,0.7689155640412304,4082,3999,0.9930288168050652,False
function-attrs,instcombine,-0.00442072325025944,-1.39964125444292,0.16165756089068334,4171,4268,0.9705585112162733,False
function-attrs,simplifycfg,0.005855499301051614,1.5779291562626034,0.11461929843827913,4272,4209,0.9352659276973905,False
function-attrs,tailcallelim,0.004635230047697059,1.243260481501315,0.21380627823870235,4157,4319,0.9705585112162733,False
function-attrs,reassociate,0.00031391398481811494,0.08514346683449374,0.9321493500158308,4234,4224,0.9970496471007156,False
function-attrs,memcpyopt,0.0009407653630454371,0.25618971501463117,0.7978105510217225,4211,4292,0.9930288168050652,False
function-attrs,sccp,-0.002312043772742467,-0.6088049105997004,0.5426706975737906,4302,3967,0.9904824893058242,False
function-attrs,dce,-0.0017977773033502342,-0.47603521741056937,0.6340617044801923,4144,4242,0.9904824893058242,False
function-attrs,adce,0.002597270752026648,0.7141590564376795,0.4751487366177862,4105,4277,0.9904824893058242,False
function-attrs,dse,0.006553046252786576,1.7213744598679803,0.08521945491078943,4189,4277,0.9223771155217892,False
function-attrs,jump-threading,-0.00045889972054258266,-0.12466840672992574,0.9007890358021744,4188,4269,0.9961990294109887,False
function-attrs,loop-idiom,0.0047056852643532765,1.248515453383744,0.21187653756766803,4199,4355,0.9705585112162733,False
function-attrs,loop-deletion,-0.004886009672961655,-1.278855956214195,0.2009831253353888,4171,4241,0.9705585112162733,False
function-attrs,gvn,-4.134079737777574e-05,-0.015219499704943613,0.9878574264465304,4266,4136,0.9990475216511701,False
function-attrs,gvn-hoist,-0.0015529902106974913,-0.4161225485197605,0.6773309828244489,4140,4268,0.9904824893058242,False
function-attrs,gvn-sink,-0.0009167285464002362,-0.25146220434564126,0.8014628997286413,4195,4251,0.9930288168050652,False
function-attrs,newgvn,0.0032570325279073775,1.1800263119061205,0.23802330818898904,4268,4100,0.9758672781286067,False
function-attrs,early-cse,-0.0005310750301478762,-0.15965718293335043,0.873154888776149,4336,4270,0.9942716603646986,False
function-attrs,mergereturn,-0.006038838734094831,-1.6005704086922248,0.10950989179835822,4118,4262,0.9298842796600941,False
function-attrs,globalopt,0.0016238450523922143,0.43250663834504804,0.6653843464074758,4173,4218,0.9904824893058242,False
function-attrs,strip-dead-prototypes,-0.003351656265241587,-0.891159506169876,0.37286913865971144,4191,4208,0.9904824893058242,False
function-attrs,indvars,-0.0033687950328922245,-0.9004476431719493,0.36790795796580905,4189,4191,0.9904824893058242,False
function-attrs,mergeicmps,0.0047200002419894305,1.2941065348584784,0.19566357426074665,4239,4319,0.9705585112162733,False
function-attrs,separate-const-offset-from-gep,0.0025457026111190273,0.6918816747221815,0.48903064856504586,4187,4273,0.9904824893058242,False
function-attrs,libcalls-shrinkwrap,0.004411240436885344,1.1950450785092426,0.23210325152687966,4203,4178,0.9745114828179076,False
function-attrs,flattencfg,-0.0020467496578250866,-0.5485105235849053,0.5833560671433654,4178,4176,0.9904824893058242,False
function-attrs,loop-reduce,0.002761197945711058,0.7454210660097271,0.4560380800352996,4214,4189,0.9904824893058242,False
function-attrs,loop-unroll,0.0028940770056467002,0.7426182868107988,0.4577333551754389,4247,4247,0.9904824893058242,False
function-attrs,loop-rotate,-0.0023539761101997736,-0.6167301080029495,0.5374294673180937,4197,4208,0.9904824893058242,False
function-attrs,partial-inliner,0.0023746516434868803,0.6322391007528755,0.5272480952773827,4128,4161,0.9904824893058242,False
function-attrs,lower-expect,0.0013690875004612746,0.3745346942566156,0.7080160006900673,4230,4175,0.9916947457282645,False
function-attrs,alignment-from-assumptions,-0.00022393979000195907,-0.058327494101298304,0.9534891774708601,4163,4115,0.9987622411976728,False
function-attrs,rpo-function-attrs,-0.00661555539492481,-1.816806814170504,0.06928185122387097,4176,4366,0.9223771155217892,False
function-attrs,attributor,-0.002958656479998878,-0.8731744485803157,0.38259325437944336,4069,4250,0.9904824893058242,False
function-attrs,inferattrs,-0.000705038076710629,-0.19365049160628126,0.8464543110160646,4208,4094,0.9939385410125189,False
function-attrs,called-value-propagation,-0.0018884250300520433,-0.5097259509543508,0.6102569479783817,4222,4127,0.9904824893058242,False
function-attrs,licm,0.00022197982696842145,0.059235241341645,0.9527661426576859,4241,4204,0.9987622411976728,False
function-attrs,loop-simplify,-0.003652938881097356,-0.9730585294274321,0.33055242233630855,4166,4180,0.9904824893058242,False
function-attrs,div-rem-pairs,-0.005145307780310138,-1.3842282155704289,0.16632497970903903,4267,4234,0.9705585112162733,False
function-attrs,float2int,-0.0038388341650071878,-1.039038515633767,0.298816703017274,4153,4261,0.9904824893058242,False
function-attrs,inline,-0.0013285926746706145,-0.36386628978085495,0.7159668383580123,4284,4285,0.9924654586614432,False
function-attrs,sink,-0.00021097004761694294,-0.05632804342587518,0.9550818192441559,4208,4191,0.9988383000828357,False
function-attrs,loop-vectorize,-0.0019076876977922042,-0.5134045715618961,0.6076820171158671,4148,4152,0.9904824893058242,False
function-attrs,slp-vectorizer,0.002921695947425418,0.7844320145464572,0.43280891998564924,4184,4165,0.9904824893058242,False
function-attrs,callsite-splitting,0.00017677449907488318,0.04757132402860112,0.9620590330589297,4094,4231,0.9990475216511701,False
function-attrs,dfa-jump-threading,0.0006777846994551195,0.18233048539148414,0.8553278123474867,4146,4187,0.9939385410125189,False
function-attrs,consthoist,0.0008723299205289914,0.23089081600996317,0.8174053585398483,4193,4098,0.9930288168050652,False
function-attrs,mldst-motion,-0.001853695888229423,-0.4883090711353341,0.6253439316006868,4129,4132,0.9904824893058242,False
function-attrs,slsr,-0.000254973186192442,-0.0686020332702687,0.9453080274620178,4168,4264,0.9987622411976728,False
function-attrs,loop-interchange,0.004390136290089552,1.2006181295791012,0.2299336341621515,4144,4159,0.9745114828179076,False
function-attrs,loop-fusion,-0.008176222638603736,-2.226378942913035,0.026015431826569808,4260,4079,0.8825311530906069,False
function-attrs,loop-distribute,0.0007044547176263682,0.19267206783420449,0.8472205036851104,4198,4136,0.9939385410125189,False
function-attrs,loop-load-elim,-0.0003513888130777243,-0.09495094426757425,0.9243560423677628,4229,4239,0.9962685063900011,False
function-attrs,loop-sink,-0.003742240028219934,-1.0176782265290114,0.30886035743413215,4242,4132,0.9904824893058242,False
function-attrs,loop-unroll-and-jam,-0.0014912806996928984,-0.4000989875971082,0.689093885174536,4134,4186,0.9904824893058242,False
function-attrs,hotcoldsplit,0.0019825242007204813,0.5479252540357128,0.5837576800371908,4252,4221,0.9904824893058242,False
function-attrs,irce,0.009489933332554601,2.551284137592346,0.010750547025968837,4151,4122,0.6952908493072808,False
function-attrs,nary-reassociate,0.0036474429077273385,0.9681936725458369,0.332975767302708,4104,4229,0.9904824893058242,False
function-attrs,scalarizer,-0.0033173930265524287,-0.8771378222766935,0.38043667074230536,4235,4238,0.9904824893058242,False
function-attrs,vector-combine,0.0007326362516775209,0.1944329813967972,0.845841618746638,4199,4118,0.9939385410125189,False
function-attrs,always-inline,0.0026277927469640083,0.7148931894414107,0.4746949904530075,4244,4130,0.9904824893058242,False
function-attrs,globalsplit,-0.000657808174079122,-0.1749342138640267,0.8611356106169126,4143,4130,0.9939385410125189,False
function-attrs,lowerswitch,0.0017880786924959202,0.4787782902769035,0.6321087820238324,4263,4168,0.9904824893058242,False
function-attrs,early-cse-memssa,0.0004948777957068384,0.1844839051551668,0.8536383141293503,4248,4148,0.9939385410125189,False
function-attrs,simple-loop-unswitch,0.004154893643741275,1.1255471922368125,0.2603897338812256,4133,4183,0.9858725228221116,False
function-attrs,loop-versioning,0.00023311055501124,0.06155771595083052,0.9509165065096327,4281,4212,0.9987622411976728,False
function-attrs,loop-flatten,0.0006085134610174237,0.16227522056352506,0.871093013543672,4244,4195,0.9939394641716258,False
function-attrs,loop-reroll,-0.0038688090435345934,-1.0304760761126759,0.3028166016751186,4165,4165,0.9904824893058242,False
function-attrs,loop-instsimplify,0.0027277701139034605,0.7299685024634288,0.4654302097369435,4062,4172,0.9904824893058242,False
function-attrs,loop-simplifycfg,-0.005199309095172466,-1.3954634338670093,0.16291358716461,4127,4155,0.9705585112162733,False
function-attrs,loop-predication,-0.0013048529837531575,-0.3581317144945804,0.7202537446120957,4241,4167,0.9925991244200286,False
function-attrs,speculative-execution,0.001002137541365189,0.270942842162664,0.7864415773738324,4227,4272,0.9930288168050652,False
function-attrs,partially-inline-libcalls,0.00010519302542183473,0.028225559471525274,0.9774829312598184,4198,4103,0.9990475216511701,False
function-attrs,load-store-vectorizer,0.0048874824603099,1.3084372433732214,0.1907606870948327,4157,4287,0.9705585112162733,False
function-attrs,iroutliner,0.00034013227741136465,0.09212137359056008,0.9266038567591489,4131,4085,0.9962685063900011,False
function-attrs,global-merge,0.004248935503828544,1.1271304911808517,0.25972038585542734,4118,4090,0.9858725228221116,False
function-attrs,break-crit-edges,-0.0003802913034299249,-0.1023785086637007,0.9184586917896315,4183,4197,0.9962685063900011,False
function-attrs,unreachableblockelim,-0.00015505327360737509,-0.04190462715279484,0.9665757127652576,4281,4217,0.9990475216511701,False
deadargelim,globaldce,0.004988606899392067,1.3031929428028157,0.19254538001566923,4125,4128,0.9705585112162733,False
deadargelim,elim-avail-extern,-0.003454726396719787,-0.9227652604589212,0.35615590777812395,4193,4255,0.9904824893058242,False
deadargelim,mergefunc,-0.006963014107706722,-1.9442845375899638,0.051894013440790664,4284,4246,0.9205345724027795,False
deadargelim,instcombine,0.0025185756738076437,0.7933518947067608,0.4275955056198092,4124,4179,0.9904824893058242,False
deadargelim,simplifycfg,-0.00226948930528309,-0.6154916696924798,0.5382469273476935,4198,4135,0.9904824893058242,False
deadargelim,tailcallelim,-0.0059600950739955305,-1.5960468612714307,0.11051546291240331,4266,4246,0.9298842796600941,False
deadargelim,reassociate,0.004038470772356029,1.0627109389357232,0.28794331525995637,4293,4198,0.9904824893058242,False
deadargelim,memcpyopt,-0.0015353463629895203,-0.4098800356258506,0.6819043248475615,4240,4226,0.9904824893058242,False
deadargelim,sccp,0.001659096447477748,0.44168990111909595,0.658725019482499,4175,4204,0.9904824893058242,False
deadargelim,dce,0.004558927012816183,1.2259502699516334,0.22025202100461716,4163,4178,0.9705585112162733,False
deadargelim,adce,0.0005339059683125424,0.1465336554995623,0.8835035905989997,4230,4294,0.994650908707853,False
deadargelim,dse,0.0010999319067996338,0.2956529027082479,0.7675025646941904,4178,4131,0.9930288168050652,False
deadargelim,jump-threading,-0.00018395511512392382,-0.04916982567633053,0.9607851578766365,4109,4104,0.9990475216511701,False
deadargelim,loop-idiom,-0.002591079528796114,-0.6822406206639744,0.4951056567846272,4252,4136,0.9904824893058242,False
deadargelim,loop-deletion,0.0013518528393113849,0.3705158376330945,0.7110075556908836,4325,4089,0.9916947457282645,False
deadargelim,gvn,-0.0047406632377363644,-1.6616156869488856,0.09662756638578625,4288,4133,0.9225926052309387,False
deadargelim,gvn-hoist,0.002639381892552528,0.7299480687675212,0.4654421039189246,4217,4260,0.9904824893058242,False
deadargelim,gvn-sink,-0.0036063436808512206,-0.9650359667026922,0.33455418423152744,4287,4236,0.9904824893058242,False
deadargelim,newgvn,0.002433843426706328,0.8929516589275681,0.3719088774147198,4091,4235,0.9904824893058242,False
deadargelim,early-cse,-0.0030932149498548722,-0.9301788339339728,0.35230519633961954,4173,4259,0.9904824893058242,False
deadargelim,mergereturn,-0.0016693701007099437,-0.4593875867617248,0.6459678134455443,4166,4201,0.9904824893058242,False
deadargelim,globalopt,-0.0007780708092248734,-0.2089241090619787,0.8345124981662108,4244,4244,0.9939033925017995,False
deadargelim,strip-dead-prototypes,-0.004430469617182298,-1.1921920549579745,0.23321932040005225,4244,4235,0.9745114828179076,False
deadargelim,indvars,-0.0012578306239936499,-0.3456978959995246,0.7295784338032463,4187,4228,0.9925991244200286,False
deadargelim,mergeicmps,-0.00679582089679176,-1.8529194945809289,0.06392893780549581,4167,4276,0.9214183220099281,False
deadargelim,separate-const-offset-from-gep,-0.00450777455177126,-1.1972933011063633,0.23122636612349567,4162,4164,0.9745114828179076,False
deadargelim,libcalls-shrinkwrap,-0.001810667091394158,-0.49942768778171287,0.6174911336719303,4186,4262,0.9904824893058242,False
deadargelim,flattencfg,0.0027548281360252336,0.7309377136845334,0.4648376915962504,4198,4162,0.9904824893058242,False
deadargelim,loop-reduce,-0.0006102706399939151,-0.16572174035217685,0.8683799546883486,4183,4156,0.9939394641716258,False
deadargelim,loop-unroll,-0.002051012490905224,-0.5175123249140405,0.604812248797455,4156,4237,0.9904824893058242,False
deadargelim,loop-rotate,-0.004824370509119658,-1.2723800637884297,0.20327327486197871,4255,4161,0.9705585112162733,False
deadargelim,partial-inliner,-0.0008515756848950784,-0.2305414335414236,0.8176767819055331,4142,4118,0.9930288168050652,False
deadargelim,lower-expect,0.0035706090952341563,0.9760885510531664,0.32904863356832253,4218,4217,0.9904824893058242,False
deadargelim,alignment-from-assumptions,-0.0023094044742426045,-0.6203683204443712,0.5350321240665882,4242,4176,0.9904824893058242,False
deadargelim,rpo-function-attrs,0.0030876345858981136,0.816791235171161,0.41407133966868087,4115,4144,0.9904824893058242,False
deadargelim,attributor,-0.004605738044188623,-1.396497343757179,0.1626021045693203,4221,4085,0.9705585112162733,False
deadargelim,inferattrs,0.0011508901264268845,0.31685537158262145,0.7513611957270551,4186,4243,0.9930288168050652,False
deadargelim,called-value-propagation,0.002640508908041461,0.7205038188384701,0.47123508665588093,4181,4143,0.9904824893058242,False
deadargelim,licm,-0.0008328058389475701,-0.22635734840621355,0.8209289603830587,4324,4159,0.9930288168050652,False
deadargelim,loop-simplify,0.002579785888416508,0.6993735118084073,0.48433776950830393,4291,4218,0.9904824893058242,False
deadargelim,div-rem-pairs,0.002358613104474272,0.624829087081754,0.5321004347279602,4129,4163,0.9904824893058242,False
deadargelim,float2int,0.0002197649490807696,0.05887099417654126,0.9530562748917569,4081,4255,0.9987622411976728,False
deadargelim,inline,0.009358993037369367,2.4886991965417287,0.012840441172702895,4242,4182,0.7981455179730879,False
deadargelim,sink,-0.0003775221049637234,-0.1032148646311082,0.9177949153522985,4253,4138,0.9962685063900011,False
deadargelim,loop-vectorize,-0.0035193934349823097,-0.963633153584435,0.335256522684447,4320,4436,0.9904824893058242,False
deadargelim,slp-vectorizer,0.005071213277702269,1.38450766675233,0.16623906621609297,4287,4295,0.9705585112162733,False
deadargelim,callsite-splitting,0.0012859497622914606,0.3409059204112073,0.7331830257987442,4247,4072,0.9925991244200286,False
deadargelim,dfa-jump-threading,-0.0060521924301900065,-1.6239866317402227,0.10441596565615698,4222,4237,0.9298842796600941,False
deadargelim,consthoist,-0.00039545981140942654,-0.10683615938996105,0.9149214908598673,4204,4269,0.9962685063900011,False
deadargelim,mldst-motion,-0.0004806326325050292,-0.13052959498446287,0.8961505782181373,4176,4204,0.9961990294109887,False
deadargelim,slsr,0.001992041945314882,0.5447896347910234,0.5859123264277059,4355,4252,0.9904824893058242,False
deadargelim,loop-interchange,0.00010720751046977561,0.028477445850695206,0.9772820224723322,4253,4282,0.9990475216511701,False
deadargelim,loop-fusion,0.0033239165909216273,0.8923744086188801,0.3722177667608287,4214,4224,0.9904824893058242,False
deadargelim,loop-distribute,0.0032081065962853983,0.8705467889226174,0.3840270414907452,4092,4146,0.9904824893058242,False
deadargelim,loop-load-elim,0.0050388675361089375,1.3466423830823255,0.17813239383771606,4094,4172,0.9705585112162733,False
deadargelim,loop-sink,0.005993568344090983,1.6128490493714245,0.10681529687959912,4116,4195,0.9298842796600941,False
deadargelim,loop-unroll-and-jam,0.0015508649896405213,0.4171739990572123,0.6765617151808773,4125,4350,0.9904824893058242,False
deadargelim,hotcoldsplit,-0.004560969347372823,-1.2075765162861012,0.22724464786725707,4137,4160,0.9745114828179076,False
deadargelim,irce,-0.0016113191800821713,-0.4417186280590165,0.6587040627069949,4246,4259,0.9904824893058242,False
deadargelim,nary-reassociate,-0.0006950673546657904,-0.18589839458525717,0.8525289588943539,4183,4168,0.9939385410125189,False
deadargelim,scalarizer,0.0011217085487397194,0.30863606791053,0.7576060443654913,4261,4140,0.9930288168050652,False
deadargelim,vector-combine,0.002217762366345355,0.5742405650716103,0.5658207031974586,4123,4146,0.9904824893058242,False
deadargelim,always-inline,0.004802774011419819,1.3151639385235165,0.1884903353478771,4196,4299,0.9705585112162733,False
deadargelim,globalsplit,-0.001947411078296435,-0.5371687031683444,0.5911652783597661,4274,4155,0.9904824893058242,False
deadargelim,lowerswitch,-0.0027831990671741136,-0.7439475833950789,0.456928994755819,4162,4248,0.9904824893058242,False
deadargelim,early-cse-memssa,0.0006432871585540512,0.24395861247668935,0.8072688473899139,4138,4255,0.9930288168050652,False
deadargelim,simple-loop-unswitch,0.004137439276671651,1.1038198847269352,0.2697026329994764,4221,4253,0.9904824893058242,False
deadargelim,loop-versioning,0.00024308021696251014,0.06283214558252456,0.9499016957967084,4202,4031,0.9987622411976728,False
deadargelim,loop-flatten,0.002786618784560546,0.740727297100846,0.4588794589463681,4266,4218,0.9904824893058242,False
deadargelim,loop-reroll,0.0025516697706578495,0.6782375883797396,0.4976395963269173,4290,4202,0.9904824893058242,False
deadargelim,loop-instsimplify,-0.0017165092650772706,-0.47031493366194527,0.6381424548366071,4178,4084,0.9904824893058242,False
deadargelim,loop-simplifycfg,-0.006523980279160124,-1.747093871658185,0.08065744512267477,4240,4198,0.9223771155217892,False
deadargelim,loop-predication,-5.115674573530349e-05,-0.013569451490685712,0.9891737986590697,4134,4268,0.9990475216511701,False
deadargelim,speculative-execution,0.0008492248295463023,0.22820843004960537,0.8194897902858607,4125,4236,0.9930288168050652,False
deadargelim,partially-inline-libcalls,-0.0004952453975320403,-0.13312567079248247,0.8940971620732878,4309,4182,0.9961990294109887,False
deadargelim,load-store-vectorizer,0.0016016335088520628,0.4395898238074962,0.6602454799950586,4156,4301,0.9904824893058242,False
deadargelim,iroutliner,-0.00561342982380636,-1.5638263907912482,0.11789582865469536,4220,4226,0.9352659276973905,False
deadargelim,global-merge,-0.0015409615098025409,-0.41443391693358544,0.6785670744013174,4185,4128,0.9904824893058242,False
deadargelim,break-crit-edges,0.004518410037378406,1.1898773281319208,0.23412894637155138,4121,4110,0.9745114828179076,False
deadargelim,unreachableblockelim,-0.0011413231325489437,-0.3039763881157062,0.7611534042370186,4225,4184,0.9930288168050652,False
globaldce,elim-avail-extern,-0.0005703985855364802,-0.15269793574704743,0.8786401654378388,4181,4200,0.994650908707853,False
globaldce,mergefunc,0.003856823910195095,1.008735576923847,0.31313057775735836,4201,4188,0.9904824893058242,False
globaldce,instcombine,0.0007569640126913191,0.23404980549711374,0.8149519751525006,4227,4237,0.9930288168050652,False
globaldce,simplifycfg,0.001526965734509944,0.4129393096438228,0.6796615830930193,4248,4183,0.9904824893058242,False
globaldce,tailcallelim,-0.00020754693770697052,-0.056516860103789965,0.9549314028033512,4241,4199,0.9988383000828357,False
globaldce,reassociate,-0.0010199334233551016,-0.27271314799002966,0.7850805491388057,4173,4097,0.9930288168050652,False
globaldce,memcpyopt,0.0020082440076045205,0.5429133728588296,0.5872038041197927,4183,4248,0.9904824893058242,False
globaldce,sccp,-0.0024573521932890197,-0.6599901268914329,0.509278158933798,4237,4216,0.9904824893058242,False
globaldce,dce,0.0005495151908800344,0.1486397355007621,0.881841481429572,4169,4255,0.994650908707853,False
globaldce,adce,0.0012184836085272766,0.3206752942940092,0.7484645164935544,4185,4147,0.9930288168050652,False
globaldce,dse,0.0018891102961484663,0.5143283753333171,0.6070359327355263,4217,4221,0.9904824893058242,False
globaldce,jump-threading,-0.005034678118261526,-1.362548455466999,0.17306158148544235,4113,4270,0.9705585112162733,False
globaldce,loop-idiom,0.002434495444152307,0.6716347801548349,0.5018343720361371,4243,4320,0.9904824893058242,False
globaldce,loop-deletion,0.00390230714994777,1.0628815638919447,0.28786634061208166,4266,4129,0.9904824893058242,False
globaldce,gvn,0.004530750370612291,1.5962974583849017,0.11046026952995208,4148,4208,0.9298842796600941,False
globaldce,gvn-hoist,0.0031366952909338552,0.8494610498016821,0.39564901450635237,4211,4204,0.9904824893058242,False
globaldce,gvn-sink,0.00031175107498454535,0.08186132374387037,0.9347589830876983,4075,4152,0.9971441508502933,False
globaldce,newgvn,-0.003781656228254382,-1.4395356015501757,0.1500360770274171,4184,4223,0.9705585112162733,False
globaldce,early-cse,0.0017807548393044548,0.5477621648833296,0.5838698768692252,4193,4159,0.9904824893058242,False
globaldce,mergereturn,-0.003060637813918854,-0.817866012328089,0.4134569994419179,4239,4127,0.9904824893058242,False
globaldce,globalopt,0.0031530825248943795,0.841571064388008,0.40005259925222025,4166,4062,0.9904824893058242,False
globaldce,strip-dead-prototypes,-0.0001698892975161015,-0.04787286174090401,0.9618187005499365,4199,4245,0.9990475216511701,False
globaldce,indvars,-0.0009589688312417466,-0.2554448835736711,0.7983857501173578,4188,4284,0.9930288168050652,False
globaldce,mergeicmps,0.002868477863689989,0.7717874218218248,0.44026255316767793,4059,4201,0.9904824893058242,False
globaldce,separate-const-offset-from-gep,-0.006360132775772409,-1.7122339580030814,0.08689088503742928,4276,4049,0.9223771155217892,False
globaldce,libcalls-shrinkwrap,0.0033268239906264485,0.8847238498416454,0.3763309020117284,4217,4216,0.9904824893058242,False
globaldce,flattencfg,-0.0030418158159976616,-0.8374171896222982,0.40238205425284373,4248,4112,0.9904824893058242,False
globaldce,loop-reduce,-0.0027597897924199755,-0.772434911364822,0.43987809416919244,4323,4290,0.9904824893058242,False
globaldce,loop-unroll,-0.0009970749494553344,-0.2503134100209605,0.8023511235418522,4145,4241,0.9930288168050652,False
globaldce,loop-rotate,-0.0032545829814034644,-0.8614066202318915,0.3890388543165067,4179,4181,0.9904824893058242,False
globaldce,partial-inliner,-0.0037531658040339533,-1.0212371455465548,0.30717169596608507,4160,4189,0.9904824893058242,False
globaldce,lower-expect,0.0004865529926839085,0.12973683175781858,0.8967777840779817,4112,4237,0.9961990294109887,False
globaldce,alignment-from-assumptions,0.001458995603800195,0.38857425242724747,0.6976009793228009,4169,4221,0.9904824893058242,False
globaldce,rpo-function-attrs,-0.00481417110379595,-1.2547275951100942,0.2096131247339595,4127,4168,0.9705585112162733,False
globaldce,attributor,-0.0020788867548146572,-0.6265878689164576,0.5309464383657333,4255,4156,0.9904824893058242,False
globaldce,inferattrs,-0.0021222137293713805,-0.5693622296549009,0.56912543927593,4198,4283,0.9904824893058242,False
globaldce,called-value-propagation,-0.004353266272118794,-1.1825390706613712,0.23702548074138335,4151,4222,0.974991368259724,False
globaldce,licm,-0.0011340164733308344,-0.3045173139748571,0.760741431028759,4159,4152,0.9930288168050652,False
globaldce,loop-simplify,-0.0014763333609493778,-0.39245065426197534,0.6947351109506152,4355,4144,0.9904824893058242,False
globaldce,div-rem-pairs,0.004897334436496814,1.3266458800498233,0.1846622799135961,4171,4151,0.9705585112162733,False
globaldce,float2int,0.00040733772605661134,0.11141787060803811,0.9112875838714839,4305,4319,0.9961990294109887,False
globaldce,inline,-0.006623466370522135,-1.8000070250476632,0.07189604063298785,4131,4123,0.9223771155217892,False
globaldce,sink,0.004659495165710181,1.241749357388753,0.21436310314219295,4243,4312,0.9705585112162733,False
globaldce,loop-vectorize,0.0030397338127002294,0.8178545665027905,0.4134637089707377,4236,4097,0.9904824893058242,False
globaldce,slp-vectorizer,-0.00022784881067189344,-0.0597065553561351,0.9523907958633981,4082,4189,0.9987622411976728,False
globaldce,callsite-splitting,-0.00128062134646878,-0.3477815674713718,0.7280128613050442,4225,4267,0.9925991244200286,False
globaldce,dfa-jump-threading,0.0014881720873141657,0.40562808420805635,0.6850260339385983,4261,4300,0.9904824893058242,False
globaldce,consthoist,0.003256529029932842,0.8494066410864068,0.39567930355378045,4243,4146,0.9904824893058242,False
globaldce,mldst-motion,-0.0011378197389624312,-0.30849332021368014,0.7577147005787053,4145,4184,0.9930288168050652,False
globaldce,slsr,-0.002963486518414493,-0.8083142022458732,0.4189325242021943,4212,4248,0.9904824893058242,False
globaldce,loop-interchange,0.007352132109977039,1.978720189390849,0.047880205383454416,4169,4226,0.916850641619808,False
globaldce,loop-fusion,-0.0019971267134917814,-0.5333985723367145,0.593771768113726,4221,4211,0.9904824893058242,False
globaldce,loop-distribute,-0.0017058400999881984,-0.44424718252151074,0.6568754251609634,4202,4143,0.9904824893058242,False
globaldce,loop-load-elim,-0.0006424464003489394,-0.17302722011328267,0.8626341706963797,4211,4253,0.9939385410125189,False
globaldce,loop-sink,-0.0031552009444359985,-0.8582963634502464,0.3907532801534912,4215,4203,0.9904824893058242,False
globaldce,loop-unroll-and-jam,-0.0003274744692655651,-0.08646531430901952,0.9310985964487478,4263,4108,0.9970496471007156,False
globaldce,hotcoldsplit,0.0008480447907166511,0.2229973941742504,0.823542934202042,4270,4175,0.9930288168050652,False
globaldce,irce,0.0013692840102920711,0.3727840162046086,0.7093186514728286,4205,4158,0.9916947457282645,False
globaldce,nary-reassociate,0.00635380271253555,1.747115741448558,0.08065394603298404,4104,4282,0.9223771155217892,False
globaldce,scalarizer,-0.0015622891093191038,-0.4219603303995753,0.673064772327909,4217,4195,0.9904824893058242,False
globaldce,vector-combine,0.003864329329867633,1.0300082698880544,0.30303610594421504,4129,4190,0.9904824893058242,False
globaldce,always-inline,-0.0017725320896398444,-0.4718887905510231,0.6370183430008225,4302,4165,0.9904824893058242,False
globaldce,globalsplit,-0.0027219641655585325,-0.7191066987099715,0.47209520103429176,4172,4230,0.9904824893058242,False
globaldce,lowerswitch,0.00689904300101557,1.8970181990919757,0.05785928320005661,4267,4270,0.9214183220099281,False
globaldce,early-cse-memssa,-0.00213498904362297,-0.7588199087292551,0.4479818862274532,4138,4190,0.9904824893058242,False
globaldce,simple-loop-unswitch,-0.0014467439422621853,-0.38868936882733485,0.6975159546468082,4241,4052,0.9904824893058242,False
globaldce,loop-versioning,-0.0005419777485379251,-0.14377456687107482,0.8856818999956461,4275,4218,0.994650908707853,False
globaldce,loop-flatten,3.610933310327358e-05,0.00951517724029723,0.9924083282400905,4125,4253,0.9990475216511701,False
globaldce,loop-reroll,-0.0015592901400900416,-0.4103149518222416,0.6815854856969408,4174,4153,0.9904824893058242,False
globaldce,loop-instsimplify,-0.0009695465901290445,-0.2696338204879319,0.7874485818738247,4241,4192,0.9930288168050652,False
globaldce,loop-simplifycfg,0.0005260544867026207,0.14248252103708656,0.8867023294941561,4242,4132,0.994650908707853,False
globaldce,loop-predication,0.00478455757634455,1.2901446110894077,0.1970358154857362,4174,4293,0.9705585112162733,False
globaldce,speculative-execution,0.007621918414738638,2.0459887259940723,0.04078857055231474,4127,4278,0.9119822292272008,False
globaldce,partially-inline-libcalls,0.003272711735676337,0.8839561119064033,0.3767449946211217,4200,4273,0.9904824893058242,False
globaldce,load-store-vectorizer,-0.0029669281232501676,-0.7911604916981388,0.42887251093906986,4235,4235,0.9904824893058242,False
globaldce,iroutliner,0.0008312833788144403,0.22488258211247975,0.8220760612939585,4271,4211,0.9930288168050652,False
globaldce,global-merge,0.001268715516421326,0.34330465210883215,0.7313779933437815,4090,4209,0.9925991244200286,False
globaldce,break-crit-edges,-0.0033926291184880886,-0.9049250296543311,0.36553107058566775,4269,4139,0.9904824893058242,False
globaldce,unreachableblockelim,0.0013309879737732344,0.35659806056443244,0.7214016049960994,4184,4297,0.9925991244200286,False
elim-avail-extern,mergefunc,-0.0008974063391345988,-0.24670362932804513,0.8051436323532425,4266,4128,0.9930288168050652,False
elim-avail-extern,instcombine,0.0005337080375483749,0.16689760020664104,0.8674546638831321,4165,4194,0.9939394641716258,False
elim-avail-extern,simplifycfg,0.0015399418118342,0.40390810133271837,0.6862905830407139,4238,4179,0.9904824893058242,False
elim-avail-extern,tailcallelim,-0.0011389036250902818,-0.3090129477910551,0.7573193094046713,4294,4149,0.9930288168050652,False
elim-avail-extern,reassociate,-0.00012370929944777176,-0.03348615869814076,0.9732876990707576,4208,4195,0.9990475216511701,False
elim-avail-extern,memcpyopt,0.00707829389511988,1.9125047945605607,0.05584563879461186,4114,4243,0.9214183220099281,False
elim-avail-extern,sccp,0.001571066792642739,0.4179810497421068,0.6759715774560558,4240,4225,0.9904824893058242,False
elim-avail-extern,dce,-0.0017426539477896075,-0.4752242430703541,0.634639465099155,4212,4218,0.9904824893058242,False
elim-avail-extern,adce,-0.009344485955250337,-2.447970327387732,0.014386576492057606,4262,4185,0.8163479239936102,False
elim-avail-extern,dse,0.002885305161422269,0.7605963094538725,0.4469196797444645,4175,4189,0.9904824893058242,False
elim-avail-extern,jump-threading,0.001431177361988667,0.39286087115250656,0.6944323424784302,4093,4245,0.9904824893058242,False
elim-avail-extern,loop-idiom,0.006266759783030151,1.6764925436509608,0.09367924209226468,4356,4122,0.9223771155217892,False
elim-avail-extern,loop-deletion,-0.0037219304130535757,-1.0017259233177067,0.31650466053137744,4324,4159,0.9904824893058242,False
elim-avail-extern,gvn,-0.0010228184498013437,-0.3579096314001334,0.7204198667184588,4306,4168,0.9925991244200286,False
elim-avail-extern,gvn-hoist,-0.004180618031363992,-1.1700624813027785,0.2420082619062647,4245,4380,0.9797934796429284,False
elim-avail-extern,gvn-sink,0.0017275598497512035,0.4769414805070695,0.6334161795971096,4227,4209,0.9904824893058242,False
elim-avail-extern,newgvn,-0.0009891638798272262,-0.38713117913567385,0.698668935204626,4201,4176,0.9904824893058242,False
elim-avail-extern,early-cse,0.004338300090879543,1.349659305266564,0.17716148665720238,4213,4231,0.9705585112162733,False
elim-avail-extern,mergereturn,0.002008993754714583,0.5495870927824887,0.582616984683562,4245,4318,0.9904824893058242,False
elim-avail-extern,globalopt,0.006043549632548828,1.6453623156946557,0.09993275011835959,4136,4217,0.9298842796600941,False
elim-avail-extern,strip-dead-prototypes,0.0008765560783263182,0.2386371201132892,0.8113927177809096,4265,4276,0.9930288168050652,False
elim-avail-extern,indvars,0.0016505038753060752,0.4421670153739468,0.6583799417568695,4192,4095,0.9904824893058242,False
elim-avail-extern,mergeicmps,-0.0014731578152001323,-0.3955061537420561,0.6924793246433083,4259,4229,0.9904824893058242,False
elim-avail-extern,separate-const-offset-from-gep,-0.0006879471868739828,-0.18311231164671715,0.8547144055242316,4137,4117,0.9939385410125189,False
elim-avail-extern,libcalls-shrinkwrap,-0.0009118521803285207,-0.25272027942453634,0.8004906397243623,4120,4189,0.9930288168050652,False
elim-avail-extern,flattencfg,-0.0065226048373773216,-1.7820987926925071,0.07476981882350353,4153,4131,0.9223771155217892,False
elim-avail-extern,loop-reduce,-0.0008886648241167583,-0.245351411274744,0.8061903659186227,4139,4229,0.9930288168050652,False
elim-avail-extern,loop-unroll,0.0013071403033458884,0.34513469187311935,0.7300017327722559,4249,4194,0.9925991244200286,False
elim-avail-extern,loop-rotate,0.005611856342701893,1.485108917913147,0.13755292104734368,4203,4106,0.95758018139933,False
elim-avail-extern,partial-inliner,-0.009341418123699763,-2.5486907275185766,0.010830628653662954,4179,4143,0.6952908493072808,False
elim-avail-extern,lower-expect,-0.005898507208329518,-1.622955476471467,0.10463620420499228,4199,4258,0.9298842796600941,False
elim-avail-extern,alignment-from-assumptions,-0.0013322278845039892,-0.3591998928088361,0.7194546601042822,4180,4153,0.9925991244200286,False
elim-avail-extern,rpo-function-attrs,0.0029748414851990534,0.8100881465755357,0.4179124945934286,4231,4160,0.9904824893058242,False
elim-avail-extern,attributor,0.0005141326670201618,0.15888239525710257,0.873765364012505,4120,4314,0.9943810419857512,False
elim-avail-extern,inferattrs,0.002746971616977789,0.745971987026719,0.455705080758087,4235,4224,0.9904824893058242,False
elim-avail-extern,called-value-propagation,-0.010136830916787187,-2.738854413072622,0.006178464186105215,4185,4159,0.5630424489252757,False
elim-avail-extern,licm,-0.0029753579229330196,-0.7627648527262462,0.44562517333981083,4200,4184,0.9904824893058242,False
elim-avail-extern,loop-simplify,-0.002509283918894545,-0.6843406297783267,0.49377889681599524,4240,4202,0.9904824893058242,False
elim-avail-extern,div-rem-pairs,0.006905528841419539,1.86024973853622,0.06288560541419921,4054,4288,0.9214183220099281,False
elim-avail-extern,float2int,0.002322575130054849,0.6194741288878388,0.5356208914719912,4176,4216,0.9904824893058242,False
elim-avail-extern,inline,0.0008482570116984389,0.22744877576604974,0.8200803433888615,4192,4199,0.9930288168050652,False
elim-avail-extern,sink,-0.006014358398723052,-1.586912815044961,0.1125700565431692,4214,4183,0.9298842796600941,False
elim-avail-extern,loop-vectorize,-0.004845089116546575,-1.3044235574678742,0.19212493731056648,4172,4274,0.9705585112162733,False
elim-avail-extern,slp-vectorizer,-0.005531421090050559,-1.4649379659727304,0.1429749868178207,4183,4283,0.95758018139933,False
elim-avail-extern,callsite-splitting,0.00011354827999027206,0.03025886968230974,0.9758613174927313,4208,4201,0.9990475216511701,False
elim-avail-extern,dfa-jump-threading,-0.0051021058044520284,-1.3641334077852842,0.17256235090130273,4281,4081,0.9705585112162733,False
elim-avail-extern,consthoist,0.0070056811039495015,1.8997742646651414,0.05749679783286682,4252,4193,0.9214183220099281,False
elim-avail-extern,mldst-motion,0.001814770588855208,0.49304561039830924,0.6219930916651306,4221,4285,0.9904824893058242,False
elim-avail-extern,slsr,0.00097421942605741,0.2552568324672494,0.7985310952973226,4191,4070,0.9930288168050652,False
elim-avail-extern,loop-interchange,-0.0014078352798305716,-0.38499996928921926,0.7002471628521548,4151,4292,0.9904824893058242,False
elim-avail-extern,loop-fusion,0.00311694538060997,0.8287587924666955,0.40726474041477,4139,4167,0.9904824893058242,False
elim-avail-extern,loop-distribute,0.006565454370744517,1.7494197015826083,0.0802553608831178,4223,4131,0.9223771155217892,False
elim-avail-extern,loop-load-elim,0.004652694009294134,1.257851677358925,0.2084805381823871,4246,4123,0.9705585112162733,False
elim-avail-extern,loop-sink,0.0024489517100402813,0.663258635831339,0.50718305123009,4240,4196,0.9904824893058242,False
elim-avail-extern,loop-unroll-and-jam,0.0022510180762494447,0.6041769999623374,0.5457424806491856,4182,4122,0.9904824893058242,False
elim-avail-extern,hotcoldsplit,0.005579020857442496,1.4689330650642884,0.14188807117576885,4291,4263,0.95758018139933,False
elim-avail-extern,irce,-0.007948566466789042,-2.1128591615536503,0.034642464161474026,4195,4145,0.8825311530906069,False
elim-avail-extern,nary-reassociate,-0.00392211053140662,-1.064690716032922,0.2870467787342104,4114,4245,0.9904824893058242,False
elim-avail-extern,scalarizer,0.001027789002605306,0.27217297739928514,0.7854956535521376,4164,4319,0.9930288168050652,False
elim-avail-extern,vector-combine,0.0008794250815098992,0.2368788134754644,0.8127565868863182,4237,4160,0.9930288168050652,False
elim-avail-extern,always-inline,0.0012398917915505958,0.33259832611864354,0.7394458209890842,4178,4216,0.9930288168050652,False
elim-avail-extern,globalsplit,-0.002144783148504026,-0.557406164174739,0.5772651381437538,4078,4149,0.9904824893058242,False
elim-avail-extern,lowerswitch,-0.0015701759916668667,-0.42199595993728134,0.6730385950422146,4249,4302,0.9904824893058242,False
elim-avail-extern,early-cse-memssa,0.0026285585144733004,1.0243444637361216,0.3057025161057072,4076,4254,0.9904824893058242,False
elim-avail-extern,simple-loop-unswitch,0.008090401319954255,2.1421345478966147,0.032211496437972394,4145,4220,0.8825311530906069,False
elim-avail-extern,loop-versioning,-0.004518161488997918,-1.1890994420330079,0.23443429279248168,4162,4205,0.9745114828179076,False
elim-avail-extern,loop-flatten,-0.004627690196862766,-1.2477629503285717,0.21215268385244787,4202,4246,0.9705585112162733,False
elim-avail-extern,loop-reroll,0.002892392146606859,0.7858708189994629,0.4319648576743437,4265,4327,0.9904824893058242,False
elim-avail-extern,loop-instsimplify,-0.0039048153283141596,-1.0579591783731377,0.2901041288590503,4272,4227,0.9904824893058242,False
elim-avail-extern,loop-simplifycfg,0.003810664567110933,1.0178816135114968,0.3087638113477487,4123,4201,0.9904824893058242,False
elim-avail-extern,loop-predication,0.0010585933903429212,0.2886548661528186,0.7728526953671313,4103,4220,0.9930288168050652,False
elim-avail-extern,speculative-execution,-0.004561344739639317,-1.2339125660948957,0.21726972751810195,4216,4259,0.9705585112162733,False
elim-avail-extern,partially-inline-libcalls,0.002841261830620223,0.7676104624562504,0.44274019154253264,4152,4267,0.9904824893058242,False
elim-avail-extern,load-store-vectorizer,-0.002784625389182782,-0.7596958034131139,0.44745782749899804,4218,4159,0.9904824893058242,False
elim-avail-extern,iroutliner,-0.003517129008211606,-0.9599922533571053,0.33708706070254085,4089,4234,0.9904824893058242,False
elim-avail-extern,global-merge,0.004035251600894518,1.0631001064671257,0.2877673932981145,4285,4126,0.9904824893058242,False
elim-avail-extern,break-crit-edges,0.006542694725799436,1.7509214947340683,0.07999551699664896,4304,4203,0.9223771155217892,False
elim-avail-extern,unreachableblockelim,-0.0036459550324370316,-0.9899261255744273,0.32223851290781136,4232,4244,0.9904824893058242,False
mergefunc,instcombine,-0.006674051054329833,-2.100113703058609,0.035748201730595515,4239,4273,0.8825311530906069,False
mergefunc,simplifycfg,0.0025873694214504916,0.7020457162466137,0.4826698034905133,4396,4139,0.9904824893058242,False
mergefunc,tailcallelim,-0.0013613086998523483,-0.3663599920937593,0.7141057081970829,4142,4249,0.9924654586614432,False
mergefunc,reassociate,0.005436296866764667,1.5181721751431312,0.12900769193892728,4285,4339,0.9572881463934645,False
mergefunc,memcpyopt,0.00028224535599896683,0.0757295447076834,0.9396360583781731,4223,4259,0.9987146011758271,False
mergefunc,sccp,-0.005956871545179654,-1.5679446793402376,0.1169316276073848,4220,4205,0.9352659276973905,False
mergefunc,dce,-6.378892985647866e-05,-0.01699327539319511,0.9864423920486686,4084,4160,0.9990475216511701,False
mergefunc,adce,0.003941845655420773,1.0456228034006254,0.2957657374656392,4174,4115,0.9904824893058242,False
mergefunc,dse,-0.0006174515405462655,-0.1687153891907872,0.866024563246529,4215,4213,0.9939394641716258,False
mergefunc,jump-threading,0.005346031805965434,1.4584499235115167,0.1447541754435752,4166,4191,0.9590796446126293,False
mergefunc,loop-idiom,0.001433503466722219,0.39031373760574606,0.6963143847695658,4281,4191,0.9904824893058242,False
mergefunc,loop-deletion,-0.000594870331650621,-0.16022133722403634,0.8727105429859624,4261,4213,0.9942716603646986,False
mergefunc,gvn,0.001129200731646296,0.38758152240871807,0.6983356294982807,4322,4190,0.9904824893058242,False
mergefunc,gvn-hoist,-0.002708570478306971,-0.7303471049205505,0.46519845114609704,4182,4207,0.9904824893058242,False
mergefunc,gvn-sink,0.0023668904173775873,0.6442692212161082,0.5194185609905799,4187,4172,0.9904824893058242,False
mergefunc,newgvn,-0.0015194450304689133,-0.5615818572382472,0.5744163255691069,4254,4128,0.9904824893058242,False
mergefunc,early-cse,-0.0029515306858071133,-0.9030759046995165,0.3665115656342303,4258,4133,0.9904824893058242,False
mergefunc,mergereturn,-0.003969220943659313,-1.0653191507352109,0.28676171095370245,4251,4276,0.9904824893058242,False
mergefunc,globalopt,6.189652032173587e-05,0.016861388907936686,0.9865475962514776,4154,4244,0.9990475216511701,False
mergefunc,strip-dead-prototypes,-0.002136489152980814,-0.5694111953436078,0.5690926660562216,4059,4171,0.9904824893058242,False
mergefunc,indvars,-0.0022508683021975062,-0.6172722703717887,0.5370715764117985,4344,4216,0.9904824893058242,False
mergefunc,mergeicmps,0.0002814979781441962,0.07523710673661943,0.9400278723376972,4124,4198,0.9987146011758271,False
mergefunc,separate-const-offset-from-gep,-0.0034498930231410263,-0.9303798810113624,0.35220150211946744,4127,4206,0.9904824893058242,False
mergefunc,libcalls-shrinkwrap,-0.0045363443477606236,-1.2366218694884346,0.21626243973869322,4203,4266,0.9705585112162733,False
mergefunc,flattencfg,-0.0015176001106314563,-0.4148514085792983,0.6782612132986433,4207,4247,0.9904824893058242,False
mergefunc,loop-reduce,-0.003410349329537432,-0.9231633973615514,0.35594837728134676,4236,4233,0.9904824893058242,False
mergefunc,loop-unroll,0.00219117924406792,0.5535382519074785,0.5799097228696287,4300,4088,0.9904824893058242,False
mergefunc,loop-rotate,0.00017006560414273286,0.04353496671266096,0.965276146599969,4135,4121,0.9990475216511701,False
mergefunc,partial-inliner,0.0016655063171880369,0.44412363378412234,0.6569646702117646,4145,4236,0.9904824893058242,False
mergefunc,lower-expect,-0.005046552633693413,-1.330434620911942,0.18341080849957225,4315,4199,0.9705585112162733,False
mergefunc,alignment-from-assumptions,0.0039449138376286275,1.0517691392201556,0.29293579819020277,4172,4236,0.9904824893058242,False
mergefunc,rpo-function-attrs,-0.003571526681292625,-0.9762608690158284,0.32896317054470464,4210,4237,0.9904824893058242,False
mergefunc,attributor,0.003886060902564714,1.1526192198657492,0.24910003538124614,4129,4142,0.9809668827741863,False
mergefunc,inferattrs,-0.0004175855045780996,-0.11296995174486717,0.9100571866061418,4041,4041,0.9961990294109887,False
mergefunc,called-value-propagation,0.001735381282424564,0.45783555635149736,0.6470824058250886,4206,4227,0.9904824893058242,False
mergefunc,licm,-0.0020512397391865833,-0.5311898132787498,0.5953012583236622,4213,4218,0.9904824893058242,False
mergefunc,loop-simplify,-0.001543092006121738,-0.4057171600656607,0.6849608798081877,4100,4220,0.9904824893058242,False
mergefunc,div-rem-pairs,-0.004279769182882032,-1.1716236742734687,0.24138133714971985,4273,4148,0.9797934796429284,False
mergefunc,float2int,-0.0034126043991729027,-0.9311329370076227,0.3518112066606464,4294,4234,0.9904824893058242,False
mergefunc,inline,0.0039052508639006445,1.0570774353242776,0.29050679590214346,4292,4132,0.9904824893058242,False
mergefunc,sink,-0.0009218980815900446,-0.2502821050348409,0.8023753631410289,4179,4162,0.9930288168050652,False
mergefunc,loop-vectorize,-0.008470725390989808,-2.295765688710972,0.02171374196644169,4153,4324,0.8737054275608976,False
mergefunc,slp-vectorizer,-0.005599738697671608,-1.5077159155464757,0.13166549023979462,4033,4282,0.9572881463934645,False
mergefunc,callsite-splitting,-0.004057389600733208,-1.0733104090904355,0.28316240198087056,4298,4192,0.9904824893058242,False
mergefunc,dfa-jump-threading,-0.0042712502585003365,-1.1306847137704192,0.2582206794648687,4150,4119,0.9858725228221116,False
mergefunc,consthoist,0.0019599336982702997,0.5331813642213306,0.5939220148872417,4241,4240,0.9904824893058242,False
mergefunc,mldst-motion,0.0031624507062337215,0.8540187234081531,0.3931187598262328,4272,4208,0.9904824893058242,False
mergefunc,slsr,-0.0004754571451330847,-0.12546217274507807,0.9001606852850118,4217,4151,0.9961990294109887,False
mergefunc,loop-interchange,-0.0001893814175243369,-0.050854235588409055,0.9594428948966146,4133,4206,0.9990475216511701,False
mergefunc,loop-fusion,0.0022082657999343835,0.5961769484853113,0.5510732594898569,4173,4141,0.9904824893058242,False
mergefunc,loop-distribute,0.003146874612902806,0.8205183633963353,0.41194458945787765,4098,4083,0.9904824893058242,False
mergefunc,loop-load-elim,-4.0312762380034783e-05,-0.01066572813485706,0.9914903987643287,4090,4185,0.9990475216511701,False
mergefunc,loop-sink,0.003482585169303498,0.9427723201879163,0.3458243857674756,4308,4141,0.9904824893058242,False
mergefunc,loop-unroll-and-jam,0.00017528621663559507,0.046497660921391785,0.962914712865551,4251,4148,0.9990475216511701,False
mergefunc,hotcoldsplit,0.00032966635488435037,0.08993486000407672,0.9283411082270464,4255,4215,0.9962685063900011,False
mergefunc,irce,-0.0016805795916292054,-0.4504348656098329,0.6524084698064239,4202,4257,0.9904824893058242,False
mergefunc,nary-reassociate,-0.0018034922027242994,-0.4899144699997607,0.6242071566722813,4123,4320,0.9904824893058242,False
mergefunc,scalarizer,0.007714857974464362,2.040216437794701,0.041360365735665636,4162,4159,0.9119822292272008,False
mergefunc,vector-combine,-0.006328017948880049,-1.702349517611848,0.0887270795768172,4154,4225,0.9223771155217892,False
mergefunc,always-inline,0.00090165545727805,0.2394940964263659,0.8107283748790584,4193,4129,0.9930288168050652,False
mergefunc,globalsplit,-0.0007629921117731642,-0.20371792391920798,0.8385787977429027,4278,4270,0.9939033925017995,False
mergefunc,lowerswitch,-0.0012250688227677942,-0.32227352989026464,0.7472535389638078,4221,4152,0.9930288168050652,False
mergefunc,early-cse-memssa,0.0006497275899098875,0.241178722297474,0.8094224337579945,4281,4211,0.9930288168050652,False
mergefunc,simple-loop-unswitch,-0.003474301120279466,-0.8786595813418523,0.3796116625750548,4165,4110,0.9904824893058242,False
mergefunc,loop-versioning,0.001242536331948374,0.32217645758240343,0.7473271338618581,4195,4118,0.9930288168050652,False
mergefunc,loop-flatten,-0.0007683924642746254,-0.20219075909909953,0.8397725385841904,4134,4192,0.9939033925017995,False
mergefunc,loop-reroll,0.002077722149669503,0.547128709897835,0.5843049125078443,4208,4163,0.9904824893058242,False
mergefunc,loop-instsimplify,0.009946706452969467,2.6931901061340047,0.007091445058404963,4135,4151,0.5950602324976899,False
mergefunc,loop-simplifycfg,-0.0009539440703782986,-0.24926101608039167,0.8031651007456503,4071,4234,0.9930288168050652,False
mergefunc,loop-predication,0.002547124271416512,0.6812855873666229,0.49570987541348593,4175,4098,0.9904824893058242,False
mergefunc,speculative-execution,0.008067778182638319,2.1979308227724945,0.027980862045648362,4210,4313,0.8825311530906069,False
mergefunc,partially-inline-libcalls,0.0023464164260442733,0.6406089921484653,0.5217941337054807,4215,4242,0.9904824893058242,False
mergefunc,load-store-vectorizer,-0.005167219076114338,-1.377647827258954,0.16834912509592917,4224,4099,0.9705585112162733,False
mergefunc,iroutliner,3.6542497367397786e-05,0.010104201119699115,0.9919383889378607,4190,4287,0.9990475216511701,False
mergefunc,global-merge,-0.0023236405188609144,-0.6383154431120294,0.5232857869560893,4187,4227,0.9904824893058242,False
mergefunc,break-crit-edges,0.00492571219697524,1.3273565710657553,0.18442679850922486,4140,4272,0.9705585112162733,False
mergefunc,unreachableblockelim,7.892872484654978e-05,0.02105751459213305,0.9832002739024753,4198,4241,0.9990475216511701,False
instcombine,simplifycfg,0.001103251117962778,0.33905052353656406,0.7345801134940776,4263,4178,0.9925991244200286,False
instcombine,tailcallelim,0.002347876020399098,0.751393490646829,0.452436838257233,4241,4204,0.9904824893058242,False
instcombine,reassociate,0.0018855596457793,0.604903746569696,0.5452593894433952,4177,4186,0.9904824893058242,False
instcombine,memcpyopt,-0.002229924062156774,-0.7140897123735724,0.4751916011605814,4201,4184,0.9904824893058242,False
instcombine,sccp,-0.0019775693478755185,-0.6134862488341706,0.5395715824358059,4206,4153,0.9904824893058242,False
instcombine,dce,0.0005664747908475376,0.17486977504930784,0.8611861831679766,4161,4229,0.9939385410125189,False
instcombine,adce,-0.007490524659096831,-2.407544904190702,0.016081573500304425,4288,4160,0.8221760719994755,False
instcombine,dse,0.003186407391637336,1.007103091822465,0.31391436359373365,4189,4183,0.9904824893058242,False
instcombine,jump-threading,-0.004858785218095019,-1.514700703252693,0.12988657517081534,4089,4165,0.9572881463934645,False
instcombine,loop-idiom,-0.0012078637196210606,-0.39100255167100806,0.6958052970777288,4163,4213,0.9904824893058242,False
instcombine,loop-deletion,0.0005310163528166045,0.16654558019356838,0.8677316844642694,4082,4230,0.9939394641716258,False
instcombine,gvn,-0.03863005278860243,-14.51922484441251,3.697442819395816e-47,4088,4323,1.4479186080754015e-43,True
instcombine,gvn-hoist,-0.0018711072515186222,-0.5808994676346795,0.5613242355712474,4099,4082,0.9904824893058242,False
instcombine,gvn-sink,-0.001747422272557364,-0.55218950145651,0.580833056837401,4257,4238,0.9904824893058242,False
instcombine,newgvn,-0.020767744886587725,-8.586627518415531,1.0600712231993088e-17,4119,4212,6.9187315167474894e-15,True
instcombine,early-cse,-0.002041638543992974,-0.6598618600837801,0.5093605067317797,4254,4179,0.9904824893058242,False
instcombine,mergereturn,-0.004795514908940257,-1.5351279950224546,0.1247899848506224,4254,4202,0.9517588806973311,False
instcombine,globalopt,-0.001433789168023114,-0.44472111740931586,0.6565327509018934,4331,4101,0.9904824893058242,False
instcombine,strip-dead-prototypes,-0.005409311769379754,-1.687172056132983,0.09160794321915736,4151,4145,0.9223771155217892,False
instcombine,indvars,-0.002621965865289344,-0.8284299789582634,0.4074509692220745,4149,4131,0.9904824893058242,False
instcombine,mergeicmps,0.0033124937558666745,1.0604353498152546,0.28897667894141343,4231,4286,0.9904824893058242,False
instcombine,separate-const-offset-from-gep,0.001199716440556331,0.37801651951732873,0.7054279016021306,4244,4148,0.9904824893058242,False
instcombine,libcalls-shrinkwrap,0.0022964734717545454,0.7212161371683656,0.47079678246788154,4196,4138,0.9904824893058242,False
instcombine,flattencfg,-0.0011302454062996348,-0.35605914925427856,0.7218051673646367,4269,4178,0.9925991244200286,False
instcombine,loop-reduce,-0.008395502949725964,-2.690827821664123,0.00714193843906829,4101,4108,0.5950602324976899,False
instcombine,loop-unroll,-0.0021967329529369306,-0.6657455798622802,0.5055920507338141,4189,4256,0.9904824893058242,False
instcombine,loop-rotate,-0.0012637507324332886,-0.3794927093964102,0.7043316873622346,4203,4132,0.9904824893058242,False
instcombine,partial-inliner,0.004008822592632744,1.2856872363100922,0.1985872616897836,4268,4264,0.9705585112162733,False
instcombine,lower-expect,-0.0002307270995624,-0.07609266568455277,0.9393471343546694,4324,4335,0.9987146011758271,False
instcombine,alignment-from-assumptions,0.00030389467516800384,0.09597415240339802,0.9235433744888104,4224,4247,0.9962685063900011,False
instcombine,rpo-function-attrs,-7.502856279140158e-05,-0.024298432843449364,0.980615136750631,4269,4197,0.9990475216511701,False
instcombine,attributor,-0.007889009153551119,-2.723635726065249,0.006470099642910471,4263,4183,0.5630424489252757,False
instcombine,inferattrs,0.000493644340702204,0.1514550596665324,0.8796204292440398,4093,4233,0.994650908707853,False
instcombine,called-value-propagation,0.0016005605140846924,0.5141845509033486,0.6071362646659467,4285,4311,0.9904824893058242,False
instcombine,licm,-0.003682078788143528,-1.1277434325185753,0.2594605389873771,4171,4324,0.9858725228221116,False
instcombine,loop-simplify,0.0005651698545142692,0.17849775233007503,0.858336358763073,4228,4237,0.9939385410125189,False
instcombine,div-rem-pairs,-0.0005695060638731264,-0.18054766029993938,0.8567270409768322,4127,4201,0.9939385410125189,False
instcombine,float2int,0.00017076656274911395,0.05376205259051368,0.9571260245490527,4233,4152,0.9990475216511701,False
instcombine,inline,-0.000556892055295688,-0.17607286573233788,0.8602409417344228,4179,4246,0.9939385410125189,False
instcombine,sink,0.001066113242855271,0.34158696749697554,0.7326703214513759,4221,4174,0.9925991244200286,False
instcombine,loop-vectorize,-0.0012272640382172129,-0.388714671342415,0.6974971579136817,4187,4166,0.9904824893058242,False
instcombine,slp-vectorizer,0.0019966742173556096,0.6387384373396532,0.5230101110874884,4328,4275,0.9904824893058242,False
instcombine,callsite-splitting,-0.006262486552474078,-1.9776920301007344,0.047996522352415895,4234,4060,0.916850641619808,False
instcombine,dfa-jump-threading,0.003966702805146993,1.2666857346292142,0.20530273095392468,4263,4157,0.9705585112162733,False
instcombine,consthoist,-0.0037626376364640612,-1.1859862581184002,0.23566148121897448,4099,4259,0.9745114828179076,False
instcombine,mldst-motion,-0.0019120165932737798,-0.590734791174986,0.5547143245609947,4064,4187,0.9904824893058242,False
instcombine,slsr,0.0025815596946664465,0.8185498425185208,0.4130664682802497,4213,4206,0.9904824893058242,False
instcombine,loop-interchange,-0.0018118987839871314,-0.5694837726136721,0.5690432907675702,4129,4188,0.9904824893058242,False
instcombine,loop-fusion,-0.0013002989003138565,-0.41441718424347657,0.6785791846596193,4160,4277,0.9904824893058242,False
instcombine,loop-distribute,-0.0018815888472826225,-0.5859041880862113,0.5579559032778119,4105,4161,0.9904824893058242,False
instcombine,loop-load-elim,0.0008128443535405094,0.24710884963661994,0.8048300588603206,4159,4213,0.9930288168050652,False
instcombine,loop-sink,0.00045242757630481467,0.1457862845060163,0.8840935892088464,4243,4219,0.994650908707853,False
instcombine,loop-unroll-and-jam,0.0016150698660679086,0.5099382201884973,0.6101080770601915,4235,4210,0.9904824893058242,False
instcombine,hotcoldsplit,0.003776070219348393,1.1834624705113133,0.23665996429004854,4110,4166,0.9745114828179076,False
instcombine,irce,-0.0021691016040474853,-0.6792619400412793,0.4969906118331151,4130,4277,0.9904824893058242,False
instcombine,nary-reassociate,0.0010223351695910488,0.31111303865304657,0.7557224334337058,4279,4188,0.9930288168050652,False
instcombine,scalarizer,-0.003111156424394912,-0.9763069132310976,0.32894066308451403,4190,4168,0.9904824893058242,False
instcombine,vector-combine,0.0040986861704124244,1.2985399802538162,0.1941375013820199,4240,4206,0.9705585112162733,False
instcombine,always-inline,0.0010792475341349639,0.34200691220051527,0.7323541885982082,4301,4208,0.9925991244200286,False
instcombine,globalsplit,0.006823132989508374,2.113009645156817,0.03463006038042006,4175,4102,0.8825311530906069,False
instcombine,lowerswitch,0.0063324627045494575,1.9186064530999232,0.055067462612491395,4285,4260,0.9214183220099281,False
instcombine,early-cse-memssa,-0.016919245148469486,-6.5331001828317,6.816862195248624e-11,4164,4245,3.3368540445742014e-08,True
instcombine,simple-loop-unswitch,-0.0024446984860999055,-0.7954639880730663,0.42636614671565576,4147,4248,0.9904824893058242,False
instcombine,loop-versioning,0.0002952892733321666,0.09287192177088126,0.9260075197017933,4176,4255,0.9962685063900011,False
instcombine,loop-flatten,-0.0027235289836217147,-0.8783899443831386,0.37975683903185703,4221,4328,0.9904824893058242,False
instcombine,loop-reroll,-0.002648827109111962,-0.8354745752460995,0.4034743349868554,4243,4164,0.9904824893058242,False
instcombine,loop-instsimplify,-0.003985574307328099,-1.2685699056760762,0.20462953749413743,4214,4220,0.9705585112162733,False
instcombine,loop-simplifycfg,0.006167712772531531,1.9456755370502579,0.051727213011813586,4196,4164,0.9205345724027795,False
instcombine,loop-predication,-0.0038143809588351285,-1.2172314452514723,0.22354982534886408,4310,4238,0.9745114828179076,False
instcombine,speculative-execution,-0.001637387600167739,-0.49710492728318645,0.619128280303751,4145,4129,0.9904824893058242,False
instcombine,partially-inline-libcalls,-0.005086791965413728,-1.5506445980032983,0.12102512386168851,4138,4164,0.9450525586222891,False
instcombine,load-store-vectorizer,-0.005146219794049611,-1.622083658947646,0.10482281441482873,4176,4275,0.9298842796600941,False
instcombine,iroutliner,0.003853734223153882,1.2289565510428857,0.21912271875986059,4197,4160,0.9705585112162733,False
instcombine,global-merge,0.00451498780022741,1.4234017749067573,0.15465696953016034,4179,4205,0.9705585112162733,False
instcombine,break-crit-edges,0.004389207642472637,1.3685667538023205,0.1711711555584008,4141,4304,0.9705585112162733,False
instcombine,unreachableblockelim,-0.002331033620293188,-0.7377323732299665,0.4606980748449041,4180,4074,0.9904824893058242,False
simplifycfg,tailcallelim,9.462568374030145e-06,0.002504667086930674,0.9980016265796708,4211,4182,0.9990993953973313,False
simplifycfg,reassociate,-0.0032578695642406785,-0.8798043427980324,0.378990272214303,4267,4205,0.9904824893058242,False
simplifycfg,memcpyopt,0.0014412158277881115,0.39681769373057907,0.6915118021050267,4292,4270,0.9904824893058242,False
simplifycfg,sccp,0.0010914679378178915,0.28805480531185074,0.7733118206597144,4259,4231,0.9930288168050652,False
simplifycfg,dce,0.0012194415783793322,0.32860237408704507,0.7424644040181565,4315,4150,0.9930288168050652,False
simplifycfg,adce,0.0009723733501041942,0.25591587483334516,0.7980221274382279,4156,4163,0.9930288168050652,False
simplifycfg,dse,0.002983111681389483,0.8033818893902189,0.4217773132719668,4120,4111,0.9904824893058242,False
simplifycfg,jump-threading,0.00481581984623497,1.278062859065615,0.20126257416900098,4334,4093,0.9705585112162733,False
simplifycfg,loop-idiom,0.0027646862928940585,0.7366693125788586,0.46134424063937335,4141,4183,0.9904824893058242,False
simplifycfg,loop-deletion,-0.006702095318800172,-1.7555537166901698,0.07920122361954386,4204,4167,0.9223771155217892,False
simplifycfg,gvn,-0.005036455752295943,-1.8658844354488158,0.062092524467458964,4184,4180,0.9214183220099281,False
simplifycfg,gvn-hoist,0.0033375746603637735,0.913235689396319,0.36114502126961134,4288,4071,0.9904824893058242,False
simplifycfg,gvn-sink,-0.008161320584728404,-2.2272876034435996,0.025954398293160527,4204,4236,0.8825311530906069,False
simplifycfg,newgvn,0.00011082208099238988,0.04199086375495398,0.9665069651888399,4333,4235,0.9990475216511701,False
simplifycfg,early-cse,-0.003036670999932989,-0.9339594745990412,0.3503519363590346,4202,4142,0.9904824893058242,False
simplifycfg,mergereturn,0.0027870957399431795,0.7503700249204011,0.45305308193683314,4160,4169,0.9904824893058242,False
simplifycfg,globalopt,0.004613279846857221,1.24563100087417,0.21293427585203922,4242,4251,0.9705585112162733,False
simplifycfg,strip-dead-prototypes,-0.0032538495885302,-0.8758515247968706,0.38113629217784045,4100,4145,0.9904824893058242,False
simplifycfg,indvars,0.004573814434444101,1.1847899684291119,0.23613403544044162,4149,4261,0.9745114828179076,False
simplifycfg,mergeicmps,-0.004353063797333023,-1.1514580127701899,0.24957682556269817,4107,4253,0.9809668827741863,False
simplifycfg,separate-const-offset-from-gep,-0.0028145189597104103,-0.7407672127611884,0.45885542913898214,4156,4213,0.9904824893058242,False
simplifycfg,libcalls-shrinkwrap,-0.0026632914077255876,-0.7082905724240427,0.478784629335968,4104,4292,0.9904824893058242,False
simplifycfg,flattencfg,0.002025544387916023,0.5517776761092551,0.5811150832218176,4286,4279,0.9904824893058242,False
simplifycfg,loop-reduce,-0.006264056664761375,-1.6961864373705862,0.08988693628193851,4317,4279,0.9223771155217892,False
simplifycfg,loop-unroll,-0.0049630299908896,-1.2485122713357486,0.2118796009045322,4045,4096,0.9705585112162733,False
simplifycfg,loop-rotate,-0.0010060805109401993,-0.2580471198786082,0.7963768985733358,4177,4191,0.9930288168050652,False
simplifycfg,partial-inliner,0.000875438523274541,0.23543924568599764,0.8138736128397873,4224,4113,0.9930288168050652,False
simplifycfg,lower-expect,-0.0011506975737647918,-0.32260772164928003,0.7470003434002261,4184,4275,0.9930288168050652,False
simplifycfg,alignment-from-assumptions,0.004435355359899529,1.2244161148786454,0.22082932418123075,4259,4220,0.9705585112162733,False
simplifycfg,rpo-function-attrs,0.003942267866008431,1.0922421251402226,0.2747583216521957,4182,4141,0.9904824893058242,False
simplifycfg,attributor,-0.004137901377122555,-1.2739530236705037,0.20271476721186865,4286,4249,0.9705585112162733,False
simplifycfg,inferattrs,-0.003045858737404372,-0.8036178248052138,0.4216405580552401,4228,4141,0.9904824893058242,False
simplifycfg,called-value-propagation,-0.0028334056158775822,-0.7681847668677364,0.4423989143662362,4231,4211,0.9904824893058242,False
simplifycfg,licm,0.004603899104560882,1.2504164131974786,0.21118189044102237,4260,4249,0.9705585112162733,False
simplifycfg,loop-simplify,0.003118924929074729,0.8394319227679876,0.4012510449013929,4201,4151,0.9904824893058242,False
simplifycfg,div-rem-pairs,0.003919343256795327,1.0459635389591537,0.29560758561188927,4230,4280,0.9904824893058242,False
simplifycfg,float2int,0.00010120441509775535,0.027518774207878245,0.9780466319047472,4246,4024,0.9990475216511701,False
simplifycfg,inline,-0.002920032462997657,-0.8005767950210821,0.42339905153763924,4247,4275,0.9904824893058242,False
simplifycfg,sink,-0.003673632994088849,-1.0120392238901066,0.3115484430288201,4251,4154,0.9904824893058242,False
simplifycfg,loop-vectorize,-0.0030343170067086422,-0.8179114935337444,0.413431118767419,4157,4176,0.9904824893058242,False
simplifycfg,slp-vectorizer,0.0007936644744871435,0.21515478640567634,0.8296518193876411,4245,4236,0.9939033925017995,False
simplifycfg,callsite-splitting,0.006645643918309629,1.7491488917862017,0.08030217971138545,4146,4195,0.9223771155217892,False
simplifycfg,dfa-jump-threading,-0.004113977836950611,-1.1208253325969795,0.2623947508326444,4243,4050,0.9858725228221116,False
simplifycfg,consthoist,-0.004625691722982828,-1.2387914694765594,0.21545731798339804,4205,4237,0.9705585112162733,False
simplifycfg,mldst-motion,0.007969379492741402,2.086539714364767,0.03695993593127159,4268,4129,0.8825311530906069,False
simplifycfg,slsr,0.0029381825191261424,0.8030585366488435,0.4219633004392665,4284,4262,0.9904824893058242,False
simplifycfg,loop-interchange,-0.0063370713638566945,-1.7005033238474372,0.08907319750786089,4190,4255,0.9223771155217892,False
simplifycfg,loop-fusion,0.0013066666177992126,0.36182250553907785,0.7174937238034462,4232,4217,0.9925991244200286,False
simplifycfg,loop-distribute,0.0018608641855398789,0.498025284945357,0.6184794086801492,4184,4148,0.9904824893058242,False
simplifycfg,loop-load-elim,-0.00363969920974333,-0.9551901669805759,0.3395097158909549,4101,4095,0.9904824893058242,False
simplifycfg,loop-sink,-0.008335937192037624,-2.222907132939921,0.026248988506859264,4148,4126,0.8825311530906069,False
simplifycfg,loop-unroll-and-jam,-0.0002500972583519001,-0.06896431293986338,0.9450196640790224,4231,4189,0.9987622411976728,False
simplifycfg,hotcoldsplit,-0.003192237951089638,-0.8619264082638344,0.3887531539817283,4094,4130,0.9904824893058242,False
simplifycfg,irce,-0.0035314809430192495,-0.9657472411153813,0.33419853103447733,4153,4234,0.9904824893058242,False
simplifycfg,nary-reassociate,0.007057806768555219,1.8786604132419846,0.06032529516108219,4193,4280,0.9214183220099281,False
simplifycfg,scalarizer,-0.0006830009599266273,-0.18655435995959488,0.8520145323082925,4270,4185,0.9939385410125189,False
simplifycfg,vector-combine,0.0009629506044613878,0.2540400772216249,0.7994708882993689,4161,4149,0.9930288168050652,False
simplifycfg,always-inline,0.0003775053560833297,0.10275324101513296,0.918161257248703,4158,4289,0.9962685063900011,False
simplifycfg,globalsplit,-0.0014873900226590742,-0.40060369956214303,0.6887219693215245,4258,4266,0.9904824893058242,False
simplifycfg,lowerswitch,0.0018773602601753203,0.5142032975249992,0.6071234110848851,4208,4182,0.9904824893058242,False
simplifycfg,early-cse-memssa,-0.0004888702019028579,-0.1842103331889128,0.853852916865948,4218,4153,0.9939385410125189,False
simplifycfg,simple-loop-unswitch,-0.0036572717463844717,-0.9420508755011164,0.34619455912796393,4067,4153,0.9904824893058242,False
simplifycfg,loop-versioning,-0.0021803180322473303,-0.6007231050790814,0.5480402547776392,4324,4281,0.9904824893058242,False
simplifycfg,loop-flatten,-0.004060217879213235,-1.0809554967754373,0.2797484026688453,4103,4178,0.9904824893058242,False
simplifycfg,loop-reroll,0.0027085633611064752,0.7312772166941799,0.46463087713348955,4092,4064,0.9904824893058242,False
simplifycfg,loop-instsimplify,0.003293698422768443,0.8991412928485913,0.36860362984510836,4066,4192,0.9904824893058242,False
simplifycfg,loop-simplifycfg,-0.0027878941610405272,-0.7582200884607893,0.44834073601025143,4118,4198,0.9904824893058242,False
simplifycfg,loop-predication,-0.0036816311078458064,-0.9681969171499576,0.332974368634362,4212,4082,0.9904824893058242,False
simplifycfg,speculative-execution,0.0030711423080795885,0.8249035043442726,0.40944964337800666,4251,4208,0.9904824893058242,False
simplifycfg,partially-inline-libcalls,-0.005748717871815079,-1.5885751945130093,0.1121937914252989,4171,4271,0.9298842796600941,False
simplifycfg,load-store-vectorizer,0.0018410082249035176,0.4975298156542286,0.6188287244018554,4088,4176,0.9904824893058242,False
simplifycfg,iroutliner,0.001979649289215457,0.5358684411722853,0.5920635501610111,4258,4216,0.9904824893058242,False
simplifycfg,global-merge,-0.0026395949353594794,-0.7155451688198,0.4742921688170479,4139,4248,0.9904824893058242,False
simplifycfg,break-crit-edges,-0.015665599114296602,-4.248857064946973,2.171799790757432e-05,4233,4189,0.005315479987878814,True
simplifycfg,unreachableblockelim,-0.00627496955844653,-1.6932439671426502,0.09044589747054542,4207,4264,0.9223771155217892,False
tailcallelim,reassociate,-0.0026774421186903097,-0.7166834093596336,0.47358938233460174,4160,4279,0.9904824893058242,False
tailcallelim,memcpyopt,-0.00129398333995151,-0.3499529392309806,0.7263827504407481,4217,4224,0.9925991244200286,False
tailcallelim,sccp,-0.0008417032540896652,-0.22669056444450297,0.8206699298627441,4241,4095,0.9930288168050652,False
tailcallelim,dce,-0.00792463446285041,-2.090711092320148,0.03658434470757059,4136,4163,0.8825311530906069,False
tailcallelim,adce,0.0014051874222451022,0.3793422008232729,0.7044433934057134,4271,4097,0.9904824893058242,False
tailcallelim,dse,-0.0025076800454575388,-0.6771074013366272,0.49835647224771007,4144,4279,0.9904824893058242,False
tailcallelim,jump-threading,0.0017304881497877123,0.4688447082744669,0.6391927705211914,4280,4159,0.9904824893058242,False
tailcallelim,loop-idiom,-0.00037527772886281063,-0.09954842816340898,0.9207052199771317,4270,4113,0.9962685063900011,False
tailcallelim,loop-deletion,-0.00409458433610943,-1.0843142262881886,0.27825673886727675,4232,4138,0.9904824893058242,False
tailcallelim,gvn,-0.0007875813848535196,-0.29527635013173187,0.767790007350572,4253,4257,0.9930288168050652,False
tailcallelim,gvn-hoist,-0.0009940606552516495,-0.2719797463860639,0.7856443532705478,4114,4204,0.9930288168050652,False
tailcallelim,gvn-sink,0.00797217029796593,2.2055690250028435,0.027441260497963218,4137,4239,0.8825311530906069,False
tailcallelim,newgvn,-0.003867313205797862,-1.4149761252354025,0.15711291010319592,4148,4208,0.9705585112162733,False
tailcallelim,early-cse,-0.001509980429776403,-0.46450646845230187,0.6422971064750509,4237,4081,0.9904824893058242,False
tailcallelim,mergereturn,-0.0017502873795037233,-0.4674160683790647,0.6402142641212266,4186,4280,0.9904824893058242,False
tailcallelim,globalopt,-0.00038888422468674744,-0.10469958201589709,0.9166166903543234,4227,4186,0.9962685063900011,False
tailcallelim,strip-dead-prototypes,-0.006804938682360762,-1.782988400307299,0.07462454989357842,4155,4221,0.9223771155217892,False
tailcallelim,indvars,0.0020740183237605847,0.5291301107513677,0.5967293808399522,4164,4131,0.9904824893058242,False
tailcallelim,mergeicmps,0.0014176435363852935,0.3853453484434503,0.6999913937783983,4089,4255,0.9904824893058242,False
tailcallelim,separate-const-offset-from-gep,-0.004611571242135348,-1.2748843342999017,0.20238584199342474,4174,4135,0.9705585112162733,False
tailcallelim,libcalls-shrinkwrap,-0.0031795364776028845,-0.8733725667518122,0.3824850559853004,4205,4180,0.9904824893058242,False
tailcallelim,flattencfg,0.0029022226076798052,0.778901852601156,0.43605936869331,4227,4217,0.9904824893058242,False
tailcallelim,loop-reduce,0.0014425121510608374,0.39580280356582587,0.6922604881809592,4225,4243,0.9904824893058242,False
tailcallelim,loop-unroll,-0.00039675601479000067,-0.10074020740571127,0.9197590933201513,4198,4219,0.9962685063900011,False
tailcallelim,loop-rotate,0.0017134827582824252,0.4514462426135023,0.6516796976587272,4178,4176,0.9904824893058242,False
tailcallelim,partial-inliner,0.0066707514858613814,1.8243776198363482,0.06813044651117355,4218,4202,0.9223771155217892,False
tailcallelim,lower-expect,0.001925197522490485,0.5136503784166906,0.6075098616700189,4196,4270,0.9904824893058242,False
tailcallelim,alignment-from-assumptions,-0.002666657830685759,-0.7031534152186211,0.48198007759632866,4032,4229,0.9904824893058242,False
tailcallelim,rpo-function-attrs,0.0009278158714510765,0.2488778846355443,0.8034612813230929,4239,4228,0.9930288168050652,False
tailcallelim,attributor,0.001611437540886107,0.4892289772263122,0.6246923728277125,4182,4220,0.9904824893058242,False
tailcallelim,inferattrs,0.0030853354294546054,0.8262610924998522,0.40867962519889917,4184,4165,0.9904824893058242,False
tailcallelim,called-value-propagation,0.004901783020342443,1.3221794931323831,0.18614450317009051,4236,4167,0.9705585112162733,False
tailcallelim,licm,-0.003390818956741648,-0.9033486748943619,0.3663665569466339,4269,4205,0.9904824893058242,False
tailcallelim,loop-simplify,0.003318754811721003,0.885464135979975,0.3759320986372265,4257,4045,0.9904824893058242,False
tailcallelim,div-rem-pairs,-0.003542279699476014,-0.9242704833323626,0.35537234458712397,4148,4165,0.9904824893058242,False
tailcallelim,float2int,-0.004381957869148689,-1.1984161949368983,0.2307883225588186,4245,4297,0.9745114828179076,False
tailcallelim,inline,-0.0018000388491144492,-0.47638780967031236,0.633810731709166,4149,4112,0.9904824893058242,False
tailcallelim,sink,-0.0011368646175715647,-0.3102171175347609,0.7564035403292488,4233,4180,0.9930288168050652,False
tailcallelim,loop-vectorize,0.002214000717600695,0.5814466465613505,0.560954933877696,4272,4227,0.9904824893058242,False
tailcallelim,slp-vectorizer,0.002142297714578134,0.5709647649237211,0.5680389351172943,4241,4099,0.9904824893058242,False
tailcallelim,callsite-splitting,-0.001877510238210367,-0.501514710738447,0.6160221276040728,4200,4168,0.9904824893058242,False
tailcallelim,dfa-jump-threading,0.00232572346851867,0.6170702143143346,0.5372053901478848,4130,4152,0.9904824893058242,False
tailcallelim,consthoist,-0.0003718754939538438,-0.10215500828250791,0.9186360652898393,4204,4242,0.9962685063900011,False
tailcallelim,mldst-motion,-0.0008772319855567812,-0.2312160881517167,0.8171526251402601,4161,4151,0.9930288168050652,False
tailcallelim,slsr,0.00300594845811214,0.8000308878145667,0.4237150080642435,4336,4265,0.9904824893058242,False
tailcallelim,loop-interchange,0.0014311853257675256,0.38440946229519485,0.7006849049289678,4173,4088,0.9904824893058242,False
tailcallelim,loop-fusion,-0.003852268971893502,-1.0148969611145209,0.31018376994252,4200,4350,0.9904824893058242,False
tailcallelim,loop-distribute,0.0013111013879154587,0.36230135527833657,0.7171359669652118,4209,4192,0.9925991244200286,False
tailcallelim,loop-load-elim,0.001770740585773034,0.4849989998130057,0.6276895422646299,4250,4283,0.9904824893058242,False
tailcallelim,loop-sink,0.00010356794546945158,0.028133085418419867,0.9775566806937549,4163,4168,0.9990475216511701,False
tailcallelim,loop-unroll-and-jam,-0.00348737692683021,-0.9211516846522326,0.356997697389763,4208,4198,0.9904824893058242,False
tailcallelim,hotcoldsplit,0.003290270568736653,0.8906962760473268,0.3731180311181133,4185,4122,0.9904824893058242,False
tailcallelim,irce,0.0018390565832113182,0.4910289491005122,0.6234187832552025,4212,4208,0.9904824893058242,False
tailcallelim,nary-reassociate,-0.0036522388311645004,-0.9913813619071048,0.32152711230892256,4331,4326,0.9904824893058242,False
tailcallelim,scalarizer,0.0012334049204166808,0.3286836522798337,0.7424030443286052,4223,4164,0.9930288168050652,False
tailcallelim,vector-combine,0.005241792237679066,1.4436035489047174,0.1488872300136621,4244,4300,0.9705585112162733,False
tailcallelim,always-inline,-0.002985483909933917,-0.8009830615260459,0.42316426789492584,4211,4141,0.9904824893058242,False
tailcallelim,globalsplit,-0.002993585066864035,-0.7960027622978464,0.42605296097899276,4251,4141,0.9904824893058242,False
tailcallelim,lowerswitch,-0.0019002168273458686,-0.5128484484549278,0.6080708474351812,4140,4275,0.9904824893058242,False
tailcallelim,early-cse-memssa,0.001791296885099769,0.6697213055611602,0.5030539043227623,4156,4259,0.9904824893058242,False
tailcallelim,simple-loop-unswitch,-0.0011460371786561896,-0.3088100981503689,0.7574735491546873,4259,4253,0.9930288168050652,False
tailcallelim,loop-versioning,0.0008142647791518631,0.21947578773918391,0.8262847003051722,4282,4235,0.9939033925017995,False
tailcallelim,loop-flatten,0.0017649076760306026,0.4786889238517794,0.632172473847478,4162,4196,0.9904824893058242,False
tailcallelim,loop-reroll,-0.001132640583964617,-0.3014219954286867,0.7631001697252718,4255,4177,0.9930288168050652,False
tailcallelim,loop-instsimplify,-0.002364506143538836,-0.632605322472973,0.5270089054457966,4153,4126,0.9904824893058242,False
tailcallelim,loop-simplifycfg,0.005877401920792724,1.6006920937320885,0.10948304748677473,4266,4120,0.9298842796600941,False
tailcallelim,loop-predication,-0.0038708429739890415,-1.0395157160631399,0.2985950535780389,4122,4243,0.9904824893058242,False
tailcallelim,speculative-execution,0.0043067400539885115,1.1866219362215804,0.2354104996784767,4142,4220,0.9745114828179076,False
tailcallelim,partially-inline-libcalls,0.0013822259452073715,0.37090100337035276,0.7107205751191491,4175,4277,0.9916947457282645,False
tailcallelim,load-store-vectorizer,0.0007249463082851237,0.19498544396216966,0.8454090559620797,4296,4112,0.9939385410125189,False
tailcallelim,iroutliner,0.007744654291546305,2.07438895776458,0.0380738910921708,4146,4174,0.8874842709341716,False
tailcallelim,global-merge,0.0006123671608627701,0.1639789811672962,0.8697516369905932,4285,4149,0.9939394641716258,False
tailcallelim,break-crit-edges,0.0023259121399615834,0.6288158618905,0.5294866496649804,4156,4285,0.9904824893058242,False
tailcallelim,unreachableblockelim,0.0013873629163290713,0.36089281104650417,0.7181887626103441,4109,4193,0.9925991244200286,False
reassociate,memcpyopt,-0.002915756676506842,-0.7687122173538421,0.44208663127801656,3987,4185,0.9904824893058242,False
reassociate,sccp,-0.002470333304723127,-0.6690969527176578,0.5034519621941594,4187,4243,0.9904824893058242,False
reassociate,dce,-0.0010835621391259709,-0.2929253756787027,0.7695864957626765,4211,4131,0.9930288168050652,False
reassociate,adce,-0.0020710028470575237,-0.5493922481268284,0.5827510176834882,4182,4152,0.9904824893058242,False
reassociate,dse,-0.003834497483898802,-1.0536671840312721,0.2920655874181689,4153,4262,0.9904824893058242,False
reassociate,jump-threading,-0.0002807234770245137,-0.07542558899209824,0.9398779072405073,4191,4160,0.9987146011758271,False
reassociate,loop-idiom,-0.0027053241955137253,-0.7233317508409368,0.4694958869157345,4226,4323,0.9904824893058242,False
reassociate,loop-deletion,-0.0053600229141862465,-1.4612894165837809,0.14397370670547027,4299,4083,0.95758018139933,False
reassociate,gvn,-0.0004644610574572883,-0.1612877379771169,0.8718706763356137,4182,4209,0.9942716603646986,False
reassociate,gvn-hoist,-0.0017029158206854356,-0.47284919769393613,0.636332587500337,4383,4353,0.9904824893058242,False
reassociate,gvn-sink,0.004615072463103775,1.2733488055027784,0.20292897400717386,4249,4288,0.9705585112162733,False
reassociate,newgvn,-0.0006521388358362579,-0.24591504318937316,0.8057540568077183,4312,4146,0.9930288168050652,False
reassociate,early-cse,-0.002712271856878057,-0.8167290929139313,0.4141064709365828,4217,4169,0.9904824893058242,False
reassociate,mergereturn,0.004967867861211117,1.3050960681203714,0.19189579826268677,4201,4245,0.9705585112162733,False
reassociate,globalopt,-0.005390103549597569,-1.4056319199117568,0.15987081449464305,4138,4213,0.9705585112162733,False
reassociate,strip-dead-prototypes,0.0044455977497416255,1.1774432497461484,0.2390522712895789,4229,4106,0.9761508804692294,False
reassociate,indvars,0.0012190129184984078,0.33749860756398026,0.7357494638708896,4218,4232,0.9925991244200286,False
reassociate,mergeicmps,0.0010862515061895173,0.28825382815016515,0.7731596262938,4194,4156,0.9930288168050652,False
reassociate,separate-const-offset-from-gep,-0.007927847950039424,-2.089146607875183,0.03672510596960179,4107,4153,0.8825311530906069,False
reassociate,libcalls-shrinkwrap,-0.002283010826129528,-0.6174521685068989,0.5369533222762749,4218,4154,0.9904824893058242,False
reassociate,flattencfg,0.0028006559302523604,0.7546949802594362,0.45045307858465494,4253,4193,0.9904824893058242,False
reassociate,loop-reduce,0.004560983490646209,1.2269747287761448,0.21986627961163377,4227,4224,0.9705585112162733,False
reassociate,loop-unroll,0.0016992922758715112,0.4325824420079338,0.6653293683783982,4133,4188,0.9904824893058242,False
reassociate,loop-rotate,-0.008814246116357116,-2.2484155978689926,0.024575258247371785,4244,4270,0.8825311530906069,False
reassociate,partial-inliner,-0.001951547089286798,-0.5200244416632752,0.6030601727837182,4214,4232,0.9904824893058242,False
reassociate,lower-expect,-0.0012641916527524888,-0.3375546628208769,0.7357072459732436,4253,4161,0.9925991244200286,False
reassociate,alignment-from-assumptions,0.0014431563901039501,0.3884971368229746,0.697658103782254,4205,4136,0.9904824893058242,False
reassociate,rpo-function-attrs,0.0018462943677340915,0.48853758959071236,0.6251821505567965,4119,4101,0.9904824893058242,False
reassociate,attributor,0.0002073023359398518,0.06386012328066834,0.9490831192010222,4241,4205,0.9987622411976728,False
reassociate,inferattrs,-0.0012252259943112964,-0.33131582206317906,0.7404141874468999,4198,4225,0.9930288168050652,False
reassociate,called-value-propagation,-0.00021652926098808534,-0.058164456206440715,0.9536190040444582,4305,4179,0.9987622411976728,False
reassociate,licm,0.003923592282889299,1.0369111499251762,0.2998068879637666,4191,4280,0.9904824893058242,False
reassociate,loop-simplify,-0.0009323660113168541,-0.2561903713634883,0.7978101237171346,4220,4186,0.9930288168050652,False
reassociate,div-rem-pairs,0.0006769057202896667,0.18589416055103028,0.8525321709844865,4227,4336,0.9939385410125189,False
reassociate,float2int,-0.0006412805355229256,-0.17331517205457722,0.8624078498831016,4284,4168,0.9939385410125189,False
reassociate,inline,0.004287250245599283,1.1256317113378067,0.26035380206378234,4209,4154,0.9858725228221116,False
reassociate,sink,0.004448570246330608,1.2023400319560247,0.22926546583960739,4167,4333,0.9745114828179076,False
reassociate,loop-vectorize,0.001223565107432878,0.33331011597307814,0.7389085173174761,4163,4272,0.9930288168050652,False
reassociate,slp-vectorizer,0.0035169726974101923,0.9317479479864264,0.3514939627777675,4072,4272,0.9904824893058242,False
reassociate,callsite-splitting,0.00027407344428176383,0.07474813176586098,0.9404168657854157,4234,4297,0.9987146011758271,False
reassociate,dfa-jump-threading,0.0024127000523883613,0.6452013614587226,0.5188142253710016,4255,4205,0.9904824893058242,False
reassociate,consthoist,-0.001427557815033953,-0.38220224287432336,0.7023210012243003,4246,4181,0.9904824893058242,False
reassociate,mldst-motion,0.0029314531136023225,0.8060908732276314,0.4202131644535168,4194,4277,0.9904824893058242,False
reassociate,slsr,-0.0035804851475440547,-0.9773123646865198,0.328442624911509,4223,4195,0.9904824893058242,False
reassociate,loop-interchange,-0.0024654215715553818,-0.6606528887630807,0.5088533386551161,4088,4188,0.9904824893058242,False
reassociate,loop-fusion,-0.0024622324047695043,-0.6632969593496633,0.5071586113858212,4126,4265,0.9904824893058242,False
reassociate,loop-distribute,0.0006505990717762811,0.17578844661682336,0.8604643284375654,4279,4271,0.9939385410125189,False
reassociate,loop-load-elim,-0.006887579717850034,-1.854051173297619,0.06376692046451249,4238,4172,0.9214183220099281,False
reassociate,loop-sink,0.0024438490420128356,0.6554267657353047,0.5122109408739569,4238,4179,0.9904824893058242,False
reassociate,loop-unroll-and-jam,0.0020084045735352385,0.5427497582856534,0.5873166747906552,4130,4195,0.9904824893058242,False
reassociate,hotcoldsplit,-0.0003847322762071115,-0.10262234564174304,0.918265144916691,4250,4201,0.9962685063900011,False
reassociate,irce,0.004053953169381896,1.1009162968616286,0.27096482038785286,4110,4249,0.9904824893058242,False
reassociate,nary-reassociate,0.006743855948418476,1.8211217103583217,0.06862381380095921,4236,4195,0.9223771155217892,False
reassociate,scalarizer,0.002263995389114426,0.600288032835648,0.5483307434926219,4158,4119,0.9904824893058242,False
reassociate,vector-combine,-0.003090505792740672,-0.8135505429179558,0.41592575959762307,4135,4201,0.9904824893058242,False
reassociate,always-inline,-0.0010498972091432246,-0.2822311090637125,0.7777732001392123,4246,4228,0.9930288168050652,False
reassociate,globalsplit,0.0010193006579409247,0.28210786481871125,0.7778677824504144,4266,4110,0.9930288168050652,False
reassociate,lowerswitch,-0.0004283038215781576,-0.11435991108808664,0.9089552117439591,4225,4220,0.9961990294109887,False
reassociate,early-cse-memssa,0.0007650301223748879,0.28954204478992357,0.7721737798539573,4174,4201,0.9930288168050652,False
reassociate,simple-loop-unswitch,-0.0005269418593005226,-0.1445462178483143,0.8850726305482762,4233,4177,0.994650908707853,False
reassociate,loop-versioning,-0.005251961619250178,-1.3799154503082753,0.16764879509849373,4278,4266,0.9705585112162733,False
reassociate,loop-flatten,0.0013882819879717512,0.3796790800161441,0.7041931632648222,4225,4253,0.9904824893058242,False
reassociate,loop-reroll,0.0003486238226094174,0.09419114487718316,0.9249595481547883,4268,4212,0.9962685063900011,False
reassociate,loop-instsimplify,-0.0009666989147383287,-0.2639181733263197,0.791849443721856,4244,4162,0.9930288168050652,False
reassociate,loop-simplifycfg,0.006889396988253471,1.8826787148557174,0.0597783399150871,4164,4266,0.9214183220099281,False
reassociate,loop-predication,0.004518728635766189,1.2368252509786002,0.2161855132853874,4256,4417,0.9705585112162733,False
reassociate,speculative-execution,0.004893004384330102,1.2957588142888532,0.19509482982649853,4038,4227,0.9705585112162733,False
reassociate,partially-inline-libcalls,0.0034294277937709783,0.9285522531441727,0.3531475043194167,4297,4231,0.9904824893058242,False
reassociate,load-store-vectorizer,-0.0003351266778920392,-0.08895827668774384,0.9291172025239823,4109,4246,0.9966576470785263,False
reassociate,iroutliner,0.003169769729354288,0.875257596432815,0.3814588125798722,4306,4128,0.9904824893058242,False
reassociate,global-merge,-0.00061871109527456,-0.1649527113736699,0.8689851561996135,4292,4154,0.9939394641716258,False
reassociate,break-crit-edges,-0.0009643871168603102,-0.24908515214206942,0.8033010938666768,4136,4184,0.9930288168050652,False
reassociate,unreachableblockelim,-0.005827836076085724,-1.6000553642327868,0.10962371986111154,4269,4178,0.9298842796600941,False
memcpyopt,sccp,0.0030829866215117963,0.8189186470080534,0.41285571345544664,4289,4280,0.9904824893058242,False
memcpyopt,dce,0.006993521813732084,1.8140599867341805,0.06970430840853366,4263,4149,0.9223771155217892,False
memcpyopt,adce,-0.0006506274685887381,-0.17176414035074927,0.8636270917617215,4188,4223,0.9939394641716258,False
memcpyopt,dse,0.0023312380396450227,0.6267483797003662,0.5308410624734606,4258,4236,0.9904824893058242,False
memcpyopt,jump-threading,-0.0029043454026542737,-0.7916344278799657,0.4285964315737595,4146,4181,0.9904824893058242,False
memcpyopt,loop-idiom,-0.0023853678033709524,-0.6329771693922307,0.5267657592192767,4174,4293,0.9904824893058242,False
memcpyopt,loop-deletion,0.0039058446004510694,1.0641522214754762,0.28729027689415604,4175,4244,0.9904824893058242,False
memcpyopt,gvn,-0.0031398206067445034,-1.1032127475502358,0.2699662297060538,4140,4306,0.9904824893058242,False
memcpyopt,gvn-hoist,0.002206298075509816,0.6002314780249596,0.548368507662631,4157,4082,0.9904824893058242,False
memcpyopt,gvn-sink,0.004816300566802489,1.2806504954070028,0.200352132912503,4200,4143,0.9705585112162733,False
memcpyopt,newgvn,0.004605671095641806,1.6975447052658044,0.0896305944311398,4175,4269,0.9223771155217892,False
memcpyopt,early-cse,0.0010321089189680444,0.3093049657196896,0.7570973855290808,4129,4102,0.9930288168050652,False
memcpyopt,mergereturn,-0.0010264034236989183,-0.2812332888411325,0.7785383443422474,4232,4239,0.9930288168050652,False
memcpyopt,globalopt,1.070470677566604e-05,0.002807446063206581,0.9977600532919211,4139,4072,0.9990993953973313,False
memcpyopt,strip-dead-prototypes,0.0004351558262119526,0.11720758376197792,0.9066983875787588,4152,4173,0.9961990294109887,False
memcpyopt,indvars,-0.001792891925932849,-0.47401600780657027,0.6355009399691558,4185,4131,0.9904824893058242,False
memcpyopt,mergeicmps,0.00453569626278344,1.2269084376439934,0.21989125195144554,4190,4248,0.9705585112162733,False
memcpyopt,separate-const-offset-from-gep,0.0013942758553988077,0.36991546606751846,0.711454818817,4253,4141,0.9916947457282645,False
memcpyopt,libcalls-shrinkwrap,0.0042192592634905934,1.1326311406758889,0.2574020232536668,4178,4094,0.9858725228221116,False
memcpyopt,flattencfg,-0.0027575052248446363,-0.7513899343508152,0.4524394595242434,4142,4112,0.9904824893058242,False
memcpyopt,loop-reduce,0.004608066242217768,1.2406303962739582,0.21477751011175159,4081,4203,0.9705585112162733,False
memcpyopt,loop-unroll,5.831203407330454e-05,0.014492405866006862,0.9884374818894076,4206,4200,0.9990475216511701,False
memcpyopt,loop-rotate,-0.0008786402833870222,-0.2320888452679535,0.8164745952721191,4350,4186,0.9930288168050652,False
memcpyopt,partial-inliner,-0.004160075934788066,-1.1037080309097715,0.2697522637999168,4088,4103,0.9904824893058242,False
memcpyopt,lower-expect,0.0015348409288433729,0.41755699862443657,0.6762816698014695,4225,4214,0.9904824893058242,False
memcpyopt,alignment-from-assumptions,0.004858268756676998,1.2829915509686691,0.19953057392844992,4102,4273,0.9705585112162733,False
memcpyopt,rpo-function-attrs,0.003147512244511541,0.8501454464967348,0.39526852077271274,4228,4153,0.9904824893058242,False
memcpyopt,attributor,-0.005378049425070197,-1.6652923661617085,0.09589172970313002,4203,4205,0.9223771155217892,False
memcpyopt,inferattrs,0.001676065638664903,0.45894663205850417,0.646284292736762,4216,4244,0.9904824893058242,False
memcpyopt,called-value-propagation,0.004360900002572665,1.1917102973916245,0.23340765252735218,4319,4307,0.9745114828179076,False
memcpyopt,licm,-0.005624110802909477,-1.4570090443742654,0.14515175002848926,4157,4169,0.9590796446126293,False
memcpyopt,loop-simplify,0.00018593502407443507,0.049988213998659436,0.960132960406265,4196,4269,0.9990475216511701,False
memcpyopt,div-rem-pairs,0.0025763578283420907,0.6938705429675981,0.48778264622782413,4154,4223,0.9904824893058242,False
memcpyopt,float2int,-0.004907871471041658,-1.3393934135641663,0.1804787152420982,4183,4256,0.9705585112162733,False
memcpyopt,inline,0.002348432999364436,0.6289887424173873,0.5293734178352685,4247,4211,0.9904824893058242,False
memcpyopt,sink,0.005553621384463525,1.4777838229842213,0.13950274986106587,4293,4208,0.95758018139933,False
memcpyopt,loop-vectorize,-0.0004859875866862762,-0.130915206849817,0.8958454874010724,4249,4248,0.9961990294109887,False
memcpyopt,slp-vectorizer,-0.0022592993140084783,-0.6166641544217711,0.5374727078817287,4315,4229,0.9904824893058242,False
memcpyopt,callsite-splitting,0.004549669860831607,1.2454418203827344,0.21300339848038785,4303,4281,0.9705585112162733,False
memcpyopt,dfa-jump-threading,-0.005951976188889985,-1.610094640999606,0.10741473595238414,4193,4222,0.9298842796600941,False
memcpyopt,consthoist,-0.005044307426416039,-1.3443735278799704,0.1788638402323207,4249,4183,0.9705585112162733,False
memcpyopt,mldst-motion,0.0027510001111453186,0.7378350648268149,0.46063530166822125,4212,4195,0.9904824893058242,False
memcpyopt,slsr,0.0007946306744321951,0.21251665040698106,0.8317091309437933,4226,4208,0.9939033925017995,False
memcpyopt,loop-interchange,0.0025694131804468445,0.6867979924333577,0.4922295538460245,4095,4080,0.9904824893058242,False
memcpyopt,loop-fusion,-0.0028193283095408472,-0.7430122895866771,0.4574948666132462,4232,4233,0.9904824893058242,False
memcpyopt,loop-distribute,0.0015046266156282795,0.40986513346610715,0.6819150907645706,4360,4247,0.9904824893058242,False
memcpyopt,loop-load-elim,-0.0029063039134752944,-0.762669110395453,0.4456823992913127,4088,4245,0.9904824893058242,False
memcpyopt,loop-sink,-0.003540515514432019,-0.9492801930071327,0.34250572650490224,4156,4184,0.9904824893058242,False
memcpyopt,loop-unroll-and-jam,-0.005072889441495143,-1.3995866195758322,0.16167383481725378,4235,4222,0.9705585112162733,False
memcpyopt,hotcoldsplit,-0.005859401878078707,-1.56875897850975,0.11674187143247006,4149,4240,0.9352659276973905,False
memcpyopt,irce,0.0011291997497063222,0.3149233462498552,0.7528276897221425,4185,4205,0.9930288168050652,False
memcpyopt,nary-reassociate,-0.0010506960951215394,-0.28303597760804916,0.7771563063689357,4163,4157,0.9930288168050652,False
memcpyopt,scalarizer,0.0011701382877347677,0.31342844323242325,0.7539629855862432,4233,4178,0.9930288168050652,False
memcpyopt,vector-combine,-0.00032412652947555465,-0.08583001681838077,0.9316036016395783,4148,4209,0.9970496471007156,False
memcpyopt,always-inline,0.0010687307066705731,0.289744033124319,0.7720192412204007,4130,4256,0.9930288168050652,False
memcpyopt,globalsplit,0.0009991356316372824,0.27066913564528794,0.7866521555285422,4208,4224,0.9930288168050652,False
memcpyopt,lowerswitch,-0.001500667949563217,-0.39240181203747637,0.6947713714325411,4172,4173,0.9904824893058242,False
memcpyopt,early-cse-memssa,-0.0009377974269422773,-0.3498858140333658,0.7264330645549203,4291,4218,0.9925991244200286,False
memcpyopt,simple-loop-unswitch,0.00429813230464593,1.1538191303181633,0.2486070958188347,4149,4288,0.9807287255775249,False
memcpyopt,loop-versioning,0.0006851388178294449,0.18294079502477512,0.8548489067923766,4198,4180,0.9939385410125189,False
memcpyopt,loop-flatten,0.008396935389869742,2.249483761352001,0.024507606718381123,4169,4206,0.8825311530906069,False
memcpyopt,loop-reroll,-0.004245758998704219,-1.167115287152108,0.2431969515354766,4194,4212,0.9797934796429284,False
memcpyopt,loop-instsimplify,-0.0046612267266837315,-1.2720855949514835,0.20337785132437242,4144,4282,0.9705585112162733,False
memcpyopt,loop-simplifycfg,-0.00048084455800900816,-0.1288502051968144,0.8974792982192064,4163,4158,0.9961990294109887,False
memcpyopt,loop-predication,-0.0016125077131777799,-0.43480639261260123,0.6637140397162132,4301,4187,0.9904824893058242,False
memcpyopt,speculative-execution,-0.002654229133174757,-0.7332427801054681,0.4634306090801377,4244,4251,0.9904824893058242,False
memcpyopt,partially-inline-libcalls,0.006098432633309281,1.6499985368519192,0.09898007262286805,4373,4180,0.9272869961510797,False
memcpyopt,load-store-vectorizer,0.00067558747174018,0.18562917544877472,0.8527400685265988,4120,4261,0.9939385410125189,False
memcpyopt,iroutliner,-0.003816116624831112,-1.0052712904289476,0.31479553083572553,4134,4175,0.9904824893058242,False
memcpyopt,global-merge,-0.0069443828449871625,-1.9357123090085115,0.05293638088359133,4240,4182,0.9205345724027795,False
memcpyopt,break-crit-edges,-0.0054842793109336485,-1.4015250264868289,0.16109450344660842,4179,4133,0.9705585112162733,False
memcpyopt,unreachableblockelim,-0.001546863798172926,-0.4185878474060801,0.6755280147020232,4267,4182,0.9904824893058242,False
sccp,dce,-0.0046092616595832525,-1.1998497050229302,0.23023245535384013,4093,4093,0.9745114828179076,False
sccp,adce,0.0036039252679853084,0.9878274447077987,0.3232654708748446,4131,4317,0.9904824893058242,False
sccp,dse,0.0006753531136742819,0.18618190322183947,0.8523066108300954,4190,4214,0.9939385410125189,False
sccp,jump-threading,0.005802643316838663,1.5401566888833398,0.12355952825085201,4252,4226,0.9517588806973311,False
sccp,loop-idiom,5.0913147360887034e-05,0.013665003534493299,0.9890975690825264,4238,4172,0.9990475216511701,False
sccp,loop-deletion,-0.0036866841125354766,-0.9911482808903848,0.321642055375987,4191,4117,0.9904824893058242,False
sccp,gvn,0.004110129545651264,1.479603092431915,0.1390170533044009,4227,4104,0.95758018139933,False
sccp,gvn-hoist,-0.006014131896087238,-1.628931558813318,0.10336521283334793,4187,4172,0.9298842796600941,False
sccp,gvn-sink,0.005813382110758825,1.5433286806674782,0.12278864706593652,4228,4190,0.9484030412430127,False
sccp,newgvn,0.0019803314078785106,0.7478072493991001,0.45459758770777486,4107,4276,0.9904824893058242,False
sccp,early-cse,0.00027479494410265204,0.08266800674514839,0.9341174641664969,4311,4235,0.9971441508502933,False
sccp,mergereturn,-0.004191919941774536,-1.0938189229734987,0.2740652427786882,4204,4343,0.9904824893058242,False
sccp,globalopt,2.346714408213435e-05,0.006324029319548579,0.994954340268529,4174,4134,0.9990475216511701,False
sccp,strip-dead-prototypes,0.0011359914624432532,0.303651184020989,0.7614010034255684,4325,4271,0.9930288168050652,False
sccp,indvars,-0.005626391819988419,-1.5208881513173247,0.12832649686964423,3981,4237,0.9572881463934645,False
sccp,mergeicmps,0.005252632155438974,1.404889733642755,0.16009097140273534,4214,4211,0.9705585112162733,False
sccp,separate-const-offset-from-gep,0.003501498529712821,0.9585317915249747,0.3378226093397789,4155,4146,0.9904824893058242,False
sccp,libcalls-shrinkwrap,0.0008835302019223334,0.2367820364278438,0.8128317164853954,4200,4124,0.9930288168050652,False
sccp,flattencfg,0.0032905649117273006,0.8779949625655045,0.3799715120229242,4239,4185,0.9904824893058242,False
sccp,loop-reduce,-0.005149300771844223,-1.3514843339545664,0.17657712745557605,4184,4127,0.9705585112162733,False
sccp,loop-unroll,-0.002177494238578881,-0.5476042708755565,0.5839783188231111,4167,4190,0.9904824893058242,False
sccp,loop-rotate,-0.00015476199198061202,-0.04096421745473036,0.9673254041792844,4152,4188,0.9990475216511701,False
sccp,partial-inliner,0.003336450654841061,0.8754087759048268,0.3813763658640096,4300,4176,0.9904824893058242,False
sccp,lower-expect,0.004160178323170949,1.1055920803647221,0.26893503122984763,4174,4173,0.9904824893058242,False
sccp,alignment-from-assumptions,0.0011544332753057884,0.3087566115002968,0.7575142451947064,4251,4250,0.9930288168050652,False
sccp,rpo-function-attrs,-0.0066900825943636,-1.8210472223612288,0.06863501524336141,4318,4142,0.9223771155217892,False
sccp,attributor,-0.005863664533216295,-1.78621294573582,0.0741006210521894,4253,4201,0.9223771155217892,False
sccp,inferattrs,0.00027503324086375347,0.07389978298031613,0.9410918875115346,4172,4234,0.9987146011758271,False
sccp,called-value-propagation,-0.003468704894632635,-0.9369663641098529,0.3488029885417749,4214,4135,0.9904824893058242,False
sccp,licm,-0.0005994550684688127,-0.1580022666539325,0.8744587724427907,4258,4243,0.994650908707853,False
sccp,loop-simplify,0.0021887236476342276,0.587892763948853,0.5566199269219008,4272,4249,0.9904824893058242,False
sccp,div-rem-pairs,-0.001971476299940489,-0.5271950210518582,0.5980721974202603,4203,4136,0.9904824893058242,False
sccp,float2int,-0.0026193394545359627,-0.70166634829564,0.48290625367393886,4297,4317,0.9904824893058242,False
sccp,inline,0.0038110831818408686,1.0252678733452654,0.30526658690900893,4128,4203,0.9904824893058242,False
sccp,sink,0.003378426011795499,0.9036338546302044,0.3662156191876383,4267,4104,0.9904824893058242,False
sccp,loop-vectorize,0.0006476223679038884,0.1756769813705069,0.8605519783575948,4270,4101,0.9939385410125189,False
sccp,slp-vectorizer,0.005388065197883873,1.4621412826323763,0.14373929891245377,4210,4331,0.95758018139933,False
sccp,callsite-splitting,0.001274800687799893,0.3383105388916003,0.7351376156456,4213,4211,0.9925991244200286,False
sccp,dfa-jump-threading,0.0049407137582681004,1.3451398040765419,0.17861644465089302,4293,4123,0.9705585112162733,False
sccp,consthoist,-0.0007570832068562461,-0.20676305590124489,0.8361999296228991,4206,4182,0.9939033925017995,False
sccp,mldst-motion,-0.005072899889715432,-1.3307353561113235,0.18331250881258493,4156,4185,0.9705585112162733,False
sccp,slsr,0.006825305671862569,1.7841087216527838,0.07444242621970916,4122,4208,0.9223771155217892,False
sccp,loop-interchange,-0.004753204258764021,-1.250455627776541,0.21116879725307802,4197,4037,0.9705585112162733,False
sccp,loop-fusion,-0.0039662360967937516,-1.0742597569895462,0.28273704405369005,4219,4209,0.9904824893058242,False
sccp,loop-distribute,0.00130946766478246,0.3522754486430927,0.7246405317483954,4161,4251,0.9925991244200286,False
sccp,loop-load-elim,-0.005216481249285865,-1.3811039876608036,0.16728379132813828,4233,4155,0.9705585112162733,False
sccp,loop-sink,-0.0023780924155814565,-0.6365376965296846,0.5244432336806081,4244,4222,0.9904824893058242,False
sccp,loop-unroll-and-jam,0.0025614263356634748,0.6983965052143043,0.48494857164850563,4232,4181,0.9904824893058242,False
sccp,hotcoldsplit,0.00027159955426730997,0.07328550676766304,0.9415806711721968,4130,4304,0.9987146011758271,False
sccp,irce,-0.002594265901946613,-0.704636346170173,0.481055814910754,4300,4234,0.9904824893058242,False
sccp,nary-reassociate,-0.00017725825580289234,-0.04598937814645158,0.9633198284079599,4179,4079,0.9990475216511701,False
sccp,scalarizer,0.007759845767593088,2.089214581293147,0.03671838798441191,4149,4266,0.8825311530906069,False
sccp,vector-combine,0.0043386188888780985,1.1469535014843952,0.2514339454851084,4143,4148,0.9826500304587669,False
sccp,always-inline,-0.007175602367539058,-1.9321527633708127,0.05337455404010976,4152,4225,0.9205345724027795,False
sccp,globalsplit,-0.00664608104494141,-1.7778606309861782,0.07546289005938522,4197,4230,0.9223771155217892,False
sccp,lowerswitch,0.0014424513604595068,0.3821231700602447,0.7023795992517508,4296,4195,0.9904824893058242,False
sccp,early-cse-memssa,-0.0014904396583725332,-0.5622704370887208,0.573946779435,4242,4236,0.9904824893058242,False
sccp,simple-loop-unswitch,0.0016901451820042768,0.44391977984083314,0.657112268694609,4206,4050,0.9904824893058242,False
sccp,loop-versioning,-8.294719965795672e-05,-0.021891034347108665,0.9825354037121966,4180,4109,0.9990475216511701,False
sccp,loop-flatten,0.0035671050563012563,0.9490618772445343,0.342616389506276,4133,4322,0.9904824893058242,False
sccp,loop-reroll,-0.0016646229586227967,-0.4468639345211603,0.6549849003886831,4180,4170,0.9904824893058242,False
sccp,loop-instsimplify,-0.008316841577751699,-2.289269268672818,0.022088058561932807,4207,4315,0.8737054275608976,False
sccp,loop-simplifycfg,0.0005632840686306539,0.14935333365391265,0.8812784206870463,4261,4182,0.994650908707853,False
sccp,loop-predication,-0.002506641775768703,-0.658441899156219,0.5102724679985741,4152,4157,0.9904824893058242,False
sccp,speculative-execution,-0.0053246889439174105,-1.398811487342332,0.16190641736910572,4242,4170,0.9705585112162733,False
sccp,partially-inline-libcalls,-0.0009091992470781629,-0.24318723327362646,0.8078662093031228,4318,4225,0.9930288168050652,False
sccp,load-store-vectorizer,0.0026630216785681893,0.6967122873071386,0.48600234218470595,4144,4188,0.9904824893058242,False
sccp,iroutliner,-0.00022131532124830544,-0.05915793179210072,0.9528277097927773,4331,4158,0.9987622411976728,False
sccp,global-merge,-0.0019275238722217813,-0.5141761712825459,0.6071420522530998,4259,4336,0.9904824893058242,False
sccp,break-crit-edges,-0.0005730138691416031,-0.14837014023496783,0.8820542564614572,4134,4195,0.994650908707853,False
sccp,unreachableblockelim,0.002068094754795191,0.5646180319918078,0.5723486273185817,4121,4315,0.9904824893058242,False
dce,adce,-0.004894701902706966,-1.3400264411949503,0.18027303488213214,4209,4185,0.9705585112162733,False
dce,dse,0.0022104324295429967,0.588166074265661,0.5564363835094814,4301,4253,0.9904824893058242,False
dce,jump-threading,-0.0038637163393807072,-1.043310572430893,0.2968347338346246,4223,4117,0.9904824893058242,False
dce,loop-idiom,0.005094241123972276,1.3460005451144117,0.1783387530246089,4272,4120,0.9705585112162733,False
dce,loop-deletion,-0.006365593822442228,-1.6928968590713358,0.09051317274069146,4017,4200,0.9223771155217892,False
dce,gvn,-0.00643215570533856,-2.2257923313065904,0.026054527223933026,4257,4168,0.8825311530906069,False
dce,gvn-hoist,0.00406969875375357,1.1159372869986213,0.26448101627883197,4170,4202,0.9858725228221116,False
dce,gvn-sink,0.0007767534073679361,0.20775430288650196,0.8354259048959727,4131,4184,0.9939033925017995,False
dce,newgvn,0.0025370872476243034,0.9745146727712642,0.3298290992615264,4194,4243,0.9904824893058242,False
dce,early-cse,2.0088618391478352e-05,0.006167480214620552,0.9950792380195989,4265,4278,0.9990475216511701,False
dce,mergereturn,0.004233663538370125,1.130980757453078,0.2580960360442159,4104,4181,0.9858725228221116,False
dce,globalopt,-0.005522991866474758,-1.4878031314391515,0.13684097500275674,4128,4141,0.95758018139933,False
dce,strip-dead-prototypes,0.006993346785133581,1.8928921307101272,0.058406962720621965,4222,4152,0.9214183220099281,False
dce,indvars,-0.004533537806152732,-1.2356356318924584,0.21662846661986812,4244,4189,0.9705585112162733,False
dce,mergeicmps,-0.005913245273998002,-1.6348837232672975,0.1021105407060504,4251,4241,0.9298842796600941,False
dce,separate-const-offset-from-gep,-0.0025576743898080845,-0.6896713797532794,0.49041988619505145,4221,4196,0.9904824893058242,False
dce,libcalls-shrinkwrap,-0.0018133013074089765,-0.4840009986611185,0.6283978963402715,4170,4154,0.9904824893058242,False
dce,flattencfg,-0.0011647346727893249,-0.3096534066625408,0.756832268640343,4130,4257,0.9930288168050652,False
dce,loop-reduce,0.005456810917239985,1.461851940061648,0.1438192848394349,4209,4173,0.95758018139933,False
dce,loop-unroll,-0.0003454985717951109,-0.08837454078845026,0.9295811137056641,4165,4192,0.9967797484313747,False
dce,loop-rotate,-0.0020351499636013237,-0.5315328358743175,0.5950637317296363,4254,4119,0.9904824893058242,False
dce,partial-inliner,-7.324304904710033e-05,-0.019585822881794834,0.9843742438578595,4139,4172,0.9990475216511701,False
dce,lower-expect,-0.0011003328834409687,-0.2907876756226868,0.7712207992400689,4289,4223,0.9930288168050652,False
dce,alignment-from-assumptions,-0.001846020202609766,-0.4887939184915761,0.6250006140630434,4070,4176,0.9904824893058242,False
dce,rpo-function-attrs,-0.0010756917887768114,-0.2885685818872263,0.7729187277769594,4173,4157,0.9930288168050652,False
dce,attributor,0.00020277467421830897,0.061388539292131755,0.9510512593880625,4194,4100,0.9987622411976728,False
dce,inferattrs,0.0035475935973503514,0.9356637192662789,0.3494735471430093,4103,4233,0.9904824893058242,False
dce,called-value-propagation,0.002179578705331864,0.5863097416955289,0.5576830954457964,4177,4249,0.9904824893058242,False
dce,licm,0.0010875503488451677,0.2787033156507335,0.7804794359507353,4125,4207,0.9930288168050652,False
dce,loop-simplify,0.0005150472040595377,0.139096936085911,0.8893768635613054,4240,4221,0.9956078215606885,False
dce,div-rem-pairs,-0.004439157664070714,-1.1672976104521093,0.243123081921976,4208,4269,0.9797934796429284,False
dce,float2int,-0.0003566205500692976,-0.0955711524809944,0.9238634756413812,4172,4174,0.9962685063900011,False
dce,inline,-0.0043153865323865,-1.162538505836443,0.24504962954004555,4182,4272,0.9807287255775249,False
dce,sink,-0.0010931867978060672,-0.29249811181653107,0.7699132173726166,4084,4106,0.9930288168050652,False
dce,loop-vectorize,-0.0031638950172451774,-0.8318322323539733,0.40552727127804605,4208,4202,0.9904824893058242,False
dce,slp-vectorizer,-0.0023610262932117765,-0.6421686029258222,0.5207813294220025,4180,4180,0.9904824893058242,False
dce,callsite-splitting,-0.00022926393368583042,-0.06281564819832068,0.9499148088944371,4175,4175,0.9987622411976728,False
dce,dfa-jump-threading,0.001814399459561633,0.49047716307946737,0.623809076453045,4206,4210,0.9904824893058242,False
dce,consthoist,0.0049966424214421545,1.3568699135362803,0.1748588164256601,4177,4270,0.9705585112162733,False
dce,mldst-motion,0.00517076691219126,1.4030906817514839,0.16062646238908507,4205,4282,0.9705585112162733,False
dce,slsr,0.004941758072632418,1.2775765766306078,0.20143381506604785,4204,4268,0.9705585112162733,False
dce,loop-interchange,0.0008277474100992777,0.22281493640984537,0.8236849440479709,4292,4147,0.9930288168050652,False
dce,loop-fusion,0.0015403530787240216,0.41942004768246816,0.674919922020479,4223,4166,0.9904824893058242,False
dce,loop-distribute,0.007072349702149594,1.9018074141693473,0.05722984864994992,4280,4289,0.9214183220099281,False
dce,loop-load-elim,-0.0009428000364934963,-0.24837784170421598,0.8038482377138153,4237,4065,0.9930288168050652,False
dce,loop-sink,0.0006197684973536788,0.1629863340629166,0.8705330947214296,4187,4295,0.9939394641716258,False
dce,loop-unroll-and-jam,0.004398450460729175,1.1738468973483571,0.24049015275134777,4086,4189,0.9789599149420768,False
dce,hotcoldsplit,0.0031951048842231433,0.8578560284156507,0.3909966360552439,4191,4154,0.9904824893058242,False
dce,irce,-0.0011911114645138943,-0.32740693977325264,0.7433682077906444,4253,4221,0.9930288168050652,False
dce,nary-reassociate,0.004418402298622948,1.1843107276849185,0.2363241439496292,4097,4181,0.9745114828179076,False
dce,scalarizer,-0.0031084359755178537,-0.8269522205542416,0.40828757307124564,4280,4153,0.9904824893058242,False
dce,vector-combine,0.005174904677928804,1.3688994983792142,0.17106734995537656,4254,4140,0.9705585112162733,False
dce,always-inline,0.005656159015250184,1.5301367205707455,0.12602058471877275,4218,4199,0.9571011169933062,False
dce,globalsplit,0.002384426136982143,0.6306755645445624,0.5282699087543604,4144,4225,0.9904824893058242,False
dce,lowerswitch,-0.001761935751757926,-0.4747391283863882,0.6349852298939233,4277,4153,0.9904824893058242,False
dce,early-cse-memssa,-0.001318203856894573,-0.5040187540885382,0.6142611321500359,4314,4273,0.9904824893058242,False
dce,simple-loop-unswitch,-0.008698023490318896,-2.3778095784178563,0.017438206665393537,4223,4126,0.8441037273687686,False
dce,loop-versioning,0.0014553625192858521,0.38818791111046386,0.6978868469533142,4139,4244,0.9904824893058242,False
dce,loop-flatten,0.009155316459920737,2.4310307652051715,0.015077095957325691,4103,4158,0.8163479239936102,False
dce,loop-reroll,0.0007071338633258262,0.19643223713612373,0.8442766755018527,4144,4160,0.9939385410125189,False
dce,loop-instsimplify,-0.0016782883441803231,-0.45545392200136015,0.6487946406482543,4105,4190,0.9904824893058242,False
dce,loop-simplifycfg,0.0020108077997752494,0.5290183731444962,0.5968068256716291,4087,4230,0.9904824893058242,False
dce,loop-predication,0.00025068615405254846,0.06747101630456694,0.9462083439057963,4229,4160,0.9987622411976728,False
dce,speculative-execution,-0.0014545443071651287,-0.38810954544516824,0.6979449068156546,4150,4166,0.9904824893058242,False
dce,partially-inline-libcalls,-0.0018486404365705145,-0.4982022803358894,0.61835474204418,4138,4124,0.9904824893058242,False
dce,load-store-vectorizer,0.004017188431149565,1.0736799668989843,0.28299742617293283,4124,4160,0.9904824893058242,False
dce,iroutliner,-0.0013619621254287728,-0.36727094975774,0.7134262836637731,4209,4111,0.9924654586614432,False
dce,global-merge,-0.0024276296043733714,-0.6547565898748843,0.5126425854721542,4161,4174,0.9904824893058242,False
dce,break-crit-edges,-0.0018875338439905964,-0.5030523961501177,0.6149404662118921,4225,4282,0.9904824893058242,False
dce,unreachableblockelim,-0.005864759770347505,-1.595463380264569,0.11064603236361079,4254,4202,0.9298842796600941,False
adce,dse,0.0008081348978092318,0.22305445706731594,0.823498536844822,4206,4216,0.9930288168050652,False
adce,jump-threading,-0.0015907511483516101,-0.4348038033017953,0.6637160767782775,4173,4184,0.9904824893058242,False
adce,loop-idiom,0.0007270097614069937,0.19932834319167284,0.8420107930277243,4224,4088,0.9939033925017995,False
adce,loop-deletion,-0.004626325577812174,-1.2297266100483653,0.21883429802671922,4186,4139,0.9705585112162733,False
adce,gvn,-0.0014475622610057304,-0.511745189647461,0.6088430155697312,4202,4077,0.9904824893058242,False
adce,gvn-hoist,0.006125337769255335,1.6278308255470213,0.10359842012101521,4235,4180,0.9298842796600941,False
adce,gvn-sink,-0.0025769103201950805,-0.6767940721606771,0.4985554690670001,4108,4199,0.9904824893058242,False
adce,newgvn,0.0022281610803024376,0.8341466085762768,0.40422215110336335,4287,4118,0.9904824893058242,False
adce,early-cse,0.0018464499120500744,0.5642165056923719,0.5726219545901801,4145,4219,0.9904824893058242,False
adce,mergereturn,-0.002383751013152302,-0.6336474955532923,0.5263279234077638,4334,4210,0.9904824893058242,False
adce,globalopt,-0.004624977680353304,-1.2642556927313302,0.20617344633226145,4143,4247,0.9705585112162733,False
adce,strip-dead-prototypes,0.0013738655696829416,0.38128733729656333,0.7029997210735206,4150,4227,0.9904824893058242,False
adce,indvars,0.0018027895342393463,0.48709334029699164,0.6262048248713339,4121,4371,0.9904824893058242,False
adce,mergeicmps,0.0032678447763361818,0.8793053002342306,0.379260912155005,4179,4225,0.9904824893058242,False
adce,separate-const-offset-from-gep,-0.0005203404954312596,-0.1391865596558755,0.8893061304974039,4120,4134,0.9956078215606885,False
adce,libcalls-shrinkwrap,-0.00048404906049476226,-0.12676435434833833,0.8991299726228869,4169,4170,0.9961990294109887,False
adce,flattencfg,-0.000523316358724546,-0.13701689155564858,0.8910207023207907,4210,4267,0.9961990294109887,False
adce,loop-reduce,-6.121120490476528e-05,-0.016593230889213835,0.9867615189600273,4187,4224,0.9990475216511701,False
adce,loop-unroll,-0.001124220995124492,-0.29301685157163404,0.7695165190586905,4159,4235,0.9930288168050652,False
adce,loop-rotate,2.310892812190657e-05,0.006024339662949228,0.9951934439303443,4232,4252,0.9990475216511701,False
adce,partial-inliner,-0.004696708968164931,-1.287564441013033,0.19793289411765091,4235,4216,0.9705585112162733,False
adce,lower-expect,5.8688543598917065e-05,0.015748563026734514,0.9874353619547034,4215,4131,0.9990475216511701,False
adce,alignment-from-assumptions,-0.004576283665314429,-1.238119642204052,0.21570685785053945,4180,4096,0.9705585112162733,False
adce,rpo-function-attrs,0.0023065141776085207,0.6150044096259919,0.5385687373944329,4218,4082,0.9904824893058242,False
adce,attributor,0.0007434897825048803,0.22389316401726417,0.8228459934216696,4108,4174,0.9930288168050652,False
adce,inferattrs,0.004008697259328398,1.0648465910606062,0.2869765938963608,4216,4061,0.9904824893058242,False
adce,called-value-propagation,-0.00028342650343304854,-0.07664712462199134,0.9389060840908269,4189,4263,0.9987146011758271,False
adce,licm,0.0049359892970713415,1.3149218150715487,0.18857233804047893,4024,4335,0.9705585112162733,False
adce,loop-simplify,-0.004395523287967162,-1.203847234521552,0.2286824759852527,4121,4305,0.9745114828179076,False
adce,div-rem-pairs,0.000738139767452517,0.1975902931761314,0.8433704545965961,4089,4243,0.9939385410125189,False
adce,float2int,0.0021683903464543297,0.591470527912566,0.5542211197711311,4137,4272,0.9904824893058242,False
adce,inline,-0.002146014996930401,-0.577869933046253,0.5633675162671475,4258,4171,0.9904824893058242,False
adce,sink,-0.005859845256158958,-1.5859344146806507,0.11279239857981223,4140,4137,0.9298842796600941,False
adce,loop-vectorize,0.0010004150462671335,0.2653115601843461,0.7907758621483191,4221,4337,0.9930288168050652,False
adce,slp-vectorizer,0.004701129653113034,1.2591806995716757,0.20799920005846048,4308,4320,0.9705585112162733,False
adce,callsite-splitting,-0.0014859627323717262,-0.4027711189494734,0.6871270328075844,4083,4192,0.9904824893058242,False
adce,dfa-jump-threading,-0.0017382578132673077,-0.4602121058338102,0.645375948954284,4181,4184,0.9904824893058242,False
adce,consthoist,0.002852254072213456,0.7831326736909018,0.4335713897812474,4163,4199,0.9904824893058242,False
adce,mldst-motion,0.004175468101588031,1.087036077683667,0.27705258299748586,4131,4132,0.9904824893058242,False
adce,slsr,0.004576627354380747,1.215365952231774,0.22426128242585983,4125,4141,0.9745114828179076,False
adce,loop-interchange,-0.00012602851682647076,-0.03375420656818376,0.9730739730997731,4052,4166,0.9990475216511701,False
adce,loop-fusion,0.003619081324196749,0.9720228855288161,0.33106776796258713,4144,4080,0.9904824893058242,False
adce,loop-distribute,0.002348115583678645,0.6391018141153649,0.5227744109622882,4091,4179,0.9904824893058242,False
adce,loop-load-elim,-0.0054347885814476915,-1.4748540194999298,0.14028932798427768,4250,4142,0.95758018139933,False
adce,loop-sink,0.0007845234728643957,0.21263972039765403,0.8316130798971076,4216,4307,0.9939033925017995,False
adce,loop-unroll-and-jam,0.004481681631250456,1.1932160176384514,0.23281798071589874,4276,4257,0.9745114828179076,False
adce,hotcoldsplit,-0.0035322210303933566,-0.9379414609689785,0.34830161897902034,4194,4161,0.9904824893058242,False
adce,irce,0.006302887907756349,1.7327311572238988,0.08317942975568697,4308,4272,0.9223771155217892,False
adce,nary-reassociate,-0.00591365493720819,-1.5763252941836006,0.11498827607891714,4288,4168,0.9352659276973905,False
adce,scalarizer,-0.0074767586680482,-2.014983131046675,0.04393816214713,4188,4236,0.9119822292272008,False
adce,vector-combine,-0.006621894214431712,-1.7646042465810905,0.07766745087617888,4118,4115,0.9223771155217892,False
adce,always-inline,-0.001909466599788412,-0.5075950817007463,0.6117508801222112,4194,4099,0.9904824893058242,False
adce,globalsplit,0.0007813822133547754,0.20860413720334242,0.8347623566682217,4244,4209,0.9939033925017995,False
adce,lowerswitch,-0.0030532360291781746,-0.8110843491908641,0.4173400379127318,4280,4187,0.9904824893058242,False
adce,early-cse-memssa,0.0013343713825760273,0.5049001523109258,0.6136421165015268,4250,4233,0.9904824893058242,False
adce,simple-loop-unswitch,-0.005591025522612869,-1.4796366955500433,0.1390079166266586,4211,4168,0.95758018139933,False
adce,loop-versioning,0.0008390717768094746,0.23027152028534853,0.8178863886080228,4224,4209,0.9930288168050652,False
adce,loop-flatten,0.003524549257313714,0.9997379878030551,0.31746580173163946,4220,4277,0.9904824893058242,False
adce,loop-reroll,-0.00010816901351456965,-0.02872051547893517,0.9770881863282175,4094,4190,0.9990475216511701,False
adce,loop-instsimplify,-0.0027060978055959417,-0.7306872650412086,0.4649906255518506,4195,4189,0.9904824893058242,False
adce,loop-simplifycfg,0.002488797178116897,0.6631944343799111,0.5072242835299066,4113,4274,0.9904824893058242,False
adce,loop-predication,-0.001387329463742315,-0.3789198263983363,0.7047571113908372,4177,4110,0.9904824893058242,False
adce,speculative-execution,-0.0036780710189078802,-1.0051171266724708,0.314869592143504,4188,4162,0.9904824893058242,False
adce,partially-inline-libcalls,0.00019699510983106627,0.05127127712086874,0.9591105786428075,4207,4175,0.9990475216511701,False
adce,load-store-vectorizer,0.0012197083267709852,0.33113012969459005,0.7405543540836821,4265,4240,0.9930288168050652,False
adce,iroutliner,-0.001384061588428187,-0.37823166935930014,0.7052680848975256,4246,4136,0.9904824893058242,False
adce,global-merge,0.0016599433268206787,0.4447782428791434,0.6564913484569882,4320,4201,0.9904824893058242,False
adce,break-crit-edges,0.0065525809086266484,1.7556371928779702,0.07918667896755203,4327,4156,0.9223771155217892,False
adce,unreachableblockelim,-0.000311490638281231,-0.0822160075111575,0.9344769045915737,4243,4154,0.9971441508502933,False
dse,jump-threading,-0.0032924681965194047,-0.8765511981341529,0.38075582055882473,4118,4257,0.9904824893058242,False
dse,loop-idiom,0.0008154484487870595,0.21798972324965143,0.8274424500853883,4130,4219,0.9939033925017995,False
dse,loop-deletion,-0.002960998270175652,-0.8174419841798746,0.41369889602376725,4188,4288,0.9904824893058242,False
dse,gvn,-0.030099585194237666,-11.63524795147015,4.756245802905152e-31,4076,4295,6.2084861880588585e-28,True
dse,gvn-hoist,0.0069813196902202,1.926602864584608,0.05406260880674191,4337,4152,0.9205345724027795,False
dse,gvn-sink,0.0015842273624280812,0.4303463988917872,0.6669545894495024,4188,4323,0.9904824893058242,False
dse,newgvn,-0.02412611142078469,-9.433830226903599,5.034137034745468e-21,4198,4204,4.928420157015813e-18,True
dse,early-cse,-0.0028049401545283126,-0.8776691514443563,0.38014793580319484,4323,4253,0.9904824893058242,False
dse,mergereturn,0.0028586080851542017,0.7635653199251901,0.4451477151077157,4143,4282,0.9904824893058242,False
dse,globalopt,0.0053643422119125095,1.4611651546788285,0.14400718725586012,4260,4221,0.95758018139933,False
dse,strip-dead-prototypes,-0.0021301760522268176,-0.5853152238920034,0.5583513155350005,4235,4318,0.9904824893058242,False
dse,indvars,0.0006312532720067487,0.17067770380683647,0.8644813373558052,4246,4145,0.9939394641716258,False
dse,mergeicmps,-0.0009094157194136088,-0.24289373732000838,0.808093665009826,4204,4183,0.9930288168050652,False
dse,separate-const-offset-from-gep,0.00360430596909328,0.9771336057932228,0.32853110747502606,4193,4223,0.9904824893058242,False
dse,libcalls-shrinkwrap,0.0005864801926515062,0.15515205519480516,0.8767051401951852,4314,4162,0.994650908707853,False
dse,flattencfg,0.00024688972113556806,0.06627858515243698,0.9471576237094791,4253,4095,0.9987622411976728,False
dse,loop-reduce,0.000585843414892262,0.1589001824829346,0.8737514359253455,4131,4066,0.9943810419857512,False
dse,loop-unroll,-0.002312591958062493,-0.6099115715364812,0.541936966647568,4161,4203,0.9904824893058242,False
dse,loop-rotate,-0.00158469939810163,-0.41607936653175376,0.6773624664434108,4272,4213,0.9904824893058242,False
dse,partial-inliner,-0.003470624458040694,-0.9210114696876547,0.35707090746733117,4232,4175,0.9904824893058242,False
dse,lower-expect,0.0023755625624530263,0.6483300082519657,0.5167890318943229,4241,4270,0.9904824893058242,False
dse,alignment-from-assumptions,-0.0013327261157991543,-0.3555598133216291,0.7221790802526334,4205,4284,0.9925991244200286,False
dse,rpo-function-attrs,-0.0016572118799504376,-0.43522805479478244,0.6634080560519441,4167,4255,0.9904824893058242,False
dse,attributor,-0.004594568912730079,-1.400772887014121,0.16131963170948385,4153,4116,0.9705585112162733,False
dse,inferattrs,-0.0020546565378776194,-0.5533542966014479,0.5800353794058976,4297,4221,0.9904824893058242,False
dse,called-value-propagation,0.001182833077929768,0.3138562483066044,0.7536383158934855,4085,4015,0.9930288168050652,False
dse,licm,-0.01093721417243343,-2.9911343290350625,0.0027875614967701906,4225,4128,0.3521319619790989,False
dse,loop-simplify,0.0007844543334814547,0.20879433159729904,0.8346138198272107,4230,4239,0.9939033925017995,False
dse,div-rem-pairs,0.0015316286642911292,0.41132610528819913,0.6808438454616743,4206,4274,0.9904824893058242,False
dse,float2int,-0.003416635283629621,-0.9222921507915764,0.3564029164703053,4153,4190,0.9904824893058242,False
dse,inline,-0.006148909272499781,-1.621655483225666,0.10491535499578175,4102,4151,0.9298842796600941,False
dse,sink,0.0019717210500158067,0.5438817235339954,0.5865369707649873,4260,4339,0.9904824893058242,False
dse,loop-vectorize,0.0015020306055932298,0.40702100121610896,0.6840029106303693,4247,4175,0.9904824893058242,False
dse,slp-vectorizer,0.006499874283111717,1.7696975915309399,0.07681418832439997,4107,4216,0.9223771155217892,False
dse,callsite-splitting,-0.0007266122404107067,-0.19917892960562825,0.8421275424721579,4259,4255,0.9939033925017995,False
dse,dfa-jump-threading,-0.0031062201736397066,-0.836465641881622,0.4029167148168942,4279,4157,0.9904824893058242,False
dse,consthoist,-0.00011905190846678293,-0.03165443561576333,0.9747483808245494,4231,4205,0.9990475216511701,False
dse,mldst-motion,0.0023909457414125757,0.6385626139175214,0.5231249328243616,4149,4247,0.9904824893058242,False
dse,slsr,0.000544019709883381,0.14609987297840552,0.8838460529558533,4207,4194,0.994650908707853,False
dse,loop-interchange,-0.004028465247065238,-1.0831809351417425,0.2787595444063612,4153,4166,0.9904824893058242,False
dse,loop-fusion,0.0023780749489315522,0.6407606524153734,0.5216957208717792,4171,4224,0.9904824893058242,False
dse,loop-distribute,0.0031339484767956005,0.8602532598155618,0.38967388365583444,4240,4205,0.9904824893058242,False
dse,loop-load-elim,0.0002532382913099096,0.0669436875741096,0.9466281252753039,4233,4176,0.9987622411976728,False
dse,loop-sink,0.0014672475697629084,0.4011228454219713,0.6883398119244569,4164,4302,0.9904824893058242,False
dse,loop-unroll-and-jam,-0.00013563618901873964,-0.03655624816942944,0.970839700920524,4139,4246,0.9990475216511701,False
dse,hotcoldsplit,-0.0037448942078308067,-1.0121104367249176,0.31151437673386867,4188,4230,0.9904824893058242,False
dse,irce,0.009585209639066228,2.6325493435108793,0.00849019483505271,4259,4160,0.6572667071229729,False
dse,nary-reassociate,0.0067884819323478784,1.7973484491861274,0.07231696423220067,4187,4067,0.9223771155217892,False
dse,scalarizer,0.0013094210985570287,0.34894923682104007,0.7271362298508772,4163,4179,0.9925991244200286,False
dse,vector-combine,-0.007368299863268368,-2.004759591167485,0.04502065545920741,4196,4250,0.9119822292272008,False
dse,always-inline,0.002617191704593791,0.7118422203397352,0.4765821137454764,4268,4204,0.9904824893058242,False
dse,globalsplit,-0.0015884579808953525,-0.429768765785559,0.6673748932595115,4183,4209,0.9904824893058242,False
dse,lowerswitch,-0.004340624175330321,-1.1504271301157258,0.250001263791787,4139,4132,0.9809668827741863,False
dse,early-cse-memssa,-0.02180975763976506,-8.943168753042873,4.579442058202021e-19,4286,4228,3.586619019983823e-16,True
dse,simple-loop-unswitch,0.0017155929798100544,0.4547313696446248,0.649314423665158,4198,4106,0.9904824893058242,False
dse,loop-versioning,0.0013081262548684802,0.353092901482519,0.7240276460513244,4207,4203,0.9925991244200286,False
dse,loop-flatten,0.005117454194916549,1.393731376011162,0.16343589549620746,4186,4155,0.9705585112162733,False
dse,loop-reroll,0.0024840927729084528,0.6767699358754383,0.49857051039122136,4326,4104,0.9904824893058242,False
dse,loop-instsimplify,0.005450527565749652,1.4616390821216096,0.1438770570639053,4254,4260,0.95758018139933,False
dse,loop-simplifycfg,0.0006651279160010404,0.17774318241675055,0.8589289438046442,4242,4190,0.9939385410125189,False
dse,loop-predication,0.00017155123785578263,0.04634546945549848,0.9630359996176197,4082,4331,0.9990475216511701,False
dse,speculative-execution,-0.004686906862834794,-1.2228242447006474,0.22143103948588003,4149,4100,0.9709254156592004,False
dse,partially-inline-libcalls,-0.00011145428715819694,-0.03094420411143464,0.9753147615139379,4184,4359,0.9990475216511701,False
dse,load-store-vectorizer,0.0010902994964017698,0.2942961031325667,0.7685388304590101,4273,4238,0.9930288168050652,False
dse,iroutliner,0.007774709232947208,2.120713561462194,0.03397544331623314,4179,4145,0.8825311530906069,False
dse,global-merge,0.008668890301050336,2.346945012076851,0.018951096706138523,4143,4280,0.8629359848981216,False
dse,break-crit-edges,-0.002091797685868091,-0.5579004670470926,0.5769272564289337,4203,4179,0.9904824893058242,False
dse,unreachableblockelim,-0.003572482376959618,-0.9806460531971919,0.32679478617846636,4313,4338,0.9904824893058242,False
jump-threading,loop-idiom,0.00038549124759967857,0.10558141726156334,0.9159170105104467,4098,4247,0.9962685063900011,False
jump-threading,loop-deletion,-0.00042901125645711247,-0.11415017092660262,0.9091215260001643,4094,4226,0.9961990294109887,False
jump-threading,gvn,0.00016611840383201626,0.05818915452210172,0.9535993549962839,4199,4141,0.9987622411976728,False
jump-threading,gvn-hoist,0.0041426565452370445,1.1204438106540655,0.2625569681204508,4206,4148,0.9858725228221116,False
jump-threading,gvn-sink,-0.002530201636763929,-0.6750542520897913,0.4996600184443238,4167,4173,0.9904824893058242,False
jump-threading,newgvn,-0.0021042767895438907,-0.7762941694091694,0.43759724716792764,4156,4232,0.9904824893058242,False
jump-threading,early-cse,-0.0011997477614429375,-0.37041601598942014,0.7110820968801802,4100,4113,0.9916947457282645,False
jump-threading,mergereturn,-0.001788417915648488,-0.47750698165163963,0.6330135478732172,4259,4164,0.9904824893058242,False
jump-threading,globalopt,-0.00012987138172348978,-0.03495686512033712,0.9721149644317605,4224,4205,0.9990475216511701,False
jump-threading,strip-dead-prototypes,0.00041179033088550865,0.1112576780179047,0.9114146704259577,4205,4207,0.9961990294109887,False
jump-threading,indvars,-0.0010588687120730023,-0.28872933899461206,0.7727955593222502,4217,4274,0.9930288168050652,False
jump-threading,mergeicmps,0.004145866163745016,1.108563870961739,0.2676507341785963,4171,4093,0.9904824893058242,False
jump-threading,separate-const-offset-from-gep,-0.006456088858717957,-1.7430665441622006,0.0813585942848365,4277,4127,0.9223771155217892,False
jump-threading,libcalls-shrinkwrap,-0.0016809816725137372,-0.47161110031121595,0.6372162750855863,4314,4354,0.9904824893058242,False
jump-threading,flattencfg,-0.0009020438664549824,-0.23671779896967363,0.8128815155800236,4132,4245,0.9930288168050652,False
jump-threading,loop-reduce,-0.003377414585249483,-0.9243077744641616,0.35535290328331154,4154,4185,0.9904824893058242,False
jump-threading,loop-unroll,-0.005711543537486874,-1.4501465788837875,0.14705501447019825,4207,4191,0.9694737990998256,False
jump-threading,loop-rotate,-0.008201522326811705,-2.1256598667797606,0.03356121780572822,4117,4140,0.8825311530906069,False
jump-threading,partial-inliner,-0.0032884092863975645,-0.9070238626414676,0.364420296024349,4193,4177,0.9904824893058242,False
jump-threading,lower-expect,0.00169387839022489,0.45745876735338536,0.6473531177453522,4156,4279,0.9904824893058242,False
jump-threading,alignment-from-assumptions,0.000985736341996224,0.27651231416969774,0.7821614167942016,4166,4223,0.9930288168050652,False
jump-threading,rpo-function-attrs,0.0017803436863839117,0.4851721654787386,0.6275668655449187,4201,4221,0.9904824893058242,False
jump-threading,attributor,0.0005110041788781716,0.15560919269509405,0.8763447784600182,4239,4266,0.994650908707853,False
jump-threading,inferattrs,-0.0032438964712597773,-0.8955647009240733,0.37051050917122613,4323,4229,0.9904824893058242,False
jump-threading,called-value-propagation,-0.000882709517426139,-0.23655119419990595,0.8130107928556766,4187,4160,0.9930288168050652,False
jump-threading,licm,0.0009117199797341602,0.23659069615131548,0.8129801493484955,4091,4266,0.9930288168050652,False
jump-threading,loop-simplify,-0.004977556015491824,-1.3301304473082627,0.1835116284781898,4135,4221,0.9705585112162733,False
jump-threading,div-rem-pairs,0.002535363518945455,0.6680767805918131,0.50410312125508,4123,4197,0.9904824893058242,False
jump-threading,float2int,-0.0032880968767005636,-0.9027678468504788,0.36667523437271393,4128,4213,0.9904824893058242,False
jump-threading,inline,0.005470870118110094,1.4623117743594378,0.1436936613381921,4091,4211,0.95758018139933,False
jump-threading,sink,-0.0008128768418181331,-0.22090849861206668,0.8251690262584329,4200,4239,0.9939033925017995,False
jump-threading,loop-vectorize,0.004216858568730775,1.140211568390116,0.2542310821065128,4058,4276,0.9847368125906074,False
jump-threading,slp-vectorizer,0.0021805685365511307,0.5851678241236034,0.5584504491758016,4219,4264,0.9904824893058242,False
jump-threading,callsite-splitting,0.0019989739928966688,0.5287752889769505,0.5969752424652432,4173,4275,0.9904824893058242,False
jump-threading,dfa-jump-threading,-0.00312566332597497,-0.8382755243968639,0.40190024780039657,4144,4114,0.9904824893058242,False
jump-threading,consthoist,-0.006227057614487996,-1.6945012705541218,0.0902066394913326,4314,4239,0.9223771155217892,False
jump-threading,mldst-motion,0.0035599560012971043,0.9690616279071872,0.33254196417848897,4263,4280,0.9904824893058242,False
jump-threading,slsr,-0.0012095377852308076,-0.32714771033841483,0.7435642919501594,4212,4227,0.9930288168050652,False
jump-threading,loop-interchange,-0.0012629123022397937,-0.34041410159660407,0.7335533014297434,4198,4137,0.9925991244200286,False
jump-threading,loop-fusion,-0.004800299233380267,-1.282872402312052,0.19957247087873578,4242,4092,0.9705585112162733,False
jump-threading,loop-distribute,0.005121555436274794,1.3902579689629007,0.16448740173203305,4216,4201,0.9705585112162733,False
jump-threading,loop-load-elim,-0.0020266279170932933,-0.5489586662537639,0.5830481014991118,4267,4315,0.9904824893058242,False
jump-threading,loop-sink,0.003950813303524703,1.0760319124970101,0.28194403229105647,4199,4164,0.9904824893058242,False
jump-threading,loop-unroll-and-jam,-0.001541634444655715,-0.41184840184127525,0.6804610845648319,4292,4107,0.9904824893058242,False
jump-threading,hotcoldsplit,0.00045225226499995275,0.12144900813777106,0.9033383222531458,4164,4195,0.9961990294109887,False
jump-threading,irce,-0.0009938805538985962,-0.2680532475921591,0.788664926709602,4174,4224,0.9930288168050652,False
jump-threading,nary-reassociate,-0.001017124521252688,-0.2781588849657781,0.7808971824763696,4232,4249,0.9930288168050652,False
jump-threading,scalarizer,-0.0026711781461050133,-0.7278537258782882,0.46672313569938856,4310,4212,0.9904824893058242,False
jump-threading,vector-combine,0.0018966346099844045,0.5000538622709998,0.6170503392083755,4173,4175,0.9904824893058242,False
jump-threading,always-inline,-0.0004350470521964911,-0.11875346803589974,0.9054735147719641,4260,4148,0.9961990294109887,False
jump-threading,globalsplit,-0.0023215748183416096,-0.6293107917093351,0.5291626913274449,4215,4204,0.9904824893058242,False
jump-threading,lowerswitch,-0.0026818194983050936,-0.7241326185580326,0.4690046424688062,4176,4162,0.9904824893058242,False
jump-threading,early-cse-memssa,-0.0015299933574700053,-0.5474655694685854,0.5840737610934523,4177,4082,0.9904824893058242,False
jump-threading,simple-loop-unswitch,-0.0033564757853855043,-0.9066982253256054,0.36459255247375494,4188,4171,0.9904824893058242,False
jump-threading,loop-versioning,0.005088042660957803,1.3837572880120015,0.16646950325226814,4215,4199,0.9705585112162733,False
jump-threading,loop-flatten,0.00040481805758368905,0.10942207741073713,0.9128703596556541,4166,4167,0.9961990294109887,False
jump-threading,loop-reroll,0.002686622982618403,0.7340325669971487,0.46294903487970407,4291,4257,0.9904824893058242,False
jump-threading,loop-instsimplify,-0.006504301180812022,-1.7163812170830008,0.08612988509924199,4111,4151,0.9223771155217892,False
jump-threading,loop-simplifycfg,-0.0013531523103630372,-0.3793489515687329,0.7044381854780037,4313,4232,0.9904824893058242,False
jump-threading,loop-predication,0.0010567318620892108,0.29088368687989385,0.7711474020196336,4278,4192,0.9930288168050652,False
jump-threading,speculative-execution,-0.001020473854699555,-0.27066399805641295,0.7866561328658382,4197,4209,0.9930288168050652,False
jump-threading,partially-inline-libcalls,0.005481519909861343,1.4349265062166097,0.15134573038628038,4183,4181,0.9705585112162733,False
jump-threading,load-store-vectorizer,-0.0035388381434401373,-0.9746081568686334,0.32978296753498737,4198,4135,0.9904824893058242,False
jump-threading,iroutliner,-0.0005913147748288772,-0.16010563456053906,0.8728017216545427,4188,4198,0.9942716603646986,False
jump-threading,global-merge,0.009657366429330017,2.578278142413103,0.009946543302886142,4119,4151,0.6952908493072808,False
jump-threading,break-crit-edges,-0.026342703658434774,-7.050651892135467,1.922189682937002e-12,4234,4146,1.0753278283401857e-09,True
jump-threading,unreachableblockelim,0.006448543452850286,1.773975678401667,0.07610301176706559,4163,4335,0.9223771155217892,False
loop-idiom,loop-deletion,0.0005534570758388702,0.14932360677720402,0.8813018856673248,4207,4185,0.994650908707853,False
loop-idiom,gvn,0.005364708946686503,1.931802088399448,0.053417812616513266,4098,4246,0.9205345724027795,False
loop-idiom,gvn-hoist,-0.0010499887752495884,-0.28239820265783033,0.77764516742883,4215,4167,0.9930288168050652,False
loop-idiom,gvn-sink,-0.002316558993402551,-0.630767717708876,0.5282095655154465,4171,4240,0.9904824893058242,False
loop-idiom,newgvn,-0.0033644261209285764,-1.178967658721294,0.23844520019476864,4116,4101,0.9758672781286067,False
loop-idiom,early-cse,-0.0013260033962552153,-0.40454550223050023,0.6858217988873271,4213,4316,0.9904824893058242,False
loop-idiom,mergereturn,0.002434826864215256,0.6619497687203871,0.5080215760914626,4192,4209,0.9904824893058242,False
loop-idiom,globalopt,-0.003697506277881124,-0.981600859931842,0.32632437297954675,4282,4253,0.9904824893058242,False
loop-idiom,strip-dead-prototypes,0.004510086755160347,1.199405540162916,0.23040413162465428,4250,4156,0.9745114828179076,False
loop-idiom,indvars,-0.0034161366131904014,-0.9063284415408155,0.36478833994380183,4189,4115,0.9904824893058242,False
loop-idiom,mergeicmps,0.0013874078993345584,0.3683311059219624,0.7126356582647849,4298,4113,0.9924654586614432,False
loop-idiom,separate-const-offset-from-gep,-0.0017757233454371857,-0.4900876092505472,0.6240846308954536,4189,4265,0.9904824893058242,False
loop-idiom,libcalls-shrinkwrap,-0.004947240083029658,-1.3501207240596682,0.1770136253986072,4249,4168,0.9705585112162733,False
loop-idiom,flattencfg,0.002945284965199302,0.790738882181609,0.4291188245207328,4154,4205,0.9904824893058242,False
loop-idiom,loop-reduce,0.003991311793249519,1.0656782382051733,0.2865995455474604,4222,4241,0.9904824893058242,False
loop-idiom,loop-unroll,-0.0013683533991755148,-0.3429244887807317,0.7316640070902088,4105,4146,0.9925991244200286,False
loop-idiom,loop-rotate,0.0033396475536367487,0.8803879612625589,0.3786741866144808,4186,4297,0.9904824893058242,False
loop-idiom,partial-inliner,-0.00111362446323382,-0.29782352896188236,0.7658452000975775,4225,4206,0.9930288168050652,False
loop-idiom,lower-expect,-0.00225858099204973,-0.5981403806990088,0.5497624859807144,4240,4120,0.9904824893058242,False
loop-idiom,alignment-from-assumptions,0.007812593099752518,2.128193240430604,0.033350171321024365,4158,4223,0.8825311530906069,False
loop-idiom,rpo-function-attrs,0.0017190838863983537,0.4544476581338579,0.6495184136001524,4213,4186,0.9904824893058242,False
loop-idiom,attributor,0.002441884260833971,0.742662918589277,0.45770636375747703,4233,4252,0.9904824893058242,False
loop-idiom,inferattrs,-0.00045521624382993675,-0.12111514616737103,0.9036027803053255,4120,4150,0.9961990294109887,False
loop-idiom,called-value-propagation,0.004963060618887072,1.342995682622382,0.17931013077917513,4149,4145,0.9705585112162733,False
loop-idiom,licm,-0.0016203404044717318,-0.4279716733122724,0.6686827522717335,4204,4171,0.9904824893058242,False
loop-idiom,loop-simplify,0.0033612627657921834,0.8892645587230905,0.3738867002016954,4189,4112,0.9904824893058242,False
loop-idiom,div-rem-pairs,-0.001921728183313598,-0.520479145937968,0.6027435258411464,4144,4181,0.9904824893058242,False
loop-idiom,float2int,0.003613699260387404,0.9571379231180943,0.33852531661751245,4111,4256,0.9904824893058242,False
loop-idiom,inline,0.005432530582547779,1.3982027433637145,0.16208968202811724,4126,4156,0.9705585112162733,False
loop-idiom,sink,0.0006852187039201318,0.18260396026858616,0.8551131485235018,4210,4267,0.9939385410125189,False
loop-idiom,loop-vectorize,-0.0020874760678263327,-0.555514394674294,0.5785579249555719,4106,4153,0.9904824893058242,False
loop-idiom,slp-vectorizer,0.0014075656680326842,0.3725769924136318,0.7094725001258642,4375,4241,0.9916947457282645,False
loop-idiom,callsite-splitting,-0.00420336865544213,-1.1257162811660848,0.2603185241174968,4162,4088,0.9858725228221116,False
loop-idiom,dfa-jump-threading,-0.007625190564578055,-2.0488843243455332,0.04050474423651317,4193,4128,0.9119822292272008,False
loop-idiom,consthoist,0.0014906840795614884,0.40785725776731896,0.6833887937761884,4177,4286,0.9904824893058242,False
loop-idiom,mldst-motion,0.0028610496546539466,0.7745301817839404,0.43863933418456674,4148,4175,0.9904824893058242,False
loop-idiom,slsr,0.001548715758575514,0.42622750372355717,0.6699528197478218,4238,4310,0.9904824893058242,False
loop-idiom,loop-interchange,-0.0030154152508926058,-0.8063781070711976,0.4200475254135619,4159,4330,0.9904824893058242,False
loop-idiom,loop-fusion,-0.003469805829377448,-0.9442952928575457,0.34504560217885805,4292,4216,0.9904824893058242,False
loop-idiom,loop-distribute,-0.002581873067086571,-0.6929231479625378,0.48837703122906384,4223,4160,0.9904824893058242,False
loop-idiom,loop-load-elim,-0.003262470914856652,-0.8447787122297807,0.3982587459619389,4265,4041,0.9904824893058242,False
loop-idiom,loop-sink,-0.0017665091760750151,-0.4775507756924789,0.6329821958806493,4308,4239,0.9904824893058242,False
loop-idiom,loop-unroll-and-jam,0.00024569845827404624,0.06619908459186782,0.9472208846958248,4266,4224,0.9987622411976728,False
loop-idiom,hotcoldsplit,-0.004290906726014954,-1.158931899934102,0.24651635325836443,4198,4355,0.9807287255775249,False
loop-idiom,irce,-0.004487843862800822,-1.2003740928084692,0.23002798565853758,4152,4240,0.9745114828179076,False
loop-idiom,nary-reassociate,0.004494010213677513,1.1921793401044838,0.23322478701665902,4095,4294,0.9745114828179076,False
loop-idiom,scalarizer,0.002865259234997919,0.759105962965963,0.4478107560590303,4165,4129,0.9904824893058242,False
loop-idiom,vector-combine,0.0019266740715424557,0.5173915418400383,0.6048964671185155,4128,4297,0.9904824893058242,False
loop-idiom,always-inline,-0.0016417793375919087,-0.45078553390786824,0.652155347343221,4362,4354,0.9904824893058242,False
loop-idiom,globalsplit,0.0009299019236951311,0.2457081873512629,0.8059141361901483,4245,4181,0.9930288168050652,False
loop-idiom,lowerswitch,0.0010305947746933608,0.26668745767364765,0.7897162964305182,4234,4253,0.9930288168050652,False
loop-idiom,early-cse-memssa,-0.0007582552757757766,-0.29262991882437434,0.7698122636217085,4217,4206,0.9930288168050652,False
loop-idiom,simple-loop-unswitch,0.0026019602293613775,0.7070437111408712,0.47955893958337054,4253,4168,0.9904824893058242,False
loop-idiom,loop-versioning,0.0013011106157780339,0.34993429376477503,0.7263967337744265,4144,4317,0.9925991244200286,False
loop-idiom,loop-flatten,0.00383502578371675,1.013634307870196,0.310786989086274,4170,4101,0.9904824893058242,False
loop-idiom,loop-reroll,-0.0020907447840472493,-0.5464308592761847,0.5847845304123768,4209,4072,0.9904824893058242,False
loop-idiom,loop-instsimplify,-0.0001507112605750871,-0.039537594517811143,0.9684627294939494,4208,4149,0.9990475216511701,False
loop-idiom,loop-simplifycfg,0.00208500631511388,0.5624759615725158,0.5738065512500614,4214,4344,0.9904824893058242,False
loop-idiom,loop-predication,-0.0007329716228172134,-0.19679871648171915,0.8439898291426,4246,4141,0.9939385410125189,False
loop-idiom,speculative-execution,-0.0019465272097628494,-0.5242624180717402,0.6001093875537304,4388,4321,0.9904824893058242,False
loop-idiom,partially-inline-libcalls,-0.0018501516533221407,-0.49704134441773024,0.6191730001334316,4180,4165,0.9904824893058242,False
loop-idiom,load-store-vectorizer,0.004209780947008246,1.1428888587306596,0.2531169160714714,4226,4298,0.9847368125906074,False
loop-idiom,iroutliner,0.008936673082494628,2.451057472243575,0.014263756128845959,4251,4235,0.8163479239936102,False
loop-idiom,global-merge,-0.002143024758533729,-0.5905917082799381,0.5548099399196138,4133,4257,0.9904824893058242,False
loop-idiom,break-crit-edges,0.0029466873158253692,0.7738594188881052,0.4390359817497549,4106,4194,0.9904824893058242,False
loop-idiom,unreachableblockelim,-0.0009057195034486987,-0.2452302047634517,0.8062841644253288,4346,4101,0.9930288168050652,False
loop-deletion,gvn,0.0019637682665956113,0.6884047159501863,0.4912169559987538,4227,4180,0.9904824893058242,False
loop-deletion,gvn-hoist,0.0019872557136620395,0.5378069976947414,0.5907246508687964,4178,4169,0.9904824893058242,False
loop-deletion,gvn-sink,-0.0032662498726437894,-0.8729922829508742,0.3826923919329204,4156,4200,0.9904824893058242,False
loop-deletion,newgvn,0.001176849156315718,0.4483309859958628,0.6539257805065254,4404,4176,0.9904824893058242,False
loop-deletion,early-cse,0.001954531175414276,0.596047575528871,0.551159218984139,4314,4241,0.9904824893058242,False
loop-deletion,mergereturn,0.005086570308394156,1.3218998220132272,0.18623823731095862,4116,4120,0.9705585112162733,False
loop-deletion,globalopt,-0.008302466704261047,-2.2171871229809064,0.026636824587144187,4247,4218,0.8825311530906069,False
loop-deletion,strip-dead-prototypes,-0.003877091718841763,-1.0404571810349883,0.2981582738827493,4033,4199,0.9904824893058242,False
loop-deletion,indvars,-0.0033875676579493974,-0.9154232099396681,0.35999553113731236,4287,4216,0.9904824893058242,False
loop-deletion,mergeicmps,-0.0075502005164955754,-2.0121471304594185,0.04423674725278587,4208,4092,0.9119822292272008,False
loop-deletion,separate-const-offset-from-gep,-0.00048096739701930513,-0.13007341169392966,0.8965114507920354,4177,4251,0.9961990294109887,False
loop-deletion,libcalls-shrinkwrap,0.000916760644115,0.2404720813176705,0.8099702801621921,4132,4120,0.9930288168050652,False
loop-deletion,flattencfg,-0.003964518931474481,-1.063905329509301,0.2874027229137525,4177,4091,0.9904824893058242,False
loop-deletion,loop-reduce,-0.0025901770672956403,-0.698137410337344,0.48511045623838206,4224,4245,0.9904824893058242,False
loop-deletion,loop-unroll,-0.006210764190755724,-1.579388111302942,0.11428460372349017,4208,4219,0.9352659276973905,False
loop-deletion,loop-rotate,-0.0027446080194938327,-0.6850009914737395,0.49336264925947804,4047,4189,0.9904824893058242,False
loop-deletion,partial-inliner,-0.003960747797123743,-1.058965425546367,0.2896463451330104,4215,4092,0.9904824893058242,False
loop-deletion,lower-expect,-0.0002238086496446634,-0.06002942902888728,0.9521336264115061,4169,4225,0.9987622411976728,False
loop-deletion,alignment-from-assumptions,-0.00043044778749928847,-0.11790423161207254,0.906146298092551,4291,4309,0.9961990294109887,False
loop-deletion,rpo-function-attrs,-0.005630539012158375,-1.4969256538580584,0.13445058235863266,4169,4152,0.9572881463934645,False
loop-deletion,attributor,0.0061872967051290195,1.8915632716709614,0.05858355602467696,4150,4257,0.9214183220099281,False
loop-deletion,inferattrs,0.006052585424012047,1.6500504873692652,0.0989695652719138,4327,4194,0.9272869961510797,False
loop-deletion,called-value-propagation,0.005194949964203943,1.403523536749965,0.16049787715680355,4197,4175,0.9705585112162733,False
loop-deletion,licm,0.0015396625418878096,0.3994256521347395,0.6895896196531088,4289,4251,0.9904824893058242,False
loop-deletion,loop-simplify,-0.0017814545197650244,-0.4742059648251385,0.6353653227210891,4171,4264,0.9904824893058242,False
loop-deletion,div-rem-pairs,-0.007903662846291848,-2.1060079765633537,0.03523321834150358,4246,4190,0.8825311530906069,False
loop-deletion,float2int,0.0017588311757031905,0.4805241545822912,0.6308671205279712,4269,4221,0.9904824893058242,False
loop-deletion,inline,6.968152427283547e-05,0.018925017806799317,0.984901377258958,4149,4143,0.9990475216511701,False
loop-deletion,sink,0.000550443549912849,0.14644552340905106,0.8835732730158515,4082,4199,0.994650908707853,False
loop-deletion,loop-vectorize,-0.008115130779285551,-2.165419451361538,0.030383545622305497,4249,4247,0.8825311530906069,False
loop-deletion,slp-vectorizer,0.0014326560194136695,0.3876226404840483,0.6983050411635392,4233,4249,0.9904824893058242,False
loop-deletion,callsite-splitting,0.001835062742403859,0.49910061584213394,0.6177215819860362,4197,4218,0.9904824893058242,False
loop-deletion,dfa-jump-threading,-0.0019614219057400017,-0.5226979457220629,0.6011981373545269,4329,4160,0.9904824893058242,False
loop-deletion,consthoist,0.0027214940873243054,0.7309392979008394,0.4648365579021655,4213,4232,0.9904824893058242,False
loop-deletion,mldst-motion,0.0037656665510164,1.0190897006551385,0.3081895804527154,4213,4247,0.9904824893058242,False
loop-deletion,slsr,-4.8061190898451844e-05,-0.012802276401466943,0.9897858442876928,4176,4230,0.9990475216511701,False
loop-deletion,loop-interchange,-0.008149346488314613,-2.2385714032973243,0.025210012298396985,4228,4141,0.8825311530906069,False
loop-deletion,loop-fusion,-1.9300511989284175e-05,-0.005101599592728204,0.9959296509759628,4152,4272,0.9990475216511701,False
loop-deletion,loop-distribute,-0.007746151709310034,-2.0746531289358865,0.03804943644388976,4166,4138,0.8874842709341716,False
loop-deletion,loop-load-elim,-0.005005990286695572,-1.3568595256835556,0.1748620795222179,4224,4239,0.9705585112162733,False
loop-deletion,loop-sink,0.001832301883532006,0.48506100915565703,0.627646017271742,4106,4105,0.9904824893058242,False
loop-deletion,loop-unroll-and-jam,0.004741733575057694,1.2571191412531273,0.2087454535608146,4190,4221,0.9705585112162733,False
loop-deletion,hotcoldsplit,0.0026467602275748736,0.699092703330943,0.4845137604504605,4231,4095,0.9904824893058242,False
loop-deletion,irce,1.8624879703221797e-05,0.0050345877554115945,0.9959831186820444,4129,4136,0.9990475216511701,False
loop-deletion,nary-reassociate,0.0028589462655572717,0.7617192485903697,0.44624894159828904,4168,4245,0.9904824893058242,False
loop-deletion,scalarizer,-0.005627069186561362,-1.502433876387484,0.13302325803219903,4190,4097,0.9572881463934645,False
loop-deletion,vector-combine,-0.0011078893517465493,-0.2990864237240155,0.7648813591635055,4267,4303,0.9930288168050652,False
loop-deletion,always-inline,-0.0009100367820797928,-0.24370044052820283,0.8074687920420965,4178,4212,0.9930288168050652,False
loop-deletion,globalsplit,0.0076048299664391306,1.9722053241376292,0.04861903943049957,4172,4210,0.9203790989729393,False
loop-deletion,lowerswitch,0.0003677437154518959,0.09767557527054355,0.9221922932431303,4110,4112,0.9962685063900011,False
loop-deletion,early-cse-memssa,0.0027132287687848256,1.0186352140399426,0.308405557724097,4243,4358,0.9904824893058242,False
loop-deletion,simple-loop-unswitch,-0.007269793384028889,-1.9442846669890355,0.05189446400330706,4183,4244,0.9205345724027795,False
loop-deletion,loop-versioning,0.0009529948964905888,0.2529294420842776,0.8003288464357601,4218,4297,0.9930288168050652,False
loop-deletion,loop-flatten,0.0009395538575485696,0.24877252693348775,0.80354294615181,4129,4113,0.9930288168050652,False
loop-deletion,loop-reroll,0.002762011437580536,0.742561294366124,0.45776791202419886,4319,4193,0.9904824893058242,False
loop-deletion,loop-instsimplify,-0.0027248253187902582,-0.7360019342652558,0.4617502368244916,4221,4138,0.9904824893058242,False
loop-deletion,loop-simplifycfg,-0.0023187638661328336,-0.6319264706385401,0.5274520099477822,4285,4185,0.9904824893058242,False
loop-deletion,loop-predication,0.0029431439663415992,0.7820052756212226,0.43423345305630784,4253,4182,0.9904824893058242,False
loop-deletion,speculative-execution,0.001224301053751209,0.325288008906354,0.7449712929564921,4136,4178,0.9930288168050652,False
loop-deletion,partially-inline-libcalls,0.005216886278375743,1.392424500324053,0.1638310592361853,4145,4193,0.9705585112162733,False
loop-deletion,load-store-vectorizer,0.0014123020417057819,0.37676019682490514,0.7063613497542731,4176,4221,0.9911805271335586,False
loop-deletion,iroutliner,-0.0027384109254802724,-0.739959220008799,0.4593457876585671,4069,4227,0.9904824893058242,False
loop-deletion,global-merge,0.0015053333950883485,0.4060716605335938,0.6847003302702935,4221,4150,0.9904824893058242,False
loop-deletion,break-crit-edges,0.001914355829888914,0.49899501339625385,0.6177960743469191,4143,4189,0.9904824893058242,False
loop-deletion,unreachableblockelim,0.006288699471934278,1.6827735085432034,0.09245583586324745,4264,4201,0.9223771155217892,False
gvn,gvn-hoist,-9.903123270987857e-05,-0.034820949984281216,0.9722233419898971,4227,4186,0.9990475216511701,False
gvn,gvn-sink,-0.003280973234412954,-1.2119685831663172,0.22555823705287179,4250,4218,0.9745114828179076,False
gvn,newgvn,0.0012953314535473215,0.4637273509190682,0.6428550971879665,4199,4229,0.9904824893058242,False
gvn,early-cse,0.0026929703640534153,0.913484814799734,0.3610138847731236,4175,4211,0.9904824893058242,False
gvn,mergereturn,0.0031249469382063633,1.1411228837031104,0.2538509926384691,4145,4355,0.9847368125906074,False
gvn,globalopt,0.006410507529356346,2.3179401436331757,0.020476243676470125,4197,4290,0.8715757634462717,False
gvn,strip-dead-prototypes,-0.000636082011321093,-0.22045151578481975,0.8255248482356085,4202,4287,0.9939033925017995,False
gvn,indvars,0.000956177261812019,0.3466536205260536,0.7288604194365281,4116,4165,0.9925991244200286,False
gvn,mergeicmps,-0.00062190389283584,-0.2132594140037888,0.8311298409270187,4145,4229,0.9939033925017995,False
gvn,separate-const-offset-from-gep,0.0013293180286790829,0.46599100458507986,0.6412339377662575,4249,4212,0.9904824893058242,False
gvn,libcalls-shrinkwrap,-0.001119049206090239,-0.3709928625513385,0.7106523857510718,4155,4154,0.9916947457282645,False
gvn,flattencfg,-0.0006154320239560862,-0.230462254877077,0.8177381717967472,4229,4222,0.9930288168050652,False
gvn,loop-reduce,-0.00799890492178712,-2.968673638347794,0.0029992515345780325,4201,4275,0.36703340654398675,False
gvn,loop-unroll,-0.020317698930489958,-6.338376711929417,2.4543870903016845e-10,4167,4148,1.067931093957933e-07,True
gvn,loop-rotate,-0.0020074319273493124,-0.7244818241270926,0.4687900209881481,4235,4228,0.9904824893058242,False
gvn,partial-inliner,0.004179425214303423,1.52664344786435,0.12688694369432796,4295,4203,0.9571011169933062,False
gvn,lower-expect,-0.0029902850702036576,-1.0847785476486997,0.2780508906562211,4317,4164,0.9904824893058242,False
gvn,alignment-from-assumptions,0.0003570116928617306,0.12285842259757553,0.9022221765297485,4180,4167,0.9961990294109887,False
gvn,rpo-function-attrs,-0.0016052707787047593,-0.584608330947448,0.5588265996563132,4232,4297,0.9904824893058242,False
gvn,attributor,0.032488741432577906,11.721184648464025,1.7405166878257623e-31,4299,4156,3.4079316747628427e-28,True
gvn,inferattrs,0.001980345758012425,0.6943242421827845,0.4874986237294621,4071,4113,0.9904824893058242,False
gvn,called-value-propagation,-0.004146103433226522,-1.5114522996834474,0.13071096220679929,4133,4257,0.9572881463934645,False
gvn,licm,-0.014196235846172023,-4.872743042335264,1.120539515075779e-06,4347,4150,0.00036566939508639583,True
gvn,loop-simplify,0.0004749977619051826,0.1758072691012269,0.8604495556698065,4231,4256,0.9939385410125189,False
gvn,div-rem-pairs,-0.0021337695809842128,-0.7812434094493891,0.43468105570172727,4333,4210,0.9904824893058242,False
gvn,float2int,-0.0034698772858292037,-1.232902355556171,0.21764718831530722,4110,4210,0.9705585112162733,False
gvn,inline,-0.003316698616221858,-1.2071925334357037,0.2273922917418204,4233,4098,0.9745114828179076,False
gvn,sink,-0.0013176906925795873,-0.45908667310579304,0.6461836851917702,4219,4271,0.9904824893058242,False
gvn,loop-vectorize,-0.00514035629174997,-1.8417495781754694,0.06554719573581377,4206,4155,0.9223771155217892,False
gvn,slp-vectorizer,-0.0008472727717589446,-0.30298501970676883,0.7619088604521285,4196,4131,0.9930288168050652,False
gvn,callsite-splitting,-0.005155403864042785,-1.766369615430119,0.07737008041255682,4185,4246,0.9223771155217892,False
gvn,dfa-jump-threading,0.0009212817527559092,0.3363358982396313,0.7366258462789504,4188,4354,0.9925991244200286,False
gvn,consthoist,-0.0019110483430133662,-0.6978911942732923,0.4852642585023143,4277,4270,0.9904824893058242,False
gvn,mldst-motion,0.0022112659380019717,0.7706314065154416,0.4409470387415508,4235,4201,0.9904824893058242,False
gvn,slsr,0.0028851150642487666,1.014241822609957,0.31049623172478935,4273,4268,0.9904824893058242,False
gvn,loop-interchange,0.003416375814251582,1.1644756933863176,0.24426461791745327,4307,4147,0.9807287255775249,False
gvn,loop-fusion,-0.0021133699998188704,-0.7239854777340574,0.4690946613630048,4303,4164,0.9904824893058242,False
gvn,loop-distribute,-0.0022865655256976702,-0.842278133691624,0.3996563005051429,4146,4246,0.9904824893058242,False
gvn,loop-load-elim,0.000364282002608296,0.13076081074908408,0.8959676484477385,4139,4296,0.9961990294109887,False
gvn,loop-sink,-0.0005494317508395463,-0.19030294408535015,0.8490764840686339,4054,4103,0.9939385410125189,False
gvn,loop-unroll-and-jam,-0.0006016730816703619,-0.2090224716129087,0.8344357777019008,4186,4195,0.9939033925017995,False
gvn,hotcoldsplit,0.0005443605131320028,0.20043184396766164,0.8411476696391091,4180,4291,0.9939033925017995,False
gvn,irce,-0.0029242650175406726,-1.100817120111053,0.27100762850652765,4204,4246,0.9904824893058242,False
gvn,nary-reassociate,0.0021124299587984563,0.7361161999127841,0.4616810858745803,4192,4149,0.9904824893058242,False
gvn,scalarizer,-0.003214298068903443,-1.1198747664696425,0.2627998376125594,4064,4170,0.9858725228221116,False
gvn,vector-combine,-0.0010833395028522763,-0.38311692177070317,0.7016428344038154,4205,4153,0.9904824893058242,False
gvn,always-inline,0.002134775273310019,0.7438159358509897,0.4570087672115212,4131,4242,0.9904824893058242,False
gvn,globalsplit,-0.0012295089101683199,-0.41475271851515033,0.6783335086852816,4216,4204,0.9904824893058242,False
gvn,lowerswitch,-0.0012005219847422977,-0.41707904548680735,0.6766313620722407,4229,4088,0.9904824893058242,False
gvn,early-cse-memssa,-0.011486947601756947,-4.117881314350135,3.861253538349427e-05,4089,4180,0.008400371586764642,True
gvn,simple-loop-unswitch,-0.002835125029137464,-1.0540723217329935,0.291880409526187,4101,4243,0.9904824893058242,False
gvn,loop-versioning,0.0006957617557900586,0.24092339281009545,0.8096204455942114,4302,4103,0.9930288168050652,False
gvn,loop-flatten,-0.00048373681204971763,-0.18090171442452854,0.856449132832971,4114,4219,0.9939385410125189,False
gvn,loop-reroll,-0.0020122910382904258,-0.671822386421777,0.5017154533393616,4142,4197,0.9904824893058242,False
gvn,loop-instsimplify,0.0005233161377289908,0.18581301988743085,0.8525959356886623,4197,4103,0.9939385410125189,False
gvn,loop-simplifycfg,-0.0018949186615784264,-0.671725524366126,0.5017768429493428,4275,4208,0.9904824893058242,False
gvn,loop-predication,-0.004622836295429533,-1.686502523591284,0.09173655615891019,4227,4123,0.9223771155217892,False
gvn,speculative-execution,-0.00020241986057195627,-0.06989913084715854,0.9442756328566977,4192,4098,0.9987622411976728,False
gvn,partially-inline-libcalls,-0.0002730092504161785,-0.09660041809011034,0.923046001873251,4201,4301,0.9962685063900011,False
gvn,load-store-vectorizer,-6.074470725986325e-05,-0.020966308597692915,0.9832730368090733,4094,4188,0.9990475216511701,False
gvn,iroutliner,-0.0001809135791615013,-0.061901906883598375,0.9506424558367195,4199,4090,0.9987622411976728,False
gvn,global-merge,-0.005264407264487514,-1.944354691900813,0.0518864420659214,4202,4098,0.9205345724027795,False
gvn,break-crit-edges,-0.00026692765691499476,-0.09432756919333812,0.9248511896109866,4124,4335,0.9962685063900011,False
gvn,unreachableblockelim,0.0027305021496436543,0.9557042284306283,0.3392490992189498,4306,4173,0.9904824893058242,False
gvn-hoist,gvn-sink,-0.002112208474878252,-0.5669929173961954,0.5707341681885151,4270,4121,0.9904824893058242,False
gvn-hoist,newgvn,0.0019780798454329673,0.7502246487276595,0.4531404956702793,4213,4170,0.9904824893058242,False
gvn-hoist,early-cse,0.007155586689603255,2.254003319680456,0.02422171325689997,4276,4119,0.8825311530906069,False
gvn-hoist,mergereturn,-0.0047042672616938175,-1.301709437165407,0.19305171291308246,4126,4248,0.9705585112162733,False
gvn-hoist,globalopt,-0.0007087605217506732,-0.18938770972476143,0.8497936546623759,4125,4066,0.9939385410125189,False
gvn-hoist,strip-dead-prototypes,-0.0008440406629843245,-0.22481586570841444,0.8221279796110355,4147,4312,0.9930288168050652,False
gvn-hoist,indvars,0.004830214581873826,1.319672074724011,0.18698034496397328,4288,4160,0.9705585112162733,False
gvn-hoist,mergeicmps,-0.0067408071509699186,-1.8180258287806108,0.06909659854007665,4162,4053,0.9223771155217892,False
gvn-hoist,separate-const-offset-from-gep,-0.001205842720288397,-0.3246124651379088,0.7454824794072932,4165,4249,0.9930288168050652,False
gvn-hoist,libcalls-shrinkwrap,-0.005335571850595244,-1.4272710665954753,0.1535384630115983,4280,4240,0.9705585112162733,False
gvn-hoist,flattencfg,-0.0028676198230836447,-0.7856439292957462,0.43209874445339597,4101,4142,0.9904824893058242,False
gvn-hoist,loop-reduce,0.0003881629450444013,0.1055491138006456,0.9159426744479567,4151,4077,0.9962685063900011,False
gvn-hoist,loop-unroll,0.010086692142831033,2.6468782034134946,0.008139077608338968,4152,4218,0.6572667071229729,False
gvn-hoist,loop-rotate,0.0035393873398216202,0.9179656829559225,0.35866315457864273,4141,4272,0.9904824893058242,False
gvn-hoist,partial-inliner,-0.0011215818495564078,-0.3060952944614723,0.7595396253022033,4196,4265,0.9930288168050652,False
gvn-hoist,lower-expect,-0.0006106241574355686,-0.16854263341280973,0.8661604659778476,4180,4220,0.9939394641716258,False
gvn-hoist,alignment-from-assumptions,-0.002999022964417175,-0.8105640125222802,0.4176392226117082,4113,4261,0.9904824893058242,False
gvn-hoist,rpo-function-attrs,-0.006032899239112044,-1.6684076172419406,0.09527240102793491,4098,4276,0.9223771155217892,False
gvn-hoist,attributor,0.0006774432563445565,0.20036856532479375,0.8411974039261837,3942,4195,0.9939033925017995,False
gvn-hoist,inferattrs,0.001834899442589688,0.5027377330214552,0.6151617127044015,4278,4236,0.9904824893058242,False
gvn-hoist,called-value-propagation,0.0020974950246140933,0.5855015127133589,0.558226118776042,4245,4258,0.9904824893058242,False
gvn-hoist,licm,0.004217685116944814,1.1211642597235891,0.2622499970218873,4245,4215,0.9858725228221116,False
gvn-hoist,loop-simplify,0.002330213981426521,0.6343314868257461,0.5258818350446548,4217,4164,0.9904824893058242,False
gvn-hoist,div-rem-pairs,-0.0029637370488532766,-0.8092856398447912,0.41837389389405655,4269,4111,0.9904824893058242,False
gvn-hoist,float2int,0.0018449589983242642,0.5016384258412327,0.6159350391961955,4235,4163,0.9904824893058242,False
gvn-hoist,inline,-0.008607509135084457,-2.3713200436693405,0.017747389456134546,4172,4124,0.8475460623197911,False
gvn-hoist,sink,0.003488001297868748,0.9047853466945387,0.3656055703733631,4189,4062,0.9904824893058242,False
gvn-hoist,loop-vectorize,0.003436605766400924,0.9361444980384697,0.3492259753846702,4120,4202,0.9904824893058242,False
gvn-hoist,slp-vectorizer,-0.0050907191051471345,-1.3880549425442832,0.16515766773836674,4146,4136,0.9705585112162733,False
gvn-hoist,callsite-splitting,0.0019609633814463012,0.5296953856590478,0.5963374142498444,4056,4190,0.9904824893058242,False
gvn-hoist,dfa-jump-threading,0.0021762458822628394,0.6088563801146586,0.5426359279091614,4239,4255,0.9904824893058242,False
gvn-hoist,consthoist,-0.001895338462392926,-0.5117747445266818,0.6088221039593338,4279,4149,0.9904824893058242,False
gvn-hoist,mldst-motion,-0.0015027039672328435,-0.42042851022914646,0.6741830747855505,4215,4306,0.9904824893058242,False
gvn-hoist,slsr,-0.004905617785896099,-1.352463341743391,0.17626362004061472,4295,4091,0.9705585112162733,False
gvn-hoist,loop-interchange,0.00031130596497547236,0.0854223482245518,0.9319276475641882,4252,4213,0.9970496471007156,False
gvn-hoist,loop-fusion,0.0016643629492166245,0.4488844645393971,0.6535266092832672,4302,4117,0.9904824893058242,False
gvn-hoist,loop-distribute,0.0014208570943403664,0.38225601246842006,0.7022810143156485,4323,4225,0.9904824893058242,False
gvn-hoist,loop-load-elim,0.0007802856280662018,0.214201044159438,0.8303954813254271,4127,4285,0.9939033925017995,False
gvn-hoist,loop-sink,-0.005347119178826243,-1.42839761461578,0.15321514419624957,4034,4314,0.9705585112162733,False
gvn-hoist,loop-unroll-and-jam,0.002292663996021127,0.6234655336935672,0.5329954638697184,4267,4197,0.9904824893058242,False
gvn-hoist,hotcoldsplit,0.0018385522895490447,0.49754617740203266,0.61881682750394,4323,4173,0.9904824893058242,False
gvn-hoist,irce,-0.0038918390379730217,-1.0780536104662084,0.2810412083723418,4140,4150,0.9904824893058242,False
gvn-hoist,nary-reassociate,0.0007428098929487259,0.19951526328974273,0.8418645305666164,4234,4202,0.9939033925017995,False
gvn-hoist,scalarizer,0.0012193327094633943,0.3330244767504109,0.7391241372533474,4293,4129,0.9930288168050652,False
gvn-hoist,vector-combine,0.0056396056414173,1.4937806454712503,0.13527129747941696,4034,4216,0.95758018139933,False
gvn-hoist,always-inline,0.005777117354132111,1.5625619925552616,0.11819315048085155,4228,4226,0.9352659276973905,False
gvn-hoist,globalsplit,-0.0038084252065041513,-1.0156138152724223,0.3098428982999841,4167,4144,0.9904824893058242,False
gvn-hoist,lowerswitch,-0.0011109082514927926,-0.29640926101793547,0.7669248628234316,4236,4194,0.9930288168050652,False
gvn-hoist,early-cse-memssa,0.0019239979417240427,0.7515654915371822,0.4523336318464456,4170,4167,0.9904824893058242,False
gvn-hoist,simple-loop-unswitch,-0.0013449317314278564,-0.353746279117904,0.7235380338119626,4172,4119,0.9925991244200286,False
gvn-hoist,loop-versioning,0.004609675752656195,1.2665029174352327,0.20536817628028955,4249,4163,0.9705585112162733,False
gvn-hoist,loop-flatten,-0.0029409016298668766,-0.7877248178971709,0.4308800386375755,4181,4176,0.9904824893058242,False
gvn-hoist,loop-reroll,0.00148858698187182,0.40573606245931115,0.6849467841109156,4301,4183,0.9904824893058242,False
gvn-hoist,loop-instsimplify,0.00303146911433666,0.8382840605245375,0.4018951686979202,4130,4257,0.9904824893058242,False
gvn-hoist,loop-simplifycfg,0.0036509607411102096,1.0007569550810762,0.3169734757011345,4110,4200,0.9904824893058242,False
gvn-hoist,loop-predication,-0.0006392107937874814,-0.167828004559178,0.8667226658799101,4216,4115,0.9939394641716258,False
gvn-hoist,speculative-execution,3.861308610031422e-05,0.010362002270777104,0.9917327100050467,4294,4193,0.9990475216511701,False
gvn-hoist,partially-inline-libcalls,-0.0015460097339207723,-0.4052238693175436,0.6853234133950343,4133,4177,0.9904824893058242,False
gvn-hoist,load-store-vectorizer,0.0027302204023428867,0.7396140157980672,0.4595548413964069,4230,4198,0.9904824893058242,False
gvn-hoist,iroutliner,-0.000286230715111524,-0.07999361383996909,0.9362442077268308,4273,4277,0.9984565134690275,False
gvn-hoist,global-merge,0.004377976369231762,1.2125750196285958,0.22532598402598814,4300,4229,0.9745114828179076,False
gvn-hoist,break-crit-edges,-0.0023080247207716287,-0.6053455620189857,0.544966086563469,4142,4100,0.9904824893058242,False
gvn-hoist,unreachableblockelim,-0.0014248090734049201,-0.3944202601929074,0.6932807284626703,4229,4235,0.9904824893058242,False
gvn-sink,newgvn,-0.002355858279757539,-0.864621592920257,0.387271340092484,4184,4177,0.9904824893058242,False
gvn-sink,early-cse,0.001420445177930496,0.45140491799483023,0.6517093574482548,4192,4236,0.9904824893058242,False
gvn-sink,mergereturn,-0.00786665160050859,-2.1401397544387737,0.032372374897508535,4259,4090,0.8825311530906069,False
gvn-sink,globalopt,-0.0020798135171385956,-0.5482280288311919,0.5835501841885595,4073,4177,0.9904824893058242,False
gvn-sink,strip-dead-prototypes,0.002525712315977202,0.6833833760348946,0.4943836470075041,4200,4129,0.9904824893058242,False
gvn-sink,indvars,-0.004223276638638307,-1.1538100279856813,0.24861025783650606,4381,4200,0.9807287255775249,False
gvn-sink,mergeicmps,0.0021931293518440698,0.5975537685265836,0.550153444003894,4335,4290,0.9904824893058242,False
gvn-sink,separate-const-offset-from-gep,0.0036285897408837586,0.9632033224075399,0.33547335672983986,4180,4201,0.9904824893058242,False
gvn-sink,libcalls-shrinkwrap,-0.001658448270277002,-0.43825018237483176,0.6612163628209301,4105,4193,0.9904824893058242,False
gvn-sink,flattencfg,0.0012200104969510295,0.3268487138687075,0.743790486914025,4113,4260,0.9930288168050652,False
gvn-sink,loop-reduce,-0.002767405404527079,-0.7467819932360273,0.45521591690326063,4284,4179,0.9904824893058242,False
gvn-sink,loop-unroll,0.00361813570190328,0.8992933576555319,0.36852217977234164,4246,4178,0.9904824893058242,False
gvn-sink,loop-rotate,0.00012940928430660303,0.03440906053593409,0.972551760921985,4331,4240,0.9990475216511701,False
gvn-sink,partial-inliner,-0.003260098244948384,-0.8622825014608854,0.388556863520602,4090,4255,0.9904824893058242,False
gvn-sink,lower-expect,0.0012732679792125667,0.34650805704167337,0.7289697934822786,4210,4024,0.9925991244200286,False
gvn-sink,alignment-from-assumptions,0.003828664492732947,0.9751499302765516,0.3295147494836422,4102,4091,0.9904824893058242,False
gvn-sink,rpo-function-attrs,0.00392364852877386,1.0468073717411535,0.29521869355189395,4167,4197,0.9904824893058242,False
gvn-sink,attributor,-0.0015407165302650516,-0.48259214889927327,0.6293977056295024,4267,4288,0.9904824893058242,False
gvn-sink,inferattrs,0.00290425415915202,0.78404857984914,0.4330338337713164,4224,4137,0.9904824893058242,False
gvn-sink,called-value-propagation,0.002821343084806971,0.7461254494334599,0.45561282971062156,4202,4076,0.9904824893058242,False
gvn-sink,licm,0.004061542480923608,1.0849732479628944,0.2779646665141895,4219,4186,0.9904824893058242,False
gvn-sink,loop-simplify,-0.008265834607002531,-2.199443800762654,0.02787350620047433,4185,4243,0.8825311530906069,False
gvn-sink,div-rem-pairs,0.002518151762947618,0.6829464102215742,0.49465960156905275,4180,4198,0.9904824893058242,False
gvn-sink,float2int,-0.0012123089795648134,-0.32607627635056863,0.744374951689113,4053,4172,0.9930288168050652,False
gvn-sink,inline,-0.004670895061143432,-1.2735021769048698,0.2028753513803028,4265,4096,0.9705585112162733,False
gvn-sink,sink,0.0017026419065268028,0.4501906487828425,0.6525845668068326,4089,4338,0.9904824893058242,False
gvn-sink,loop-vectorize,0.0014175719421640753,0.3877588346646203,0.6982043327560892,4136,4270,0.9904824893058242,False
gvn-sink,slp-vectorizer,0.001025909071862341,0.2718940458445083,0.7857100700334895,4208,4325,0.9930288168050652,False
gvn-sink,callsite-splitting,-0.005282412768730094,-1.4351364442983359,0.1512851171162491,4325,4158,0.9705585112162733,False
gvn-sink,dfa-jump-threading,0.003197049164679555,0.8702064252888664,0.3842125275012063,4101,4286,0.9904824893058242,False
gvn-sink,consthoist,0.001234659046919273,0.3348955470047407,0.7377123058011785,4150,4192,0.9927427455386307,False
gvn-sink,mldst-motion,-0.0004949168065493947,-0.13397353244420585,0.8934266774569172,4257,4240,0.9961990294109887,False
gvn-sink,slsr,0.006737215439584332,1.8372820264610599,0.06620415657605272,4085,4186,0.9223771155217892,False
gvn-sink,loop-interchange,0.00826636494590366,2.2518472268197036,0.024357820316866535,4192,4157,0.8825311530906069,False
gvn-sink,loop-fusion,-0.005160351827308951,-1.388894654460692,0.1649022571656662,4082,4221,0.9705585112162733,False
gvn-sink,loop-distribute,-8.859584259479636e-05,-0.023682736590950805,0.9811062398230873,4167,4221,0.9990475216511701,False
gvn-sink,loop-load-elim,0.004467658538302166,1.2217236157371019,0.22184634103508913,4294,4150,0.9709254156592004,False
gvn-sink,loop-sink,0.002510521245838171,0.6794419368291209,0.4968767657674411,4073,4272,0.9904824893058242,False
gvn-sink,loop-unroll-and-jam,-0.0018109890995297584,-0.4872784407063775,0.6260737691206016,4182,4201,0.9904824893058242,False
gvn-sink,hotcoldsplit,-0.007469011005723947,-1.9926653405352943,0.046329980096841,4178,4338,0.9119822292272008,False
gvn-sink,irce,-0.0023014186906443745,-0.6354977847823727,0.5251209815616025,4158,4345,0.9904824893058242,False
gvn-sink,nary-reassociate,-0.0025580983469921104,-0.7034588619024098,0.48178919313010915,4297,4167,0.9904824893058242,False
gvn-sink,scalarizer,0.00308066837202714,0.8580698233644892,0.39087787543635766,4292,4293,0.9904824893058242,False
gvn-sink,vector-combine,-0.0015787134323358987,-0.42097459971209666,0.6737843985695381,4212,4218,0.9904824893058242,False
gvn-sink,always-inline,-0.0052267354144487355,-1.4040277747320438,0.1603475963133244,4181,4211,0.9705585112162733,False
gvn-sink,globalsplit,-0.001521761979960734,-0.3970972182246518,0.6913059556088342,4139,4193,0.9904824893058242,False
gvn-sink,lowerswitch,-0.0016657939788514708,-0.45585735693809126,0.6485043166008658,4172,4248,0.9904824893058242,False
gvn-sink,early-cse-memssa,-0.004876626411683627,-1.853678400494765,0.06382054082674803,4157,4204,0.9214183220099281,False
gvn-sink,simple-loop-unswitch,-0.000315268415164327,-0.08501828072843279,0.9322488672714785,4270,4214,0.9970496471007156,False
gvn-sink,loop-versioning,0.0031375380359072724,0.8181546632713051,0.41329287990655367,4157,3980,0.9904824893058242,False
gvn-sink,loop-flatten,0.00399219465745726,1.067405607764133,0.2858194631914828,4215,4177,0.9904824893058242,False
gvn-sink,loop-reroll,0.004755442946431321,1.2881893805890907,0.19771563264072597,4225,4179,0.9705585112162733,False
gvn-sink,loop-instsimplify,-0.0004751163181415108,-0.12776181196328198,0.8983405479258498,4090,4264,0.9961990294109887,False
gvn-sink,loop-simplifycfg,-0.0001987040449898947,-0.05403291877974192,0.9569101944427257,4275,4316,0.9990475216511701,False
gvn-sink,loop-predication,-0.0007702493480910011,-0.2094943545136952,0.8340674236934966,4236,4168,0.9939033925017995,False
gvn-sink,speculative-execution,-0.0029634670994502788,-0.7932123545993097,0.4276763708244738,4162,4299,0.9904824893058242,False
gvn-sink,partially-inline-libcalls,-0.0017216365878001127,-0.46004163601219467,0.6454983591722988,4180,4147,0.9904824893058242,False
gvn-sink,load-store-vectorizer,0.0029947934759106953,0.7994298808607879,0.4240635933571172,4285,4197,0.9904824893058242,False
gvn-sink,iroutliner,0.00464037990659949,1.2486414652379363,0.21183106449269556,4169,4231,0.9705585112162733,False
gvn-sink,global-merge,-0.000806011716184496,-0.2124600321327001,0.8317534106454224,4169,4076,0.9939033925017995,False
gvn-sink,break-crit-edges,0.006021247690602083,1.6149573323151873,0.10635742993936692,4298,4124,0.9298842796600941,False
gvn-sink,unreachableblockelim,0.004399169969527994,1.187706941090456,0.23498213437445511,4197,4290,0.9745114828179076,False
newgvn,early-cse,-0.001469894239113978,-0.5675354336604467,0.5703655364856319,4290,4164,0.9904824893058242,False
newgvn,mergereturn,-0.0002946544029759357,-0.11140170030310143,0.9113004951782666,4221,4132,0.9961990294109887,False
newgvn,globalopt,0.001959916205569734,0.7322847620172865,0.46401530554552955,4225,4163,0.9904824893058242,False
newgvn,strip-dead-prototypes,0.0035140593641648232,1.3479781666924282,0.17770176844186947,4221,4179,0.9705585112162733,False
newgvn,indvars,-0.002897093902114567,-1.0762460165229535,0.28184814925917273,4292,4210,0.9904824893058242,False
newgvn,mergeicmps,0.0006733425317806963,0.2517575358509993,0.8012347060474699,4131,4188,0.9930288168050652,False
newgvn,separate-const-offset-from-gep,0.0010441022192706484,0.408022790925382,0.6832674615315977,4136,4181,0.9904824893058242,False
newgvn,libcalls-shrinkwrap,-0.004979297004624406,-1.802295984686268,0.07153477828683118,4226,4155,0.9223771155217892,False
newgvn,flattencfg,-0.00295289391944481,-1.067875859474655,0.2856077868137131,4108,4242,0.9904824893058242,False
newgvn,loop-reduce,-0.0021447220492096797,-0.8118136579954275,0.41692159202255313,4254,4152,0.9904824893058242,False
newgvn,loop-unroll,-0.004928445493747491,-1.7697222197975067,0.0768101169849816,4230,4142,0.9223771155217892,False
newgvn,loop-rotate,-0.005799003950547665,-2.0971300796963903,0.03601224774210742,4271,4036,0.8825311530906069,False
newgvn,partial-inliner,-0.0007450968191141105,-0.2845039530201623,0.7760312194944311,4265,4193,0.9930288168050652,False
newgvn,lower-expect,-0.003254292759374,-1.242305879403379,0.21415888455280804,4139,4330,0.9705585112162733,False
newgvn,alignment-from-assumptions,-0.0005949926332616817,-0.22706174599998016,0.8203813647033471,4179,4153,0.9930288168050652,False
newgvn,rpo-function-attrs,0.0008556048623961088,0.31887680173273136,0.7498279626468912,4157,4230,0.9930288168050652,False
newgvn,attributor,0.014603596787099993,5.55120374485653,2.9238712686022157e-08,4133,4242,1.0408981716223889e-05,True
newgvn,inferattrs,0.00127091800374457,0.48458575056590536,0.6279829559751449,4205,4142,0.9904824893058242,False
newgvn,called-value-propagation,-0.00351708519234728,-1.332774203304872,0.1826421360186681,4188,4207,0.9705585112162733,False
newgvn,licm,-0.004203754084953604,-1.4171964003155622,0.1564628136541311,4212,4145,0.9705585112162733,False
newgvn,loop-simplify,-0.0013383697802324401,-0.4961021416799991,0.6198352248011549,4260,4217,0.9904824893058242,False
newgvn,div-rem-pairs,0.001026675194900073,0.3713632221804754,0.7103764481511997,4101,4247,0.9916947457282645,False
newgvn,float2int,0.003327565109941699,1.2733152003572814,0.2029413524640427,4259,4183,0.9705585112162733,False
newgvn,inline,0.002807382640416467,1.0644272988749313,0.28716535525213954,4272,4253,0.9904824893058242,False
newgvn,sink,0.006524152877930234,2.6056069319681825,0.009187213915962795,4221,4259,0.6715185242042302,False
newgvn,loop-vectorize,-0.003783391545645942,-1.4632882992659633,0.14342588605167583,4199,4229,0.95758018139933,False
newgvn,slp-vectorizer,-0.0006579841199728653,-0.2537671171359163,0.799681731579878,4114,4244,0.9930288168050652,False
newgvn,callsite-splitting,-0.00217594513320285,-0.8528671906697621,0.39375694396225114,4301,4222,0.9904824893058242,False
newgvn,dfa-jump-threading,0.0015603036549248772,0.6151947327581251,0.5384424161820504,4318,4282,0.9904824893058242,False
newgvn,consthoist,-0.003151909859700708,-1.2012015443566348,0.229707252964074,4106,4241,0.9745114828179076,False
newgvn,mldst-motion,-0.00011910239682705326,-0.04666831736931103,0.9627787119052216,4109,4156,0.9990475216511701,False
newgvn,slsr,0.001313241454105496,0.48031320098014574,0.6310174350637446,4180,4111,0.9904824893058242,False
newgvn,loop-interchange,0.0009397818204899266,0.3652259840351418,0.7149519489115166,4143,4232,0.9924654586614432,False
newgvn,loop-fusion,0.0014001605895182512,0.5353847078567257,0.5923978475548801,4239,4293,0.9904824893058242,False
newgvn,loop-distribute,0.0005325281500306311,0.19641880683795043,0.8442871494833888,4127,4256,0.9939385410125189,False
newgvn,loop-load-elim,-0.008123013069722462,-3.085462167355557,0.002039013165030337,4151,4200,0.31939102217035203,False
newgvn,loop-sink,0.0028089765013275536,1.05078896732785,0.2933857837466086,4228,4169,0.9904824893058242,False
newgvn,loop-unroll-and-jam,0.00292020856902675,1.117265267267815,0.2639131800621355,4185,4149,0.9858725228221116,False
newgvn,hotcoldsplit,0.004241534818791748,1.569612981805618,0.11654298133251365,4117,4254,0.9352659276973905,False
newgvn,irce,-0.00388614314157415,-1.4988914110181637,0.13393898665800136,4257,4235,0.9572881463934645,False
newgvn,nary-reassociate,-0.0004931039197633713,-0.1802108447204428,0.8569914006592039,4239,4221,0.9939385410125189,False
newgvn,scalarizer,0.0004449343029029884,0.16559882580980004,0.8684766261271114,4214,4261,0.9939394641716258,False
newgvn,vector-combine,0.004168570654932369,1.5862683048257638,0.11271597686747672,4228,4211,0.9298842796600941,False
newgvn,always-inline,0.002029899159582127,0.7743148800844527,0.4387661107874616,4255,4263,0.9904824893058242,False
newgvn,globalsplit,-0.004419744697971073,-1.6647036264894124,0.0960094786686471,4228,4163,0.9223771155217892,False
newgvn,lowerswitch,0.0006390868518345583,0.23497818549727284,0.8142313320344614,4259,4233,0.9930288168050652,False
newgvn,early-cse-memssa,-5.3787837610008715e-06,-0.0020880886756862024,0.9983339974948309,4129,4218,0.9990993953973313,False
newgvn,simple-loop-unswitch,-0.0004582183487411018,-0.17808184963100673,0.858662905257763,4345,4232,0.9939385410125189,False
newgvn,loop-versioning,-0.004813055687293288,-1.7787372380388162,0.07531940378039571,4192,4219,0.9223771155217892,False
newgvn,loop-flatten,-0.00042848062885336713,-0.1532723710613326,0.8781871939759264,4155,4192,0.994650908707853,False
newgvn,loop-reroll,-0.004099841491597478,-1.5629416588498195,0.11810416261248192,4192,4185,0.9352659276973905,False
newgvn,loop-instsimplify,-0.004644777098831654,-1.7079290794628421,0.08768754311814313,4106,4262,0.9223771155217892,False
newgvn,loop-simplifycfg,-0.0023354553641767306,-0.8552040058221437,0.3924628188568455,4318,4055,0.9904824893058242,False
newgvn,loop-predication,-0.00415151118532936,-1.6133283825488498,0.10671081366777059,4181,4224,0.9298842796600941,False
newgvn,speculative-execution,0.0003843276227437631,0.1438993343247255,0.8855833949909279,4283,4193,0.994650908707853,False
newgvn,partially-inline-libcalls,-0.00022425594811137373,-0.08239097487783054,0.9343378417368152,4092,4088,0.9971441508502933,False
newgvn,load-store-vectorizer,0.002648523178653661,1.0169397268692109,0.3092111488435903,4229,4246,0.9904824893058242,False
newgvn,iroutliner,0.0029515901500189456,1.15362343389309,0.24868709270753608,4219,4324,0.9807287255775249,False
newgvn,global-merge,0.0038019969599742964,1.4105922603120664,0.15840189332039198,4299,4162,0.9705585112162733,False
newgvn,break-crit-edges,0.0003026751091144697,0.11024628510992567,0.9122166973204592,4258,4149,0.9961990294109887,False
newgvn,unreachableblockelim,0.00012651779689482057,0.04459485986373337,0.9644313190226194,4133,4177,0.9990475216511701,False
early-cse,mergereturn,-0.0008439018577078294,-0.2613710593364599,0.7938127488079146,4261,4185,0.9930288168050652,False
early-cse,globalopt,-0.0004313462735509588,-0.13349573371375112,0.8938045168076723,4248,4205,0.9961990294109887,False
early-cse,strip-dead-prototypes,-0.0036005425070369523,-1.0866398738556595,0.27722827258849525,4061,4057,0.9904824893058242,False
early-cse,indvars,-0.0004957859814302412,-0.1485739998123785,0.881893378559516,4151,4203,0.994650908707853,False
early-cse,mergeicmps,0.00016575162899412632,0.0496824044004216,0.9603766782965428,4136,4216,0.9990475216511701,False
early-cse,separate-const-offset-from-gep,0.002017896089367366,0.6155493995637381,0.5382085936369824,4191,4231,0.9904824893058242,False
early-cse,libcalls-shrinkwrap,-0.0013398139201416526,-0.4103005176255906,0.6815959565985944,4167,4300,0.9904824893058242,False
early-cse,flattencfg,0.002699424594721722,0.8258367572140981,0.4089204964132399,4202,4100,0.9904824893058242,False
early-cse,loop-reduce,0.0035467685715364072,1.0948310299292563,0.2736220493829892,4161,4249,0.9904824893058242,False
early-cse,loop-unroll,-0.007174164410934214,-2.0028949602364645,0.045220943263207664,4225,4114,0.9119822292272008,False
early-cse,loop-rotate,-0.005782028897686087,-1.7200964813196258,0.08545111675127048,4278,4268,0.9223771155217892,False
early-cse,partial-inliner,0.0017340672402412216,0.5373679071491976,0.5910279931704998,4172,4086,0.9904824893058242,False
early-cse,lower-expect,-0.004729258569211359,-1.4762309017002662,0.13991923763858807,4219,4231,0.95758018139933,False
early-cse,alignment-from-assumptions,-0.00014321382633830648,-0.04364057191017258,0.9651919578794365,4167,4165,0.9990475216511701,False
early-cse,rpo-function-attrs,0.0020275339603687548,0.6281178643845977,0.5299436806226117,4163,4324,0.9904824893058242,False
early-cse,attributor,-0.004249302948893863,-1.4370204934864128,0.15074928556610054,4291,4145,0.9705585112162733,False
early-cse,inferattrs,0.001614545610580942,0.49746101576793994,0.6188769916919721,4137,4277,0.9904824893058242,False
early-cse,called-value-propagation,-0.004470486233941251,-1.3642347372722257,0.17253090550669373,4101,4159,0.9705585112162733,False
early-cse,licm,-0.0067327932435616855,-2.0223130048329225,0.04317604524526596,4196,4104,0.9119822292272008,False
early-cse,loop-simplify,0.005060693623368029,1.5624365084224046,0.11822293355254077,4251,4162,0.9352659276973905,False
early-cse,div-rem-pairs,-0.0028545228377611087,-0.8701397161166536,0.3842488276551331,4357,4118,0.9904824893058242,False
early-cse,float2int,-0.0025160908793533943,-0.7855368806130402,0.4321606619359521,4298,4240,0.9904824893058242,False
early-cse,inline,0.0003664682844447542,0.1089216260123563,0.9132672409564477,4172,4282,0.9961990294109887,False
early-cse,sink,0.002428430388318248,0.7499362688273894,0.45331423367316437,4147,4202,0.9904824893058242,False
early-cse,loop-vectorize,-8.917907261024594e-05,-0.027374370178872363,0.9781618028464435,4121,4132,0.9990475216511701,False
early-cse,slp-vectorizer,0.003422470902019581,1.0158582887729217,0.30972623760695434,4242,4196,0.9904824893058242,False
early-cse,callsite-splitting,-0.005120695253688579,-1.5614280863907857,0.11846064865625783,4155,4211,0.9352659276973905,False
early-cse,dfa-jump-threading,-0.006145413518707343,-1.8637924077734798,0.062386063847807406,4211,4114,0.9214183220099281,False
early-cse,consthoist,-0.005112483605892448,-1.5363862669581092,0.12448170832124424,4167,4165,0.9517588806973311,False
early-cse,mldst-motion,-0.0012586936241564262,-0.3821294574767522,0.7023749691029508,4216,4229,0.9904824893058242,False
early-cse,slsr,-0.0033554326404322543,-1.0220279929532292,0.30679788928611373,4126,4053,0.9904824893058242,False
early-cse,loop-interchange,0.006941982950420478,2.146321408848141,0.03187651650437925,4048,4189,0.8825311530906069,False
early-cse,loop-fusion,-0.0027650004320211585,-0.8526552705553928,0.3938748568129044,4204,4184,0.9904824893058242,False
early-cse,loop-distribute,-0.0003833485732286923,-0.11694643343289286,0.9069053500685608,4153,4097,0.9961990294109887,False
early-cse,loop-load-elim,-0.0006739998321436125,-0.21124089547219974,0.8327045291267067,4076,4163,0.9939033925017995,False
early-cse,loop-sink,-0.001791942987870998,-0.553635145590486,0.5798432534392057,4221,4221,0.9904824893058242,False
early-cse,loop-unroll-and-jam,0.000981340165366329,0.3007069664473916,0.7636454032397896,4186,4226,0.9930288168050652,False
early-cse,hotcoldsplit,-0.007409718695053413,-2.26821422829388,0.023341120803098962,4238,4274,0.8825311530906069,False
early-cse,irce,0.003810215990418808,1.1556990928172888,0.2478370829712618,4184,4258,0.9807287255775249,False
early-cse,nary-reassociate,-0.002072208064755665,-0.6389950744739994,0.5228437059920211,4164,4191,0.9904824893058242,False
early-cse,scalarizer,-0.002750242300809058,-0.8352283642802762,0.40361334084652906,4143,4146,0.9904824893058242,False
early-cse,vector-combine,-0.003211697305238015,-0.9764932641962584,0.32884756932424286,4354,4243,0.9904824893058242,False
early-cse,always-inline,-0.0036783235867821062,-1.1196492173400399,0.26289524757105875,4269,4152,0.9858725228221116,False
early-cse,globalsplit,0.00318793879371021,0.9853407385056768,0.32448559409771727,4091,4178,0.9904824893058242,False
early-cse,lowerswitch,0.007233036500238821,2.2167438688459877,0.026667318425654812,4196,4194,0.8825311530906069,False
early-cse,early-cse-memssa,-0.005846415218828838,-2.097973207960319,0.03593793328433298,4196,4242,0.8825311530906069,False
early-cse,simple-loop-unswitch,-0.0016257293848972454,-0.5048913941164085,0.6136484537090976,4124,4222,0.9904824893058242,False
early-cse,loop-versioning,0.0020648846968580603,0.6374353981313571,0.5238588414815114,4093,4223,0.9904824893058242,False
early-cse,loop-flatten,-0.003445474280207972,-1.0817948647863478,0.27937477084875545,4288,4116,0.9904824893058242,False
early-cse,loop-reroll,0.0008130931602595703,0.24875738620110902,0.8035546483613176,4183,4069,0.9930288168050652,False
early-cse,loop-instsimplify,0.004221201125713836,1.2755324040617808,0.2021561643241603,4249,4151,0.9705585112162733,False
early-cse,loop-simplifycfg,-0.0015321480417100908,-0.4730342023801868,0.6362011870927953,4135,4246,0.9904824893058242,False
early-cse,loop-predication,0.00011332384429835196,0.035205113666391806,0.9719170228225509,4298,4089,0.9990475216511701,False
early-cse,speculative-execution,-0.0003068530319134677,-0.09484148071372535,0.9244430058430508,4195,4192,0.9962685063900011,False
early-cse,partially-inline-libcalls,0.0015309131608262083,0.4733927021666041,0.6359451572260126,4331,4224,0.9904824893058242,False
early-cse,load-store-vectorizer,0.00047018254584774155,0.14418951895739443,0.8853542696360309,4257,4164,0.994650908707853,False
early-cse,iroutliner,-0.0014357278026222997,-0.4496913429181618,0.6529445805874468,4192,4258,0.9904824893058242,False
early-cse,global-merge,0.0029936199866532065,0.9170202840316455,0.35915857842475774,4203,4170,0.9904824893058242,False
early-cse,break-crit-edges,0.009661046119386396,2.8816457574237773,0.003966088762913349,4210,4231,0.4197622593396939,False
early-cse,unreachableblockelim,0.001342629609917656,0.41582594486281454,0.6775480012796721,4136,4298,0.9904824893058242,False
mergereturn,globalopt,0.0005978701077173909,0.1632434968731898,0.8703306944988028,4240,4063,0.9939394641716258,False
mergereturn,strip-dead-prototypes,-0.0031651342512837854,-0.844458672213069,0.3984372254518905,4180,4241,0.9904824893058242,False
mergereturn,indvars,-0.001373957137230264,-0.36436748485800724,0.7155928968462496,4100,4210,0.9924654586614432,False
mergereturn,mergeicmps,-0.0008604117056782989,-0.22945829295573736,0.8185182675505196,4296,4221,0.9930288168050652,False
mergereturn,separate-const-offset-from-gep,0.006585549140468605,1.7357045962169184,0.08265294578324389,4142,4219,0.9223771155217892,False
mergereturn,libcalls-shrinkwrap,0.003937475027167681,1.0542577899475822,0.2917945866326612,4249,4336,0.9904824893058242,False
mergereturn,flattencfg,-0.002031112367620269,-0.5536062029225625,0.5798630396633979,4187,4267,0.9904824893058242,False
mergereturn,loop-reduce,0.0063849971368416525,1.7334405516658389,0.08305403860659592,4182,4232,0.9223771155217892,False
mergereturn,loop-unroll,0.002090872853496961,0.5137702473011064,0.6074262675433545,4256,4087,0.9904824893058242,False
mergereturn,loop-rotate,0.0006700143305575224,0.1719957313416132,0.8634450343313725,4202,4194,0.9939394641716258,False
mergereturn,partial-inliner,-0.001001799158697303,-0.27360178848628525,0.7843973983501964,4162,4261,0.9930288168050652,False
mergereturn,lower-expect,0.0003579084044570968,0.09477267374780587,0.9244976575924425,4112,4307,0.9962685063900011,False
mergereturn,alignment-from-assumptions,-0.002322089927958182,-0.6246386710160152,0.5322254013131308,4158,4150,0.9904824893058242,False
mergereturn,rpo-function-attrs,-0.0036824161576629044,-0.9584262447199762,0.33787605153190137,4187,4050,0.9904824893058242,False
mergereturn,attributor,0.002364661423662595,0.7180224705915531,0.47276365269084464,4152,4157,0.9904824893058242,False
mergereturn,inferattrs,0.002452219320110083,0.663229248548434,0.5072020071508333,4193,4182,0.9904824893058242,False
mergereturn,called-value-propagation,-1.2943843770263364e-05,-0.003576509976387158,0.9971464471700212,4324,4257,0.9990475216511701,False
mergereturn,licm,0.002126360978405184,0.5557154675605289,0.5784206640913109,4071,4068,0.9904824893058242,False
mergereturn,loop-simplify,0.0011492277539262852,0.3085093491167819,0.757702386073885,4216,4247,0.9930288168050652,False
mergereturn,div-rem-pairs,0.0021152833072696775,0.5824845984323465,0.560256186012073,4105,4171,0.9904824893058242,False
mergereturn,float2int,0.003536963334835941,0.9731649471893209,0.3304989902020931,4205,4308,0.9904824893058242,False
mergereturn,inline,0.002686138871559607,0.695708757719093,0.4866307706510377,4074,4219,0.9904824893058242,False
mergereturn,sink,0.007165378274022471,1.9319352542774346,0.05340119451755625,4154,4223,0.9205345724027795,False
mergereturn,loop-vectorize,0.002451991830088762,0.6536258359101004,0.5133709014579443,4133,4234,0.9904824893058242,False
mergereturn,slp-vectorizer,-0.0034389264651248364,-0.926705374448654,0.3541060504659857,4289,4154,0.9904824893058242,False
mergereturn,callsite-splitting,0.00590095803034707,1.5384964468367388,0.12396584904197626,4212,4068,0.9517588806973311,False
mergereturn,dfa-jump-threading,-0.0018200586645688577,-0.4908623756977987,0.6235366101681755,4198,4206,0.9904824893058242,False
mergereturn,consthoist,0.007329438311898584,1.9788176608831427,0.04786885238992643,4128,4378,0.916850641619808,False
mergereturn,mldst-motion,-0.009152038099086102,-2.427654745587778,0.015217926060146462,4142,4161,0.8163479239936102,False
mergereturn,slsr,-0.0027067213632426257,-0.7113896426867208,0.4768628316439446,4158,4139,0.9904824893058242,False
mergereturn,loop-interchange,-0.002315667409802047,-0.6311577974615118,0.5279545293298155,4226,4179,0.9904824893058242,False
mergereturn,loop-fusion,-0.0038060394669334197,-1.025213581973618,0.30529184696020145,4216,4215,0.9904824893058242,False
mergereturn,loop-distribute,-0.00712489042831671,-1.899371479040791,0.05754984997386151,4186,4233,0.9214183220099281,False
mergereturn,loop-load-elim,-0.008987132047382995,-2.469795644732404,0.013538539942728111,4274,4220,0.8163479239936102,False
mergereturn,loop-sink,0.00017733442714118475,0.048254409045060696,0.9615146194913134,4286,4252,0.9990475216511701,False
mergereturn,loop-unroll-and-jam,-0.00704470537988372,-1.8614699169767623,0.06271296189523105,4111,4241,0.9214183220099281,False
mergereturn,hotcoldsplit,0.007661004315227149,2.0539638345212126,0.040010205875096704,4208,4199,0.9119822292272008,False
mergereturn,irce,-0.00491431786520552,-1.322567604925359,0.1860149713102161,4304,4184,0.9705585112162733,False
mergereturn,nary-reassociate,-0.0018937336955870965,-0.5058805386866926,0.6129538678933065,4222,4131,0.9904824893058242,False
mergereturn,scalarizer,-0.002598070063716984,-0.7130131285719173,0.4758573451032409,4230,4260,0.9904824893058242,False
mergereturn,vector-combine,-0.0002560492574695816,-0.06878394136440656,0.9451632412547314,4078,4311,0.9987622411976728,False
mergereturn,always-inline,0.001283816119285519,0.3454753105739011,0.7297456282385669,4201,4294,0.9925991244200286,False
mergereturn,globalsplit,-0.002067245707667975,-0.5623804679287739,0.5738718155746895,4141,4294,0.9904824893058242,False
mergereturn,lowerswitch,0.004158141002731042,1.1265129893452015,0.2599809009494017,4120,4213,0.9858725228221116,False
mergereturn,early-cse-memssa,0.002512388152472955,0.9140852153010051,0.3606986578427427,4224,4243,0.9904824893058242,False
mergereturn,simple-loop-unswitch,0.0055165267522711,1.4905257875920068,0.136123870255864,4300,4155,0.95758018139933,False
mergereturn,loop-versioning,-0.001200742352260753,-0.31846930860714334,0.7501369412220693,4241,4131,0.9930288168050652,False
mergereturn,loop-flatten,0.0029623545164697562,0.7892222666171624,0.43000452926891775,4178,4170,0.9904824893058242,False
mergereturn,loop-reroll,0.0010235512140687741,0.2788518536032791,0.780365382495226,4145,4259,0.9930288168050652,False
mergereturn,loop-instsimplify,0.0002635716032843294,0.0714670231548943,0.9430277468446736,4254,4270,0.9987622411976728,False
mergereturn,loop-simplifycfg,0.0008763234942663067,0.23734992854729448,0.8123910990095885,4215,4217,0.9930288168050652,False
mergereturn,loop-predication,-0.0010160769035637007,-0.27083800745563685,0.7865221285669958,4311,4291,0.9930288168050652,False
mergereturn,speculative-execution,0.005897251864402153,1.566042297808299,0.11737613523069883,4256,4210,0.9352659276973905,False
mergereturn,partially-inline-libcalls,-0.005798801132493592,-1.5838223962997804,0.11327164254254776,4266,4187,0.9318734289844895,False
mergereturn,load-store-vectorizer,-0.005662473001072532,-1.5090790020084375,0.13131659393308542,4168,4149,0.9572881463934645,False
mergereturn,iroutliner,-0.0020448232886811635,-0.5500235616008672,0.5823180174382814,4207,4098,0.9904824893058242,False
mergereturn,global-merge,-0.0040266493649706026,-1.067323185862275,0.2858564710578968,4348,4139,0.9904824893058242,False
mergereturn,break-crit-edges,-0.0021364262827533453,-0.575552299963849,0.5649332951425328,4256,4124,0.9904824893058242,False
mergereturn,unreachableblockelim,0.00019118318006117185,0.05026086434122876,0.9599157092333623,4217,4156,0.9990475216511701,False
globalopt,strip-dead-prototypes,0.003601011777065899,0.972614609345353,0.33077280759718736,4294,4148,0.9904824893058242,False
globalopt,indvars,0.0021368440398582544,0.5698553102464565,0.5687908740628678,4237,4279,0.9904824893058242,False
globalopt,mergeicmps,0.004718501921324891,1.28822064575952,0.19770474916033454,4189,4196,0.9705585112162733,False
globalopt,separate-const-offset-from-gep,0.004807089615815663,1.2518498044976103,0.21065975387337593,4200,4144,0.9705585112162733,False
globalopt,libcalls-shrinkwrap,0.007719953208308039,2.082345405627979,0.037340825371484,4237,4248,0.8862222554832203,False
globalopt,flattencfg,-0.0003177987803942295,-0.08634879258383979,0.9311912340603037,4066,4273,0.9970496471007156,False
globalopt,loop-reduce,-0.0009669758025545594,-0.2604028882567618,0.7945593473708048,4227,4243,0.9930288168050652,False
globalopt,loop-unroll,0.002671311868633619,0.6724428009045388,0.5013202554838075,4212,4228,0.9904824893058242,False
globalopt,loop-rotate,0.0016006363396587897,0.41154967788493296,0.6806800202546421,4203,4202,0.9904824893058242,False
globalopt,partial-inliner,0.003462146876341443,0.9542253819762145,0.3399969057415058,4283,4188,0.9904824893058242,False
globalopt,lower-expect,-0.0031327437327843266,-0.8551918172206733,0.3924692497365736,4231,4210,0.9904824893058242,False
globalopt,alignment-from-assumptions,-0.006107730843281145,-1.6516642312784209,0.09864059851065723,4168,4220,0.9272869961510797,False
globalopt,rpo-function-attrs,0.001160153526186647,0.3084078830360159,0.7577796589545511,4220,4158,0.9930288168050652,False
globalopt,attributor,0.001946151576463384,0.5933311152759237,0.552975656131612,4141,4221,0.9904824893058242,False
globalopt,inferattrs,-0.0005989764792683205,-0.1608369388812299,0.8722257438430652,4173,4132,0.9942716603646986,False
globalopt,called-value-propagation,-0.005221467199148733,-1.382929745493944,0.16672327691061245,4140,4246,0.9705585112162733,False
globalopt,licm,0.002354604733379062,0.6084748491041319,0.5428890225874404,4082,4327,0.9904824893058242,False
globalopt,loop-simplify,-0.003651060231937453,-0.9889397887823663,0.3227208963873645,4190,4271,0.9904824893058242,False
globalopt,div-rem-pairs,-0.001348234254498204,-0.3660188851533408,0.7143601790441105,4217,4206,0.9924654586614432,False
globalopt,float2int,0.00043885983227609504,0.12024514500646558,0.9042918060894714,4266,4217,0.9961990294109887,False
globalopt,inline,-0.005229990341299229,-1.4126982316304366,0.15778167207357174,4172,4197,0.9705585112162733,False
globalopt,sink,0.006693521208251507,1.779644170648016,0.07517077333358856,4220,4092,0.9223771155217892,False
globalopt,loop-vectorize,0.00335891604953098,0.894858221166155,0.3708886246980641,4279,4097,0.9904824893058242,False
globalopt,slp-vectorizer,-0.003679954112909667,-0.996268343329008,0.3191481582717002,4272,4226,0.9904824893058242,False
globalopt,callsite-splitting,-0.0035465025227592317,-0.9493068806145417,0.34249176854854185,4178,4270,0.9904824893058242,False
globalopt,dfa-jump-threading,0.004454918979067968,1.185638632019508,0.23579823835836122,4264,4237,0.9745114828179076,False
globalopt,consthoist,0.004017376576477605,1.0748697150580842,0.28246482827075353,3961,4253,0.9904824893058242,False
globalopt,mldst-motion,-0.0002545992228454308,-0.0677635684071937,0.945975458027134,4168,4238,0.9987622411976728,False
globalopt,slsr,-0.0016324925942194923,-0.43551810783685996,0.663197511922053,4213,4255,0.9904824893058242,False
globalopt,loop-interchange,-0.0007573129356341357,-0.2021851941565031,0.8397768068485443,4212,4258,0.9939033925017995,False
globalopt,loop-fusion,-0.001961032492559911,-0.5150925117762636,0.6065017162697371,4253,4283,0.9904824893058242,False
globalopt,loop-distribute,-0.0023522739575712603,-0.6361802458740506,0.5246760022083442,4238,4307,0.9904824893058242,False
globalopt,loop-load-elim,-0.0009231703015351589,-0.24402027370766022,0.8072211236869912,4140,4198,0.9930288168050652,False
globalopt,loop-sink,-0.007224247771663528,-1.910067888431832,0.056159049235698505,4154,4113,0.9214183220099281,False
globalopt,loop-unroll-and-jam,-0.0025496815456690913,-0.6700709145906282,0.5028311146592246,4182,4191,0.9904824893058242,False
globalopt,hotcoldsplit,-0.0012518597580011837,-0.33749872618746185,0.7357493747313952,4322,4132,0.9925991244200286,False
globalopt,irce,0.0018979013282532375,0.5012327512539649,0.6162204681360424,4255,4143,0.9904824893058242,False
globalopt,nary-reassociate,-0.0009942219173481592,-0.2671026091305897,0.7893967369787414,4259,4121,0.9930288168050652,False
globalopt,scalarizer,0.0020348443673900984,0.5405560894848338,0.5888278233771068,4279,4182,0.9904824893058242,False
globalopt,vector-combine,0.003051857694247151,0.8352338977406747,0.40360980344634934,4311,4117,0.9904824893058242,False
globalopt,always-inline,-0.002279913207761497,-0.6256558998912727,0.5315575232917061,4181,4322,0.9904824893058242,False
globalopt,globalsplit,0.0016562392953851646,0.45104086555197814,0.6519713938683731,4401,4265,0.9904824893058242,False
globalopt,lowerswitch,-0.007979793145033554,-2.161281147771524,0.03070171066978188,4294,4137,0.8825311530906069,False
globalopt,early-cse-memssa,-0.00450875887537322,-1.7261995759824507,0.08434813815752107,4242,4195,0.9223771155217892,False
globalopt,simple-loop-unswitch,-0.007514162044228667,-1.9952094091428192,0.04605234105504153,4250,4143,0.9119822292272008,False
globalopt,loop-versioning,-0.0012188046641997685,-0.3300250342628842,0.7413893212079418,4184,4173,0.9930288168050652,False
globalopt,loop-flatten,-0.010625005431708578,-2.7338172194826367,0.006273703679622472,4166,4167,0.5630424489252757,False
globalopt,loop-reroll,0.001960570194281752,0.5344833679635155,0.5930209779544208,4212,4386,0.9904824893058242,False
globalopt,loop-instsimplify,0.01031334833741332,2.7471735960784107,0.006024005363331147,4157,4214,0.5630424489252757,False
globalopt,loop-simplifycfg,-0.002839247279826429,-0.7655845255111298,0.4439450694197032,4194,4214,0.9904824893058242,False
globalopt,loop-predication,0.000787197422456587,0.20830597457561975,0.8349952396785782,4104,4106,0.9939033925017995,False
globalopt,speculative-execution,0.002222182119187177,0.598349014401106,0.54962325286601,4227,4163,0.9904824893058242,False
globalopt,partially-inline-libcalls,0.0042277624950111115,1.133056549966916,0.2572231971375036,4262,4074,0.9858725228221116,False
globalopt,load-store-vectorizer,-0.007274357710670254,-1.9366968037449732,0.052815967416071245,4282,4116,0.9205345724027795,False
globalopt,iroutliner,0.00342470537650047,0.9234854619530847,0.35578084553293693,4134,4254,0.9904824893058242,False
globalopt,global-merge,0.0014907145323541093,0.398520665161736,0.6902565935142113,4170,4212,0.9904824893058242,False
globalopt,break-crit-edges,-0.005733304903101255,-1.4770265079950893,0.13970603989142155,4236,4165,0.95758018139933,False
globalopt,unreachableblockelim,0.0038718918880015774,1.0433225156113182,0.2968288255323568,4291,4152,0.9904824893058242,False
strip-dead-prototypes,indvars,-0.004227754660218297,-1.126943698605181,0.25979869320654675,4163,4223,0.9858725228221116,False
strip-dead-prototypes,mergeicmps,-0.00047665009417618975,-0.12592880025471034,0.8997913522647186,4168,4094,0.9961990294109887,False
strip-dead-prototypes,separate-const-offset-from-gep,-0.0038322382229266094,-1.0217209307841222,0.3069424758245863,4170,4218,0.9904824893058242,False
strip-dead-prototypes,libcalls-shrinkwrap,0.002592914866054785,0.7034505615705362,0.4817944001334921,4236,4211,0.9904824893058242,False
strip-dead-prototypes,flattencfg,0.002533574453366827,0.6681258273273026,0.504071999009376,4075,4211,0.9904824893058242,False
strip-dead-prototypes,loop-reduce,0.004972301869064444,1.3430456026232567,0.17929376155810228,4122,4228,0.9705585112162733,False
strip-dead-prototypes,loop-unroll,-0.0021816906913226797,-0.5653117612914416,0.5718768527897363,4150,4283,0.9904824893058242,False
strip-dead-prototypes,loop-rotate,0.0028213108416694777,0.7328803226800593,0.4636521718495264,4104,4189,0.9904824893058242,False
strip-dead-prototypes,partial-inliner,0.0008669793815719307,0.2270270791498988,0.8204082578066043,4218,4160,0.9930288168050652,False
strip-dead-prototypes,lower-expect,0.0049185108063234395,1.321807004016796,0.18626798690493906,4289,4224,0.9705585112162733,False
strip-dead-prototypes,alignment-from-assumptions,0.001324301134283723,0.36344755405621204,0.7162796956403912,4241,4193,0.9924654586614432,False
strip-dead-prototypes,rpo-function-attrs,-0.004455330092851206,-1.1998466129336405,0.23023309656518456,4162,4159,0.9745114828179076,False
strip-dead-prototypes,attributor,-0.004623197690627412,-1.4181039837778098,0.1561988055672206,4018,4139,0.9705585112162733,False
strip-dead-prototypes,inferattrs,-0.002499547583255657,-0.6700012307574191,0.502875508194894,4144,4244,0.9904824893058242,False
strip-dead-prototypes,called-value-propagation,-0.0014459021820755202,-0.38803992898558837,0.6979962321116739,4274,4206,0.9904824893058242,False
strip-dead-prototypes,licm,0.005329684830877313,1.4030983611288894,0.16062531560972348,4194,4030,0.9705585112162733,False
strip-dead-prototypes,loop-simplify,-0.0035476012742439167,-0.9568395576674936,0.3386756958867036,4228,4200,0.9904824893058242,False
strip-dead-prototypes,div-rem-pairs,-0.0001524275366074357,-0.03936043886819525,0.9686039642713622,4205,4124,0.9990475216511701,False
strip-dead-prototypes,float2int,-0.0031398668494311277,-0.8322218706258183,0.40530782680091354,4088,4194,0.9904824893058242,False
strip-dead-prototypes,inline,-0.00011125784307647324,-0.02971160524428058,0.97629776560609,4171,4191,0.9990475216511701,False
strip-dead-prototypes,sink,-0.0006448800455162162,-0.17482184524758582,0.8612238539295292,4128,4243,0.9939385410125189,False
strip-dead-prototypes,loop-vectorize,0.002319004354980947,0.6089060005058886,0.5426033972665415,4156,4153,0.9904824893058242,False
strip-dead-prototypes,slp-vectorizer,-0.0006916827888282517,-0.1863571666861643,0.8521692301275012,4285,4101,0.9939385410125189,False
strip-dead-prototypes,callsite-splitting,0.004221067978772308,1.1269506885806646,0.25979552318324506,4158,4244,0.9858725228221116,False
strip-dead-prototypes,dfa-jump-threading,0.003043952270366912,0.8003501447010338,0.42353077666872074,4176,4161,0.9904824893058242,False
strip-dead-prototypes,consthoist,0.007517675136928026,1.98232148128167,0.047476252557094034,4164,4155,0.916850641619808,False
strip-dead-prototypes,mldst-motion,0.004440667821875965,1.2056562169200773,0.2279840446236046,4182,4222,0.9745114828179076,False
strip-dead-prototypes,slsr,-0.00011556650475835761,-0.03143581463838911,0.9749227296750147,4181,4184,0.9990475216511701,False
strip-dead-prototypes,loop-interchange,-0.006297275387190715,-1.6390551322460685,0.10123959062329198,4077,4257,0.9298842796600941,False
strip-dead-prototypes,loop-fusion,-0.004914558618094367,-1.331526342109742,0.18305159820826478,4186,4316,0.9705585112162733,False
strip-dead-prototypes,loop-distribute,-0.0017179118202641508,-0.45681272351941726,0.6478173781303267,4297,4176,0.9904824893058242,False
strip-dead-prototypes,loop-load-elim,0.008605671317750863,2.2585817950501754,0.023934807406913217,4317,4157,0.8825311530906069,False
strip-dead-prototypes,loop-sink,0.000603300387268968,0.16400852145781106,0.8697284015127293,4172,4191,0.9939394641716258,False
strip-dead-prototypes,loop-unroll-and-jam,-0.0008054965652116719,-0.2191859054069349,0.8265106072413102,4241,4112,0.9939033925017995,False
strip-dead-prototypes,hotcoldsplit,-0.003582466444285337,-0.9665001559681966,0.3338222216095519,4130,4165,0.9904824893058242,False
strip-dead-prototypes,irce,-0.0007460992114494691,-0.20149569416409815,0.8403159131649788,4135,4213,0.9939033925017995,False
strip-dead-prototypes,nary-reassociate,0.0006276377753464124,0.1656186742535965,0.8684610972051472,4130,4146,0.9939394641716258,False
strip-dead-prototypes,scalarizer,0.006335499497261365,1.6730421984292616,0.09435646582518227,4151,4198,0.9223771155217892,False
strip-dead-prototypes,vector-combine,-0.003701252023487034,-1.0005416505799147,0.31707731285316965,4261,4143,0.9904824893058242,False
strip-dead-prototypes,always-inline,-0.0034114929573590413,-0.9232960285376666,0.35587925301133955,4351,4125,0.9904824893058242,False
strip-dead-prototypes,globalsplit,-0.004346202806904287,-1.1544362124387835,0.24835498313891866,4120,4102,0.9807287255775249,False
strip-dead-prototypes,lowerswitch,-0.0038468095673289127,-1.036874979821206,0.29982388704656904,4163,4299,0.9904824893058242,False
strip-dead-prototypes,early-cse-memssa,0.002437469048885421,0.9135824093091247,0.36096226513052254,4307,4184,0.9904824893058242,False
strip-dead-prototypes,simple-loop-unswitch,0.005902278765792135,1.6158327684655867,0.10616818219984266,4165,4206,0.9298842796600941,False
strip-dead-prototypes,loop-versioning,0.0035489196029862558,0.9478648357577665,0.3432260457051078,4134,4130,0.9904824893058242,False
strip-dead-prototypes,loop-flatten,9.813155719440303e-05,0.025375837144025547,0.9797557935380226,4189,4123,0.9990475216511701,False
strip-dead-prototypes,loop-reroll,-0.002183475860375428,-0.5821819728675149,0.5604597690088833,4230,4159,0.9904824893058242,False
strip-dead-prototypes,loop-instsimplify,0.0039622010940845165,1.059811573116342,0.2892614252459561,4135,4103,0.9904824893058242,False
strip-dead-prototypes,loop-simplifycfg,0.0005392082628202233,0.14137121231992406,0.8875801226781364,4106,4208,0.9947806984566635,False
strip-dead-prototypes,loop-predication,0.002117760956192427,0.5900777103242633,0.5551539334135069,4364,4306,0.9904824893058242,False
strip-dead-prototypes,speculative-execution,0.0006889968287078219,0.18334418289540605,0.8545324020245147,4147,4244,0.9939385410125189,False
strip-dead-prototypes,partially-inline-libcalls,-0.008870657352078037,-2.3536701974738903,0.01861238179149192,4154,4121,0.8597475886578497,False
strip-dead-prototypes,load-store-vectorizer,0.004766846615236298,1.2860961934677007,0.1984445033380315,4212,4295,0.9705585112162733,False
strip-dead-prototypes,iroutliner,-0.003381828674026033,-0.8992584340443472,0.3685412920945858,4172,4081,0.9904824893058242,False
strip-dead-prototypes,global-merge,-0.004006425977423067,-1.0964893563492146,0.2728956876935771,4220,4317,0.9904824893058242,False
strip-dead-prototypes,break-crit-edges,-0.004358300894513778,-1.1495049932353893,0.2503807574145206,4137,4212,0.9814725185538165,False
strip-dead-prototypes,unreachableblockelim,-6.601889548396578e-05,-0.01769666759216577,0.9858812570180975,4192,4258,0.9990475216511701,False
indvars,mergeicmps,0.0037619410798976904,1.0061570357632925,0.3143694064964564,4147,4155,0.9904824893058242,False
indvars,separate-const-offset-from-gep,0.0011603965289956886,0.3149033620584711,0.7528429585531595,4153,4140,0.9930288168050652,False
indvars,libcalls-shrinkwrap,-0.007086329821529125,-1.9191465597119157,0.054999705890371064,4146,4243,0.9214183220099281,False
indvars,flattencfg,0.00450863588509931,1.193885382826224,0.2325565840017807,4113,4276,0.9745114828179076,False
indvars,loop-reduce,0.0016974618966965616,0.46406093262960113,0.6426161409666407,4211,4175,0.9904824893058242,False
indvars,loop-unroll,-0.0035099561567880078,-0.8952633495657879,0.3706720344077115,4172,4226,0.9904824893058242,False
indvars,loop-rotate,0.00025057004463413524,0.06491446549839734,0.948243655544418,4132,4250,0.9987622411976728,False
indvars,partial-inliner,0.0010381815075100609,0.28255434511887734,0.7775253862485632,4259,4213,0.9930288168050652,False
indvars,lower-expect,0.0019790459641401137,0.5346449526600633,0.5929094149917004,4232,4254,0.9904824893058242,False
indvars,alignment-from-assumptions,-0.001003109708575367,-0.27119045735026037,0.7862511786440213,4194,4264,0.9930288168050652,False
indvars,rpo-function-attrs,0.005526596588985355,1.4725347327318765,0.14091423940608333,4180,4169,0.95758018139933,False
indvars,attributor,0.001536705591566212,0.46677798489972866,0.6406708010951795,4214,4235,0.9904824893058242,False
indvars,inferattrs,0.009693251364042588,2.552894021526711,0.010700888187860625,4169,4155,0.6952908493072808,False
indvars,called-value-propagation,-0.007110270013204467,-1.947117689399091,0.05155355080844383,4222,4272,0.9205345724027795,False
indvars,licm,0.004726717208534903,1.2727433024242667,0.20314436745847314,4179,4226,0.9705585112162733,False
indvars,loop-simplify,0.0012576676948127252,0.33904763861570636,0.7345822770472706,4239,4207,0.9925991244200286,False
indvars,div-rem-pairs,-0.004612488527549141,-1.2106069813395477,0.22608059949296905,4162,4136,0.9745114828179076,False
indvars,float2int,0.005918875139618973,1.612876141618999,0.10680859016432752,4273,4226,0.9298842796600941,False
indvars,inline,0.0013074589373286982,0.34874947618384794,0.7272862984397315,4154,4125,0.9925991244200286,False
indvars,sink,-0.0047532914221052325,-1.2849244826044783,0.19885401549165177,4222,4206,0.9705585112162733,False
indvars,loop-vectorize,0.00475029986582326,1.2632713083099154,0.20652672140254674,4205,4212,0.9705585112162733,False
indvars,slp-vectorizer,-0.0030337815833866855,-0.81729819149115,0.41378140529754104,4240,4098,0.9904824893058242,False
indvars,callsite-splitting,0.0051001166095476225,1.4106144392572737,0.15839463505709325,4357,4217,0.9705585112162733,False
indvars,dfa-jump-threading,-0.0018414483812623228,-0.5007211891968683,0.6165806200802338,4116,4197,0.9904824893058242,False
indvars,consthoist,0.003620565803312048,0.9651628845548085,0.3344909710816969,4195,4222,0.9904824893058242,False
indvars,mldst-motion,0.00227123101203075,0.6122271880140467,0.5404042704483449,4148,4142,0.9904824893058242,False
indvars,slsr,0.0028498743458937326,0.7543745055170212,0.45064538798582343,4282,4175,0.9904824893058242,False
indvars,loop-interchange,-0.0054348401613858455,-1.4317530565505923,0.15225196672940647,4237,4108,0.9705585112162733,False
indvars,loop-fusion,0.005320190068455299,1.402411858342428,0.16082965891905293,4111,4201,0.9705585112162733,False
indvars,loop-distribute,-0.004792801632908128,-1.2938431106463575,0.19575544584477025,4178,4170,0.9705585112162733,False
indvars,loop-load-elim,0.003431963273685945,0.9319634740360657,0.35138208204868704,4219,4224,0.9904824893058242,False
indvars,loop-sink,-0.002979144526706279,-0.7897441009869723,0.4296996394439436,4195,4171,0.9904824893058242,False
indvars,loop-unroll-and-jam,-0.0027951458121142636,-0.7377630424367861,0.4606796834251882,4058,4106,0.9904824893058242,False
indvars,hotcoldsplit,0.0037126766954801993,0.9968131735451934,0.31888392370470475,4176,4225,0.9904824893058242,False
indvars,irce,-0.0016329830762262243,-0.44243084865326704,0.6581888002558539,4198,4270,0.9904824893058242,False
indvars,nary-reassociate,0.0035866776388943644,0.9648131661850909,0.3346663553703672,4227,4128,0.9904824893058242,False
indvars,scalarizer,-0.0006402779121992275,-0.17292281495238448,0.8627163179013155,4106,4197,0.9939385410125189,False
indvars,vector-combine,-0.0025097156579353963,-0.6919777267696815,0.4889701710277476,4294,4235,0.9904824893058242,False
indvars,always-inline,0.0011058792761854952,0.2981034396852466,0.7656315809794189,4151,4261,0.9930288168050652,False
indvars,globalsplit,-0.0070145307110797694,-1.8796964882021612,0.06018440372831328,4154,4163,0.9214183220099281,False
indvars,lowerswitch,-5.328140629673461e-05,-0.014143126063946835,0.9887161292373534,4236,4204,0.9990475216511701,False
indvars,early-cse-memssa,0.004156636469465458,1.574557302345893,0.11539675606503115,4254,4092,0.9352659276973905,False
indvars,simple-loop-unswitch,0.0007269285790842961,0.1985271729105288,0.842637301690228,4331,4311,0.9939059257285942,False
indvars,loop-versioning,-0.004925885880067649,-1.3337305549368992,0.1823283259374233,4231,4175,0.9705585112162733,False
indvars,loop-flatten,-0.003165522159952139,-0.8436620661094583,0.39888227319322744,4149,4262,0.9904824893058242,False
indvars,loop-reroll,-0.002801793884145587,-0.7462569698494905,0.4555332217844248,4149,4233,0.9904824893058242,False
indvars,loop-instsimplify,-0.0023906607850766037,-0.6471287375151127,0.517566495740695,4116,4209,0.9904824893058242,False
indvars,loop-simplifycfg,0.00011059637383914467,0.029643664998262622,0.9763519395961098,4237,4243,0.9990475216511701,False
indvars,loop-predication,-0.003346748984720649,-0.8836719999716757,0.37689885283359015,4171,4145,0.9904824893058242,False
indvars,speculative-execution,0.0012754385667286816,0.34749778160641975,0.7282260133315721,4307,4173,0.9925991244200286,False
indvars,partially-inline-libcalls,-0.0005896510765698304,-0.15137280250247437,0.8796852709409587,4203,4251,0.994650908707853,False
indvars,load-store-vectorizer,-0.004876597942269467,-1.2898769912088563,0.19712926940851871,4153,4158,0.9705585112162733,False
indvars,iroutliner,0.00012542802610460146,0.03382106777375762,0.9730206322736554,4210,4274,0.9990475216511701,False
indvars,global-merge,0.0018690769048567146,0.5109426059945964,0.6094046004256327,4182,4269,0.9904824893058242,False
indvars,break-crit-edges,-0.006323651005454511,-1.6807018199237855,0.09285795627453616,4191,4247,0.9223771155217892,False
indvars,unreachableblockelim,-0.0004431039575112372,-0.118866125580573,0.9053842446282448,4257,4210,0.9961990294109887,False
mergeicmps,separate-const-offset-from-gep,-0.0014400323960848116,-0.38492826268331065,0.700300278447271,4269,4162,0.9904824893058242,False
mergeicmps,libcalls-shrinkwrap,0.0005033947522390392,0.13722645678229012,0.8908551122893422,4218,4133,0.9961990294109887,False
mergeicmps,flattencfg,0.0037241044953505442,1.005448144455271,0.3147096111953482,4256,4283,0.9904824893058242,False
mergeicmps,loop-reduce,0.008042256396707081,2.190298454578953,0.028529835603772997,4223,4236,0.8825311530906069,False
mergeicmps,loop-unroll,0.0023703546497078065,0.6055074350320224,0.544858272175987,4313,4122,0.9904824893058242,False
mergeicmps,loop-rotate,0.0006548800428057833,0.17083514325470156,0.8643574962214197,4206,4225,0.9939394641716258,False
mergeicmps,partial-inliner,0.009080433684677591,2.397419208201593,0.01653301946531156,4150,4140,0.8221760719994755,False
mergeicmps,lower-expect,-0.0029907576334005648,-0.8316762589418002,0.4056153153302743,4135,4303,0.9904824893058242,False
mergeicmps,alignment-from-assumptions,-0.003281106222198238,-0.8730613995740385,0.3826546466817373,4163,4213,0.9904824893058242,False
mergeicmps,rpo-function-attrs,0.00039853789346966373,0.10667266022450368,0.915051202370717,4332,4150,0.9962685063900011,False
mergeicmps,attributor,-0.0024212605091347705,-0.7548609311196091,0.4503536060520484,4157,4244,0.9904824893058242,False
mergeicmps,inferattrs,0.0011130463534543278,0.30158513754403626,0.7629757448954898,4211,4309,0.9930288168050652,False
mergeicmps,called-value-propagation,0.0021744691520877435,0.5799407319130723,0.5619702302096559,4158,4212,0.9904824893058242,False
mergeicmps,licm,0.003031167230631404,0.7779503913375763,0.43662027617332966,4072,4293,0.9904824893058242,False
mergeicmps,loop-simplify,0.000646702473945937,0.17381983520489924,0.8620112224780838,4185,4261,0.9939385410125189,False
mergeicmps,div-rem-pairs,0.006212471085166482,1.6837959621040113,0.092258100320116,4292,4167,0.9223771155217892,False
mergeicmps,float2int,0.006506821908195737,1.7328647442688165,0.08315666347957064,4130,4235,0.9223771155217892,False
mergeicmps,inline,-0.002977987784735181,-0.8021651844558677,0.4224799792078139,4253,4196,0.9904824893058242,False
mergeicmps,sink,-0.00506914280227494,-1.388638665056006,0.1649790403372969,4252,4251,0.9705585112162733,False
mergeicmps,loop-vectorize,0.005562494183266986,1.4705277411529383,0.14145635743033444,4227,4194,0.95758018139933,False
mergeicmps,slp-vectorizer,0.002276966985609419,0.6146687496907245,0.5387899763620213,4334,4161,0.9904824893058242,False
mergeicmps,callsite-splitting,-0.0010128583763029941,-0.26807713503639924,0.7886465953586573,4195,4128,0.9930288168050652,False
mergeicmps,dfa-jump-threading,-0.0038810305716744375,-1.0480939609978868,0.294625950726975,4092,4187,0.9904824893058242,False
mergeicmps,consthoist,-0.003322452359883432,-0.8823962594936512,0.3775881065134259,4225,4080,0.9904824893058242,False
mergeicmps,mldst-motion,0.002364883413336627,0.635407470115468,0.525179895075992,4174,4290,0.9904824893058242,False
mergeicmps,slsr,0.0007515978126251821,0.20132568954069358,0.8404487350230228,4291,4211,0.9939033925017995,False
mergeicmps,loop-interchange,-0.0060098404825348894,-1.5880839024940216,0.11230552359498686,4135,4153,0.9298842796600941,False
mergeicmps,loop-fusion,-0.0025662973118658616,-0.6919371604180231,0.48899606970217074,4136,4209,0.9904824893058242,False
mergeicmps,loop-distribute,-0.0003406451263285315,-0.09324406981030708,0.9257118868081239,4218,4189,0.9962685063900011,False
mergeicmps,loop-load-elim,0.003755534654153514,1.0095611246448501,0.31273475818090674,4220,4164,0.9904824893058242,False
mergeicmps,loop-sink,-0.0029627633085891336,-0.8153158623071529,0.4149145216118103,4240,4208,0.9904824893058242,False
mergeicmps,loop-unroll-and-jam,-0.010908811786168926,-2.8552582101868893,0.004310887720759104,4125,4183,0.4328573413972474,False
mergeicmps,hotcoldsplit,0.0023703083081156873,0.6518033230525617,0.5145461447714715,4101,4186,0.9904824893058242,False
mergeicmps,irce,-0.000915812275880834,-0.24671427212386057,0.8051353788628091,4221,4204,0.9930288168050652,False
mergeicmps,nary-reassociate,-0.0005965657668630664,-0.1625712840393596,0.8708598851374435,4171,4289,0.9939394641716258,False
mergeicmps,scalarizer,-0.004753230025752342,-1.2855184598754112,0.1986468647826259,4177,4167,0.9705585112162733,False
mergeicmps,vector-combine,-0.0006984323496688205,-0.19021829663885345,0.8491426560108907,4249,4181,0.9939385410125189,False
mergeicmps,always-inline,0.00028969796904948497,0.07882673566148214,0.9371723161370203,4142,4266,0.9987146011758271,False
mergeicmps,globalsplit,-0.0005174767866156227,-0.14195454905572594,0.8871193327395464,4126,4223,0.9947437548108975,False
mergeicmps,lowerswitch,-0.002124001646712781,-0.5686126530592657,0.5696340483707074,4272,4237,0.9904824893058242,False
mergeicmps,early-cse-memssa,0.00296845473741264,1.133454934247741,0.25705570867589733,4177,4210,0.9858725228221116,False
mergeicmps,simple-loop-unswitch,-0.0027263505558696166,-0.7234335768525219,0.4694336157776384,4240,4196,0.9904824893058242,False
mergeicmps,loop-versioning,-0.0020613139543123604,-0.5357678456082879,0.5921331898911057,4187,4247,0.9904824893058242,False
mergeicmps,loop-flatten,-0.003973851465979783,-1.0909579320905152,0.2753231213096272,4101,4191,0.9904824893058242,False
mergeicmps,loop-reroll,-0.005525113320761499,-1.4878642724090927,0.13682404153443734,4161,4294,0.95758018139933,False
mergeicmps,loop-instsimplify,-0.0005666513618376445,-0.15267048505247877,0.8786618293155002,4127,4222,0.994650908707853,False
mergeicmps,loop-simplifycfg,-0.005804581610357018,-1.55224335017927,0.12064211535415582,4179,4128,0.9450525586222891,False
mergeicmps,loop-predication,-0.002591429062110906,-0.7125152385482147,0.47616554125696203,4143,4284,0.9904824893058242,False
mergeicmps,speculative-execution,0.0022992230847272976,0.6104706591361179,0.5415668146356664,4141,4152,0.9904824893058242,False
mergeicmps,partially-inline-libcalls,-0.0023588390571507856,-0.6269468081970793,0.5307110068221368,4260,4248,0.9904824893058242,False
mergeicmps,load-store-vectorizer,-0.0018602602079991204,-0.50911589851038,0.6106842386100859,4245,4239,0.9904824893058242,False
mergeicmps,iroutliner,0.0035615986267492628,0.9668285013203217,0.3336577524311614,4249,4115,0.9904824893058242,False
mergeicmps,global-merge,-0.0003202004791358348,-0.08609454237266001,0.9313933142222129,4144,4282,0.9970496471007156,False
mergeicmps,break-crit-edges,0.007759223087734135,2.0997818650549536,0.03577801623663961,4123,4218,0.8825311530906069,False
mergeicmps,unreachableblockelim,-0.004078953975984678,-1.0669408251986883,0.28602996652146717,4227,4047,0.9904824893058242,False
separate-const-offset-from-gep,libcalls-shrinkwrap,0.0025546055745614415,0.7074323779208286,0.4793172212549754,4250,4259,0.9904824893058242,False
separate-const-offset-from-gep,flattencfg,-0.003402328153642442,-0.8910709481296833,0.37291639005607347,4301,4187,0.9904824893058242,False
separate-const-offset-from-gep,loop-reduce,0.00037660393148275517,0.10201361195806928,0.9187483291982921,4189,4142,0.9962685063900011,False
separate-const-offset-from-gep,loop-unroll,0.0004500721139552577,0.11578995462123955,0.9078218206230888,4106,4204,0.9961990294109887,False
separate-const-offset-from-gep,loop-rotate,0.0048844274750458605,1.2783398757702809,0.20116420024457798,4333,4248,0.9705585112162733,False
separate-const-offset-from-gep,partial-inliner,-0.004381525257318886,-1.165564983100477,0.24382379143440147,4147,4197,0.9807287255775249,False
separate-const-offset-from-gep,lower-expect,-0.002580745230594539,-0.6989321579019844,0.4846142145703865,4052,4166,0.9904824893058242,False
separate-const-offset-from-gep,alignment-from-assumptions,-0.005271357066985227,-1.3851788223268857,0.1660347953699315,4173,4206,0.9705585112162733,False
separate-const-offset-from-gep,rpo-function-attrs,-0.005545470187069246,-1.5345801742990355,0.12492442918243823,4248,4208,0.9517588806973311,False
separate-const-offset-from-gep,attributor,-0.005707295339378082,-1.6642491816894975,0.09610057791953269,4213,4061,0.9223771155217892,False
separate-const-offset-from-gep,inferattrs,-0.005075242818850967,-1.3665433901959154,0.17180614781435735,4057,4108,0.9705585112162733,False
separate-const-offset-from-gep,called-value-propagation,-0.008358727008986822,-2.194355766312439,0.028237462792557618,4186,4116,0.8825311530906069,False
separate-const-offset-from-gep,licm,0.0028798405596129895,0.7383083195506782,0.460347853102304,4290,4141,0.9904824893058242,False
separate-const-offset-from-gep,loop-simplify,-0.0032414228660046507,-0.8565603805267502,0.3917127625619227,4150,4107,0.9904824893058242,False
separate-const-offset-from-gep,div-rem-pairs,-0.0014253334674502183,-0.38417749229520776,0.70085670322263,4151,4184,0.9904824893058242,False
separate-const-offset-from-gep,float2int,0.0021887404712558345,0.595484167936673,0.5515356519024485,4340,4229,0.9904824893058242,False
separate-const-offset-from-gep,inline,0.00023258394521480374,0.06349923310683533,0.9493704916581089,4130,4250,0.9987622411976728,False
separate-const-offset-from-gep,sink,0.0071287722114121155,1.904750106503113,0.05684673395324459,4231,4168,0.9214183220099281,False
separate-const-offset-from-gep,loop-vectorize,0.0042900140721297,1.1579305134229376,0.24692492477398428,4304,4199,0.9807287255775249,False
separate-const-offset-from-gep,slp-vectorizer,-0.003241847189220215,-0.8707857997387006,0.3838956861751723,4255,4268,0.9904824893058242,False
separate-const-offset-from-gep,callsite-splitting,-0.007434288238078013,-1.9889988752788557,0.04673410647029378,4183,4138,0.9150538046883523,False
separate-const-offset-from-gep,dfa-jump-threading,0.0014151915186381148,0.3818026522115184,0.7026175826628568,4162,4097,0.9904824893058242,False
separate-const-offset-from-gep,consthoist,0.001636222853746705,0.4349534843089103,0.6636075004765593,4150,4154,0.9904824893058242,False
separate-const-offset-from-gep,mldst-motion,-0.001957846131331653,-0.530158258703497,0.5960163269745419,4121,4232,0.9904824893058242,False
separate-const-offset-from-gep,slsr,0.00027404559837601594,0.07404231817629678,0.9409785104533015,4172,4071,0.9987146011758271,False
separate-const-offset-from-gep,loop-interchange,0.002623528476994652,0.7040625446779559,0.48141331598958703,4253,4220,0.9904824893058242,False
separate-const-offset-from-gep,loop-fusion,-0.0023341624156066887,-0.6324090264145551,0.527136813343966,4190,4242,0.9904824893058242,False
separate-const-offset-from-gep,loop-distribute,-0.006126063500236922,-1.6544368833925422,0.09807622163450604,4173,4212,0.9272869961510797,False
separate-const-offset-from-gep,loop-load-elim,-0.002354578817348796,-0.6332130815910548,0.5266120004909585,4165,4116,0.9904824893058242,False
separate-const-offset-from-gep,loop-sink,-0.002553599647554028,-0.6928104720341643,0.48844744623495856,4225,4269,0.9904824893058242,False
separate-const-offset-from-gep,loop-unroll-and-jam,0.005862207793462415,1.591082415300642,0.11162863442502646,4203,4213,0.9298842796600941,False
separate-const-offset-from-gep,hotcoldsplit,0.0004671084500902367,0.11992512697249016,0.9045453174834921,4207,4257,0.9961990294109887,False
separate-const-offset-from-gep,irce,0.001747586399590495,0.46510913711742097,0.6418653934639026,4170,4209,0.9904824893058242,False
separate-const-offset-from-gep,nary-reassociate,0.0037069806071728384,0.9590568368376488,0.33755783601409906,4206,4197,0.9904824893058242,False
separate-const-offset-from-gep,scalarizer,2.9904454887930143e-06,0.0008061323103757287,0.9993568186588174,4190,4225,0.9993568186588174,False
separate-const-offset-from-gep,vector-combine,-0.0025251657078302903,-0.6806481621560956,0.4961129754123105,4147,4230,0.9904824893058242,False
separate-const-offset-from-gep,always-inline,0.0035990455390003118,0.9780273319234163,0.32808911655376366,4133,4227,0.9904824893058242,False
separate-const-offset-from-gep,globalsplit,0.007841428087636493,2.0790684264263635,0.03764199917121859,4056,4168,0.8874842709341716,False
separate-const-offset-from-gep,lowerswitch,0.00277064283806161,0.7169149093439743,0.47344659601691297,4277,4107,0.9904824893058242,False
separate-const-offset-from-gep,early-cse-memssa,0.0013473151017324714,0.5047891795629581,0.6137203735713365,4140,4173,0.9904824893058242,False
separate-const-offset-from-gep,simple-loop-unswitch,-0.0018219488947887608,-0.49473856137798944,0.6207975057227999,4256,4220,0.9904824893058242,False
separate-const-offset-from-gep,loop-versioning,-0.000918066422594177,-0.24158318800423675,0.809109156187707,4107,4206,0.9930288168050652,False
separate-const-offset-from-gep,loop-flatten,-0.0029150506506480656,-0.7694209842326207,0.44166557169092396,4115,4112,0.9904824893058242,False
separate-const-offset-from-gep,loop-reroll,-0.005613345293501326,-1.510686793596727,0.13090658324248988,4205,4069,0.9572881463934645,False
separate-const-offset-from-gep,loop-instsimplify,-0.003450474420157501,-0.9477194222253386,0.34329946028420083,4236,4201,0.9904824893058242,False
separate-const-offset-from-gep,loop-simplifycfg,-0.0002192731080062904,-0.0583226368680754,0.9534930301913161,4145,4302,0.9987622411976728,False
separate-const-offset-from-gep,loop-predication,0.006713020209925924,1.718536332971338,0.08573600192501366,4118,4213,0.9223771155217892,False
separate-const-offset-from-gep,speculative-execution,0.0042239205532573765,1.1629217055361492,0.24489374952913576,4242,4304,0.9807287255775249,False
separate-const-offset-from-gep,partially-inline-libcalls,-0.002388159466796269,-0.6219096548133509,0.5340182008141908,4251,4129,0.9904824893058242,False
separate-const-offset-from-gep,load-store-vectorizer,-0.004307414375560981,-1.1543060907670886,0.24840811433954593,4155,4108,0.9807287255775249,False
separate-const-offset-from-gep,iroutliner,-0.0011835915739453196,-0.3291368220782411,0.7420603866367472,4244,4258,0.9930288168050652,False
separate-const-offset-from-gep,global-merge,-0.004888653808246934,-1.317227287059162,0.187797853647059,4244,4283,0.9705585112162733,False
separate-const-offset-from-gep,break-crit-edges,-0.0021364864412480866,-0.563725501786443,0.5729559293529264,4140,4371,0.9904824893058242,False
separate-const-offset-from-gep,unreachableblockelim,0.0007130000233771527,0.19304007693500158,0.8469322374029843,4199,4245,0.9939385410125189,False
libcalls-shrinkwrap,flattencfg,-0.0014282297010386191,-0.38807043945571645,0.6979737514906291,4185,4208,0.9904824893058242,False
libcalls-shrinkwrap,loop-reduce,-0.007386773642532263,-1.9597548632002342,0.05005773621993247,4148,4190,0.9205345724027795,False
libcalls-shrinkwrap,loop-unroll,-0.007151029313271218,-1.819799191294376,0.06882478548867589,4316,4182,0.9223771155217892,False
libcalls-shrinkwrap,loop-rotate,0.0031210922075232683,0.821025282168768,0.4116548874958433,4365,4168,0.9904824893058242,False
libcalls-shrinkwrap,partial-inliner,-0.005079938901947523,-1.364666957553348,0.1723942961239461,4221,4188,0.9705585112162733,False
libcalls-shrinkwrap,lower-expect,-7.687448710225198e-05,-0.020858838324935465,0.9833587548449004,4287,4162,0.9990475216511701,False
libcalls-shrinkwrap,alignment-from-assumptions,-0.003909205782673342,-1.0399865148964758,0.2983764085992951,4124,4193,0.9904824893058242,False
libcalls-shrinkwrap,rpo-function-attrs,0.005260883305202635,1.4149265452541275,0.15712737874761398,4121,4223,0.9705585112162733,False
libcalls-shrinkwrap,attributor,-0.002956352553752206,-0.8894131153432697,0.3738070690970475,4113,4154,0.9904824893058242,False
libcalls-shrinkwrap,inferattrs,0.0011883664006366867,0.3230023066063979,0.7467014161956399,4210,4318,0.9930288168050652,False
libcalls-shrinkwrap,called-value-propagation,0.007371942984249702,1.9692552090760338,0.04895705929077874,4121,4171,0.9205345724027795,False
libcalls-shrinkwrap,licm,0.003950327520619634,1.0527571920004042,0.29248251821416926,4218,4209,0.9904824893058242,False
libcalls-shrinkwrap,loop-simplify,-0.0019111279440003348,-0.4959694141885921,0.6199290807510597,4154,4179,0.9904824893058242,False
libcalls-shrinkwrap,div-rem-pairs,-0.00012436734718646036,-0.03433527862684088,0.9726106029795828,4212,4256,0.9990475216511701,False
libcalls-shrinkwrap,float2int,0.00502493649640684,1.3381034691428364,0.18089879024070332,4164,4280,0.9705585112162733,False
libcalls-shrinkwrap,inline,0.0007465107739907939,0.2011388636109546,0.8405949667220687,4095,4135,0.9939033925017995,False
libcalls-shrinkwrap,sink,-0.002512395576491022,-0.6779069647428924,0.4978496036971978,4243,4050,0.9904824893058242,False
libcalls-shrinkwrap,loop-vectorize,-0.0064392496114573095,-1.7356365211577125,0.082664452333172,4246,4237,0.9223771155217892,False
libcalls-shrinkwrap,slp-vectorizer,-0.0019132657662284669,-0.5171509930301824,0.6050645506892008,4198,4102,0.9904824893058242,False
libcalls-shrinkwrap,callsite-splitting,0.004434394610981773,1.1861881419815474,0.23558239540747258,4108,4116,0.9745114828179076,False
libcalls-shrinkwrap,dfa-jump-threading,0.002572402185721301,0.6703978807477268,0.5026232127928055,4133,4010,0.9904824893058242,False
libcalls-shrinkwrap,consthoist,-0.001919444096004641,-0.5207144118760197,0.6025796056559424,4129,4190,0.9904824893058242,False
libcalls-shrinkwrap,mldst-motion,-0.0012833316384231463,-0.3375259270585091,0.7357291906773751,3976,4158,0.9925991244200286,False
libcalls-shrinkwrap,slsr,-0.004113098640440571,-1.1140311489402255,0.26529804998350504,4146,4210,0.9858725228221116,False
libcalls-shrinkwrap,loop-interchange,-0.003391000359469931,-0.8835112239166119,0.3769857776253181,4138,4159,0.9904824893058242,False
libcalls-shrinkwrap,loop-fusion,-0.0016855947074563282,-0.4541790798105424,0.6497117117228216,4229,4146,0.9904824893058242,False
libcalls-shrinkwrap,loop-distribute,0.002083795658877119,0.5643297067330935,0.572544507744026,4256,4342,0.9904824893058242,False
libcalls-shrinkwrap,loop-load-elim,0.005443633023446748,1.456711741205933,0.14523345997326076,4121,4278,0.9590796446126293,False
libcalls-shrinkwrap,loop-sink,0.0022592307233089137,0.612204179068064,0.5404194153457298,4177,4146,0.9904824893058242,False
libcalls-shrinkwrap,loop-unroll-and-jam,0.007115771240982893,1.8770501267618138,0.06054568723266211,4274,4203,0.9214183220099281,False
libcalls-shrinkwrap,hotcoldsplit,-0.0007000924856231383,-0.1876698297641306,0.8511399965571192,4274,4178,0.9939385410125189,False
libcalls-shrinkwrap,irce,0.003766942194414702,1.0162000544955094,0.30956305776463583,4284,4218,0.9904824893058242,False
libcalls-shrinkwrap,nary-reassociate,-0.0043208406633821195,-1.127676493247078,0.25948907413286876,4154,4249,0.9858725228221116,False
libcalls-shrinkwrap,scalarizer,-0.0008031762008897658,-0.21590253216376878,0.8290690045219686,4192,4148,0.9939033925017995,False
libcalls-shrinkwrap,vector-combine,0.003111667162125742,0.8554183873720191,0.39234390385530943,4222,4202,0.9904824893058242,False
libcalls-shrinkwrap,always-inline,0.0006231729693427224,0.16767587047823926,0.8668422927821572,4308,4144,0.9939394641716258,False
libcalls-shrinkwrap,globalsplit,0.006009280408828144,1.5906555683205301,0.11172373885774606,4328,4310,0.9298842796600941,False
libcalls-shrinkwrap,lowerswitch,-0.00200425612760613,-0.5316128236504505,0.5950082802105895,4149,4250,0.9904824893058242,False
libcalls-shrinkwrap,early-cse-memssa,0.001712526557247962,0.6542145930978435,0.5129913967162713,4196,4243,0.9904824893058242,False
libcalls-shrinkwrap,simple-loop-unswitch,-0.004776125954872645,-1.2647288453980399,0.2060035950004342,4237,4200,0.9705585112162733,False
libcalls-shrinkwrap,loop-versioning,-0.0017300457260597812,-0.45776561978084623,0.6471327338368335,4212,4163,0.9904824893058242,False
libcalls-shrinkwrap,loop-flatten,-0.004857817457342151,-1.2929270967704107,0.19607202218668815,4164,4198,0.9705585112162733,False
libcalls-shrinkwrap,loop-reroll,0.0010083928299086664,0.2676462537080798,0.7889782687278071,4080,4239,0.9930288168050652,False
libcalls-shrinkwrap,loop-instsimplify,-0.0009735985965602101,-0.25590746258116603,0.7980285163184118,4241,4218,0.9930288168050652,False
libcalls-shrinkwrap,loop-simplifycfg,0.0029854614915550415,0.8075364145346029,0.41938048476877265,4174,4186,0.9904824893058242,False
libcalls-shrinkwrap,loop-predication,0.001648511413534448,0.44394793989646564,0.6570916127946156,4126,4310,0.9904824893058242,False
libcalls-shrinkwrap,speculative-execution,-0.004673852615702745,-1.2508133909569386,0.21103657900905273,4354,4255,0.9705585112162733,False
libcalls-shrinkwrap,partially-inline-libcalls,0.0012416935741532686,0.3317722240161576,0.740069615211956,4192,4135,0.9930288168050652,False
libcalls-shrinkwrap,load-store-vectorizer,0.001175517724311903,0.314932644058073,0.7528205608472718,4283,4189,0.9930288168050652,False
libcalls-shrinkwrap,iroutliner,0.002984007228702734,0.8277161984967341,0.40785480232651944,4225,4161,0.9904824893058242,False
libcalls-shrinkwrap,global-merge,0.0055133992532704346,1.50086927556885,0.13342671007652557,4281,4184,0.9572881463934645,False
libcalls-shrinkwrap,break-crit-edges,-0.004026868404642336,-1.0538026254186768,0.29200415965525583,4093,4160,0.9904824893058242,False
libcalls-shrinkwrap,unreachableblockelim,-0.00477914800318624,-1.3147737413561844,0.18862223714601348,4133,4200,0.9705585112162733,False
flattencfg,loop-reduce,-0.0010256291155590902,-0.276635225520308,0.7820671087609108,4143,4155,0.9930288168050652,False
flattencfg,loop-unroll,-0.0012660049982429755,-0.32672927711664806,0.7438807510203811,4234,4217,0.9930288168050652,False
flattencfg,loop-rotate,-0.0020010436786757624,-0.4963213414309625,0.6196806797483176,4230,4191,0.9904824893058242,False
flattencfg,partial-inliner,0.002585423087645644,0.6997953935326063,0.48407436284288713,4273,4177,0.9904824893058242,False
flattencfg,lower-expect,0.0019634440637579242,0.5268880503692837,0.5982852069880077,4206,4227,0.9904824893058242,False
flattencfg,alignment-from-assumptions,-0.0022027597883944594,-0.5929091209352545,0.5532580055131797,4130,4242,0.9904824893058242,False
flattencfg,rpo-function-attrs,0.005199964823202008,1.3496295180438076,0.1771717091207412,4109,4182,0.9705585112162733,False
flattencfg,attributor,0.003741210245514881,1.119889809641273,0.26279288896209296,4210,4172,0.9858725228221116,False
flattencfg,inferattrs,0.006088098208559267,1.7067963285954644,0.0878955558432544,4383,4340,0.9223771155217892,False
flattencfg,called-value-propagation,8.802916657468796e-05,0.023611361988418452,0.9811631721396742,4151,4239,0.9990475216511701,False
flattencfg,licm,0.0017282574830417285,0.4560786010247869,0.6483453424327859,4170,4188,0.9904824893058242,False
flattencfg,loop-simplify,-0.00030175064761123194,-0.08258146813352216,0.9341862803983352,4271,4237,0.9971441508502933,False
flattencfg,div-rem-pairs,-0.004244173020759523,-1.1558938171540334,0.24775781885602974,4214,4100,0.9807287255775249,False
flattencfg,float2int,3.148191359697572e-05,0.008610228963915714,0.9931303203254451,4282,4152,0.9990475216511701,False
flattencfg,inline,-0.0014192022667514625,-0.3826622885075733,0.7019795181320336,4334,4378,0.9904824893058242,False
flattencfg,sink,-0.005923185695748734,-1.5722209625679593,0.11593714960853545,4185,4182,0.9352659276973905,False
flattencfg,loop-vectorize,0.005882777690502217,1.5908644276313815,0.11167627197219467,4373,4366,0.9298842796600941,False
flattencfg,slp-vectorizer,-0.0020490695497714095,-0.5589235360937285,0.5762288617858974,4110,4296,0.9904824893058242,False
flattencfg,callsite-splitting,-0.0015474852383502435,-0.4116554979529898,0.6806027084535688,4068,4151,0.9904824893058242,False
flattencfg,dfa-jump-threading,0.0032662360199464113,0.8858514488195213,0.3757231529903541,4162,4170,0.9904824893058242,False
flattencfg,consthoist,-0.0008675031169997349,-0.2302291821622753,0.8179194532621896,4238,3986,0.9930288168050652,False
flattencfg,mldst-motion,-4.330252311612881e-06,-0.0011655060694901107,0.9990700893011996,4046,4153,0.9993568186588174,False
flattencfg,slsr,-0.00185312154618672,-0.507326808864677,0.6119388067137255,4123,4325,0.9904824893058242,False
flattencfg,loop-interchange,-0.009772841810824162,-2.602907515588186,0.009259959220385196,4306,4084,0.6715185242042302,False
flattencfg,loop-fusion,0.004241654138503637,1.167582181460499,0.243008612908091,4213,4156,0.9797934796429284,False
flattencfg,loop-distribute,0.005273371002132543,1.4301665553003766,0.15270634142586764,4218,4204,0.9705585112162733,False
flattencfg,loop-load-elim,-0.003235297206536647,-0.8749987599736323,0.381599384539154,4261,4215,0.9904824893058242,False
flattencfg,loop-sink,-0.007675834440666607,-2.0209284423982434,0.043318864992683496,4188,4214,0.9119822292272008,False
flattencfg,loop-unroll-and-jam,-0.0023022917396821607,-0.6093533766247242,0.5423068102428361,4136,4218,0.9904824893058242,False
flattencfg,hotcoldsplit,0.0029305136168053525,0.7930743371365173,0.42775705295886385,4150,4201,0.9904824893058242,False
flattencfg,irce,0.004162399035083364,1.0811773138560608,0.27964959104340914,4136,4191,0.9904824893058242,False
flattencfg,nary-reassociate,-0.0050013391282663355,-1.3654104088916659,0.17216148541236403,4155,4061,0.9705585112162733,False
flattencfg,scalarizer,0.0014363848912549715,0.38541114227458334,0.6999426699323642,4120,4212,0.9904824893058242,False
flattencfg,vector-combine,0.0015071045993095278,0.41435266082957484,0.6786267030427274,4093,4102,0.9904824893058242,False
flattencfg,always-inline,0.0018639156888989872,0.4981489554382041,0.6183919680559946,4254,4245,0.9904824893058242,False
flattencfg,globalsplit,0.0004925372835778985,0.1322155862575086,0.8948169827516693,4233,4102,0.9961990294109887,False
flattencfg,lowerswitch,-0.0010464682208479736,-0.2744754205683979,0.783726069598009,4156,4213,0.9930288168050652,False
flattencfg,early-cse-memssa,0.0015970140268522504,0.6134223353899171,0.5396135594353509,4208,4286,0.9904824893058242,False
flattencfg,simple-loop-unswitch,-0.004931271951470084,-1.3245480971208679,0.18535720076987205,4158,4225,0.9705585112162733,False
flattencfg,loop-versioning,-0.0021404977838466177,-0.565361634695343,0.571843262126025,4203,4045,0.9904824893058242,False
flattencfg,loop-flatten,-0.0007404085662528481,-0.1996412227390313,0.8417660257449368,4207,4182,0.9939033925017995,False
flattencfg,loop-reroll,-0.0009136609888357183,-0.24468011557016417,0.8067101091444993,4139,4254,0.9930288168050652,False
flattencfg,loop-instsimplify,0.011031433643195698,3.0028462126139406,0.0026824119992002312,4312,4256,0.3521319619790989,False
flattencfg,loop-simplifycfg,-0.0064515298179105285,-1.6927153209168126,0.09054710370728783,4148,4226,0.9223771155217892,False
flattencfg,loop-predication,0.00554830898618891,1.4855045352211054,0.13744841946132164,4105,4161,0.95758018139933,False
flattencfg,speculative-execution,0.0043875347288543365,1.161909029175167,0.24530559101294697,4202,4171,0.9807287255775249,False
flattencfg,partially-inline-libcalls,0.001232600876694634,0.3313980165904081,0.7403520359734472,4316,4211,0.9930288168050652,False
flattencfg,load-store-vectorizer,-0.003563158486695861,-0.9157086501636099,0.35984611677216505,4216,4170,0.9904824893058242,False
flattencfg,iroutliner,-0.0005250225815160992,-0.1417345030993969,0.88729313982494,4138,4214,0.9947437548108975,False
flattencfg,global-merge,0.005117928019391371,1.3594188561048517,0.174051000329424,4115,4149,0.9705585112162733,False
flattencfg,break-crit-edges,-0.0020515774094410077,-0.5518417735296314,0.5810715440550753,4231,4123,0.9904824893058242,False
flattencfg,unreachableblockelim,-0.0009156355532712879,-0.24302923571214563,0.8079887786852968,4079,4219,0.9930288168050652,False
loop-reduce,loop-unroll,-0.003019929132731247,-0.7799249260368137,0.43545728930645566,4078,4230,0.9904824893058242,False
loop-reduce,loop-rotate,-0.007397687368315975,-1.955584534383061,0.050546799568525175,4281,4234,0.9205345724027795,False
loop-reduce,partial-inliner,-0.006622397371346234,-1.7757030875233213,0.07581856213986614,4065,4223,0.9223771155217892,False
loop-reduce,lower-expect,-0.007318238882391359,-1.992543015697363,0.046344347195151424,4113,4154,0.9119822292272008,False
loop-reduce,alignment-from-assumptions,0.0011543715316731928,0.3104252651780893,0.7562452981159071,4202,4190,0.9930288168050652,False
loop-reduce,rpo-function-attrs,0.0007325541926500589,0.2009244896426772,0.8407624784198038,4257,4172,0.9939033925017995,False
loop-reduce,attributor,-0.0013924699058320833,-0.4340084447089446,0.6642934118744663,4225,4214,0.9904824893058242,False
loop-reduce,inferattrs,-0.002149013827660806,-0.5828496623613563,0.5600101812926344,4151,4246,0.9904824893058242,False
loop-reduce,called-value-propagation,0.002040569421579319,0.5576056365530583,0.5771284463504155,4232,4240,0.9904824893058242,False
loop-reduce,licm,0.0003994086326730706,0.10650671040141144,0.915182866346625,4194,4238,0.9962685063900011,False
loop-reduce,loop-simplify,-0.0019396052927411755,-0.5276923740948863,0.5977268430573748,4146,4271,0.9904824893058242,False
loop-reduce,div-rem-pairs,0.005193365354110913,1.4034144401940418,0.16053026081970634,4232,4174,0.9705585112162733,False
loop-reduce,float2int,-0.003686686022233987,-0.996742150740554,0.31891867988964856,4174,4146,0.9904824893058242,False
loop-reduce,inline,-0.0021248550546217326,-0.5743854592260245,0.56572258131324,4168,4121,0.9904824893058242,False
loop-reduce,sink,-0.002422578311281065,-0.6623036339901679,0.5077947714929733,4207,4227,0.9904824893058242,False
loop-reduce,loop-vectorize,0.007945763117144788,2.1573782902142566,0.031004464062561982,4227,4193,0.8825311530906069,False
loop-reduce,slp-vectorizer,0.004753836943671708,1.3061535441774248,0.19153652553172318,4199,4107,0.9705585112162733,False
loop-reduce,callsite-splitting,-0.0031295705569974186,-0.8488114519440059,0.3960104894745332,4137,4237,0.9904824893058242,False
loop-reduce,dfa-jump-threading,-0.003459874615028613,-0.942852130281035,0.34578375056890825,4225,4149,0.9904824893058242,False
loop-reduce,consthoist,-0.005810887783717578,-1.556561094082134,0.11961203774849996,4241,4264,0.9415150867426414,False
loop-reduce,mldst-motion,0.001790684279502519,0.4801761725968479,0.6311144963037547,4312,4182,0.9904824893058242,False
loop-reduce,slsr,-0.0004363751172443142,-0.1165220097060353,0.9072416512212723,4151,4186,0.9961990294109887,False
loop-reduce,loop-interchange,-2.312673142074173e-05,-0.0061627111360051685,0.9950830473252562,4103,4190,0.9990475216511701,False
loop-reduce,loop-fusion,-0.0020257612797004443,-0.5486839910486543,0.5832370247944931,4216,4130,0.9904824893058242,False
loop-reduce,loop-distribute,-0.0008551430468951016,-0.23337456197360967,0.8154763064372951,4150,4171,0.9930288168050652,False
loop-reduce,loop-load-elim,0.004313980667770834,1.1710941232633232,0.2415942533954665,4162,4218,0.9797934796429284,False
loop-reduce,loop-sink,-0.0009350915926532033,-0.2581406907353636,0.7963046347375693,4266,4162,0.9930288168050652,False
loop-reduce,loop-unroll-and-jam,0.008348309941553167,2.2692544021594436,0.023277841583306168,4326,4191,0.8825311530906069,False
loop-reduce,hotcoldsplit,-0.0037179307117955473,-1.0083518591248444,0.31331439668775374,4262,4206,0.9904824893058242,False
loop-reduce,irce,0.005203504722928187,1.3905854233328205,0.16438774822604055,4202,4262,0.9705585112162733,False
loop-reduce,nary-reassociate,-0.0010300399760132528,-0.27638170474932283,0.7822618306091185,4142,4113,0.9930288168050652,False
loop-reduce,scalarizer,0.0016247181873044192,0.4366573237213733,0.6623712021244131,4143,4189,0.9904824893058242,False
loop-reduce,vector-combine,0.003404024656581739,0.9044899628285797,0.3657616220871161,4200,4193,0.9904824893058242,False
loop-reduce,always-inline,0.003858328432895297,1.0659524799829445,0.2864757768010941,4194,4208,0.9904824893058242,False
loop-reduce,globalsplit,-0.00041564604933630456,-0.11261528242308512,0.9103382132221312,4370,4183,0.9961990294109887,False
loop-reduce,lowerswitch,0.002773119219103004,0.759178844656115,0.4477667287431897,4255,4209,0.9904824893058242,False
loop-reduce,early-cse-memssa,0.0016680513412334341,0.6385053023232042,0.523162182101358,4167,4249,0.9904824893058242,False
loop-reduce,simple-loop-unswitch,0.007846458805412737,2.11929699664411,0.0340946134524814,4275,4146,0.8825311530906069,False
loop-reduce,loop-versioning,-0.0015328149130032775,-0.41202433426811974,0.6803321038269277,4207,4242,0.9904824893058242,False
loop-reduce,loop-flatten,-0.00512220456076351,-1.390185688659539,0.16450903877428708,4170,4310,0.9705585112162733,False
loop-reduce,loop-reroll,0.006032571602745673,1.6119223337489692,0.10701668507089306,4140,4201,0.9298842796600941,False
loop-reduce,loop-instsimplify,0.0067107531555097855,1.836151701005028,0.06636993939939285,4305,4250,0.9223771155217892,False
loop-reduce,loop-simplifycfg,0.0010232836376370957,0.2758033660884282,0.7827058986398491,4156,4236,0.9930288168050652,False
loop-reduce,loop-predication,-0.0030014714314095525,-0.8196052925857488,0.41246419095035386,4240,4242,0.9904824893058242,False
loop-reduce,speculative-execution,-0.0014614921185326368,-0.41360543131002775,0.6791735646256815,4183,4303,0.9904824893058242,False
loop-reduce,partially-inline-libcalls,-0.0019519127198819874,-0.5235966819671637,0.6005729666909597,4173,4200,0.9904824893058242,False
loop-reduce,load-store-vectorizer,0.0005541666072637619,0.15016428790301514,0.8806385930908062,4289,4146,0.994650908707853,False
loop-reduce,iroutliner,0.0014132007979024697,0.3859487970771522,0.699544315511351,4276,4169,0.9904824893058242,False
loop-reduce,global-merge,0.004610651314736092,1.2644603200811217,0.2060995969436537,4247,4238,0.9705585112162733,False
loop-reduce,break-crit-edges,0.0019061760497109947,0.5196945448929605,0.6032900684304167,4271,4203,0.9904824893058242,False
loop-reduce,unreachableblockelim,0.004135047473051934,1.1083923917407068,0.26772369433485427,4244,4274,0.9904824893058242,False
loop-unroll,loop-rotate,-0.0035497422190468586,-0.8831893367922073,0.37715932374470396,4204,4176,0.9904824893058242,False
loop-unroll,partial-inliner,0.0017908387829193573,0.46671166208610554,0.6407183638558445,4286,4112,0.9904824893058242,False
loop-unroll,lower-expect,0.0006785810571159345,0.1783558225517017,0.8584477998974833,4246,4253,0.9939385410125189,False
loop-unroll,alignment-from-assumptions,0.0018904506144450939,0.4844806603630786,0.6280572536058426,4296,4217,0.9904824893058242,False
loop-unroll,rpo-function-attrs,0.0028366190681158865,0.7350744540054877,0.4623144399792266,4200,4299,0.9904824893058242,False
loop-unroll,attributor,0.003799268999013228,1.0624974881899054,0.288040984326467,4139,4127,0.9904824893058242,False
loop-unroll,inferattrs,0.0002209202437938318,0.0563190804970675,0.9550889599784761,4232,4162,0.9988383000828357,False
loop-unroll,called-value-propagation,-3.4296036698022725e-05,-0.008901471605151262,0.9928979594755504,4253,4116,0.9990475216511701,False
loop-unroll,licm,0.0053304930206752865,1.2952610495284482,0.19526625316400342,4131,4165,0.9705585112162733,False
loop-unroll,loop-simplify,0.0005296896078186841,0.13326522235393626,0.8939868318255902,4228,4156,0.9961990294109887,False
loop-unroll,div-rem-pairs,0.003039705123754788,0.7770972143709733,0.4371230966554199,4182,4299,0.9904824893058242,False
loop-unroll,float2int,0.006073509444313452,1.543662103770516,0.1227082990594194,4150,4189,0.9484030412430127,False
loop-unroll,inline,-0.0022041659668904923,-0.5637890837800389,0.5729124554028562,4331,4233,0.9904824893058242,False
loop-unroll,sink,-0.0009419200339140232,-0.24407855165554018,0.8071759451052771,4253,4152,0.9930288168050652,False
loop-unroll,loop-vectorize,0.0031305407399951357,0.7713124522080385,0.44054381471741444,4141,4163,0.9904824893058242,False
loop-unroll,slp-vectorizer,-0.0020838488763307295,-0.5423064958565604,0.5876218513531088,4129,4317,0.9904824893058242,False
loop-unroll,callsite-splitting,0.00026108903169519415,0.06513211663170224,0.9480703627325364,4171,4215,0.9987622411976728,False
loop-unroll,dfa-jump-threading,-0.001872115541582453,-0.48487690335600525,0.6277765120452868,4118,4155,0.9904824893058242,False
loop-unroll,consthoist,-3.6289913490528125e-05,-0.009453526156433604,0.9924575122099141,4206,4278,0.9990475216511701,False
loop-unroll,mldst-motion,-0.002998637541993754,-0.7754603401733798,0.4380893498427503,4246,4269,0.9904824893058242,False
loop-unroll,slsr,-0.00013285851318589614,-0.03432310378860204,0.9726203229778946,4250,4129,0.9990475216511701,False
loop-unroll,loop-interchange,0.002332869829812012,0.5901532251184293,0.5551040399877245,4167,4119,0.9904824893058242,False
loop-unroll,loop-fusion,0.0002697685917226189,0.06908162421014581,0.9449262703083051,4262,4255,0.9987622411976728,False
loop-unroll,loop-distribute,0.00558818802654093,1.3851415986477231,0.16604657993133012,4097,4165,0.9705585112162733,False
loop-unroll,loop-load-elim,0.0005556478886795113,0.14371781501935163,0.8857267480723431,4161,4250,0.994650908707853,False
loop-unroll,loop-sink,-0.0005404275288204419,-0.14255476599927075,0.886645217957229,4248,4221,0.994650908707853,False
loop-unroll,loop-unroll-and-jam,-0.012151774739745602,-3.1370022366749053,0.0017128704538127166,4074,4211,0.2794833623804416,False
loop-unroll,hotcoldsplit,0.001913216200003287,0.48531324200036025,0.6274669087733331,4131,4213,0.9904824893058242,False
loop-unroll,irce,0.001844044928336952,0.4869877107613031,0.6262799399475708,4099,4178,0.9904824893058242,False
loop-unroll,nary-reassociate,-0.011588478624799892,-2.8944491234579712,0.0038081182824483057,4224,4101,0.41493838542508565,False
loop-unroll,scalarizer,-0.003338615776746656,-0.8459803847848842,0.3975879407266557,4167,4219,0.9904824893058242,False
loop-unroll,vector-combine,0.0015984295255276892,0.3996843628470626,0.6893992682934408,4208,4132,0.9904824893058242,False
loop-unroll,always-inline,-0.0018698839303870063,-0.46329928128283104,0.6431619985017235,4204,4109,0.9904824893058242,False
loop-unroll,globalsplit,0.0018280892636747814,0.46006022910590527,0.6454849262798821,4152,4231,0.9904824893058242,False
loop-unroll,lowerswitch,-0.005125471485117494,-1.2568243908710623,0.20885225957881767,4125,4266,0.9705585112162733,False
loop-unroll,early-cse-memssa,-0.002726366126858004,-0.9138519956935939,0.3608213280035081,4214,4179,0.9904824893058242,False
loop-unroll,simple-loop-unswitch,-0.002474368431040208,-0.628478681362397,0.5297072897082924,4279,4226,0.9904824893058242,False
loop-unroll,loop-versioning,-0.0054545560720729025,-1.3696702122978903,0.1708267649900557,4187,4157,0.9705585112162733,False
loop-unroll,loop-flatten,0.005834544688412213,1.5232552051548058,0.12773347299905308,4213,4032,0.9572881463934645,False
loop-unroll,loop-reroll,0.0010223848306860073,0.25654680476446357,0.7975349778232523,4176,4159,0.9930288168050652,False
loop-unroll,loop-instsimplify,-0.003038605549622153,-0.7944601256669626,0.4269497495323427,4225,4294,0.9904824893058242,False
loop-unroll,loop-simplifycfg,0.0034560507201287227,0.8543131601907102,0.3929565200508485,4205,4111,0.9904824893058242,False
loop-unroll,loop-predication,0.0005385971076425911,0.1323002885487809,0.8947500360527177,3986,4271,0.9961990294109887,False
loop-unroll,speculative-execution,-0.006106016714129636,-1.549125065650392,0.1213895395778885,4106,4250,0.9450525586222891,False
loop-unroll,partially-inline-libcalls,0.0014742858361555533,0.37828021075288276,0.7052321300873554,4119,4174,0.9904824893058242,False
loop-unroll,load-store-vectorizer,0.005895772032178226,1.5052696542036377,0.13229318777508436,4126,4098,0.9572881463934645,False
loop-unroll,iroutliner,0.005997122035639457,1.562285260895441,0.11825867357684948,4155,4204,0.9352659276973905,False
loop-unroll,global-merge,-0.004367160031460149,-1.079871999911853,0.28023053824774613,4185,4134,0.9904824893058242,False
loop-unroll,break-crit-edges,0.00820915803447192,2.046244508813622,0.04076404824717531,4181,4053,0.9119822292272008,False
loop-unroll,unreachableblockelim,0.004104555792856901,1.0540319222516799,0.29189830834280445,4268,4241,0.9904824893058242,False
loop-rotate,partial-inliner,-0.0011264354264623466,-0.2979204523212499,0.7657714037268223,4125,4108,0.9930288168050652,False
loop-rotate,lower-expect,0.002292038166013921,0.5920189556817206,0.5538540070424084,4219,4109,0.9904824893058242,False
loop-rotate,alignment-from-assumptions,-0.0032049247996812635,-0.8264902609193607,0.4085502290460964,4049,4112,0.9904824893058242,False
loop-rotate,rpo-function-attrs,-0.0035702603572786984,-0.9191075607167611,0.35806608742832235,4116,4173,0.9904824893058242,False
loop-rotate,attributor,-0.001884526068477943,-0.528881877440275,0.5969014035172906,4155,4234,0.9904824893058242,False
loop-rotate,inferattrs,0.006050247534466979,1.5560531451083581,0.11973302175634204,4267,4189,0.9415150867426414,False
loop-rotate,called-value-propagation,-0.006844761828462775,-1.721759583873215,0.08515069362393275,4182,4189,0.9223771155217892,False
loop-rotate,licm,-4.8632596057529565e-05,-0.012053263165626051,0.9903834084969036,4152,4195,0.9990475216511701,False
loop-rotate,loop-simplify,-0.00834876692577241,-2.2066790113588346,0.027362957132398644,4335,4245,0.8825311530906069,False
loop-rotate,div-rem-pairs,-0.007041503461234333,-1.7824631915049733,0.07470983153022658,4264,4142,0.9223771155217892,False
loop-rotate,float2int,-0.006943019449223153,-1.7505853325420544,0.08005421391406646,4241,4094,0.9223771155217892,False
loop-rotate,inline,0.002504343639788076,0.6631197080948326,0.5072718897780462,4185,4309,0.9904824893058242,False
loop-rotate,sink,0.0021622728253952173,0.5608874735290643,0.5748893809668505,4199,4111,0.9904824893058242,False
loop-rotate,loop-vectorize,-0.005701300384772456,-1.4810889791159374,0.138619717351993,4255,4297,0.95758018139933,False
loop-rotate,slp-vectorizer,0.005082255568045757,1.352919476036517,0.17611843551942336,4109,4148,0.9705585112162733,False
loop-rotate,callsite-splitting,-0.0026606281540600962,-0.6739824952435522,0.5003409518680819,4225,4199,0.9904824893058242,False
loop-rotate,dfa-jump-threading,0.009269058981383083,2.3420547633212254,0.019201629110387006,4192,4073,0.8642940183479944,False
loop-rotate,consthoist,0.00023814045928899352,0.06203708102671766,0.9505347715692037,4142,4335,0.9987622411976728,False
loop-rotate,mldst-motion,0.002088262523055273,0.5465675541053848,0.5846903913011627,4257,4167,0.9904824893058242,False
loop-rotate,slsr,0.0018390590039718546,0.47682935499207,0.633495872914706,4277,4244,0.9904824893058242,False
loop-rotate,loop-interchange,0.0017729044538694616,0.46447989500682507,0.6423159798248529,4166,4250,0.9904824893058242,False
loop-rotate,loop-fusion,-0.0011907518852617982,-0.30833111123847073,0.7578380574678378,4180,4205,0.9930288168050652,False
loop-rotate,loop-distribute,-4.868063454771532e-05,-0.012185371455362528,0.9902780094063177,4299,4152,0.9990475216511701,False
loop-rotate,loop-load-elim,-0.0036335485761480046,-0.9580883932335775,0.33804588667661684,4211,4156,0.9904824893058242,False
loop-rotate,loop-sink,0.00034397708315914155,0.08883808014952724,0.9292127348017619,4174,4139,0.9966576470785263,False
loop-rotate,loop-unroll-and-jam,0.0076660354456555835,1.9561979993890535,0.05047598094461136,4086,4064,0.9205345724027795,False
loop-rotate,hotcoldsplit,-0.00023616637681750374,-0.06314081055944883,0.9496558488183514,4311,4280,0.9987622411976728,False
loop-rotate,irce,-0.00021562635463051594,-0.05637024936955892,0.9550482019902682,4170,4205,0.9988383000828357,False
loop-rotate,nary-reassociate,-0.007522598354399557,-1.9831989149028626,0.04737804495385164,4240,4088,0.916850641619808,False
loop-rotate,scalarizer,0.0022278796192389816,0.5746767030127778,0.5655252979569592,4194,4301,0.9904824893058242,False
loop-rotate,vector-combine,-0.008290944439341086,-2.130792178528085,0.03313591587299466,4110,4112,0.8825311530906069,False
loop-rotate,always-inline,0.002227778830520888,0.589641684348699,0.5554465086445846,4255,4300,0.9904824893058242,False
loop-rotate,globalsplit,-0.007000502540746967,-1.8576925073922717,0.06324768280287943,4262,4149,0.9214183220099281,False
loop-rotate,lowerswitch,-0.003461431616215871,-0.9052383346362469,0.3653650035773941,4351,4090,0.9904824893058242,False
loop-rotate,early-cse-memssa,0.0007791193890464565,0.2778522202524977,0.7811326739743228,4212,4204,0.9930288168050652,False
loop-rotate,simple-loop-unswitch,0.0020861304688896687,0.5524540136071991,0.5806521844184984,4172,4144,0.9904824893058242,False
loop-rotate,loop-versioning,-0.006866552364932554,-1.7611570013301476,0.07824898814621149,4104,4146,0.9223771155217892,False
loop-rotate,loop-flatten,-0.0031686945783837572,-0.8175382829740439,0.4136440280317959,4258,4162,0.9904824893058242,False
loop-rotate,loop-reroll,-0.0032200711142814087,-0.8314667758287942,0.4057339478873664,4162,4127,0.9904824893058242,False
loop-rotate,loop-instsimplify,0.0025372787396821805,0.6676953728087169,0.504346409721579,4320,4202,0.9904824893058242,False
loop-rotate,loop-simplifycfg,-0.00091221550952586,-0.23784110615764623,0.8120100817651744,4193,4294,0.9930288168050652,False
loop-rotate,loop-predication,0.00062056744794875,0.16358983997107682,0.8700580014638684,4172,4191,0.9939394641716258,False
loop-rotate,speculative-execution,-0.0036100206242312693,-0.9253805154849913,0.35479404224568534,4308,4284,0.9904824893058242,False
loop-rotate,partially-inline-libcalls,-0.0006270422391923547,-0.15652755057726633,0.8756210475671885,4114,4144,0.994650908707853,False
loop-rotate,load-store-vectorizer,-0.0017155595887413666,-0.4417235763753482,0.658700606920885,4202,4208,0.9904824893058242,False
loop-rotate,iroutliner,-0.0006908461386079257,-0.18286038793994383,0.8549120064152823,4128,4222,0.9939385410125189,False
loop-rotate,global-merge,0.005269447747930922,1.3512060401474995,0.17666676437887854,4093,4113,0.9705585112162733,False
loop-rotate,break-crit-edges,-0.004967169269743277,-1.2932611757221317,0.1959559182280205,4240,4260,0.9705585112162733,False
loop-rotate,unreachableblockelim,-0.0023140828556501014,-0.5955267455889219,0.5515075945303051,4112,4261,0.9904824893058242,False
partial-inliner,lower-expect,0.009895831163816426,2.72634330384754,0.006417304751993952,4194,4217,0.5630424489252757,False
partial-inliner,alignment-from-assumptions,-0.002883033672179347,-0.7715053002508797,0.44042896404254217,4274,4214,0.9904824893058242,False
partial-inliner,rpo-function-attrs,-0.0023055434694205235,-0.6148433570015817,0.538675010111052,4154,4193,0.9904824893058242,False
partial-inliner,attributor,-0.00041712649695191395,-0.12429327083596854,0.9010860505295855,4216,4196,0.9961990294109887,False
partial-inliner,inferattrs,-0.00463458948618678,-1.2651804977194503,0.20584222303535885,4146,4144,0.9705585112162733,False
partial-inliner,called-value-propagation,0.001098563608054326,0.2975738796087306,0.7660355026229062,4330,4398,0.9930288168050652,False
partial-inliner,licm,-0.004002678862592424,-1.0478270032911985,0.2947487495327963,4160,4164,0.9904824893058242,False
partial-inliner,loop-simplify,7.597379635221335e-05,0.020281388780667584,0.9838193904940431,4206,4095,0.9990475216511701,False
partial-inliner,div-rem-pairs,0.0034252592723048036,0.935044184830503,0.3497925237101274,4166,4200,0.9904824893058242,False
partial-inliner,float2int,-0.0010764429215436855,-0.28854115376043943,0.7729397999618915,4081,4238,0.9930288168050652,False
partial-inliner,inline,-0.0031195664290188385,-0.8372440470244887,0.402478947798375,4232,4306,0.9904824893058242,False
partial-inliner,sink,0.0017359904554331007,0.4761103500482518,0.6340080124544938,4191,4303,0.9904824893058242,False
partial-inliner,loop-vectorize,0.00019709111245397315,0.05346099536460559,0.9573658722079854,4308,4139,0.9990475216511701,False
partial-inliner,slp-vectorizer,0.0036995658594896064,1.0193619087680612,0.308060427081888,4269,4180,0.9904824893058242,False
partial-inliner,callsite-splitting,-0.001639814264506323,-0.4435409592322523,0.6573858125186404,4226,4266,0.9904824893058242,False
partial-inliner,dfa-jump-threading,-0.0032603305478459133,-0.8687969451583315,0.384983266996961,4119,4204,0.9904824893058242,False
partial-inliner,consthoist,0.0025745313772918554,0.7107551452920713,0.4772554915463575,4260,4238,0.9904824893058242,False
partial-inliner,mldst-motion,-0.0018221442639699825,-0.4843507354438053,0.6281497494235996,4173,4135,0.9904824893058242,False
partial-inliner,slsr,0.00519743209529433,1.3819700627176654,0.1670178089205156,4185,4179,0.9705585112162733,False
partial-inliner,loop-interchange,-0.0043203965857070425,-1.176194518300983,0.2395501770129949,4247,4239,0.9771650970655085,False
partial-inliner,loop-fusion,0.0014260221541818052,0.3844780567471006,0.700633899022479,4224,4173,0.9904824893058242,False
partial-inliner,loop-distribute,0.001162344550533101,0.30821735312632265,0.7579245871570431,4182,4225,0.9930288168050652,False
partial-inliner,loop-load-elim,0.001522304556987264,0.4024386995471105,0.68737154045365,4120,4197,0.9904824893058242,False
partial-inliner,loop-sink,0.00897585050186911,2.3974174851772156,0.016532851859446904,4234,4151,0.8221760719994755,False
partial-inliner,loop-unroll-and-jam,-0.007230054680083031,-1.9608200062806949,0.049933344584484396,4242,4082,0.9205345724027795,False
partial-inliner,hotcoldsplit,-0.0015171894456219026,-0.4110728401868842,0.6810295590119323,4208,4243,0.9904824893058242,False
partial-inliner,irce,0.0008793817871024512,0.24199265207401685,0.8087917534939014,4156,4288,0.9930288168050652,False
partial-inliner,nary-reassociate,-0.012363437414781964,-3.3108819541406636,0.0009339761995907572,4259,4102,0.15901959989553935,False
partial-inliner,scalarizer,-0.006521239050140792,-1.775742818860026,0.075811293533659,4219,4234,0.9223771155217892,False
partial-inliner,vector-combine,-0.004587992623364401,-1.2547767941100032,0.20959467373831356,4286,4135,0.9705585112162733,False
partial-inliner,always-inline,-5.993425819889042e-05,-0.01598246262400584,0.9872487679597892,4200,4096,0.9990475216511701,False
partial-inliner,globalsplit,0.0019111004658133313,0.5082713948786048,0.6112763263377916,4224,4224,0.9904824893058242,False
partial-inliner,lowerswitch,-0.001083766969179778,-0.2785059862828298,0.7806308446398426,4188,4196,0.9930288168050652,False
partial-inliner,early-cse-memssa,0.004064203356125784,1.5266267635221418,0.12689123321366025,4261,4252,0.9571011169933062,False
partial-inliner,simple-loop-unswitch,-0.0005815634238046652,-0.15707324725226215,0.8751908688780334,4214,4250,0.994650908707853,False
partial-inliner,loop-versioning,-0.00016608481044172452,-0.044210853082158455,0.9647374035430749,4099,4141,0.9990475216511701,False
partial-inliner,loop-flatten,-0.0006665491504987409,-0.17817480665001226,0.8585900029718138,4187,4192,0.9939385410125189,False
partial-inliner,loop-reroll,0.00013193274518047415,0.0365708892856639,0.9708280121568755,4249,4269,0.9990475216511701,False
partial-inliner,loop-instsimplify,-0.0006158243456563794,-0.16419071521553075,0.8695849649525352,4254,4155,0.9939394641716258,False
partial-inliner,loop-simplifycfg,0.00164113836229407,0.4383923050909851,0.661113428320203,4087,4149,0.9904824893058242,False
partial-inliner,loop-predication,0.002909741247494657,0.787789648071018,0.4308421751390116,4226,4113,0.9904824893058242,False
partial-inliner,speculative-execution,0.0017040960984220366,0.452641253721403,0.650818910005914,4160,4153,0.9904824893058242,False
partial-inliner,partially-inline-libcalls,-0.004074980867871725,-1.106863466895125,0.2683848899205947,4151,4194,0.9904824893058242,False
partial-inliner,load-store-vectorizer,-0.0017658007960815736,-0.46030708784059643,0.6453080112747017,4161,4047,0.9904824893058242,False
partial-inliner,iroutliner,-0.0007803461224557551,-0.21253364726155027,0.8316959412400791,4223,4093,0.9939033925017995,False
partial-inliner,global-merge,-0.0014776954954364152,-0.3951585784415895,0.6927359199910711,4154,4258,0.9904824893058242,False
partial-inliner,break-crit-edges,-0.006259184213064761,-1.6688108793310363,0.09519275500242112,4060,4217,0.9223771155217892,False
partial-inliner,unreachableblockelim,0.008107137929824981,2.2303109674133794,0.025753232399784304,4205,4171,0.8825311530906069,False
lower-expect,alignment-from-assumptions,-0.0031195084570107,-0.8363292559097804,0.4029939932691517,4112,4117,0.9904824893058242,False
lower-expect,rpo-function-attrs,-0.004512256245563451,-1.2235381364499254,0.2211600225417464,4331,4289,0.9709222514276669,False
lower-expect,attributor,-0.0009059165964706573,-0.27859220929196,0.7805646355985223,4247,4173,0.9930288168050652,False
lower-expect,inferattrs,-0.002206854959387161,-0.5880178404211183,0.556536025336394,4197,4260,0.9904824893058242,False
lower-expect,called-value-propagation,-0.0008916270581274532,-0.24023101262826152,0.8101572257945879,4031,4141,0.9930288168050652,False
lower-expect,licm,-0.004067334973649417,-1.0906750790613609,0.27544670007364996,4283,4255,0.9904824893058242,False
lower-expect,loop-simplify,0.0014952400387641118,0.40582726442793715,0.684879990622719,4149,4162,0.9904824893058242,False
lower-expect,div-rem-pairs,0.0037765425976653,1.0140264441823594,0.31059980113014873,4120,4169,0.9904824893058242,False
lower-expect,float2int,-0.0036022634722510105,-0.9908633758888287,0.32178082896284643,4256,4153,0.9904824893058242,False
lower-expect,inline,0.005594489586788209,1.502636987263519,0.13297080751630103,4348,3972,0.9572881463934645,False
lower-expect,sink,-0.00731118081653398,-2.0038331171498145,0.04512000377435749,4184,4219,0.9119822292272008,False
lower-expect,loop-vectorize,-0.00637525262479316,-1.7033119984589105,0.0885465242772062,4258,4198,0.9223771155217892,False
lower-expect,slp-vectorizer,-0.00422629929293683,-1.160433823757872,0.24590545851449316,4182,4155,0.9807287255775249,False
lower-expect,callsite-splitting,-0.003396184128567681,-0.9072815450102578,0.3642841028626666,4219,4142,0.9904824893058242,False
lower-expect,dfa-jump-threading,-0.0008468500478676644,-0.2303996360098527,0.8177868868164079,4086,4276,0.9930288168050652,False
lower-expect,consthoist,-0.005258564060467541,-1.405447089219449,0.1599255911825899,4210,4139,0.9705585112162733,False
lower-expect,mldst-motion,0.006773397547949367,1.8599725615227112,0.06292435348663772,4156,4242,0.9214183220099281,False
lower-expect,slsr,-0.004691090696734457,-1.2707561463959438,0.2038503447038379,4181,4285,0.9705585112162733,False
lower-expect,loop-interchange,0.003380171595200654,0.8988062467192502,0.36878201999377513,4122,4176,0.9904824893058242,False
lower-expect,loop-fusion,-0.0009384837101067967,-0.2503436986336816,0.802327660533992,4313,4131,0.9930288168050652,False
lower-expect,loop-distribute,0.010752208412610709,2.908460074291494,0.0036418002710106915,4153,4127,0.41493838542508565,False
lower-expect,loop-load-elim,0.0016973167872149642,0.46740492267880257,0.64022211987021,4283,4267,0.9904824893058242,False
lower-expect,loop-sink,0.003130228192080975,0.8313328614059946,0.4058097378475237,4032,4208,0.9904824893058242,False
lower-expect,loop-unroll-and-jam,-0.003656248819338459,-0.9818082586478466,0.32622267346772,4118,4262,0.9904824893058242,False
lower-expect,hotcoldsplit,0.00226502797674899,0.6096823969740733,0.5420891018002547,4102,4106,0.9904824893058242,False
lower-expect,irce,-0.007553590041828706,-2.0567374752731284,0.039742551816381456,4233,4101,0.9119822292272008,False
lower-expect,nary-reassociate,0.0014588197737880892,0.39323869232671665,0.6941530930403285,4157,4327,0.9904824893058242,False
lower-expect,scalarizer,0.002665962106417341,0.7127181722895104,0.4760398326383172,4217,4242,0.9904824893058242,False
lower-expect,vector-combine,-0.00039109754030353105,-0.10427862239301192,0.9169507529836636,4243,4111,0.9962685063900011,False
lower-expect,always-inline,-0.0023188715588944864,-0.6110449359469403,0.5411867469971384,4111,4102,0.9904824893058242,False
lower-expect,globalsplit,0.0009051329553455556,0.23816186221652452,0.8117614612399634,4122,4145,0.9930288168050652,False
lower-expect,lowerswitch,0.007376927073415029,1.9228251844448103,0.05453626680220757,4165,4119,0.9205345724027795,False
lower-expect,early-cse-memssa,0.0033432396232562223,1.3096385382923605,0.19035346867721487,4176,4344,0.9705585112162733,False
lower-expect,simple-loop-unswitch,0.0015199387690979504,0.4123999673124308,0.6800568699064266,4186,4173,0.9904824893058242,False
lower-expect,loop-versioning,0.0022192891018981697,0.5970190370822565,0.5505110225657481,4063,4215,0.9904824893058242,False
lower-expect,loop-flatten,0.0025748106370936386,0.6870207540478003,0.49208889003133827,4076,4217,0.9904824893058242,False
lower-expect,loop-reroll,0.0038584951436381743,1.0397138434053181,0.2985019326801461,4332,4319,0.9904824893058242,False
lower-expect,loop-instsimplify,0.005446264483857988,1.481525330767391,0.13850487450543658,4187,4074,0.95758018139933,False
lower-expect,loop-simplifycfg,-0.0006658790743490073,-0.17372443486595007,0.862086221455295,4204,4194,0.9939385410125189,False
lower-expect,loop-predication,0.0028690400712871877,0.7657615923021802,0.44383938741088574,4248,4275,0.9904824893058242,False
lower-expect,speculative-execution,-0.0046948693746494685,-1.227791579237577,0.21955949890236973,4234,4206,0.9705585112162733,False
lower-expect,partially-inline-libcalls,-0.0015491487185736452,-0.41620689372591174,0.6772693931881621,4098,4194,0.9904824893058242,False
lower-expect,load-store-vectorizer,-2.588169936112994e-05,-0.006951107675858368,0.9944540309139576,4117,4152,0.9990475216511701,False
lower-expect,iroutliner,-0.0020185056265941137,-0.5430770052940427,0.5870913110069995,4186,4152,0.9904824893058242,False
lower-expect,global-merge,-0.008746696538760979,-2.377346302078799,0.017459755341386687,4284,4202,0.8441037273687686,False
lower-expect,break-crit-edges,-0.008810779898716758,-2.309127346861326,0.020960732704444426,4209,4191,0.8732152050064295,False
lower-expect,unreachableblockelim,0.005454059494137575,1.439817875998098,0.14995658003631837,4137,4182,0.9705585112162733,False
alignment-from-assumptions,rpo-function-attrs,0.00012162712110314056,0.032805433407206576,0.973830523178063,4156,4263,0.9990475216511701,False
alignment-from-assumptions,attributor,0.0017325174743522687,0.517070661560457,0.6051204845050764,4193,4196,0.9904824893058242,False
alignment-from-assumptions,inferattrs,-0.007517847618651596,-2.028332015270901,0.04255764838525677,4286,4174,0.9119822292272008,False
alignment-from-assumptions,called-value-propagation,-0.0057200149929228505,-1.5103065866493335,0.1310031738880058,4185,4140,0.9572881463934645,False
alignment-from-assumptions,licm,-0.003865861610007293,-0.9893450352692865,0.32252370247145973,4109,4128,0.9904824893058242,False
alignment-from-assumptions,loop-simplify,0.0011563674905956112,0.3120210063153302,0.7550324406735996,4058,4244,0.9930288168050652,False
alignment-from-assumptions,div-rem-pairs,0.0050607037141717215,1.3292668773844467,0.1837959344130954,4230,4205,0.9705585112162733,False
alignment-from-assumptions,float2int,-0.004642851308409135,-1.2297420576372753,0.21882873013330295,4195,4070,0.9705585112162733,False
alignment-from-assumptions,inline,-0.0011561759227535773,-0.31596950758797954,0.7520335680287576,4104,4254,0.9930288168050652,False
alignment-from-assumptions,sink,-0.0004970233097453813,-0.135433742563427,0.8922721893065324,4245,4167,0.9961990294109887,False
alignment-from-assumptions,loop-vectorize,-0.0027155183271890815,-0.7265581249869347,0.46751680081224983,4249,4213,0.9904824893058242,False
alignment-from-assumptions,slp-vectorizer,0.002396513059131855,0.6470433597872022,0.5176213327339053,4240,4273,0.9904824893058242,False
alignment-from-assumptions,callsite-splitting,0.000794308807631483,0.21168238280162888,0.8323599938646943,4235,4139,0.9939033925017995,False
alignment-from-assumptions,dfa-jump-threading,-0.004103604303054287,-1.0600168717023308,0.28916793396940044,4134,4130,0.9904824893058242,False
alignment-from-assumptions,consthoist,0.006246398234020789,1.6931264253340181,0.09046846601082473,4219,4192,0.9223771155217892,False
alignment-from-assumptions,mldst-motion,-0.0048193273904222345,-1.2837451794051666,0.19926639386122075,4168,4271,0.9705585112162733,False
alignment-from-assumptions,slsr,-0.0016396380072413175,-0.43925898232466504,0.6604851851353001,4140,4266,0.9904824893058242,False
alignment-from-assumptions,loop-interchange,0.005203547005990294,1.402499655827563,0.16080337381144796,4159,4175,0.9705585112162733,False
alignment-from-assumptions,loop-fusion,0.003199615681596657,0.8510576870420207,0.39476134662909296,4244,4243,0.9904824893058242,False
alignment-from-assumptions,loop-distribute,-0.0020545242517864826,-0.5419047456685443,0.5878984998036616,4169,4234,0.9904824893058242,False
alignment-from-assumptions,loop-load-elim,0.005401870088743599,1.4416147502816816,0.14944855356221348,4239,4131,0.9705585112162733,False
alignment-from-assumptions,loop-sink,-0.004654626710763887,-1.2277746081496081,0.21956652603568935,4067,4225,0.9705585112162733,False
alignment-from-assumptions,loop-unroll-and-jam,0.006837549619434613,1.8649993637670084,0.06221658594847316,4137,4208,0.9214183220099281,False
alignment-from-assumptions,hotcoldsplit,-0.0005347193276749596,-0.14543608866325863,0.8843700976827087,4150,4168,0.994650908707853,False
alignment-from-assumptions,irce,-0.001683127454464084,-0.4489574540886558,0.6534741172825949,4163,4106,0.9904824893058242,False
alignment-from-assumptions,nary-reassociate,0.000765227754811304,0.19958265848328494,0.8418117788817228,4211,4284,0.9939033925017995,False
alignment-from-assumptions,scalarizer,0.0024645471744197955,0.6430012013432146,0.5202414515265397,4175,3959,0.9904824893058242,False
alignment-from-assumptions,vector-combine,-0.001650993098898157,-0.45351745084269646,0.6501878641838184,4206,4219,0.9904824893058242,False
alignment-from-assumptions,always-inline,0.0010249786310181364,0.2749784284998564,0.7833396291738794,4149,4186,0.9930288168050652,False
alignment-from-assumptions,globalsplit,-0.0023811216892760667,-0.6324604292217855,0.5271033098456196,4136,4249,0.9904824893058242,False
alignment-from-assumptions,lowerswitch,0.0017749411641186374,0.4738815264603557,0.6355967761863692,4330,4077,0.9904824893058242,False
alignment-from-assumptions,early-cse-memssa,0.00414057089256481,1.5901972857085036,0.1118278980800956,4204,4215,0.9298842796600941,False
alignment-from-assumptions,simple-loop-unswitch,-0.00480476885404163,-1.2621107851886495,0.20694426482280817,4196,4178,0.9705585112162733,False
alignment-from-assumptions,loop-versioning,0.0018286059950703426,0.49308611693964693,0.6219646731819053,4167,4214,0.9904824893058242,False
alignment-from-assumptions,loop-flatten,-0.00012224420136447423,-0.032651027166576696,0.9739536614748517,4160,4157,0.9990475216511701,False
alignment-from-assumptions,loop-reroll,0.004402587547159831,1.1981335875997192,0.23089856869968628,4277,4189,0.9745114828179076,False
alignment-from-assumptions,loop-instsimplify,-0.004409788580968355,-1.216144880320285,0.22396344777712238,4241,4277,0.9745114828179076,False
alignment-from-assumptions,loop-simplifycfg,-0.0009004237270031634,-0.2438637682047475,0.8073423079113526,4221,4154,0.9930288168050652,False
alignment-from-assumptions,loop-predication,0.003339636211775965,0.9108063904180261,0.3624233835964775,4136,4317,0.9904824893058242,False
alignment-from-assumptions,speculative-execution,-0.008518156115094266,-2.2419961688583916,0.024987465905672645,4218,4259,0.8825311530906069,False
alignment-from-assumptions,partially-inline-libcalls,-0.002640602970402306,-0.7082857803102567,0.47878728364375617,4205,4274,0.9904824893058242,False
alignment-from-assumptions,load-store-vectorizer,0.0020172624288856134,0.5437469093682719,0.5866301531797854,4190,4174,0.9904824893058242,False
alignment-from-assumptions,iroutliner,-0.00413778251194874,-1.1139099465400517,0.26534975461044574,4159,4239,0.9858725228221116,False
alignment-from-assumptions,global-merge,-0.0028854741177198884,-0.7813488682266425,0.4346199475412294,4139,4070,0.9904824893058242,False
alignment-from-assumptions,break-crit-edges,0.0023315498413450375,0.6086194307210783,0.5427932502430931,4156,4211,0.9904824893058242,False
alignment-from-assumptions,unreachableblockelim,0.0014573438211334389,0.38361419565083116,0.7012743502897928,4157,4055,0.9904824893058242,False
rpo-function-attrs,attributor,-0.006039336909830995,-1.7949961120780131,0.07268967247114705,4270,4271,0.9223771155217892,False
rpo-function-attrs,inferattrs,0.002072823965001802,0.5584717192143457,0.576537191971215,4228,4181,0.9904824893058242,False
rpo-function-attrs,called-value-propagation,-0.0005643640826502594,-0.15514975527212604,0.8767069566273883,4284,4188,0.994650908707853,False
rpo-function-attrs,licm,-0.004097815052870268,-1.0717763778241933,0.2838515137626259,4132,4216,0.9904824893058242,False
rpo-function-attrs,loop-simplify,0.0015101877085326731,0.39272371608810447,0.6945336899661411,4124,4140,0.9904824893058242,False
rpo-function-attrs,div-rem-pairs,-0.003740781209083721,-1.0281635656499544,0.30390237646341234,4232,4205,0.9904824893058242,False
rpo-function-attrs,float2int,0.0014351426106073428,0.39306758365159356,0.6942793971193743,4176,4349,0.9904824893058242,False
rpo-function-attrs,inline,-0.00633118866372584,-1.707003472967749,0.08785861336904374,4125,4238,0.9223771155217892,False
rpo-function-attrs,sink,0.0017981857966919979,0.4822532377772783,0.6296386557110744,4160,4226,0.9904824893058242,False
rpo-function-attrs,loop-vectorize,-0.004469629369710848,-1.1905311996051973,0.23387134089887288,4241,4158,0.9745114828179076,False
rpo-function-attrs,slp-vectorizer,-0.004703685581435857,-1.2810372833352506,0.2002157275608729,4247,4217,0.9705585112162733,False
rpo-function-attrs,callsite-splitting,0.0036594267338260766,0.9783465664278841,0.32793160198565297,4070,4191,0.9904824893058242,False
rpo-function-attrs,dfa-jump-threading,0.0036511395225092835,0.980202212683368,0.3270145579208564,4157,4245,0.9904824893058242,False
rpo-function-attrs,consthoist,-0.003593487052026556,-0.9679502045333488,0.3330974294064027,4161,4145,0.9904824893058242,False
rpo-function-attrs,mldst-motion,-0.002095283415370963,-0.5677264660246225,0.5702359134554239,4213,4182,0.9904824893058242,False
rpo-function-attrs,slsr,0.002331726450680749,0.6275184408118052,0.5303367848771018,4166,4103,0.9904824893058242,False
rpo-function-attrs,loop-interchange,0.0012953597402147188,0.3360122029640011,0.7368702447775216,4120,4098,0.9925991244200286,False
rpo-function-attrs,loop-fusion,0.00145972449927384,0.3895821316935775,0.6968554341223424,4168,4252,0.9904824893058242,False
rpo-function-attrs,loop-distribute,0.002420317761433255,0.659874017514384,0.5093525717072113,4262,4237,0.9904824893058242,False
rpo-function-attrs,loop-load-elim,-0.008830625622098187,-2.2955563093818583,0.02172587561346423,4259,4119,0.8737054275608976,False
rpo-function-attrs,loop-sink,-0.0030812540399124955,-0.8163589317544601,0.41431790150866343,4228,4226,0.9904824893058242,False
rpo-function-attrs,loop-unroll-and-jam,0.0032036426680066565,0.8725571850153535,0.38292923030121256,4229,4240,0.9904824893058242,False
rpo-function-attrs,hotcoldsplit,-0.0014545245124277795,-0.3988350674647207,0.6900248904841129,4132,4276,0.9904824893058242,False
rpo-function-attrs,irce,0.0007967305920568157,0.21157063214463728,0.832447255644794,4120,4129,0.9939033925017995,False
rpo-function-attrs,nary-reassociate,0.005338310362703935,1.4292239807470932,0.15297745624639003,4181,4132,0.9705585112162733,False
rpo-function-attrs,scalarizer,-0.005211733336933644,-1.418094563116256,0.15620056313324546,4116,4237,0.9705585112162733,False
rpo-function-attrs,vector-combine,3.262268685499947e-05,0.008717698913206057,0.9930445818974915,4071,4199,0.9990475216511701,False
rpo-function-attrs,always-inline,0.0036207574243370955,0.9560941235078124,0.339052451970794,4113,4219,0.9904824893058242,False
rpo-function-attrs,globalsplit,0.002805938883078063,0.7520338051642793,0.45205210917938793,4127,4156,0.9904824893058242,False
rpo-function-attrs,lowerswitch,0.001678185405096566,0.445460827566745,0.6559984311242854,4242,4058,0.9904824893058242,False
rpo-function-attrs,early-cse-memssa,0.0005523311833514621,0.2086589463815565,0.8347195450949061,4178,4245,0.9939033925017995,False
rpo-function-attrs,simple-loop-unswitch,0.0031974864694486738,0.8738758586878366,0.3822107500154047,4205,4231,0.9904824893058242,False
rpo-function-attrs,loop-versioning,-0.0025064465403348835,-0.6741867472052803,0.5002109083106668,4240,4274,0.9904824893058242,False
rpo-function-attrs,loop-flatten,0.006813391223856657,1.8377298749801487,0.06613756885007194,4111,4281,0.9223771155217892,False
rpo-function-attrs,loop-reroll,-0.0013042025221305376,-0.34716030506993445,0.7284796733619405,4139,4189,0.9925991244200286,False
rpo-function-attrs,loop-instsimplify,0.0037410977936375156,1.0135445754830417,0.3108293192362313,4186,4214,0.9904824893058242,False
rpo-function-attrs,loop-simplifycfg,0.00485426945929579,1.292368254427296,0.1962657368596214,4110,4168,0.9705585112162733,False
rpo-function-attrs,loop-predication,0.0019523744455179348,0.5193094253986381,0.6035587975224846,4102,4224,0.9904824893058242,False
rpo-function-attrs,speculative-execution,0.001096391195041846,0.29291015072104254,0.7695980978899675,4210,4159,0.9930288168050652,False
rpo-function-attrs,partially-inline-libcalls,-0.0011883001082308997,-0.3231098273072692,0.7466201555311327,4180,4198,0.9930288168050652,False
rpo-function-attrs,load-store-vectorizer,-0.004301301792893286,-1.1575325185241243,0.24708797024762175,4216,4140,0.9807287255775249,False
rpo-function-attrs,iroutliner,0.0014553285370865199,0.40937012919617727,0.682278365308499,4263,4255,0.9904824893058242,False
rpo-function-attrs,global-merge,-0.00021023795133484624,-0.056579853242428216,0.9548812006218299,4327,4282,0.9988383000828357,False
rpo-function-attrs,break-crit-edges,-0.0021115812863304884,-0.5373601946869764,0.5910332596861183,4243,4101,0.9904824893058242,False
rpo-function-attrs,unreachableblockelim,0.0019580952969326937,0.5239176508441187,0.6003495202681279,4266,4213,0.9904824893058242,False
attributor,inferattrs,-0.00571346050812882,-1.7586233631848163,0.07867862353931672,4100,4141,0.9223771155217892,False
attributor,called-value-propagation,-0.00011401291546009329,-0.03476512051251924,0.9722678405132462,4283,4319,0.9990475216511701,False
attributor,licm,0.0011608756323117642,0.34491385080417747,0.7301678155493774,4172,4189,0.9925991244200286,False
attributor,loop-simplify,-0.0016039057442595595,-0.4932411413930179,0.6218551224328913,4225,4175,0.9904824893058242,False
attributor,div-rem-pairs,0.0034834861815112306,1.0616614227117294,0.288419745481722,4283,4174,0.9904824893058242,False
attributor,float2int,0.0030516826950808262,0.9340718196088617,0.3502942209382422,4160,4081,0.9904824893058242,False
attributor,inline,0.001996478438261118,0.6147621592935669,0.5387284845333234,4145,4262,0.9904824893058242,False
attributor,sink,-9.684655500347139e-05,-0.028864575957460448,0.9769732930565515,4182,4111,0.9990475216511701,False
attributor,loop-vectorize,0.003856919254540625,1.1686156376485894,0.242591297829619,4303,4202,0.9797934796429284,False
attributor,slp-vectorizer,-0.006941268742620188,-2.1168504249061963,0.0343021950552701,4177,4134,0.8825311530906069,False
attributor,callsite-splitting,0.00551743430635665,1.7128616460631936,0.08677483212501527,4226,4203,0.9223771155217892,False
attributor,dfa-jump-threading,0.0021802229445781474,0.6538061341383636,0.513254401657148,4244,4303,0.9904824893058242,False
attributor,consthoist,2.3616365456502475e-05,0.007333535418348981,0.9941489104491266,4167,4320,0.9990475216511701,False
attributor,mldst-motion,-0.0010678837192679702,-0.3323645931737304,0.739622327599138,4155,4195,0.9930288168050652,False
attributor,slsr,0.0016521138814910574,0.5057618247914445,0.6130372486642545,4105,4224,0.9904824893058242,False
attributor,loop-interchange,0.000402488852105809,0.12034951099680205,0.9042091754466642,4166,4228,0.9961990294109887,False
attributor,loop-fusion,0.0017393375423122026,0.5269832695905533,0.5982190305579222,4170,4318,0.9904824893058242,False
attributor,loop-distribute,-0.0031720765111968863,-0.9589777866278435,0.33759750610410605,4294,4143,0.9904824893058242,False
attributor,loop-load-elim,-0.0007761539170544896,-0.2342319923409715,0.8148106062048492,4286,4099,0.9930288168050652,False
attributor,loop-sink,0.0028442645841649794,0.8661065662130325,0.3864570007710339,4128,4095,0.9904824893058242,False
attributor,loop-unroll-and-jam,-0.0008877878316836396,-0.265019800877227,0.7910006686867233,4143,4336,0.9930288168050652,False
attributor,hotcoldsplit,-0.0029050420047589953,-0.8557621822703668,0.39215423176518893,4155,4171,0.9904824893058242,False
attributor,irce,-0.005462337614513368,-1.634416189919341,0.10220946219587014,4236,4066,0.9298842796600941,False
attributor,nary-reassociate,-0.002700690737763134,-0.8027067897546201,0.42216728580242435,4127,4162,0.9904824893058242,False
attributor,scalarizer,0.003957089819778659,1.2034719918621148,0.22882755792439136,4189,4233,0.9745114828179076,False
attributor,vector-combine,0.00032263995973064175,0.09662753436432037,0.9230245034333743,4241,4142,0.9962685063900011,False
attributor,always-inline,-0.0003557370540778759,-0.10705417347827756,0.9147485936893998,4102,4245,0.9962685063900011,False
attributor,globalsplit,0.0011750403536925913,0.3549770749561492,0.722615771718459,4152,4178,0.9925991244200286,False
attributor,lowerswitch,-0.00265797291045905,-0.8148353549064531,0.4151895882497055,4170,4284,0.9904824893058242,False
attributor,early-cse-memssa,-0.011695082460223438,-4.389437460879971,1.1502677172284482e-05,4218,4232,0.0032174631290475737,True
attributor,simple-loop-unswitch,0.0023028545823867153,0.6897646719750917,0.4903613549834156,4235,4123,0.9904824893058242,False
attributor,loop-versioning,0.0030332214549792513,0.9386167876813865,0.34795466923422624,4160,4238,0.9904824893058242,False
attributor,loop-flatten,-0.00014189805920877818,-0.041824363761244474,0.9666397148022607,4185,4148,0.9990475216511701,False
attributor,loop-reroll,-0.0006997833566500522,-0.21667797596886912,0.828464589052231,4263,4138,0.9939033925017995,False
attributor,loop-instsimplify,-0.0009421174625232065,-0.28621194638754427,0.7747229333965667,4135,4173,0.9930288168050652,False
attributor,loop-simplifycfg,-0.004095537596487675,-1.2180893966554749,0.22322412781732992,4259,4170,0.9745114828179076,False
attributor,loop-predication,-0.0012490192707535486,-0.3819200616129579,0.7025302831113457,4180,4260,0.9904824893058242,False
attributor,speculative-execution,0.006219811321567237,1.8232835171546535,0.06829647355032314,4210,4093,0.9223771155217892,False
attributor,partially-inline-libcalls,0.00240315757593601,0.734602811518638,0.46260149452023736,4254,4334,0.9904824893058242,False
attributor,load-store-vectorizer,0.0035896926937628026,1.0836820517877128,0.2785370423417303,4233,4138,0.9904824893058242,False
attributor,iroutliner,0.0011383106577903535,0.36056268209681486,0.7184354285309222,4175,4258,0.9925991244200286,False
attributor,global-merge,0.002946192045436835,0.9076492871847748,0.36408962027559294,4212,4188,0.9904824893058242,False
attributor,break-crit-edges,0.0015044399870238756,0.44889392580294163,0.6535198257161481,4197,4163,0.9904824893058242,False
attributor,unreachableblockelim,0.0028383548987976903,0.8682354654652616,0.38529039148600713,4150,4236,0.9904824893058242,False
inferattrs,called-value-propagation,-0.00031682186710585425,-0.08717460881867287,0.9305348018512064,4166,4227,0.9970496471007156,False
inferattrs,licm,0.006365200603746846,1.7162394867517388,0.08615469677828816,4274,4222,0.9223771155217892,False
inferattrs,loop-simplify,-0.0004399440756683304,-0.11805857657976955,0.9060240517392755,4206,4253,0.9961990294109887,False
inferattrs,div-rem-pairs,0.00025597551468226065,0.06909316608293198,0.94491711218659,4180,4189,0.9987622411976728,False
inferattrs,float2int,-0.004021189338232756,-1.0968392900714252,0.27274309518809864,4299,4108,0.9904824893058242,False
inferattrs,inline,-0.0017131267234843373,-0.46614128028627955,0.6411262616672522,4212,4356,0.9904824893058242,False
inferattrs,sink,0.0010785220811128648,0.2884775661302104,0.7729883347801153,4185,4198,0.9930288168050652,False
inferattrs,loop-vectorize,-0.0010550138395022945,-0.276687277936237,0.7820271506027127,4125,4160,0.9930288168050652,False
inferattrs,slp-vectorizer,0.003604181971405107,0.9650571697222433,0.33454374193442965,4245,4228,0.9904824893058242,False
inferattrs,callsite-splitting,0.0074434776781960865,2.009674443080945,0.044497946718845036,4121,4185,0.9119822292272008,False
inferattrs,dfa-jump-threading,0.002947089739210096,0.7909413906315351,0.4290007872407375,4126,4194,0.9904824893058242,False
inferattrs,consthoist,0.0004673337514393139,0.1265934979151041,0.8992651696093391,4353,4118,0.9961990294109887,False
inferattrs,mldst-motion,0.002880105645883979,0.760966100721182,0.446698464446206,4224,4264,0.9904824893058242,False
inferattrs,slsr,0.004635319403572868,1.2369816527991988,0.21612860264363232,4134,4238,0.9705585112162733,False
inferattrs,loop-interchange,0.0034915843426681636,0.9451938843243342,0.34458702945966324,4268,4173,0.9904824893058242,False
inferattrs,loop-fusion,-0.0017450831731071204,-0.45396912454397964,0.6498628093031,4180,4216,0.9904824893058242,False
inferattrs,loop-distribute,0.006647886567688777,1.7855397974544942,0.07420962508044408,4183,4282,0.9223771155217892,False
inferattrs,loop-load-elim,-0.0006654682328982586,-0.17605868201036232,0.860252162043043,4134,4129,0.9939385410125189,False
inferattrs,loop-sink,-0.0005287665189200874,-0.1425694022602605,0.8866336754143914,4160,4262,0.994650908707853,False
inferattrs,loop-unroll-and-jam,-0.0024304977066029188,-0.6481998616937542,0.5168734440175871,4225,4161,0.9904824893058242,False
inferattrs,hotcoldsplit,0.0018322308899587636,0.4849431863086725,0.6277292591067561,4240,4197,0.9904824893058242,False
inferattrs,irce,-0.004843518987061535,-1.3004449669184672,0.1934838543586525,4227,4254,0.9705585112162733,False
inferattrs,nary-reassociate,0.001672015145558814,0.4512360562261318,0.6518312297389678,4192,4102,0.9904824893058242,False
inferattrs,scalarizer,0.007242741405487085,1.9463262936813868,0.0516488283171963,4165,4248,0.9205345724027795,False
inferattrs,vector-combine,0.0020512641665884623,0.562290680080189,0.5739331246208722,4278,4104,0.9904824893058242,False
inferattrs,always-inline,0.006820998629185615,1.8322999842347951,0.06694234412541089,4220,4139,0.9223771155217892,False
inferattrs,globalsplit,0.008064648843358002,2.1147880693644505,0.03447775317282088,4224,4126,0.8825311530906069,False
inferattrs,lowerswitch,-0.0022702736296908443,-0.6061042379474638,0.544461952199288,4183,4200,0.9904824893058242,False
inferattrs,early-cse-memssa,-0.004193096214458847,-1.596921635991704,0.11032060627543079,4300,4146,0.9298842796600941,False
inferattrs,simple-loop-unswitch,-0.001531416863985613,-0.41827376860171345,0.6757577997009091,4175,4130,0.9904824893058242,False
inferattrs,loop-versioning,0.004476200022533405,1.1482062630707957,0.25091727141873554,4126,4028,0.9816104244513171,False
inferattrs,loop-flatten,-0.0011135667359346568,-0.2904124713846729,0.7715079723604069,4083,4232,0.9930288168050652,False
inferattrs,loop-reroll,0.00323643336883761,0.8540002496031819,0.39312928683853804,4237,4139,0.9904824893058242,False
inferattrs,loop-instsimplify,0.001064777966234054,0.2831164141889293,0.7770946796494537,4119,4160,0.9930288168050652,False
inferattrs,loop-simplifycfg,-0.0013048524034230957,-0.35085156420089236,0.7257086549812453,4134,4141,0.9925991244200286,False
inferattrs,loop-predication,-1.278341923538484e-05,-0.003432078705294407,0.9972616859383104,4100,4133,0.9990475216511701,False
inferattrs,speculative-execution,0.004255249703889352,1.1595240652118421,0.246275163210525,4411,4167,0.9807287255775249,False
inferattrs,partially-inline-libcalls,-0.0033421363616494837,-0.9016969105953181,0.3672442291179109,4145,4105,0.9904824893058242,False
inferattrs,load-store-vectorizer,-0.006842366155750235,-1.8889909290876594,0.05892683690924932,4230,4330,0.9214183220099281,False
inferattrs,iroutliner,-0.00021978284594015296,-0.06119924360019911,0.9512019934836161,4132,4259,0.9987622411976728,False
inferattrs,global-merge,-0.0006659557905809854,-0.1765753896956276,0.8598461749979665,4143,4284,0.9939385410125189,False
inferattrs,break-crit-edges,-0.003065969983763017,-0.8162679454782364,0.41437028947487436,4174,4143,0.9904824893058242,False
inferattrs,unreachableblockelim,-0.0024766954967948007,-0.6670016319595798,0.5047892452831064,4274,4206,0.9904824893058242,False
called-value-propagation,licm,0.004512589279048906,1.1860215425508456,0.23564725726989902,4203,4220,0.9745114828179076,False
called-value-propagation,loop-simplify,-0.0012954706646575165,-0.3471417470829763,0.728493545891568,4198,4193,0.9925991244200286,False
called-value-propagation,div-rem-pairs,0.003883856768533367,1.0502699905224888,0.2936242736189332,4384,4112,0.9904824893058242,False
called-value-propagation,float2int,0.0008851899045871359,0.2275323722551349,0.8200154416448208,4184,4064,0.9930288168050652,False
called-value-propagation,inline,-0.004093123426659573,-1.100893592655908,0.2709748139490587,4166,4159,0.9904824893058242,False
called-value-propagation,sink,-0.004417076702977751,-1.1891648151890726,0.23440919310668268,4131,4090,0.9745114828179076,False
called-value-propagation,loop-vectorize,0.007688840812083486,2.096177700909883,0.03609633113403291,4126,4264,0.8825311530906069,False
called-value-propagation,slp-vectorizer,0.00022241100326808594,0.059579386500080156,0.9524920744652067,4173,4116,0.9987622411976728,False
called-value-propagation,callsite-splitting,-0.007272243265647127,-1.996360815987508,0.04592668169869108,4260,4227,0.9119822292272008,False
called-value-propagation,dfa-jump-threading,-0.0018684481063350744,-0.5055147426479483,0.6132106630930874,4174,4231,0.9904824893058242,False
called-value-propagation,consthoist,0.004854536534544318,1.2973452729984833,0.19454787408343688,4216,4226,0.9705585112162733,False
called-value-propagation,mldst-motion,-0.0006946622581260886,-0.1872804193913501,0.8514453547189068,4126,4173,0.9939385410125189,False
called-value-propagation,slsr,0.0011910823189003605,0.32005507487281515,0.748934458136736,4204,4288,0.9930288168050652,False
called-value-propagation,loop-interchange,-0.002698254894228036,-0.724690410368693,0.46866226897282626,4192,4169,0.9904824893058242,False
called-value-propagation,loop-fusion,-0.0002499581292836339,-0.0677343071704387,0.9459987595216236,4219,4140,0.9987622411976728,False
called-value-propagation,loop-distribute,4.966222099700435e-05,0.013663113736649104,0.9890990811605432,4045,4279,0.9990475216511701,False
called-value-propagation,loop-load-elim,0.003348253681946689,0.8925327688970732,0.3721333491610324,4145,4146,0.9904824893058242,False
called-value-propagation,loop-sink,-0.0017760158119267677,-0.49004494149770517,0.6241147661281149,4293,4195,0.9904824893058242,False
called-value-propagation,loop-unroll-and-jam,-0.0046026369838787495,-1.262297914990207,0.2068767907415888,4218,4151,0.9705585112162733,False
called-value-propagation,hotcoldsplit,-0.0014917986588324772,-0.3939271344650636,0.6936448630263162,4231,4167,0.9904824893058242,False
called-value-propagation,irce,-0.003856610946841199,-1.0460798848305772,0.2955542271134346,4296,4133,0.9904824893058242,False
called-value-propagation,nary-reassociate,-0.006538889052266295,-1.7796382273309241,0.07517180338003135,4114,4203,0.9223771155217892,False
called-value-propagation,scalarizer,-0.0006122450577673577,-0.16269034479369632,0.8707661245211229,4290,4201,0.9939394641716258,False
called-value-propagation,vector-combine,-0.0015592102623948056,-0.42416528764929046,0.6714563056026518,4190,4103,0.9904824893058242,False
called-value-propagation,always-inline,-0.004081069974487483,-1.0921637964393043,0.27479226874297563,4253,4195,0.9904824893058242,False
called-value-propagation,globalsplit,-0.0021625843865181182,-0.5778572123004572,0.5633760519061999,4228,4154,0.9904824893058242,False
called-value-propagation,lowerswitch,-0.0014505464475909613,-0.3826647228137847,0.7019782515668287,4111,4125,0.9904824893058242,False
called-value-propagation,early-cse-memssa,0.0003053913567500066,0.11885373038602047,0.9053940715345931,4140,4296,0.9961990294109887,False
called-value-propagation,simple-loop-unswitch,0.0034906733233187603,0.9338139012474646,0.3504264387861411,4311,4194,0.9904824893058242,False
called-value-propagation,loop-versioning,0.0012353901908919163,0.335372870689688,0.7373521074917935,4226,4280,0.9925991244200286,False
called-value-propagation,loop-flatten,-0.0012820542156548598,-0.34916837735655354,0.7269715946604189,4321,4142,0.9925991244200286,False
called-value-propagation,loop-reroll,0.0005748158470865183,0.1527134037031513,0.8786279781025744,4109,4257,0.994650908707853,False
called-value-propagation,loop-instsimplify,0.001331182846054657,0.3602075681092851,0.7187010859643483,4100,4200,0.9925991244200286,False
called-value-propagation,loop-simplifycfg,0.0005571316589041975,0.15488637999354954,0.8769145075754838,4264,4386,0.994650908707853,False
called-value-propagation,loop-predication,-0.002182527838603454,-0.6006872931145657,0.5480644111489813,4114,4348,0.9904824893058242,False
called-value-propagation,speculative-execution,0.004984057449817447,1.3005868808812442,0.19343608678873236,4231,4099,0.9705585112162733,False
called-value-propagation,partially-inline-libcalls,-0.0004640804207675653,-0.12690593247304197,0.8990179111758421,4179,4174,0.9961990294109887,False
called-value-propagation,load-store-vectorizer,-0.005029924800541874,-1.3398477675347478,0.18033121280794473,4174,4267,0.9705585112162733,False
called-value-propagation,iroutliner,-0.003820058430564044,-1.0480063144193028,0.2946657059631023,4252,4203,0.9904824893058242,False
called-value-propagation,global-merge,-0.003307883848534532,-0.8906379557032923,0.3731483856850811,4404,4189,0.9904824893058242,False
called-value-propagation,break-crit-edges,0.0012916131630978378,0.33877572615265095,0.7347873157626362,4074,4181,0.9925991244200286,False
called-value-propagation,unreachableblockelim,-0.0007753881756961123,-0.20584569642873068,0.8369164606775986,4165,4193,0.9939033925017995,False
licm,loop-simplify,0.0035743744342540684,0.9448797163418604,0.34474756609676077,4199,4172,0.9904824893058242,False
licm,div-rem-pairs,-0.0019258079962214403,-0.5103917386284947,0.6097903098654075,4232,4262,0.9904824893058242,False
licm,float2int,0.001807296432885408,0.4667993388091021,0.6406556792150201,4193,4124,0.9904824893058242,False
licm,inline,0.0029333463070996824,0.7528218255221103,0.4515780886960722,4203,4222,0.9904824893058242,False
licm,sink,0.0008277759195459145,0.2168494444797017,0.8283309103772539,4188,4268,0.9939033925017995,False
licm,loop-vectorize,-0.006101504275442593,-1.543777353764874,0.12267969363923607,4182,4321,0.9484030412430127,False
licm,slp-vectorizer,0.003953999510616313,1.0512636815862386,0.29316771373268685,4252,4164,0.9904824893058242,False
licm,callsite-splitting,0.0006766564318415047,0.17922396885518638,0.8577661879340786,4187,4174,0.9939385410125189,False
licm,dfa-jump-threading,0.004183883221723694,1.1242842476402135,0.26092446165184263,4159,4313,0.9858725228221116,False
licm,consthoist,0.00011098428226519186,0.0298669225693004,0.9761738976521895,4224,4154,0.9990475216511701,False
licm,mldst-motion,-0.005483723043129551,-1.457948151930397,0.1448922504015995,4172,4230,0.9590796446126293,False
licm,slsr,3.06493707107891e-05,0.008371650582582237,0.9933206602882204,4345,4322,0.9990475216511701,False
licm,loop-interchange,-0.0004395946637503201,-0.11547404748020909,0.9080721774613164,4090,4249,0.9961990294109887,False
licm,loop-fusion,0.002338569027640458,0.6353538052156822,0.5252150956496561,4291,4074,0.9904824893058242,False
licm,loop-distribute,-0.0006803041430847867,-0.17781253682299056,0.8588744463993109,4229,4257,0.9939385410125189,False
licm,loop-load-elim,0.0023643176233490992,0.6266559229058891,0.5309021462703575,4015,4360,0.9904824893058242,False
licm,loop-sink,-0.0005808205033104863,-0.15653593077774858,0.8756143016625372,4233,4309,0.994650908707853,False
licm,loop-unroll-and-jam,-0.003722446285868597,-0.9789156600608351,0.3276501700878986,4144,4164,0.9904824893058242,False
licm,hotcoldsplit,0.0015125265731342208,0.41234607583757715,0.6800961291647291,4243,4316,0.9904824893058242,False
licm,irce,0.002262520720818506,0.5945636852097327,0.5521510245027654,4191,4326,0.9904824893058242,False
licm,nary-reassociate,0.002070986337813552,0.5421440099257429,0.5877337260296096,4282,4099,0.9904824893058242,False
licm,scalarizer,-0.00215760996207498,-0.5711639905159073,0.5679042075181416,4185,3983,0.9904824893058242,False
licm,vector-combine,0.001665950146570394,0.44225951556846016,0.6583128119459646,4191,4210,0.9904824893058242,False
licm,always-inline,0.0014740553024705783,0.38663788099057467,0.6990341810072934,4200,4152,0.9904824893058242,False
licm,globalsplit,-0.0035613918662107946,-0.9513668465824315,0.34144582350451524,4122,4201,0.9904824893058242,False
licm,lowerswitch,-0.0011622942190283592,-0.30442608849744063,0.7608108778154298,4204,4171,0.9930288168050652,False
licm,early-cse-memssa,0.013469907986421614,4.7529631107426225,2.03833925772673e-06,4128,4189,0.0006140105025582982,True
licm,simple-loop-unswitch,0.0014619122283229813,0.39201809645105085,0.6950548266089341,4109,4277,0.9904824893058242,False
licm,loop-versioning,-0.005349620848862036,-1.4076193345057502,0.1592808738168495,4203,4189,0.9705585112162733,False
licm,loop-flatten,0.0008213980794224418,0.2253453284246705,0.8217162073908045,4274,4052,0.9930288168050652,False
licm,loop-reroll,0.006753221572429746,1.789291322214036,0.0736047034503565,4254,4054,0.9223771155217892,False
licm,loop-instsimplify,-0.0024352707525846506,-0.6387727231183911,0.5229882685108816,4191,4216,0.9904824893058242,False
licm,loop-simplifycfg,-0.002198832654797367,-0.5914897476559947,0.5542084194291358,4146,4164,0.9904824893058242,False
licm,loop-predication,0.0028392549234142472,0.7498100059329356,0.4533899775442742,4246,4224,0.9904824893058242,False
licm,speculative-execution,0.0015418079448187294,0.4126948743003448,0.6798407545811748,4110,4263,0.9904824893058242,False
licm,partially-inline-libcalls,-0.005147107606350898,-1.3557515218676577,0.17521465108606904,4185,4241,0.9705585112162733,False
licm,load-store-vectorizer,4.8073894852451726e-05,0.012582011166555563,0.9899615705340624,4171,4276,0.9990475216511701,False
licm,iroutliner,-0.0012273498221915258,-0.3273786998515193,0.7433896214905624,4203,4214,0.9930288168050652,False
licm,global-merge,-0.001870474229070218,-0.47901025615599907,0.6319438118546336,4165,4230,0.9904824893058242,False
licm,break-crit-edges,-2.851777507051345e-05,-0.007536912345942968,0.9939866500291988,4170,4228,0.9990475216511701,False
licm,unreachableblockelim,-0.0011632307168096268,-0.3176917232063211,0.7507267315962987,4268,4106,0.9930288168050652,False
loop-simplify,div-rem-pairs,-0.0008718201261719294,-0.2299882183244694,0.8181064508132099,4163,4361,0.9930288168050652,False
loop-simplify,float2int,-0.004073391902451373,-1.0964216359925947,0.2729251933157697,4336,4242,0.9904824893058242,False
loop-simplify,inline,0.006253542636121878,1.6851162134143054,0.09200376924122235,4133,4169,0.9223771155217892,False
loop-simplify,sink,0.0009860668080624024,0.26276388658485406,0.7927389326766544,4270,4245,0.9930288168050652,False
loop-simplify,loop-vectorize,0.0030519732313172843,0.8276312981670886,0.40790283163339675,4305,4116,0.9904824893058242,False
loop-simplify,slp-vectorizer,0.0016294715348580957,0.4249226057753076,0.6709041888212653,4099,4148,0.9904824893058242,False
loop-simplify,callsite-splitting,-0.003384223571422207,-0.9109348202880855,0.3623558797788305,4169,4240,0.9904824893058242,False
loop-simplify,dfa-jump-threading,-0.0008522752600808037,-0.23049116580042342,0.8177157891084875,4152,4178,0.9930288168050652,False
loop-simplify,consthoist,-0.0012652542646522935,-0.3355568401066553,0.7372135006623483,4212,4152,0.9925991244200286,False
loop-simplify,mldst-motion,-0.002064027633221943,-0.5567058324782762,0.5777429679602357,4306,4267,0.9904824893058242,False
loop-simplify,slsr,-0.00446864972353761,-1.2252861550564957,0.2205014559308184,4186,4320,0.9705585112162733,False
loop-simplify,loop-interchange,-0.00044543907742677913,-0.12131728400384038,0.9034426205159688,4279,4161,0.9961990294109887,False
loop-simplify,loop-fusion,0.004061960801856945,1.0772061619528348,0.28141958463143024,4123,4161,0.9904824893058242,False
loop-simplify,loop-distribute,-0.006363293449981988,-1.7070022375252953,0.08785906382043379,4129,4170,0.9223771155217892,False
loop-simplify,loop-load-elim,0.006603211672244702,1.7412519260421768,0.08167610478254606,4319,4121,0.9223771155217892,False
loop-simplify,loop-sink,0.00024360266936140906,0.0653301984212747,0.947912665212769,4208,4133,0.9987622411976728,False
loop-simplify,loop-unroll-and-jam,-0.005557711867753501,-1.4785990419386568,0.13928521614623726,4121,4308,0.95758018139933,False
loop-simplify,hotcoldsplit,-0.0010150920042085732,-0.27021937906316235,0.786998140488951,4153,4228,0.9930288168050652,False
loop-simplify,irce,0.0007775945935537543,0.21293464529461287,0.8313831039482611,4175,4231,0.9939033925017995,False
loop-simplify,nary-reassociate,0.0010528975762797987,0.28093886720374495,0.7787642344124683,4265,4154,0.9930288168050652,False
loop-simplify,scalarizer,-0.0035677798668953264,-0.9612236096235459,0.33646747307473024,4232,4155,0.9904824893058242,False
loop-simplify,vector-combine,0.004055067355550501,1.0821416948916998,0.27922115808229137,4137,4126,0.9904824893058242,False
loop-simplify,always-inline,-0.001694181428029573,-0.4624570343007258,0.643765345265875,4386,4210,0.9904824893058242,False
loop-simplify,globalsplit,0.005469065528592887,1.4851260927154923,0.13754770812770045,4249,4214,0.95758018139933,False
loop-simplify,lowerswitch,-0.0036666948872319804,-1.0006639425250945,0.3170178175278399,4264,4230,0.9904824893058242,False
loop-simplify,early-cse-memssa,0.0016439526082525635,0.6313840183454242,0.5278066811548668,4189,4214,0.9904824893058242,False
loop-simplify,simple-loop-unswitch,0.00288831274593232,0.7778404534566006,0.4366845863820376,4283,4274,0.9904824893058242,False
loop-simplify,loop-versioning,0.0019905903497743904,0.5339990443250464,0.5933561490997702,4380,4163,0.9904824893058242,False
loop-simplify,loop-flatten,-0.004305274602311171,-1.1881636171325967,0.23480262502283245,4214,4169,0.9745114828179076,False
loop-simplify,loop-reroll,0.0036199970129173753,0.9853868881279804,0.32446242558660826,4163,4246,0.9904824893058242,False
loop-simplify,loop-instsimplify,-0.0025377514980013394,-0.6805688832986171,0.4961632514262352,4137,4189,0.9904824893058242,False
loop-simplify,loop-simplifycfg,0.002773101693108848,0.7367976912389861,0.4612660206913451,4198,4182,0.9904824893058242,False
loop-simplify,loop-predication,-0.005572345918043953,-1.5119113861165427,0.13059397461027736,4238,4177,0.9572881463934645,False
loop-simplify,speculative-execution,0.003511030398749171,0.9561811502348698,0.3390079779287653,4233,4250,0.9904824893058242,False
loop-simplify,partially-inline-libcalls,-0.004215091317451347,-1.1454071837077926,0.25207262209521897,4308,4235,0.9833033942390916,False
loop-simplify,load-store-vectorizer,-0.003426423381438448,-0.9068140687276302,0.3645310586619448,4221,4210,0.9904824893058242,False
loop-simplify,iroutliner,0.006270873973260815,1.7253151981514896,0.08450728548185846,4228,4218,0.9223771155217892,False
loop-simplify,global-merge,-0.007810983722386755,-2.086748625506958,0.036940640895488326,4262,4244,0.8825311530906069,False
loop-simplify,break-crit-edges,-0.0014197377921590926,-0.37900514288111725,0.7046935812081081,4201,4246,0.9904824893058242,False
loop-simplify,unreachableblockelim,-0.0030339839435000737,-0.8148575467822512,0.41517698554742316,4204,4200,0.9904824893058242,False
div-rem-pairs,float2int,-0.0012643856291648103,-0.3362979684407878,0.7366547157553366,4153,4124,0.9925991244200286,False
div-rem-pairs,inline,-0.005401546385070177,-1.4748102173654414,0.1403010985857743,4219,4173,0.95758018139933,False
div-rem-pairs,sink,-0.004207804399778636,-1.1281071134364729,0.25930765317133264,4081,4205,0.9858725228221116,False
div-rem-pairs,loop-vectorize,0.012787819129378042,3.409490038111778,0.0006538709969891257,4281,4224,0.11638903746406437,False
div-rem-pairs,slp-vectorizer,0.0007673205212561651,0.20465612376532824,0.8378458003247046,4164,4174,0.9939033925017995,False
div-rem-pairs,callsite-splitting,-0.0017659391510491673,-0.4631277205466432,0.6432849670200614,4177,4123,0.9904824893058242,False
div-rem-pairs,dfa-jump-threading,0.001468802802372493,0.3878300161626508,0.6981517033619012,4250,4153,0.9904824893058242,False
div-rem-pairs,consthoist,0.003748975170540292,1.0081995361522522,0.3133879177374159,4215,4173,0.9904824893058242,False
div-rem-pairs,mldst-motion,-0.0025132861071858192,-0.6819166559682434,0.49531008413347,4258,4313,0.9904824893058242,False
div-rem-pairs,slsr,-0.0008478130016789653,-0.22713268261881195,0.8203260389765608,4255,4240,0.9930288168050652,False
div-rem-pairs,loop-interchange,0.0017185921304596063,0.44731219419271295,0.6546614551006421,4100,4122,0.9904824893058242,False
div-rem-pairs,loop-fusion,-0.0017839872978970828,-0.4816594808689115,0.6300604799896126,4265,4113,0.9904824893058242,False
div-rem-pairs,loop-distribute,0.0007453016999006135,0.19402135792366196,0.8461638849387679,4193,4177,0.9939385410125189,False
div-rem-pairs,loop-load-elim,0.0030359715362064388,0.8216671035670905,0.41128956767383196,4294,4163,0.9904824893058242,False
div-rem-pairs,loop-sink,-0.001579883568599172,-0.42125510947624356,0.6735795650790934,4271,4149,0.9904824893058242,False
div-rem-pairs,loop-unroll-and-jam,0.0031801477277151324,0.8249691380760339,0.4094134601306617,3982,4118,0.9904824893058242,False
div-rem-pairs,hotcoldsplit,-0.0026933284297430693,-0.7079053212371968,0.4790236414926897,4179,4261,0.9904824893058242,False
div-rem-pairs,irce,-0.0013306272463833313,-0.35917459201854324,0.7194735416892466,4319,4058,0.9925991244200286,False
div-rem-pairs,nary-reassociate,-0.003783236752549435,-1.0142650217927258,0.3104855297869003,4168,4236,0.9904824893058242,False
div-rem-pairs,scalarizer,0.0016967491401084778,0.46076658378301644,0.6449777473852368,4290,4314,0.9904824893058242,False
div-rem-pairs,vector-combine,0.0036704063943761023,0.9877457205568282,0.32330548688301697,4208,4242,0.9904824893058242,False
div-rem-pairs,always-inline,-0.005802119853860921,-1.5949678538685423,0.1107570500389897,4196,4222,0.9298842796600941,False
div-rem-pairs,globalsplit,-0.0014173535931303882,-0.3837821748959632,0.7011495047137941,4287,4232,0.9904824893058242,False
div-rem-pairs,lowerswitch,-0.0002791888241546747,-0.07509286095805205,0.9401426471125203,4128,4131,0.9987146011758271,False
div-rem-pairs,early-cse-memssa,-0.001046271038440738,-0.40428707729066954,0.6860117653233254,4215,4320,0.9904824893058242,False
div-rem-pairs,simple-loop-unswitch,0.005325204163189379,1.4129176373863732,0.15771718686252897,4216,4161,0.9705585112162733,False
div-rem-pairs,loop-versioning,-0.0005803611570095457,-0.15346601757926404,0.878034443484548,4379,4132,0.994650908707853,False
div-rem-pairs,loop-flatten,0.001722577909767875,0.4684191806112153,0.6394970748559735,4146,4212,0.9904824893058242,False
div-rem-pairs,loop-reroll,0.0038033827643773055,1.0221701746646752,0.3067297556174318,4193,4222,0.9904824893058242,False
div-rem-pairs,loop-instsimplify,0.0037940235597958005,1.013364261425818,0.3109153642222911,4285,4138,0.9904824893058242,False
div-rem-pairs,loop-simplifycfg,0.0022682009241000722,0.6063744366132294,0.5442825070325862,4200,4212,0.9904824893058242,False
div-rem-pairs,loop-predication,-0.003610726214904103,-0.9899554655140493,0.32222401468620315,4263,4261,0.9904824893058242,False
div-rem-pairs,speculative-execution,-0.0036772354143491115,-0.9913453464839103,0.32154512923409095,4240,4292,0.9904824893058242,False
div-rem-pairs,partially-inline-libcalls,0.0006458841353413902,0.1774992214659902,0.8591206092915883,4102,4215,0.9939385410125189,False
div-rem-pairs,load-store-vectorizer,-0.0062263976328290616,-1.687886510578101,0.09146964170769309,4224,4294,0.9223771155217892,False
div-rem-pairs,iroutliner,-0.0010443399287262123,-0.2861225531745821,0.7747913705531525,4196,4140,0.9930288168050652,False
div-rem-pairs,global-merge,0.00036894770628026485,0.10070892024425353,0.9197839306618107,4179,4234,0.9962685063900011,False
div-rem-pairs,break-crit-edges,-0.0019378774714504665,-0.5100615167638928,0.6100219374411555,4143,4153,0.9904824893058242,False
div-rem-pairs,unreachableblockelim,-0.0031352665923571332,-0.8247517681083919,0.4095366683366566,4021,4176,0.9904824893058242,False
float2int,inline,0.004129375170738692,1.1161100321790525,0.2644062457541944,4239,4364,0.9858725228221116,False
float2int,sink,-0.0012043130182342043,-0.3255181048344063,0.7447971220105812,4141,4229,0.9930288168050652,False
float2int,loop-vectorize,0.0023712709913418784,0.6319046592987918,0.5274665066700649,4245,4129,0.9904824893058242,False
float2int,slp-vectorizer,0.002097338721118003,0.5729619316354014,0.5666857158418687,4311,4151,0.9904824893058242,False
float2int,callsite-splitting,0.0016228376040838821,0.4414324738736677,0.6589113093053842,4218,4177,0.9904824893058242,False
float2int,dfa-jump-threading,-0.004773162167089229,-1.3163931042768082,0.18807853263776816,4073,4239,0.9705585112162733,False
float2int,consthoist,0.0014242326902910718,0.38643873790159666,0.6991817181199166,4159,4111,0.9904824893058242,False
float2int,mldst-motion,-0.003078957011215966,-0.8379860123414178,0.4020623155808733,4349,4115,0.9904824893058242,False
float2int,slsr,-0.0018101334097825328,-0.4871968335829148,0.6261316305098248,4125,4239,0.9904824893058242,False
float2int,loop-interchange,-0.006996680308907377,-1.8872188182885878,0.05916598796941036,4068,4194,0.9214183220099281,False
float2int,loop-fusion,-0.002208337280467154,-0.5867016001335742,0.557419841644122,4209,4235,0.9904824893058242,False
float2int,loop-distribute,0.001495127327691581,0.3976884128318872,0.6908702501041444,4173,4044,0.9904824893058242,False
float2int,loop-load-elim,0.0010453186162115435,0.28231459137691106,0.7777092963587902,4120,4232,0.9930288168050652,False
float2int,loop-sink,-0.006498463331049142,-1.7165473371966486,0.08609947251752463,4116,4132,0.9223771155217892,False
float2int,loop-unroll-and-jam,0.002645865389279245,0.6860553458588954,0.4926974716299478,4127,4148,0.9904824893058242,False
float2int,hotcoldsplit,0.0037090582757573487,0.9768902957860027,0.32865175066922486,4133,4234,0.9904824893058242,False
float2int,irce,5.014670866815285e-05,0.013561488019383654,0.9891801507522902,4142,4328,0.9990475216511701,False
float2int,nary-reassociate,0.0030638713910360327,0.8270110830284723,0.4082542699586628,4179,4226,0.9904824893058242,False
float2int,scalarizer,-0.0022742263996456957,-0.6065637651729135,0.5441569208310261,4226,4149,0.9904824893058242,False
float2int,vector-combine,-0.0033994076529453854,-0.9155807281212166,0.3599126564791897,4231,4337,0.9904824893058242,False
float2int,always-inline,0.006536227321763843,1.7782445319362739,0.07540012053788213,4165,4178,0.9223771155217892,False
float2int,globalsplit,-0.0008068075843911671,-0.20898838857711466,0.834462427540677,4213,4104,0.9939033925017995,False
float2int,lowerswitch,0.004284136573795783,1.1713074732370683,0.24150846273999038,4182,4223,0.9797934796429284,False
float2int,early-cse-memssa,-0.0011411737547562528,-0.42594229955229074,0.6701609891909338,4203,4164,0.9904824893058242,False
float2int,simple-loop-unswitch,-0.001675873644162884,-0.44845725754599564,0.6538349063493004,4130,4202,0.9904824893058242,False
float2int,loop-versioning,0.0011621256049741957,0.302913894745595,0.7619631507916711,4123,4119,0.9930288168050652,False
float2int,loop-flatten,-0.001897819951661217,-0.5010674636371657,0.6163367281256471,4283,4168,0.9904824893058242,False
float2int,loop-reroll,-0.008715722727952846,-2.3651515686838978,0.01804542711064965,4121,4241,0.8513962959675183,False
float2int,loop-instsimplify,0.0020437829341001246,0.5473383932382079,0.5841608896284458,4265,4099,0.9904824893058242,False
float2int,loop-simplifycfg,0.001610715910078886,0.42447833123225176,0.6712281835427538,4077,4098,0.9904824893058242,False
float2int,loop-predication,0.0010588901359660507,0.28215507991574207,0.7778315310280669,4290,4170,0.9930288168050652,False
float2int,speculative-execution,-0.0004992023802816714,-0.13190864024127957,0.8950597424526229,4209,4139,0.9961990294109887,False
float2int,partially-inline-libcalls,-0.002807290318052602,-0.7375377154743512,0.46081602771532765,4158,4258,0.9904824893058242,False
float2int,load-store-vectorizer,0.001334176088004957,0.3644434121493376,0.7155361386421907,4231,4152,0.9924654586614432,False
float2int,iroutliner,0.0026135314021761835,0.6909611405563373,0.4896091002349257,4139,4262,0.9904824893058242,False
float2int,global-merge,-0.009507203114065332,-2.4966329359005623,0.012557228054797967,4134,4120,0.793130726815949,False
float2int,break-crit-edges,-0.003459195510400026,-0.9130900909007346,0.36122133689769487,4292,4128,0.9904824893058242,False
float2int,unreachableblockelim,-0.001704762099245305,-0.47260041130858566,0.6365104764228476,4204,4268,0.9904824893058242,False
inline,sink,0.001858176362245334,0.4866970622748383,0.6264861229448637,4087,4069,0.9904824893058242,False
inline,loop-vectorize,-0.007323719445332333,-1.9651273872637396,0.049431970421554554,4276,4240,0.9205345724027795,False
inline,slp-vectorizer,0.002949952011075563,0.7702147148431969,0.44119442097320744,4152,4166,0.9904824893058242,False
inline,callsite-splitting,-0.004774368162305476,-1.2593659666131574,0.2079335284526296,4134,4183,0.9705585112162733,False
inline,dfa-jump-threading,-0.0016256336068364297,-0.43996805914267006,0.6599716109209158,4201,4169,0.9904824893058242,False
inline,consthoist,-0.0024941248810543826,-0.6684818985813444,0.5038442087097644,4217,4274,0.9904824893058242,False
inline,mldst-motion,0.0004082467574150206,0.10841759436278954,0.9136670281162669,4201,4223,0.9961993148875699,False
inline,slsr,-0.0013983737311404898,-0.37459209291674767,0.7079734868517474,4106,4163,0.9916947457282645,False
inline,loop-interchange,-0.004042665855675531,-1.0729011481021566,0.283346461920839,4167,4189,0.9904824893058242,False
inline,loop-fusion,0.00254446759549104,0.6943354556874762,0.4874909769779442,4231,4210,0.9904824893058242,False
inline,loop-distribute,0.008654020136281526,2.3526805161660906,0.018661528354422172,4236,4191,0.8597475886578497,False
inline,loop-load-elim,0.00012202157916479939,0.03219565763426315,0.9743168022528291,4106,4136,0.9990475216511701,False
inline,loop-sink,-0.0001613062992263381,-0.04290666063903736,0.9657769606998597,4143,4262,0.9990475216511701,False
inline,loop-unroll-and-jam,2.4106366965315207e-05,0.006386394430474428,0.9949045800420401,4194,4250,0.9990475216511701,False
inline,hotcoldsplit,0.0024270104938307058,0.6495572352756875,0.5159961877132079,4188,4147,0.9904824893058242,False
inline,irce,-0.002381864067153794,-0.6270427352927888,0.5306483787491024,4179,4169,0.9904824893058242,False
inline,nary-reassociate,0.00040987785749929673,0.11186935870517678,0.9109296978923729,4115,4197,0.9961990294109887,False
inline,scalarizer,-0.000592199743894517,-0.15791097505622495,0.8745307659237357,4185,4172,0.994650908707853,False
inline,vector-combine,0.0027639312952542627,0.7495797377984083,0.45352874704031837,4207,4241,0.9904824893058242,False
inline,always-inline,-0.00036605390851179864,-0.09917743872770965,0.9209997396538463,4197,4258,0.9962685063900011,False
inline,globalsplit,-0.0003122254942112823,-0.08399647824748711,0.9330612729308784,4129,4111,0.9971441508502933,False
inline,lowerswitch,-0.0038025227507975656,-0.9978427925218998,0.3183848734092156,4315,4022,0.9904824893058242,False
inline,early-cse-memssa,0.0003816725348077532,0.14329927313073956,0.886057296199469,4134,4198,0.994650908707853,False
inline,simple-loop-unswitch,-0.000830155968843449,-0.22222665907396055,0.8241429148663079,4178,4118,0.9930288168050652,False
inline,loop-versioning,-0.001077197743310887,-0.2962148088243012,0.7670734333228973,4225,4101,0.9930288168050652,False
inline,loop-flatten,0.00020493070426197413,0.055485593076946844,0.9557529286381642,4204,4188,0.9990475216511701,False
inline,loop-reroll,0.006680916534149595,1.7655382766253656,0.07751030119296164,4117,4141,0.9223771155217892,False
inline,loop-instsimplify,-0.00102099826940788,-0.273470841986368,0.7844982270686719,4105,4069,0.9930288168050652,False
inline,loop-simplifycfg,-0.0010611421744070038,-0.28146022552225797,0.7783644709488272,4234,4066,0.9930288168050652,False
inline,loop-predication,0.0003466834086385262,0.09204390940612964,0.9266653557173387,4174,4202,0.9962685063900011,False
inline,speculative-execution,0.001172075997290578,0.31425951813905617,0.7533317926414888,4145,4208,0.9930288168050652,False
inline,partially-inline-libcalls,-0.004284076506316015,-1.1536219790734497,0.24868836172075642,4104,4229,0.9807287255775249,False
inline,load-store-vectorizer,-0.0014886334723396843,-0.3992953391910731,0.6896859006127702,4194,4127,0.9904824893058242,False
inline,iroutliner,0.0006059602440569023,0.16527589528364026,0.8687308407607816,4075,4264,0.9939394641716258,False
inline,global-merge,0.0023498974682501506,0.6358106108626046,0.5249171300247498,4291,4168,0.9904824893058242,False
inline,break-crit-edges,-0.0004119918597587091,-0.11084283423617444,0.9117435616024708,4252,4361,0.9961990294109887,False
inline,unreachableblockelim,-0.0021830063136391575,-0.5904615154148114,0.5548974609687395,4052,4234,0.9904824893058242,False
sink,loop-vectorize,-0.006179686997647593,-1.6999268068687816,0.08918223817776118,4090,4197,0.9223771155217892,False
sink,slp-vectorizer,-0.00634846514999543,-1.7174216357019194,0.08593872526458184,4280,4190,0.9223771155217892,False
sink,callsite-splitting,-0.002435840479318274,-0.6563287297848025,0.5116308948666101,4135,4147,0.9904824893058242,False
sink,dfa-jump-threading,0.007474443836156919,1.9719254676775462,0.048651295579008796,4226,4136,0.9203790989729393,False
sink,consthoist,-0.005018244947633588,-1.3420321695126107,0.1796222386197538,4200,4121,0.9705585112162733,False
sink,mldst-motion,0.00045709891613304743,0.12645167384551392,0.8993774556172673,4131,4198,0.9961990294109887,False
sink,slsr,0.0013154985855898804,0.3530193705689942,0.7240829031464209,4181,4104,0.9925991244200286,False
sink,loop-interchange,-0.001836959590435061,-0.5046415468678963,0.6138237712980682,4229,4236,0.9904824893058242,False
sink,loop-fusion,0.007289429852493146,1.9410691572505714,0.05228366344803235,4124,4188,0.9205345724027795,False
sink,loop-distribute,0.00011825019200578657,0.03076788772554306,0.975455371779704,4282,4248,0.9990475216511701,False
sink,loop-load-elim,-0.0011123938200573447,-0.3054372114613153,0.7600407553874323,4146,4253,0.9930288168050652,False
sink,loop-sink,0.0016377893044621783,0.4443202143010646,0.6568225990677804,4190,4204,0.9904824893058242,False
sink,loop-unroll-and-jam,-0.002992693389821721,-0.7821054119399946,0.434175205666485,4077,4154,0.9904824893058242,False
sink,hotcoldsplit,0.004645789528436806,1.2478925891588335,0.21210519978534048,4288,4142,0.9705585112162733,False
sink,irce,-0.004770239002068133,-1.3013011393830363,0.19319101760874705,4309,4122,0.9705585112162733,False
sink,nary-reassociate,-0.002361500472902456,-0.6254606138061539,0.531685990939263,4103,4225,0.9904824893058242,False
sink,scalarizer,-0.005716443761721979,-1.5119272107141029,0.13058974972192203,4335,4124,0.9572881463934645,False
sink,vector-combine,-0.0007750561643902754,-0.20573463365624856,0.8370032685783426,4082,4196,0.9939033925017995,False
sink,always-inline,-0.0038559637627575416,-1.0269523757206236,0.30447296398818297,4175,4089,0.9904824893058242,False
sink,globalsplit,-0.0017696082895369836,-0.48521806331723377,0.6275344075137764,4097,4250,0.9904824893058242,False
sink,lowerswitch,0.005223911221645339,1.3566210942729209,0.17493946120584683,4066,4041,0.9705585112162733,False
sink,early-cse-memssa,0.004284334506208798,1.633310566783675,0.10244128021244482,4235,4182,0.9298842796600941,False
sink,simple-loop-unswitch,-0.0001352164141074086,-0.03466013523761473,0.9723515847476608,4185,4098,0.9990475216511701,False
sink,loop-versioning,-0.00013833477712832387,-0.03728861977756799,0.9702557747029873,4100,4218,0.9990475216511701,False
sink,loop-flatten,-0.006933540901445212,-1.836611096761331,0.06630289847671002,4213,4170,0.9223771155217892,False
sink,loop-reroll,6.643820747842533e-05,0.017770393528880123,0.9858224505153285,4092,4222,0.9990475216511701,False
sink,loop-instsimplify,0.0014878056952807306,0.4011105539481486,0.6883490465778208,4115,4216,0.9904824893058242,False
sink,loop-simplifycfg,-0.0008497735289548225,-0.22837923511645458,0.8193570316160624,4176,4172,0.9930288168050652,False
sink,loop-predication,-0.003554343273292959,-0.9549530139106245,0.339629056098528,4224,4143,0.9904824893058242,False
sink,speculative-execution,0.0011845263649084559,0.3116634236310487,0.7553041020153783,4194,4210,0.9930288168050652,False
sink,partially-inline-libcalls,0.003891020757244734,1.0497543560995504,0.2938608692710169,4340,4201,0.9904824893058242,False
sink,load-store-vectorizer,0.0015436691848121353,0.4162086120015485,0.6772682154132298,4110,4128,0.9904824893058242,False
sink,iroutliner,0.0034634132840429266,0.9366665309787408,0.3489571731268813,4172,4191,0.9904824893058242,False
sink,global-merge,-0.0004223224489369737,-0.11130225775081823,0.9113793694793395,4149,4115,0.9961990294109887,False
sink,break-crit-edges,-0.0010411844357066657,-0.2753552442645853,0.7830500472384351,4253,4224,0.9930288168050652,False
sink,unreachableblockelim,-0.0010432146575068968,-0.26984942596804645,0.7872826784499464,4239,4229,0.9930288168050652,False
loop-vectorize,slp-vectorizer,-0.003349295454389778,-0.8959055288869008,0.3703295281921305,4082,4125,0.9904824893058242,False
loop-vectorize,callsite-splitting,-0.0031828356628558208,-0.8381499571295378,0.4019705424559689,4212,4129,0.9904824893058242,False
loop-vectorize,dfa-jump-threading,-0.0031938167081156377,-0.8578437801259444,0.39100326702750954,4197,4191,0.9904824893058242,False
loop-vectorize,consthoist,0.009150818716115339,2.4084318981919215,0.01604256804231621,4227,4195,0.8221760719994755,False
loop-vectorize,mldst-motion,4.16812832582103e-06,0.001117369741545642,0.9991084945341162,4250,4203,0.9993568186588174,False
loop-vectorize,slsr,0.00015985505384391585,0.04197416448592632,0.9665203024153783,4207,4143,0.9990475216511701,False
loop-vectorize,loop-interchange,-0.004419733784138624,-1.1795935427026512,0.23819567471805528,4149,4168,0.9758672781286067,False
loop-vectorize,loop-fusion,0.002827633647556116,0.7624687209208724,0.44580186230814445,4173,4176,0.9904824893058242,False
loop-vectorize,loop-distribute,-0.0031339525037955562,-0.8241610904913167,0.4098721515156029,4028,4138,0.9904824893058242,False
loop-vectorize,loop-load-elim,0.004081401066606427,1.0922111235915906,0.2747714225774838,4228,4233,0.9904824893058242,False
loop-vectorize,loop-sink,0.006660487490010969,1.8014296884305876,0.07167108985074463,4237,4159,0.9223771155217892,False
loop-vectorize,loop-unroll-and-jam,0.002317208863296727,0.6237878249774721,0.53278369203026,4189,4305,0.9904824893058242,False
loop-vectorize,hotcoldsplit,-0.0011205348816169525,-0.29415037453784126,0.7686503761277211,4125,4162,0.9930288168050652,False
loop-vectorize,irce,0.00208020030468431,0.5618840575040736,0.5742099426152345,4179,4260,0.9904824893058242,False
loop-vectorize,nary-reassociate,-0.0037175357157082645,-1.0333252657342986,0.3014814847244172,4191,4203,0.9904824893058242,False
loop-vectorize,scalarizer,0.004362398663881717,1.156936726139973,0.24733123403136245,4211,4160,0.9807287255775249,False
loop-vectorize,vector-combine,0.003442155749883491,0.9069873182004746,0.3644397882245988,4300,4095,0.9904824893058242,False
loop-vectorize,always-inline,-0.0020616262223557835,-0.5467962205285305,0.58453358107636,4167,4076,0.9904824893058242,False
loop-vectorize,globalsplit,0.004213234410511524,1.140365321260108,0.2541669645546045,4132,4196,0.9847368125906074,False
loop-vectorize,lowerswitch,0.003716668964977965,0.9812867068817428,0.3264802281676176,4074,4156,0.9904824893058242,False
loop-vectorize,early-cse-memssa,0.002214254395631443,0.8171574224497173,0.41386145179693273,4176,4328,0.9904824893058242,False
loop-vectorize,simple-loop-unswitch,-0.0026554709622138017,-0.6991791775331119,0.4844595642340954,4123,4221,0.9904824893058242,False
loop-vectorize,loop-versioning,-0.0013898498788046387,-0.36319187877108217,0.7164708507752553,4111,4162,0.9924654586614432,False
loop-vectorize,loop-flatten,0.004791127503885717,1.297124801861228,0.19462465616416522,4089,4142,0.9705585112162733,False
loop-vectorize,loop-reroll,-0.01493030588847144,-3.9701535880536194,7.241841620043902e-05,4201,4310,0.014925816728469432,True
loop-vectorize,loop-instsimplify,0.0020394368859694145,0.547318020073385,0.5841746773877284,4235,4252,0.9904824893058242,False
loop-vectorize,loop-simplifycfg,0.008068802902184258,2.1533539164226423,0.03131926531233557,4270,4196,0.8825311530906069,False
loop-vectorize,loop-predication,0.007195194500119573,1.9231439475930285,0.0544959435592577,4101,4252,0.9205345724027795,False
loop-vectorize,speculative-execution,-0.0005457508265150346,-0.14661924504812876,0.8834360511831579,4294,4190,0.994650908707853,False
loop-vectorize,partially-inline-libcalls,0.001967182951014168,0.5337347165376745,0.5935393957522717,4247,4088,0.9904824893058242,False
loop-vectorize,load-store-vectorizer,0.002594773480914969,0.703352808309398,0.48185535727217393,4173,4250,0.9904824893058242,False
loop-vectorize,iroutliner,-0.007721223652427833,-2.1348459640563826,0.03280223195619794,4180,4329,0.8825311530906069,False
loop-vectorize,global-merge,0.004523564483155107,1.2110808798823514,0.22589819999927838,4202,4273,0.9745114828179076,False
loop-vectorize,break-crit-edges,-0.001690901480432938,-0.4384084681022267,0.6611014423547691,4260,4173,0.9904824893058242,False
loop-vectorize,unreachableblockelim,-0.0005038794041505867,-0.13475443145661262,0.8928092667317573,4211,4186,0.9961990294109887,False
slp-vectorizer,callsite-splitting,0.0026642337400742955,0.7120779642767486,0.4764360243589234,4306,4218,0.9904824893058242,False
slp-vectorizer,dfa-jump-threading,-0.0011035368176421367,-0.3003713400901715,0.7639013005800357,4374,4135,0.9930288168050652,False
slp-vectorizer,consthoist,0.00013282356626137526,0.034147839336956455,0.9727600715122607,4193,4218,0.9990475216511701,False
slp-vectorizer,mldst-motion,0.0011010439908458736,0.2971944502945972,0.7663253675033364,4198,4250,0.9930288168050652,False
slp-vectorizer,slsr,0.007569629307383863,2.00888374119523,0.04458176878985679,4175,4145,0.9119822292272008,False
slp-vectorizer,loop-interchange,-0.001307635388624051,-0.3518646463482236,0.7249487887011634,4113,4119,0.9925991244200286,False
slp-vectorizer,loop-fusion,-0.0058453316315270065,-1.608723632924323,0.10771408321632114,4144,4333,0.9298842796600941,False
slp-vectorizer,loop-distribute,0.005015117650655654,1.3427307081402822,0.1793957197893824,4193,4152,0.9705585112162733,False
slp-vectorizer,loop-load-elim,0.0009833766581670011,0.26074590145726134,0.7942948946233269,4184,4170,0.9930288168050652,False
slp-vectorizer,loop-sink,0.003957626506922218,1.0636757153692122,0.2875060014308024,4209,4250,0.9904824893058242,False
slp-vectorizer,loop-unroll-and-jam,0.0036377100557590247,0.9526712207549202,0.34078443443049966,4258,4099,0.9904824893058242,False
slp-vectorizer,hotcoldsplit,0.005341008382901802,1.4036910242255758,0.16044830403868462,4230,4098,0.9705585112162733,False
slp-vectorizer,irce,0.0005482794130919899,0.1431965598083674,0.8861383567449477,4160,4304,0.994650908707853,False
slp-vectorizer,nary-reassociate,0.00170492767560243,0.45245468068952543,0.6509533187588782,4170,4116,0.9904824893058242,False
slp-vectorizer,scalarizer,-0.0027192074881177697,-0.7230487385361295,0.46967010777705814,4166,4223,0.9904824893058242,False
slp-vectorizer,vector-combine,-0.002653363589184665,-0.7107859650983849,0.4772368343878938,4199,4112,0.9904824893058242,False
slp-vectorizer,always-inline,0.004693494460357495,1.2834831151797543,0.1993580462384068,4199,4296,0.9705585112162733,False
slp-vectorizer,globalsplit,0.0003358691920978818,0.0903493413087979,0.9280117863825765,4217,4152,0.9962685063900011,False
slp-vectorizer,lowerswitch,-0.003582533871265059,-0.9472987707615825,0.3435143324352596,4212,4060,0.9904824893058242,False
slp-vectorizer,early-cse-memssa,0.002147279797228785,0.8434206639454801,0.3990166242653044,4298,4336,0.9904824893058242,False
slp-vectorizer,simple-loop-unswitch,-0.0029172832078173117,-0.7859263790993049,0.431932734330302,4224,4202,0.9904824893058242,False
slp-vectorizer,loop-versioning,-0.0023571767791860654,-0.6230377930103834,0.533277050742912,4065,4120,0.9904824893058242,False
slp-vectorizer,loop-flatten,-0.0029851317950559952,-0.7974580586882055,0.42520795108959497,4111,4160,0.9904824893058242,False
slp-vectorizer,loop-reroll,-0.007119610629631734,-1.9316685120189407,0.05343462899359028,4108,4169,0.9205345724027795,False
slp-vectorizer,loop-instsimplify,0.001479335765854628,0.40112780028258893,0.6883361610121455,4174,4306,0.9904824893058242,False
slp-vectorizer,loop-simplifycfg,0.0017206373236680617,0.4705880262823597,0.6379471083713518,4226,4226,0.9904824893058242,False
slp-vectorizer,loop-predication,0.004278852041591674,1.1453339898989459,0.25210332170992034,4158,4290,0.9833033942390916,False
slp-vectorizer,speculative-execution,0.0014484461709259322,0.38864026658608547,0.697552131569285,4219,4178,0.9904824893058242,False
slp-vectorizer,partially-inline-libcalls,-0.0031708902236455283,-0.8561259731992853,0.39195259766474677,4285,4105,0.9904824893058242,False
slp-vectorizer,load-store-vectorizer,-0.00302687076633934,-0.813122156432774,0.416171283686861,4113,4256,0.9904824893058242,False
slp-vectorizer,iroutliner,0.0014884556129556858,0.4070889526327331,0.6839530449205424,4183,4208,0.9904824893058242,False
slp-vectorizer,global-merge,-0.00104532330762519,-0.28656920677100184,0.774449315797586,4164,4177,0.9930288168050652,False
slp-vectorizer,break-crit-edges,0.0010271169208632691,0.26631220655428856,0.790005368726963,4124,4217,0.9930288168050652,False
slp-vectorizer,unreachableblockelim,0.00010256354556303915,0.027774799114063203,0.9778424202841357,4260,4208,0.9990475216511701,False
callsite-splitting,dfa-jump-threading,-0.002037093499613285,-0.5464913121314018,0.5847427172956171,4242,4193,0.9904824893058242,False
callsite-splitting,consthoist,-0.00032046742100627634,-0.08754737422360852,0.93023850227174,4194,4291,0.9970496471007156,False
callsite-splitting,mldst-motion,-0.0012897418855837284,-0.3420755704646509,0.7323026724609949,4148,4166,0.9925991244200286,False
callsite-splitting,slsr,-0.0023888793804718866,-0.6306675026631782,0.5282754028292729,4162,4166,0.9904824893058242,False
callsite-splitting,loop-interchange,-0.0009585131344150288,-0.25382278402327074,0.7996387544651525,4221,4120,0.9930288168050652,False
callsite-splitting,loop-fusion,-0.00022359370691116265,-0.06090852471620054,0.951433524021041,4135,4187,0.9987622411976728,False
callsite-splitting,loop-distribute,-0.001763925286087653,-0.47062486723294183,0.6379210080040911,4146,4168,0.9904824893058242,False
callsite-splitting,loop-load-elim,-0.00011119853833413407,-0.029901103060753463,0.9761466217848367,4244,4337,0.9990475216511701,False
callsite-splitting,loop-sink,-0.0039420755345788705,-1.0961383505111781,0.2730496408862997,4179,4229,0.9904824893058242,False
callsite-splitting,loop-unroll-and-jam,-0.0031399997404982227,-0.8450382496806799,0.3981139965750039,4170,4084,0.9904824893058242,False
callsite-splitting,hotcoldsplit,4.4238780258665233e-05,0.011780370333034857,0.9906011217399866,4280,4137,0.9990475216511701,False
callsite-splitting,irce,-0.004811798993507199,-1.2872979358488599,0.1980262160094147,4192,4143,0.9705585112162733,False
callsite-splitting,nary-reassociate,0.007217401920592503,1.9023147915695466,0.05716415253810673,4192,4217,0.9214183220099281,False
callsite-splitting,scalarizer,0.002073535712644292,0.5594663704302999,0.575858606632424,4132,4157,0.9904824893058242,False
callsite-splitting,vector-combine,0.0017852245549250245,0.4739511004346767,0.6355472790164263,4148,4152,0.9904824893058242,False
callsite-splitting,always-inline,6.690823080646169e-05,0.017797492463428814,0.9858008281928335,4169,4227,0.9990475216511701,False
callsite-splitting,globalsplit,-0.00038337968270657496,-0.10325560391267712,0.9177625851088749,4199,4172,0.9962685063900011,False
callsite-splitting,lowerswitch,-0.0007354518581637604,-0.1892719910378127,0.8498842666670383,4167,4149,0.9939385410125189,False
callsite-splitting,early-cse-memssa,-0.0035684660871082574,-1.324149703133737,0.18548986997400188,4259,4094,0.9705585112162733,False
callsite-splitting,simple-loop-unswitch,-0.0034239087989988426,-0.9178467165771655,0.35872563549833947,4127,4260,0.9904824893058242,False
callsite-splitting,loop-versioning,-0.0008013272208549083,-0.21301860070497183,0.8313176878349442,4097,4210,0.9939033925017995,False
callsite-splitting,loop-flatten,-0.0021940440297247843,-0.5901379096022137,0.5551140338345797,4227,4194,0.9904824893058242,False
callsite-splitting,loop-reroll,-0.00036629563876272586,-0.10083397737188717,0.9196846783248755,4147,4216,0.9962685063900011,False
callsite-splitting,loop-instsimplify,0.004044462303646357,1.1119191808738391,0.26620433291584705,4268,4240,0.9881101115625185,False
callsite-splitting,loop-simplifycfg,-0.001866357783202821,-0.5006024473065286,0.616664167424037,4264,4093,0.9904824893058242,False
callsite-splitting,loop-predication,-0.0013761313378862217,-0.3639414815702688,0.7159110135896601,4129,4142,0.9924654586614432,False
callsite-splitting,speculative-execution,0.003518901423992027,0.9549962408843298,0.339607103115241,4261,4138,0.9904824893058242,False
callsite-splitting,partially-inline-libcalls,-0.002269961914605101,-0.6040251004348228,0.5458436105655207,4059,4180,0.9904824893058242,False
callsite-splitting,load-store-vectorizer,-0.0016984807730054396,-0.46043991494490605,0.6452122324186997,4267,4262,0.9904824893058242,False
callsite-splitting,iroutliner,0.0033984595982768373,0.9372218762414746,0.34867137399453324,4129,4278,0.9904824893058242,False
callsite-splitting,global-merge,-0.00614992243024215,-1.6618452281716127,0.09658125478427958,4151,4222,0.9225926052309387,False
callsite-splitting,break-crit-edges,0.001745616711480158,0.4683927690632774,0.6395158228224392,4254,4201,0.9904824893058242,False
callsite-splitting,unreachableblockelim,-0.001761538126071549,-0.4826265116876124,0.6293736074063246,4244,4137,0.9904824893058242,False
dfa-jump-threading,consthoist,-0.00034001609786071807,-0.0907618225739254,0.9276839652228429,4339,4241,0.9962685063900011,False
dfa-jump-threading,mldst-motion,-0.004688660959746849,-1.2732481580528336,0.20296566784495773,4235,4068,0.9705585112162733,False
dfa-jump-threading,slsr,-0.0026430509703593286,-0.7141404952435539,0.47516051857231534,4234,4021,0.9904824893058242,False
dfa-jump-threading,loop-interchange,-0.006223657890328305,-1.6514454046247293,0.09868536565983842,4142,4201,0.9272869961510797,False
dfa-jump-threading,loop-fusion,-0.004360201972383848,-1.1918706935549368,0.23334643877330974,4092,4119,0.9745114828179076,False
dfa-jump-threading,loop-distribute,-0.004696898225676205,-1.2776790368196316,0.20139744618031918,4324,4202,0.9705585112162733,False
dfa-jump-threading,loop-load-elim,-0.003040703423902391,-0.8212618725314665,0.41152048739605146,4205,4189,0.9904824893058242,False
dfa-jump-threading,loop-sink,0.0035464258408640092,0.9399861156685988,0.34725139410893824,4245,4265,0.9904824893058242,False
dfa-jump-threading,loop-unroll-and-jam,0.004065319750236829,1.097376185560304,0.2725083584157153,4239,4186,0.9904824893058242,False
dfa-jump-threading,hotcoldsplit,0.001625422757267958,0.4376160904586317,0.6616759065691207,4216,4150,0.9904824893058242,False
dfa-jump-threading,irce,0.007483820735175839,2.021302759846724,0.0432804976691132,4080,4217,0.9119822292272008,False
dfa-jump-threading,nary-reassociate,0.003256844990758234,0.8671294428467988,0.3858957612236694,4257,4183,0.9904824893058242,False
dfa-jump-threading,scalarizer,0.006047445431623666,1.614034969918234,0.10655790128437653,4218,4094,0.9298842796600941,False
dfa-jump-threading,vector-combine,-0.006261331579972995,-1.6745668366155904,0.09405721833427454,4143,4096,0.9223771155217892,False
dfa-jump-threading,always-inline,-0.0016297625512871616,-0.4458256259339892,0.6557346586861504,4192,4248,0.9904824893058242,False
dfa-jump-threading,globalsplit,-0.005850559290009993,-1.5736540351878412,0.1156056073029593,4083,4243,0.9352659276973905,False
dfa-jump-threading,lowerswitch,-0.00041027352103450987,-0.10999212592453411,0.9124182310186466,4187,4267,0.9961990294109887,False
dfa-jump-threading,early-cse-memssa,0.0034566351288811137,1.2848340282791801,0.1988865555951781,4134,4115,0.9705585112162733,False
dfa-jump-threading,simple-loop-unswitch,0.007671380136003492,2.04114824482674,0.041267326904109516,4211,4188,0.9119822292272008,False
dfa-jump-threading,loop-versioning,-0.0016404137361162308,-0.427183851417895,0.6692565446880169,4098,4174,0.9904824893058242,False
dfa-jump-threading,loop-flatten,-0.0004183815305009442,-0.10926113052756178,0.9129980364889556,4115,4127,0.9961990294109887,False
dfa-jump-threading,loop-reroll,-0.001555549388791655,-0.409535207119803,0.6821574885029152,4179,4135,0.9904824893058242,False
dfa-jump-threading,loop-instsimplify,0.003088092349352145,0.8328258973993259,0.4049667760131647,4122,4221,0.9904824893058242,False
dfa-jump-threading,loop-simplifycfg,-0.009574056537999143,-2.564785727557309,0.010341277646722631,4217,4133,0.6952908493072808,False
dfa-jump-threading,loop-predication,0.004162630809142753,1.099745144258215,0.2714749010804283,4287,4116,0.9904824893058242,False
dfa-jump-threading,speculative-execution,-0.0028210688045894883,-0.7598993762913165,0.44733588787658235,4241,4231,0.9904824893058242,False
dfa-jump-threading,partially-inline-libcalls,-0.0016608650473651787,-0.44260743254562407,0.6580609808503337,4314,4186,0.9904824893058242,False
dfa-jump-threading,load-store-vectorizer,0.0024015329405199792,0.6362823368048164,0.5246099834539886,4113,4186,0.9904824893058242,False
dfa-jump-threading,iroutliner,-0.001859147178681797,-0.49935467334133204,0.6175428056235674,4136,4158,0.9904824893058242,False
dfa-jump-threading,global-merge,0.002781993786087511,0.7398348147687834,0.45942117879100003,4093,4200,0.9904824893058242,False
dfa-jump-threading,break-crit-edges,2.664806543845044e-05,0.007078734969366344,0.9943522039341548,4177,4126,0.9990475216511701,False
dfa-jump-threading,unreachableblockelim,-0.002692198755284536,-0.7360646399626735,0.46171198578884953,4166,4207,0.9904824893058242,False
consthoist,mldst-motion,0.0010323192507162848,0.2764804757082152,0.782185874277023,4173,4222,0.9930288168050652,False
consthoist,slsr,-0.0007600563518096459,-0.207138846806063,0.8359063835767447,4293,4216,0.9939033925017995,False
consthoist,loop-interchange,0.0016451034529436082,0.43969849107853637,0.6601668213518501,4200,4192,0.9904824893058242,False
consthoist,loop-fusion,-8.921308263359906e-05,-0.02420082216948179,0.9806929878901244,4293,4248,0.9990475216511701,False
consthoist,loop-distribute,-0.00025533883514061717,-0.06638700894025201,0.9470713324296721,4119,4078,0.9987622411976728,False
consthoist,loop-load-elim,0.0058180153944081825,1.5803393219388597,0.11406644911501117,4248,4240,0.9352659276973905,False
consthoist,loop-sink,-0.0024619623037627214,-0.6651245984450637,0.5059890806561052,4252,4201,0.9904824893058242,False
consthoist,loop-unroll-and-jam,0.0021662082373274383,0.5825569191824785,0.5602072458612682,4252,4164,0.9904824893058242,False
consthoist,hotcoldsplit,-0.0016515278974209013,-0.44963416663988837,0.6529859962175997,4104,4195,0.9904824893058242,False
consthoist,irce,6.0171614338799806e-05,0.016035272946470586,0.9872066331462522,4211,4180,0.9990475216511701,False
consthoist,nary-reassociate,0.0026077578628015963,0.6723900440546257,0.5013539891984544,4145,4234,0.9904824893058242,False
consthoist,scalarizer,-0.0035903319730357652,-0.9785985612858945,0.3278066112765562,4189,4205,0.9904824893058242,False
consthoist,vector-combine,-0.001816004852548403,-0.47990319248131086,0.6313087528002528,4203,4185,0.9904824893058242,False
consthoist,always-inline,-0.001834279732518096,-0.4929533170365457,0.6220585002006952,4128,4257,0.9904824893058242,False
consthoist,globalsplit,0.002345730422789849,0.6404042044514408,0.5219273603782304,4166,4226,0.9904824893058242,False
consthoist,lowerswitch,0.0032115080523295036,0.855797587761888,0.39213422058540953,4192,4204,0.9904824893058242,False
consthoist,early-cse-memssa,0.0006748755201327894,0.2603489506984631,0.7946011536882511,4266,3990,0.9930288168050652,False
consthoist,simple-loop-unswitch,0.002163735754214857,0.571196904054124,0.5678817557436774,4121,4157,0.9904824893058242,False
consthoist,loop-versioning,-0.00704320862952007,-1.8387210001926984,0.0659919503855466,4196,4110,0.9223771155217892,False
consthoist,loop-flatten,0.0026530077590882772,0.7127498969265861,0.47602091200003754,4123,4067,0.9904824893058242,False
consthoist,loop-reroll,-0.0018934468431112683,-0.5093155766150286,0.6105443649463133,4183,4254,0.9904824893058242,False
consthoist,loop-instsimplify,0.007074597378549097,1.9160218674534109,0.05539603661111591,4155,4292,0.9214183220099281,False
consthoist,loop-simplifycfg,-0.0052774111106834165,-1.415000868248231,0.15710454778444255,4283,4322,0.9705585112162733,False
consthoist,loop-predication,-0.0028218881604836765,-0.7731562758390592,0.43945147198519846,4224,4250,0.9904824893058242,False
consthoist,speculative-execution,-0.004451009774850634,-1.2318035349399192,0.2180563251420604,4225,4336,0.9705585112162733,False
consthoist,partially-inline-libcalls,-0.005038499421585518,-1.3392019517422777,0.18054137102815326,4177,4185,0.9705585112162733,False
consthoist,load-store-vectorizer,0.0012378461324415446,0.33590965411446005,0.7369474774558707,4159,4165,0.9925991244200286,False
consthoist,iroutliner,0.005886822461157459,1.5931041314724277,0.11117445183481214,4167,4237,0.9298842796600941,False
consthoist,global-merge,0.002838245017994956,0.7639965825184354,0.444890568718395,4261,4208,0.9904824893058242,False
consthoist,break-crit-edges,0.0016968507563036583,0.45166148583181237,0.6515246594763715,4160,4157,0.9904824893058242,False
consthoist,unreachableblockelim,-0.002713702760774095,-0.7029562942956787,0.4821025969189665,4135,4212,0.9904824893058242,False
mldst-motion,slsr,-0.0029346946874747593,-0.8027113043279029,0.42216456003060254,4088,4263,0.9904824893058242,False
mldst-motion,loop-interchange,-0.000811278626893841,-0.2142607739653336,0.8303489642036642,4185,4125,0.9939033925017995,False
mldst-motion,loop-fusion,0.0016700866157957073,0.45365091898570514,0.6500919496110985,4151,4159,0.9904824893058242,False
mldst-motion,loop-distribute,-1.5639395034905412e-05,-0.004251547637956483,0.996607866651106,4308,4127,0.9990475216511701,False
mldst-motion,loop-load-elim,-0.003524088492859956,-0.9842312244240092,0.3250297909530116,4296,4233,0.9904824893058242,False
mldst-motion,loop-sink,0.0007073253695669135,0.1888974957164038,0.850177681489443,4217,4261,0.9939385410125189,False
mldst-motion,loop-unroll-and-jam,0.001176858808960124,0.31810312353190323,0.750414569586438,4264,4197,0.9930288168050652,False
mldst-motion,hotcoldsplit,-0.005435731938878474,-1.5013378044609502,0.1333051775230469,4211,4343,0.9572881463934645,False
mldst-motion,irce,0.0027818096768453815,0.7540043840847316,0.45086800034690777,4135,4159,0.9904824893058242,False
mldst-motion,nary-reassociate,-0.006797324174437569,-1.8118077254777722,0.07005210641033383,4128,4158,0.9223771155217892,False
mldst-motion,scalarizer,0.007101618596249026,1.9058760291781187,0.05670023116790406,4280,4216,0.9214183220099281,False
mldst-motion,vector-combine,-0.005298659035744058,-1.42365552057286,0.15458307334329105,4340,4157,0.9705585112162733,False
mldst-motion,always-inline,0.004944411641146396,1.359309441919545,0.1740844719255456,4240,4296,0.9705585112162733,False
mldst-motion,globalsplit,-0.0007755033881661766,-0.2075352465407691,0.8355968431882709,4154,4344,0.9939033925017995,False
mldst-motion,lowerswitch,0.0019659155808312567,0.528987118173052,0.5968283864446156,4104,4300,0.9904824893058242,False
mldst-motion,early-cse-memssa,-0.0004611283945623601,-0.16815731189841088,0.8664635979964622,4198,4150,0.9939394641716258,False
mldst-motion,simple-loop-unswitch,0.002489104025088784,0.6629032741153008,0.5074105159044736,4244,4241,0.9904824893058242,False
mldst-motion,loop-versioning,0.0003019512730021434,0.08186454491972639,0.9347563815187805,4186,4244,0.9971441508502933,False
mldst-motion,loop-flatten,0.00043491229222791805,0.11680963262450324,0.9070137426274877,4099,4195,0.9961990294109887,False
mldst-motion,loop-reroll,-3.997004902300816e-05,-0.010508273778333651,0.9916160135228412,4291,4162,0.9990475216511701,False
mldst-motion,loop-instsimplify,-0.0017271522013400653,-0.46359261103155885,0.6429517885248749,4191,4124,0.9904824893058242,False
mldst-motion,loop-simplifycfg,0.002702697043614033,0.7208061254670007,0.47104889329874916,4153,4238,0.9904824893058242,False
mldst-motion,loop-predication,-0.002891548020778123,-0.7589642050791844,0.4478953994578633,4120,4269,0.9904824893058242,False
mldst-motion,speculative-execution,-0.0004929502503618899,-0.13315494601907504,0.8940740645596038,4089,4232,0.9961990294109887,False
mldst-motion,partially-inline-libcalls,0.005965353669246054,1.6289279697571823,0.10336566230491684,4200,4226,0.9298842796600941,False
mldst-motion,load-store-vectorizer,0.00045163691521094007,0.12146308004264564,0.9033271608439498,4238,4168,0.9961990294109887,False
mldst-motion,iroutliner,-0.008658241376867826,-2.3342548669438,0.01960583555799436,4179,4224,0.8664835032488354,False
mldst-motion,global-merge,0.006692259620522667,1.8359913600793538,0.06639421101803343,4151,4263,0.9223771155217892,False
mldst-motion,break-crit-edges,0.0035283761652859513,0.9514994131079741,0.34137773816701844,4229,4363,0.9904824893058242,False
mldst-motion,unreachableblockelim,-0.004435826335156323,-1.1519369585847117,0.24937983764169236,4174,4214,0.9809668827741863,False
slsr,loop-interchange,0.0021630017652657374,0.5746981282990922,0.565511041195698,4229,4091,0.9904824893058242,False
slsr,loop-fusion,0.0052509652264811635,1.4140240090493486,0.15739249816208387,4123,4156,0.9705585112162733,False
slsr,loop-distribute,-0.0027573933931347994,-0.72001875933791,0.4715339117607544,4176,4049,0.9904824893058242,False
slsr,loop-load-elim,-0.003700623798020497,-0.9872617856325416,0.3235426676515547,4191,4263,0.9904824893058242,False
slsr,loop-sink,-0.0068239355009082625,-1.815002806068484,0.06955949191374279,4155,4205,0.9223771155217892,False
slsr,loop-unroll-and-jam,0.0013287269978108363,0.35646314711561905,0.7215026810816028,4221,4198,0.9925991244200286,False
slsr,hotcoldsplit,0.007024992813741249,1.852422151850572,0.06400045546136375,4224,4138,0.9214183220099281,False
slsr,irce,0.0008927245928905259,0.23736474965845725,0.8123796391172118,4187,4194,0.9930288168050652,False
slsr,nary-reassociate,0.0010393785982248382,0.2855673377720678,0.775216568080688,4269,4137,0.9930288168050652,False
slsr,scalarizer,-0.002954004634249774,-0.7880490209584754,0.4306907616814036,4119,4102,0.9904824893058242,False
slsr,vector-combine,0.0003082194977901964,0.08270625180844186,0.9340870858537282,4194,4206,0.9971441508502933,False
slsr,always-inline,0.004717820589100086,1.2847817222100262,0.19890379428435576,4216,4246,0.9705585112162733,False
slsr,globalsplit,0.002606219118518882,0.7092873782406907,0.47816574273714696,4171,4275,0.9904824893058242,False
slsr,lowerswitch,0.005334714985714528,1.3971882251020404,0.16239409779026712,4216,4137,0.9705585112162733,False
slsr,early-cse-memssa,0.000334882942262138,0.1277577577703513,0.8983437986228874,4178,4100,0.9961990294109887,False
slsr,simple-loop-unswitch,0.003454231194991275,0.9324180421015574,0.3511470889135113,4186,4290,0.9904824893058242,False
slsr,loop-versioning,-0.0023029885463120014,-0.602550574117177,0.54682435028264,4127,4089,0.9904824893058242,False
slsr,loop-flatten,-0.0008914591986707854,-0.2347847119490468,0.8143815899583213,4219,4135,0.9930288168050652,False
slsr,loop-reroll,-0.0008947603260617831,-0.242346617579403,0.8085176415725085,4107,4123,0.9930288168050652,False
slsr,loop-instsimplify,0.0013174365623521145,0.3538539815640672,0.7234572527648895,4213,4148,0.9925991244200286,False
slsr,loop-simplifycfg,-0.0001323258230513935,-0.034921607661813306,0.972143100548474,4115,4127,0.9990475216511701,False
slsr,loop-predication,-0.00045708938742428096,-0.12116243578750543,0.9035653307301263,4044,4200,0.9961990294109887,False
slsr,speculative-execution,-0.006824153689558299,-1.8179544761346047,0.06910709237050194,4168,4150,0.9223771155217892,False
slsr,partially-inline-libcalls,0.0008423469760638347,0.22468606433307714,0.8222288985914492,4269,4252,0.9930288168050652,False
slsr,load-store-vectorizer,-0.0023780775708022173,-0.6416500882814553,0.5211179271217279,4234,4177,0.9904824893058242,False
slsr,iroutliner,0.0005408849326160592,0.14805317134570073,0.8823043531092435,4230,4203,0.994650908707853,False
slsr,global-merge,-0.0020614429136840418,-0.5458402239877674,0.5851902568743925,4168,4240,0.9904824893058242,False
slsr,break-crit-edges,-0.0021735998369594167,-0.577232138145026,0.5637981551547361,4140,4243,0.9904824893058242,False
slsr,unreachableblockelim,0.008270846504385476,2.149498160811394,0.03162349544375545,4190,4186,0.8825311530906069,False
loop-interchange,loop-fusion,-0.007723945624517614,-2.115433191181416,0.03442175484008236,4271,4320,0.8825311530906069,False
loop-interchange,loop-distribute,-0.0026921999737132274,-0.7268525801395352,0.46733651009505106,4171,4237,0.9904824893058242,False
loop-interchange,loop-load-elim,0.0017054748102535155,0.464584509170742,0.6422411882810934,4134,4204,0.9904824893058242,False
loop-interchange,loop-sink,0.003871188206724774,1.0210987671009835,0.30723764082527805,4172,4091,0.9904824893058242,False
loop-interchange,loop-unroll-and-jam,0.00065984079731779,0.17998359639408643,0.8571698268141731,4186,4157,0.9939385410125189,False
loop-interchange,hotcoldsplit,0.005947090084257645,1.639486908907443,0.10114915068369484,4248,4207,0.9298842796600941,False
loop-interchange,irce,-0.004812838416943965,-1.30905734544845,0.1905507960893122,4195,4195,0.9705585112162733,False
loop-interchange,nary-reassociate,-0.007611658643907726,-2.01988012186921,0.043427707426969615,4296,4085,0.9119822292272008,False
loop-interchange,scalarizer,-0.004908806078426198,-1.2927512199114748,0.19613286486607542,4179,4195,0.9705585112162733,False
loop-interchange,vector-combine,0.004204753004321327,1.1288354621135979,0.2590002256302271,4108,4109,0.9858725228221116,False
loop-interchange,always-inline,-0.00619797701599395,-1.6790680371194788,0.09317594885646721,4172,4250,0.9223771155217892,False
loop-interchange,globalsplit,0.0013504985998772923,0.3701277862866228,0.7112965147519933,4204,4286,0.9916947457282645,False
loop-interchange,lowerswitch,0.003389202796106938,0.9121862823713877,0.3616967826230208,4219,4202,0.9904824893058242,False
loop-interchange,early-cse-memssa,0.0014204868835418494,0.5503751449546165,0.5820767838537351,4147,4234,0.9904824893058242,False
loop-interchange,simple-loop-unswitch,-0.002253314074612933,-0.6135919589453693,0.5395017746240328,4165,4167,0.9904824893058242,False
loop-interchange,loop-versioning,0.0002752412896652734,0.07396342693821298,0.9410412454864048,4172,4258,0.9987146011758271,False
loop-interchange,loop-flatten,-0.0001257754286394519,-0.03393946746900091,0.9729262182075856,4261,4238,0.9990475216511701,False
loop-interchange,loop-reroll,-0.0010917687622923333,-0.2890045394571959,0.772585177816688,4125,4113,0.9930288168050652,False
loop-interchange,loop-instsimplify,-0.0012266713744535362,-0.3295452914265075,0.7417518267396116,4227,4137,0.9930288168050652,False
loop-interchange,loop-simplifycfg,0.00018896270947366123,0.04975283193777481,0.960320562111383,4205,4099,0.9990475216511701,False
loop-interchange,loop-predication,0.0014931215414433208,0.395574973815401,0.6924285911050538,4246,4204,0.9904824893058242,False
loop-interchange,speculative-execution,-0.000904278691059357,-0.23424260745239156,0.8148024027672479,4064,4282,0.9930288168050652,False
loop-interchange,partially-inline-libcalls,-0.0025627251780651616,-0.6768436614252751,0.4985242911325106,4095,4094,0.9904824893058242,False
loop-interchange,load-store-vectorizer,0.005781368349889515,1.513051087935012,0.13030464826442495,4164,4173,0.9572881463934645,False
loop-interchange,iroutliner,-0.0055341440757898375,-1.4969737982497264,0.1344379880783277,4260,4102,0.9572881463934645,False
loop-interchange,global-merge,0.0013069743536217038,0.34388039074506455,0.730944822348034,4180,4317,0.9925991244200286,False
loop-interchange,break-crit-edges,-0.002239537563381966,-0.59550158459092,0.5515242801176093,4176,4236,0.9904824893058242,False
loop-interchange,unreachableblockelim,7.990993895590215e-06,0.002124753627559671,0.998304743413408,4254,4184,0.9990993953973313,False
loop-fusion,loop-distribute,0.0035773128608729277,0.9588706671887799,0.337651014817024,4262,4291,0.9904824893058242,False
loop-fusion,loop-load-elim,-0.010958279883136801,-2.9037574797989874,0.0036968717217776043,4205,4085,0.41493838542508565,False
loop-fusion,loop-sink,2.574747245726039e-05,0.007068968507960383,0.9943599930492708,4258,4220,0.9990475216511701,False
loop-fusion,loop-unroll-and-jam,0.0018434800793263317,0.4897573659334043,0.6243186531229461,4088,4162,0.9904824893058242,False
loop-fusion,hotcoldsplit,0.00019218734547155059,0.05125707186038776,0.9591218934873393,4263,4155,0.9990475216511701,False
loop-fusion,irce,-0.002701120854945671,-0.7067978532251682,0.47971181883151215,4132,4231,0.9904824893058242,False
loop-fusion,nary-reassociate,0.0019144883764934395,0.5123908589029336,0.6083911446954776,4175,4113,0.9904824893058242,False
loop-fusion,scalarizer,0.0011734765983527073,0.3155397898340726,0.7523596694165627,4160,4260,0.9930288168050652,False
loop-fusion,vector-combine,-0.003367393482307246,-0.9246921434348582,0.3551525977748273,4150,4264,0.9904824893058242,False
loop-fusion,always-inline,0.0024660274466238863,0.6547865938879828,0.5126232721933685,4090,4247,0.9904824893058242,False
loop-fusion,globalsplit,0.001418947228263634,0.3818519834252655,0.7025807729744711,4231,4211,0.9904824893058242,False
loop-fusion,lowerswitch,-0.005744714734102652,-1.5263574960459603,0.12695897035317952,4134,4177,0.9571011169933062,False
loop-fusion,early-cse-memssa,-0.0016666248304740283,-0.5972188008754472,0.5503777353355486,4116,4186,0.9904824893058242,False
loop-fusion,simple-loop-unswitch,0.000672673309319749,0.178878588948532,0.8580373560762374,4250,4140,0.9939385410125189,False
loop-fusion,loop-versioning,0.0029520866110046007,0.8028842479306746,0.4220641141996605,4297,4196,0.9904824893058242,False
loop-fusion,loop-flatten,0.001757040500908802,0.4761231080939747,0.6339990394505256,4198,4223,0.9904824893058242,False
loop-fusion,loop-reroll,-0.004006557795741383,-1.0868691876543077,0.27712615084735764,4136,4199,0.9904824893058242,False
loop-fusion,loop-instsimplify,0.0006804939110169328,0.1862650433561649,0.8522414161881879,4178,4230,0.9939385410125189,False
loop-fusion,loop-simplifycfg,-0.009248290367216083,-2.465865716837514,0.01368807065399426,4181,4263,0.8163479239936102,False
loop-fusion,loop-predication,0.00517199608293234,1.3877755927060709,0.16524182581041538,4200,4288,0.9705585112162733,False
loop-fusion,speculative-execution,0.0031925154935599775,0.8404867624161926,0.4006598018704066,4155,4144,0.9904824893058242,False
loop-fusion,partially-inline-libcalls,0.005740813486872665,1.5470316920839673,0.12189337091050013,4279,4110,0.9470921438204732,False
loop-fusion,load-store-vectorizer,0.0025133751538944926,0.6685209998741032,0.5038195602133161,4152,4234,0.9904824893058242,False
loop-fusion,iroutliner,0.000821777646815125,0.22429934309579386,0.8225297437513744,4226,4331,0.9930288168050652,False
loop-fusion,global-merge,-0.00679266417559915,-1.794217407164622,0.07281446343431175,4220,4258,0.9223771155217892,False
loop-fusion,break-crit-edges,-0.0013722565083457705,-0.37440145904565975,0.7081149479969193,4329,4218,0.9916947457282645,False
loop-fusion,unreachableblockelim,0.001767011294198817,0.4754863333480108,0.6344529653215348,4234,4081,0.9904824893058242,False
loop-distribute,loop-load-elim,-0.00197649224618085,-0.5476554771730481,0.5839429280481913,4222,4247,0.9904824893058242,False
loop-distribute,loop-sink,-0.0029477455612187398,-0.7711281429523049,0.4406527784940174,4183,4180,0.9904824893058242,False
loop-distribute,loop-unroll-and-jam,0.0023558805845001474,0.6306202404531748,0.5283060906011564,4248,4145,0.9904824893058242,False
loop-distribute,hotcoldsplit,0.00014222160103782855,0.03902505861944313,0.9688713319697176,4276,4177,0.9990475216511701,False
loop-distribute,irce,0.0004212788126702893,0.11577204600984432,0.9078359475549626,4284,4209,0.9961990294109887,False
loop-distribute,nary-reassociate,-0.003844766889202378,-1.0164592656942577,0.30944064172832175,4111,4114,0.9904824893058242,False
loop-distribute,scalarizer,-0.0014498468166823653,-0.38739885084327136,0.6984706565408012,4254,4263,0.9904824893058242,False
loop-distribute,vector-combine,-0.0050677794328398695,-1.335276417587542,0.18182252589690306,4090,4209,0.9705585112162733,False
loop-distribute,always-inline,0.0017135086573789038,0.4578404902553037,0.6470788960059457,4162,4234,0.9904824893058242,False
loop-distribute,globalsplit,0.004503714715814511,1.1905424041806307,0.2338676703180064,4089,4129,0.9745114828179076,False
loop-distribute,lowerswitch,0.0024538554446897343,0.668629721732951,0.5037501164912606,4189,4197,0.9904824893058242,False
loop-distribute,early-cse-memssa,0.0005020696027073224,0.19362742239072922,0.8464722108165861,4301,4276,0.9939385410125189,False
loop-distribute,simple-loop-unswitch,-0.0069122231883779195,-1.902460069837941,0.057144804546055354,4271,4243,0.9214183220099281,False
loop-distribute,loop-versioning,-0.001111961105779602,-0.3017642473942666,0.7628391929257635,4310,4166,0.9930288168050652,False
loop-distribute,loop-flatten,0.003999088840340559,1.067554517137691,0.28575177503329985,4257,4260,0.9904824893058242,False
loop-distribute,loop-reroll,-0.004036913574168466,-1.0399626519741698,0.29838755274601425,4163,4140,0.9904824893058242,False
loop-distribute,loop-instsimplify,-0.0003230882075299646,-0.09053687916406951,0.9278627114597557,4266,4285,0.9962685063900011,False
loop-distribute,loop-simplifycfg,0.004767321990206352,1.2676462897499008,0.20495981556966814,4248,4100,0.9705585112162733,False
loop-distribute,loop-predication,-0.00015517426944383628,-0.040455997066678566,0.9677305699396777,4119,4126,0.9990475216511701,False
loop-distribute,speculative-execution,0.004116700701919829,1.0564279515465795,0.29080368126424694,4153,4144,0.9904824893058242,False
loop-distribute,partially-inline-libcalls,0.0002452113152321411,0.06578236675900238,0.9475526626188595,4146,4245,0.9987622411976728,False
loop-distribute,load-store-vectorizer,0.00382881227490095,1.058066392627067,0.2900551965893836,4325,4206,0.9904824893058242,False
loop-distribute,iroutliner,0.003485561427531203,0.9521297959768897,0.34105819937237275,4194,4320,0.9904824893058242,False
loop-distribute,global-merge,0.0015582951078296214,0.41297140494712653,0.6796381005458819,4186,4222,0.9904824893058242,False
loop-distribute,break-crit-edges,0.004378998157306024,1.1409728291287546,0.2539140828038635,4168,4167,0.9847368125906074,False
loop-distribute,unreachableblockelim,-0.000473552898605456,-0.1252248111199604,0.9003485685289285,4131,4282,0.9961990294109887,False
loop-load-elim,loop-sink,-0.002847485590121379,-0.7726897481985309,0.43972786466644675,4170,4206,0.9904824893058242,False
loop-load-elim,loop-unroll-and-jam,-3.070165217095022e-05,-0.008194757936996786,0.9934617978531722,4232,4137,0.9990475216511701,False
loop-load-elim,hotcoldsplit,-0.000771317104318936,-0.21053501095880164,0.8332551453929817,4304,4258,0.9939033925017995,False
loop-load-elim,irce,-0.0027970589579173755,-0.7370090063886631,0.4611375114932837,4226,4155,0.9904824893058242,False
loop-load-elim,nary-reassociate,0.008023075073521013,2.104666852485727,0.0353504470910441,4123,4150,0.8825311530906069,False
loop-load-elim,scalarizer,-0.0009054553713572777,-0.23972471594688277,0.8105495062148625,4210,4215,0.9930288168050652,False
loop-load-elim,vector-combine,-0.0007809140776279255,-0.21179785158648673,0.8322699869804921,4094,4142,0.9939033925017995,False
loop-load-elim,always-inline,-0.0020944935546963195,-0.5574385985330197,0.5772426034972552,4302,4133,0.9904824893058242,False
loop-load-elim,globalsplit,-0.0012472652347204072,-0.3412098186363875,0.7329541443979898,4216,4208,0.9925991244200286,False
loop-load-elim,lowerswitch,0.001141776240738246,0.3057217934668608,0.7598240635023862,4164,4239,0.9930288168050652,False
loop-load-elim,early-cse-memssa,0.0006366664340379802,0.2455440347371783,0.8060411725700842,4252,4217,0.9930288168050652,False
loop-load-elim,simple-loop-unswitch,0.0066212670044862865,1.7423550070071008,0.08148330729074249,4168,4201,0.9223771155217892,False
loop-load-elim,loop-versioning,0.00028020219023083826,0.07448353148273494,0.9406274300383713,4149,4198,0.9987146011758271,False
loop-load-elim,loop-flatten,-0.0013140859177780406,-0.353010982788952,0.7240891030923451,4224,4156,0.9925991244200286,False
loop-load-elim,loop-reroll,-0.001075666938823161,-0.2897819277592483,0.7719902101698973,4147,4297,0.9930288168050652,False
loop-load-elim,loop-instsimplify,-0.004042376242959167,-1.113936400913933,0.2653384106009204,4188,4197,0.9858725228221116,False
loop-load-elim,loop-simplifycfg,-0.0015791145065480183,-0.4121760169351508,0.6802212238696571,4103,4099,0.9904824893058242,False
loop-load-elim,loop-predication,-0.004836580328114737,-1.3252621404908618,0.18512034340967642,4273,4111,0.9705585112162733,False
loop-load-elim,speculative-execution,-0.001319285789747271,-0.3632233824052462,0.716447139720776,4233,4190,0.9924654586614432,False
loop-load-elim,partially-inline-libcalls,-0.0036697677307984677,-0.9747580451468695,0.32970864127306326,4082,4261,0.9904824893058242,False
loop-load-elim,load-store-vectorizer,0.0032332243007311967,0.8795931142846191,0.379104800768559,4273,4186,0.9904824893058242,False
loop-load-elim,iroutliner,-0.004067057830565268,-1.1188215894905233,0.2632491637685178,4208,4027,0.9858725228221116,False
loop-load-elim,global-merge,-0.0023082119185670047,-0.6199506402632622,0.5353074161686605,4067,4197,0.9904824893058242,False
loop-load-elim,break-crit-edges,-0.0017924825695089797,-0.4713824420341214,0.6373799847737044,4155,4196,0.9904824893058242,False
loop-load-elim,unreachableblockelim,0.0021857279636124938,0.5810591574005232,0.5612161513783699,4153,4261,0.9904824893058242,False
loop-sink,loop-unroll-and-jam,0.009779290509437821,2.6231474669405035,0.008727749941367362,4208,4290,0.6572667071229729,False
loop-sink,hotcoldsplit,1.4370992449219688e-05,0.0038527551237609943,0.9969260462063206,4105,4218,0.9990475216511701,False
loop-sink,irce,0.001866113862761587,0.49192200985290363,0.6227876854277177,4106,4072,0.9904824893058242,False
loop-sink,nary-reassociate,0.002004409573519883,0.5371048591029711,0.5912092560552302,4254,4242,0.9904824893058242,False
loop-sink,scalarizer,0.0005154972990086271,0.13840374434653865,0.8899246149168435,4304,4232,0.9956985120041026,False
loop-sink,vector-combine,-0.004444414970016242,-1.1838028677952612,0.2365252110650567,4200,4062,0.9745114828179076,False
loop-sink,always-inline,0.0014296439524727478,0.3887696398734464,0.6974565591203433,4101,4180,0.9904824893058242,False
loop-sink,globalsplit,-0.0026180675024762845,-0.7009743847310205,0.48333843067829557,4159,4245,0.9904824893058242,False
loop-sink,lowerswitch,0.0005270207705216912,0.14253596688148346,0.8866600731372418,4212,4233,0.994650908707853,False
loop-sink,early-cse-memssa,-0.0028780011140931427,-1.0585382793557563,0.28984080780147814,4259,4157,0.9904824893058242,False
loop-sink,simple-loop-unswitch,-0.00310017344433261,-0.8323565827344686,0.40523173006202023,4108,4204,0.9904824893058242,False
loop-sink,loop-versioning,-0.005146727031379472,-1.346396364122345,0.1782113154120848,4149,4193,0.9705585112162733,False
loop-sink,loop-flatten,-0.006750426233071316,-1.761978846529853,0.0781102528813892,4022,4155,0.9223771155217892,False
loop-sink,loop-reroll,-0.004087870990827025,-1.1181565379999954,0.26353182076705384,4219,4269,0.9858725228221116,False
loop-sink,loop-instsimplify,-0.0006994661597394258,-0.18814427196088024,0.8507681357497152,4266,4075,0.9939385410125189,False
loop-sink,loop-simplifycfg,-0.006584576456346636,-1.742453631360594,0.08146573903641213,4213,4181,0.9223771155217892,False
loop-sink,loop-predication,0.0039310040600815666,1.0557519973492602,0.291112148862645,4138,4195,0.9904824893058242,False
loop-sink,speculative-execution,-0.0014632813450831672,-0.3978047042008036,0.6907842952544063,4203,4171,0.9904824893058242,False
loop-sink,partially-inline-libcalls,0.0022117798974559677,0.6080133353304084,0.5431952434874883,4160,4153,0.9904824893058242,False
loop-sink,load-store-vectorizer,0.003471555523678338,0.9355605326259073,0.34952650984880096,4171,4197,0.9904824893058242,False
loop-sink,iroutliner,-0.0029681323932888026,-0.8154374553545436,0.4148449708401143,4199,4240,0.9904824893058242,False
loop-sink,global-merge,-0.00464222535679204,-1.2250306021567607,0.2205983110763696,4195,4147,0.9705585112162733,False
loop-sink,break-crit-edges,-0.0011093375132594785,-0.29698366320916014,0.7664863021341819,4151,4277,0.9930288168050652,False
loop-sink,unreachableblockelim,0.0007198815355393684,0.1965024942977309,0.8442215895116097,4225,4257,0.9939385410125189,False
loop-unroll-and-jam,hotcoldsplit,0.006464330414390096,1.7651843607656854,0.07756882614417604,4214,4256,0.9223771155217892,False
loop-unroll-and-jam,irce,0.0041576421467475755,1.0795593228493676,0.2803697478427226,4252,4084,0.9904824893058242,False
loop-unroll-and-jam,nary-reassociate,0.004008884995869766,1.0906653394973367,0.2754512036777736,4279,4237,0.9904824893058242,False
loop-unroll-and-jam,scalarizer,-0.0031991604591768974,-0.8502655126302864,0.3952020411257892,4058,4317,0.9904824893058242,False
loop-unroll-and-jam,vector-combine,-0.0008808244552094835,-0.2395212931853966,0.8107072337355065,4236,4181,0.9930288168050652,False
loop-unroll-and-jam,always-inline,-0.0008366748676039149,-0.2295703577963423,0.8184312560131849,4135,4243,0.9930288168050652,False
loop-unroll-and-jam,globalsplit,-0.002228067687130797,-0.5798522426577019,0.5620297839543537,4241,4192,0.9904824893058242,False
loop-unroll-and-jam,lowerswitch,-0.006560062084614737,-1.7635327119782662,0.07784746052429665,4168,4141,0.9223771155217892,False
loop-unroll-and-jam,early-cse-memssa,-0.001040371434933074,-0.4069749080761343,0.6840367824393178,4155,4262,0.9904824893058242,False
loop-unroll-and-jam,simple-loop-unswitch,-0.0019836694240237818,-0.5345682084351759,0.5929627215421786,4115,4252,0.9904824893058242,False
loop-unroll-and-jam,loop-versioning,-0.00028707014796081065,-0.07812640543430707,0.9377293485187655,4269,4223,0.9987146011758271,False
loop-unroll-and-jam,loop-flatten,0.0005457168661600065,0.14625790495936636,0.8837212195844707,4299,4314,0.994650908707853,False
loop-unroll-and-jam,loop-reroll,0.005295457803137449,1.4011227076613564,0.16121350168788837,4325,4273,0.9705585112162733,False
loop-unroll-and-jam,loop-instsimplify,-0.0013471350043626762,-0.37050378927993965,0.7110164339771718,4209,4249,0.9916947457282645,False
loop-unroll-and-jam,loop-simplifycfg,0.001989920748807106,0.5432814590614518,0.5869504704610841,4178,4214,0.9904824893058242,False
loop-unroll-and-jam,loop-predication,0.0018673345490697324,0.5027577244021418,0.6151479086488699,4216,4124,0.9904824893058242,False
loop-unroll-and-jam,speculative-execution,0.0019205066895353062,0.5081689439735352,0.6113483867983017,4154,4140,0.9904824893058242,False
loop-unroll-and-jam,partially-inline-libcalls,-0.0014176138287267381,-0.39479225519397604,0.6930060971088562,4235,4285,0.9904824893058242,False
loop-unroll-and-jam,load-store-vectorizer,-0.0004693432017298105,-0.12363631726159051,0.9016061801480308,4242,4201,0.9961990294109887,False
loop-unroll-and-jam,iroutliner,0.0001088446749523686,0.02998081015422096,0.976083054013615,4252,4345,0.9990475216511701,False
loop-unroll-and-jam,global-merge,0.0008679375291831826,0.23211840517194085,0.8164516547192943,4252,4229,0.9930288168050652,False
loop-unroll-and-jam,break-crit-edges,0.004220296809245572,1.1336753051475494,0.2569630684912849,4130,4297,0.9858725228221116,False
loop-unroll-and-jam,unreachableblockelim,0.0009564365475383529,0.2601355246962841,0.7947656446270283,4188,4172,0.9930288168050652,False
hotcoldsplit,irce,0.0046927407059538795,1.2972597345682952,0.19457711555823767,4308,4189,0.9705585112162733,False
hotcoldsplit,nary-reassociate,-0.0011807576821362131,-0.31854681579786254,0.7500779763335359,4248,4298,0.9930288168050652,False
hotcoldsplit,scalarizer,-0.00217679112401431,-0.5915792094615164,0.5541483038877558,4165,4259,0.9904824893058242,False
hotcoldsplit,vector-combine,-0.003127484996289731,-0.8347360893937595,0.4038901807107107,4122,4239,0.9904824893058242,False
hotcoldsplit,always-inline,0.001072057968389717,0.2867476405490692,0.7743126641645022,4202,4159,0.9930288168050652,False
hotcoldsplit,globalsplit,-0.0020409507269979477,-0.5384525457862437,0.5902790729094786,4119,4206,0.9904824893058242,False
hotcoldsplit,lowerswitch,-0.0017977959894242002,-0.4957559681624052,0.6200796120606452,4169,4208,0.9904824893058242,False
hotcoldsplit,early-cse-memssa,0.001530724501614622,0.5931207541958929,0.5531163863100712,4187,4177,0.9904824893058242,False
hotcoldsplit,simple-loop-unswitch,0.0028854834001602603,0.7747364494005976,0.4385171771034851,4153,4289,0.9904824893058242,False
hotcoldsplit,loop-versioning,0.001848256136962212,0.49291689092761143,0.6220841739770017,4243,4205,0.9904824893058242,False
hotcoldsplit,loop-flatten,-0.006320402787635349,-1.653110672117981,0.09834627892078607,4217,4080,0.9272869961510797,False
hotcoldsplit,loop-reroll,0.00577803639543073,1.5716781636708272,0.11606317892929917,4161,4178,0.9352659276973905,False
hotcoldsplit,loop-instsimplify,-0.005893578808217559,-1.5497713214199274,0.12123454515413386,4149,4178,0.9450525586222891,False
hotcoldsplit,loop-simplifycfg,0.0028581449898918976,0.783976643915414,0.4330759766559936,4152,4230,0.9904824893058242,False
hotcoldsplit,loop-predication,0.0039957936970371755,1.0352692680881626,0.30057306290568436,4229,4189,0.9904824893058242,False
hotcoldsplit,speculative-execution,0.004116363211818075,1.1230920597428107,0.26143039854767164,4123,4330,0.9858725228221116,False
hotcoldsplit,partially-inline-libcalls,0.004181949277111907,1.1337549144693604,0.2569295736682263,4216,4225,0.9858725228221116,False
hotcoldsplit,load-store-vectorizer,0.00037037729625105653,0.1006055482747479,0.9198659667499154,4158,4353,0.9962685063900011,False
hotcoldsplit,iroutliner,0.002891367624379415,0.7858044554150425,0.43200448744062325,4161,4146,0.9904824893058242,False
hotcoldsplit,global-merge,0.0012680713728154824,0.3372691912966413,0.7359225231979475,4204,4088,0.9925991244200286,False
hotcoldsplit,break-crit-edges,0.002147695567895347,0.5566640772312681,0.5777716013912075,4231,4284,0.9904824893058242,False
hotcoldsplit,unreachableblockelim,-0.000394797315747597,-0.10784443148252819,0.9141216763640213,4135,4261,0.9962685063900011,False
irce,nary-reassociate,0.0007341383554068104,0.19412532434228,0.8460825110377486,4180,4110,0.9939385410125189,False
irce,scalarizer,0.001518063740420017,0.39592642841509446,0.6921694742572921,4181,4178,0.9904824893058242,False
irce,vector-combine,0.0011288110400533569,0.3047712736540397,0.7605479353138883,4201,4179,0.9930288168050652,False
irce,always-inline,0.0012322064223629914,0.33243046129604426,0.7395725435357715,4206,4189,0.9930288168050652,False
irce,globalsplit,0.0005012607085780885,0.13423215630749055,0.8932221830315795,4253,4233,0.9961990294109887,False
irce,lowerswitch,0.0069957786039474,1.8699753249541147,0.0615221807960904,4134,4225,0.9214183220099281,False
irce,early-cse-memssa,-0.0008919279512126232,-0.33163008286958423,0.7401769707418061,4124,4193,0.9930288168050652,False
irce,simple-loop-unswitch,-0.000808583046510214,-0.21563838138871436,0.8292748896558859,4186,4188,0.9939033925017995,False
irce,loop-versioning,0.001617252420123172,0.4395630570871801,0.660264999787346,4086,4301,0.9904824893058242,False
irce,loop-flatten,-0.001033385030433931,-0.27533776184564795,0.783063572482749,4122,4230,0.9930288168050652,False
irce,loop-reroll,0.0016734136409268796,0.4453346977550498,0.6560895214706126,4239,4082,0.9904824893058242,False
irce,loop-instsimplify,-0.0014775964883540493,-0.3963523068626187,0.6918551506695276,4240,4214,0.9904824893058242,False
irce,loop-simplifycfg,0.0008148876970818786,0.21365155694420304,0.8308239797467553,4207,4193,0.9939033925017995,False
irce,loop-predication,-0.0009427235894431951,-0.2528263958267446,0.8004085034850255,4278,4196,0.9930288168050652,False
irce,speculative-execution,4.821260314868958e-05,0.012831039129225775,0.9897628960492475,4198,4247,0.9990475216511701,False
irce,partially-inline-libcalls,-0.0027940659921474875,-0.7507259832304786,0.4528385152467519,4184,4264,0.9904824893058242,False
irce,load-store-vectorizer,-0.0015024905746087724,-0.4060395437245462,0.6847238527078174,4175,4330,0.9904824893058242,False
irce,iroutliner,0.0015607999455052868,0.4292978763864379,0.667717488886812,4171,4225,0.9904824893058242,False
irce,global-merge,0.003739623110476542,1.004443635456616,0.31519359040582806,4228,4225,0.9904824893058242,False
irce,break-crit-edges,-0.0015507370722112612,-0.4240305648756848,0.6715542952927459,4326,4157,0.9904824893058242,False
irce,unreachableblockelim,0.002645858138776047,0.7169493439024944,0.4734256164527742,4116,4152,0.9904824893058242,False
nary-reassociate,scalarizer,-0.0003643311154096218,-0.09860645222145482,0.9214530674536502,4268,4251,0.9962685063900011,False
nary-reassociate,vector-combine,0.00397024738339119,1.0713100055566769,0.28406061269874167,4197,4268,0.9904824893058242,False
nary-reassociate,always-inline,0.000847078396380152,0.23109247626227147,0.8172485767427188,4217,4203,0.9930288168050652,False
nary-reassociate,globalsplit,0.0015191242129248272,0.41245528866299314,0.6800162392299405,4221,4212,0.9904824893058242,False
nary-reassociate,lowerswitch,0.0014690087264946916,0.38999352319078395,0.6965512716553147,4176,4186,0.9904824893058242,False
nary-reassociate,early-cse-memssa,-0.002845397432960972,-1.0556246027722556,0.29116992439606215,4152,4308,0.9904824893058242,False
nary-reassociate,simple-loop-unswitch,-0.005045315207342194,-1.3635835662294176,0.1727351799919783,4230,4217,0.9705585112162733,False
nary-reassociate,loop-versioning,-0.0028377257670532674,-0.7508573882990123,0.45275971078481175,4156,4190,0.9904824893058242,False
nary-reassociate,loop-flatten,0.0018728549193404165,0.5030293126637434,0.6149569476368636,4229,4114,0.9904824893058242,False
nary-reassociate,loop-reroll,-0.0016498919582313976,-0.4479786274222181,0.6541799540840503,4287,4293,0.9904824893058242,False
nary-reassociate,loop-instsimplify,0.0020116775394451447,0.5530682683982672,0.5802313769227847,4216,4189,0.9904824893058242,False
nary-reassociate,loop-simplifycfg,-0.0013172162083031624,-0.3599976030421195,0.7188580043043116,4260,4117,0.9925991244200286,False
nary-reassociate,loop-predication,0.0016937874268215247,0.4483088193386959,0.6539421025052219,4129,4128,0.9904824893058242,False
nary-reassociate,speculative-execution,0.004677460168564962,1.2453319245741084,0.21304425396657106,4263,4208,0.9705585112162733,False
nary-reassociate,partially-inline-libcalls,-0.007837873103255955,-2.1303383735558516,0.03317250598727431,4313,4157,0.8825311530906069,False
nary-reassociate,load-store-vectorizer,0.005141914056242203,1.3732993938948548,0.16969596349752566,4253,4145,0.9705585112162733,False
nary-reassociate,iroutliner,0.007208769134517623,1.9373023327466072,0.05274208268106733,4174,4185,0.9205345724027795,False
nary-reassociate,global-merge,-0.008517437814558715,-2.279157415162635,0.022683007125830476,4138,4172,0.8825311530906069,False
nary-reassociate,break-crit-edges,0.0023153186357146582,0.6152699035629717,0.5383931691551981,4202,4209,0.9904824893058242,False
nary-reassociate,unreachableblockelim,-0.00296517339416813,-0.8059041731113209,0.42032140286736164,4163,4068,0.9904824893058242,False
scalarizer,vector-combine,0.0034153057160385414,0.9128712413190432,0.3613365330092594,4221,4159,0.9904824893058242,False
scalarizer,always-inline,0.002735242187305309,0.7347318545763083,0.46252326250397885,4184,4249,0.9904824893058242,False
scalarizer,globalsplit,-0.0028794457109589944,-0.7808557539573806,0.43490958600336804,4110,4210,0.9904824893058242,False
scalarizer,lowerswitch,-0.0006607863320301499,-0.17405926902363175,0.8618231240074895,4125,4198,0.9939385410125189,False
scalarizer,early-cse-memssa,-0.002410164990313879,-0.9092372568339337,0.3632508530918481,4316,4135,0.9904824893058242,False
scalarizer,simple-loop-unswitch,0.004542221168279625,1.20431906812262,0.22850049838704653,4071,4261,0.9745114828179076,False
scalarizer,loop-versioning,-0.0061022744427900455,-1.621373404077781,0.10497573313436706,4082,4208,0.9298842796600941,False
scalarizer,loop-flatten,-0.005269257061507493,-1.4089576139372968,0.1588848632832749,4327,4058,0.9705585112162733,False
scalarizer,loop-reroll,0.0026603091163883152,0.7222695457876102,0.4701488685950656,4205,4202,0.9904824893058242,False
scalarizer,loop-instsimplify,-0.0035623748269152933,-0.9690817210056996,0.3325325118822795,4195,4150,0.9904824893058242,False
scalarizer,loop-simplifycfg,-0.0014935345320118976,-0.4029533350225989,0.6869927991468505,4217,4199,0.9904824893058242,False
scalarizer,loop-predication,0.0031573822027268217,0.8250537876282249,0.4093649314711268,4248,4034,0.9904824893058242,False
scalarizer,speculative-execution,-0.006298219915956804,-1.7103612696070358,0.08723584595218478,4205,4300,0.9223771155217892,False
scalarizer,partially-inline-libcalls,-0.0011919944191088327,-0.3144412091279464,0.7531937658498712,4180,4260,0.9930288168050652,False
scalarizer,load-store-vectorizer,-0.000936975873476964,-0.2500683340370328,0.8025407190946032,4165,4105,0.9930288168050652,False
scalarizer,iroutliner,0.0020927571691925495,0.5826009452036127,0.5601773897295022,4221,4301,0.9904824893058242,False
scalarizer,global-merge,0.0031702402182406386,0.8507134423467193,0.3949527394593597,4192,4232,0.9904824893058242,False
scalarizer,break-crit-edges,-0.0009560627782072562,-0.24988857296694644,0.8026796974805889,4205,4107,0.9930288168050652,False
scalarizer,unreachableblockelim,0.0007749150987545472,0.20978516462117114,0.8338404670017434,4256,4126,0.9939033925017995,False
vector-combine,always-inline,-0.004902875028288289,-1.3291531874784779,0.18383362421308816,4138,4255,0.9705585112162733,False
vector-combine,globalsplit,-0.002665492703338823,-0.7037109869989081,0.48163206923121876,4327,4180,0.9904824893058242,False
vector-combine,lowerswitch,-0.00406556981218803,-1.1025777550323992,0.2702421689405763,4282,4145,0.9904824893058242,False
vector-combine,early-cse-memssa,-0.0017196614184816772,-0.6301995406772564,0.5285811567765006,4310,4154,0.9904824893058242,False
vector-combine,simple-loop-unswitch,0.005446928936857831,1.4661348310404487,0.14264934137173094,4166,4159,0.95758018139933,False
vector-combine,loop-versioning,-0.0011829105427486053,-0.31574722653552684,0.7522020896768746,4305,4252,0.9930288168050652,False
vector-combine,loop-flatten,-0.0018724876017311431,-0.49346080133677367,0.6216999763602631,4209,4184,0.9904824893058242,False
vector-combine,loop-reroll,-0.0005128809597089723,-0.13924228138284303,0.8892619989531884,4238,4259,0.9956078215606885,False
vector-combine,loop-instsimplify,0.006194359817326911,1.6912541446032632,0.09082567587415492,4181,4158,0.9223771155217892,False
vector-combine,loop-simplifycfg,-0.002546675988827851,-0.6933262319541863,0.4881241440813246,4257,4116,0.9904824893058242,False
vector-combine,loop-predication,0.0004372851816622503,0.11715202290128407,0.9067423673955016,4199,4264,0.9961990294109887,False
vector-combine,speculative-execution,-0.0026300569654003625,-0.702021963902105,0.4826846434059107,4274,4249,0.9904824893058242,False
vector-combine,partially-inline-libcalls,0.0004162770035701646,0.11005168080158576,0.9123711150204172,4057,4045,0.9961990294109887,False
vector-combine,load-store-vectorizer,0.0005733792340314459,0.15685123478883628,0.8753658845143433,4151,4203,0.994650908707853,False
vector-combine,iroutliner,-0.004260085497445609,-1.1419363912731495,0.2535133604903291,4131,4198,0.9847368125906074,False
vector-combine,global-merge,0.0012722747818386115,0.33786190174941055,0.7354757701433986,4103,4265,0.9925991244200286,False
vector-combine,break-crit-edges,0.0008519465015405236,0.22829437511500494,0.819422965627234,4337,4058,0.9930288168050652,False
vector-combine,unreachableblockelim,-0.003554121987916936,-0.9510980126432855,0.34158235605596343,4253,4050,0.9904824893058242,False
always-inline,globalsplit,0.004230013020023182,1.1382926565136666,0.25503145982232495,4113,4113,0.9858725228221116,False
always-inline,lowerswitch,0.00014881225884288973,0.04005115706311378,0.9680532992087477,4194,4167,0.9990475216511701,False
always-inline,early-cse-memssa,-0.00044557657218441404,-0.17181887360882367,0.8635841139178939,4173,4150,0.9939394641716258,False
always-inline,simple-loop-unswitch,0.003417762252972134,0.9420267501804753,0.3462059935122238,4208,4212,0.9904824893058242,False
always-inline,loop-versioning,-0.0042731152570578135,-1.117572713288486,0.26378208042075324,4132,4125,0.9858725228221116,False
always-inline,loop-flatten,0.0022105848438480624,0.5866702005807565,0.5574409582722707,4216,4204,0.9904824893058242,False
always-inline,loop-reroll,0.003161397304284941,0.8498112672536768,0.3954544928991099,4025,4304,0.9904824893058242,False
always-inline,loop-instsimplify,0.004534660149600578,1.2338225356743004,0.2173035189680668,4230,4196,0.9705585112162733,False
always-inline,loop-simplifycfg,0.004792001014444713,1.295080476546128,0.19532838399487454,4171,4157,0.9705585112162733,False
always-inline,loop-predication,-0.007954165151108972,-2.1829044559527633,0.029070248173424126,4228,4247,0.8825311530906069,False
always-inline,speculative-execution,-0.006827244192501802,-1.8498335791326672,0.06437316168159707,4127,4154,0.9223771155217892,False
always-inline,partially-inline-libcalls,0.004618984467862519,1.2454038722185166,0.21301772445521083,4189,4302,0.9705585112162733,False
always-inline,load-store-vectorizer,0.0060147009979880095,1.6112302965455516,0.10716742129327635,4186,4151,0.9298842796600941,False
always-inline,iroutliner,7.875870803958351e-05,0.02119799754825192,0.9830882294054468,4208,4024,0.9990475216511701,False
always-inline,global-merge,0.001211791575688348,0.32672315682837083,0.7438854869833564,4159,4186,0.9930288168050652,False
always-inline,break-crit-edges,0.001994640664430447,0.5390203297523849,0.5898869858917429,4239,4238,0.9904824893058242,False
always-inline,unreachableblockelim,0.0016775548946818541,0.4459094477452982,0.6556741437416262,4188,4221,0.9904824893058242,False
globalsplit,lowerswitch,-0.006665648540487845,-1.7835958285697955,0.07452578046758991,4125,4209,0.9223771155217892,False
globalsplit,early-cse-memssa,-0.0010684129755154093,-0.3906002203486045,0.6961028393107883,4189,4230,0.9904824893058242,False
globalsplit,simple-loop-unswitch,0.00334355673255593,0.9045578573920348,0.36572534659979306,4223,4266,0.9904824893058242,False
globalsplit,loop-versioning,-0.0031876591681101463,-0.8616959993989104,0.38887972485933275,4129,4172,0.9904824893058242,False
globalsplit,loop-flatten,0.008954105466804196,2.4112303675541362,0.015920037562420563,4232,4208,0.8221760719994755,False
globalsplit,loop-reroll,0.002258999126608152,0.6062482584215165,0.5443662320596598,4213,4224,0.9904824893058242,False
globalsplit,loop-instsimplify,-0.006372391335183358,-1.6876026873595926,0.09152500461194245,4147,4220,0.9223771155217892,False
globalsplit,loop-simplifycfg,0.0017956354740708003,0.4910285059122808,0.6234189788635077,4327,4184,0.9904824893058242,False
globalsplit,loop-predication,-0.0008433053204699448,-0.23028117111680738,0.8178789090668473,4131,4255,0.9930288168050652,False
globalsplit,speculative-execution,-0.004612790774945086,-1.2550887960524555,0.20948125721392916,4325,4167,0.9705585112162733,False
globalsplit,partially-inline-libcalls,0.0035602684156788023,0.9385893805257222,0.3479686976632403,4237,4138,0.9904824893058242,False
globalsplit,load-store-vectorizer,-0.0031898034074798742,-0.8850077841299082,0.37617784662846426,4129,4246,0.9904824893058242,False
globalsplit,iroutliner,-0.0029789012621692645,-0.8111556399037165,0.4172994515537583,4271,4073,0.9904824893058242,False
globalsplit,global-merge,0.0010995911107768985,0.29255565587167176,0.7698690814918704,4169,4189,0.9930288168050652,False
globalsplit,break-crit-edges,0.006909696183846903,1.7713290755958802,0.0765423681744446,4173,4208,0.9223771155217892,False
globalsplit,unreachableblockelim,0.0001908319359250621,0.05203717927301223,0.9585002830211123,4259,4308,0.9990475216511701,False
lowerswitch,early-cse-memssa,-0.0005382693095321023,-0.21091508042156168,0.8329586324800499,4199,4250,0.9939033925017995,False
lowerswitch,simple-loop-unswitch,-0.00018748110203098411,-0.049622925858987026,0.9604240550131985,4264,4165,0.9990475216511701,False
lowerswitch,loop-versioning,-0.001942339245488811,-0.5203053372805142,0.6028645863103314,4203,4140,0.9904824893058242,False
lowerswitch,loop-flatten,-0.0022226655043858234,-0.588676429005752,0.5560941352220314,4197,4250,0.9904824893058242,False
lowerswitch,loop-reroll,-0.005545633102104763,-1.447870452104216,0.14769095684217987,4228,4110,0.9705585112162733,False
lowerswitch,loop-instsimplify,-0.0020988492577606044,-0.5556488708230342,0.5784657916070666,4209,4159,0.9904824893058242,False
lowerswitch,loop-simplifycfg,0.0007450840462491226,0.1996860753518148,0.8417309684065333,4274,4118,0.9939033925017995,False
lowerswitch,loop-predication,-0.0019174645329403384,-0.49944140521295105,0.6174816036406028,4218,4143,0.9904824893058242,False
lowerswitch,speculative-execution,0.0004927625123254398,0.13472788937776653,0.892830206108541,4307,4210,0.9961990294109887,False
lowerswitch,partially-inline-libcalls,0.008145515480537435,2.186789308955647,0.02878524344713685,4224,4225,0.8825311530906069,False
lowerswitch,load-store-vectorizer,0.001321279994801472,0.35446463601311173,0.7229997244257284,4188,4108,0.9925991244200286,False
lowerswitch,iroutliner,0.0034260618338397553,0.9179330789986808,0.3586804375724634,4258,4115,0.9904824893058242,False
lowerswitch,global-merge,-0.006383762835770246,-1.6917464010452337,0.09073145071872249,4213,4185,0.9223771155217892,False
lowerswitch,break-crit-edges,0.0048093228675120114,1.2610519490475618,0.20732503930662963,4216,4218,0.9705585112162733,False
lowerswitch,unreachableblockelim,-0.005631611096115929,-1.5258194216243224,0.12709207886530113,4282,4215,0.9571011169933062,False
early-cse-memssa,simple-loop-unswitch,0.00184737453208772,0.6767458873347667,0.4985859109689767,4285,4107,0.9904824893058242,False
early-cse-memssa,loop-versioning,0.0063838020707701615,2.3193492465517345,0.020400471361332516,4036,4193,0.8715757634462717,False
early-cse-memssa,loop-flatten,0.0016201328695571449,0.6286879484695325,0.5295706813220631,4168,4149,0.9904824893058242,False
early-cse-memssa,loop-reroll,-0.0006059318706152506,-0.22245025347757727,0.8239689295018052,4096,4143,0.9930288168050652,False
early-cse-memssa,loop-instsimplify,-1.1043776483865564e-05,-0.00408899553896547,0.9967375600603993,4187,4191,0.9990475216511701,False
early-cse-memssa,loop-simplifycfg,-0.001456453437196581,-0.5457383312554339,0.5852604476059448,4152,4205,0.9904824893058242,False
early-cse-memssa,loop-predication,-0.0022049215351797047,-0.8422493732759118,0.3996722247531455,4263,4216,0.9904824893058242,False
early-cse-memssa,speculative-execution,-0.004427021682029464,-1.6704649443903117,0.09486395105997901,4248,4368,0.9223771155217892,False
early-cse-memssa,partially-inline-libcalls,-0.0016630867951289985,-0.6293206437478333,0.5291563004811412,4159,4232,0.9904824893058242,False
early-cse-memssa,load-store-vectorizer,0.0013897796419133912,0.5400955941483258,0.5891452057043572,4368,4170,0.9904824893058242,False
early-cse-memssa,iroutliner,0.007495004965927643,2.89390123522237,0.0038145510406800516,4208,4302,0.41493838542508565,False
early-cse-memssa,global-merge,0.0029072781207395426,1.1244610295025868,0.2608496804677593,4132,4320,0.9858725228221116,False
early-cse-memssa,break-crit-edges,0.0025716565906083733,0.9358130337933411,0.3493971026242992,4078,4104,0.9904824893058242,False
early-cse-memssa,unreachableblockelim,0.004761623550418315,1.8097774126768624,0.07036603098811761,4200,4224,0.9223771155217892,False
simple-loop-unswitch,loop-versioning,0.0015493572766285268,0.4204620971353087,0.6741587730464509,4164,4159,0.9904824893058242,False
simple-loop-unswitch,loop-flatten,0.003207979079932921,0.8698162276322773,0.3844256710872161,4269,4173,0.9904824893058242,False
simple-loop-unswitch,loop-reroll,-0.0019127487644435837,-0.5132652288770858,0.6077792124017621,4256,4202,0.9904824893058242,False
simple-loop-unswitch,loop-instsimplify,0.0007415006032568394,0.20304998513805217,0.8391008962236599,4170,4223,0.9939033925017995,False
simple-loop-unswitch,loop-simplifycfg,0.004746633004901968,1.296576586531962,0.1948118344944525,4333,4257,0.9705585112162733,False
simple-loop-unswitch,loop-predication,0.0021371799313473216,0.5611571394337596,0.5747053971303467,4255,4149,0.9904824893058242,False
simple-loop-unswitch,speculative-execution,0.003425513931496038,0.9220074117702903,0.3565508850847672,4247,4257,0.9904824893058242,False
simple-loop-unswitch,partially-inline-libcalls,0.003980148888326984,1.0655763770063449,0.2866458242970036,4161,4238,0.9904824893058242,False
simple-loop-unswitch,load-store-vectorizer,-0.005433084910640595,-1.47675382540073,0.1397791137631094,4226,4188,0.95758018139933,False
simple-loop-unswitch,iroutliner,0.00180195510519493,0.48516522713938376,0.6275717926518006,4214,4228,0.9904824893058242,False
simple-loop-unswitch,global-merge,0.0038836629275492696,1.042648045065949,0.29714136282291975,4208,4197,0.9904824893058242,False
simple-loop-unswitch,break-crit-edges,-0.0013032780050973303,-0.349811771937127,0.7264887449703428,4254,4146,0.9925991244200286,False
simple-loop-unswitch,unreachableblockelim,-0.0005291628805242365,-0.13882805620399444,0.8895893175793792,4237,4253,0.9956078215606885,False
loop-versioning,loop-flatten,-0.0008931043656618121,-0.24088020866186938,0.8096537852351376,4247,4235,0.9930288168050652,False
loop-versioning,loop-reroll,-0.0030834996579282015,-0.8192065939882407,0.41269160228973734,4333,4148,0.9904824893058242,False
loop-versioning,loop-instsimplify,-0.0019740215356512936,-0.5361775131685169,0.5918501167817107,4171,4205,0.9904824893058242,False
loop-versioning,loop-simplifycfg,-0.006467664260864703,-1.7471470089698362,0.08064863519631947,4151,4197,0.9223771155217892,False
loop-versioning,loop-predication,-0.009250907074824288,-2.4404489432753187,0.014690058300308572,4116,4161,0.8163479239936102,False
loop-versioning,speculative-execution,-0.00011859480146481083,-0.032533279046616244,0.9740475419633109,4274,4231,0.9990475216511701,False
loop-versioning,partially-inline-libcalls,0.001599893071467795,0.43461218888989234,0.6638553449042612,4108,4121,0.9904824893058242,False
loop-versioning,load-store-vectorizer,0.002899393208562473,0.7618543100246656,0.4461684732005566,4117,4247,0.9904824893058242,False
loop-versioning,iroutliner,-0.00272433378394743,-0.731524302219689,0.46447959116158527,4137,4191,0.9904824893058242,False
loop-versioning,global-merge,0.0006608301717889176,0.17870143858042853,0.8581764653938203,4257,4149,0.9939385410125189,False
loop-versioning,break-crit-edges,-2.8662363134701607e-05,-0.00745525541471236,0.9940518007991442,4175,4160,0.9990475216511701,False
loop-versioning,unreachableblockelim,-0.002449183032072255,-0.637608753996317,0.5237458987027295,4196,4149,0.9904824893058242,False
loop-flatten,loop-reroll,-0.0029836979500065808,-0.8106455380065443,0.4175922943343105,4194,4185,0.9904824893058242,False
loop-flatten,loop-instsimplify,0.0011811045246556406,0.321349516441894,0.7479535026655978,4203,4230,0.9930288168050652,False
loop-flatten,loop-simplifycfg,-0.002027956906721029,-0.5398276938353775,0.58933054073264,4038,4173,0.9904824893058242,False
loop-flatten,loop-predication,-0.007469508411367287,-1.9942019453968236,0.04616234815440227,4156,4232,0.9119822292272008,False
loop-flatten,speculative-execution,-0.00017346348657498734,-0.046413126879896995,0.9629820569162096,4239,4324,0.9990475216511701,False
loop-flatten,partially-inline-libcalls,0.0010261458254514633,0.27744025121104837,0.7814487552793621,4297,4305,0.9930288168050652,False
loop-flatten,load-store-vectorizer,0.00030661627195588403,0.08346740099873434,0.9334818714780647,4291,4189,0.9971441508502933,False
loop-flatten,iroutliner,-0.0024623189528420464,-0.6691020052721194,0.503448939704356,4133,4208,0.9904824893058242,False
loop-flatten,global-merge,0.004704437796846372,1.2970155445248468,0.19466028803208826,4309,4380,0.9705585112162733,False
loop-flatten,break-crit-edges,-0.0013855981265857298,-0.370426901577477,0.7110737464410862,4256,4185,0.9916947457282645,False
loop-flatten,unreachableblockelim,0.007051639549121358,1.8855476658863584,0.05939056073788696,4157,4211,0.9214183220099281,False
loop-reroll,loop-instsimplify,-0.0035798730534573053,-0.98368084926133,0.325301165927133,4187,4113,0.9904824893058242,False
loop-reroll,loop-simplifycfg,-0.0034739679007593227,-0.9049691839253671,0.36550828642535355,4130,4132,0.9904824893058242,False
loop-reroll,loop-predication,-0.0008909409036018112,-0.24246470274797916,0.808426093249191,4223,4104,0.9930288168050652,False
loop-reroll,speculative-execution,0.0012917204056278608,0.3462380220539743,0.7291726122082586,4207,4105,0.9925991244200286,False
loop-reroll,partially-inline-libcalls,0.000546400752083287,0.14503725050801328,0.8846849743379374,4179,4146,0.994650908707853,False
loop-reroll,load-store-vectorizer,-0.005169047568776952,-1.403704484985323,0.16044413666015547,4059,4293,0.9705585112162733,False
loop-reroll,iroutliner,-0.0055349371022460625,-1.4991169104369744,0.13388147088686617,4175,4100,0.9572881463934645,False
loop-reroll,global-merge,-0.0012549840378398014,-0.341062066079139,0.733065447876379,4140,4213,0.9925991244200286,False
loop-reroll,break-crit-edges,-6.204338749732363e-05,-0.01658045777876841,0.9867717074501973,4216,4216,0.9990475216511701,False
loop-reroll,unreachableblockelim,-0.0017145623731115722,-0.4519497367017298,0.6513170694855335,4173,4083,0.9904824893058242,False
loop-instsimplify,loop-simplifycfg,0.000977588096689408,0.26436789803534133,0.7915028825225865,4302,4166,0.9930288168050652,False
loop-instsimplify,loop-predication,0.0012890414731077104,0.35284738514999436,0.7242116750787014,4189,4247,0.9925991244200286,False
loop-instsimplify,speculative-execution,0.0014513036996771644,0.385752360885623,0.6996897034140589,4265,4264,0.9904824893058242,False
loop-instsimplify,partially-inline-libcalls,0.0015103801971735331,0.41404399698011124,0.6788525277947289,4210,4143,0.9904824893058242,False
loop-instsimplify,load-store-vectorizer,0.007051224119391186,1.923704301024512,0.05442539299299052,4193,4218,0.9205345724027795,False
loop-instsimplify,iroutliner,-0.004709348606487529,-1.273550273927383,0.20285827216386376,4227,4140,0.9705585112162733,False
loop-instsimplify,global-merge,0.004798341685641139,1.3324447368496781,0.1827500300768551,4143,4311,0.9705585112162733,False
loop-instsimplify,break-crit-edges,-0.0010851035216635774,-0.2886462474811718,0.7728591697644726,4329,4169,0.9930288168050652,False
loop-instsimplify,unreachableblockelim,0.001892042462370902,0.5159892975094711,0.6058754783210033,4158,4236,0.9904824893058242,False
loop-simplifycfg,loop-predication,0.0032607252733953263,0.8817025690694237,0.3779629451420898,4187,4214,0.9904824893058242,False
loop-simplifycfg,speculative-execution,0.0024809493930930127,0.6684866812484909,0.5038413087908057,4208,4224,0.9904824893058242,False
loop-simplifycfg,partially-inline-libcalls,0.005944988915355498,1.5885350078140994,0.11220240858058143,4263,4285,0.9298842796600941,False
loop-simplifycfg,load-store-vectorizer,-0.0017104758799024178,-0.4590293554415915,0.6462249704203396,4244,4174,0.9904824893058242,False
loop-simplifycfg,iroutliner,0.0009157548325059994,0.25315762625203647,0.8001526048760584,4232,4178,0.9930288168050652,False
loop-simplifycfg,global-merge,-0.002473261108271063,-0.6616942831600019,0.5081854498689394,4259,4095,0.9904824893058242,False
loop-simplifycfg,break-crit-edges,0.0007545098071106149,0.20116113245913184,0.8405774694181372,4257,4123,0.9939033925017995,False
loop-simplifycfg,unreachableblockelim,-0.0014469295719004016,-0.3955830480876764,0.692422424167601,4310,4321,0.9904824893058242,False
loop-predication,speculative-execution,-0.004957971417112683,-1.3401570865639765,0.18023055651755152,4246,4157,0.9705585112162733,False
loop-predication,partially-inline-libcalls,-0.0037776946651238985,-1.0044778426989762,0.31517718102798997,4122,4313,0.9904824893058242,False
loop-predication,load-store-vectorizer,-0.0018579009678388325,-0.5006249072691044,0.6166481948368172,4256,4179,0.9904824893058242,False
loop-predication,iroutliner,0.00383241394224898,1.0179854938885755,0.30871416985044214,4176,4226,0.9904824893058242,False
loop-predication,global-merge,-0.0010091918027060331,-0.25974325524465164,0.7950683176686442,4115,4131,0.9930288168050652,False
loop-predication,break-crit-edges,0.0004627461007524203,0.1232031495835404,0.9019491442320603,4226,4279,0.9961990294109887,False
loop-predication,unreachableblockelim,0.0056007271705719175,1.4986229284805894,0.13400881973050263,4149,4307,0.9572881463934645,False
speculative-execution,partially-inline-libcalls,0.0031775861293199537,0.8785807033390687,0.37965365428968384,4252,4200,0.9904824893058242,False
speculative-execution,load-store-vectorizer,0.0051082868134751935,1.378350576364922,0.16813285101182293,4147,4033,0.9705585112162733,False
speculative-execution,iroutliner,-0.004497902769041773,-1.2257336862100743,0.2203332646333366,4179,4235,0.9705585112162733,False
speculative-execution,global-merge,-0.004300024746002107,-1.1482407203571683,0.2509020015967572,4210,4176,0.9816104244513171,False
speculative-execution,break-crit-edges,-0.0042949485446431845,-1.1300883367786658,0.25847127988223123,4172,4230,0.9858725228221116,False
speculative-execution,unreachableblockelim,0.0022091083688174917,0.5875999732171505,0.5568165805387351,4216,4209,0.9904824893058242,False
partially-inline-libcalls,load-store-vectorizer,0.004856145435600034,1.3063171354209653,0.19148030598517496,4242,4220,0.9705585112162733,False
partially-inline-libcalls,iroutliner,0.007464090879258201,2.0262370829883847,0.042771764001568735,4254,4231,0.9119822292272008,False
partially-inline-libcalls,global-merge,-0.0006703812639274886,-0.17995260391411258,0.8571941451589091,4146,4207,0.9939385410125189,False
partially-inline-libcalls,break-crit-edges,-0.003928815694819121,-1.0588546562334364,0.28969635391203064,4214,4208,0.9904824893058242,False
partially-inline-libcalls,unreachableblockelim,-0.0034350456524591677,-0.9291165594186066,0.3528552872013693,4284,4162,0.9904824893058242,False
load-store-vectorizer,iroutliner,-0.0016918006718900647,-0.45794049026600053,0.647007014590421,4180,4241,0.9904824893058242,False
load-store-vectorizer,global-merge,-0.002576519208111583,-0.7109295676824864,0.4771473818574782,4255,4269,0.9904824893058242,False
load-store-vectorizer,break-crit-edges,-0.0004725430052356927,-0.12474451328329958,0.9007287994039423,4278,4152,0.9961990294109887,False
load-store-vectorizer,unreachableblockelim,0.006620008452933868,1.7941851837973122,0.07281877359033345,4295,4296,0.9223771155217892,False
iroutliner,global-merge,-0.00024322032622808853,-0.06526000332670488,0.9479685397868478,4160,4248,0.9987622411976728,False
iroutliner,break-crit-edges,0.002998609330535029,0.7807929102349521,0.43494676291739887,4191,4044,0.9904824893058242,False
iroutliner,unreachableblockelim,-0.004354779869273684,-1.188985281732837,0.2344790330195194,4163,4255,0.9745114828179076,False
global-merge,break-crit-edges,-0.0039700423011015396,-1.0541289102877447,0.2918541085053661,4340,4131,0.9904824893058242,False
global-merge,unreachableblockelim,-0.00362464610213753,-0.947433028290502,0.3434456614706748,4113,4217,0.9904824893058242,False
break-crit-edges,unreachableblockelim,0.000966752128870374,0.25578262578692457,0.7981250521476057,4112,4162,0.9930288168050652,False
