pass_a,pass_b,ate,t_stat,p_value,n_treatment,n_control,p_adj,significant
bdce,ipsccp,-0.013791436096810383,-1.8783163855155656,0.060472120929466494,1087,1082,0.7729977239171516,False
bdce,correlated-propagation,0.006530091563806684,0.8857483763582751,0.37584777675661807,1114,1139,0.9502022310408844,False
bdce,mem2reg,0.004544526884070976,1.3226145440559525,0.18610224369074738,1127,1091,0.8754403855060268,False
bdce,sroa,-0.005125346114844553,-1.460935079661018,0.14418259883817147,1064,1042,0.8648341678559794,False
bdce,instsimplify,0.005418705329289286,0.7379495589538121,0.4606234528225915,1106,1106,0.9687293080119685,False
bdce,constmerge,-0.007702307756550786,-1.0306311556289465,0.30282763329352214,1096,1097,0.9301799375126703,False
bdce,function-attrs,0.000427239136643609,0.05845463961578679,0.9533916978496848,1141,1105,0.9942648800181039,False
bdce,deadargelim,0.003982137891847037,0.5415666870497071,0.5881724493026922,1063,1127,0.9874161299839842,False
bdce,globaldce,0.009640736050953447,1.3066698201451536,0.19146158598706955,1067,1134,0.8780001857299028,False
bdce,elim-avail-extern,-0.0015967222061542552,-0.21643867218123353,0.8286658642063566,1114,1091,0.9942648800181039,False
bdce,mergefunc,-0.002851282508994857,-0.3825001222913314,0.702127144054162,1108,1111,0.9942648800181039,False
bdce,instcombine,0.005064702170403834,0.7817181067082709,0.43446100145720695,1131,1163,0.9687293080119685,False
bdce,simplifycfg,0.010208343908891138,1.4058744467652988,0.1599025149225894,1074,1138,0.8754403855060268,False
bdce,tailcallelim,4.138243640711137e-05,0.005840344735220378,0.9953406462515344,1053,1105,0.9993802249402087,False
bdce,reassociate,-0.008765127602022527,-1.1729552327947774,0.24094038119048536,1115,1094,0.9167285287950414,False
bdce,memcpyopt,-0.009263197797344802,-1.2278071388720004,0.21965156807483022,1061,1141,0.9085781878347714,False
bdce,sccp,0.007711200677026242,1.0311324109411977,0.30259349294097404,1083,1092,0.9301799375126703,False
bdce,dce,-0.014555165028577732,-1.8985091562532792,0.05776246652147243,1104,1055,0.7653065620923821,False
bdce,adce,0.00611830249652251,0.8415429930299065,0.4001342774810444,1103,1130,0.9502022310408844,False
bdce,dse,-0.002418652909075336,-0.33660974014228906,0.7364437912970284,1121,1049,0.9942648800181039,False
bdce,jump-threading,-0.0037734955489740485,-0.5145841596174437,0.6068951648506717,1107,1102,0.9874161299839842,False
bdce,loop-idiom,-0.001522001260104433,-0.20074848907973786,0.8409142351317924,1072,1088,0.9942648800181039,False
bdce,loop-deletion,0.0026612517947261494,0.3661417453326516,0.7142936998974714,1105,1155,0.9942648800181039,False
bdce,gvn,0.008456083766199052,1.3438891719692085,0.17912462494449516,1096,1081,0.8754403855060268,False
bdce,gvn-hoist,-0.010026016472948818,-1.3332727872670767,0.18258734562152518,1063,1033,0.8754403855060268,False
bdce,gvn-sink,0.009836044732511873,1.3248116702440738,0.1853704521584783,1099,1120,0.8754403855060268,False
bdce,newgvn,-0.011591669157448359,-1.8340723016497615,0.06677746702871228,1125,1092,0.7829358110312493,False
bdce,early-cse,0.004814076531511002,0.6996385259462203,0.48422428873479584,1162,1133,0.9726252030341583,False
bdce,mergereturn,-0.009764505601084605,-1.323664947697961,0.18575280603589156,1163,1037,0.8754403855060268,False
bdce,globalopt,-0.008591340187366958,-1.1325743414239948,0.2575205156109786,1065,1071,0.922998223890889,False
bdce,strip-dead-prototypes,-0.009704891125379533,-1.322642132115874,0.18609170477769732,1115,1090,0.8754403855060268,False
bdce,indvars,0.0026831801879839134,0.3719138056854711,0.7099922679676961,1113,1125,0.9942648800181039,False
bdce,mergeicmps,-0.014064814182421781,-1.8810738475229356,0.06009254784313402,1092,1144,0.7729977239171516,False
bdce,separate-const-offset-from-gep,-0.00019739260828316452,-0.027154709217206852,0.978338828536691,1089,1090,0.9990198037713872,False
bdce,libcalls-shrinkwrap,-0.004888784816020453,-0.6526582460496815,0.5140460732636479,1061,1111,0.9774238917491724,False
bdce,flattencfg,0.004389760910139928,0.6001883024741939,0.5484402142148531,1122,1167,0.9786961826004837,False
bdce,loop-reduce,0.005855978501721315,0.8092067563777204,0.4184821413593184,1128,1117,0.9674002748306321,False
bdce,loop-unroll,0.0018548962462039964,0.25069646135370666,0.8020721443058229,1094,1114,0.9942648800181039,False
bdce,loop-rotate,0.013462683238409712,1.8010012675606573,0.07183673346161763,1156,1110,0.7840748251100543,False
bdce,partial-inliner,-0.007862687068527774,-1.0553169896365666,0.2913961142452461,1123,1083,0.9279993210434955,False
bdce,lower-expect,-0.0007388548149637186,-0.0992172664893869,0.9209748308580102,1050,1167,0.9942648800181039,False
bdce,alignment-from-assumptions,-0.00443801106823416,-0.5891731984301315,0.5558066884050998,1066,1099,0.9809315953038664,False
bdce,rpo-function-attrs,-0.001136024569254046,-0.15346026642160746,0.8780493598038446,1148,1069,0.9942648800181039,False
bdce,attributor,-0.004759161683416169,-1.2815680546620154,0.20013427553242696,1053,1079,0.8916107201194358,False
bdce,inferattrs,-0.009682515400694924,-1.371301686600851,0.1704201196971427,1125,1088,0.8754403855060268,False
bdce,called-value-propagation,-0.006124818822325739,-0.8178338329473362,0.413543923663968,1116,1027,0.9633777543534199,False
bdce,licm,0.0033807613670731596,0.42445860969831395,0.6712723445182655,1111,1121,0.9924421532503569,False
bdce,loop-simplify,0.012897629003707445,1.7714361840240047,0.07662425267127014,1130,1114,0.7893264998405759,False
bdce,div-rem-pairs,0.0052091406329937695,0.7240674589261635,0.46909926242928773,1148,1116,0.9705521863870724,False
bdce,float2int,0.005165621447945357,0.7017895597867656,0.48288534737523164,1118,1071,0.9726252030341583,False
bdce,inline,-0.004056720183148066,-0.5476718127316688,0.5839727019998309,1134,1076,0.9874161299839842,False
bdce,sink,0.006991292871938559,0.9612331477748943,0.33653879314038093,1112,1128,0.9441889704650352,False
bdce,loop-vectorize,-0.0064370503328375905,-0.8907116023566529,0.37318135670360736,1127,1081,0.9502022310408844,False
bdce,slp-vectorizer,-0.008043036249082258,-1.077235913907269,0.2814951889113467,1106,1056,0.9244095086149083,False
bdce,callsite-splitting,-0.01223105039593847,-1.6785427008107103,0.09337957413371765,1137,1124,0.8216483294072284,False
bdce,dfa-jump-threading,0.01454401486867496,2.03785462341972,0.04167848518938111,1137,1169,0.7108785336882624,False
bdce,consthoist,0.0011518149273350708,0.1522918201585408,0.8789708598256247,1078,1107,0.9942648800181039,False
bdce,mldst-motion,0.019341130852426947,2.6563300678844457,0.007956873870855979,1098,1097,0.5230915505156455,False
bdce,slsr,8.84153460847803e-05,0.011939334432177057,0.9904750727872461,1109,1146,0.9993802249402087,False
bdce,loop-interchange,0.0011108878961247348,0.15164919039059468,0.8794780230697846,1083,1046,0.9942648800181039,False
bdce,loop-fusion,-0.004212742490737165,-0.5694526606217963,0.5691083935972654,1099,1059,0.9843765323882029,False
bdce,loop-distribute,-0.0088404779157229,-1.1843651745069113,0.23639885389591392,1111,1055,0.9153351961594847,False
bdce,loop-load-elim,0.002501416073380447,0.33401481689141344,0.7384012622984849,1038,1105,0.9942648800181039,False
bdce,loop-sink,0.0019475188383537567,0.2582652155143808,0.7962271580284219,1062,1072,0.9942648800181039,False
bdce,loop-unroll-and-jam,-0.007914622594261844,-1.0901957282786012,0.2757457932092401,1135,1080,0.9234272483582865,False
bdce,hotcoldsplit,-0.003185368145015355,-0.4255043945778783,0.670511072144859,1097,1083,0.9924421532503569,False
bdce,irce,0.008775916020318908,1.180349546582548,0.23799376529889216,1010,1142,0.9153351961594847,False
bdce,nary-reassociate,-0.00841892585941939,-1.1102584677213732,0.2670132314003782,1123,1032,0.9234272483582865,False
bdce,scalarizer,-0.006754495555908735,-0.9038274934426596,0.3661862588714924,1101,1092,0.9502022310408844,False
bdce,vector-combine,-0.01374997631403746,-1.8592592454545211,0.06312700675305914,1065,1104,0.7729977239171516,False
bdce,always-inline,-0.0010435078945439935,-0.14276250728270312,0.8864906897403202,1075,1165,0.9942648800181039,False
bdce,globalsplit,0.02397781570175589,3.3283662683054502,0.0008878006423420899,1090,1138,0.13906509261646496,False
bdce,lowerswitch,-0.0007519834214161913,-0.10295746740350895,0.9180057760007004,1141,1145,0.9942648800181039,False
bdce,early-cse-memssa,0.0023151144380957334,0.3518461927865279,0.7249870262200571,1108,1113,0.9942648800181039,False
bdce,simple-loop-unswitch,-0.016532826672493783,-2.2192174962419724,0.02657510697812085,1104,1066,0.6624199781144244,False
bdce,loop-versioning,-0.009536343545771986,-1.2815741836230796,0.20012723871353197,1099,1104,0.8916107201194358,False
bdce,loop-flatten,-0.008364517491870227,-1.1386297281301638,0.25498124958627166,1099,1110,0.9195460358483637,False
bdce,loop-reroll,0.005080865594683293,0.7041557743353589,0.4814082188475556,1148,1123,0.9726252030341583,False
bdce,loop-instsimplify,-0.00031195366075420505,-0.042205496542061086,0.9663389021342551,1018,1084,0.9982018308514226,False
bdce,loop-simplifycfg,0.007877857592824278,1.069326462465296,0.28504118068023715,1140,1055,0.9247897792409351,False
bdce,loop-predication,-0.0028227659259677518,-0.38366064070335243,0.7012664770264866,1133,1106,0.9942648800181039,False
bdce,speculative-execution,-0.0005537625054775619,-0.0755200303971184,0.939807789618698,1088,1128,0.9942648800181039,False
bdce,partially-inline-libcalls,0.002495148567125516,0.34183027639816344,0.7325118592170541,1106,1066,0.9942648800181039,False
bdce,load-store-vectorizer,0.002628725716644409,0.34844735113634634,0.7275387660069375,1038,1089,0.9942648800181039,False
bdce,iroutliner,0.002370496491423457,0.340841909774372,0.7332553580838095,1063,1136,0.9942648800181039,False
bdce,global-merge,0.009467277359830828,1.2865074063447215,0.19840506360920931,1055,1089,0.8916107201194358,False
bdce,break-crit-edges,-0.0014335303200399552,-0.192206586845057,0.8475977643980774,1122,1127,0.9942648800181039,False
bdce,unreachableblockelim,0.019445650840689555,2.59341208290481,0.009566663862488103,1093,1090,0.5351865097929059,False
ipsccp,correlated-propagation,-0.010699060052265785,-1.440489472972667,0.14987192101683408,1113,1080,0.8719556781826802,False
ipsccp,mem2reg,-0.002155393130967409,-0.6102393953765411,0.5417667560289271,1077,1126,0.977995703783708,False
ipsccp,sroa,-0.0013424629503907548,-0.3656015309388026,0.7146964815330451,1124,1149,0.9942648800181039,False
ipsccp,instsimplify,-0.004369785659785352,-0.5909644120669724,0.5546065648503608,1093,1055,0.9809315953038664,False
ipsccp,constmerge,0.0024433926796787464,0.3326760903329759,0.7394108749077611,1077,1099,0.9942648800181039,False
ipsccp,function-attrs,-0.005294506763930229,-0.7308753290376993,0.4649322928798737,1107,1125,0.9687293080119685,False
ipsccp,deadargelim,0.0008879512357626851,0.11794441535880862,0.906122765485354,1099,1053,0.9942648800181039,False
ipsccp,globaldce,0.007608997285333929,1.0329595600524724,0.30173426737159403,1105,1140,0.9301799375126703,False
ipsccp,elim-avail-extern,0.00018139739309835923,0.02505233814132817,0.9800154691118766,1097,1127,0.9990198037713872,False
ipsccp,mergefunc,-0.00022665961510759391,-0.03048891257451381,0.9756799315472985,1147,1055,0.9990198037713872,False
ipsccp,instcombine,-0.009080367769655484,-1.3637043212372126,0.17280413040847545,1032,1145,0.8754403855060268,False
ipsccp,simplifycfg,0.01697832774315655,2.3650598144565786,0.01811233469837905,1131,1103,0.6167643711204553,False
ipsccp,tailcallelim,-0.006757732980457787,-0.940126760013877,0.347259101950884,1042,1118,0.947888706648844,False
ipsccp,reassociate,-0.010718241263983519,-1.4064132137485645,0.15975269798780195,1017,1048,0.8754403855060268,False
ipsccp,memcpyopt,0.002156749221449372,0.2967601745247434,0.7666771416133804,1125,1116,0.9942648800181039,False
ipsccp,sccp,0.0030476581326080443,0.408249036696058,0.6831302758330954,1104,1115,0.9933243197125733,False
ipsccp,dce,-0.0015525409113038569,-0.2124042831944641,0.8318111594649793,1120,1101,0.9942648800181039,False
ipsccp,adce,0.002040182352053277,0.2823091905544243,0.777732780577841,1118,1103,0.9942648800181039,False
ipsccp,dse,0.014014362361694455,1.9438371783464625,0.052047328064920025,1066,1055,0.7465836509239078,False
ipsccp,jump-threading,-0.0036855990832670438,-0.5098119326675578,0.6102342987267093,1084,1121,0.9874161299839842,False
ipsccp,loop-idiom,-0.002047318195618708,-0.27583470443496116,0.7827012565768926,1159,1038,0.9942648800181039,False
ipsccp,loop-deletion,-0.007434354886643124,-1.031750954760439,0.3022968767456123,1209,1112,0.9301799375126703,False
ipsccp,gvn,0.0047683166544088,0.7529850257080507,0.4515418145935453,1053,1087,0.9687293080119685,False
ipsccp,gvn-hoist,0.010030240656849654,1.3336745403408259,0.1824486156922031,1104,1099,0.8754403855060268,False
ipsccp,gvn-sink,-0.005916247094597371,-0.7833601335752004,0.4335006860208552,1096,1090,0.9687293080119685,False
ipsccp,newgvn,0.008819247404150798,1.3864588276252943,0.16575090831898853,1039,1117,0.8754403855060268,False
ipsccp,early-cse,0.008773205628872682,1.2449091844441134,0.21329501780928706,1140,1110,0.9085781878347714,False
ipsccp,mergereturn,-0.010044902250591792,-1.348190721832641,0.1777376972633565,1095,1078,0.8754403855060268,False
ipsccp,globalopt,-0.0009633038028786234,-0.13219349077100523,0.8948435888498872,1085,1073,0.9942648800181039,False
ipsccp,strip-dead-prototypes,0.010381667783534831,1.3815728224988857,0.1672442988367761,1109,1083,0.8754403855060268,False
ipsccp,indvars,-0.0030691190864716167,-0.41530138775045977,0.677962476145416,1070,1096,0.9933243197125733,False
ipsccp,mergeicmps,0.007682590656674648,1.0511598478766717,0.29329771198566956,1113,1146,0.9279993210434955,False
ipsccp,separate-const-offset-from-gep,-0.01018334253826314,-1.404281804462325,0.16037248063497975,1146,1114,0.8754403855060268,False
ipsccp,libcalls-shrinkwrap,-0.0010832393929219863,-0.14778870081746404,0.882522606215343,1145,1135,0.9942648800181039,False
ipsccp,flattencfg,-0.004796785854978058,-0.6450628376015031,0.5189546082081322,1062,1133,0.9774238917491724,False
ipsccp,loop-reduce,0.0032581315574734537,0.4306865608602847,0.66673891189209,1143,1048,0.9917647591855995,False
ipsccp,loop-unroll,0.006554197216127711,0.874800291306129,0.3817779470816861,1069,1138,0.9502022310408844,False
ipsccp,loop-rotate,-0.013310365751939668,-1.7644640324412202,0.07779208079329622,1132,1081,0.7893264998405759,False
ipsccp,partial-inliner,0.00020594630586295848,0.027629139691965926,0.9779604446918868,1088,1123,0.9990198037713872,False
ipsccp,lower-expect,-0.008796462656050497,-1.2105859975871227,0.22618219756093447,1112,1125,0.909373188550944,False
ipsccp,alignment-from-assumptions,0.0018518965452831715,0.25084531138353927,0.8019574586299258,1088,1085,0.9942648800181039,False
ipsccp,rpo-function-attrs,-0.0003702908271595029,-0.048849316297692076,0.9610439942581012,1027,1097,0.9959719209227359,False
ipsccp,attributor,0.00035275337111068117,0.0997781887314589,0.9205294256507879,1090,1134,0.9942648800181039,False
ipsccp,inferattrs,0.0009357212086392175,0.1285823774791856,0.8976999537954282,1126,1065,0.9942648800181039,False
ipsccp,called-value-propagation,-0.010152982843685543,-1.3537350425302201,0.17596770510557969,1029,1061,0.8754403855060268,False
ipsccp,licm,-0.01759435505343937,-2.2634415322602743,0.02370760680285055,1087,1080,0.6583805678086954,False
ipsccp,loop-simplify,0.0015150908765490523,0.20343127013518228,0.8388168690688772,1086,1105,0.9942648800181039,False
ipsccp,div-rem-pairs,-0.0015639021225555827,-0.2113967153852642,0.8325975671846905,1110,1069,0.9942648800181039,False
ipsccp,float2int,0.0018473990432153475,0.2515980458916058,0.801375803782103,1076,1077,0.9942648800181039,False
ipsccp,inline,-0.0004921612957949351,-0.06443251996755944,0.9486319048114797,1047,1083,0.9942648800181039,False
ipsccp,sink,-0.011362405104228035,-1.4953555685302369,0.13496735913961475,1060,1118,0.8592403433953654,False
ipsccp,loop-vectorize,-0.019691537008083015,-2.804410405544672,0.00508537528223765,1128,1065,0.40732066949694873,False
ipsccp,slp-vectorizer,-0.0038567266463438443,-0.5104293888309155,0.6098033228718662,1069,1073,0.9874161299839842,False
ipsccp,callsite-splitting,0.003679387823471547,0.50353033072994,0.6146416788319226,1079,1135,0.9874161299839842,False
ipsccp,dfa-jump-threading,0.011120464272077968,1.53153489161333,0.1257786194835063,1092,1148,0.8493257906816626,False
ipsccp,consthoist,-0.0036196243546803286,-0.4786781773001457,0.6322160704024883,1114,1052,0.9874161299839842,False
ipsccp,mldst-motion,0.012374743932104859,1.718660038521232,0.0858118645044277,1140,1145,0.8125947300396654,False
ipsccp,slsr,0.0029860824929470176,0.39996161590092666,0.6892242558705173,1129,1047,0.993674952069634,False
ipsccp,loop-interchange,1.4048173148262233e-05,0.0018443655192762025,0.9985285831195901,1058,1073,0.999549573490878,False
ipsccp,loop-fusion,-0.0025745245541855533,-0.34073011936817216,0.7333393403346389,1059,1154,0.9942648800181039,False
ipsccp,loop-distribute,-0.010910745330148075,-1.4667455715572426,0.14258827070722296,1119,1082,0.8648341678559794,False
ipsccp,loop-load-elim,-0.0016287777928409852,-0.2251798637547297,0.821860214929094,1095,1122,0.9942648800181039,False
ipsccp,loop-sink,0.005587575663424715,0.7404143751266186,0.4591316493603754,1035,1061,0.9687293080119685,False
ipsccp,loop-unroll-and-jam,-0.002798132181417945,-0.37859321243554517,0.7050265106535345,1151,1064,0.9942648800181039,False
ipsccp,hotcoldsplit,-0.0006997779157000839,-0.09561273768106944,0.9238365482659984,1144,1140,0.9942648800181039,False
ipsccp,irce,0.005440650140385472,0.7341018737294925,0.4629662149819484,1096,1076,0.9687293080119685,False
ipsccp,nary-reassociate,-0.0005024452298000859,-0.06875203021463581,0.945193177441708,1102,1130,0.9942648800181039,False
ipsccp,scalarizer,0.011164831330203073,1.4873157878826462,0.13708237052356517,1097,1031,0.8592403433953654,False
ipsccp,vector-combine,-0.0020294939387512367,-0.2783658083220541,0.7807570986607735,1150,1110,0.9942648800181039,False
ipsccp,always-inline,0.006842443092774431,0.9138845718208457,0.36087903863137516,1063,1109,0.9480085994808022,False
ipsccp,globalsplit,-0.005694764392985996,-0.7812987777096746,0.43470872882514294,1109,1158,0.9687293080119685,False
ipsccp,lowerswitch,0.00014457634171521905,0.02029005286235947,0.9838137975225817,1144,1102,0.9993802249402087,False
ipsccp,early-cse-memssa,0.010285357830322639,1.566484849425637,0.11737969199173492,1116,1084,0.8364330453969749,False
ipsccp,simple-loop-unswitch,-0.0013771596884028514,-0.18625355847839298,0.8522635703528029,1057,1086,0.9942648800181039,False
ipsccp,loop-versioning,0.013276193153977767,1.7586528575133937,0.07877476636818877,1110,1120,0.7893264998405759,False
ipsccp,loop-flatten,-0.0033133692810036752,-0.4531052647566921,0.6505170271923413,1152,1091,0.9894955426777883,False
ipsccp,loop-reroll,-0.004361473278012895,-0.5832888495805779,0.5597604456895624,1089,1051,0.9815421859157658,False
ipsccp,loop-instsimplify,0.0030704941510725225,0.4088985504265445,0.682655195293647,1087,1051,0.9933243197125733,False
ipsccp,loop-simplifycfg,-0.0038350829647101903,-0.5153257457284924,0.6063780070143704,1136,1046,0.9874161299839842,False
ipsccp,loop-predication,0.006137229253787457,0.8462996060085752,0.39747472858115146,1134,1141,0.9502022310408844,False
ipsccp,speculative-execution,-0.003361096737991065,-0.454067788901296,0.6498250392621192,1063,1134,0.9894955426777883,False
ipsccp,partially-inline-libcalls,0.0035465387590144504,0.4888411882902416,0.6250027424014826,1074,1142,0.9874161299839842,False
ipsccp,load-store-vectorizer,0.00605997439861905,0.8257985420510187,0.40900540121670254,1175,1095,0.9579337028496454,False
ipsccp,iroutliner,0.0017744122839385978,0.2603099019562289,0.7946491194342508,1141,1079,0.9942648800181039,False
ipsccp,global-merge,0.00018407057633718082,0.025344113220818427,0.9797827460721711,1124,1118,0.9990198037713872,False
ipsccp,break-crit-edges,0.013934587632790707,1.8776523623389394,0.06056141714089987,1088,1107,0.7729977239171516,False
ipsccp,unreachableblockelim,0.006263440928130248,0.8527358631450644,0.39389623308805793,1105,1168,0.9502022310408844,False
correlated-propagation,mem2reg,-0.004067418309567528,-1.1603215001979525,0.24604630969208433,1074,1086,0.9195460358483637,False
correlated-propagation,sroa,-0.001628514978512463,-0.46830843066860434,0.6396086101476709,1149,1143,0.9894955426777883,False
correlated-propagation,instsimplify,0.00948332613816516,1.2972389116325416,0.1946832075018589,1112,1121,0.8839028520228416,False
correlated-propagation,constmerge,0.008782361426679541,1.1798610154267923,0.23818349460840524,1094,1101,0.9153351961594847,False
correlated-propagation,function-attrs,0.004052046274924059,0.5436648151968659,0.5867266221595768,1109,1118,0.9874161299839842,False
correlated-propagation,deadargelim,-0.001409367386498106,-0.18757460276219934,0.8512276715226063,1091,1082,0.9942648800181039,False
correlated-propagation,globaldce,-0.0024561246863447073,-0.33951700558841347,0.7342526755624788,1101,1103,0.9942648800181039,False
correlated-propagation,elim-avail-extern,0.005297627651882131,0.731883752066616,0.4643141131291463,1179,1132,0.9687293080119685,False
correlated-propagation,mergefunc,-0.008815448179414542,-1.1654665796315287,0.2439572688375809,1118,1072,0.9193628455562103,False
correlated-propagation,instcombine,0.007565434908834989,1.159297578206917,0.24645646420558445,1124,1155,0.9195460358483637,False
correlated-propagation,simplifycfg,-0.0071925911122920905,-0.9610851731993971,0.3366162477459201,1096,1086,0.9441889704650352,False
correlated-propagation,tailcallelim,0.013925330202921082,2.0022020533202665,0.04538372007399565,1125,1114,0.7108785336882624,False
correlated-propagation,reassociate,-2.740289672098495e-05,-0.0036953662830909555,0.997051865688384,1131,1077,0.9993802249402087,False
correlated-propagation,memcpyopt,0.0024516492864871675,0.32568031336351866,0.7446989746822286,1055,1030,0.9942648800181039,False
correlated-propagation,sccp,0.013073768411089981,1.8240356669721405,0.06827998443014985,1126,1117,0.7840748251100543,False
correlated-propagation,dce,-0.00605302046519296,-0.810821402849729,0.417554463650681,1141,1099,0.9674002748306321,False
correlated-propagation,adce,0.004574071546198877,0.6079636258792245,0.5432762763243262,1083,1056,0.977995703783708,False
correlated-propagation,dse,0.004529142434368361,0.6289140817491904,0.5294714967633007,1096,1077,0.9774238917491724,False
correlated-propagation,jump-threading,0.006759757025387836,0.9492440459224117,0.3425998092943449,1179,1084,0.9478434106605946,False
correlated-propagation,loop-idiom,-0.010873794187421182,-1.5199552200136055,0.12866131430422856,1170,1111,0.8550422586271765,False
correlated-propagation,loop-deletion,-0.008610019813149405,-1.1910613423321357,0.23375309863766675,1127,1164,0.9121894118219415,False
correlated-propagation,gvn,0.0049564685809672104,0.8018842614558535,0.4227034295260758,1124,1161,0.9681527028295874,False
correlated-propagation,gvn-hoist,0.0044547492346564965,0.5876637251804381,0.5568177602196118,1107,1123,0.9809315953038664,False
correlated-propagation,gvn-sink,0.0026529084594569263,0.35031695615837516,0.7261351532879402,1100,1058,0.9942648800181039,False
correlated-propagation,newgvn,-0.0026252330605534557,-0.4160402040798281,0.6774205467723904,1135,1101,0.9933243197125733,False
correlated-propagation,early-cse,-0.014729940829866506,-2.1028978615145917,0.03558728238624234,1170,1049,0.6968577611639679,False
correlated-propagation,mergereturn,0.0021139636962935193,0.2857309770052317,0.7751105242892649,1127,1123,0.9942648800181039,False
correlated-propagation,globalopt,0.0004927692201964207,0.06706759551163491,0.9465338570505748,1100,1168,0.9942648800181039,False
correlated-propagation,strip-dead-prototypes,-0.004563874565029158,-0.6092077177680247,0.5424504572913612,1079,1096,0.977995703783708,False
correlated-propagation,indvars,-0.007762599612300747,-1.0808980959679075,0.2798561036031253,1132,1171,0.9240442678835065,False
correlated-propagation,mergeicmps,0.007853681601899365,1.047991432343451,0.2947581812875226,1121,1079,0.9279993210434955,False
correlated-propagation,separate-const-offset-from-gep,-0.0014251404214439267,-0.1902731167773792,0.8491127279304639,1106,1091,0.9942648800181039,False
correlated-propagation,libcalls-shrinkwrap,-0.01298365551974262,-1.79210413804566,0.0732551785970659,1083,1095,0.7840748251100543,False
correlated-propagation,flattencfg,0.0169747507408598,2.2797891702761377,0.022715880013696316,1077,1117,0.6583805678086954,False
correlated-propagation,loop-reduce,0.00740015571423297,0.9841874596260137,0.3251337815848883,1081,1077,0.941513876021561,False
correlated-propagation,loop-unroll,0.0015849329146930269,0.2152637315136264,0.8295814279598719,1127,1101,0.9942648800181039,False
correlated-propagation,loop-rotate,-0.011701460212862946,-1.5508887151258515,0.12106986260314848,1098,1146,0.8415451012005949,False
correlated-propagation,partial-inliner,-0.0016108350833849427,-0.22325688587268766,0.8233561111644956,1126,1098,0.9942648800181039,False
correlated-propagation,lower-expect,-0.0029118278096462724,-0.39005287862444443,0.6965346186218305,1103,1141,0.9942648800181039,False
correlated-propagation,alignment-from-assumptions,-0.002930922328312935,-0.39193689510001256,0.6951440680676784,1021,1137,0.9942648800181039,False
correlated-propagation,rpo-function-attrs,-0.004794749197265025,-0.6541049662391482,0.5131116322968565,1126,1106,0.9774238917491724,False
correlated-propagation,attributor,0.0011790354631062705,0.3267499433229893,0.7438886998740549,1043,1128,0.9942648800181039,False
correlated-propagation,inferattrs,-0.004202904976707222,-0.5778889435052227,0.5634002778239342,1034,1106,0.9826486788287172,False
correlated-propagation,called-value-propagation,0.004989222473873567,0.6728480788586424,0.5011140399732393,1099,1121,0.9774238917491724,False
correlated-propagation,licm,-0.005815584345300162,-0.7384645195316194,0.4603120672380064,1061,1117,0.9687293080119685,False
correlated-propagation,loop-simplify,-0.005921136965326423,-0.7999951928015417,0.4238000342532247,1101,1100,0.9681527028295874,False
correlated-propagation,div-rem-pairs,-0.02550857133471862,-3.4699051493931745,0.0005308278164250953,1065,1123,0.09950628736673804,False
correlated-propagation,float2int,0.0016917032562230871,0.2280543130193521,0.8196257242774998,1106,1050,0.9942648800181039,False
correlated-propagation,inline,-0.0037652505623136934,-0.5132701404603608,0.6078138662237327,1099,1105,0.9874161299839842,False
correlated-propagation,sink,-0.007971864826144703,-1.0923808079175419,0.27478576512932285,1083,1112,0.9234272483582865,False
correlated-propagation,loop-vectorize,0.01193305369700498,1.6797499733345058,0.09314444738281026,1106,1152,0.8216483294072284,False
correlated-propagation,slp-vectorizer,0.017139497105406853,2.3245662323914,0.020186308222324135,1159,1069,0.6426795365741571,False
correlated-propagation,callsite-splitting,0.008097630855779858,1.0977510885356185,0.2724369726489299,1075,1064,0.9234272483582865,False
correlated-propagation,dfa-jump-threading,0.0009040540577267553,0.12320860861181045,0.9019535086412087,1081,1057,0.9942648800181039,False
correlated-propagation,consthoist,-0.0012972585315987883,-0.1783553077980025,0.8584602433571196,1103,1116,0.9942648800181039,False
correlated-propagation,mldst-motion,-0.004589953385792989,-0.6295623498088406,0.52904567464229,1081,1158,0.9774238917491724,False
correlated-propagation,slsr,0.0010873846138678145,0.14484126800641775,0.8848496217955705,1074,1103,0.9942648800181039,False
correlated-propagation,loop-interchange,-0.004736337837211557,-0.6528555010837364,0.5139164058160809,1127,1117,0.9774238917491724,False
correlated-propagation,loop-fusion,-0.0007682696011577783,-0.10155519371331752,0.9191192597418986,1077,1065,0.9942648800181039,False
correlated-propagation,loop-distribute,0.0015574109013294368,0.20372895852054546,0.838584508800693,1083,1080,0.9942648800181039,False
correlated-propagation,loop-load-elim,-0.011824278899531637,-1.5842049308850372,0.11329168099494058,1109,1080,0.8280516210713255,False
correlated-propagation,loop-sink,0.016820861177301083,2.2640026231191954,0.02367032424629958,1065,1170,0.6583805678086954,False
correlated-propagation,loop-unroll-and-jam,-0.0003073882155575913,-0.040701127264094576,0.9675379353411698,1095,1061,0.9983466251823186,False
correlated-propagation,hotcoldsplit,0.004624388170443916,0.642323384951521,0.5207278459642865,1175,1111,0.9774238917491724,False
correlated-propagation,irce,0.0026106490222466694,0.3532781273108484,0.7239140236706988,1088,1099,0.9942648800181039,False
correlated-propagation,nary-reassociate,-0.0033135260570902325,-0.4474178356497831,0.6546171920397159,1132,1088,0.9894955426777883,False
correlated-propagation,scalarizer,0.0010309170186741934,0.1365357201811988,0.89141048792804,1098,1072,0.9942648800181039,False
correlated-propagation,vector-combine,-0.009428632284025518,-1.2634839171237688,0.20655070987058025,1099,1080,0.9037458992773097,False
correlated-propagation,always-inline,-0.011743357970844526,-1.561931262263069,0.1184495298579389,1090,1089,0.8364330453969749,False
correlated-propagation,globalsplit,0.0007880048949873708,0.1071390924933078,0.9146883058038069,1094,1135,0.9942648800181039,False
correlated-propagation,lowerswitch,-0.015208755965941734,-2.0715650494903186,0.03842190636128034,1093,1132,0.7015384337019843,False
correlated-propagation,early-cse-memssa,-0.003801515076156614,-0.5784122024085394,0.5630465235783988,1081,1068,0.9826486788287172,False
correlated-propagation,simple-loop-unswitch,0.013275378238098268,1.791296899425695,0.07338348140121773,1138,1074,0.7840748251100543,False
correlated-propagation,loop-versioning,0.0052274998280187335,0.6922401186022359,0.48886166458611097,1090,1054,0.9726252030341583,False
correlated-propagation,loop-flatten,-0.000656657728213883,-0.08832537760740007,0.929626130773796,1107,1089,0.9942648800181039,False
correlated-propagation,loop-reroll,0.0034384772875128977,0.4534483004803556,0.6502709105987076,1087,1104,0.9894955426777883,False
correlated-propagation,loop-instsimplify,-0.003318729299358225,-0.44689353965966433,0.6549963449145699,1100,1081,0.9895700951718579,False
correlated-propagation,loop-simplifycfg,-0.0006011788810476593,-0.08204819819394348,0.9346161139811309,1030,1106,0.9942648800181039,False
correlated-propagation,loop-predication,-0.00941360627096377,-1.2643875424946316,0.2062271234100168,1084,1082,0.9033393906863824,False
correlated-propagation,speculative-execution,-0.0030644444470739884,-0.41408979612331737,0.6788486696170576,1080,1142,0.9933243197125733,False
correlated-propagation,partially-inline-libcalls,-0.0026376597184183392,-0.348855395454632,0.7272305929612558,1103,1145,0.9942648800181039,False
correlated-propagation,load-store-vectorizer,0.0019316574894799876,0.26167660228225437,0.7935953850405945,1095,1098,0.9942648800181039,False
correlated-propagation,iroutliner,0.007073420005270448,0.9883004248786713,0.32311950674276074,1030,1072,0.940770251601971,False
correlated-propagation,global-merge,-0.0032380563007306518,-0.42951497304073405,0.6675924170616038,1065,1044,0.9917647591855995,False
correlated-propagation,break-crit-edges,-0.002558348756059259,-0.33982956064480413,0.7340177145475938,1062,1122,0.9942648800181039,False
correlated-propagation,unreachableblockelim,0.007615539933682913,1.0400785790090379,0.29841808339569836,1117,1079,0.9300834221864764,False
mem2reg,sroa,-0.0003540550366000206,-0.10195626611354791,0.9188007269256977,1050,1148,0.9942648800181039,False
mem2reg,instsimplify,0.004954157943009407,1.3617813814580282,0.17340600124128272,1106,1101,0.8754403855060268,False
mem2reg,constmerge,-0.0019125865644652462,-0.5529471653896338,0.5803556910579118,1122,1088,0.9874161299839842,False
mem2reg,function-attrs,0.0040087556815721626,1.1755823196920452,0.23988896762813888,1084,1123,0.9160980818706629,False
mem2reg,deadargelim,-0.005017180221017603,-1.414749035027064,0.15728067281803096,1134,1119,0.8754403855060268,False
mem2reg,globaldce,0.001647451483715423,0.448270144772578,0.6540035998666403,1038,1111,0.9894955426777883,False
mem2reg,elim-avail-extern,-0.00044038980680188855,-0.12753615496961368,0.8985276022062851,1119,1109,0.9942648800181039,False
mem2reg,mergefunc,0.0033699630418941307,0.9711807832399273,0.33156564455510534,1128,1089,0.9423126475181534,False
mem2reg,instcombine,0.0055069878518588244,1.6484568850345445,0.09940131436226654,1088,1121,0.8216483294072284,False
mem2reg,simplifycfg,0.012081234328698787,3.468521387390578,0.0005336139005877168,1097,1095,0.09950628736673804,False
mem2reg,tailcallelim,0.0027195398361182233,0.7346197797084703,0.46265107271492123,1100,1060,0.9687293080119685,False
mem2reg,reassociate,-0.0027462762650865558,-0.7701666985144697,0.4412863456106987,1064,1071,0.9687293080119685,False
mem2reg,memcpyopt,-0.002610522492212053,-0.7365767154249201,0.46145978472375415,1077,1097,0.9687293080119685,False
mem2reg,sccp,0.004508849207867538,1.3540320465290696,0.17586472368579026,1166,1082,0.8754403855060268,False
mem2reg,dce,0.0003867528322647473,0.1129761467775761,0.910059580592382,1101,1159,0.9942648800181039,False
mem2reg,adce,0.004126025784195464,1.2407585027610588,0.21482530315379447,1105,1131,0.9085781878347714,False
mem2reg,dse,0.0034678184095399134,1.0160912223710818,0.30969768740069237,1076,1132,0.9302920999492814,False
mem2reg,jump-threading,0.005418292000753,1.586500741571024,0.11277937923086777,983,1092,0.8280516210713255,False
mem2reg,loop-idiom,9.848521175559455e-05,0.028029347938311654,0.9776412142779276,1144,1123,0.9990198037713872,False
mem2reg,loop-deletion,-0.0020325699489717186,-0.5642198687675887,0.5726619134559414,1095,1112,0.9865737009134377,False
mem2reg,gvn,-0.003611566834545832,-1.1171710353474016,0.2640366889038087,1180,1147,0.922998223890889,False
mem2reg,gvn-hoist,-0.004646662909874977,-1.3812568091524478,0.16733492910197145,1158,1140,0.8754403855060268,False
mem2reg,gvn-sink,-0.00017941560680562185,-0.05075045773380993,0.9595289726576351,1084,1123,0.9956320765573129,False
mem2reg,newgvn,-0.0008546376153615309,-0.2406586582359314,0.809842135242683,1088,1122,0.9942648800181039,False
mem2reg,early-cse,0.006676229256975086,2.0254238118245023,0.04294564501962682,1101,1082,0.7108785336882624,False
mem2reg,mergereturn,-0.0032699677284540596,-0.9685277464480783,0.33289057307237585,1071,1066,0.9423126475181534,False
mem2reg,globalopt,0.009864803427407476,2.733303729650261,0.006322952837367526,1097,1054,0.4585311724283561,False
mem2reg,strip-dead-prototypes,-0.0033844462455602797,-0.9614257056410458,0.3364433927172098,1123,1088,0.9441889704650352,False
mem2reg,indvars,0.008623952792184142,2.5318734236902065,0.011413163137181714,1089,1165,0.5918624706255822,False
mem2reg,mergeicmps,-0.0056825910938330115,-1.5716272208139763,0.1161840578504118,1067,1102,0.836071742987333,False
mem2reg,separate-const-offset-from-gep,-0.0059421582751023605,-1.6614711035952676,0.09676013111708363,1136,1087,0.8216483294072284,False
mem2reg,libcalls-shrinkwrap,0.0018532170727716402,0.5051076448583343,0.613535893835825,1076,1046,0.9874161299839842,False
mem2reg,flattencfg,0.002236687272532012,0.6255379514843845,0.5316838276278485,1127,1057,0.9774238917491724,False
mem2reg,loop-reduce,-0.008017920627474806,-2.3942595126903052,0.016738207497400813,1093,1083,0.5976808664173467,False
mem2reg,loop-unroll,-0.00017527870930167389,-0.04778967289021676,0.961888228575511,1113,1080,0.9959719209227359,False
mem2reg,loop-rotate,0.0024968691771322105,0.6639622616620291,0.5067826808518127,1091,1185,0.9774238917491724,False
mem2reg,partial-inliner,-0.005947016865606947,-1.7499645218887807,0.08026539431805105,1095,1089,0.7893959303675203,False
mem2reg,lower-expect,0.0031910552804788606,0.9082132473224593,0.3638626184932223,1098,1159,0.950196350047446,False
mem2reg,alignment-from-assumptions,0.0008283707107711313,0.23088240507537036,0.8174277719054132,1089,1105,0.9942648800181039,False
mem2reg,rpo-function-attrs,-0.0028604639333927873,-0.7958618780445396,0.4262008948757961,1046,1107,0.9681527028295874,False
mem2reg,attributor,-0.0005008594853882498,-0.13830921696134574,0.8900086530768166,1120,1095,0.9942648800181039,False
mem2reg,inferattrs,0.0016494817204329992,0.5165601055544907,0.605513909502249,1136,1124,0.9874161299839842,False
mem2reg,called-value-propagation,0.0032284090514808073,0.9247009435437676,0.3552235080560367,1156,1051,0.9480085994808022,False
mem2reg,licm,0.0028611130102089155,0.854567295597093,0.392887810811589,1049,1098,0.9502022310408844,False
mem2reg,loop-simplify,-0.002252253448982222,-0.6711699334581123,0.5021796394582858,1141,1166,0.9774238917491724,False
mem2reg,div-rem-pairs,0.008475078532665492,2.497774801978813,0.012568495977069086,1143,1147,0.5918624706255822,False
mem2reg,float2int,0.006228760900906627,1.8790777184422098,0.06036641975961089,1083,1116,0.7729977239171516,False
mem2reg,inline,0.0021028131347820556,0.603285113966293,0.5463808444489895,1118,1100,0.977995703783708,False
mem2reg,sink,-0.0007828918622960201,-0.22787330422138696,0.8197662043908919,1087,1086,0.9942648800181039,False
mem2reg,loop-vectorize,-0.10518577334789753,-24.15643338292261,2.3112807883409177e-114,1062,1110,6.744348664057916e-111,True
mem2reg,slp-vectorizer,-0.001564880933972168,-0.4492328106708666,0.6533073248161347,1100,1139,0.9894955426777883,False
mem2reg,callsite-splitting,-0.004242633357708525,-1.243415861886818,0.21384912278129412,1085,1085,0.9085781878347714,False
mem2reg,dfa-jump-threading,-0.0012564316959975397,-0.3353560280883806,0.7373885213561583,1107,1097,0.9942648800181039,False
mem2reg,consthoist,-0.0011220757892192457,-0.3104428861080195,0.7562532672386612,1122,1122,0.9942648800181039,False
mem2reg,mldst-motion,-0.003935035587077029,-1.129141038608379,0.25896247360881114,1119,1077,0.922998223890889,False
mem2reg,slsr,0.0010182598370844786,0.2759791200228487,0.7825900188760561,1098,1107,0.9942648800181039,False
mem2reg,loop-interchange,-0.002388550608905249,-0.722830939380208,0.4698592700091168,1125,1135,0.9705521863870724,False
mem2reg,loop-fusion,0.008108524756849866,2.3850611166348155,0.017159483688495954,1129,1116,0.6053742173346861,False
mem2reg,loop-distribute,-0.005415414227370963,-1.6056988635077807,0.10848168258887993,1145,1091,0.8220451385689145,False
mem2reg,loop-load-elim,0.003281781284681373,0.9257347707741495,0.35469000397419487,1039,1082,0.9480085994808022,False
mem2reg,loop-sink,0.005345519880772365,1.5214184437568594,0.1282993158596368,1095,1103,0.8550422586271765,False
mem2reg,loop-unroll-and-jam,0.002981956332412994,0.842013026258966,0.3998725774290489,1091,1105,0.9502022310408844,False
mem2reg,hotcoldsplit,-0.002207613761116667,-0.6316438188586108,0.5276864671711605,1095,1070,0.9774238917491724,False
mem2reg,irce,-0.0017117919875839216,-0.5138347755004455,0.6074170660218299,1158,1135,0.9874161299839842,False
mem2reg,nary-reassociate,-0.0015539035108672605,-0.45926799970535004,0.6460848076670497,1201,1120,0.9894955426777883,False
mem2reg,scalarizer,0.0024441568681989323,0.6377048043328237,0.5237334340265111,1111,1062,0.9774238917491724,False
mem2reg,vector-combine,0.00032470862595651573,0.09355261786220657,0.9254729541253942,1183,1077,0.9942648800181039,False
mem2reg,always-inline,0.005025850076770366,1.440330049596232,0.14992089910981,1090,1079,0.8719556781826802,False
mem2reg,globalsplit,-0.00044772024281208855,-0.12271761437713573,0.9023419298593066,1102,1099,0.9942648800181039,False
mem2reg,lowerswitch,0.004616838349287999,1.3395613865675244,0.1805249384929093,1114,1114,0.8754403855060268,False
mem2reg,early-cse-memssa,0.0012326571035157774,0.3351726482491815,0.7375275310019936,1078,1078,0.9942648800181039,False
mem2reg,simple-loop-unswitch,-0.0033504005619396926,-0.9423408650264182,0.34612336755609474,1076,1095,0.9478434106605946,False
mem2reg,loop-versioning,0.00977320931017761,2.5984986652914044,0.009429362139426042,1055,1083,0.5351504657680055,False
mem2reg,loop-flatten,0.0009718842946931927,0.2753159488627575,0.7830984025505611,1144,1152,0.9942648800181039,False
mem2reg,loop-reroll,0.00014637874352374514,0.04170125119919478,0.9667405945658476,1123,1114,0.9983466251823186,False
mem2reg,loop-instsimplify,0.0022448982332423095,0.6305963594999118,0.5283696930475664,1090,1122,0.9774238917491724,False
mem2reg,loop-simplifycfg,-0.0008685976868097467,-0.2512594544420645,0.8016367044714784,1104,1125,0.9942648800181039,False
mem2reg,loop-predication,-0.004858975070133775,-1.413062856913127,0.15777772071877783,1143,1075,0.8754403855060268,False
mem2reg,speculative-execution,0.002122061119486318,0.6034491200716039,0.5462731764973681,1089,1079,0.977995703783708,False
mem2reg,partially-inline-libcalls,-0.005254204015694874,-1.4953256951026888,0.13497873702822366,1084,1095,0.8592403433953654,False
mem2reg,load-store-vectorizer,-0.0005934511618894134,-0.16837102712185426,0.8663073288154686,1075,1112,0.9942648800181039,False
mem2reg,iroutliner,0.024918891224912587,7.995146877877055,2.0764898150520774e-15,1111,1138,1.016441764467992e-12,True
mem2reg,global-merge,-0.001529363050804644,-0.4521646384257889,0.6511949773845273,1120,1083,0.9894955426777883,False
mem2reg,break-crit-edges,-0.002490034075210368,-0.6704669259181176,0.5026288533175105,1117,1143,0.9774238917491724,False
mem2reg,unreachableblockelim,-0.00018531611742861331,-0.05440048497880627,0.9566210317027405,1147,1075,0.9947233032787923,False
sroa,instsimplify,0.002253002158119355,0.6686243505633412,0.5038062178053677,1081,1093,0.9774238917491724,False
sroa,constmerge,-0.001357196744447009,-0.3801329600512446,0.7038855990233992,1086,1026,0.9942648800181039,False
sroa,function-attrs,-0.006393709070492637,-1.760304498646451,0.07849679510255363,1100,1144,0.7893264998405759,False
sroa,deadargelim,0.003930845624177226,1.1234104451629245,0.2613862896851605,1098,1106,0.922998223890889,False
sroa,globaldce,0.002789275088487586,0.7796096628204023,0.43570359534185693,1099,1141,0.9687293080119685,False
sroa,elim-avail-extern,-0.005339714828025588,-1.6024199871377034,0.10920252248937455,1175,1094,0.8223789962853668,False
sroa,mergefunc,-0.007948414469210463,-2.0927856011826385,0.036485140923988364,1098,1077,0.6984398753125753,False
sroa,instcombine,9.570151979720887e-06,0.002696190529695704,0.9978489988550092,1122,1075,0.9993802249402087,False
sroa,simplifycfg,0.0015023240035695329,0.4427774710920093,0.6579701998843575,1133,1073,0.9908078588307175,False
sroa,tailcallelim,-0.004403708928347072,-1.225492079126853,0.2205224877831465,1135,1046,0.9085781878347714,False
sroa,reassociate,0.0005256201223711177,0.15115709445890896,0.8798657488502043,1142,1060,0.9942648800181039,False
sroa,memcpyopt,-0.0007611187358307347,-0.2099078705818796,0.8337593003863858,1072,1100,0.9942648800181039,False
sroa,sccp,0.0013778598307011003,0.37595935353028614,0.7069832808805253,1102,1105,0.9942648800181039,False
sroa,dce,-0.0031040677879750622,-0.90513803234427,0.3654900277845004,1107,1129,0.950196350047446,False
sroa,adce,-0.004917836606445458,-1.4003089959697697,0.16156150502744307,1112,1096,0.8754403855060268,False
sroa,dse,-0.0008031373010381482,-0.23171348251401247,0.8167814165342077,1104,1171,0.9942648800181039,False
sroa,jump-threading,0.0038066606324347885,1.0702819961447345,0.2846123142123134,1054,1102,0.9247897792409351,False
sroa,loop-idiom,0.00039324674071467003,0.10882321843770876,0.9133527096050265,1065,1120,0.9942648800181039,False
sroa,loop-deletion,-0.0014485284517573582,-0.4036642054276947,0.6864980069439451,1107,1149,0.9935462622399623,False
sroa,gvn,-0.003549804298763448,-1.0941380747586462,0.2740122762891931,1120,1118,0.9234272483582865,False
sroa,gvn-hoist,0.002602255376283835,0.7405785799319715,0.45903013411702664,1048,1098,0.9687293080119685,False
sroa,gvn-sink,-0.0002503802826022139,-0.07111383182537755,0.9433136531529531,1095,1097,0.9942648800181039,False
sroa,newgvn,0.008701839613389883,2.5042783823719774,0.01234553613059989,1098,1053,0.5918624706255822,False
sroa,early-cse,0.00733211411239354,2.16322509224521,0.030627323133193645,1090,1196,0.6845850224753226,False
sroa,mergereturn,-0.006584883462263713,-1.9380039212887354,0.05275331590283,1105,1051,0.7471468075780253,False
sroa,globalopt,-0.003659241127226487,-1.0334464244461794,0.30150992181965064,1094,1090,0.9301799375126703,False
sroa,strip-dead-prototypes,0.00579018849352364,1.537747386917548,0.12425945983993043,1153,1092,0.8466885429470129,False
sroa,indvars,0.00715986861243828,2.195120748783642,0.028256409887464615,1148,1122,0.6747592491680215,False
sroa,mergeicmps,0.000625203614728953,0.17611873813662127,0.8602169374949784,1091,1102,0.9942648800181039,False
sroa,separate-const-offset-from-gep,0.0038356054748167057,1.0636383856413323,0.2876134118505674,1104,1031,0.9279993210434955,False
sroa,libcalls-shrinkwrap,0.004804659511410292,1.351794051904443,0.17658095005220786,1076,1120,0.8754403855060268,False
sroa,flattencfg,-0.0020153269732151036,-0.5427659825735742,0.5873452845811472,1098,1145,0.9874161299839842,False
sroa,loop-reduce,0.00011054223571943522,0.033073241012194325,0.9736192470516608,1116,1098,0.9990198037713872,False
sroa,loop-unroll,0.0031468786418041295,0.8509597496851018,0.3948876269879433,1088,1069,0.9502022310408844,False
sroa,loop-rotate,0.006194752632892708,1.6191519937908287,0.10556681737045417,1022,1126,0.8216483294072284,False
sroa,partial-inliner,0.0022325614004052308,0.6638886208021092,0.5068304277580283,1115,1111,0.9774238917491724,False
sroa,lower-expect,-0.0014591323040613613,-0.39967860237541414,0.6894317785426954,1120,1111,0.993674952069634,False
sroa,alignment-from-assumptions,-0.0016652262955491604,-0.46909581618539276,0.6390475308145631,1086,1121,0.9894955426777883,False
sroa,rpo-function-attrs,0.00014669074686585182,0.04437097737415195,0.9646126413594148,1149,1104,0.9972077886915175,False
sroa,attributor,0.003495197830136021,0.9591497763551147,0.3375946008774513,1075,1064,0.9441889704650352,False
sroa,inferattrs,0.0007473743285319467,0.22654663973846453,0.8207978447906383,1086,1064,0.9942648800181039,False
sroa,called-value-propagation,0.0026281285795162757,0.7589376312278644,0.4479707184250848,1077,1161,0.9687293080119685,False
sroa,licm,0.0028230455188986703,0.7925934112178826,0.4281004227727803,1146,1062,0.9687293080119685,False
sroa,loop-simplify,0.0038866283829693815,1.1264700795358475,0.2600854076290473,1120,1157,0.922998223890889,False
sroa,div-rem-pairs,0.003196477386033958,0.9372741472470528,0.34871724158171324,1182,1092,0.947888706648844,False
sroa,float2int,-0.0022210275420498915,-0.6476963103753245,0.5172489169793237,1142,1062,0.9774238917491724,False
sroa,inline,-1.86925272721572e-05,-0.0051694943840016865,0.9958758399796296,1048,1143,0.9993802249402087,False
sroa,sink,0.002408061148069962,0.6987940216768322,0.4847524389824211,1139,1133,0.9726252030341583,False
sroa,loop-vectorize,-0.10592720983611426,-24.15265447644739,3.4445090214800386e-114,1118,1060,6.744348664057916e-111,True
sroa,slp-vectorizer,0.0026443396234558936,0.7556479909915736,0.4499431797057155,1154,1051,0.9687293080119685,False
sroa,callsite-splitting,0.000671146145976298,0.18848019974607672,0.850517261194499,1118,1131,0.9942648800181039,False
sroa,dfa-jump-threading,0.001169610474046956,0.32409854654223763,0.7458939339938436,1104,1129,0.9942648800181039,False
sroa,consthoist,-0.003944653495089434,-1.1307341408077376,0.25828862745096753,1091,1144,0.922998223890889,False
sroa,mldst-motion,0.005064667830065428,1.412348614161812,0.15798682323403465,1094,1164,0.8754403855060268,False
sroa,slsr,-0.003012802302004014,-0.8339562183256859,0.40439829478682926,1036,1161,0.9539704840807026,False
sroa,loop-interchange,-0.004372620096799729,-1.2790970275924067,0.20099778289928194,1124,1079,0.8934248783582158,False
sroa,loop-fusion,0.0012285942104454661,0.3639094779141,0.7159590929095417,1142,1160,0.9942648800181039,False
sroa,loop-distribute,-0.007826791248613685,-2.3207544111409075,0.020390124396593965,1111,1118,0.6439332833634029,False
sroa,loop-load-elim,0.004426862549749888,1.2981182600564747,0.19438227846596906,1090,1120,0.8839028520228416,False
sroa,loop-sink,0.000309404080521436,0.08743804488429563,0.9303311748849385,1113,1121,0.9942648800181039,False
sroa,loop-unroll-and-jam,0.001991034221943133,0.5538796633113984,0.579717704685294,1109,1087,0.9874161299839842,False
sroa,hotcoldsplit,-0.0015938819594751852,-0.46121331614868927,0.6446911591830901,1149,1071,0.9894955426777883,False
sroa,irce,-0.0008908125339371353,-0.26675761131784353,0.7896800665733726,1123,1146,0.9942648800181039,False
sroa,nary-reassociate,-0.0007610691465108621,-0.2096659947495775,0.8339476374617417,1134,1090,0.9942648800181039,False
sroa,scalarizer,0.0010729278331875758,0.2816168173585461,0.7782641003390319,1104,1118,0.9942648800181039,False
sroa,vector-combine,0.0064456340288310265,1.7891847227648896,0.07371961153291498,1103,1167,0.7840748251100543,False
sroa,always-inline,0.007291937798561632,2.030222569815728,0.04245656086204475,1138,1078,0.7108785336882624,False
sroa,globalsplit,-0.004999559032342005,-1.347246836028475,0.17804770689400662,1060,1027,0.8754403855060268,False
sroa,lowerswitch,0.0025793940817604444,0.7167560594663765,0.4736059654597367,1063,1034,0.9705521863870724,False
sroa,early-cse-memssa,8.03215359932441e-05,0.02400525302113961,0.9808505519405337,1131,1147,0.9993802249402087,False
sroa,simple-loop-unswitch,0.009032337944104074,2.5987566885500963,0.009422690001427182,1047,1082,0.5351504657680055,False
sroa,loop-versioning,-0.002250762429436004,-0.5844620530080732,0.5589702347322608,1075,1098,0.9815421859157658,False
sroa,loop-flatten,-0.004005568048435881,-1.1425214851562313,0.25335868916990545,1114,1155,0.9195460358483637,False
sroa,loop-reroll,0.0003549801289431942,0.10680675068598962,0.914951780967492,1100,1162,0.9942648800181039,False
sroa,loop-instsimplify,-0.0005947112566873636,-0.17840333581184992,0.8584230620186373,1114,1042,0.9942648800181039,False
sroa,loop-simplifycfg,-0.003011537481249049,-0.8892677952355477,0.37395465940518285,1099,1159,0.9502022310408844,False
sroa,loop-predication,0.005709682811562422,1.5774846991964668,0.11483400752270274,1094,1057,0.833544788302938,False
sroa,speculative-execution,0.0013331167485144957,0.35602629261273583,0.7218568655242453,1045,1051,0.9942648800181039,False
sroa,partially-inline-libcalls,-0.002286469928404311,-0.6660495863353523,0.5054519239792823,1047,1074,0.9774238917491724,False
sroa,load-store-vectorizer,-0.00020542666616890637,-0.05979392526336814,0.9523253054153952,1071,1088,0.9942648800181039,False
sroa,iroutliner,0.02771314511540679,8.93182428817257,9.810859432834911e-19,1102,1039,6.403220923163585e-16,True
sroa,global-merge,0.0018456693194440765,0.5262051341702819,0.598798536412664,1089,1121,0.9874161299839842,False
sroa,break-crit-edges,0.0009492169755123125,0.27472424024203074,0.7835537425104148,1098,1118,0.9942648800181039,False
sroa,unreachableblockelim,-0.004729756257480511,-1.35755932820212,0.17474253658800024,1110,1096,0.8754403855060268,False
instsimplify,constmerge,-0.002053974317530516,-0.27467483956408906,0.7835920915751742,1124,1061,0.9942648800181039,False
instsimplify,function-attrs,-0.002451942830939191,-0.32801996507158365,0.7429282417323574,1092,1078,0.9942648800181039,False
instsimplify,deadargelim,0.00519791008377718,0.7040186168966919,0.4814947571773343,1108,1122,0.9726252030341583,False
instsimplify,globaldce,-0.006651275485667463,-0.886344686245337,0.3755295554716743,1105,1081,0.9502022310408844,False
instsimplify,elim-avail-extern,0.006010939179708741,0.8024971043696442,0.42235171178618436,1104,1109,0.9681527028295874,False
instsimplify,mergefunc,0.013951008855220992,1.8935307824993861,0.05841550280619166,1141,1117,0.7654856644350897,False
instsimplify,instcombine,0.00048716993550129706,0.07262749750937017,0.9421092344197839,1073,1104,0.9942648800181039,False
instsimplify,simplifycfg,-0.008550342170538683,-1.1576273990109973,0.24714386826724768,1084,1085,0.9195460358483637,False
instsimplify,tailcallelim,0.0022320535941868225,0.3116770197852848,0.755315603987338,1071,1126,0.9942648800181039,False
instsimplify,reassociate,0.010805381243227163,1.4938460923542434,0.13535874638515513,1122,1092,0.8592403433953654,False
instsimplify,memcpyopt,-0.005557658577473423,-0.738967833479034,0.4600071034559641,1066,1095,0.9687293080119685,False
instsimplify,sccp,0.0021549239480661564,0.2960499761805984,0.767220229175206,1092,1082,0.9942648800181039,False
instsimplify,dce,0.006343875483113437,0.8644642686329024,0.3874256405875682,1125,1116,0.9502022310408844,False
instsimplify,adce,0.004837677261653073,0.6389341828753053,0.5229331667195776,1051,1123,0.9774238917491724,False
instsimplify,dse,-0.00650436154347217,-0.9143694874220044,0.3606187852699294,1180,1123,0.9480085994808022,False
instsimplify,jump-threading,0.003678454282522503,0.5206454070208175,0.6026649802447582,1125,1131,0.9874161299839842,False
instsimplify,loop-idiom,-0.009208780951810158,-1.2408962221325108,0.21477950511017377,1068,1091,0.9085781878347714,False
instsimplify,loop-deletion,-0.004757381208757405,-0.6522804576158917,0.5142879841741996,1142,1082,0.9774238917491724,False
instsimplify,gvn,-0.009930142304011513,-1.5561295684238223,0.11982608234619585,1070,1060,0.8364330453969749,False
instsimplify,gvn-hoist,0.008548174144918097,1.1513212988826462,0.24972854310866913,1131,1040,0.9195460358483637,False
instsimplify,gvn-sink,0.007954164596335134,1.1032336515873253,0.2700440217069485,1111,1138,0.9234272483582865,False
instsimplify,newgvn,-0.001967324425487027,-0.31418248509152763,0.7534115474599253,1185,1092,0.9942648800181039,False
instsimplify,early-cse,-0.0031564485207931092,-0.43972445124408777,0.66018037891398,1090,1087,0.9909031674308723,False
instsimplify,mergereturn,-0.0027193136475566204,-0.3788767772225764,0.7048143165400179,1130,1174,0.9942648800181039,False
instsimplify,globalopt,-0.0048361968954538925,-0.6591454939720952,0.5098728226679642,1043,1125,0.9774238917491724,False
instsimplify,strip-dead-prototypes,-0.008297106793909603,-1.1461778404734955,0.2518420103110304,1115,1175,0.9195460358483637,False
instsimplify,indvars,0.010015250337047754,1.3624648216010244,0.17319116563414808,1107,1099,0.8754403855060268,False
instsimplify,mergeicmps,-0.0082963410406387,-1.1158855846628817,0.2645960083543506,1092,1064,0.922998223890889,False
instsimplify,separate-const-offset-from-gep,0.0037284003411831024,0.5078771949496148,0.6115904321988446,1088,1112,0.9874161299839842,False
instsimplify,libcalls-shrinkwrap,-0.009552406186120799,-1.3109603518643778,0.1900071765991296,1140,1076,0.8780001857299028,False
instsimplify,flattencfg,0.0034771107314510163,0.4687751514339605,0.6392782488988582,1050,1091,0.9894955426777883,False
instsimplify,loop-reduce,-0.0026745264741236396,-0.3555037772220518,0.7222462234704375,1065,1148,0.9942648800181039,False
instsimplify,loop-unroll,0.013790885826138799,1.8776084322040199,0.06056943786975156,1071,1092,0.7729977239171516,False
instsimplify,loop-rotate,-0.003999700076469825,-0.5188653257433332,0.6039072968323821,1128,1061,0.9874161299839842,False
instsimplify,partial-inliner,0.004306608681604485,0.5579422849453897,0.5769429683021567,1024,1092,0.9874161299839842,False
instsimplify,lower-expect,-0.0009171258872852084,-0.12207192647899381,0.9028536529212667,1114,1016,0.9942648800181039,False
instsimplify,alignment-from-assumptions,-0.0060557159296865115,-0.8511428566253209,0.39477785164309465,1158,1168,0.9502022310408844,False
instsimplify,rpo-function-attrs,0.00818906461422092,1.112100781148065,0.26621644136485756,1107,1093,0.9234272483582865,False
instsimplify,attributor,-0.0006020912055001992,-0.16264568242080174,0.8708123844101255,1126,1073,0.9942648800181039,False
instsimplify,inferattrs,0.005689863163792386,0.794812954228721,0.4268079047896849,1100,1106,0.9683544352006987,False
instsimplify,called-value-propagation,0.0035935561576686537,0.4915810130393509,0.6230652341624386,1056,1142,0.9874161299839842,False
instsimplify,licm,-0.007558130025909104,-0.9672640023917193,0.33351949016607807,1074,1115,0.9423126475181534,False
instsimplify,loop-simplify,0.004691284638106918,0.6247458973464909,0.53220279565805,1068,1132,0.9774238917491724,False
instsimplify,div-rem-pairs,-0.003516810856625363,-0.479967953113921,0.6312979941660091,1174,1052,0.9874161299839842,False
instsimplify,float2int,-0.0014537608128580293,-0.18901241255706447,0.8501017529785203,1042,1015,0.9942648800181039,False
instsimplify,inline,0.0026579147614335663,0.36048212648802536,0.7185216169417344,1067,1111,0.9942648800181039,False
instsimplify,sink,4.716215077915642e-05,0.006199968461336687,0.9950537372770943,1087,1105,0.9993802249402087,False
instsimplify,loop-vectorize,-0.013172889114243136,-1.7636366517779551,0.07793905748397724,1053,1043,0.7893264998405759,False
instsimplify,slp-vectorizer,-0.0035997661731391184,-0.48323394096066663,0.6289789197285357,1050,1101,0.9874161299839842,False
instsimplify,callsite-splitting,-0.007955791049044092,-1.0637788760915698,0.2875462696796596,1108,1082,0.9279993210434955,False
instsimplify,dfa-jump-threading,3.1808928482868204e-05,0.004231006213619766,0.9966245484760253,1066,1092,0.9993802249402087,False
instsimplify,consthoist,-0.007044048327257302,-0.9910664562585311,0.3217602443584842,1114,1133,0.938165132582985,False
instsimplify,mldst-motion,0.006897037627239144,0.924164171382858,0.35550330545197395,1076,1110,0.9480085994808022,False
instsimplify,slsr,-0.002250736152673183,-0.30145555327827134,0.7630960932450488,1095,1072,0.9942648800181039,False
instsimplify,loop-interchange,0.0031204691630712933,0.41911202518114676,0.6751753546857491,1111,1083,0.9933243197125733,False
instsimplify,loop-fusion,0.007592206436733029,1.0174582651668171,0.3090468721671454,1091,1121,0.9302752341567484,False
instsimplify,loop-distribute,0.0005192217009967748,0.07004730972327151,0.9441622444562321,1116,1131,0.9942648800181039,False
instsimplify,loop-load-elim,-0.007600881974375084,-1.030315058846102,0.3029725271438311,1124,1143,0.9301799375126703,False
instsimplify,loop-sink,0.008334026009613249,1.1394382260592812,0.2546415650365447,1119,1137,0.9195460358483637,False
instsimplify,loop-unroll-and-jam,-0.0047113773670492964,-0.6342379055132342,0.5259905619852484,1124,1111,0.9774238917491724,False
instsimplify,hotcoldsplit,0.0025085565886144856,0.339024438091279,0.7346230288758845,1138,1113,0.9942648800181039,False
instsimplify,irce,-0.007266893015855924,-0.9740562782003935,0.3301392876250037,1014,1133,0.942058707247174,False
instsimplify,nary-reassociate,0.0033348227557006282,0.4542434966208494,0.6496971686580322,1133,1131,0.9894955426777883,False
instsimplify,scalarizer,-0.006420865920901908,-0.8744200868040298,0.38198247468858393,1133,1128,0.9502022310408844,False
instsimplify,vector-combine,-0.007692400999838533,-1.0533141329921325,0.2923128297566175,1119,1085,0.9279993210434955,False
instsimplify,always-inline,0.00440216674576871,0.605886523013157,0.5446498711046718,1164,1141,0.977995703783708,False
instsimplify,globalsplit,-0.003411986929519273,-0.4686092592725348,0.6393944219028525,1124,1126,0.9894955426777883,False
instsimplify,lowerswitch,0.00025523927535436863,0.03427642957558936,0.9726598588482234,1122,1065,0.9990198037713872,False
instsimplify,early-cse-memssa,-0.00018682134265690653,-0.028251376886756448,0.9774642504707416,1090,1089,0.9990198037713872,False
instsimplify,simple-loop-unswitch,0.0035403427711365176,0.4875875858655447,0.6258902946944377,1095,1120,0.9874161299839842,False
instsimplify,loop-versioning,0.0015772427218525564,0.2090617046528843,0.834419856184416,1096,1060,0.9942648800181039,False
instsimplify,loop-flatten,0.00419787967526386,0.5650429779416504,0.5721012313123991,1117,1122,0.9865737009134377,False
instsimplify,loop-reroll,0.0026265129808770715,0.34957841185253846,0.726688290798674,1111,1110,0.9942648800181039,False
instsimplify,loop-instsimplify,-0.0016668679826082888,-0.22841563150064853,0.8193441617806532,1078,1159,0.9942648800181039,False
instsimplify,loop-simplifycfg,-0.0028965150870873257,-0.38740054878700714,0.698497827830048,1110,1057,0.9942648800181039,False
instsimplify,loop-predication,-0.01626093836591319,-2.195134691671914,0.028258558953921226,1114,1078,0.6747592491680215,False
instsimplify,speculative-execution,0.0015060730440983883,0.20214699676195919,0.8398204350689571,1127,1089,0.9942648800181039,False
instsimplify,partially-inline-libcalls,0.007330639743337031,0.9829590454624492,0.325736127869277,1089,1104,0.942058707247174,False
instsimplify,load-store-vectorizer,0.012260276477470466,1.6550497684272523,0.09806063030820993,1108,1053,0.8216483294072284,False
instsimplify,iroutliner,-0.0012251939466921269,-0.1722877606669872,0.8632273870009259,1101,1069,0.9942648800181039,False
instsimplify,global-merge,-0.007565083714947407,-1.0244134350454372,0.3057534554851623,1121,1071,0.9302752341567484,False
instsimplify,break-crit-edges,-0.0020210817049030605,-0.2731857087799919,0.7847360960116024,1094,1116,0.9942648800181039,False
instsimplify,unreachableblockelim,-0.004969974545005085,-0.682495028441354,0.4949960465881942,1107,1163,0.9774238917491724,False
constmerge,function-attrs,0.007765862237770371,1.0486873915160955,0.2944401057450643,1061,1088,0.9279993210434955,False
constmerge,deadargelim,-0.00011640706726162575,-0.01622789730925643,0.9870540117941055,1152,1114,0.9993802249402087,False
constmerge,globaldce,0.009957531584407209,1.3531846651684416,0.17613678290053114,1055,1136,0.8754403855060268,False
constmerge,elim-avail-extern,-0.01436243662063158,-1.9043980303581043,0.05699063392639247,1075,1101,0.7645869859194492,False
constmerge,mergefunc,0.005597869760041618,0.7694825224446082,0.44169022135737074,1088,1096,0.9687293080119685,False
constmerge,instcombine,0.001298514631100034,0.2001087937307768,0.8414135418226285,1142,1115,0.9942648800181039,False
constmerge,simplifycfg,0.00826986627873949,1.1317475671273272,0.25786408764432145,1131,1080,0.922998223890889,False
constmerge,tailcallelim,-0.008443750813568351,-1.2129220507935181,0.22528841174350434,1151,1078,0.9085781878347714,False
constmerge,reassociate,0.005940627848512736,0.804987841397857,0.42091366351488363,1130,1084,0.9681527028295874,False
constmerge,memcpyopt,0.003124166389510352,0.40907278556498006,0.6825272975221877,1058,1081,0.9933243197125733,False
constmerge,sccp,0.012983786948961074,1.7308497722343208,0.08362217284226248,1075,1075,0.8006465253063566,False
constmerge,dce,0.013203730155931626,1.8343101381529536,0.06673989014360958,1140,1124,0.7829358110312493,False
constmerge,adce,0.0062715346489430335,0.8434726376465306,0.3990578664607844,1085,1070,0.9502022310408844,False
constmerge,dse,-0.0029489957231654818,-0.42443767535058,0.6712870284160128,1180,1098,0.9924421532503569,False
constmerge,jump-threading,0.010835444710746212,1.4791389993321251,0.13924869328900674,1067,1100,0.8641804800629957,False
constmerge,loop-idiom,-0.006927831171775201,-0.9342028866633146,0.350303698618022,1073,1103,0.9480085994808022,False
constmerge,loop-deletion,-0.007923922008741757,-1.0866446438891837,0.2773111450636734,1100,1139,0.9234272483582865,False
constmerge,gvn,-0.010450247574830485,-1.66814675932085,0.09543071373669175,1047,1139,0.8216483294072284,False
constmerge,gvn-hoist,-0.012770077547953451,-1.7894389938205884,0.073675510280657,1159,1150,0.7840748251100543,False
constmerge,gvn-sink,-0.006520978134246236,-0.8762321710401476,0.3810014436392134,1050,1115,0.9502022310408844,False
constmerge,newgvn,-0.003659336271260083,-0.5755474591722686,0.5649801333198774,1091,1107,0.982993549686316,False
constmerge,early-cse,-0.011800404297990952,-1.7167949109696257,0.08615470897876466,1139,1106,0.8125947300396654,False
constmerge,mergereturn,-0.003065038816563337,-0.4098419921103411,0.6819621720609191,1089,1091,0.9933243197125733,False
constmerge,globalopt,-0.008206368264232045,-1.11644898127805,0.2643478466439726,1168,1111,0.922998223890889,False
constmerge,strip-dead-prototypes,-0.003748759856520678,-0.5199167082288778,0.6031725498727203,1139,1123,0.9874161299839842,False
constmerge,indvars,-0.007146588023141887,-0.9677422736234356,0.3332797754235897,1112,1084,0.9423126475181534,False
constmerge,mergeicmps,-0.009183665135903352,-1.22404233520727,0.22107102569672873,1070,1073,0.9085781878347714,False
constmerge,separate-const-offset-from-gep,-0.005258491913293084,-0.7157761402669309,0.47420362577329334,1115,1145,0.9705521863870724,False
constmerge,libcalls-shrinkwrap,0.0018365561684338116,0.2477364361276792,0.8043614058761982,1070,1145,0.9942648800181039,False
constmerge,flattencfg,-0.0015485047886777403,-0.20557968330576096,0.8371381796393613,1113,1100,0.9942648800181039,False
constmerge,loop-reduce,0.006200542107886509,0.8589668164087443,0.39045286695288756,1105,1091,0.9502022310408844,False
constmerge,loop-unroll,0.0012207055171880588,0.16662431850643222,0.8676805309566056,1105,1162,0.9942648800181039,False
constmerge,loop-rotate,0.01154543709515643,1.5099363388020828,0.13120146808911543,1098,1132,0.8591664186373942,False
constmerge,partial-inliner,0.0018904501714326338,0.2539358632669947,0.7995689497996062,1109,1085,0.9942648800181039,False
constmerge,lower-expect,0.001316987692201066,0.1729448183020608,0.8627110967005379,1074,1076,0.9942648800181039,False
constmerge,alignment-from-assumptions,0.005072625105961792,0.6946449913804624,0.4873515667862347,1103,1089,0.9726252030341583,False
constmerge,rpo-function-attrs,0.0008013362459924345,0.10810692887749997,0.9139206560107821,1132,1091,0.9942648800181039,False
constmerge,attributor,-0.005597662180847118,-1.5714270633905842,0.11623041429608104,1094,1062,0.836071742987333,False
constmerge,inferattrs,-0.0018366158320325399,-0.25462683770267813,0.7990350338461061,1132,1082,0.9942648800181039,False
constmerge,called-value-propagation,-0.007942457193214736,-1.082762883329007,0.27903216278211035,1088,1128,0.9236351984749093,False
constmerge,licm,-0.001298848737362468,-0.16951734142659258,0.8654048721986836,1131,1136,0.9942648800181039,False
constmerge,loop-simplify,-0.008467628184087417,-1.1638790149314833,0.24459838345074641,1101,1119,0.9193752974278154,False
constmerge,div-rem-pairs,0.002900425111846572,0.388705136570722,0.6975329341977453,1081,1062,0.9942648800181039,False
constmerge,float2int,-0.0019326291223241143,-0.25739768391388257,0.7968961002801339,1160,1054,0.9942648800181039,False
constmerge,inline,0.006994656547516853,0.9524550027290158,0.3409713450405923,1085,1108,0.9465090095851987,False
constmerge,sink,-0.0032543336759793817,-0.43174896417936154,0.6659665428226215,1074,1110,0.9917647591855995,False
constmerge,loop-vectorize,0.012737434910907008,1.7794578174299194,0.07530120751928081,1130,1100,0.7840748251100543,False
constmerge,slp-vectorizer,-0.0009671614701163289,-0.1340440372641822,0.8933800042750929,1115,1090,0.9942648800181039,False
constmerge,callsite-splitting,-0.0012952467029301307,-0.17458282435943162,0.8614235397742459,1084,1123,0.9942648800181039,False
constmerge,dfa-jump-threading,0.0031393643612838695,0.41236380183790744,0.6801135015585723,1073,1103,0.9933243197125733,False
constmerge,consthoist,0.0143611578851216,1.9509596619186609,0.051186869808055084,1120,1113,0.7418847754111737,False
constmerge,mldst-motion,-0.0059322784144554275,-0.7978490518840222,0.42504266116931777,1097,1153,0.9681527028295874,False
constmerge,slsr,-0.0011657795902199064,-0.15813411861694135,0.8743655895632835,1113,1095,0.9942648800181039,False
constmerge,loop-interchange,0.005879067939942528,0.7618372890515688,0.4462422653074793,1056,1059,0.9687293080119685,False
constmerge,loop-fusion,0.0013311699064519344,0.18053971824731085,0.8567454785936042,1102,1104,0.9942648800181039,False
constmerge,loop-distribute,0.0076760851380944795,1.0159154112122568,0.309780617552059,1102,1117,0.9302920999492814,False
constmerge,loop-load-elim,-0.0012737684108327096,-0.17160614226647883,0.8637628437966937,1093,1127,0.9942648800181039,False
constmerge,loop-sink,-0.0023244018232601027,-0.3125260968638475,0.7546703017864033,1101,1105,0.9942648800181039,False
constmerge,loop-unroll-and-jam,-0.0034218400937522375,-0.4685964436933472,0.6394041753814191,1099,1124,0.9894955426777883,False
constmerge,hotcoldsplit,0.0006350892554252696,0.08358016583735259,0.9333979787035392,1073,1090,0.9942648800181039,False
constmerge,irce,-0.0026435163621994495,-0.3647387014321159,0.7153411790899024,1099,1135,0.9942648800181039,False
constmerge,nary-reassociate,0.01175558284616196,1.6336903915699497,0.10246087577272915,1137,1163,0.8216483294072284,False
constmerge,scalarizer,0.00017088174327895,0.022972421260854366,0.9816743255705324,1123,1111,0.9993802249402087,False
constmerge,vector-combine,0.002638496019529868,0.36057574171991025,0.718450273599177,1169,1109,0.9942648800181039,False
constmerge,always-inline,0.0027997706771341058,0.37120751940932717,0.710519110091736,1107,1076,0.9942648800181039,False
constmerge,globalsplit,0.0018909926117144371,0.25429636360662894,0.7992909438859794,1088,1065,0.9942648800181039,False
constmerge,lowerswitch,-0.0030247352616981082,-0.40222949196782476,0.6875549200067178,1055,1126,0.9935462622399623,False
constmerge,early-cse-memssa,0.014166132844604051,2.161494469698435,0.030763656751148075,1098,1129,0.6845850224753226,False
constmerge,simple-loop-unswitch,-0.015461632288497174,-2.0919071160173,0.03656286374848773,1088,1091,0.6984398753125753,False
constmerge,loop-versioning,0.007104783683377858,0.9293030359276279,0.3528371180653399,1065,1072,0.9480085994808022,False
constmerge,loop-flatten,-0.00402523919435549,-0.5555451709580721,0.5785763341697052,1139,1143,0.9874161299839842,False
constmerge,loop-reroll,0.010753489062332644,1.452837560643774,0.14641099851529377,1091,1119,0.8660242460746667,False
constmerge,loop-instsimplify,-0.0018859556912106945,-0.25744308730147275,0.7968604403373876,1137,1102,0.9942648800181039,False
constmerge,loop-simplifycfg,-0.004764206113669289,-0.657790144817343,0.5107414522054928,1116,1100,0.9774238917491724,False
constmerge,loop-predication,0.0007066003937740706,0.09671330379461751,0.9229627622068756,1114,1119,0.9942648800181039,False
constmerge,speculative-execution,-0.004519920586908366,-0.6154378655109316,0.5383290883575709,1102,1109,0.9774238917491724,False
constmerge,partially-inline-libcalls,-0.001067932714515385,-0.14575931927226077,0.8841249559089357,1088,1080,0.9942648800181039,False
constmerge,load-store-vectorizer,-0.005597126733211055,-0.7607817846051501,0.44686737482749245,1114,1132,0.9687293080119685,False
constmerge,iroutliner,-0.009279881412026292,-1.2821608094486436,0.1999278539325236,1081,1022,0.8916107201194358,False
constmerge,global-merge,-0.01166921970454593,-1.5702896777570052,0.11648924465290818,1131,1108,0.836071742987333,False
constmerge,break-crit-edges,-0.00041574955841772177,-0.05457243736198912,0.9564843284564128,1093,1014,0.9947233032787923,False
constmerge,unreachableblockelim,-0.0018750953128253145,-0.25274411914240774,0.8004900741219291,1128,1039,0.9942648800181039,False
function-attrs,deadargelim,-0.002007802828504157,-0.2792289634583652,0.7800947016183346,1149,1110,0.9942648800181039,False
function-attrs,globaldce,-0.002913322855942646,-0.3863728360344641,0.6992576094122641,1118,1104,0.9942648800181039,False
function-attrs,elim-avail-extern,0.000210506446690073,0.028564516988159264,0.9772144586083695,1078,1168,0.9990198037713872,False
function-attrs,mergefunc,0.004010577720744257,0.5552426234374952,0.57878511837301,1084,1120,0.9874161299839842,False
function-attrs,instcombine,0.010578692394881961,1.6380729046646751,0.1015479299672757,1138,1100,0.8216483294072284,False
function-attrs,simplifycfg,0.0038627085228469804,0.5234271894316412,0.6007315681736048,1079,1049,0.9874161299839842,False
function-attrs,tailcallelim,-0.006869432166090261,-0.9750506196308288,0.32964542336439756,1035,1127,0.942058707247174,False
function-attrs,reassociate,0.001471931359789569,0.20017769839289012,0.8413600030189341,1111,1106,0.9942648800181039,False
function-attrs,memcpyopt,-0.010237408665918213,-1.3508666968153884,0.17688210837446558,1069,1056,0.8754403855060268,False
function-attrs,sccp,-0.004032243404227531,-0.5388258643133719,0.5900631146524727,1053,1087,0.9874161299839842,False
function-attrs,dce,-0.001274901977769971,-0.17480594663424473,0.8612479996464347,1123,1107,0.9942648800181039,False
function-attrs,adce,-0.0008847799557887281,-0.11978413214438759,0.9046649769385501,1103,1123,0.9942648800181039,False
function-attrs,dse,0.0005984269964451894,0.08428552686955014,0.9328369749709775,1116,1120,0.9942648800181039,False
function-attrs,jump-threading,0.011909884688461825,1.6787154867104876,0.09334442297339605,1127,1157,0.8216483294072284,False
function-attrs,loop-idiom,-0.009735751854524466,-1.309154815175604,0.1906221461212321,1044,1115,0.8780001857299028,False
function-attrs,loop-deletion,0.0009517874436170137,0.12889313198947405,0.8974539518888444,1070,1159,0.9942648800181039,False
function-attrs,gvn,0.0044859576013689395,0.7319731816243324,0.46426381744788925,1060,1122,0.9687293080119685,False
function-attrs,gvn-hoist,0.001399662895274878,0.18352827533631877,0.8544005068171978,1117,1078,0.9942648800181039,False
function-attrs,gvn-sink,-0.0034260342575265224,-0.45986110491345794,0.6456612202490655,1120,1089,0.9894955426777883,False
function-attrs,newgvn,0.006732718711598806,1.0986622679567435,0.27203314235453163,1092,1158,0.9234272483582865,False
function-attrs,early-cse,0.010400003180489004,1.4350170872201387,0.1514294567840651,1069,1058,0.8730072029582772,False
function-attrs,mergereturn,-0.01275154411049445,-1.7410966301884532,0.08180431382884205,1136,1100,0.792934883548875,False
function-attrs,globalopt,-0.018185514400115066,-2.4986527898014717,0.01253752227711263,1149,1101,0.5918624706255822,False
function-attrs,strip-dead-prototypes,-0.0029713396818664695,-0.40725515554628905,0.6838616869114141,1048,1076,0.9933243197125733,False
function-attrs,indvars,-0.005734548422759667,-0.7900591678751114,0.429576214310312,1158,1104,0.9687293080119685,False
function-attrs,mergeicmps,-0.0022095080842500225,-0.3043257414183925,0.7609089671046325,1089,1080,0.9942648800181039,False
function-attrs,separate-const-offset-from-gep,-0.012309199950032546,-1.6721245972240635,0.09464396984985687,1082,1093,0.8216483294072284,False
function-attrs,libcalls-shrinkwrap,-0.0017511417530747253,-0.23819922633591847,0.8117487929831289,1100,1099,0.9942648800181039,False
function-attrs,flattencfg,0.0006682801404556682,0.08944156853076075,0.9287389513927115,1139,1114,0.9942648800181039,False
function-attrs,loop-reduce,-0.008998983685085005,-1.248795871740412,0.21186762303367776,1122,1188,0.9085781878347714,False
function-attrs,loop-unroll,0.0005626529259633029,0.07562549211403986,0.9397242407339534,1071,1042,0.9942648800181039,False
function-attrs,loop-rotate,-0.0026969523112134186,-0.355900736046108,0.7219482735302399,1105,1155,0.9942648800181039,False
function-attrs,partial-inliner,0.008221100138530224,1.1216048343666094,0.2621546301847464,1128,1054,0.922998223890889,False
function-attrs,lower-expect,0.007477391977452896,1.0294331542071207,0.303388164844864,1091,1139,0.9301799375126703,False
function-attrs,alignment-from-assumptions,-0.011463690764529355,-1.556670102564913,0.11969110039728312,1121,1107,0.8364330453969749,False
function-attrs,rpo-function-attrs,-0.010289697836452727,-1.385448562882684,0.1660559309970092,1107,1093,0.8754403855060268,False
function-attrs,attributor,-0.0013168184359937385,-0.3549467471872594,0.7226631492082979,1147,1082,0.9942648800181039,False
function-attrs,inferattrs,-0.0015979179522195297,-0.22300621530692497,0.8235511762130334,1117,1106,0.9942648800181039,False
function-attrs,called-value-propagation,0.005686248762832469,0.7874572834486667,0.4311005730240668,1028,1148,0.9687293080119685,False
function-attrs,licm,0.0035998402688942055,0.47146567961555086,0.6373548516901935,1120,1098,0.9884679600866525,False
function-attrs,loop-simplify,0.010845329245229518,1.4822843643411858,0.13840333351050976,1098,1188,0.8602975460748511,False
function-attrs,div-rem-pairs,0.0036918412540346,0.49650688611594956,0.6195860375655522,1076,1144,0.9874161299839842,False
function-attrs,float2int,0.008018932233091525,1.059129332451158,0.28966225084157293,1056,1054,0.9279993210434955,False
function-attrs,inline,-0.0007816182306944475,-0.10349154022958214,0.9175824638455433,1099,1066,0.9942648800181039,False
function-attrs,sink,0.01029688241422122,1.36235424780429,0.17323603395722884,1103,981,0.8754403855060268,False
function-attrs,loop-vectorize,-0.00912066146156748,-1.2521653551427874,0.21064752756532204,1044,1111,0.9085781878347714,False
function-attrs,slp-vectorizer,0.011653884631251277,1.5640359365504792,0.11795342585580863,1086,1109,0.8364330453969749,False
function-attrs,callsite-splitting,0.009722803922384282,1.3289590421226245,0.18399583359927066,1098,1167,0.8754403855060268,False
function-attrs,dfa-jump-threading,0.0006887450173163612,0.09423533737928022,0.9249306881523389,1139,1098,0.9942648800181039,False
function-attrs,consthoist,-0.0005578617315432077,-0.07484657413521814,0.9403435861141993,1102,1102,0.9942648800181039,False
function-attrs,mldst-motion,0.0035674575563726107,0.49640302924685675,0.6196577210237308,1153,1142,0.9874161299839842,False
function-attrs,slsr,0.003263239136285956,0.44016197943829694,0.6598638651252583,1067,1098,0.9908078588307175,False
function-attrs,loop-interchange,0.010148056521960824,1.3930091075575275,0.1637589688791493,1110,1079,0.8754403855060268,False
function-attrs,loop-fusion,-0.0007914869013546655,-0.10834374146691415,0.9137329795399542,1099,1087,0.9942648800181039,False
function-attrs,loop-distribute,0.0027232729220897367,0.38147797728636845,0.7028844714124586,1128,1134,0.9942648800181039,False
function-attrs,loop-load-elim,-0.001145424903136849,-0.15728503351294162,0.8750347063746587,1058,1147,0.9942648800181039,False
function-attrs,loop-sink,0.004474671719350842,0.6000187137121186,0.5485575951693685,1167,1007,0.9786961826004837,False
function-attrs,loop-unroll-and-jam,0.0030847763973759768,0.4142131291511634,0.6787593180097443,1118,1049,0.9933243197125733,False
function-attrs,hotcoldsplit,-0.006490671893427558,-0.8758840246479257,0.3811864167549019,1138,1118,0.9502022310408844,False
function-attrs,irce,-0.014124224604698365,-1.9488496939491013,0.05143885628092284,1113,1120,0.7418847754111737,False
function-attrs,nary-reassociate,-0.010871451333774984,-1.4758207402666483,0.14013549749939622,1077,1141,0.8648341678559794,False
function-attrs,scalarizer,-0.0029976253680564224,-0.4092625103869004,0.6823866404764828,1101,1114,0.9933243197125733,False
function-attrs,vector-combine,-0.0005197157212340486,-0.0718379494202676,0.9427372047735091,1113,1159,0.9942648800181039,False
function-attrs,always-inline,1.075323887289592e-05,0.0014505937058553206,0.9988427258031259,1095,1104,0.9996075460969231,False
function-attrs,globalsplit,-0.0004347331435335944,-0.06036361044911157,0.9518712384265704,1140,1185,0.9942648800181039,False
function-attrs,lowerswitch,0.004421907515973822,0.5981687591771063,0.54978896620317,1081,1122,0.9786961826004837,False
function-attrs,early-cse-memssa,-0.01289025650240938,-2.0108643564958544,0.044459433340375644,1129,1113,0.7108785336882624,False
function-attrs,simple-loop-unswitch,-0.0026081579190955773,-0.35763772448232856,0.7206479769732793,1109,1146,0.9942648800181039,False
function-attrs,loop-versioning,-0.0052561909291072295,-0.7137064600134398,0.475482669211539,1119,1135,0.9705521863870724,False
function-attrs,loop-flatten,-0.002540631949780159,-0.34545471709930803,0.729786020400424,1093,1080,0.9942648800181039,False
function-attrs,loop-reroll,0.004028909790195101,0.5480584446209104,0.5837070739026196,1096,1118,0.9874161299839842,False
function-attrs,loop-instsimplify,0.01564560757529998,2.0844255943126533,0.03723631906471999,1074,1135,0.7015384337019843,False
function-attrs,loop-simplifycfg,0.009945140860337265,1.313834582540808,0.18904431097806146,1102,1030,0.8780001857299028,False
function-attrs,loop-predication,-0.0007441647728467782,-0.09825496593456788,0.9217392310565963,1102,1018,0.9942648800181039,False
function-attrs,speculative-execution,0.004811530681386955,0.6524866332119219,0.5141534789024429,1130,1139,0.9774238917491724,False
function-attrs,partially-inline-libcalls,0.0030964358856699348,0.41816257184585853,0.6758694959222624,1121,1068,0.9933243197125733,False
function-attrs,load-store-vectorizer,0.007538660359935667,1.0069752100210287,0.3140586189897488,1116,1073,0.9359616072784295,False
function-attrs,iroutliner,0.0022551240539780415,0.3234135102483234,0.7464119474419623,1182,1097,0.9942648800181039,False
function-attrs,global-merge,0.0012273203340777972,0.17042997653851474,0.8646873651840998,1119,1128,0.9942648800181039,False
function-attrs,break-crit-edges,0.0041161684828456835,0.5535676227882494,0.5799311615349085,1095,1104,0.9874161299839842,False
function-attrs,unreachableblockelim,-0.00893889152468974,-1.224335242816523,0.22095597729845842,1115,1103,0.9085781878347714,False
deadargelim,globaldce,0.008191537866220677,1.14780351949077,0.2511720704727788,1128,1118,0.9195460358483637,False
deadargelim,elim-avail-extern,0.0008363750197257214,0.11105267124689842,0.9115846091832603,1103,1121,0.9942648800181039,False
deadargelim,mergefunc,-0.002116020172796773,-0.28486492007427733,0.7757744935798571,1046,1193,0.9942648800181039,False
deadargelim,instcombine,0.003700170065363384,0.560348155958139,0.5752979260807308,1114,1132,0.9870639913381112,False
deadargelim,simplifycfg,0.01786089989552564,2.455305836431646,0.014153009303462553,1067,1145,0.5918624706255822,False
deadargelim,tailcallelim,0.005424338063046985,0.7468167946910769,0.45525646573764594,1075,1060,0.9687293080119685,False
deadargelim,reassociate,0.010086323925648899,1.3703899571291718,0.1707017095908624,1147,1110,0.8754403855060268,False
deadargelim,memcpyopt,-0.0076808684605231825,-1.0356521677205155,0.300473563710568,1163,1134,0.9301799375126703,False
deadargelim,sccp,-0.00026602853697405004,-0.03638353566466943,0.9709797919247415,1099,1143,0.9989389762895776,False
deadargelim,dce,-0.001911853056523305,-0.25229223105687476,0.8008386413199068,1115,1099,0.9942648800181039,False
deadargelim,adce,0.009735429648452587,1.3132724992742508,0.18923056945698483,1139,1046,0.8780001857299028,False
deadargelim,dse,0.003553451782745798,0.5000397146102924,0.6170971920618146,1111,1092,0.9874161299839842,False
deadargelim,jump-threading,0.004009868529677496,0.5792873990432661,0.5624546360072953,1092,1110,0.982594422094534,False
deadargelim,loop-idiom,-0.00240599947135145,-0.3224372750239939,0.747151208110274,1133,1134,0.9942648800181039,False
deadargelim,loop-deletion,-0.002299731838612762,-0.3049554593507253,0.7604288700371569,1113,1093,0.9942648800181039,False
deadargelim,gvn,0.001463303297539964,0.2272093840171339,0.8202820571227483,1080,1126,0.9942648800181039,False
deadargelim,gvn-hoist,0.0018943128812407006,0.25068655865714085,0.8020808714137038,1026,1092,0.9942648800181039,False
deadargelim,gvn-sink,-0.002367361928674261,-0.3131168106516438,0.7542217058767504,1124,1072,0.9942648800181039,False
deadargelim,newgvn,0.009460509588544275,1.4855793021100911,0.13753478846555284,1099,1088,0.8592403433953654,False
deadargelim,early-cse,0.001987017184728379,0.2800038756469227,0.7795009862989173,1086,1106,0.9942648800181039,False
deadargelim,mergereturn,-0.004808275248935123,-0.6679193841207683,0.504252895012193,1146,1128,0.9774238917491724,False
deadargelim,globalopt,0.015270253505461906,2.0262209664809614,0.042867459975338786,1110,1034,0.7108785336882624,False
deadargelim,strip-dead-prototypes,-0.0037511289824977423,-0.5057233879992964,0.6131016754820043,1071,1126,0.9874161299839842,False
deadargelim,indvars,0.004188325407351479,0.574134909484565,0.5659339052388485,1114,1138,0.982993549686316,False
deadargelim,mergeicmps,-0.00042907805329928106,-0.05789862194323646,0.9538347871341907,1061,1087,0.9942648800181039,False
deadargelim,separate-const-offset-from-gep,0.006481641845845321,0.8719380332490388,0.38333700233817647,1107,1103,0.9502022310408844,False
deadargelim,libcalls-shrinkwrap,0.005050711944945441,0.6651840987980902,0.506004067282416,1109,1045,0.9774238917491724,False
deadargelim,flattencfg,0.014447791764830742,1.952965156916344,0.050948603277916664,1147,1099,0.7418847754111737,False
deadargelim,loop-reduce,-0.01096594921331917,-1.4601418230816743,0.1443977674490292,1065,1086,0.8648341678559794,False
deadargelim,loop-unroll,-0.0030074248268386894,-0.4081304872049909,0.6832173446378533,1123,1093,0.9933243197125733,False
deadargelim,loop-rotate,-0.009837345912308892,-1.3445169640033408,0.17891526084917656,1107,1180,0.8754403855060268,False
deadargelim,partial-inliner,-0.0075872686112178345,-1.0312641274266159,0.30253082944786897,1069,1127,0.9301799375126703,False
deadargelim,lower-expect,-0.003977806014658303,-0.5329398307217139,0.594129832718928,1090,1081,0.9874161299839842,False
deadargelim,alignment-from-assumptions,-0.004259465044690602,-0.5861895108701375,0.5578081753274452,1109,1098,0.9815421859157658,False
deadargelim,rpo-function-attrs,0.0032743852492993497,0.43503405441535775,0.6635797262683156,1072,1177,0.9916381860124056,False
deadargelim,attributor,-0.0018019979647770912,-0.5111634673002584,0.6092889918903047,1084,1072,0.9874161299839842,False
deadargelim,inferattrs,-0.006824153317748272,-0.9521068351397485,0.34115125808355273,1087,1038,0.9465090095851987,False
deadargelim,called-value-propagation,-0.005031117726246037,-0.6964199382765274,0.48623750972940405,1200,1080,0.9726252030341583,False
deadargelim,licm,-0.005637908345606124,-0.739196545946729,0.4598676713445268,1190,1033,0.9687293080119685,False
deadargelim,loop-simplify,-0.015310520115311088,-2.0217897639639046,0.04332287802071671,1102,1033,0.7108785336882624,False
deadargelim,div-rem-pairs,-0.0029971658122012745,-0.40824306758141826,0.6831345779910101,1120,1104,0.9933243197125733,False
deadargelim,float2int,-0.0004350272428523816,-0.05785455020301308,0.9538697655490993,1079,1118,0.9942648800181039,False
deadargelim,inline,0.011684222128328314,1.6164313925652645,0.10614039855184415,1115,1151,0.8216483294072284,False
deadargelim,sink,0.0040550506306737955,0.5391514353756275,0.5898380511748889,1063,1108,0.9874161299839842,False
deadargelim,loop-vectorize,-0.0006843969020921548,-0.09729296240353225,0.9225023805949457,1118,1143,0.9942648800181039,False
deadargelim,slp-vectorizer,0.01255124914569794,1.6686366742358898,0.09533822697736768,1015,1119,0.8216483294072284,False
deadargelim,callsite-splitting,-0.0001238897325401278,-0.016837007513946022,0.9865681593900724,1125,1097,0.9993802249402087,False
deadargelim,dfa-jump-threading,0.004427283511860947,0.6056521458899589,0.5448100766310661,1112,1032,0.977995703783708,False
deadargelim,consthoist,-0.009413354657344053,-1.2941345391971064,0.19575201678007575,1115,1135,0.8851788657168322,False
deadargelim,mldst-motion,-0.0031923953372750558,-0.4287889129698666,0.668119171471904,1074,1111,0.9918088451316617,False
deadargelim,slsr,-0.013673123151465294,-1.8634320652288925,0.06253357754934691,1121,1099,0.7729977239171516,False
deadargelim,loop-interchange,0.005729590203934931,0.790257061855984,0.42946206152738164,1147,1087,0.9687293080119685,False
deadargelim,loop-fusion,-0.002292316512415793,-0.3124904464393458,0.7546962635501947,1113,1185,0.9942648800181039,False
deadargelim,loop-distribute,-0.004462554462723367,-0.5940813602348196,0.5525208485967339,1076,1054,0.9809315953038664,False
deadargelim,loop-load-elim,-0.004044127064431746,-0.5469376156606506,0.5844778742760482,1068,1115,0.9874161299839842,False
deadargelim,loop-sink,-0.005552449391703573,-0.7424099202846917,0.4579200300054072,1107,1056,0.9687293080119685,False
deadargelim,loop-unroll-and-jam,-0.0026267564483851147,-0.3553198800750507,0.7223835520711768,1137,1097,0.9942648800181039,False
deadargelim,hotcoldsplit,-0.003739657623285597,-0.5012794294144747,0.616224372161521,1117,1099,0.9874161299839842,False
deadargelim,irce,-0.0011808644583829464,-0.1612449095245929,0.8719153446922931,1100,1099,0.9942648800181039,False
deadargelim,nary-reassociate,0.0012580674297315575,0.17205110863326797,0.8634131617630413,1090,1116,0.9942648800181039,False
deadargelim,scalarizer,0.0004355791185952085,0.05819336767307537,0.9536000023917713,1128,1042,0.9942648800181039,False
deadargelim,vector-combine,0.0034886569307687187,0.47782332133082334,0.6328222761296689,1128,1129,0.9874161299839842,False
deadargelim,always-inline,0.00812263901300403,1.0950229495609203,0.2736274803009168,1060,1127,0.9234272483582865,False
deadargelim,globalsplit,-0.007922844823523179,-1.060717217919406,0.28893599807678305,1102,1080,0.9279993210434955,False
deadargelim,lowerswitch,-0.0003748894827828586,-0.051101583113639486,0.9592492215053774,1107,1095,0.9956056059939193,False
deadargelim,early-cse-memssa,-0.005061973014181043,-0.765021553981397,0.44434225696874347,1100,1063,0.9687293080119685,False
deadargelim,simple-loop-unswitch,0.005892782786122819,0.7998460733204239,0.42388639938541767,1133,1083,0.9681527028295874,False
deadargelim,loop-versioning,0.0009778653738513055,0.13402924991341425,0.8933915075469222,1124,1114,0.9942648800181039,False
deadargelim,loop-flatten,-0.005683189882569661,-0.778089180379907,0.4365986723618155,1135,1106,0.9687293080119685,False
deadargelim,loop-reroll,0.002296666909812395,0.31746392731822115,0.7509210953881442,1119,1131,0.9942648800181039,False
deadargelim,loop-instsimplify,-0.0053298321056319264,-0.7075644020249655,0.47929296146305134,1077,1062,0.9724928689581912,False
deadargelim,loop-simplifycfg,-0.0014230439737977219,-0.19568217406538613,0.8448770461893308,1072,1137,0.9942648800181039,False
deadargelim,loop-predication,9.913276047607278e-05,0.01327235552339136,0.9894116873572175,1132,1108,0.9993802249402087,False
deadargelim,speculative-execution,0.005281756813688643,0.7119001509361903,0.4766015971456436,1126,1098,0.9705521863870724,False
deadargelim,partially-inline-libcalls,-0.0015889441507802582,-0.2149079215850416,0.8298587420072806,1114,1120,0.9942648800181039,False
deadargelim,load-store-vectorizer,0.0034122558542574177,0.4597710967583836,0.6457265912094391,1078,1094,0.9894955426777883,False
deadargelim,iroutliner,-0.00840739627397935,-1.1989498594534793,0.23067255341596127,1160,1113,0.9121894118219415,False
deadargelim,global-merge,-0.006995507240307841,-0.9215871536061259,0.3568455307381841,1080,1111,0.9480085994808022,False
deadargelim,break-crit-edges,0.0041206205950001795,0.5542300823216909,0.5794792644434192,1053,1091,0.9874161299839842,False
deadargelim,unreachableblockelim,-0.0036855055211730825,-0.48658456699992486,0.6266026143447712,1064,1077,0.9874161299839842,False
globaldce,elim-avail-extern,0.005735030593174484,0.7796224519606998,0.4356947516098876,1119,1145,0.9687293080119685,False
globaldce,mergefunc,0.009952808169615524,1.3560639981436737,0.17521438155345478,1135,1128,0.8754403855060268,False
globaldce,instcombine,0.011658161703210046,1.8040582646660817,0.07135605533903099,1132,1120,0.7840748251100543,False
globaldce,simplifycfg,-0.007265871172605687,-1.032032794794026,0.3021669971944002,1144,1124,0.9301799375126703,False
globaldce,tailcallelim,0.005012603189065934,0.7121417053454199,0.4764522527066293,1193,1052,0.9705521863870724,False
globaldce,reassociate,-0.0008871634735885259,-0.12066949739793986,0.9039637645130477,1105,1112,0.9942648800181039,False
globaldce,memcpyopt,0.0186788415608774,2.458753007296982,0.014021424636211807,1086,1050,0.5918624706255822,False
globaldce,sccp,-0.0012170100584714683,-0.16384312707602053,0.8698698535183932,1072,1116,0.9942648800181039,False
globaldce,dce,0.0036326621591125097,0.5032035327998693,0.6148704711703107,1091,1164,0.9874161299839842,False
globaldce,adce,0.00462357236384392,0.6171548241273379,0.5371977973739693,1089,1073,0.9774238917491724,False
globaldce,dse,0.003487396775661622,0.4850058098032472,0.6277201390263445,1098,1122,0.9874161299839842,False
globaldce,jump-threading,-0.0028250791538373954,-0.3917092798729174,0.6953121675171265,1057,1082,0.9942648800181039,False
globaldce,loop-idiom,-0.00041831939144054697,-0.05732972026272071,0.9542877730338355,1091,1103,0.9942648800181039,False
globaldce,loop-deletion,0.006332098490906046,0.8374850108403165,0.4024148693041955,1055,1057,0.9521792315379031,False
globaldce,gvn,0.0020621782244713005,0.3118881939210617,0.7551562082724207,1057,1062,0.9942648800181039,False
globaldce,gvn-hoist,-0.00026759699598299935,-0.036593475362513325,0.9708125287750978,1038,1144,0.9989389762895776,False
globaldce,gvn-sink,-0.0011323434691604684,-0.15685836294945435,0.8753701557729606,1142,1175,0.9942648800181039,False
globaldce,newgvn,-0.005868951889280993,-0.9430903574685761,0.34573882421120594,1125,1067,0.9478434106605946,False
globaldce,early-cse,-0.0026578110859671877,-0.3763301229347208,0.706707908577362,1102,1092,0.9942648800181039,False
globaldce,mergereturn,-0.0010880979366599819,-0.14314301555455905,0.8861905796645794,1073,1091,0.9942648800181039,False
globaldce,globalopt,-0.004921630680619127,-0.6777454169823828,0.49800215838327805,1172,1111,0.9774238917491724,False
globaldce,strip-dead-prototypes,0.001493733892182214,0.199398339758633,0.8419698216383467,1080,1096,0.9942648800181039,False
globaldce,indvars,0.0055843959773898555,0.7351047900135642,0.4623558235410085,1064,1089,0.9687293080119685,False
globaldce,mergeicmps,-0.0023956118635916623,-0.3185041079096293,0.7501331466009826,1089,1089,0.9942648800181039,False
globaldce,separate-const-offset-from-gep,0.00019076429898101654,0.02560591575739278,0.9795739524542364,1120,1118,0.9990198037713872,False
globaldce,libcalls-shrinkwrap,-0.009138225496059138,-1.2244487112050955,0.22091500475120968,1076,1111,0.9085781878347714,False
globaldce,flattencfg,-0.003644535010085437,-0.4922157174556988,0.6226164681129195,1100,1080,0.9874161299839842,False
globaldce,loop-reduce,-0.012090872374393713,-1.6350127676201898,0.10218610505038442,1108,1149,0.8216483294072284,False
globaldce,loop-unroll,0.004536439911105916,0.6074665920409822,0.5436053752001418,1082,1073,0.977995703783708,False
globaldce,loop-rotate,0.012046516049324663,1.5769876339619295,0.11494233546567582,1064,1144,0.833544788302938,False
globaldce,partial-inliner,-0.005095810247652821,-0.6790709745914948,0.49716426428821947,1107,1098,0.9774238917491724,False
globaldce,lower-expect,-0.003677218544197891,-0.5129667571157938,0.6080246432325113,1124,1141,0.9874161299839842,False
globaldce,alignment-from-assumptions,0.013678071623596966,1.8665798459842082,0.0620925023315085,1095,1119,0.7729977239171516,False
globaldce,rpo-function-attrs,0.0008136964503497879,0.11007557143888193,0.9123594165149739,1089,1131,0.9942648800181039,False
globaldce,attributor,0.008344201597273226,2.224904904764494,0.0261908482854858,1046,1110,0.6624199781144244,False
globaldce,inferattrs,0.00532962386793262,0.764658797394921,0.4445573598743894,1148,1048,0.9687293080119685,False
globaldce,called-value-propagation,0.00024508780073717595,0.03203679328353195,0.9744456635517487,1081,1085,0.9990198037713872,False
globaldce,licm,0.013538216279502246,1.7824146664827212,0.07481715270077871,1138,1110,0.7840748251100543,False
globaldce,loop-simplify,0.0006506978419688614,0.08591600612913519,0.9315412584260742,1065,1070,0.9942648800181039,False
globaldce,div-rem-pairs,-0.004629007561164078,-0.6226053325018256,0.5336083101845651,1089,1129,0.9774238917491724,False
globaldce,float2int,0.0020482806670474307,0.27388862400779307,0.7841963925673312,1073,1091,0.9942648800181039,False
globaldce,inline,0.004684615741881615,0.6324942488671019,0.5271299041930135,1095,1103,0.9774238917491724,False
globaldce,sink,0.004661139622705257,0.6293621314828635,0.5291789650706948,1069,1081,0.9774238917491724,False
globaldce,loop-vectorize,-0.008639263873201353,-1.180058185432801,0.2381056630495708,1100,1085,0.9153351961594847,False
globaldce,slp-vectorizer,0.0010320751277063667,0.14126221301260908,0.8876754746597871,1154,1095,0.9942648800181039,False
globaldce,callsite-splitting,-0.00983146073552138,-1.3510640500700501,0.1768093448659683,1134,1142,0.8754403855060268,False
globaldce,dfa-jump-threading,-0.005753519449491484,-0.7760180310222515,0.4378202656682629,1138,1107,0.9687293080119685,False
globaldce,consthoist,0.008080998516379945,1.0968784683464803,0.27281119780703394,1115,1151,0.9234272483582865,False
globaldce,mldst-motion,-0.008663679884899411,-1.2138763811838595,0.22491837514331708,1175,1150,0.9085781878347714,False
globaldce,slsr,-0.008851794764053567,-1.1819927409863271,0.23733732162691754,1097,1088,0.9153351961594847,False
globaldce,loop-interchange,0.006358234144084152,0.8660784941089885,0.3865393379361259,1115,1140,0.9502022310408844,False
globaldce,loop-fusion,-0.008921809468440567,-1.2281436257351448,0.21952264622213727,1112,1121,0.9085781878347714,False
globaldce,loop-distribute,-0.0036343234124042723,-0.49246355479790027,0.6224419547385144,1036,1145,0.9874161299839842,False
globaldce,loop-load-elim,-0.0089769488027861,-1.2440378098884135,0.21361617204462563,1160,1082,0.9085781878347714,False
globaldce,loop-sink,0.005563307419072794,0.7508879711286514,0.45279986312044923,1102,1115,0.9687293080119685,False
globaldce,loop-unroll-and-jam,-0.005789799920627503,-0.7932308266912147,0.42773007257095225,1098,1074,0.9687293080119685,False
globaldce,hotcoldsplit,-0.005972646330276887,-0.8094517356929232,0.41834175573042875,1107,1126,0.9674002748306321,False
globaldce,irce,0.001103489481340647,0.14784028411006617,0.8824822741210765,1118,1099,0.9942648800181039,False
globaldce,nary-reassociate,-0.0002337296056437177,-0.0319480939291887,0.9745162887056112,1133,1120,0.9990198037713872,False
globaldce,scalarizer,0.0015151164078249235,0.19899560719273332,0.8422849006215181,1068,1097,0.9942648800181039,False
globaldce,vector-combine,-0.0011742981710488598,-0.16101032959583775,0.8721000056447566,1077,1138,0.9942648800181039,False
globaldce,always-inline,0.005222527636791874,0.7162740320797822,0.47390134985131976,1047,1067,0.9705521863870724,False
globaldce,globalsplit,-0.0009387844298648362,-0.12634394438696214,0.8994713395149069,1114,1071,0.9942648800181039,False
globaldce,lowerswitch,-0.009854568268663932,-1.3602329472672339,0.17389128169813794,1151,1121,0.8754403855060268,False
globaldce,early-cse-memssa,0.005636064228472459,0.8712453138635627,0.38371499283909366,1123,1089,0.9502022310408844,False
globaldce,simple-loop-unswitch,-0.00289801884075247,-0.38937132830312715,0.697039760464119,1080,1088,0.9942648800181039,False
globaldce,loop-versioning,0.0016830838288359184,0.23271912496903657,0.8160003196919475,1155,1137,0.9942648800181039,False
globaldce,loop-flatten,0.009333628242505665,1.2859543224529122,0.19859101860990538,1154,1118,0.8916107201194358,False
globaldce,loop-reroll,-0.00122773338461446,-0.16596607495610324,0.8681990456992599,1084,1097,0.9942648800181039,False
globaldce,loop-instsimplify,0.004077481385338588,0.5515902357973568,0.5812847713808488,1088,1133,0.9874161299839842,False
globaldce,loop-simplifycfg,0.003317044912014455,0.4482305647255082,0.6540317114434454,1075,1093,0.9894955426777883,False
globaldce,loop-predication,-0.0024660589595746907,-0.33380651953364077,0.7385571812459724,1142,1076,0.9942648800181039,False
globaldce,speculative-execution,0.0053790996983622,0.7191646902116309,0.47211608713853825,1093,1102,0.9705521863870724,False
globaldce,partially-inline-libcalls,-0.0006343636448766232,-0.08568442285504535,0.9317250475065346,1107,1105,0.9942648800181039,False
globaldce,load-store-vectorizer,-0.013779456501304299,-1.8201286259479108,0.0688769431169104,1060,1151,0.7840748251100543,False
globaldce,iroutliner,-0.0013963511389835093,-0.19872182220791793,0.8424986846135996,1129,1089,0.9942648800181039,False
globaldce,global-merge,-0.005307630631540883,-0.6992918347450273,0.4844469016747152,1058,1058,0.9726252030341583,False
globaldce,break-crit-edges,-0.005663663628837523,-0.7687928273599381,0.4420993732729881,1081,1111,0.9687293080119685,False
globaldce,unreachableblockelim,0.0029113278422524536,0.3942039557834865,0.6934679242543409,1106,1140,0.9942648800181039,False
elim-avail-extern,mergefunc,-0.0065582750716275395,-0.8919156547319451,0.3725324069128544,1127,1152,0.9502022310408844,False
elim-avail-extern,instcombine,0.0031463109097712993,0.4646732233089904,0.6422114610672846,1099,1104,0.9894955426777883,False
elim-avail-extern,simplifycfg,0.0027545111015194745,0.3798774289190909,0.704073032584789,1128,1078,0.9942648800181039,False
elim-avail-extern,tailcallelim,-0.005996886372336807,-0.8331563564853626,0.40484704927884946,1108,1093,0.9539704840807026,False
elim-avail-extern,reassociate,0.005969544511410019,0.8063666067213249,0.4201192496798919,1096,1091,0.9681527028295874,False
elim-avail-extern,memcpyopt,0.006801805634055358,0.9359443423311383,0.3493999856229367,1179,1128,0.947888706648844,False
elim-avail-extern,sccp,-0.009717522301190551,-1.3222489776540323,0.1862211034541676,1118,1110,0.8754403855060268,False
elim-avail-extern,dce,-0.0008679738794206693,-0.1181760757437689,0.9059389108350434,1102,1107,0.9942648800181039,False
elim-avail-extern,adce,-0.0002491845340315546,-0.03427191790740724,0.9726633783784066,1101,1136,0.9990198037713872,False
elim-avail-extern,dse,-0.0028210105157713827,-0.3964613103065313,0.6918025571998933,1109,1131,0.9942648800181039,False
elim-avail-extern,jump-threading,-0.009020373978461005,-1.2551105439676382,0.2095758413791066,1090,1051,0.9078528703988733,False
elim-avail-extern,loop-idiom,0.013723095875326385,1.788892849860698,0.07377123198347472,1124,1068,0.7840748251100543,False
elim-avail-extern,loop-deletion,-0.005488654120040015,-0.7316004328301792,0.4644874733563961,1120,1171,0.9687293080119685,False
elim-avail-extern,gvn,-0.004594260419872043,-0.7297027982780581,0.465650878729456,1029,1223,0.9687293080119685,False
elim-avail-extern,gvn-hoist,-0.005857298621677665,-0.8037263262107824,0.42164079861539094,1089,1145,0.9681527028295874,False
elim-avail-extern,gvn-sink,0.006764765358442115,0.9364543079545103,0.3491452875137927,1127,1043,0.947888706648844,False
elim-avail-extern,newgvn,-0.00405523743900249,-0.6636807612278705,0.5069600382625152,1142,1208,0.9774238917491724,False
elim-avail-extern,early-cse,0.014769968506460174,2.006282596332522,0.044951746298194005,1045,1101,0.7108785336882624,False
elim-avail-extern,mergereturn,0.010324042844430614,1.378587832632717,0.16816445174278039,1108,1067,0.8754403855060268,False
elim-avail-extern,globalopt,0.010155514133337318,1.364122621420597,0.17266654244176616,1125,1109,0.8754403855060268,False
elim-avail-extern,strip-dead-prototypes,-0.006683410371685905,-0.8943568160926403,0.3712309526079278,1105,1056,0.9502022310408844,False
elim-avail-extern,indvars,0.011776910747226477,1.5882422714437079,0.11237701564845748,1088,1090,0.8280516210713255,False
elim-avail-extern,mergeicmps,-0.0020416792222953117,-0.2725510764389342,0.7852238864081339,1143,1072,0.9942648800181039,False
elim-avail-extern,separate-const-offset-from-gep,-0.008803331712614881,-1.1965368230533082,0.23161696026554557,1084,1112,0.9121894118219415,False
elim-avail-extern,libcalls-shrinkwrap,-0.016225854149655217,-2.264638506227164,0.023629565689286175,1129,1130,0.6583805678086954,False
elim-avail-extern,flattencfg,0.0034858244146501183,0.47299342532866034,0.6362644675316229,1095,1123,0.9880033518103314,False
elim-avail-extern,loop-reduce,0.0048362181903961465,0.6541305519026296,0.5130967042539687,1119,1067,0.9774238917491724,False
elim-avail-extern,loop-unroll,0.0018041289789049175,0.2425054888977198,0.8084108113682934,1125,1108,0.9942648800181039,False
elim-avail-extern,loop-rotate,-0.003236439729714602,-0.42260617543891643,0.6726235269132839,1100,1124,0.9927276037272545,False
elim-avail-extern,partial-inliner,0.015670437420297334,2.1083945882942436,0.035109319162811,1107,1114,0.6968577611639679,False
elim-avail-extern,lower-expect,0.00760563434732725,1.0417882783974282,0.29762384259093433,1116,1096,0.9300834221864764,False
elim-avail-extern,alignment-from-assumptions,7.112375614642952e-05,0.00946423641955301,0.9924496314852371,1034,1100,0.9993802249402087,False
elim-avail-extern,rpo-function-attrs,0.0021150134687455413,0.281885656774528,0.7780574259677234,1102,1126,0.9942648800181039,False
elim-avail-extern,attributor,-0.006208321941492734,-1.6242053008570931,0.10447282204374095,1129,1130,0.8216483294072284,False
elim-avail-extern,inferattrs,-0.01731438718668188,-2.420768066755272,0.015567373461295957,1165,1065,0.5918624706255822,False
elim-avail-extern,called-value-propagation,-0.008173686316136464,-1.1158576737362034,0.2646040255143281,1106,1121,0.922998223890889,False
elim-avail-extern,licm,-0.005348057666645867,-0.6751303015677221,0.4996627852866207,1131,1110,0.9774238917491724,False
elim-avail-extern,loop-simplify,-0.0012354102483627116,-0.16954636910647322,0.8653820004521444,1151,1126,0.9942648800181039,False
elim-avail-extern,div-rem-pairs,0.003921930511828209,0.5278796841513304,0.5976369761679791,1104,1067,0.9874161299839842,False
elim-avail-extern,float2int,-0.0017212679470945402,-0.22446290359082918,0.8224188368343519,1045,1071,0.9942648800181039,False
elim-avail-extern,inline,0.0008840725118828829,0.12151743031894195,0.9032922564493607,1100,1113,0.9942648800181039,False
elim-avail-extern,sink,0.0005171913138111717,0.071196007067196,0.9432479420591426,1132,1175,0.9942648800181039,False
elim-avail-extern,loop-vectorize,0.003815213284518726,0.5301465504811537,0.596062390025297,1120,1143,0.9874161299839842,False
elim-avail-extern,slp-vectorizer,0.006335500684161888,0.8471019719140529,0.3970303925791265,1098,1106,0.9502022310408844,False
elim-avail-extern,callsite-splitting,-0.009187795968074897,-1.2259538831281933,0.22034618554538735,1091,1136,0.9085781878347714,False
elim-avail-extern,dfa-jump-threading,-0.008637569404225609,-1.1752472570051555,0.2400195689477273,1137,1126,0.9160980818706629,False
elim-avail-extern,consthoist,0.003966058559374763,0.5241069740846511,0.6002580553864358,1085,1072,0.9874161299839842,False
elim-avail-extern,mldst-motion,0.012131984936531559,1.6338508072812068,0.10243538619667986,1111,1066,0.8216483294072284,False
elim-avail-extern,slsr,-0.0049542490211956225,-0.6697622112842823,0.5030780953283566,1113,1156,0.9774238917491724,False
elim-avail-extern,loop-interchange,0.012063701804400584,1.6084907765521845,0.10787089210408363,1099,1109,0.8216483294072284,False
elim-avail-extern,loop-fusion,0.0016240978994849775,0.2220172322010268,0.8243204227018797,1120,1159,0.9942648800181039,False
elim-avail-extern,loop-distribute,0.0029374111759559174,0.3933884220506187,0.694071287760111,1094,1081,0.9942648800181039,False
elim-avail-extern,loop-load-elim,0.013640674315410162,1.8463149912075019,0.0649832661381348,1030,1142,0.7766609604474783,False
elim-avail-extern,loop-sink,-0.003428448272393303,-0.46088297752484325,0.6449286297351073,1082,1100,0.9894955426777883,False
elim-avail-extern,loop-unroll-and-jam,-0.0008050322051915138,-0.11192232659324924,0.9108950711796094,1083,1166,0.9942648800181039,False
elim-avail-extern,hotcoldsplit,0.0005914267195207268,0.08101316452030467,0.9354389651063828,1070,1103,0.9942648800181039,False
elim-avail-extern,irce,0.014432599486821407,1.9191198391331858,0.05509923114694213,1138,1069,0.7570827690225452,False
elim-avail-extern,nary-reassociate,0.00046855962551578534,0.06425630481714623,0.948771771820657,1141,1145,0.9942648800181039,False
elim-avail-extern,scalarizer,0.017024165635580735,2.2650940857713864,0.02360434263203927,1050,1152,0.6583805678086954,False
elim-avail-extern,vector-combine,-0.005866476122909303,-0.8094789162556663,0.41832756078475475,1079,1120,0.9674002748306321,False
elim-avail-extern,always-inline,0.010666438646925569,1.4437270096490842,0.14895365561857393,1135,1142,0.8719556781826802,False
elim-avail-extern,globalsplit,-0.017427185901747688,-2.2417739172189055,0.025079741000135266,1075,1034,0.6624199781144244,False
elim-avail-extern,lowerswitch,-0.0013264105618731592,-0.17953703307855248,0.8575324982731165,1172,1069,0.9942648800181039,False
elim-avail-extern,early-cse-memssa,0.0005014726328493313,0.07787332380762389,0.9379357609075126,1161,1091,0.9942648800181039,False
elim-avail-extern,simple-loop-unswitch,-0.002429547248229691,-0.32210174655510393,0.7474074030166329,1074,1046,0.9942648800181039,False
elim-avail-extern,loop-versioning,0.005832412119408437,0.7787810599063834,0.43619054450615513,1125,1130,0.9687293080119685,False
elim-avail-extern,loop-flatten,-0.010127970491455918,-1.39650762603398,0.16269696207405798,1168,1127,0.8754403855060268,False
elim-avail-extern,loop-reroll,-0.015870477053415433,-2.1501950716266394,0.03164895089897992,1128,1066,0.6845850224753226,False
elim-avail-extern,loop-instsimplify,-0.009800580698472505,-1.2983158687435956,0.19431944688001548,1101,1034,0.8839028520228416,False
elim-avail-extern,loop-simplifycfg,0.0009462024842305516,0.1315291614573765,0.8953681193476166,1189,1138,0.9942648800181039,False
elim-avail-extern,loop-predication,0.0011041224762278201,0.14742152002402326,0.88281313977793,1029,1166,0.9942648800181039,False
elim-avail-extern,speculative-execution,0.004038332655981192,0.5482330511431164,0.5835879261968326,1108,1079,0.9874161299839842,False
elim-avail-extern,partially-inline-libcalls,0.0069799838054180885,0.9423332450449636,0.3461253010569672,1094,1113,0.9478434106605946,False
elim-avail-extern,load-store-vectorizer,-0.003554830385181007,-0.48357938252261684,0.6287324539932753,1111,1095,0.9874161299839842,False
elim-avail-extern,iroutliner,-0.012173225256490394,-1.6991412999115532,0.08943522181999382,1109,1074,0.8125947300396654,False
elim-avail-extern,global-merge,0.008282315048244226,1.109461892375898,0.2673557011246403,1052,1092,0.9234272483582865,False
elim-avail-extern,break-crit-edges,0.01180038225146196,1.6139410576933884,0.10668051535469464,1156,1110,0.8216483294072284,False
elim-avail-extern,unreachableblockelim,0.0021878635064554453,0.29656815699819755,0.7668238585112722,1098,1133,0.9942648800181039,False
mergefunc,instcombine,0.00590293729398228,0.8626726094730859,0.3884148164735313,1097,1033,0.9502022310408844,False
mergefunc,simplifycfg,-0.010917573618926202,-1.452889777898607,0.14640532264909722,1086,1004,0.8660242460746667,False
mergefunc,tailcallelim,0.008767963593627415,1.20621487139729,0.22787069777021382,1104,1017,0.9114827910808553,False
mergefunc,reassociate,-0.002044485698756704,-0.27855562259167227,0.780611124810078,1158,1127,0.9942648800181039,False
mergefunc,memcpyopt,0.003354963035028913,0.45285669822047897,0.6506975015449494,1035,1151,0.9894955426777883,False
mergefunc,sccp,-0.003549534737662674,-0.4824772266556273,0.6295150006889052,1069,1138,0.9874161299839842,False
mergefunc,dce,0.0028171264600350687,0.38308400202294896,0.7016958628908833,1096,1032,0.9942648800181039,False
mergefunc,adce,0.01655058541314125,2.2471255561936716,0.0247333459233558,1077,1075,0.6624199781144244,False
mergefunc,dse,-0.00015243466078240786,-0.021679748834116674,0.9827053273250663,1121,1149,0.9993802249402087,False
mergefunc,jump-threading,-0.004106365362897213,-0.5729878377409047,0.5667106215177682,1103,1132,0.982993549686316,False
mergefunc,loop-idiom,0.002068577688546125,0.27589449402375466,0.7826546811557311,1156,1090,0.9942648800181039,False
mergefunc,loop-deletion,0.0005899877753873239,0.07861901879577253,0.9373429302483427,1142,1043,0.9942648800181039,False
mergefunc,gvn,-0.0015800167818941224,-0.25078869499179807,0.8020011025572412,1070,1115,0.9942648800181039,False
mergefunc,gvn-hoist,-0.008279568222290035,-1.1174934481505465,0.2639052144055873,1116,1093,0.922998223890889,False
mergefunc,gvn-sink,0.007509982035731055,1.0312735003810551,0.30252334305175077,1135,1120,0.9301799375126703,False
mergefunc,newgvn,0.00015920129117852344,0.025407616463503122,0.9797321333343243,1105,1104,0.9990198037713872,False
mergefunc,early-cse,-0.006127666143940003,-0.8666897365994263,0.3862047241966206,1084,1174,0.9502022310408844,False
mergefunc,mergereturn,-0.0008941908695961898,-0.12387841630753663,0.9014230056989062,1047,1143,0.9942648800181039,False
mergefunc,globalopt,-0.002494318707643328,-0.32614642453975584,0.7443457484503281,1111,1035,0.9942648800181039,False
mergefunc,strip-dead-prototypes,0.004153310847147096,0.5814304916175779,0.5610073081757653,1159,1144,0.9815421859157658,False
mergefunc,indvars,0.01453400319538034,2.029415773028834,0.04253465013877584,1132,1107,0.7108785336882624,False
mergefunc,mergeicmps,-0.0015229535573040298,-0.20557732188963654,0.8371406008404754,1088,1061,0.9942648800181039,False
mergefunc,separate-const-offset-from-gep,-0.00127100503719485,-0.16804067799332068,0.8665669775265709,1076,1093,0.9942648800181039,False
mergefunc,libcalls-shrinkwrap,0.007869717034919343,1.0851174218570514,0.277987484679317,1124,1104,0.9235076167957522,False
mergefunc,flattencfg,0.002470499110392821,0.3298020418119723,0.7415813633998569,1070,1105,0.9942648800181039,False
mergefunc,loop-reduce,0.016474495394496413,2.285521269308394,0.022374077106018714,1105,1170,0.6583805678086954,False
mergefunc,loop-unroll,0.0076772318844731124,1.0493302009392622,0.29414103513799933,1111,1101,0.9279993210434955,False
mergefunc,loop-rotate,0.002435753553229336,0.3169425560024373,0.751317356256249,1065,1136,0.9942648800181039,False
mergefunc,partial-inliner,-0.009841216379046336,-1.2859726006001118,0.19859416911577907,1030,1082,0.8916107201194358,False
mergefunc,lower-expect,-0.008127895505564697,-1.0984416485839756,0.27213333866889006,1057,1126,0.9234272483582865,False
mergefunc,alignment-from-assumptions,0.0037302276328985973,0.49725998257606163,0.6190550336346541,1137,1083,0.9874161299839842,False
mergefunc,rpo-function-attrs,-0.002113182143847925,-0.2888212836789748,0.7727449155694904,1108,1131,0.9942648800181039,False
mergefunc,attributor,0.0030209840200011717,0.8599554629547704,0.3899093827927951,1079,1075,0.9502022310408844,False
mergefunc,inferattrs,0.009584314186988019,1.3353869460043644,0.1818908700285907,1032,1138,0.8754403855060268,False
mergefunc,called-value-propagation,0.013326963989591711,1.7879702007597411,0.07392167113714596,1059,1092,0.7840748251100543,False
mergefunc,licm,0.0010123328948627441,0.1282574493878708,0.8979570377756093,1134,1068,0.9942648800181039,False
mergefunc,loop-simplify,-0.0019166593752993344,-0.2492400878633525,0.803199331245952,1043,1074,0.9942648800181039,False
mergefunc,div-rem-pairs,0.0026991101856391753,0.3576829609817335,0.7206153946090657,1097,1082,0.9942648800181039,False
mergefunc,float2int,0.007729232756190529,1.0459653966943365,0.29569214220922,1145,1073,0.9279993210434955,False
mergefunc,inline,-0.009517174726005884,-1.3074062225893328,0.1912147899742094,1060,1107,0.8780001857299028,False
mergefunc,sink,-0.0005312605428776096,-0.0720290955362401,0.9425853797815377,1106,1073,0.9942648800181039,False
mergefunc,loop-vectorize,-0.012970515620860767,-1.752728987785256,0.07978605064514353,1140,1095,0.7893959303675203,False
mergefunc,slp-vectorizer,-0.008415673999313311,-1.1494634249019404,0.2504864089730497,1133,1136,0.9195460358483637,False
mergefunc,callsite-splitting,0.004675932986731635,0.6321078463285302,0.5273827273111227,1082,1099,0.9774238917491724,False
mergefunc,dfa-jump-threading,-0.005698832624883798,-0.7771487073529059,0.43715360973294104,1134,1096,0.9687293080119685,False
mergefunc,consthoist,-0.0018970389770680551,-0.2613206441476083,0.7938692090315502,1160,1093,0.9942648800181039,False
mergefunc,mldst-motion,0.00569486629231597,0.75802292229792,0.4485197907157658,1133,1049,0.9687293080119685,False
mergefunc,slsr,-0.008572030844405831,-1.1526744105045177,0.24916730029363277,1136,1103,0.9195460358483637,False
mergefunc,loop-interchange,-0.011542859941828909,-1.5839090550794606,0.1133551460224708,1172,1087,0.8280516210713255,False
mergefunc,loop-fusion,-0.004013404084529437,-0.5468228747742274,0.5845563666795213,1108,1079,0.9874161299839842,False
mergefunc,loop-distribute,0.0036065660064792393,0.4928237270718695,0.6221852623709934,1124,1129,0.9874161299839842,False
mergefunc,loop-load-elim,-0.001099761496834717,-0.15232723838674028,0.8789427834547516,1094,1120,0.9942648800181039,False
mergefunc,loop-sink,0.002736241593467248,0.3720795659527964,0.7098700628879243,1065,1104,0.9942648800181039,False
mergefunc,loop-unroll-and-jam,-0.0025238757675487,-0.34707471050587585,0.7285682444898883,1083,1137,0.9942648800181039,False
mergefunc,hotcoldsplit,-0.00515564036813293,-0.7095254215556904,0.4780714915835193,1181,1099,0.9715246294971778,False
mergefunc,irce,0.004454602886549419,0.6009787928771708,0.5479156222164298,1117,1100,0.9786961826004837,False
mergefunc,nary-reassociate,-0.004421505629816858,-0.6113940687552599,0.5409995905943313,1129,1160,0.977995703783708,False
mergefunc,scalarizer,0.0014897158604682548,0.20112596848664477,0.8406182806428568,1107,1146,0.9942648800181039,False
mergefunc,vector-combine,0.0069437661073794565,0.90530705356856,0.3654021923316168,1089,1108,0.950196350047446,False
mergefunc,always-inline,0.0029260535680350475,0.39470209495969466,0.6931004684938076,1131,1103,0.9942648800181039,False
mergefunc,globalsplit,-0.0019368991750506326,-0.26622323521824054,0.7900923910640028,1120,1071,0.9942648800181039,False
mergefunc,lowerswitch,0.010380265777551578,1.4031428206732273,0.16071481778121266,1066,1160,0.8754403855060268,False
mergefunc,early-cse-memssa,-0.005983035371119716,-0.8948109400932907,0.3709904003851509,1089,1024,0.9502022310408844,False
mergefunc,simple-loop-unswitch,0.004259863851210077,0.5623958008205454,0.5739057432790631,1031,1105,0.9865737009134377,False
mergefunc,loop-versioning,-0.010454917543848752,-1.4083679509498024,0.15916416228379773,1064,1151,0.8754403855060268,False
mergefunc,loop-flatten,-0.008498319468647486,-1.1376522993712441,0.2553917166289085,1108,1058,0.9195460358483637,False
mergefunc,loop-reroll,-0.0009703608586174584,-0.13090093376827766,0.8958655847319648,1081,1137,0.9942648800181039,False
mergefunc,loop-instsimplify,-0.0019015873525699556,-0.25387670742877055,0.799615120800497,1057,1092,0.9942648800181039,False
mergefunc,loop-simplifycfg,-0.008651969754138511,-1.1991705171027878,0.2305886162403855,1116,1128,0.9121894118219415,False
mergefunc,loop-predication,-0.004450464480872274,-0.5962247706783744,0.5510867007956888,1069,1140,0.9804886507568912,False
mergefunc,speculative-execution,8.272138087511705e-05,0.011350804052014232,0.9909445932670239,1123,1083,0.9993802249402087,False
mergefunc,partially-inline-libcalls,0.0073226765441013475,0.9967576186267814,0.3189906801544567,1115,1110,0.9373396474768672,False
mergefunc,load-store-vectorizer,-0.005302275391538713,-0.7128385969563156,0.4760221975475833,1082,1094,0.9705521863870724,False
mergefunc,iroutliner,0.004502717385514443,0.6294198059090883,0.5291399983622742,1075,1115,0.9774238917491724,False
mergefunc,global-merge,-0.0128247902994863,-1.7045350698714334,0.08842338501074821,1093,1094,0.8125947300396654,False
mergefunc,break-crit-edges,0.009066004275155526,1.2191416963468076,0.22291942735252673,1093,1138,0.9085781878347714,False
mergefunc,unreachableblockelim,0.011496458917440833,1.5884743155529593,0.1123238760824331,1166,1049,0.8280516210713255,False
instcombine,simplifycfg,0.001976215160918282,0.2971305339370382,0.7663956328136894,1139,1032,0.9942648800181039,False
instcombine,tailcallelim,-0.014879929774026357,-2.5709517171178877,0.010208025627424955,1129,1088,0.5630229346055792,False
instcombine,reassociate,0.00024039867944480875,0.034987777768109386,0.9720927692788063,1035,1122,0.9990198037713872,False
instcombine,memcpyopt,0.0044004634544709265,0.6474386929279812,0.5174163268706476,1101,1078,0.9774238917491724,False
instcombine,sccp,-0.0005857659832120832,-0.08843085187950588,0.9295423770849103,1091,1093,0.9942648800181039,False
instcombine,dce,0.001772513515690799,0.2674703714761082,0.7891320568104783,1140,1076,0.9942648800181039,False
instcombine,adce,-0.004984892367524529,-0.7588524089994473,0.44802249154772883,1082,1116,0.9687293080119685,False
instcombine,dse,0.0016066487475248081,0.24485871923204536,0.8065877527458316,1111,1187,0.9942648800181039,False
instcombine,jump-threading,-0.001883033449839866,-0.284424984045058,0.776112068752893,1085,1070,0.9942648800181039,False
instcombine,loop-idiom,-0.0028708127859484733,-0.43143383712907485,0.6661945530921826,1087,1152,0.9917647591855995,False
instcombine,loop-deletion,0.002821119208323286,0.41980053285241764,0.6746720242169819,1095,1115,0.9933243197125733,False
instcombine,gvn,-0.01697073500793539,-2.889382510177241,0.0038988314298819466,1084,1059,0.34699599725949326,False
instcombine,gvn-hoist,0.007058713391000893,1.049473200684705,0.29407638161193594,1108,1081,0.9279993210434955,False
instcombine,gvn-sink,0.00016824977077034564,0.025087078259257767,0.979987860968095,1036,1096,0.9990198037713872,False
instcombine,newgvn,-0.005069047655757164,-0.8591886532468733,0.3903294894823056,1117,1102,0.9502022310408844,False
instcombine,early-cse,0.004626854624230348,0.7254526497552812,0.468250644170159,1110,1118,0.9705521863870724,False
instcombine,mergereturn,-0.0059489168772665635,-0.8774465147710232,0.380344731555151,1037,1070,0.9502022310408844,False
instcombine,globalopt,-0.002010869497503731,-0.3162810389064125,0.7518178896861497,1167,1136,0.9942648800181039,False
instcombine,strip-dead-prototypes,0.0036088614460004775,0.5342427775231385,0.5932294470550649,1090,1045,0.9874161299839842,False
instcombine,indvars,0.005414706533432234,0.812997055416436,0.4163065869618497,1119,1113,0.9664020075266084,False
instcombine,mergeicmps,0.0052751198167440005,0.7956308896230873,0.4263343765327691,1052,1117,0.9681527028295874,False
instcombine,separate-const-offset-from-gep,0.0027953131774250406,0.4177784926505516,0.6761504383066633,1122,1063,0.9933243197125733,False
instcombine,libcalls-shrinkwrap,0.0036631391387164647,0.5497293121740868,0.5825599071035856,1127,1113,0.9874161299839842,False
instcombine,flattencfg,-0.012105242093583435,-1.7799484393391416,0.07522548337057043,1060,1096,0.7840748251100543,False
instcombine,loop-reduce,-0.0159152533670171,-2.412511777638019,0.01592350414663727,1129,1097,0.5934873791108232,False
instcombine,loop-unroll,0.0004315505550020471,0.06688199994812305,0.9466817647158042,1110,1076,0.9942648800181039,False
instcombine,loop-rotate,-0.003144159493301435,-0.4766509978589081,0.6336582805236761,1073,1119,0.9874277065382873,False
instcombine,partial-inliner,0.008976241601462431,1.363839279674155,0.17275623236836213,1107,1118,0.8754403855060268,False
instcombine,lower-expect,-0.007482020805218315,-1.1104502682303756,0.26693002366843477,1052,1092,0.9234272483582865,False
instcombine,alignment-from-assumptions,-0.0016838418407364442,-0.24927000926230888,0.8031759343581494,1059,1077,0.9942648800181039,False
instcombine,rpo-function-attrs,0.002463976086840014,0.36354250485365813,0.7162355163198764,1084,1063,0.9942648800181039,False
instcombine,attributor,-0.0041692308274763334,-1.3429071866938704,0.17944344149292965,1078,1105,0.8754403855060268,False
instcombine,inferattrs,-0.006202077231683978,-0.9673295758526663,0.33348687202044947,1079,1106,0.9423126475181534,False
instcombine,called-value-propagation,-0.007130114616083427,-1.0749781142281551,0.28249973769304104,1114,1139,0.9247897792409351,False
instcombine,licm,-0.014485033231517785,-2.0971225247607475,0.036098117691396835,1086,1114,0.6984398753125753,False
instcombine,loop-simplify,-0.00047755641450136777,-0.07240790618194907,0.9422837957844857,1133,1098,0.9942648800181039,False
instcombine,div-rem-pairs,-0.0022469419179305117,-0.3310908764084932,0.7406071916248445,1130,1088,0.9942648800181039,False
instcombine,float2int,0.0010688844068876269,0.16386111617697527,0.8698553419625945,1116,1114,0.9942648800181039,False
instcombine,inline,0.0033791554331658036,0.5065517286841537,0.612520330135886,1129,1076,0.9874161299839842,False
instcombine,sink,0.007877431251173017,1.1755786342442545,0.23988981927928765,1090,1125,0.9160980818706629,False
instcombine,loop-vectorize,-0.03507150170852652,-5.446541424906125,5.707853289412284e-08,1099,1140,1.8626627901115418e-05,True
instcombine,slp-vectorizer,0.0010289283389469106,0.15877375871182392,0.8738610781190062,1161,1139,0.9942648800181039,False
instcombine,callsite-splitting,0.0016573666610651405,0.2506250581573438,0.8021275586780378,1123,1078,0.9942648800181039,False
instcombine,dfa-jump-threading,0.004943482215559514,0.7315154226737134,0.46454521143351013,1082,1046,0.9687293080119685,False
instcombine,consthoist,0.013286422886464755,2.02207782308533,0.04328644121943673,1151,1118,0.7108785336882624,False
instcombine,mldst-motion,-0.013337766856921063,-1.9977958497751993,0.04586421108319465,1093,1066,0.7108785336882624,False
instcombine,slsr,0.009200188768996365,1.3760313018535002,0.16895572441143852,1069,1076,0.8754403855060268,False
instcombine,loop-interchange,0.006506667978327052,0.9856198278402181,0.3244296449653414,1101,1077,0.941513876021561,False
instcombine,loop-fusion,0.002225311167025068,0.3284454177711294,0.7426075797240086,1032,1075,0.9942648800181039,False
instcombine,loop-distribute,-0.0027694611655337265,-0.415774914847953,0.6776156850288506,1127,1063,0.9933243197125733,False
instcombine,loop-load-elim,-0.004046547174344994,-0.598342966636092,0.5496723551262176,1115,1100,0.9786961826004837,False
instcombine,loop-sink,-0.017837163759598373,-2.6798049682426033,0.007420406319303878,1090,1168,0.5168649238883803,False
instcombine,loop-unroll-and-jam,0.009133085181302125,1.3734895287293716,0.1697457812542985,1087,1046,0.8754403855060268,False
instcombine,hotcoldsplit,-0.006982235835260142,-1.0568944652010959,0.2906760660656843,1106,1091,0.9279993210434955,False
instcombine,irce,0.0035840490077733156,0.5281426682003139,0.5974534095569173,1105,1107,0.9874161299839842,False
instcombine,nary-reassociate,0.004230645890434981,0.6463800778619889,0.5181001218424973,1119,1104,0.9774238917491724,False
instcombine,scalarizer,0.004674069593109509,0.7029307275631872,0.4821727767707797,1143,1080,0.9726252030341583,False
instcombine,vector-combine,-0.0011503862232330464,-0.17348925591204642,0.8622833095593945,1084,1056,0.9942648800181039,False
instcombine,always-inline,-0.010319578903772941,-1.5333233064317349,0.1253412182427495,1069,1116,0.8491975962605657,False
instcombine,globalsplit,0.0020984297425359344,0.3095500803819164,0.7569325440462874,1074,1124,0.9942648800181039,False
instcombine,lowerswitch,0.010173594127969088,1.5341031218394146,0.1251519079398486,1073,1072,0.8491975962605657,False
instcombine,early-cse-memssa,-0.008542080709830535,-1.350895511027514,0.17686831247580703,1151,1051,0.8754403855060268,False
instcombine,simple-loop-unswitch,-0.00013197583472418506,-0.019816129099795514,0.9841918748141094,1085,1085,0.9993802249402087,False
instcombine,loop-versioning,-0.008326502367269784,-1.2596133567866714,0.2079427868161385,1079,1122,0.9064104066000374,False
instcombine,loop-flatten,0.001977993674701639,0.2949523932867901,0.7680586062451469,1053,1117,0.9942648800181039,False
instcombine,loop-reroll,-0.007417138228744291,-1.1446670475601302,0.25246582520536337,1151,1169,0.9195460358483637,False
instcombine,loop-instsimplify,-0.00021545132421796342,-0.032570155756806975,0.974020343840137,1072,1118,0.9990198037713872,False
instcombine,loop-simplifycfg,0.00333823374447878,0.5073024467850952,0.6119941919482823,1083,1089,0.9874161299839842,False
instcombine,loop-predication,0.002365276648034431,0.3551149108744751,0.7225379687158369,1060,1119,0.9942648800181039,False
instcombine,speculative-execution,-0.0005110382705441618,-0.07797534993037726,0.9378546561338741,1177,1077,0.9942648800181039,False
instcombine,partially-inline-libcalls,0.0064852652498931795,0.9586445679820184,0.3378450773417567,1096,1067,0.9441889704650352,False
instcombine,load-store-vectorizer,-0.0007770354479544328,-0.1160394322940823,0.9076318853332749,1078,1129,0.9942648800181039,False
instcombine,iroutliner,0.008360859165831735,1.3462205581329245,0.17837155154533296,1075,1105,0.8754403855060268,False
instcombine,global-merge,-0.0026632859348890703,-0.392370777078023,0.694822433291929,1098,1097,0.9942648800181039,False
instcombine,break-crit-edges,-0.005244011241956781,-0.7739445153251271,0.43905010404846173,1028,1103,0.9687293080119685,False
instcombine,unreachableblockelim,0.0017062129880369148,0.25256880620800726,0.8006247646296422,1107,1122,0.9942648800181039,False
simplifycfg,tailcallelim,-0.0010787427394775007,-0.15763365774820318,0.874759706896307,1140,1099,0.9942648800181039,False
simplifycfg,reassociate,-0.0030932501013183344,-0.42020747209243753,0.6743758863943167,1110,1046,0.9933243197125733,False
simplifycfg,memcpyopt,0.009268044480806703,1.306622022425331,0.19147399351719535,1156,1118,0.8780001857299028,False
simplifycfg,sccp,-0.002968112399448941,-0.4126856133287636,0.6798760535501465,1160,1112,0.9933243197125733,False
simplifycfg,dce,0.008345983111377187,1.131659698678162,0.2579041348241653,1100,1052,0.922998223890889,False
simplifycfg,adce,-0.001862244586638473,-0.25951403068072887,0.7952632061277828,1053,1135,0.9942648800181039,False
simplifycfg,dse,-0.008039997405639987,-1.1491545875701492,0.25061819019385784,1099,1085,0.9195460358483637,False
simplifycfg,jump-threading,-0.013826162059350944,-1.8800164809863746,0.060240275016285434,1111,1052,0.7729977239171516,False
simplifycfg,loop-idiom,-0.0040322029629313305,-0.5457293231455906,0.5853082757625502,1124,1049,0.9874161299839842,False
simplifycfg,loop-deletion,0.010705586293901115,1.4619042713656187,0.14390954395064937,1128,1092,0.8648341678559794,False
simplifycfg,gvn,-0.005043999406038502,-0.8059380410367781,0.42036561185447086,1095,1109,0.9681527028295874,False
simplifycfg,gvn-hoist,-0.006288817967378291,-0.8763568769009688,0.38093191908264684,1075,1132,0.9502022310408844,False
simplifycfg,gvn-sink,0.01066342835314904,1.4885390860938472,0.1367494066599784,1079,1169,0.8592403433953654,False
simplifycfg,newgvn,-0.0046062957758036815,-0.7323388253009123,0.46404029505335,1091,1098,0.9687293080119685,False
simplifycfg,early-cse,-0.0030170768277158477,-0.434656829347887,0.6638541756334098,1116,1086,0.9916381860124056,False
simplifycfg,mergereturn,0.0020487544424214743,0.27753747861755623,0.7813940522328908,1042,1129,0.9942648800181039,False
simplifycfg,globalopt,0.0010564945732308706,0.14081588290252153,0.8880288289837525,1095,1033,0.9942648800181039,False
simplifycfg,strip-dead-prototypes,-0.005272880060442242,-0.7226307473182149,0.4699844695591391,1061,1139,0.9705521863870724,False
simplifycfg,indvars,0.0008907375022611519,0.12305303816584645,0.9020761608390934,1143,1098,0.9942648800181039,False
simplifycfg,mergeicmps,-0.0036967678491281464,-0.5157814108033638,0.6060581804055291,1146,1090,0.9874161299839842,False
simplifycfg,separate-const-offset-from-gep,-0.0003709244449306426,-0.051204177169568696,0.9591674644129847,1091,1115,0.9956056059939193,False
simplifycfg,libcalls-shrinkwrap,0.007137003716530255,0.9922934143132649,0.32116336137328827,1101,1106,0.9378640739282602,False
simplifycfg,flattencfg,-0.0161340471105062,-2.2308893450383565,0.02579053724611673,1086,1081,0.6624199781144244,False
simplifycfg,loop-reduce,-0.006569044225529508,-0.9180580911150107,0.3586901249637475,1064,1125,0.9480085994808022,False
simplifycfg,loop-unroll,-0.0026628302298896123,-0.36600969154889623,0.7143928114597294,1124,1093,0.9942648800181039,False
simplifycfg,loop-rotate,0.015434374287264019,2.0233712401564854,0.04316166958652744,1126,1024,0.7108785336882624,False
simplifycfg,partial-inliner,0.0076340770571382,1.0181039299247148,0.3087424066503717,1099,1072,0.9302752341567484,False
simplifycfg,lower-expect,0.0008319326243156899,0.11496260704551733,0.9084853516000506,1101,1081,0.9942648800181039,False
simplifycfg,alignment-from-assumptions,0.0033819697471021426,0.4659051477572004,0.6413295080286833,1110,1093,0.9894955426777883,False
simplifycfg,rpo-function-attrs,-0.005802389586821,-0.7812065985270883,0.4347647622723568,1069,1154,0.9687293080119685,False
simplifycfg,attributor,-0.00010224403921904601,-0.03059765627192894,0.9755931544174945,1172,1084,0.9990198037713872,False
simplifycfg,inferattrs,0.0024771788501666836,0.34825481677979253,0.7276821458894628,1108,1094,0.9942648800181039,False
simplifycfg,called-value-propagation,-0.003835035935634501,-0.5327259527844772,0.5942760796302308,1117,1133,0.9874161299839842,False
simplifycfg,licm,0.008238133497854516,1.0778074549298562,0.2812419872092398,1113,1037,0.9244095086149083,False
simplifycfg,loop-simplify,0.0017501761407637262,0.23317076755333319,0.81565131454198,1068,1054,0.9942648800181039,False
simplifycfg,div-rem-pairs,0.011657289249589642,1.6267051051401942,0.10394101143069245,1132,1105,0.8216483294072284,False
simplifycfg,float2int,0.016688238297174807,2.3665374820429084,0.018037957190832572,1130,1167,0.6167643711204553,False
simplifycfg,inline,0.010701689063306541,1.4440577414647504,0.14886559140999786,1068,1137,0.8719556781826802,False
simplifycfg,sink,0.0030682539105813533,0.42578630258248523,0.6703034277352294,1165,1136,0.9924421532503569,False
simplifycfg,loop-vectorize,-0.007944234577507314,-1.1104213036067514,0.2669404204040174,1107,1068,0.9234272483582865,False
simplifycfg,slp-vectorizer,-0.005176870160989777,-0.7101678430005753,0.4776741156830294,1096,1146,0.9712210991769176,False
simplifycfg,callsite-splitting,-0.0041469240890234516,-0.5758294481923748,0.5647900938860398,1068,1111,0.982993549686316,False
simplifycfg,dfa-jump-threading,-0.0035444151229645504,-0.4834989895636789,0.6287895744706752,1086,1122,0.9874161299839842,False
simplifycfg,consthoist,0.0019688905528347234,0.27299314000998776,0.7848836541688606,1146,1104,0.9942648800181039,False
simplifycfg,mldst-motion,0.008729266187141704,1.204035039352305,0.22870230424220514,1147,1119,0.912014484126757,False
simplifycfg,slsr,0.011589970688904494,1.6095873118057096,0.10763067241284635,1075,1142,0.8216483294072284,False
simplifycfg,loop-interchange,0.0018375620298452522,0.25404032557542394,0.7994886186901985,1081,1078,0.9942648800181039,False
simplifycfg,loop-fusion,-0.011343622069121262,-1.5830555704468399,0.11355049042780943,1129,1105,0.8280516210713255,False
simplifycfg,loop-distribute,-0.00401355676180698,-0.5581442224275226,0.576802037177963,1097,1132,0.9874161299839842,False
simplifycfg,loop-load-elim,-0.014553983146802785,-2.0234339513956137,0.04314652623657556,1131,1120,0.7108785336882624,False
simplifycfg,loop-sink,-0.00382386394016504,-0.5309044780008504,0.5955374324588374,1112,1144,0.9874161299839842,False
simplifycfg,loop-unroll-and-jam,-0.014009121843105099,-1.9042590278108362,0.05701210415946863,1060,1057,0.7645869859194492,False
simplifycfg,hotcoldsplit,-0.001020346671617156,-0.14071964500567333,0.8881039269239003,1135,1134,0.9942648800181039,False
simplifycfg,irce,0.0052501658686394115,0.7294338390245567,0.46581136031321163,1161,1127,0.9687293080119685,False
simplifycfg,nary-reassociate,-0.006712101656123015,-0.9432053452666664,0.345676958478315,1106,1158,0.9478434106605946,False
simplifycfg,scalarizer,-0.003444478601573542,-0.4726976885175348,0.6364752430316768,1137,1091,0.9880033518103314,False
simplifycfg,vector-combine,0.0004829392968730972,0.06419486335814735,0.9488210834496009,1094,1047,0.9942648800181039,False
simplifycfg,always-inline,0.005643014245916511,0.7859715156290286,0.43196661117395313,1134,1127,0.9687293080119685,False
simplifycfg,globalsplit,-0.0005121452083777234,-0.07072292521548891,0.9436246015703438,1100,1140,0.9942648800181039,False
simplifycfg,lowerswitch,-0.015140343328482742,-2.113066281831673,0.03470911086662245,1078,1094,0.6968577611639679,False
simplifycfg,early-cse-memssa,0.0002831528094422997,0.044937639083631284,0.9641610197292436,1128,1115,0.9971659119947306,False
simplifycfg,simple-loop-unswitch,-0.0009518102786796323,-0.1322386042100789,0.8948076089845196,1120,1094,0.9942648800181039,False
simplifycfg,loop-versioning,0.008801932344665364,1.200597693675194,0.2300357327025071,1097,1119,0.9121894118219415,False
simplifycfg,loop-flatten,-0.007847075300760953,-1.103222620821167,0.2700495109957084,1094,1154,0.9234272483582865,False
simplifycfg,loop-reroll,-0.01569545515233517,-2.1297321915339764,0.03330579643551715,1087,1095,0.6889281755959429,False
simplifycfg,loop-instsimplify,-0.003940777235344861,-0.5464654480791534,0.5848010989782363,1084,1139,0.9874161299839842,False
simplifycfg,loop-simplifycfg,-0.003146780109630265,-0.43700030743390156,0.6621540678470444,1083,1130,0.9913424749666555,False
simplifycfg,loop-predication,-0.0008410984872874172,-0.11749451265414329,0.906478777318541,1212,1070,0.9942648800181039,False
simplifycfg,speculative-execution,0.003050529847269834,0.40951455450960905,0.6822021685322082,1100,1093,0.9933243197125733,False
simplifycfg,partially-inline-libcalls,0.0021279235398584118,0.2969008648616551,0.7665708432191993,1116,1047,0.9942648800181039,False
simplifycfg,load-store-vectorizer,0.0029554477360018705,0.4051350668876043,0.6854185444056018,1052,1100,0.9935462622399623,False
simplifycfg,iroutliner,-0.017970943764722302,-2.6136172649760314,0.009019629970263902,1111,1105,0.5351504657680055,False
simplifycfg,global-merge,0.00417401220067759,0.5796160423407057,0.5622326386384556,1117,1096,0.982594422094534,False
simplifycfg,break-crit-edges,0.0014766075102242704,0.2005993037643295,0.8410311783986177,1022,1118,0.9942648800181039,False
simplifycfg,unreachableblockelim,0.0003570232845827581,0.04840005091070943,0.9614018484051741,1101,1083,0.9959719209227359,False
tailcallelim,reassociate,0.003936543313605934,0.5524263674300909,0.5807126698445172,1088,1103,0.9874161299839842,False
tailcallelim,memcpyopt,-0.011215137723366908,-1.5918529963138697,0.11156467260047137,1090,1064,0.8280516210713255,False
tailcallelim,sccp,-0.015960907566002547,-2.227220485345777,0.02603191675237378,1132,1103,0.6624199781144244,False
tailcallelim,dce,-0.002782531057545057,-0.38814997899371373,0.6979428989087493,1109,1078,0.9942648800181039,False
tailcallelim,adce,0.014583677162955888,2.0764433666712825,0.037967933784103375,1130,1099,0.7015384337019843,False
tailcallelim,dse,-0.006396474740863689,-0.9330947220845538,0.3508756876200517,1068,1097,0.9480085994808022,False
tailcallelim,jump-threading,0.008962012731321245,1.31387011310863,0.1890281995755206,1104,1084,0.8780001857299028,False
tailcallelim,loop-idiom,0.004803305079659426,0.6967556275006351,0.4860276099577357,1167,1095,0.9726252030341583,False
tailcallelim,loop-deletion,-0.006194393177127722,-0.8452113950924786,0.39808575512939803,1079,1106,0.9502022310408844,False
tailcallelim,gvn,0.0656723623612479,12.745003242329501,1.4384064449531775e-35,1144,1073,1.4081999096091608e-32,True
tailcallelim,gvn-hoist,0.006144341072785275,0.8798536549736148,0.3790340444331036,1145,1079,0.9502022310408844,False
tailcallelim,gvn-sink,-0.0047276819271924175,-0.6709089884729759,0.5023504639129466,1045,1125,0.9774238917491724,False
tailcallelim,newgvn,0.04187992086664666,8.156810621494387,6.101882214620749e-16,1104,1120,3.4135672503506935e-13,True
tailcallelim,early-cse,-0.0017263101798730696,-0.25924435729813844,0.7954708200100142,1092,1124,0.9942648800181039,False
tailcallelim,mergereturn,0.007276892608192531,1.0458433618613736,0.2957464639076308,1145,1097,0.9279993210434955,False
tailcallelim,globalopt,0.0006646945758562728,0.09245328077790822,0.9263467251396549,1022,1095,0.9942648800181039,False
tailcallelim,strip-dead-prototypes,0.011932566168317171,1.6951040961485393,0.09019617843135626,1120,1099,0.8157234058595637,False
tailcallelim,indvars,0.0021224210548925204,0.29651369951823714,0.7668670356911521,1058,1053,0.9942648800181039,False
tailcallelim,mergeicmps,0.0034621784717186466,0.4908306727940847,0.6235928951766928,1172,1143,0.9874161299839842,False
tailcallelim,separate-const-offset-from-gep,-0.003447475444623982,-0.504101161562648,0.6142406644203813,1089,1121,0.9874161299839842,False
tailcallelim,libcalls-shrinkwrap,0.015855583874085533,2.268107531534618,0.023416231399330387,1126,1146,0.6583805678086954,False
tailcallelim,flattencfg,0.004622979662913251,0.657414300289662,0.5109822248347149,1137,1101,0.9774238917491724,False
tailcallelim,loop-reduce,0.0022693361242868137,0.31812147941926866,0.7504233484278061,1131,1067,0.9942648800181039,False
tailcallelim,loop-unroll,-7.84046394328719e-05,-0.011293905568921955,0.9909899845142273,1141,1072,0.9993802249402087,False
tailcallelim,loop-rotate,-0.012119757262026742,-1.6525482995468552,0.09856193647819121,1122,1143,0.8216483294072284,False
tailcallelim,partial-inliner,-0.015310196517854313,-2.1413402887480286,0.03235570455086379,1136,1082,0.6882938586042268,False
tailcallelim,lower-expect,-0.005284797226758786,-0.7475378540916218,0.4548197399349265,1073,1114,0.9687293080119685,False
tailcallelim,alignment-from-assumptions,-0.0033117469179799186,-0.4549559546557428,0.6491871472225639,1059,1084,0.9894955426777883,False
tailcallelim,rpo-function-attrs,-0.005942930896370491,-0.8605914179255776,0.3895589720866269,1077,1082,0.9502022310408844,False
tailcallelim,attributor,-0.0007162838169075258,-0.1982825815749647,0.842842508631672,1103,1075,0.9942648800181039,False
tailcallelim,inferattrs,0.003054123666660913,0.43774621715172557,0.66161320265049,1094,1111,0.9913424749666555,False
tailcallelim,called-value-propagation,-0.005993880345782632,-0.841135645630305,0.40036610858464233,1111,1037,0.9502022310408844,False
tailcallelim,licm,0.013065833909420121,1.7524344898332136,0.07983900741225916,1107,1093,0.7893959303675203,False
tailcallelim,loop-simplify,0.0062811232789263816,0.8526805396472867,0.39393199814237906,1063,1081,0.9502022310408844,False
tailcallelim,div-rem-pairs,-0.011603869246780918,-1.6199420151564183,0.10538803999754483,1090,1128,0.8216483294072284,False
tailcallelim,float2int,-0.0066502844927736615,-0.9179452235920477,0.3587458765390898,1127,1127,0.9480085994808022,False
tailcallelim,inline,0.015531686732429717,2.1261686258524057,0.03360196157784093,1072,1102,0.6889281755959429,False
tailcallelim,sink,0.011392126565601901,1.61893624367303,0.10560817023282781,1109,1056,0.8216483294072284,False
tailcallelim,loop-vectorize,0.0002668804432757188,0.03619021821467783,0.9711339843550618,1118,1076,0.9989389762895776,False
tailcallelim,slp-vectorizer,-0.014224641923753778,-1.997224443665653,0.045927545715814706,1076,1069,0.7108785336882624,False
tailcallelim,callsite-splitting,-0.004423931179970808,-0.612173174844818,0.5404870221800789,1072,1111,0.977995703783708,False
tailcallelim,dfa-jump-threading,-0.011506662092937714,-1.5850600985047225,0.1130973813860961,1078,1110,0.8280516210713255,False
tailcallelim,consthoist,-0.015880090137026626,-2.2572902991829515,0.0240842179820632,1157,1126,0.6583805678086954,False
tailcallelim,mldst-motion,-0.0010939918267485749,-0.1527318376516386,0.878623815928844,1102,1091,0.9942648800181039,False
tailcallelim,slsr,0.00318367847346529,0.43450834468720223,0.6639620336375198,1132,1071,0.9916381860124056,False
tailcallelim,loop-interchange,-0.0032709772309190144,-0.4786235924623037,0.6322546143056532,1078,1101,0.9874161299839842,False
tailcallelim,loop-fusion,0.003908940632899038,0.5452113106894384,0.5856638081488771,1072,1118,0.9874161299839842,False
tailcallelim,loop-distribute,-0.013296261229381323,-1.8978823067979582,0.057842858404794105,1110,1084,0.7653065620923821,False
tailcallelim,loop-load-elim,-0.007873340738896506,-1.0873672276196087,0.2769967334242396,1063,1084,0.9234272483582865,False
tailcallelim,loop-sink,0.009519019980350096,1.350136701108047,0.17711243443962787,1098,1087,0.8754403855060268,False
tailcallelim,loop-unroll-and-jam,-0.0004392294340909708,-0.06366384833590444,0.9492435796232619,1088,1159,0.9942648800181039,False
tailcallelim,hotcoldsplit,-0.004231285228522563,-0.5874542091062929,0.5569582743641919,1112,1119,0.9809315953038664,False
tailcallelim,irce,0.008254429263707619,1.1629211610514818,0.2449923779563392,1039,1089,0.9193752974278154,False
tailcallelim,nary-reassociate,3.614000528229244e-05,0.0049650022325018,0.9960389715489864,1068,1122,0.9993802249402087,False
tailcallelim,scalarizer,0.0023370048914647668,0.3151433285622908,0.7526835874608097,1075,1065,0.9942648800181039,False
tailcallelim,vector-combine,-0.008189946537039694,-1.1649528494760644,0.24416173630706298,1104,1148,0.9193628455562103,False
tailcallelim,always-inline,0.006913230228262512,0.9851180583460027,0.32467349733987383,1106,1117,0.941513876021561,False
tailcallelim,globalsplit,0.01449716094497816,2.05233196000624,0.040256831896066526,1077,1103,0.7108785336882624,False
tailcallelim,lowerswitch,0.005328683542527801,0.7429719685820524,0.4575805669249202,1025,1110,0.9687293080119685,False
tailcallelim,early-cse-memssa,0.01512190558466786,2.659603113346408,0.007883744977506605,1160,1069,0.5230915505156455,False
tailcallelim,simple-loop-unswitch,-0.0030849293966860314,-0.4460751546945601,0.6555874777765112,1077,1095,0.990081204385969,False
tailcallelim,loop-versioning,0.008517255705373594,1.137448519229444,0.25548163610904484,1027,1064,0.9195460358483637,False
tailcallelim,loop-flatten,-4.690024826559114e-06,-0.0006478934014302884,0.999483117748275,1094,1010,0.9997011279891337,False
tailcallelim,loop-reroll,0.014463312290046437,2.00653441297171,0.04492335900929888,1075,1093,0.7108785336882624,False
tailcallelim,loop-instsimplify,-0.004673308930219333,-0.6657324412819283,0.5056504681780217,1150,1099,0.9774238917491724,False
tailcallelim,loop-simplifycfg,0.0032363451368424556,0.45343315055102135,0.6502815936005386,1116,1090,0.9894955426777883,False
tailcallelim,loop-predication,0.003065250196838454,0.43767249053104,0.6616656958587767,1130,1125,0.9913424749666555,False
tailcallelim,speculative-execution,0.010770719734163159,1.5080456144915477,0.1316905348161714,1069,1073,0.8591664186373942,False
tailcallelim,partially-inline-libcalls,-0.0014092191875904603,-0.20412360448429728,0.8382752073444579,1124,1148,0.9942648800181039,False
tailcallelim,load-store-vectorizer,-0.0009883402570744493,-0.14073155677074067,0.8880945260150167,1133,1135,0.9942648800181039,False
tailcallelim,iroutliner,0.007172107417178275,1.0955241960119109,0.2734061464069156,1125,1095,0.9234272483582865,False
tailcallelim,global-merge,0.003057977867327699,0.42236170476853313,0.6728036415454887,1042,1092,0.9927276037272545,False
tailcallelim,break-crit-edges,0.006149951629136674,0.8521400544612686,0.39423001615752756,1096,1085,0.9502022310408844,False
tailcallelim,unreachableblockelim,0.0038223843908986033,0.5263336795396675,0.5987101463642878,1116,1066,0.9874161299839842,False
reassociate,memcpyopt,-0.0171219192304633,-2.3247768033244935,0.02017591242523589,1145,1038,0.6426795365741571,False
reassociate,sccp,-0.0010115585823787798,-0.14028136906339317,0.8884502703604535,1126,1121,0.9942648800181039,False
reassociate,dce,-0.0032072419404432506,-0.4372905269477386,0.6619427869425875,1135,1110,0.9913424749666555,False
reassociate,adce,-0.00042654320141205515,-0.0581401705726572,0.953642081851603,1139,1139,0.9942648800181039,False
reassociate,dse,0.005833248745474362,0.8030399998868039,0.4220378480055065,1082,1138,0.9681527028295874,False
reassociate,jump-threading,-0.005453026227010993,-0.7834068234445627,0.43347123458808445,1107,1141,0.9687293080119685,False
reassociate,loop-idiom,0.0039875041653947285,0.5294843752919609,0.5965228840203055,1066,1146,0.9874161299839842,False
reassociate,loop-deletion,-0.004323812937729377,-0.5633471574422282,0.5732574767499422,1112,1037,0.9865737009134377,False
reassociate,gvn,0.005060520724838313,0.8159663300633863,0.41460932385606764,1076,1087,0.9635668321782557,False
reassociate,gvn-hoist,-0.012193746705360886,-1.6657998348792908,0.09589443138104611,1090,1145,0.8216483294072284,False
reassociate,gvn-sink,-0.007418959536432068,-0.979208443266738,0.3275850560588493,1105,1089,0.942058707247174,False
reassociate,newgvn,-0.007031225493209503,-1.1330021965141177,0.25733614134622895,1085,1136,0.922998223890889,False
reassociate,early-cse,0.003264085907378478,0.45163779692999473,0.6515748205724201,1181,1046,0.9894955426777883,False
reassociate,mergereturn,-0.0063038336236654335,-0.8453264870252644,0.39802261910015224,1055,1103,0.9502022310408844,False
reassociate,globalopt,0.02802858445016282,3.7778219234327604,0.00016245867732911086,1112,1072,0.03742283414239989,True
reassociate,strip-dead-prototypes,0.00895788863715008,1.2198636760093837,0.22264208633877525,1177,1129,0.9085781878347714,False
reassociate,indvars,-0.015759258127815146,-2.1092577162313955,0.035038345710660806,1060,1112,0.6968577611639679,False
reassociate,mergeicmps,-0.005210200425616318,-0.6945031485882411,0.48743980757352495,1108,1106,0.9726252030341583,False
reassociate,separate-const-offset-from-gep,0.002630675855089415,0.353560943358599,0.7237031938260265,1051,1066,0.9942648800181039,False
reassociate,libcalls-shrinkwrap,0.0006243203125436692,0.08402574533397826,0.9330434898978401,1155,1085,0.9942648800181039,False
reassociate,flattencfg,-0.011008310386925568,-1.4938894313952498,0.13535031662582167,1084,1092,0.8592403433953654,False
reassociate,loop-reduce,0.0050491039104925695,0.6999882367245576,0.4840076722940203,1140,1093,0.9726252030341583,False
reassociate,loop-unroll,-0.00014801884786341812,-0.02034840466074701,0.983767270543255,1093,1132,0.9993802249402087,False
reassociate,loop-rotate,0.00490928506424354,0.6438874482536573,0.5197139339078759,1110,1146,0.9774238917491724,False
reassociate,partial-inliner,-0.0033814996897996163,-0.4545917310821677,0.6494483601719333,1070,1107,0.9894955426777883,False
reassociate,lower-expect,0.0011949974068062308,0.162375941036465,0.8710250956212144,1046,1106,0.9942648800181039,False
reassociate,alignment-from-assumptions,0.005181930189310402,0.6963869377070775,0.4862598900166853,1114,1098,0.9726252030341583,False
reassociate,rpo-function-attrs,0.0010400704593814813,0.14275159952451397,0.886499432188589,1099,1104,0.9942648800181039,False
reassociate,attributor,-0.008553195610259967,-2.4680133970964073,0.01366141973410799,1144,1088,0.5918624706255822,False
reassociate,inferattrs,-0.0046740162435575106,-0.6342525376556183,0.5259815944030721,1116,1100,0.9774238917491724,False
reassociate,called-value-propagation,-0.002984839014125218,-0.4016546691948028,0.6879777277797187,1094,1079,0.9935462622399623,False
reassociate,licm,0.0012015562307493566,0.15478094280350357,0.8770084488736489,1063,1126,0.9942648800181039,False
reassociate,loop-simplify,0.001337809973314008,0.1784993343866678,0.8583473301973865,1104,1092,0.9942648800181039,False
reassociate,div-rem-pairs,-0.0012017459361558513,-0.16356779728285833,0.8700860982220292,1121,1130,0.9942648800181039,False
reassociate,float2int,-0.022821154920749487,-3.076015249012735,0.0021245050454193983,1052,1108,0.2521079320564352,False
reassociate,inline,-0.005939862504406035,-0.8058359329049662,0.42042658141371453,1075,1079,0.9681527028295874,False
reassociate,sink,-0.002914617138765896,-0.3881985384267817,0.697906090484198,1123,1117,0.9942648800181039,False
reassociate,loop-vectorize,-0.007416105725782274,-0.995692413740596,0.3195119928579076,1101,1048,0.9373396474768672,False
reassociate,slp-vectorizer,0.008618384288385517,1.1626431332856475,0.24510413955940738,1058,1081,0.9193752974278154,False
reassociate,callsite-splitting,-0.008797661648157373,-1.1990054330902746,0.23065598861725595,1134,1053,0.9121894118219415,False
reassociate,dfa-jump-threading,0.004278642163681179,0.5779758606095656,0.563340776355995,1090,1070,0.9826486788287172,False
reassociate,consthoist,0.007743746033215759,1.0579893588625588,0.2901736517577348,1110,1147,0.9279993210434955,False
reassociate,mldst-motion,-0.009514272993577766,-1.301579995181201,0.19319787791816556,1124,1053,0.8838351517845051,False
reassociate,slsr,0.018211672563423875,2.4710206057677357,0.013547102879908396,1187,1087,0.5918624706255822,False
reassociate,loop-interchange,0.009821014233823033,1.328021404351502,0.18431084465347747,1098,1076,0.8754403855060268,False
reassociate,loop-fusion,0.009963570928430476,1.352580348840179,0.17632755913471976,1109,1112,0.8754403855060268,False
reassociate,loop-distribute,0.010871337861607044,1.4668266297306267,0.14256337170813715,1138,1111,0.8648341678559794,False
reassociate,loop-load-elim,-6.38406546685788e-05,-0.008556521922152347,0.9931737472911251,1134,1062,0.9993802249402087,False
reassociate,loop-sink,-0.004078943102349186,-0.562959638283056,0.5735192257550094,1119,1103,0.9865737009134377,False
reassociate,loop-unroll-and-jam,-0.002413075197456649,-0.33148922213115506,0.740306104155701,1138,1098,0.9942648800181039,False
reassociate,hotcoldsplit,-0.006212646592679061,-0.8550814053789683,0.39259693475749413,1165,1097,0.9502022310408844,False
reassociate,irce,0.009837381023002079,1.3503935985578306,0.1770294071775804,1115,1076,0.8754403855060268,False
reassociate,nary-reassociate,0.0024410178698034968,0.3224812473754777,0.7471190699303014,1123,1077,0.9942648800181039,False
reassociate,scalarizer,0.012892855188359531,1.7368208882958835,0.08255842322756679,1106,1110,0.7960877427533709,False
reassociate,vector-combine,0.0021628402749347964,0.29847164977476204,0.765371387969425,1144,1070,0.9942648800181039,False
reassociate,always-inline,-0.002428270610552008,-0.32327799541692187,0.746515611794798,1101,1090,0.9942648800181039,False
reassociate,globalsplit,0.0059517433552903065,0.7858554584087337,0.43204019389263426,1024,1095,0.9687293080119685,False
reassociate,lowerswitch,0.0015791274927595134,0.2125960651959699,0.8316619561136867,1079,1099,0.9942648800181039,False
reassociate,early-cse-memssa,0.0033535255147671417,0.5125987533619982,0.6082832836475773,1100,1111,0.9874161299839842,False
reassociate,simple-loop-unswitch,0.010269424130580185,1.3963423169877482,0.16275086068298075,1115,1110,0.8754403855060268,False
reassociate,loop-versioning,0.003781152313098779,0.4962119973925001,0.6197947277666533,1077,1114,0.9874161299839842,False
reassociate,loop-flatten,0.01170616877449332,1.6045316556857314,0.10873835081172055,1130,1113,0.8220451385689145,False
reassociate,loop-reroll,-0.00046288579277181663,-0.061558353628518005,0.9509201601950091,1069,1123,0.9942648800181039,False
reassociate,loop-instsimplify,0.008818467355061366,1.1903003340439569,0.23405777718540594,1061,1129,0.9121894118219415,False
reassociate,loop-simplifycfg,5.254284340316939e-05,0.007098615216368959,0.9943368328117942,1064,1081,0.9993802249402087,False
reassociate,loop-predication,-0.00012341895230938427,-0.016622037392246606,0.9867396478081036,1104,1104,0.9993802249402087,False
reassociate,speculative-execution,0.0012612336103045574,0.167982646239733,0.8666128056385023,1086,1056,0.9942648800181039,False
reassociate,partially-inline-libcalls,0.003127421433949673,0.4257044710901125,0.6703639559038914,1112,1142,0.9924421532503569,False
reassociate,load-store-vectorizer,0.0005962497680005452,0.08266764044002561,0.9341231791545852,1104,1145,0.9942648800181039,False
reassociate,iroutliner,-0.013417477456609372,-1.872806311369758,0.0612299952090756,1056,1122,0.7729977239171516,False
reassociate,global-merge,-0.010365991850473544,-1.3701447378730218,0.17078145559576083,1105,1099,0.8754403855060268,False
reassociate,break-crit-edges,0.010683839114433658,1.4592491660500229,0.14464037987327422,1108,1084,0.8648341678559794,False
reassociate,unreachableblockelim,-0.005899795429514909,-0.8162842936433118,0.4144247298684642,1102,1131,0.9635668321782557,False
memcpyopt,sccp,0.002440069607723694,0.33144097287242763,0.7403429896766555,1089,1113,0.9942648800181039,False
memcpyopt,dce,-0.0003837008906295569,-0.0520242890237237,0.9585141007965895,1078,1114,0.9956023600804966,False
memcpyopt,adce,0.0004564599465295416,0.06136704873547564,0.9510726743714925,1070,1056,0.9942648800181039,False
memcpyopt,dse,-0.004285285891918567,-0.6059904586974953,0.5445825641286193,1164,1084,0.977995703783708,False
memcpyopt,jump-threading,0.004053133037318302,0.5461920956269298,0.5849910879865512,1019,1144,0.9874161299839842,False
memcpyopt,loop-idiom,0.0012398728717487595,0.16592769489402306,0.8682298145335613,1073,1038,0.9942648800181039,False
memcpyopt,loop-deletion,-0.005413063752119585,-0.7312444606153511,0.464708042244954,1162,1057,0.9687293080119685,False
memcpyopt,gvn,-0.007461663023242249,-1.1978117286527368,0.2311194813907583,1075,1137,0.9121894118219415,False
memcpyopt,gvn-hoist,-0.0003094672982810742,-0.04085642221517233,0.9674142020288161,1056,1068,0.9983466251823186,False
memcpyopt,gvn-sink,0.0010990218177877042,0.15142749792471008,0.8796522623431627,1110,1112,0.9942648800181039,False
memcpyopt,newgvn,0.0020255539238882014,0.31191683274729476,0.7551334904134696,1097,1090,0.9942648800181039,False
memcpyopt,early-cse,0.007895056344085105,1.0869160136437541,0.2771959571317754,1087,1064,0.9234272483582865,False
memcpyopt,mergereturn,-0.003444891067275635,-0.4554373493506909,0.6488399906189676,1077,1105,0.9894955426777883,False
memcpyopt,globalopt,0.0012649132543410269,0.16701964239847625,0.8673698945150569,1094,1115,0.9942648800181039,False
memcpyopt,strip-dead-prototypes,-0.011045746609976814,-1.4844647547526229,0.13783020742429394,1062,1149,0.8594635227285591,False
memcpyopt,indvars,-0.0013740812741922515,-0.18677248813329683,0.8518560606054423,1124,1103,0.9942648800181039,False
memcpyopt,mergeicmps,0.0042225598812302145,0.5714609712073864,0.5677447527423174,1109,1127,0.983755952096865,False
memcpyopt,separate-const-offset-from-gep,0.015252276585447977,2.069969513492711,0.038568425864699114,1097,1169,0.7015384337019843,False
memcpyopt,libcalls-shrinkwrap,0.004599496833956662,0.6084247248733882,0.5429705539195488,1130,1033,0.977995703783708,False
memcpyopt,flattencfg,0.0040402408999418715,0.5500143056463124,0.5823648680164595,1097,1126,0.9874161299839842,False
memcpyopt,loop-reduce,-0.0044913191320338774,-0.6208934092252835,0.5347325152579934,1136,1121,0.9774238917491724,False
memcpyopt,loop-unroll,0.0069794196828103505,0.9524402945051083,0.34097449265450613,1167,1124,0.9465090095851987,False
memcpyopt,loop-rotate,0.0017149987332929495,0.2232836006921238,0.8233355954889814,1103,1091,0.9942648800181039,False
memcpyopt,partial-inliner,0.0022113574580268636,0.2930675783602005,0.7694979550095681,1142,1080,0.9942648800181039,False
memcpyopt,lower-expect,-0.004507085098868935,-0.6190627050860101,0.5359387776320923,1119,1096,0.9774238917491724,False
memcpyopt,alignment-from-assumptions,-0.006631291291290309,-0.9074929825359437,0.36424366399025176,1118,1127,0.950196350047446,False
memcpyopt,rpo-function-attrs,0.0009493965734119758,0.13046383738944003,0.8962111874827818,1137,1104,0.9942648800181039,False
memcpyopt,attributor,-0.003096884867323235,-0.8756729633359517,0.3812984361647184,1157,1169,0.9502022310408844,False
memcpyopt,inferattrs,-0.004473241450763887,-0.6382180015925296,0.5233964120081147,1160,1106,0.9774238917491724,False
memcpyopt,called-value-propagation,-0.0017765358195659386,-0.23895469060776794,0.8111635626074093,1043,1108,0.9942648800181039,False
memcpyopt,licm,-0.003578440583308362,-0.4647943064801247,0.642125812618374,1041,1118,0.9894955426777883,False
memcpyopt,loop-simplify,-0.002841634616706945,-0.3966558529860877,0.6916589376541289,1149,1101,0.9942648800181039,False
memcpyopt,div-rem-pairs,-0.00539032122550237,-0.7222771360133216,0.47020256280665323,1077,1101,0.9705521863870724,False
memcpyopt,float2int,0.0005819776755026651,0.07843411373841389,0.937489862400336,1101,1106,0.9942648800181039,False
memcpyopt,inline,0.007108581249117285,0.9720893343800748,0.3311116819027826,1162,1091,0.9423126475181534,False
memcpyopt,sink,-0.016917217749941482,-2.28439559876347,0.022443395790991267,1107,1089,0.6583805678086954,False
memcpyopt,loop-vectorize,0.014037605468859182,1.9657763617844668,0.04944856092228588,1105,1124,0.7334869870139072,False
memcpyopt,slp-vectorizer,-0.0033212849549171253,-0.4473102402901375,0.6546943184571372,1169,1089,0.9894955426777883,False
memcpyopt,callsite-splitting,-0.0022493567172329754,-0.3084758288224819,0.7577495487699073,1108,1090,0.9942648800181039,False
memcpyopt,dfa-jump-threading,0.0057698166102334025,0.7671567619185082,0.44307179093770427,1077,1095,0.9687293080119685,False
memcpyopt,consthoist,-0.0008377844908932786,-0.11136141336188791,0.9113400520717047,1084,1090,0.9942648800181039,False
memcpyopt,mldst-motion,-0.015629957651371262,-2.169966999504265,0.030114048734519942,1118,1131,0.6845850224753226,False
memcpyopt,slsr,0.013379779820269111,1.7895106710688728,0.07367179127090998,1063,1114,0.7840748251100543,False
memcpyopt,loop-interchange,0.00820164723444572,1.110320009069668,0.2669858037770921,1105,1058,0.9234272483582865,False
memcpyopt,loop-fusion,-0.0002448452303207005,-0.03339457941317659,0.9733629597810054,1084,1131,0.9990198037713872,False
memcpyopt,loop-distribute,0.00671109161594674,0.9164752324766212,0.35951676252698944,1135,1102,0.9480085994808022,False
memcpyopt,loop-load-elim,-0.0026512994316818528,-0.3615075594462287,0.7177536047446846,1145,1135,0.9942648800181039,False
memcpyopt,loop-sink,-0.006976697164204793,-0.9224179740411541,0.3564158268407682,1050,1086,0.9480085994808022,False
memcpyopt,loop-unroll-and-jam,0.0041960651710594155,0.5751138742512402,0.5652721022812106,1139,1109,0.982993549686316,False
memcpyopt,hotcoldsplit,-0.0019274910657816613,-0.2646011193796571,0.7913411314719495,1099,1145,0.9942648800181039,False
memcpyopt,irce,0.0036172099514867884,0.4920944609067318,0.6227014882638754,1090,1122,0.9874161299839842,False
memcpyopt,nary-reassociate,0.005718088812515176,0.7684028699943906,0.44233106718871135,1090,1093,0.9687293080119685,False
memcpyopt,scalarizer,-0.00018753609495375523,-0.024894317950802224,0.9801414928727451,1115,1111,0.9990198037713872,False
memcpyopt,vector-combine,-0.01271020915140525,-1.7029847489396244,0.0887124196848461,1095,1113,0.8125947300396654,False
memcpyopt,always-inline,0.007734383833438607,1.0492365414880633,0.29418588015369385,1101,1084,0.9279993210434955,False
memcpyopt,globalsplit,-0.001644320251517839,-0.22094604671700044,0.8251555109136198,1088,1057,0.9942648800181039,False
memcpyopt,lowerswitch,-0.0057367162394456606,-0.7626472587061869,0.4457602955165014,1085,1017,0.9687293080119685,False
memcpyopt,early-cse-memssa,0.00489147517360361,0.7405406102614948,0.45905152454458176,1072,1125,0.9687293080119685,False
memcpyopt,simple-loop-unswitch,0.009174798272623741,1.2148466051868245,0.22455958632481354,1111,1028,0.9085781878347714,False
memcpyopt,loop-versioning,0.002451300942233503,0.32122155059631385,0.7480734713932746,1054,1130,0.9942648800181039,False
memcpyopt,loop-flatten,-0.0007177646529794579,-0.09703786839174708,0.9227052291665225,1083,1106,0.9942648800181039,False
memcpyopt,loop-reroll,-0.012285159491966069,-1.631059376534969,0.10302385477669088,1066,1102,0.8216483294072284,False
memcpyopt,loop-instsimplify,0.0042148395782093395,0.5452447511702093,0.5856422702090958,1042,1096,0.9874161299839842,False
memcpyopt,loop-simplifycfg,-0.002191272575015113,-0.30600891745508985,0.759626302306856,1139,1105,0.9942648800181039,False
memcpyopt,loop-predication,0.010892969899508553,1.4745617428016247,0.14047284414865752,1096,1116,0.8648341678559794,False
memcpyopt,speculative-execution,0.013885385569110398,1.8539233825539592,0.06388124693991046,1134,1119,0.7761705038753552,False
memcpyopt,partially-inline-libcalls,0.0023479029673814655,0.3174361003495487,0.750942211578347,1158,1102,0.9942648800181039,False
memcpyopt,load-store-vectorizer,-0.007743389123810396,-1.0609969847464422,0.2888067369235843,1131,1090,0.9279993210434955,False
memcpyopt,iroutliner,0.009862435521644952,1.4006507181879253,0.16145811209558564,1115,1110,0.8754403855060268,False
memcpyopt,global-merge,-0.01667609268403636,-2.2589503379583027,0.023984740036004863,1111,1077,0.6583805678086954,False
memcpyopt,break-crit-edges,3.184635708014527e-05,0.004234255858241502,0.9966219470264218,1116,1086,0.9993802249402087,False
memcpyopt,unreachableblockelim,-0.015752822990250326,-2.034555258500243,0.04202378241160176,1005,1099,0.7108785336882624,False
sccp,dce,-0.006597644713869422,-0.8812853246281221,0.3782611135742805,1089,1081,0.9502022310408844,False
sccp,adce,-0.0016509087866963812,-0.22192670345346352,0.8243912361996263,1115,1120,0.9942648800181039,False
sccp,dse,-0.005037104396440284,-0.695511675400751,0.4868075440786552,1146,1077,0.9726252030341583,False
sccp,jump-threading,0.003950487499099153,0.5594620191980182,0.5759019226195429,1153,1113,0.9874045223196716,False
sccp,loop-idiom,-0.0012531005620006197,-0.17589319569612777,0.8603938290924522,1144,1088,0.9942648800181039,False
sccp,loop-deletion,-0.0018084546648347022,-0.2385496992690452,0.8114770286763026,1081,1119,0.9942648800181039,False
sccp,gvn,-0.008770770474469836,-1.4246423609670424,0.15439757861612838,1176,1105,0.8754403855060268,False
sccp,gvn-hoist,-0.004010712870579136,-0.5322434466366477,0.5946117843482693,1087,1089,0.9874161299839842,False
sccp,gvn-sink,0.001980422498464751,0.2692095854714933,0.7877933087827492,1114,1121,0.9942648800181039,False
sccp,newgvn,0.00019192347945989896,0.030211861742240526,0.9759009479561344,1047,1064,0.9990198037713872,False
sccp,early-cse,0.005415581761701427,0.7438734306248493,0.45703681375811606,1061,1030,0.9687293080119685,False
sccp,mergereturn,0.0011278870445836642,0.1520516004575518,0.879160450526445,1040,1128,0.9942648800181039,False
sccp,globalopt,-0.0017635398189744245,-0.2406502545688234,0.809848092835645,1118,1137,0.9942648800181039,False
sccp,strip-dead-prototypes,0.006354900180589207,0.867480726363005,0.38577282722143064,1107,1108,0.9502022310408844,False
sccp,indvars,-0.010238128014287307,-1.4225135491448744,0.15501726079419698,1110,1123,0.8754403855060268,False
sccp,mergeicmps,0.0009531868009072797,0.12866006382530695,0.8976383693123299,1104,1104,0.9942648800181039,False
sccp,separate-const-offset-from-gep,0.011135478237193075,1.488007163016623,0.1368970183074129,1056,1077,0.8592403433953654,False
sccp,libcalls-shrinkwrap,0.003970450513019419,0.5410360214872539,0.5885373329786117,1085,1125,0.9874161299839842,False
sccp,flattencfg,0.004710837422607805,0.6464126778215133,0.5180772227696423,1136,1145,0.9774238917491724,False
sccp,loop-reduce,0.016803006098383255,2.2604594283538826,0.023890535408865918,1065,1128,0.6583805678086954,False
sccp,loop-unroll,0.004295446564494709,0.5815410685468478,0.5609351063648108,1185,1066,0.9815421859157658,False
sccp,loop-rotate,-0.012635549256368006,-1.6975949070851886,0.08972351662655591,1100,1167,0.8133270627536874,False
sccp,partial-inliner,0.0007839154979423224,0.1051429703571257,0.9162720106022254,1103,1085,0.9942648800181039,False
sccp,lower-expect,0.004909223579751043,0.6768373686306394,0.4985777024818033,1111,1176,0.9774238917491724,False
sccp,alignment-from-assumptions,0.007740238073337402,1.0478416937247976,0.294825519765729,1141,1100,0.9279993210434955,False
sccp,rpo-function-attrs,0.005682153993446293,0.7726810265578204,0.4397948430805922,1102,1086,0.9687293080119685,False
sccp,attributor,-0.00048546703211260755,-0.1316990569308736,0.8952347657854453,1052,1091,0.9942648800181039,False
sccp,inferattrs,0.0008333317716651134,0.11900720678377034,0.9052802446476967,1164,1100,0.9942648800181039,False
sccp,called-value-propagation,0.006973922979493952,0.9447665517988968,0.3448859880801107,1060,1057,0.9478434106605946,False
sccp,licm,0.0018558308225549713,0.24241444507033355,0.8084811288935636,1128,1126,0.9942648800181039,False
sccp,loop-simplify,0.0035088370051283846,0.47259374822117567,0.6365506784007829,1073,1098,0.9880033518103314,False
sccp,div-rem-pairs,0.0061918833594056255,0.8013874080671841,0.4229991695219011,1025,1052,0.9681527028295874,False
sccp,float2int,-0.008549332378079477,-1.1335274258202466,0.25711623856273924,1065,1144,0.922998223890889,False
sccp,inline,-0.015054348238409732,-2.0018883254528492,0.045425057157521216,1031,1091,0.7108785336882624,False
sccp,sink,-0.006024640987568053,-0.8191341482573458,0.4127966344942817,1144,1108,0.9622092980235757,False
sccp,loop-vectorize,-0.006633541800735554,-0.9273489857781162,0.3538438446724131,1153,1122,0.9480085994808022,False
sccp,slp-vectorizer,-0.002057052364510814,-0.28156007791595855,0.7783076072246957,1102,1078,0.9942648800181039,False
sccp,callsite-splitting,0.004754836267548912,0.6559116281165619,0.5119491430948292,1123,1093,0.9774238917491724,False
sccp,dfa-jump-threading,-0.00892182124907448,-1.2168877787024415,0.22377769756226165,1055,1167,0.9085781878347714,False
sccp,consthoist,0.007101601385852918,0.9792777273563052,0.32754668422885924,1130,1157,0.942058707247174,False
sccp,mldst-motion,-0.0009877889495205627,-0.13179508990494793,0.8951584834414775,1104,1087,0.9942648800181039,False
sccp,slsr,-0.005329283283488917,-0.7253125986460559,0.4683381439819979,1098,1084,0.9705521863870724,False
sccp,loop-interchange,0.004707259130012076,0.6256638697928741,0.5316014772664026,1087,1077,0.9774238917491724,False
sccp,loop-fusion,-0.006195492101609246,-0.836745778323672,0.40282812279426117,1041,1148,0.9525814787815983,False
sccp,loop-distribute,-0.0065719147403746625,-0.8908143864493354,0.37312670333948494,1094,1096,0.9502022310408844,False
sccp,loop-load-elim,-0.0009015745220435356,-0.12334559177179659,0.9018448204402695,1089,1091,0.9942648800181039,False
sccp,loop-sink,-0.0025959002973244827,-0.35077807719962895,0.7257881768836849,1134,1091,0.9942648800181039,False
sccp,loop-unroll-and-jam,-0.0005965390937358594,-0.07717965963010896,0.9384878785138914,1087,1044,0.9942648800181039,False
sccp,hotcoldsplit,-0.0016546966353597758,-0.22501428907100968,0.8219893176007289,1077,1100,0.9942648800181039,False
sccp,irce,0.003386080231472355,0.459675246724409,0.6457932372102034,1139,1140,0.9894955426777883,False
sccp,nary-reassociate,0.0012255138230284346,0.16429735439826396,0.8695123238534246,1090,1088,0.9942648800181039,False
sccp,scalarizer,0.010786265353433688,1.454313779858298,0.1460028457867594,1088,1101,0.8660242460746667,False
sccp,vector-combine,0.00670246976051464,0.8978461662504155,0.3693652092137836,1123,1095,0.9502022310408844,False
sccp,always-inline,-0.00019463613042008943,-0.026678698061424748,0.9787183643378831,1130,1127,0.9990198037713872,False
sccp,globalsplit,-0.003504300549633965,-0.47465446939966194,0.6350799965049287,1108,1121,0.9880033518103314,False
sccp,lowerswitch,-0.006182191607920662,-0.8477238924218563,0.3966818557854746,1151,1107,0.9502022310408844,False
sccp,early-cse-memssa,-0.0028086903144485253,-0.44050605327405307,0.6596121091337586,1163,1137,0.9908078588307175,False
sccp,simple-loop-unswitch,0.015023026238617398,2.0428859669859754,0.04118619733254332,1101,1045,0.7108785336882624,False
sccp,loop-versioning,0.01854734562390592,2.4563319642907686,0.014112170487436494,1122,1116,0.5918624706255822,False
sccp,loop-flatten,0.0038563032447376244,0.5084009653070997,0.6112227498352292,1123,1097,0.9874161299839842,False
sccp,loop-reroll,-0.0012969945145279715,-0.1758544547627036,0.8604245226561359,1107,1090,0.9942648800181039,False
sccp,loop-instsimplify,-0.0037040513890995164,-0.5057699360682586,0.6130677241939687,1108,1144,0.9874161299839842,False
sccp,loop-simplifycfg,-0.001845766691764561,-0.24621069506794988,0.8055426195058341,1086,1073,0.9942648800181039,False
sccp,loop-predication,-0.0012644394367821166,-0.1686161023677147,0.8661143853904641,1100,1068,0.9942648800181039,False
sccp,speculative-execution,-0.01384462416107296,-1.9349125535979033,0.05312392555903009,1147,1159,0.7471468075780253,False
sccp,partially-inline-libcalls,-4.403895596211127e-05,-0.006063605849677114,0.9951625162700952,1095,1130,0.9993802249402087,False
sccp,load-store-vectorizer,-0.0024075367985151863,-0.32690932721993304,0.7437669197198011,1116,1133,0.9942648800181039,False
sccp,iroutliner,-0.006517825111564679,-0.9241278500159892,0.3555234915992773,1097,1055,0.9480085994808022,False
sccp,global-merge,0.011482305265498427,1.5449662114143952,0.1224997434513569,1072,1108,0.8417570075843506,False
sccp,break-crit-edges,-0.014498067751362254,-1.9076765552221948,0.0565654063506115,1096,1068,0.7645869859194492,False
sccp,unreachableblockelim,0.005513619356237065,0.7450675970880236,0.4563119909863491,1063,1097,0.9687293080119685,False
dce,adce,0.0033047847237903105,0.4432587936675682,0.6576235070341421,1101,1044,0.9908078588307175,False
dce,dse,-0.0036700785222645305,-0.5118144322870118,0.6088319948532249,1104,1110,0.9874161299839842,False
dce,jump-threading,0.008175873564152725,1.130443078675271,0.25841392149266784,1057,1130,0.922998223890889,False
dce,loop-idiom,0.0025734897328162365,0.3425112267485102,0.7319994438644237,1064,1111,0.9942648800181039,False
dce,loop-deletion,-0.00035647241023867293,-0.047120139133251145,0.962421731993898,1110,1103,0.9959945831099642,False
dce,gvn,0.0021398339783675335,0.34332380504517246,0.7313881529029709,1097,1075,0.9942648800181039,False
dce,gvn-hoist,-0.00557622758789067,-0.7675761794939634,0.4428177396597134,1145,1169,0.9687293080119685,False
dce,gvn-sink,-0.013841220482822214,-1.8025234526928422,0.07160116032688191,1084,1098,0.7840748251100543,False
dce,newgvn,-0.0006374253793186568,-0.09580739400044515,0.9236822239528609,1106,1111,0.9942648800181039,False
dce,early-cse,0.006405688894924211,0.9057631252073174,0.36515844607302395,1124,1124,0.950196350047446,False
dce,mergereturn,0.007998553671987263,1.0741950497203359,0.28285415219860166,1080,1102,0.9247897792409351,False
dce,globalopt,-0.020528875687193193,-2.8037000164554042,0.005096709092275405,1085,1103,0.40732066949694873,False
dce,strip-dead-prototypes,0.002846293056098015,0.39356268097559116,0.6939413257393582,1108,1139,0.9942648800181039,False
dce,indvars,-0.006343712878538577,-0.8551865239928412,0.3925400383019244,1144,1086,0.9502022310408844,False
dce,mergeicmps,-0.005083823083075978,-0.6971502205782604,0.4857820487557514,1109,1105,0.9726252030341583,False
dce,separate-const-offset-from-gep,0.013870436615118775,1.9480364054670294,0.051530301050010024,1178,1167,0.7418847754111737,False
dce,libcalls-shrinkwrap,0.0015913974618315674,0.2167953872245589,0.8283876061105683,1117,1119,0.9942648800181039,False
dce,flattencfg,0.009787919630461939,1.3169064455605783,0.18800474871817327,1119,1124,0.8780001857299028,False
dce,loop-reduce,0.00837203484196375,1.1398862166869181,0.2544560706198069,1131,1102,0.9195460358483637,False
dce,loop-unroll,0.01697349535148024,2.3513108979221053,0.01879398280076427,1135,1100,0.6344589366189042,False
dce,loop-rotate,-0.010480769120006506,-1.3833895604324375,0.1666847108936881,1132,1090,0.8754403855060268,False
dce,partial-inliner,0.004266418394055005,0.5891725348483613,0.5558052016574623,1085,1149,0.9809315953038664,False
dce,lower-expect,0.00765780338840466,1.0192582908297736,0.3081945218740992,1101,1063,0.9302752341567484,False
dce,alignment-from-assumptions,-0.00874164888652873,-1.2294531098528905,0.21902888468395462,1150,1131,0.9085781878347714,False
dce,rpo-function-attrs,-0.005678199829528385,-0.7759148080579245,0.4378827124388688,1073,1131,0.9687293080119685,False
dce,attributor,0.0038052913171945923,1.0729349082479613,0.2834215361740401,1082,1061,0.9247897792409351,False
dce,inferattrs,0.003890195572924804,0.5435404755893751,0.5868134216259046,1067,1118,0.9874161299839842,False
dce,called-value-propagation,-0.007458372298380589,-1.0169729197425035,0.3092785538430057,1117,1077,0.9302752341567484,False
dce,licm,-0.010802059412308607,-1.3529998191490002,0.176198340677182,1073,1075,0.8754403855060268,False
dce,loop-simplify,-0.012367238838927597,-1.690910007427755,0.09099311257983479,1151,1093,0.8193681480635435,False
dce,div-rem-pairs,-0.007860494959432696,-1.054198004433992,0.2919072514387494,1104,1113,0.9279993210434955,False
dce,float2int,-4.303483012230158e-05,-0.005811775560924237,0.9953634186975259,1166,1087,0.9993802249402087,False
dce,inline,-0.007887155970682569,-1.0850502102687778,0.2780147787716055,1117,1164,0.9235076167957522,False
dce,sink,0.011993856478760223,1.6358795386201204,0.1020051863551598,1112,1132,0.8216483294072284,False
dce,loop-vectorize,-0.015229490748804753,-2.069441071398503,0.0386224529739671,1109,1070,0.7015384337019843,False
dce,slp-vectorizer,0.000791721953621094,0.10354786777054419,0.917538014935307,1097,1036,0.9942648800181039,False
dce,callsite-splitting,0.005287429482439987,0.703390367740987,0.481888463006302,1063,1096,0.9726252030341583,False
dce,dfa-jump-threading,-0.0003643717297931448,-0.04856933503674426,0.961267039797749,1063,1080,0.9959719209227359,False
dce,consthoist,0.012313827051932846,1.70322328569039,0.08866397340240567,1120,1139,0.8125947300396654,False
dce,mldst-motion,0.0015230143711192357,0.20973350804370114,0.8338947967226551,1095,1149,0.9942648800181039,False
dce,slsr,-0.009808809032287535,-1.34256148054695,0.17955085536491144,1090,1150,0.8754403855060268,False
dce,loop-interchange,0.002311343653431608,0.3010657256865958,0.7633934584501598,1077,1078,0.9942648800181039,False
dce,loop-fusion,-0.0009134653690567318,-0.12429721464350126,0.9010913593822943,1103,1092,0.9942648800181039,False
dce,loop-distribute,-0.004596331084790906,-0.640541770358545,0.5218869708549448,1134,1081,0.9774238917491724,False
dce,loop-load-elim,0.00533598091007248,0.7166973608056019,0.4736354384444394,1131,1115,0.9705521863870724,False
dce,loop-sink,0.0027220779347515434,0.37210887939628007,0.7098467976880235,1139,1115,0.9942648800181039,False
dce,loop-unroll-and-jam,0.001313583883975289,0.16888531534371742,0.8659029788173492,1099,1042,0.9942648800181039,False
dce,hotcoldsplit,0.005142725408072979,0.7010516933889869,0.4833437788142803,1107,1129,0.9726252030341583,False
dce,irce,-0.0008402995409999559,-0.11361011070493542,0.9095571996273135,1132,1084,0.9942648800181039,False
dce,nary-reassociate,-0.0016850521194283763,-0.22922579528344333,0.8187142987512147,1108,1144,0.9942648800181039,False
dce,scalarizer,-0.0055922813651744785,-0.7361397573890284,0.46172388150971944,1118,1091,0.9687293080119685,False
dce,vector-combine,-0.0034631180389780303,-0.46567898473315955,0.6414916774330118,1097,1100,0.9894955426777883,False
dce,always-inline,0.00838540415686928,1.1052903520536008,0.2691580455780983,1081,1061,0.9234272483582865,False
dce,globalsplit,0.0013535764627579105,0.1856678229710617,0.8527221429933661,1160,1077,0.9942648800181039,False
dce,lowerswitch,-0.011167087826878141,-1.4668799419338987,0.14255529407436365,1072,1094,0.8648341678559794,False
dce,early-cse-memssa,0.005416801760700696,0.8357643537150172,0.40337536833103155,1118,1156,0.9532999048788893,False
dce,simple-loop-unswitch,0.004931049212681338,0.6830929763746664,0.49461786262830465,1099,1172,0.9774238917491724,False
dce,loop-versioning,0.005224785953949929,0.6931445668274675,0.48829186661984186,1131,1085,0.9726252030341583,False
dce,loop-flatten,-0.00560113296037934,-0.7745508018848947,0.4386873595587801,1122,1112,0.9687293080119685,False
dce,loop-reroll,-0.005120471660909953,-0.6928099038401458,0.4885019206532902,1095,1109,0.9726252030341583,False
dce,loop-instsimplify,-0.009513317531527288,-1.3143986021716423,0.18885044867174344,1055,1150,0.8780001857299028,False
dce,loop-simplifycfg,0.009395506980548363,1.2586241161058729,0.20829631440889607,1076,1199,0.9064104066000374,False
dce,loop-predication,0.0014238774188273795,0.1884679151738526,0.8505271409409434,1116,1101,0.9942648800181039,False
dce,speculative-execution,-0.008772774750094914,-1.2249766339055759,0.22071278899085547,1115,1134,0.9085781878347714,False
dce,partially-inline-libcalls,-0.01208718447423801,-1.5896229289520043,0.11206698756987479,1092,1058,0.8280516210713255,False
dce,load-store-vectorizer,0.006130888226903108,0.8597965011870434,0.3899941649832808,1138,1084,0.9502022310408844,False
dce,iroutliner,-0.00112909230072894,-0.16101347337474223,0.8720970869636387,1199,1104,0.9942648800181039,False
dce,global-merge,0.0054552212687958845,0.7518221881046318,0.4522343741095317,1167,1155,0.9687293080119685,False
dce,break-crit-edges,0.01558321938252305,2.126868487033311,0.033540862294270016,1078,1150,0.6889281755959429,False
dce,unreachableblockelim,-0.0028539905722122505,-0.3847137631964507,0.7004868734753779,1109,1083,0.9942648800181039,False
adce,dse,-0.013315999215761543,-1.847344324403333,0.06482802634528567,1133,1133,0.7766609604474783,False
adce,jump-threading,0.0020033918256781025,0.2739005495230532,0.7841864694279724,1075,1166,0.9942648800181039,False
adce,loop-idiom,0.012325314546453026,1.6414839683393716,0.10084405694084925,1120,1038,0.8216483294072284,False
adce,loop-deletion,-0.0006861428038615336,-0.09395250424714924,0.9251550143140804,1166,1153,0.9942648800181039,False
adce,gvn,-0.0033298056418026856,-0.5269781592841943,0.5982619473485284,1146,1064,0.9874161299839842,False
adce,gvn-hoist,-0.009037889280546052,-1.2367238488976253,0.21632126283492104,1141,1069,0.9085781878347714,False
adce,gvn-sink,0.005449119551361625,0.7194983119274517,0.47191319278522703,1038,1086,0.9705521863870724,False
adce,newgvn,-0.00978336816816544,-1.5590853644824725,0.11911795403945162,1127,1109,0.8364330453969749,False
adce,early-cse,-0.010313514211329422,-1.4267420920166594,0.15379797737638384,1107,1069,0.8754403855060268,False
adce,mergereturn,0.009962099658633594,1.3611070982121252,0.17362386729480478,1078,1058,0.8754403855060268,False
adce,globalopt,0.0038417447931686777,0.5176022803859526,0.6047885089441897,1064,1111,0.9874161299839842,False
adce,strip-dead-prototypes,-0.004332736010554894,-0.5768866999676224,0.5640759805844257,1090,1077,0.982993549686316,False
adce,indvars,0.0020479516445300883,0.2786454779725762,0.7805423395287019,1124,1144,0.9942648800181039,False
adce,mergeicmps,0.0034592090464432568,0.4783923793294918,0.6324172508400535,1140,1122,0.9874161299839842,False
adce,separate-const-offset-from-gep,-0.010751891124068325,-1.4969056074672362,0.13456104196415403,1081,1140,0.8592403433953654,False
adce,libcalls-shrinkwrap,-0.007175881831871123,-0.9667552883392029,0.33377382960887847,1131,1054,0.9423126475181534,False
adce,flattencfg,-0.0029507942286534083,-0.40081901344151816,0.6885930037177295,1077,1086,0.9935630812669964,False
adce,loop-reduce,-0.00047833939555702587,-0.06598804012566607,0.9473931192528343,1125,1171,0.9942648800181039,False
adce,loop-unroll,0.010769313849685491,1.4541328098063697,0.14604782984527048,1153,1121,0.8660242460746667,False
adce,loop-rotate,0.00562086009768098,0.749952516084063,0.4533612045836476,1140,1129,0.9687293080119685,False
adce,partial-inliner,-0.006951113934167863,-0.9428664696345136,0.34585134062724066,1121,1111,0.9478434106605946,False
adce,lower-expect,0.006558066595600376,0.8836810433665242,0.37696474839834365,1115,1094,0.9502022310408844,False
adce,alignment-from-assumptions,0.0009646298135330689,0.12942364561262262,0.8970343911142642,1076,1105,0.9942648800181039,False
adce,rpo-function-attrs,0.006713854475590364,0.9098110030429201,0.36302341750514905,1099,1072,0.950196350047446,False
adce,attributor,-0.002241615365424221,-0.6262005648492487,0.5312471260759346,1084,1164,0.9774238917491724,False
adce,inferattrs,0.00221313131130052,0.308864643006746,0.7574543712027856,1033,1135,0.9942648800181039,False
adce,called-value-propagation,0.002260173064843052,0.30746051874841984,0.7585216245792804,1154,1088,0.9942648800181039,False
adce,licm,0.009421497181053784,1.2223293629124092,0.22171778770792858,1093,1051,0.9085781878347714,False
adce,loop-simplify,-0.0015589863596076614,-0.20981166325732004,0.8338337730421729,1134,1108,0.9942648800181039,False
adce,div-rem-pairs,0.005478293426199765,0.7462598891803974,0.45558947542954387,1083,1147,0.9687293080119685,False
adce,float2int,-0.0014828345529137588,-0.2024111934419916,0.8396135999097046,1123,1127,0.9942648800181039,False
adce,inline,0.007582396233980548,1.0279848117458255,0.3040696781884962,1131,1086,0.9301799375126703,False
adce,sink,-0.008912746550897022,-1.2076902722255138,0.22729230082973845,1132,1140,0.9110303480545094,False
adce,loop-vectorize,-0.00975802346077037,-1.329480309150181,0.1838263257537929,1128,1092,0.8754403855060268,False
adce,slp-vectorizer,0.0018147428012442735,0.2510792002023711,0.8017757429353929,1130,1128,0.9942648800181039,False
adce,callsite-splitting,0.012830133847847924,1.7428021083275007,0.08150742817820529,1128,1089,0.7920175899400792,False
adce,dfa-jump-threading,-0.018873206545935217,-2.5549602867974994,0.010688438616041315,1069,1088,0.5797578076396472,False
adce,consthoist,0.0025349576215010217,0.355666514665561,0.7221234087896601,1141,1129,0.9942648800181039,False
adce,mldst-motion,0.0016768875687422913,0.21199887427739686,0.8321285352090109,1060,1039,0.9942648800181039,False
adce,slsr,0.0055048655419261405,0.7483672362509001,0.45431651987690697,1176,1104,0.9687293080119685,False
adce,loop-interchange,-0.00445032466933698,-0.6032826981499404,0.5463841641256372,1061,1105,0.977995703783708,False
adce,loop-fusion,0.0007305446763111734,0.10046172133874301,0.9199867773558974,1109,1131,0.9942648800181039,False
adce,loop-distribute,0.016605890033558113,2.346176676008067,0.01905111964574745,1147,1168,0.636387196743859,False
adce,loop-load-elim,0.013245420132204866,1.744801041423841,0.08116081154976156,1074,1102,0.7906112886290204,False
adce,loop-sink,0.012019942677712725,1.603261877063443,0.10902415055598176,1044,1103,0.8223789962853668,False
adce,loop-unroll-and-jam,0.006034969235949483,0.8258518678555774,0.408977147849009,1104,1111,0.9579337028496454,False
adce,hotcoldsplit,0.016706398772303288,2.2743735136415535,0.023038924550099243,1092,1122,0.6583805678086954,False
adce,irce,-0.006643535709670467,-0.9027405597430832,0.3667623322385937,1117,1089,0.9502022310408844,False
adce,nary-reassociate,-0.004655384285199293,-0.6209540720615244,0.5346967860883546,1083,1035,0.9774238917491724,False
adce,scalarizer,-0.005027816660918727,-0.6621845468723905,0.5079240271543178,1066,1088,0.9774238917491724,False
adce,vector-combine,0.003594128127642704,0.4818762364946457,0.6299431486238426,1034,1118,0.9874161299839842,False
adce,always-inline,-0.0006824305882088266,-0.09370403413553688,0.9253527350859562,1112,1107,0.9942648800181039,False
adce,globalsplit,0.001445187237999579,0.1919284663574719,0.8478163522995955,1058,1101,0.9942648800181039,False
adce,lowerswitch,0.006715489665352348,0.9120123245953968,0.36186420197688857,1140,1056,0.949136111816139,False
adce,early-cse-memssa,0.01267588337593828,1.983023150484739,0.04748853933382128,1140,1083,0.7235996888375258,False
adce,simple-loop-unswitch,0.007382008188337952,0.977668182163773,0.32834513674994104,1111,1113,0.942058707247174,False
adce,loop-versioning,0.0032630858807694008,0.4310902052786275,0.6664461829334322,1058,1085,0.9917647591855995,False
adce,loop-flatten,0.01580698496919264,2.152145563335056,0.031493163170783954,1089,1138,0.6845850224753226,False
adce,loop-reroll,0.004883735768018482,0.6470614385511625,0.5176626688677155,1055,1054,0.9774238917491724,False
adce,loop-instsimplify,-0.004956785465874858,-0.6661068251234533,0.5054130540666621,1069,1126,0.9774238917491724,False
adce,loop-simplifycfg,-0.000804723151390685,-0.10911443807444525,0.9131214977842348,1120,1122,0.9942648800181039,False
adce,loop-predication,0.0009523418933953809,0.12834539881716575,0.8978871331591004,1147,1104,0.9942648800181039,False
adce,speculative-execution,-0.000384597191676328,-0.051787248574373994,0.9587029651016574,1067,1114,0.9956023600804966,False
adce,partially-inline-libcalls,-0.011012420279107038,-1.4931675761683387,0.13553495697634807,1111,1125,0.8592403433953654,False
adce,load-store-vectorizer,-0.0022777748789289953,-0.3090365942053396,0.7573223518789398,1122,1127,0.9942648800181039,False
adce,iroutliner,0.005164459791960951,0.7456159468650799,0.45597491577182464,1158,1167,0.9687293080119685,False
adce,global-merge,-0.0068787505466746945,-0.9306437996210627,0.35214136973331506,1093,1079,0.9480085994808022,False
adce,break-crit-edges,-0.0023349426812722673,-0.3217689887040755,0.7476577291835086,1149,1097,0.9942648800181039,False
adce,unreachableblockelim,0.0010417557318167514,0.1431195109884614,0.8862090857667646,1093,1079,0.9942648800181039,False
dse,jump-threading,-0.005508922316453335,-0.794032198935903,0.4272631860897519,1108,1073,0.968506982309044,False
dse,loop-idiom,-7.406038458324105e-05,-0.010429211955717535,0.9916798004947636,1090,1087,0.9993802249402087,False
dse,loop-deletion,0.0062284627452377506,0.8661849379160447,0.3864835779285468,1065,1133,0.9502022310408844,False
dse,gvn,-0.014376937893246344,-2.4979663430732404,0.01256220319372526,1155,1084,0.5918624706255822,False
dse,gvn-hoist,0.0012998963905632155,0.1767817431481031,0.8596963983099531,1087,1076,0.9942648800181039,False
dse,gvn-sink,-0.005606341254968283,-0.7923475761538202,0.42824139193096056,1156,1101,0.9687293080119685,False
dse,newgvn,-0.0067264481557797184,-1.109698764437868,0.2672497739346202,1085,1130,0.9234272483582865,False
dse,early-cse,0.008107963904938287,1.2064915534024814,0.22775440027365468,1117,1152,0.9114827910808553,False
dse,mergereturn,0.0069503292057949695,0.963292181727253,0.33550697801931506,1104,1101,0.9438544008072111,False
dse,globalopt,-0.007247639827137442,-1.005730427182206,0.31465801904459206,1080,1080,0.9359857799679167,False
dse,strip-dead-prototypes,0.0044053621637261675,0.6166700340090558,0.5375178352422564,1069,1078,0.9774238917491724,False
dse,indvars,0.004673167103227793,0.6627143950192478,0.5075844750026527,1087,1070,0.9774238917491724,False
dse,mergeicmps,-0.004632438321985566,-0.6314331433122198,0.5278274635276407,997,1090,0.9774238917491724,False
dse,separate-const-offset-from-gep,-0.005981523045368808,-0.837581548574932,0.40235620592628546,1091,1124,0.9521792315379031,False
dse,libcalls-shrinkwrap,0.0031942249762034747,0.4446637236731103,0.6566065342456789,1105,1098,0.9908078588307175,False
dse,flattencfg,-0.007534917339980796,-1.047621972675092,0.2949247474031302,1134,1130,0.9279993210434955,False
dse,loop-reduce,0.006494774684999649,0.9283900203781722,0.35330984789761305,1072,1073,0.9480085994808022,False
dse,loop-unroll,-0.007791370240201212,-1.0915490161144348,0.2751465727911957,1128,1159,0.9234272483582865,False
dse,loop-rotate,0.01474720905674759,1.9738458136276529,0.04852601413381879,1092,1085,0.7263373908614075,False
dse,partial-inliner,-0.007111207521380558,-1.0050881763560755,0.31496406149245426,1081,1151,0.9359857799679167,False
dse,lower-expect,0.002474842633620078,0.3407225520802289,0.7333455940730658,1115,1056,0.9942648800181039,False
dse,alignment-from-assumptions,-0.0009238299502571934,-0.1300674769533159,0.8965248545641178,1137,1085,0.9942648800181039,False
dse,rpo-function-attrs,-0.011120035657487648,-1.5481714236611348,0.12172386845412778,1112,1107,0.8417570075843506,False
dse,attributor,-0.0002488902436804663,-0.06897322586115931,0.9450169794350524,1195,1090,0.9942648800181039,False
dse,inferattrs,-0.0005423626548695659,-0.07784369397104644,0.9379594866531454,1079,1126,0.9942648800181039,False
dse,called-value-propagation,0.0021314789777379106,0.29490786738733193,0.7680921076943616,1081,1125,0.9942648800181039,False
dse,licm,-0.005854516772997254,-0.8322371562750471,0.40536437321508917,1117,1116,0.9539704840807026,False
dse,loop-simplify,-0.0051430746798803995,-0.7323654929714515,0.46402270347898866,1086,1156,0.9687293080119685,False
dse,div-rem-pairs,0.0025206265123118854,0.3495586166928782,0.7267029970913507,1111,1120,0.9942648800181039,False
dse,float2int,-0.0022013831005455176,-0.30818102263795355,0.7579731589542645,1146,1104,0.9942648800181039,False
dse,inline,-0.0135337166604233,-1.9066014697947973,0.05670062909783775,1125,1108,0.7645869859194492,False
dse,sink,-0.0075982881579548245,-1.0512931594327168,0.29324119770066714,1113,1056,0.9279993210434955,False
dse,loop-vectorize,-0.012324822002709013,-1.6992650183200355,0.08941109555199922,1124,1071,0.8125947300396654,False
dse,slp-vectorizer,0.01250171911366077,1.7665441705444271,0.07744177804594504,1111,1120,0.7893264998405759,False
dse,callsite-splitting,0.0028972349694051935,0.40417321940192935,0.6861250598595853,1118,1061,0.9935462622399623,False
dse,dfa-jump-threading,0.008770122923816459,1.2412124339715502,0.2146569004797549,1121,1127,0.9085781878347714,False
dse,consthoist,0.0031452974703249925,0.4497430101119241,0.6529396338443905,1156,1088,0.9894955426777883,False
dse,mldst-motion,-0.013209203441758188,-1.8237571867585298,0.06832282112283382,1114,1115,0.7840748251100543,False
dse,slsr,0.00978804242862974,1.3564175419071183,0.17510517112121862,1075,1147,0.8754403855060268,False
dse,loop-interchange,-0.009423270931235739,-1.324593649726813,0.1854470558021057,1054,1105,0.8754403855060268,False
dse,loop-fusion,-0.007046145858401187,-1.022916682901819,0.30645701017830307,1119,1141,0.9302752341567484,False
dse,loop-distribute,0.006752655123836604,0.9269532871974179,0.35405278731461504,1096,1101,0.9480085994808022,False
dse,loop-load-elim,0.008109530956797895,1.1156220679963182,0.26470802854049297,1085,1079,0.922998223890889,False
dse,loop-sink,0.00889039818187115,1.2618508049475394,0.20713274158318262,1145,1118,0.9052810446872134,False
dse,loop-unroll-and-jam,-0.008882458178865016,-1.222652321104939,0.22159486459022593,1070,1085,0.9085781878347714,False
dse,hotcoldsplit,0.001556466366033793,0.2084836803519489,0.8348708901676866,1077,1095,0.9942648800181039,False
dse,irce,-0.0041358986462788905,-0.5663772153287745,0.571195387494083,1124,1076,0.9864438552715771,False
dse,nary-reassociate,-0.0011759138651910583,-0.16665620235162418,0.8676558289811667,1106,1104,0.9942648800181039,False
dse,scalarizer,-0.0003948271408233395,-0.054706294255811035,0.9563774409112916,1093,1105,0.9947233032787923,False
dse,vector-combine,-0.0029295788639124853,-0.40627470336934385,0.6845808790265249,1095,1075,0.9935462622399623,False
dse,always-inline,0.0026822095943679902,0.37531345893810997,0.7074634807026307,1086,1128,0.9942648800181039,False
dse,globalsplit,-0.005301554785200946,-0.731831739423561,0.46434975819308744,1095,1094,0.9687293080119685,False
dse,lowerswitch,-0.0001246733994894611,-0.01726415591299919,0.9862274509042339,1062,1137,0.9993802249402087,False
dse,early-cse-memssa,0.004078124290033958,0.6723608570815752,0.5014253855537478,1115,1065,0.9774238917491724,False
dse,simple-loop-unswitch,0.005630628598953968,0.7967877204884813,0.42565798541416294,1128,1135,0.9681527028295874,False
dse,loop-versioning,0.0020602049639327213,0.28549132443425423,0.7752951181786767,1079,1085,0.9942648800181039,False
dse,loop-flatten,0.004202879054469144,0.6066124429842707,0.544168624457504,1139,1140,0.977995703783708,False
dse,loop-reroll,0.00788894420694436,1.0765347793335447,0.2818093355082303,1056,1089,0.9244095086149083,False
dse,loop-instsimplify,-0.005359602342026426,-0.7672643879327719,0.44300595143227695,1082,1157,0.9687293080119685,False
dse,loop-simplifycfg,-0.001916239140792031,-0.26620096349549127,0.7901096559759543,1076,1104,0.9942648800181039,False
dse,loop-predication,-0.006797306225143074,-0.9357076946032565,0.3495279091932918,1112,1060,0.947888706648844,False
dse,speculative-execution,-0.00388998847918387,-0.5413856030265956,0.5882968657870584,1113,1082,0.9874161299839842,False
dse,partially-inline-libcalls,-0.010583254022149102,-1.502705272343709,0.13306224012174667,1100,1048,0.8591664186373942,False
dse,load-store-vectorizer,-0.00270681840703485,-0.3860742581868394,0.6994772387808372,1151,1161,0.9942648800181039,False
dse,iroutliner,0.0020849837041755914,0.30592888662883033,0.7596879358929782,1083,1108,0.9942648800181039,False
dse,global-merge,0.006341118176400984,0.9060771295811381,0.3649925838337751,1086,1154,0.950196350047446,False
dse,break-crit-edges,-0.018680485011471626,-2.5458692722630545,0.01097043500821623,1070,1075,0.5805435607050643,False
dse,unreachableblockelim,-0.016703629143556165,-2.3759696964130774,0.017588858602878094,1117,1065,0.609539560078501,False
jump-threading,loop-idiom,0.0020415982147666267,0.2850671425571483,0.7756199124011184,1092,1080,0.9942648800181039,False
jump-threading,loop-deletion,0.0021269423947283816,0.2936351261969106,0.7690646246609184,1129,1072,0.9942648800181039,False
jump-threading,gvn,0.0024777541179051843,0.40266921992726884,0.6872301420602369,1109,1125,0.9935462622399623,False
jump-threading,gvn-hoist,0.006687355914614945,0.9458965368588429,0.34430685190480076,1078,1091,0.9478434106605946,False
jump-threading,gvn-sink,0.01842205912468725,2.516796140375767,0.011916071703203617,1062,1059,0.5918624706255822,False
jump-threading,newgvn,0.0011149660826743624,0.1803484409974089,0.8568961286610409,1087,1058,0.9942648800181039,False
jump-threading,early-cse,-0.0005306111982834594,-0.0763093305772724,0.9391799814090266,1079,1129,0.9942648800181039,False
jump-threading,mergereturn,0.010539362352359749,1.4649879122976224,0.14306738058281948,1061,1145,0.8648341678559794,False
jump-threading,globalopt,-0.0011280895171348893,-0.1585171090887628,0.8740638428693607,1090,1119,0.9942648800181039,False
jump-threading,strip-dead-prototypes,0.007843933970131778,1.0589331804357152,0.2897465126100319,1091,1116,0.9279993210434955,False
jump-threading,indvars,0.001184342078332623,0.1662196766856751,0.8679990578983069,1147,1108,0.9942648800181039,False
jump-threading,mergeicmps,0.006108717020780585,0.8452554920855679,0.3980646024772594,1058,1043,0.9502022310408844,False
jump-threading,separate-const-offset-from-gep,0.015878992261255775,2.196413376538115,0.028165006116539697,1084,1150,0.6747592491680215,False
jump-threading,libcalls-shrinkwrap,-0.0033339087817435,-0.4803103636004819,0.6310529197050496,1157,1123,0.9874161299839842,False
jump-threading,flattencfg,3.530860877154485e-05,0.004861590745589388,0.9961214729368422,1096,1081,0.9993802249402087,False
jump-threading,loop-reduce,-0.0004760792028619121,-0.06815931654170092,0.9456647478309105,1183,1123,0.9942648800181039,False
jump-threading,loop-unroll,-0.007744426338701649,-1.0716942626244346,0.28397734077053277,1084,1074,0.9247897792409351,False
jump-threading,loop-rotate,-0.0036486044029807596,-0.4855360473636206,0.6273459138811524,1062,1078,0.9874161299839842,False
jump-threading,partial-inliner,-0.00543684354470958,-0.7210346767141634,0.47096921459647895,1000,1109,0.9705521863870724,False
jump-threading,lower-expect,-0.005278316982693487,-0.7303990955444795,0.4652225854121479,1172,1080,0.9687293080119685,False
jump-threading,alignment-from-assumptions,0.0016294541384497263,0.22246416943419384,0.8239734728121623,1090,1085,0.9942648800181039,False
jump-threading,rpo-function-attrs,2.0842858720671043e-05,0.0028250534640978367,0.9977461979584622,1109,1048,0.9993802249402087,False
jump-threading,attributor,5.267647445184043e-05,0.015791443239466223,0.9874021877443313,1117,1116,0.9993802249402087,False
jump-threading,inferattrs,0.009461027733824567,1.3630208319673236,0.17301600704822137,1101,1094,0.8754403855060268,False
jump-threading,called-value-propagation,-0.008398268657338004,-1.2052781323074402,0.2282223479392313,1099,1175,0.9119578719694181,False
jump-threading,licm,-0.0012098641382710662,-0.15662303283413667,0.8755569829569295,1049,1058,0.9942648800181039,False
jump-threading,loop-simplify,-0.014650918724774808,-2.020317362301886,0.04347489537936726,1090,1051,0.7108785336882624,False
jump-threading,div-rem-pairs,0.011543008755345696,1.6134433964951171,0.10679425958315465,1065,1098,0.8216483294072284,False
jump-threading,float2int,0.014360861196622166,1.9757353958634984,0.0483117033954625,1097,1073,0.7263373908614075,False
jump-threading,inline,0.011308298494627167,1.572211132682585,0.11604749278957043,1069,1102,0.836071742987333,False
jump-threading,sink,-0.0008502851255033916,-0.1158537055603659,0.9077790772584986,1073,1132,0.9942648800181039,False
jump-threading,loop-vectorize,-0.01599592691351076,-2.2788209296346755,0.02277393370687189,1071,1128,0.6583805678086954,False
jump-threading,slp-vectorizer,-0.006803680352610697,-0.9457735626189514,0.34436788508360766,1073,1137,0.9478434106605946,False
jump-threading,callsite-splitting,0.014073681156110018,1.926875202033598,0.05412197120357182,1074,1161,0.7515660965715859,False
jump-threading,dfa-jump-threading,0.00198718989987684,0.27312360745817144,0.7847835639459158,1152,1078,0.9942648800181039,False
jump-threading,consthoist,-0.005678708514619657,-0.7897582397687687,0.4297540365271347,1079,1129,0.9687293080119685,False
jump-threading,mldst-motion,0.005159500388397409,0.7128594758983281,0.4760075361751672,1096,1129,0.9705521863870724,False
jump-threading,slsr,-0.008686020253530713,-1.200880466915648,0.22992479991183074,1140,1098,0.9121894118219415,False
jump-threading,loop-interchange,-0.010460686921245466,-1.4688877627415267,0.14200168720089842,1147,1127,0.8648341678559794,False
jump-threading,loop-fusion,0.006992030653552583,0.9980114537901891,0.3183802252480163,1170,1111,0.9373396474768672,False
jump-threading,loop-distribute,-0.0074646560558886965,-1.0411071799095992,0.297937271698975,1154,1106,0.9300834221864764,False
jump-threading,loop-load-elim,-0.009174075417188454,-1.264882734251692,0.2060502147929672,1059,1105,0.9033393906863824,False
jump-threading,loop-sink,-0.015345911642190013,-2.1048968633440026,0.03541512230654408,1070,1101,0.6968577611639679,False
jump-threading,loop-unroll-and-jam,-0.01141738441011847,-1.6270625786213986,0.10386234065204795,1163,1114,0.8216483294072284,False
jump-threading,hotcoldsplit,-0.0108856279908352,-1.5133947346117655,0.13031828352376398,1159,1119,0.8591664186373942,False
jump-threading,irce,0.0035492188674645653,0.4977642910603068,0.6186993211762812,1145,1094,0.9874161299839842,False
jump-threading,nary-reassociate,0.0019527552399746795,0.275413869149495,0.7830236125349469,1107,1143,0.9942648800181039,False
jump-threading,scalarizer,-0.007719096254666935,-1.039797280318531,0.29854822821460697,1098,1111,0.9300834221864764,False
jump-threading,vector-combine,0.008395238257091764,1.152496896306006,0.24924183310176182,1089,1121,0.9195460358483637,False
jump-threading,always-inline,-0.00026817164080772393,-0.03696302779285666,0.9705178716819154,1124,1062,0.9989389762895776,False
jump-threading,globalsplit,0.006802504800794695,0.9562239699405288,0.3390662064373701,1098,1062,0.9456065929908201,False
jump-threading,lowerswitch,-0.0031376991343037286,-0.426243324098088,0.6699732845817338,1094,1057,0.9924421532503569,False
jump-threading,early-cse-memssa,0.012390184107714974,1.9325106179704972,0.05342805646160597,1081,1072,0.7471468075780253,False
jump-threading,simple-loop-unswitch,0.007347563630989595,1.014851143769401,0.3102853661514048,1138,1127,0.9303809294402,False
jump-threading,loop-versioning,-0.012395687870031868,-1.727855222307049,0.08415320748532086,1143,1081,0.8024019734681417,False
jump-threading,loop-flatten,4.675547079119324e-05,0.006596900120465771,0.9947370705416022,1104,1102,0.9993802249402087,False
jump-threading,loop-reroll,-0.0026969298244526874,-0.3780816526885917,0.705406513702805,1094,1102,0.9942648800181039,False
jump-threading,loop-instsimplify,-0.00033437558868926187,-0.04525584369670251,0.9639075965207315,1089,1060,0.9971659119947306,False
jump-threading,loop-simplifycfg,-0.006086778411933336,-0.8533213667522476,0.393573357432308,1092,1132,0.9502022310408844,False
jump-threading,loop-predication,-0.014530979402514022,-2.0446096138363257,0.04101189699724447,1094,1119,0.7108785336882624,False
jump-threading,speculative-execution,-0.0011943476164665845,-0.1652501544067549,0.86876250858685,1053,1127,0.9942648800181039,False
jump-threading,partially-inline-libcalls,0.0012840832248424139,0.17873041757368596,0.8581654869836657,1141,1110,0.9942648800181039,False
jump-threading,load-store-vectorizer,-0.000512075515510857,-0.07026327556192898,0.9439908378138239,1047,1044,0.9942648800181039,False
jump-threading,iroutliner,-0.013968232755005694,-2.032950782331743,0.042176213558524765,1102,1125,0.7108785336882624,False
jump-threading,global-merge,-0.0037432583023599975,-0.5178550716540072,0.6046130869034039,1027,1139,0.9874161299839842,False
jump-threading,break-crit-edges,0.0008155180484075708,0.11348538038754938,0.909656078357804,1102,1107,0.9942648800181039,False
jump-threading,unreachableblockelim,0.0060171278106769255,0.8412880297814096,0.40027905294095173,1077,1104,0.9502022310408844,False
loop-idiom,loop-deletion,0.008160755855945445,1.0817173597981105,0.2794963509174585,1104,1105,0.9236351984749093,False
loop-idiom,gvn,-0.010549675512069201,-1.6792473268217245,0.09324310075680378,1128,1119,0.8216483294072284,False
loop-idiom,gvn-hoist,0.00856942320939802,1.1486669846053392,0.2508215346606414,1052,1093,0.9195460358483637,False
loop-idiom,gvn-sink,-0.002934769272426363,-0.3940798630203704,0.6935598913906863,1102,1124,0.9942648800181039,False
loop-idiom,newgvn,-0.013094016306645362,-2.100266786711335,0.03581559744302546,1173,1103,0.6977804954571528,False
loop-idiom,early-cse,-0.0033682464478551055,-0.46877932050747645,0.6392739303962035,1098,1100,0.9894955426777883,False
loop-idiom,mergereturn,0.00788800485986002,1.0789344877391491,0.28073313220361606,1112,1130,0.9244095086149083,False
loop-idiom,globalopt,-0.0013095403089690705,-0.17918834744381024,0.8578062252699845,1095,1122,0.9942648800181039,False
loop-idiom,strip-dead-prototypes,0.00028386090855891943,0.03839181514879768,0.9693788200465719,1106,1075,0.9989389762895776,False
loop-idiom,indvars,-0.00107259563641654,-0.14590562780502284,0.8840097562583784,1035,1102,0.9942648800181039,False
loop-idiom,mergeicmps,-0.0015315678729314053,-0.20286860508211238,0.839257175334742,1060,1065,0.9942648800181039,False
loop-idiom,separate-const-offset-from-gep,-0.019322418697986954,-2.551099883215672,0.01080753829358893,1072,1071,0.5797578076396472,False
loop-idiom,libcalls-shrinkwrap,-0.0027428529799201073,-0.36473815278774796,0.7153419363376249,1108,1094,0.9942648800181039,False
loop-idiom,flattencfg,-0.005280718629052161,-0.7037660049664601,0.48165457951265517,1082,1074,0.9726252030341583,False
loop-idiom,loop-reduce,0.01108433298028244,1.4997744111815017,0.1338197056836673,1093,1062,0.8592403433953654,False
loop-idiom,loop-unroll,-0.006971014538601217,-0.938008471395104,0.34834301007675283,1096,1111,0.947888706648844,False
loop-idiom,loop-rotate,0.0015939981124409308,0.20386345272251075,0.838479654422748,1080,1055,0.9942648800181039,False
loop-idiom,partial-inliner,0.011358718726681594,1.5374740048726483,0.12432224519778663,1124,1068,0.8466885429470129,False
loop-idiom,lower-expect,0.0006378517933082195,0.08598972549655888,0.9314825150696205,1076,1097,0.9942648800181039,False
loop-idiom,alignment-from-assumptions,-0.005577241101925423,-0.7473292995710396,0.45494659088585054,1088,1063,0.9687293080119685,False
loop-idiom,rpo-function-attrs,-0.009708701508857553,-1.3253657275313624,0.18518463961150142,1137,1114,0.8754403855060268,False
loop-idiom,attributor,-0.0065612212839418205,-1.780229423409685,0.07517908878313895,1113,1047,0.7840748251100543,False
loop-idiom,inferattrs,-0.0008809937488547526,-0.12595808741569878,0.8997768188770335,1113,1062,0.9942648800181039,False
loop-idiom,called-value-propagation,-0.01054619773497012,-1.452069527055645,0.14662259324502144,1152,1088,0.8660242460746667,False
loop-idiom,licm,-0.0027829024043136696,-0.3624793280356756,0.7170286510578578,1087,1120,0.9942648800181039,False
loop-idiom,loop-simplify,0.002069988919451593,0.28827045369505355,0.7731669447403228,1143,1067,0.9942648800181039,False
loop-idiom,div-rem-pairs,-0.005014452204757658,-0.6666709159464497,0.505054207738654,1081,1063,0.9774238917491724,False
loop-idiom,float2int,0.011350974642216183,1.5019724831853332,0.13324945123436444,1105,1080,0.8591664186373942,False
loop-idiom,inline,0.001252964706807358,0.1674271590715673,0.8670497397136003,1074,1073,0.9942648800181039,False
loop-idiom,sink,0.007479304265258446,1.0135114225091508,0.3109258474706496,1111,1122,0.9308758552714556,False
loop-idiom,loop-vectorize,0.01368653477871462,1.8502482046288182,0.06441660208362882,1050,1076,0.7761705038753552,False
loop-idiom,slp-vectorizer,0.007398452649328702,0.9969812526113684,0.31888687867033044,1051,1081,0.9373396474768672,False
loop-idiom,callsite-splitting,-0.00891445014153297,-1.2222388452814168,0.2217462014462593,1129,1110,0.9085781878347714,False
loop-idiom,dfa-jump-threading,-0.01322013582946091,-1.831538671484017,0.06715270097154684,1094,1174,0.7840748251100543,False
loop-idiom,consthoist,-0.0014243497546933548,-0.1956726639397784,0.8448842012586476,1134,1099,0.9942648800181039,False
loop-idiom,mldst-motion,-0.0032560932480252824,-0.42877648961928444,0.6681286346928814,1054,1118,0.9918088451316617,False
loop-idiom,slsr,-0.011931557766150236,-1.6257964389328183,0.10413690595328343,1100,1094,0.8216483294072284,False
loop-idiom,loop-interchange,0.017502842415324626,2.340703384127136,0.019338630340275595,1111,1060,0.636387196743859,False
loop-idiom,loop-fusion,0.005328274717115999,0.7156641582722384,0.47427552295245384,1084,1096,0.9705521863870724,False
loop-idiom,loop-distribute,0.011436784125466282,1.5183496884292678,0.12907679477848572,1043,1064,0.855270267940017,False
loop-idiom,loop-load-elim,-0.012476360691978494,-1.7274960439560072,0.08421532459024673,1144,1117,0.8024019734681417,False
loop-idiom,loop-sink,0.00963516416750787,1.3129695351831938,0.18932610562275978,1145,1127,0.8780001857299028,False
loop-idiom,loop-unroll-and-jam,0.0075896964060716,1.0210805992183472,0.3073298096282851,1104,1080,0.9302752341567484,False
loop-idiom,hotcoldsplit,-0.00307169744191238,-0.40799076447767024,0.6833211117262827,1071,1080,0.9933243197125733,False
loop-idiom,irce,0.0018960607490342007,0.2592756169801001,0.7954464732896374,1131,1106,0.9942648800181039,False
loop-idiom,nary-reassociate,0.0029847684478157555,0.40410086112914945,0.6861791923755037,1055,1074,0.9935462622399623,False
loop-idiom,scalarizer,0.0040765371987246946,0.5448291160055527,0.5859258750134612,1112,1107,0.9874161299839842,False
loop-idiom,vector-combine,-0.008585883101057956,-1.1736652248032349,0.24065740126709534,1122,1063,0.9167285287950414,False
loop-idiom,always-inline,-0.004758051082049797,-0.6473973672673815,0.5174414972833361,1120,1110,0.9774238917491724,False
loop-idiom,globalsplit,-0.004718707006471146,-0.6187279118978835,0.5361634120329204,1061,1022,0.9774238917491724,False
loop-idiom,lowerswitch,0.0022858963398718624,0.3114393994091746,0.7554963486097485,1101,1084,0.9942648800181039,False
loop-idiom,early-cse-memssa,0.00687339035697504,1.0494066803143272,0.2941065490655402,1043,1174,0.9279993210434955,False
loop-idiom,simple-loop-unswitch,0.003969219557346304,0.5472915346052626,0.5842345245805719,1108,1079,0.9874161299839842,False
loop-idiom,loop-versioning,0.003398423703767861,0.46607486366742046,0.641207354224369,1181,1083,0.9894955426777883,False
loop-idiom,loop-flatten,0.0005317769621812074,0.07128273075139475,0.9431790775904414,1116,1140,0.9942648800181039,False
loop-idiom,loop-reroll,0.006153496198289199,0.8417713850107267,0.40000603353602576,1117,1119,0.9502022310408844,False
loop-idiom,loop-instsimplify,0.012564727187594826,1.7467230073543447,0.08082006655172942,1125,1157,0.7906112886290204,False
loop-idiom,loop-simplifycfg,0.005176626614733948,0.712849614358117,0.4760123895528381,1149,1116,0.9705521863870724,False
loop-idiom,loop-predication,-0.0005638249728764366,-0.07558521184248343,0.9397561566869175,1055,1091,0.9942648800181039,False
loop-idiom,speculative-execution,0.005336921354678559,0.7272988539160601,0.46712114907069485,1078,1100,0.9705521863870724,False
loop-idiom,partially-inline-libcalls,0.020376769093197022,2.6490841443697604,0.008130046195632071,1047,1107,0.5230915505156455,False
loop-idiom,load-store-vectorizer,-0.00042458105037473937,-0.05676244868676635,0.9547395768281735,1115,1090,0.9942648800181039,False
loop-idiom,iroutliner,-0.00632807585405859,-0.8973092509129481,0.3696493487572028,1147,1121,0.9502022310408844,False
loop-idiom,global-merge,-0.01572108517370674,-2.1744281715910785,0.029777278158496512,1126,1129,0.6845850224753226,False
loop-idiom,break-crit-edges,0.010331458892503698,1.3838885506114067,0.1665319289713485,1080,1142,0.8754403855060268,False
loop-idiom,unreachableblockelim,0.001446669445836657,0.19359905989898402,0.8465074030520133,1118,1122,0.9942648800181039,False
loop-deletion,gvn,0.00605503429231935,0.9766448458828382,0.3288494180781715,1140,1135,0.942058707247174,False
loop-deletion,gvn-hoist,-0.002536972971933893,-0.341579887419778,0.732699178037747,1123,1115,0.9942648800181039,False
loop-deletion,gvn-sink,-0.013660129425864864,-1.8513444824232512,0.06425295566948251,1131,1088,0.7761705038753552,False
loop-deletion,newgvn,-0.006653341990770334,-1.0633243445414924,0.28775124659134094,1143,1072,0.9279993210434955,False
loop-deletion,early-cse,-0.0007176974572301043,-0.10101363802360083,0.9195489059028792,1114,1073,0.9942648800181039,False
loop-deletion,mergereturn,-0.007787331888757798,-1.0612161495133223,0.2887100992489296,1110,1057,0.9279993210434955,False
loop-deletion,globalopt,0.005429982359248076,0.7585499110824191,0.4482018660382886,1120,1116,0.9687293080119685,False
loop-deletion,strip-dead-prototypes,-0.001904609173825289,-0.2592997033438808,0.7954285966359875,1049,1134,0.9942648800181039,False
loop-deletion,indvars,0.0020363179620063177,0.2831292839404283,0.7771030271568695,1188,1142,0.9942648800181039,False
loop-deletion,mergeicmps,-0.008249235221481521,-1.1179094498217348,0.26373086985191924,1087,1061,0.922998223890889,False
loop-deletion,separate-const-offset-from-gep,0.006250910307640856,0.8684475239805807,0.3852423506432416,1108,1138,0.9502022310408844,False
loop-deletion,libcalls-shrinkwrap,0.0019321382187195146,0.2564930390289798,0.7975939558011186,1114,1105,0.9942648800181039,False
loop-deletion,flattencfg,0.003024632601649424,0.40343011511614746,0.6866722779762735,1080,1057,0.9935462622399623,False
loop-deletion,loop-reduce,0.0015524628208871127,0.20832391714119436,0.834996184575124,1090,1031,0.9942648800181039,False
loop-deletion,loop-unroll,0.009461844261588415,1.274557134008935,0.20259945789417141,1112,1110,0.8981358537170332,False
loop-deletion,loop-rotate,-0.018324595395889764,-2.467285348585849,0.013690336778252323,1084,1109,0.5918624706255822,False
loop-deletion,partial-inliner,-0.004403724890476746,-0.5815721494794912,0.560916335324509,1042,1114,0.9815421859157658,False
loop-deletion,lower-expect,-0.0026235791805026,-0.3565438844205328,0.7214678977228423,1133,1052,0.9942648800181039,False
loop-deletion,alignment-from-assumptions,-0.003345376135067357,-0.4537425169747795,0.6500591668480025,1081,1113,0.9894955426777883,False
loop-deletion,rpo-function-attrs,-0.00957308004474794,-1.2968309696451021,0.19482321922340695,1139,1099,0.8839028520228416,False
loop-deletion,attributor,0.005342854115061801,1.397878639430381,0.16228798150187265,1108,1140,0.8754403855060268,False
loop-deletion,inferattrs,0.013993054215700684,1.9366579528679073,0.05291847543590937,1053,1093,0.7471468075780253,False
loop-deletion,called-value-propagation,0.011535528461972921,1.544545011101484,0.12260339374528978,1070,1084,0.8417570075843506,False
loop-deletion,licm,0.004972874837482488,0.6549169636780602,0.512589116561839,1142,1089,0.9774238917491724,False
loop-deletion,loop-simplify,-0.011844874309859643,-1.6337408365863197,0.10245144951862434,1153,1128,0.8216483294072284,False
loop-deletion,div-rem-pairs,-0.005166802016890459,-0.6985825870284427,0.4848866857065854,1125,1081,0.9726252030341583,False
loop-deletion,float2int,0.008881049507711014,1.2198752921856921,0.22264362487321882,1103,1092,0.9085781878347714,False
loop-deletion,inline,0.00565281979982335,0.7478715494820402,0.4546196304395414,1074,1076,0.9687293080119685,False
loop-deletion,sink,-0.005929301169019852,-0.7953954897718701,0.4264717600564449,1066,1075,0.9681527028295874,False
loop-deletion,loop-vectorize,-0.011848627252478316,-1.6458373636419188,0.0999359894523933,1142,1125,0.8216483294072284,False
loop-deletion,slp-vectorizer,0.001231187291966862,0.16765994150925498,0.8668662851656985,1094,1099,0.9942648800181039,False
loop-deletion,callsite-splitting,0.004388682359869889,0.589709448050517,0.5554471749180211,1118,1058,0.9809315953038664,False
loop-deletion,dfa-jump-threading,-0.007462237505371561,-1.0033686919522435,0.3157959826402716,1061,1097,0.9368614151661391,False
loop-deletion,consthoist,-0.007948201359218032,-1.0579246065200008,0.2902053883263158,1109,1105,0.9279993210434955,False
loop-deletion,mldst-motion,0.0017757893809259295,0.2328624610551676,0.8158911275008425,1047,1039,0.9942648800181039,False
loop-deletion,slsr,0.0006696312897012668,0.09149083290486365,0.927110846352087,1093,1134,0.9942648800181039,False
loop-deletion,loop-interchange,-0.0011677094395051157,-0.15876554509325078,0.8738679191350676,1133,1113,0.9942648800181039,False
loop-deletion,loop-fusion,0.0018581961913741174,0.253673983929548,0.7997712194232527,1065,1132,0.9942648800181039,False
loop-deletion,loop-distribute,-0.0007912804939265716,-0.10474953089162813,0.9165844405284467,1068,1060,0.9942648800181039,False
loop-deletion,loop-load-elim,0.00684380413487401,0.9418622269639525,0.34636463755242874,1137,1108,0.9478434106605946,False
loop-deletion,loop-sink,-0.00888569911870285,-1.2134884402680428,0.2250749612266494,1092,1084,0.9085781878347714,False
loop-deletion,loop-unroll-and-jam,-0.017711385734448415,-2.4093094907885737,0.01606477583905701,1095,1103,0.5934873791108232,False
loop-deletion,hotcoldsplit,-0.0028852878090621092,-0.3927110271563451,0.6945692855764223,1137,1167,0.9942648800181039,False
loop-deletion,irce,-0.012268305691037817,-1.6770625820243983,0.09367528700776745,1107,1050,0.8216483294072284,False
loop-deletion,nary-reassociate,0.0020612467099792586,0.2742152261716578,0.7839450072256376,1066,1151,0.9942648800181039,False
loop-deletion,scalarizer,0.005075898501775145,0.6500469065612328,0.5157327466160281,1067,1050,0.9774238917491724,False
loop-deletion,vector-combine,-0.010564338491182712,-1.4468421360504684,0.14808320097683372,1119,1090,0.8707909217546868,False
loop-deletion,always-inline,-0.001576963549286492,-0.2121184498110782,0.832034617051269,1083,1082,0.9942648800181039,False
loop-deletion,globalsplit,0.009563531600925712,1.3071726261824945,0.19128967227151203,1130,1089,0.8780001857299028,False
loop-deletion,lowerswitch,0.0014189357355690047,0.19251706899726104,0.8473549958830172,1102,1099,0.9942648800181039,False
loop-deletion,early-cse-memssa,-0.0004162030958422269,-0.06078493543600784,0.9515364346761189,1016,1038,0.9942648800181039,False
loop-deletion,simple-loop-unswitch,-0.004601257256316549,-0.6177714782535607,0.5367906196527216,1091,1090,0.9774238917491724,False
loop-deletion,loop-versioning,-0.0017969781671904883,-0.23485330448980843,0.8143450906442916,1060,1085,0.9942648800181039,False
loop-deletion,loop-flatten,0.007786944444243493,1.054607989234041,0.29172012730588603,1126,1087,0.9279993210434955,False
loop-deletion,loop-reroll,0.005468672689387888,0.7497804173575546,0.4534675755184747,1088,1102,0.9687293080119685,False
loop-deletion,loop-instsimplify,0.001729151704864762,0.23337721812139017,0.8154899642354494,1138,1093,0.9942648800181039,False
loop-deletion,loop-simplifycfg,0.0013359878263375369,0.18446471101213535,0.8536653859477666,1128,1144,0.9942648800181039,False
loop-deletion,loop-predication,-0.004978561858932751,-0.6782495449266644,0.49768387358373206,1107,1125,0.9774238917491724,False
loop-deletion,speculative-execution,0.015567330511878419,2.1029200798901337,0.03559028402267456,1106,1046,0.6968577611639679,False
loop-deletion,partially-inline-libcalls,0.02177345757225141,2.965836881039195,0.0030511578886750716,1116,1094,0.29870835730128953,False
loop-deletion,load-store-vectorizer,-0.001682428644074363,-0.22766115812116702,0.8199302842045694,1132,1128,0.9942648800181039,False
loop-deletion,iroutliner,-0.00027781345456523443,-0.04011038448587198,0.9680087170115587,1132,1101,0.9983466251823186,False
loop-deletion,global-merge,0.0011170207891682549,0.15108628860814835,0.8799218634728103,1046,1103,0.9942648800181039,False
loop-deletion,break-crit-edges,-0.0059200564732102,-0.7977491691585641,0.4251032764216285,1056,1126,0.9681527028295874,False
loop-deletion,unreachableblockelim,0.002754041944737662,0.3840003958962036,0.701013636389392,1138,1176,0.9942648800181039,False
gvn,gvn-hoist,-0.017335172479707006,-2.781694470162601,0.005453031444690173,1121,1125,0.4270814227481344,False
gvn,gvn-sink,0.004279577483211172,0.6589335885352624,0.510008838153608,1069,1091,0.9774238917491724,False
gvn,newgvn,0.00892608510312054,1.414242827300772,0.15743133091830538,1109,1107,0.8754403855060268,False
gvn,early-cse,-0.0011311761431501144,-0.1752567244871756,0.8608941011190324,1100,1094,0.9942648800181039,False
gvn,mergereturn,0.0010241168587397653,0.1640158340123089,0.8697335563400969,1116,1114,0.9942648800181039,False
gvn,globalopt,0.005243286324874086,0.8219814401178246,0.4111762129206156,1114,1101,0.9601467202129582,False
gvn,strip-dead-prototypes,-0.009095739115532353,-1.4267498614073582,0.15379302455562455,1104,1112,0.8754403855060268,False
gvn,indvars,-0.01012346461070912,-1.65637110575356,0.0977853165914397,1157,1113,0.8216483294072284,False
gvn,mergeicmps,-0.0016188744551752787,-0.24532348415619998,0.8062298683063871,1090,1024,0.9942648800181039,False
gvn,separate-const-offset-from-gep,0.0001466111983057794,0.023597431660831312,0.9811758986482266,1068,1096,0.9993802249402087,False
gvn,libcalls-shrinkwrap,0.006284122502395628,1.0077147367690085,0.31370268486308805,1060,1140,0.9356128818917386,False
gvn,flattencfg,0.009652637902550387,1.5202142646108967,0.128603076948052,1105,1070,0.8550422586271765,False
gvn,loop-reduce,-0.01704669363904765,-2.764455219095222,0.0057480027714352,1159,1109,0.44135644809686747,False
gvn,loop-unroll,0.0017654418341059297,0.2759697563050603,0.7825971721609726,1101,1105,0.9942648800181039,False
gvn,loop-rotate,0.0005007370117440235,0.07788011124441788,0.9379305198184922,1074,1123,0.9942648800181039,False
gvn,partial-inliner,-0.016750341594078955,-2.6415872861877734,0.008310656377737017,1105,1089,0.5249117802454542,False
gvn,lower-expect,-0.0008513651552542467,-0.13385546989075278,0.8935292411038531,1126,1060,0.9942648800181039,False
gvn,alignment-from-assumptions,-0.006327228053708833,-1.015140472839929,0.3101505011810009,1103,1099,0.9303809294402,False
gvn,rpo-function-attrs,-0.00030088482320012044,-0.047466857913252135,0.9621454997065142,1078,1107,0.9959719209227359,False
gvn,attributor,0.017374930889475892,5.15604471757362,2.7393155724303107e-07,1118,1165,7.151439854424731e-05,True
gvn,inferattrs,-0.02845583543998237,-5.164729749579145,2.6421023259334923e-07,1071,1063,7.151439854424731e-05,True
gvn,called-value-propagation,-0.004604470701745245,-0.7373570613386223,0.4609814891477127,1126,1146,0.9687293080119685,False
gvn,licm,0.0020165278747993343,0.3077011009580341,0.7583394024106345,1122,1076,0.9942648800181039,False
gvn,loop-simplify,0.0031259576141595136,0.5001500514903413,0.617018928445066,1078,1155,0.9874161299839842,False
gvn,div-rem-pairs,-0.005643721897333254,-0.9077283188284131,0.3641204618458926,1086,1156,0.950196350047446,False
gvn,float2int,-0.007656524742897242,-1.2467805292624252,0.2126085207962432,1104,1136,0.9085781878347714,False
gvn,inline,-0.01864719445439933,-3.0226118060017235,0.002534700213613787,1130,1092,0.2738255153224361,False
gvn,sink,0.013598171172411522,2.20709905515805,0.02740784742284639,1113,1137,0.6682853450181196,False
gvn,loop-vectorize,-0.09292593980550642,-14.65977371404931,2.2715338706080043e-46,1033,1073,2.965108879100315e-43,True
gvn,slp-vectorizer,0.00554320094708971,0.8707258328646068,0.3839992320921532,1087,1111,0.9502022310408844,False
gvn,callsite-splitting,-0.0021533173436817377,-0.3411142352482131,0.7330499381895544,1119,1098,0.9942648800181039,False
gvn,dfa-jump-threading,0.0025336629997708693,0.41125793198321753,0.6809232593491592,1093,1126,0.9933243197125733,False
gvn,consthoist,-0.009165896491882874,-1.4682528587129335,0.14217775368530142,1090,1141,0.8648341678559794,False
gvn,mldst-motion,0.005135306438146137,0.816524041056135,0.4142898733693934,1119,1074,0.9635668321782557,False
gvn,slsr,-0.005558767982196233,-0.8899141520398175,0.3736107694166368,1087,1082,0.9502022310408844,False
gvn,loop-interchange,-0.005128870912348704,-0.8196259536866448,0.41251731479924275,1092,1135,0.9621309140880492,False
gvn,loop-fusion,0.011929672748861586,1.9340724855381517,0.05322823467907702,1147,1135,0.7471468075780253,False
gvn,loop-distribute,0.0013169635378509903,0.2045960049773077,0.8379068848829234,1095,1086,0.9942648800181039,False
gvn,loop-load-elim,0.005786631926050889,0.8926652282962978,0.37213862484269356,1036,1069,0.9502022310408844,False
gvn,loop-sink,-0.00018371832265939858,-0.029514831675225676,0.9764566218522248,1119,1121,0.9990198037713872,False
gvn,loop-unroll-and-jam,0.004813101653000584,0.7658104160639784,0.4438729710128778,1057,1105,0.9687293080119685,False
gvn,hotcoldsplit,0.006161243964320828,0.9653508764150387,0.334477676213032,1073,1080,0.9423126475181534,False
gvn,irce,0.016036233752673656,2.697064209518483,0.007047061891740762,1165,1117,0.5017508066919423,False
gvn,nary-reassociate,-0.0023983170999024583,-0.3738772389665847,0.7085323890380048,1080,1080,0.9942648800181039,False
gvn,scalarizer,-0.0015553005312723411,-0.25500344661480273,0.7987442202129091,1070,1153,0.9942648800181039,False
gvn,vector-combine,-0.00212710349533457,-0.33774722292644815,0.7355850524927869,1127,1135,0.9942648800181039,False
gvn,always-inline,-0.002797005445772105,-0.447503650199762,0.6545548839564235,1146,1090,0.9894955426777883,False
gvn,globalsplit,0.0020512202795001655,0.3301781943575643,0.7412957272609306,1184,1103,0.9942648800181039,False
gvn,lowerswitch,-0.0004210239078999978,-0.06773317674663888,0.9460042874323664,1097,1072,0.9942648800181039,False
gvn,early-cse-memssa,-0.006189254233026742,-0.973445375001722,0.33043779674950247,1085,1159,0.942058707247174,False
gvn,simple-loop-unswitch,-0.00226054436526274,-0.3555185685027194,0.7222350746566588,1108,1108,0.9942648800181039,False
gvn,loop-versioning,-0.0027880457579080864,-0.44410096346907507,0.6570137770721394,1137,1046,0.9908078588307175,False
gvn,loop-flatten,0.0030931448802373196,0.4931205261918527,0.6219776069999811,1122,1060,0.9874161299839842,False
gvn,loop-reroll,0.0034635640426802228,0.5603820208077879,0.5752741940097287,1133,1139,0.9870639913381112,False
gvn,loop-instsimplify,-0.0019189373121815678,-0.3103919044479871,0.756291476977988,1133,1137,0.9942648800181039,False
gvn,loop-simplifycfg,0.0026817933108622682,0.42478893872074996,0.6710313989806808,1093,1149,0.9924421532503569,False
gvn,loop-predication,0.007597051789951126,1.1922540516235793,0.23329329163164567,1060,1091,0.9121894118219415,False
gvn,speculative-execution,-0.013707290988139997,-2.165051683917209,0.03049038163710404,1132,1082,0.6845850224753226,False
gvn,partially-inline-libcalls,0.0006172163491699467,0.10002467944417334,0.9203336795914527,1084,1162,0.9942648800181039,False
gvn,load-store-vectorizer,0.010029118925036884,1.6112414705770315,0.10727067883035607,1137,1081,0.8216483294072284,False
gvn,iroutliner,-0.03536229462767343,-6.234850644731593,5.370288063491809e-10,1147,1140,2.1030048056633924e-07,True
gvn,global-merge,0.0008639277141010981,0.13914119364996658,0.8893515506029225,1057,1112,0.9942648800181039,False
gvn,break-crit-edges,-0.004544022635918299,-0.7173810754633475,0.47321545494675876,1109,1086,0.9705521863870724,False
gvn,unreachableblockelim,-0.0003243756327015457,-0.05174376712592887,0.9587376148783332,1074,1106,0.9956023600804966,False
gvn-hoist,gvn-sink,-0.005202187032638861,-0.7048889911216745,0.4809539118426004,1112,1091,0.9726252030341583,False
gvn-hoist,newgvn,0.005294520702283423,0.8411963375498558,0.40032836787495796,1123,1105,0.9502022310408844,False
gvn-hoist,early-cse,-0.0018989538721549404,-0.27259645352647494,0.7851882510559407,1124,1149,0.9942648800181039,False
gvn-hoist,mergereturn,-0.011822826252164853,-1.5864128186027817,0.1127910874193018,1086,1095,0.8280516210713255,False
gvn-hoist,globalopt,0.01760748014896857,2.425658924496972,0.015358416395836495,1133,1140,0.5918624706255822,False
gvn-hoist,strip-dead-prototypes,-0.012973778998490504,-1.795786843380235,0.07266077322851035,1156,1128,0.7840748251100543,False
gvn-hoist,indvars,-0.0051666465613303125,-0.7133269583601612,0.4757168913304667,1111,1168,0.9705521863870724,False
gvn-hoist,mergeicmps,-0.0021976753890527445,-0.29190139863482095,0.7703904065390368,1045,1091,0.9942648800181039,False
gvn-hoist,separate-const-offset-from-gep,0.0011759593137635749,0.15955649295980326,0.8732447693084124,1134,1119,0.9942648800181039,False
gvn-hoist,libcalls-shrinkwrap,-0.011432797886116619,-1.5695532822241756,0.11666373920107675,1084,1114,0.836071742987333,False
gvn-hoist,flattencfg,-0.00933820536202462,-1.279207815314729,0.20096040852888375,1104,1073,0.8934248783582158,False
gvn-hoist,loop-reduce,0.0014249378360121634,0.19848923792001585,0.8426801582942277,1099,1167,0.9942648800181039,False
gvn-hoist,loop-unroll,0.0005277675090690215,0.06950674152533208,0.944592756205275,1032,1129,0.9942648800181039,False
gvn-hoist,loop-rotate,-0.014224222634304229,-1.9618946734956273,0.049897736451045865,1143,1112,0.7345847215875775,False
gvn-hoist,partial-inliner,0.01963041362518747,2.6260891084384914,0.008696542563523195,1147,1086,0.5321196981055755,False
gvn-hoist,lower-expect,-0.009185870123686046,-1.2687247231283225,0.2046736429298346,1081,1151,0.9025923262536398,False
gvn-hoist,alignment-from-assumptions,-0.002471932625608575,-0.33814218493118914,0.7352872657649726,1126,1150,0.9942648800181039,False
gvn-hoist,rpo-function-attrs,-0.004876660666095878,-0.6737483595373785,0.5005423211223172,1110,1085,0.9774238917491724,False
gvn-hoist,attributor,-0.0013322836032699237,-0.3807962862990717,0.7033906435821806,1080,1179,0.9942648800181039,False
gvn-hoist,inferattrs,-0.007376770420132295,-1.0112711878176526,0.31199839319216643,1108,1084,0.9326608456034533,False
gvn-hoist,called-value-propagation,0.007292926680071532,0.9772938801634464,0.32853185994198764,1070,1124,0.942058707247174,False
gvn-hoist,licm,-0.006892321067266949,-0.9055801484396889,0.3652564132059615,1122,1101,0.950196350047446,False
gvn-hoist,loop-simplify,0.01657781589198931,2.161943380139412,0.030734987160914495,1065,1045,0.6845850224753226,False
gvn-hoist,div-rem-pairs,-0.0006703530426475646,-0.09129718344508013,0.9272646011154061,1138,1110,0.9942648800181039,False
gvn-hoist,float2int,0.0029476829933727244,0.4145451496431326,0.6785144440370965,1137,1119,0.9933243197125733,False
gvn-hoist,inline,0.00801390704663485,1.0925731943883692,0.2746984600539995,1127,1121,0.9234272483582865,False
gvn-hoist,sink,-0.0039444929436071585,-0.5319707545333867,0.5948005606227337,1091,1089,0.9874161299839842,False
gvn-hoist,loop-vectorize,-0.00279778245248663,-0.3960235527347004,0.6921250843344674,1172,1107,0.9942648800181039,False
gvn-hoist,slp-vectorizer,-0.00819660488424101,-1.1277648295663265,0.2595430183611901,1091,1102,0.922998223890889,False
gvn-hoist,callsite-splitting,-0.008271214532777349,-1.156738512423159,0.24750248180346254,1148,1100,0.9195460358483637,False
gvn-hoist,dfa-jump-threading,0.00931819989705518,1.2728287708074113,0.20321170358997306,1121,1110,0.8987103595217769,False
gvn-hoist,consthoist,0.010488241797970421,1.4332179087082875,0.15193562024459914,1146,1092,0.8736855930658595,False
gvn-hoist,mldst-motion,0.002503562334621734,0.3433583711519629,0.7313608394160424,1139,1124,0.9942648800181039,False
gvn-hoist,slsr,0.00655098024419587,0.8628972623709702,0.38828986094616935,1067,1093,0.9502022310408844,False
gvn-hoist,loop-interchange,0.0022285961942585253,0.3061108501610028,0.7595494007640062,1129,1071,0.9942648800181039,False
gvn-hoist,loop-fusion,0.0024485429496652333,0.3306482273152272,0.7409410958139891,1120,1125,0.9942648800181039,False
gvn-hoist,loop-distribute,-0.0016135919772360952,-0.2143594061661513,0.8302865806022816,1097,1114,0.9942648800181039,False
gvn-hoist,loop-load-elim,0.014350347756177495,1.9874312515307095,0.04699809913787511,1112,1097,0.7189240477496833,False
gvn-hoist,loop-sink,0.009720885381094502,1.3052685622925566,0.19193659669153776,1105,1119,0.8790920615720021,False
gvn-hoist,loop-unroll-and-jam,-0.004604267549709384,-0.6071558163207483,0.5438109951400509,1086,1090,0.977995703783708,False
gvn-hoist,hotcoldsplit,-0.01444982494159569,-1.9621875135419038,0.04986486845834471,1167,1072,0.7345847215875775,False
gvn-hoist,irce,-0.004342872129185826,-0.5997494339771092,0.5487333255161243,1117,1149,0.9786961826004837,False
gvn-hoist,nary-reassociate,-0.004509357897735877,-0.6090776122600928,0.5425350574376885,1093,1147,0.977995703783708,False
gvn-hoist,scalarizer,0.0026531750809281607,0.35422514180247017,0.7232048250452497,1121,1047,0.9942648800181039,False
gvn-hoist,vector-combine,-0.00725840620996826,-1.0049695006866441,0.3150227931556982,1096,1095,0.9359857799679167,False
gvn-hoist,always-inline,-0.003158790415715984,-0.4110712824652616,0.6810621267912483,1068,1044,0.9933243197125733,False
gvn-hoist,globalsplit,-0.0014798463079381263,-0.2008677894771463,0.8408204092192613,1079,1146,0.9942648800181039,False
gvn-hoist,lowerswitch,0.00876633443318392,1.146987042797618,0.25151506367291365,1036,1113,0.9195460358483637,False
gvn-hoist,early-cse-memssa,0.0095030859461393,1.487545529618526,0.13701116671557548,1144,1116,0.8592403433953654,False
gvn-hoist,simple-loop-unswitch,-0.007135896918172846,-0.9844193850331638,0.32501730698459325,1123,1085,0.941513876021561,False
gvn-hoist,loop-versioning,0.005709325044769065,0.7557232367668039,0.44989692452478597,1097,1083,0.9687293080119685,False
gvn-hoist,loop-flatten,-0.004230048414985921,-0.5722144743981704,0.5672362764273634,1041,1143,0.9833099860511533,False
gvn-hoist,loop-reroll,-0.005428340184777947,-0.7547199196597366,0.4504971786271009,1112,1108,0.9687293080119685,False
gvn-hoist,loop-instsimplify,-0.007834111910534125,-1.0476222386232745,0.2949294675703072,1085,1085,0.9279993210434955,False
gvn-hoist,loop-simplifycfg,0.00842375313618815,1.1184980789311072,0.26347878699501154,1079,1082,0.922998223890889,False
gvn-hoist,loop-predication,0.006248856362420896,0.8220833516856269,0.4111207264305007,1085,1066,0.9601467202129582,False
gvn-hoist,speculative-execution,-0.009166053018817288,-1.2010499424260563,0.22986366573501507,1116,1050,0.9121894118219415,False
gvn-hoist,partially-inline-libcalls,-0.010317663416277434,-1.3688340302666695,0.17119059909714748,1116,1092,0.8754403855060268,False
gvn-hoist,load-store-vectorizer,0.01288375411568804,1.8141451505629775,0.06978453206206088,1161,1161,0.7840748251100543,False
gvn-hoist,iroutliner,-0.01662970073718867,-2.3930364322013897,0.01678878838250974,1144,1178,0.5976808664173467,False
gvn-hoist,global-merge,-0.014678538438187283,-1.973239403126041,0.04859560684517077,1084,1078,0.7263373908614075,False
gvn-hoist,break-crit-edges,0.009014996091878003,1.1801244253254115,0.23808278144910464,1061,1067,0.9153351961594847,False
gvn-hoist,unreachableblockelim,0.008587542808784987,1.1415494354532714,0.253763329773685,1125,1118,0.9195460358483637,False
gvn-sink,newgvn,0.005931246941815127,0.9364112849432211,0.34916311067537736,1099,1128,0.947888706648844,False
gvn-sink,early-cse,-0.008329403792212253,-1.1851035733671496,0.23610246219455716,1137,1101,0.9153351961594847,False
gvn-sink,mergereturn,0.025131426636032017,3.401922036178445,0.000681394682804458,1092,1079,0.11819093960938852,False
gvn-sink,globalopt,-0.0016123840353784447,-0.21237112992078705,0.831837602726093,1126,1044,0.9942648800181039,False
gvn-sink,strip-dead-prototypes,-0.0016071147522280782,-0.2190144366556277,0.8266588344160346,1140,1103,0.9942648800181039,False
gvn-sink,indvars,-0.011704272118445658,-1.5491637228622122,0.12148743667641823,1078,1106,0.8417570075843506,False
gvn-sink,mergeicmps,0.0008114938382570158,0.10924405636812048,0.9130191744627975,1060,1090,0.9942648800181039,False
gvn-sink,separate-const-offset-from-gep,0.004120420100829025,0.5552881656243382,0.5787523822478227,1112,1157,0.9874161299839842,False
gvn-sink,libcalls-shrinkwrap,-0.0050061040218076225,-0.6849383855691104,0.4934522736659692,1150,1137,0.9774238917491724,False
gvn-sink,flattencfg,-0.01192412002040788,-1.6003553880303665,0.10966114326467354,1104,1152,0.8226686533035662,False
gvn-sink,loop-reduce,0.006725076786763762,0.9084548234244554,0.3637374155401823,1109,1095,0.950196350047446,False
gvn-sink,loop-unroll,0.01162701045376291,1.5564386356750606,0.11975044329243047,1113,1056,0.8364330453969749,False
gvn-sink,loop-rotate,-0.007768625337754853,-0.9981853916625222,0.3182977564608547,1107,1149,0.9373396474768672,False
gvn-sink,partial-inliner,0.01419319824467491,1.9121233284443666,0.05599447176061677,1051,1080,0.761369275745053,False
gvn-sink,lower-expect,-0.0041371449327703425,-0.5625353867119187,0.5738084592766701,1088,1120,0.9865737009134377,False
gvn-sink,alignment-from-assumptions,0.00672025675073612,0.9152734002913556,0.36014622025916865,1122,1130,0.9480085994808022,False
gvn-sink,rpo-function-attrs,0.004456336885444945,0.6025242977760845,0.546888218513515,1085,1085,0.977995703783708,False
gvn-sink,attributor,0.006295216118748448,1.7878626393106327,0.07393484672624934,1105,1112,0.7840748251100543,False
gvn-sink,inferattrs,-0.003251832799738341,-0.44823639880963484,0.6540279508681477,1094,1050,0.9894955426777883,False
gvn-sink,called-value-propagation,-0.007214765557400027,-0.9654457787136564,0.334432904247033,1087,1027,0.9423126475181534,False
gvn-sink,licm,-0.0033325481133183454,-0.42972540067758014,0.6674390423507817,1045,1099,0.9917647591855995,False
gvn-sink,loop-simplify,0.007048791450618375,0.9705265497017479,0.3318915863052851,1097,1090,0.9423126475181534,False
gvn-sink,div-rem-pairs,0.004932960936787412,0.6522922474773492,0.5142804463406991,1116,1098,0.9774238917491724,False
gvn-sink,float2int,0.003087890072229371,0.42307439533903823,0.6722817296312199,1097,1139,0.9927056007676687,False
gvn-sink,inline,0.00983890232119805,1.3422925336586744,0.17963903601550021,1078,1136,0.8754403855060268,False
gvn-sink,sink,-0.022052755433302818,-2.934470601686862,0.003376692391298193,1100,1048,0.3225153025444811,False
gvn-sink,loop-vectorize,-0.0005078293099692321,-0.07011669194474032,0.9441072101056981,1048,1144,0.9942648800181039,False
gvn-sink,slp-vectorizer,-0.008501977359861634,-1.1774944079924334,0.23912289177327642,1097,1160,0.9160980818706629,False
gvn-sink,callsite-splitting,-0.01493791851983417,-2.0417647922910924,0.041291842520035135,1117,1124,0.7108785336882624,False
gvn-sink,dfa-jump-threading,5.945798235934552e-05,0.007804209154180819,0.9937739271658933,1089,1073,0.9993802249402087,False
gvn-sink,consthoist,-0.007239244900342445,-0.9806485466949225,0.3268722018769701,1092,1163,0.942058707247174,False
gvn-sink,mldst-motion,0.007253811663251453,0.992511554297636,0.3210544991432999,1150,1111,0.9378640739282602,False
gvn-sink,slsr,-0.00768254515218314,-1.0622447862511424,0.2882394839516197,1142,1094,0.9279993210434955,False
gvn-sink,loop-interchange,-0.006532633815210631,-0.898622671423497,0.368949954690417,1141,1109,0.9502022310408844,False
gvn-sink,loop-fusion,0.000458037012936896,0.060425687725273326,0.9518223350447271,1041,1072,0.9942648800181039,False
gvn-sink,loop-distribute,0.01148118445407359,1.5439854113801654,0.1227383175001696,1096,1071,0.8417570075843506,False
gvn-sink,loop-load-elim,0.002326686848516335,0.31078486113162157,0.7559937589480372,1125,1070,0.9942648800181039,False
gvn-sink,loop-sink,0.014876858937104331,2.0286904114398223,0.04260780915783228,1080,1164,0.7108785336882624,False
gvn-sink,loop-unroll-and-jam,0.007993043567824376,1.0706561501921454,0.2844403338169965,1127,1102,0.9247897792409351,False
gvn-sink,hotcoldsplit,0.004500074587124869,0.6118629522423527,0.5406914322004034,1083,1131,0.977995703783708,False
gvn-sink,irce,-0.0065781946438972505,-0.8771477154490505,0.38050465266754685,1075,1072,0.9502022310408844,False
gvn-sink,nary-reassociate,-0.0004221390610792408,-0.05717398872834942,0.9544117836371417,1122,1084,0.9942648800181039,False
gvn-sink,scalarizer,0.012561801316200605,1.6582570223086914,0.0974075634660578,1117,1098,0.8216483294072284,False
gvn-sink,vector-combine,0.006885426256514227,0.9367876624270983,0.3489673880450194,1142,1134,0.947888706648844,False
gvn-sink,always-inline,-0.0015563189780286035,-0.21214525040354848,0.832013660782809,1103,1067,0.9942648800181039,False
gvn-sink,globalsplit,-0.009689338969926298,-1.3076700275748538,0.1911251945018761,1071,1090,0.8780001857299028,False
gvn-sink,lowerswitch,0.0005465804348837033,0.07202007714959888,0.9425925973664523,1094,1070,0.9942648800181039,False
gvn-sink,early-cse-memssa,-0.00994196285934118,-1.5023750604242827,0.13313918165049182,1133,1142,0.8591664186373942,False
gvn-sink,simple-loop-unswitch,-0.001053805383159745,-0.14255099763668447,0.8866579666548786,1094,1091,0.9942648800181039,False
gvn-sink,loop-versioning,-0.012361393665278386,-1.629961478277353,0.10325242581007532,1142,1076,0.8216483294072284,False
gvn-sink,loop-flatten,-0.0046495557736604964,-0.6304983553425908,0.5284326295099449,1097,1169,0.9774238917491724,False
gvn-sink,loop-reroll,-0.008036351925064633,-1.094242983929389,0.27396580276371046,1127,1121,0.9234272483582865,False
gvn-sink,loop-instsimplify,-0.014820367466908846,-1.9889219692670115,0.04683672351718302,1077,1069,0.7189240477496833,False
gvn-sink,loop-simplifycfg,0.006949947099971265,0.9172726240674566,0.359106322859211,1086,1010,0.9480085994808022,False
gvn-sink,loop-predication,-0.015557768912602965,-2.0879174640716793,0.03692077697850037,1101,1087,0.7015384337019843,False
gvn-sink,speculative-execution,0.010278935486608076,1.356495950211915,0.17508252886214776,1118,1062,0.8754403855060268,False
gvn-sink,partially-inline-libcalls,0.004711222680253535,0.6398277272339333,0.5223533851992151,1059,1074,0.9774238917491724,False
gvn-sink,load-store-vectorizer,-0.006724323277661537,-0.8884915817697593,0.3743756539630499,1064,1097,0.9502022310408844,False
gvn-sink,iroutliner,0.0072886872835492,1.0288401430732539,0.30366759076689936,1060,1163,0.9301799375126703,False
gvn-sink,global-merge,-0.0032956469391194343,-0.45089235764749264,0.6521104938474015,1133,1124,0.9894955426777883,False
gvn-sink,break-crit-edges,0.0037596043393980927,0.5073114717447238,0.6119881365468506,1072,1088,0.9874161299839842,False
gvn-sink,unreachableblockelim,0.0029164808459121727,0.3921183841728062,0.6950084357111032,1096,1123,0.9942648800181039,False
newgvn,early-cse,-0.004989073828684409,-0.7965480958842207,0.42580051446082046,1065,1114,0.9681527028295874,False
newgvn,mergereturn,0.01012523747477545,1.621433146044493,0.10506576501706222,1149,1101,0.8216483294072284,False
newgvn,globalopt,-7.423957163049666e-05,-0.011566883173039067,0.9907722502287897,1058,1077,0.9993802249402087,False
newgvn,strip-dead-prototypes,0.0003900053766647815,0.06127237437668219,0.951147978671551,1124,1041,0.9942648800181039,False
newgvn,indvars,-0.005382681948286394,-0.8459479626347776,0.3976743864768973,1076,1112,0.9502022310408844,False
newgvn,mergeicmps,0.0031219163903872804,0.5036328132781396,0.6145685159949865,1131,1131,0.9874161299839842,False
newgvn,separate-const-offset-from-gep,-0.007265365339684915,-1.154729672139799,0.24832845587831773,1072,1099,0.9195460358483637,False
newgvn,libcalls-shrinkwrap,0.0013102674531104141,0.20478495213839368,0.8377587278823957,1118,1129,0.9942648800181039,False
newgvn,flattencfg,-0.0036678740484964445,-0.5823335423379099,0.5604010452690759,1123,1105,0.9815421859157658,False
newgvn,loop-reduce,-0.013377943680408566,-2.105728971887558,0.0353442871293707,1061,1093,0.6968577611639679,False
newgvn,loop-unroll,-0.005559284186082203,-0.8867602032719497,0.37530510479142,1096,1104,0.9502022310408844,False
newgvn,loop-rotate,-0.014663366172478487,-2.332851700580456,0.019741724389192427,1168,1136,0.6389139893229548,False
newgvn,partial-inliner,-0.0028920270708920337,-0.4541531030541753,0.6497635017004824,1074,1127,0.9894955426777883,False
newgvn,lower-expect,-0.007500911360014906,-1.1737613675017935,0.2406198559912768,1077,1090,0.9167285287950414,False
newgvn,alignment-from-assumptions,0.003668781271650212,0.5931617730459373,0.5531312945246945,1157,1142,0.9809315953038664,False
newgvn,rpo-function-attrs,0.0024345937449531396,0.38854096857673825,0.6976540752572903,1091,1071,0.9942648800181039,False
newgvn,attributor,0.0016067796109426324,0.4955174484405177,0.6202848181916026,1121,1072,0.9874161299839842,False
newgvn,inferattrs,-0.03366448104719516,-6.124121774883512,1.1015988024233762e-09,1074,1097,3.9216917366272193e-07,True
newgvn,called-value-propagation,0.004766562469520619,0.7549953187870089,0.4503327986328319,1120,1079,0.9687293080119685,False
newgvn,licm,-0.01679396911932557,-2.4627466936707085,0.013863508048859417,1087,1134,0.5918624706255822,False
newgvn,loop-simplify,0.005010523993310145,0.7770138165991595,0.43723591602649164,1058,1104,0.9687293080119685,False
newgvn,div-rem-pairs,0.00011508419107286727,0.017739097563460274,0.985848635422542,1085,1068,0.9993802249402087,False
newgvn,float2int,0.01143485128646965,1.8373925866706429,0.06628355071825075,1123,1133,0.7824431904181801,False
newgvn,inline,-0.011140706213505047,-1.7702224473629755,0.07682446988726671,1154,1116,0.7893264998405759,False
newgvn,sink,0.0023954737623627653,0.38504746252658106,0.7002408981794063,1054,1070,0.9942648800181039,False
newgvn,loop-vectorize,-0.034036097198978155,-5.408981107685233,7.035955768566643e-08,1075,1120,2.1194463684389977e-05,True
newgvn,slp-vectorizer,0.0023584807648027173,0.3756310374609174,0.7072275427819303,1102,1093,0.9942648800181039,False
newgvn,callsite-splitting,-0.010713258561526662,-1.7372056990189289,0.08248668321073399,1113,1175,0.7960877427533709,False
newgvn,dfa-jump-threading,0.00455068740561787,0.7122782939778691,0.4763693552929777,1084,1079,0.9705521863870724,False
newgvn,consthoist,-0.009339890979391752,-1.4467792750727646,0.1480967195834069,1130,1149,0.8707909217546868,False
newgvn,mldst-motion,0.00613644673992314,0.9614871350074318,0.3364102308665809,1109,1152,0.9441889704650352,False
newgvn,slsr,0.010569852501135513,1.6252502171637553,0.10425242482700298,1139,1072,0.8216483294072284,False
newgvn,loop-interchange,-0.000656092860360169,-0.10056059917057376,0.9199087160779352,1114,1029,0.9942648800181039,False
newgvn,loop-fusion,0.00969182090119658,1.483545606591405,0.13807289196614173,1108,1092,0.8596080205714007,False
newgvn,loop-distribute,0.003204945832572137,0.5059220691668501,0.6129630269605973,1069,1099,0.9874161299839842,False
newgvn,loop-load-elim,0.0009203712965931699,0.14518204598644652,0.8845799855643971,1185,1113,0.9942648800181039,False
newgvn,loop-sink,-0.0018889192647874031,-0.2998686286891466,0.7643051330353051,1182,1085,0.9942648800181039,False
newgvn,loop-unroll-and-jam,0.0008510936961736992,0.14009225339171413,0.8885995045553275,1110,1169,0.9942648800181039,False
newgvn,hotcoldsplit,0.0049952764045221865,0.7789074819190086,0.4361185653744007,1127,1070,0.9687293080119685,False
newgvn,irce,0.0031819776057061544,0.49034862493624704,0.6239363039679416,1078,1121,0.9874161299839842,False
newgvn,nary-reassociate,0.0055098418101178215,0.8885533127880756,0.374341473818884,1100,1080,0.9502022310408844,False
newgvn,scalarizer,-0.006957910431249825,-1.0823714805289846,0.27920589913060906,1096,1110,0.9236351984749093,False
newgvn,vector-combine,-0.0048941639028355355,-0.7871535116743982,0.43127650298538345,1110,1101,0.9687293080119685,False
newgvn,always-inline,-0.014686386761634529,-2.3144075551567167,0.020735098920578978,1127,1127,0.6495891789838982,False
newgvn,globalsplit,0.002975172725027231,0.4586619125381283,0.6465230086048598,1085,1082,0.9894955426777883,False
newgvn,lowerswitch,0.009267974439408522,1.457588696420122,0.1450960286724664,1088,1124,0.8648341678559794,False
newgvn,early-cse-memssa,0.002945095608541781,0.45942908009923444,0.6459730190555283,1113,1040,0.9894955426777883,False
newgvn,simple-loop-unswitch,0.0010023356488076396,0.15832804945584367,0.8742133223855711,1058,1073,0.9942648800181039,False
newgvn,loop-versioning,0.00357837824954349,0.5667180709236171,0.5709629594066129,1122,1108,0.9864438552715771,False
newgvn,loop-flatten,0.00017436096665257583,0.02765514662999491,0.9779396713225573,1132,1101,0.9990198037713872,False
newgvn,loop-reroll,-0.0017995571525316056,-0.28297015417513466,0.7772261789035081,1104,1112,0.9942648800181039,False
newgvn,loop-instsimplify,-0.009353986498794375,-1.5046556274121847,0.13255294712924823,1163,1098,0.8591664186373942,False
newgvn,loop-simplifycfg,-0.0005887099154727737,-0.09332277411935593,0.925655445068195,1112,1141,0.9942648800181039,False
newgvn,loop-predication,0.007157151888862234,1.141606502624216,0.25374097045623256,1078,1149,0.9195460358483637,False
newgvn,speculative-execution,0.01015950601830079,1.6357263779744502,0.10203433908951719,1098,1195,0.8216483294072284,False
newgvn,partially-inline-libcalls,-0.008729789209237615,-1.3689163038997874,0.17116785920045385,1048,1124,0.8754403855060268,False
newgvn,load-store-vectorizer,-0.007033384084471406,-1.0948857049523977,0.27368863021029954,1122,1049,0.9234272483582865,False
newgvn,iroutliner,0.007308687544844816,1.1931971844814393,0.23292205758236142,1093,1088,0.9121894118219415,False
newgvn,global-merge,0.0020785794381754097,0.33031071852246435,0.7411968819597472,1142,1063,0.9942648800181039,False
newgvn,break-crit-edges,0.005679669106587404,0.8769598713335687,0.3806075209189969,1059,1070,0.9502022310408844,False
newgvn,unreachableblockelim,-0.0018353673173247542,-0.28419196511175604,0.7762901754436072,1089,1101,0.9942648800181039,False
early-cse,mergereturn,-0.00634643875657509,-0.8888733905978187,0.3741693736973937,1073,1109,0.9502022310408844,False
early-cse,globalopt,-0.002580104674155592,-0.363464156284102,0.7162928106942665,1098,1123,0.9942648800181039,False
early-cse,strip-dead-prototypes,0.00608578894702666,0.8607359373491872,0.38947624858794216,1108,1121,0.9502022310408844,False
early-cse,indvars,0.0116127034717049,1.6667119965605846,0.09570723353668291,1146,1167,0.8216483294072284,False
early-cse,mergeicmps,-0.00324428289104578,-0.4667850776732572,0.6406993879106038,1077,1158,0.9894955426777883,False
early-cse,separate-const-offset-from-gep,0.006995142405058885,0.9738922082218876,0.33021817326682706,1136,1059,0.942058707247174,False
early-cse,libcalls-shrinkwrap,0.0007460449952960135,0.10660412760799777,0.9151129890356513,1109,1050,0.9942648800181039,False
early-cse,flattencfg,0.012514454160762745,1.7952681826686552,0.0727440818044622,1071,1212,0.7840748251100543,False
early-cse,loop-reduce,-0.008967788895283824,-1.2650799552491165,0.20597976049831582,1049,1117,0.9033393906863824,False
early-cse,loop-unroll,-0.013013403946811108,-1.8430548734042698,0.06545612853558981,1076,1131,0.7768206207961823,False
early-cse,loop-rotate,-0.00711191520391119,-0.9840307972368966,0.32520492301546394,1159,1120,0.941513876021561,False
early-cse,partial-inliner,0.010794922993203115,1.5084759876092146,0.13157492095821716,1089,1139,0.8591664186373942,False
early-cse,lower-expect,0.0037807101038116464,0.5378244081100673,0.5907511523672743,1128,1138,0.9874161299839842,False
early-cse,alignment-from-assumptions,0.006300495787443683,0.905066383498242,0.3655279175044229,1098,1138,0.950196350047446,False
early-cse,rpo-function-attrs,-0.005237734453773235,-0.7359010589276956,0.46187078093517936,1088,1075,0.9687293080119685,False
early-cse,attributor,-0.00661340228965035,-2.035057537891454,0.04196777784382591,1065,1091,0.7108785336882624,False
early-cse,inferattrs,0.0010097105500759262,0.15611032654378795,0.8759598070239762,1157,1139,0.9942648800181039,False
early-cse,called-value-propagation,-0.007085530428270703,-0.994136735446993,0.320265691604711,1132,1069,0.9373396474768672,False
early-cse,licm,-0.005439943833852157,-0.7326178190700742,0.46387062573163795,1096,1078,0.9687293080119685,False
early-cse,loop-simplify,-0.001125445414404569,-0.1566568218046886,0.8755300636333033,1050,1100,0.9942648800181039,False
early-cse,div-rem-pairs,-0.0014790483987137115,-0.208738045086458,0.8346720321473065,1154,1065,0.9942648800181039,False
early-cse,float2int,0.0066502320285681815,0.9145834049043966,0.3605137721142635,1107,1037,0.9480085994808022,False
early-cse,inline,-0.004032038739207766,-0.5730477987128114,0.5666695288433261,1107,1149,0.982993549686316,False
early-cse,sink,0.001280801766564199,0.17750834434633736,0.8591255871693815,1086,1099,0.9942648800181039,False
early-cse,loop-vectorize,-0.020848288414665184,-3.0819176003656867,0.0020816803658567154,1121,1143,0.2521079320564352,False
early-cse,slp-vectorizer,-0.005718250532067093,-0.7961784310812515,0.4260123328333151,1160,1100,0.9681527028295874,False
early-cse,callsite-splitting,-0.008645583903917564,-1.2030876256571064,0.2290725355721016,1090,1101,0.9121894118219415,False
early-cse,dfa-jump-threading,-0.012834230251087986,-1.7860055048917354,0.07423397049891013,1117,1121,0.7840748251100543,False
early-cse,consthoist,0.0025258884102707935,0.35878796485813985,0.7197868964705328,1129,1160,0.9942648800181039,False
early-cse,mldst-motion,-0.006461322832246097,-0.8892436222594625,0.3739682138512266,1137,1094,0.9502022310408844,False
early-cse,slsr,0.003686082233652188,0.5034541669158656,0.6146974007298062,1059,1059,0.9874161299839842,False
early-cse,loop-interchange,-0.00766935219523901,-1.0885085783458788,0.27648936224894466,1105,1110,0.9234272483582865,False
early-cse,loop-fusion,0.007166079654828017,0.996409658243749,0.31916138713532327,1144,1068,0.9373396474768672,False
early-cse,loop-distribute,-0.007531516385634929,-1.0877343733731237,0.27682854795108697,1115,1149,0.9234272483582865,False
early-cse,loop-load-elim,0.00249121584288603,0.3496056690806393,0.7266681760655079,1144,1065,0.9942648800181039,False
early-cse,loop-sink,-0.008143792218224477,-1.15102356624313,0.2498514357555216,1082,1055,0.9195460358483637,False
early-cse,loop-unroll-and-jam,0.008423359678972231,1.1922449026008821,0.23329290344723713,1137,1093,0.9121894118219415,False
early-cse,hotcoldsplit,0.009491247233942512,1.3450816801884151,0.17873356811642294,1144,1125,0.8754403855060268,False
early-cse,irce,0.0002736104080076629,0.03865066537947671,0.9691723618663329,1125,1116,0.9989389762895776,False
early-cse,nary-reassociate,0.0041114619998123825,0.5872480175425685,0.5570970040745146,1127,1093,0.9809315953038664,False
early-cse,scalarizer,-0.002930421164979602,-0.3998618869704195,0.6892974454299468,1138,1056,0.993674952069634,False
early-cse,vector-combine,-0.0034242832103396625,-0.4734225352070108,0.6359586444032416,1115,1091,0.9880033518103314,False
early-cse,always-inline,0.0006166729758286249,0.0854689823696788,0.9318962544657753,1128,1098,0.9942648800181039,False
early-cse,globalsplit,0.008832587350165455,1.2471638224686852,0.21246940583645574,1098,1117,0.9085781878347714,False
early-cse,lowerswitch,-0.002275250019130648,-0.321309092813173,0.7480063206323774,1120,1109,0.9942648800181039,False
early-cse,early-cse-memssa,-0.004007357117954469,-0.5833630283585162,0.5597125137228821,1015,1058,0.9815421859157658,False
early-cse,simple-loop-unswitch,-0.0008271833550053675,-0.11707681510639642,0.9068097271422557,1109,1123,0.9942648800181039,False
early-cse,loop-versioning,-0.006686132154592739,-0.9390317685656344,0.347817798506726,1095,1101,0.947888706648844,False
early-cse,loop-flatten,0.01114861119436189,1.559056751013787,0.11912356092264541,1096,1173,0.8364330453969749,False
early-cse,loop-reroll,-0.00936996426493708,-1.332895871188966,0.18270285109972814,1114,1107,0.8754403855060268,False
early-cse,loop-instsimplify,0.005182479684801289,0.7306971079396181,0.4650413283412501,1130,1094,0.9687293080119685,False
early-cse,loop-simplifycfg,-0.004347373240229158,-0.6159578669137501,0.5379839976413795,1117,1169,0.9774238917491724,False
early-cse,loop-predication,-0.013897051150521034,-1.957828098564647,0.050376726588187,1092,1107,0.7388586566267427,False
early-cse,speculative-execution,-0.0017636676861060296,-0.24524243788627,0.8062927711133496,1008,1112,0.9942648800181039,False
early-cse,partially-inline-libcalls,0.007045092311459944,0.9750327171599001,0.32965184668836295,1118,1075,0.942058707247174,False
early-cse,load-store-vectorizer,0.00928563872772531,1.3198087461075987,0.1870360804998764,1105,1100,0.8780001857299028,False
early-cse,iroutliner,0.0017918979597253415,0.26126362356466787,0.7939138193778462,1102,1087,0.9942648800181039,False
early-cse,global-merge,-0.0027053198178326188,-0.3713557233650841,0.71040930606996,1095,1052,0.9942648800181039,False
early-cse,break-crit-edges,0.0035899460166003982,0.5017227256809036,0.6159131222970653,1101,1089,0.9874161299839842,False
early-cse,unreachableblockelim,-0.0045862369840873884,-0.6486078443850809,0.5166588908146722,1111,1115,0.9774238917491724,False
mergereturn,globalopt,0.005716181703272205,0.7496634542669203,0.45353983470104553,1079,1063,0.9687293080119685,False
mergereturn,strip-dead-prototypes,0.01611449858879349,2.12045875918729,0.034079132498268924,1130,1089,0.6950723065792767,False
mergereturn,indvars,-0.009768620870327704,-1.351253213879271,0.17675108746178686,1174,1074,0.8754403855060268,False
mergereturn,mergeicmps,-0.004448182813035717,-0.5981077686444453,0.5498293160676875,1084,1129,0.9786961826004837,False
mergereturn,separate-const-offset-from-gep,0.00027758127532906407,0.03741051188645887,0.9701610802905034,1131,1088,0.9989389762895776,False
mergereturn,libcalls-shrinkwrap,0.0032707124696795264,0.4338628485717474,0.6644316553272893,1080,1068,0.9917647591855995,False
mergereturn,flattencfg,0.005596280359034644,0.7634300970176516,0.44528855967306635,1103,1106,0.9687293080119685,False
mergereturn,loop-reduce,0.008142125323309823,1.137948414835297,0.25526509227961536,1090,1128,0.9195460358483637,False
mergereturn,loop-unroll,0.0027573898676403474,0.36965732629394643,0.7116725633398735,1122,1134,0.9942648800181039,False
mergereturn,loop-rotate,0.0022718462824808383,0.3001836045770509,0.764065143911657,1129,1101,0.9942648800181039,False
mergereturn,partial-inliner,0.0033834069452845505,0.4544895874867879,0.6495211733987865,1090,1120,0.9894955426777883,False
mergereturn,lower-expect,0.007488231622309938,1.0236790945977434,0.3060949145241643,1177,1126,0.9302752341567484,False
mergereturn,alignment-from-assumptions,0.002956000674897985,0.3951990580915833,0.6927340657429508,1173,1064,0.9942648800181039,False
mergereturn,rpo-function-attrs,-0.003846867489126604,-0.5259571085127278,0.5989707338906757,1162,1070,0.9874161299839842,False
mergereturn,attributor,-0.005345270865999507,-1.5138978168760822,0.13018958060104355,1143,1153,0.8591664186373942,False
mergereturn,inferattrs,0.0036544644506493196,0.5110713861071937,0.6093528363811842,1143,1062,0.9874161299839842,False
mergereturn,called-value-propagation,0.00487203707169398,0.6588429253737398,0.5100645425760106,1095,1144,0.9774238917491724,False
mergereturn,licm,-0.00672036162051165,-0.8739951164495415,0.3822130771258553,1137,1146,0.9502022310408844,False
mergereturn,loop-simplify,-0.0076708787374793475,-1.0319748386152523,0.3021971244466275,1065,1176,0.9301799375126703,False
mergereturn,div-rem-pairs,0.007465333839651478,1.035404064376424,0.30059094788738044,1144,1120,0.9301799375126703,False
mergereturn,float2int,-0.0005843337611604604,-0.07636201239738381,0.9391382773380879,1041,1089,0.9942648800181039,False
mergereturn,inline,-0.003416230765756867,-0.45475273677187367,0.6493318646985522,1075,1142,0.9894955426777883,False
mergereturn,sink,0.0019705113227984627,0.26322803135386386,0.7923989992109078,1156,1098,0.9942648800181039,False
mergereturn,loop-vectorize,0.01611876332985468,2.1841751067400286,0.029053595609900406,1083,1141,0.6845850224753226,False
mergereturn,slp-vectorizer,-0.004679548223250007,-0.6388447526530096,0.5229893211356018,1145,1096,0.9774238917491724,False
mergereturn,callsite-splitting,0.007298417020182968,0.9782392757319728,0.3280649568093448,1064,1111,0.942058707247174,False
mergereturn,dfa-jump-threading,-0.003176084601558826,-0.43190379196686585,0.6658526777627822,1130,1127,0.9917647591855995,False
mergereturn,consthoist,-0.0058348208456263095,-0.8052275639900635,0.42077379570628637,1140,1107,0.9681527028295874,False
mergereturn,mldst-motion,-0.006150726978692234,-0.8448603481252926,0.3982807893969307,1090,1112,0.9502022310408844,False
mergereturn,slsr,-0.002461616578192327,-0.3305064380091935,0.7410493914400799,1068,1095,0.9942648800181039,False
mergereturn,loop-interchange,-0.02224181269519976,-3.0314924567853923,0.002461982834862451,1086,1132,0.2738255153224361,False
mergereturn,loop-fusion,-0.0015945422354661787,-0.21964776128317448,0.826165215636369,1110,1168,0.9942648800181039,False
mergereturn,loop-distribute,-0.006459061998205562,-0.8491679419334267,0.3958848417284284,1073,1027,0.9502022310408844,False
mergereturn,loop-load-elim,0.008675537121396792,1.1753087511834919,0.2399986909094348,1089,1109,0.9160980818706629,False
mergereturn,loop-sink,-0.00821560976458613,-1.1296336529106867,0.2587530232122625,1077,1145,0.922998223890889,False
mergereturn,loop-unroll-and-jam,-0.00020044174518485391,-0.027642951072792372,0.9779494240663349,1094,1120,0.9990198037713872,False
mergereturn,hotcoldsplit,0.006577947143618423,0.8739511742851678,0.38224229609115457,1076,1084,0.9502022310408844,False
mergereturn,irce,0.003360734098647622,0.44850380688183145,0.6538349441011334,1065,1082,0.9894955426777883,False
mergereturn,nary-reassociate,0.008232060298215604,1.09467125574558,0.27377976482158484,1099,1117,0.9234272483582865,False
mergereturn,scalarizer,-0.012193206294453085,-1.604610262501565,0.10872598612850973,1095,1065,0.8220451385689145,False
mergereturn,vector-combine,0.0009786364864882158,0.1326638950799212,0.8944713530181811,1061,1146,0.9942648800181039,False
mergereturn,always-inline,0.003283945509819197,0.44362471521054514,0.657357698642428,1109,1091,0.9908078588307175,False
mergereturn,globalsplit,-0.008455266015662266,-1.1702771373891605,0.24201453682966292,1123,1110,0.9174529779525266,False
mergereturn,lowerswitch,-0.0025673233591185785,-0.3409887701770826,0.733145259821676,1106,1059,0.9942648800181039,False
mergereturn,early-cse-memssa,0.008724998008037665,1.3273766921116634,0.18452596224436227,1037,1101,0.8754403855060268,False
mergereturn,simple-loop-unswitch,-0.00132794131447328,-0.18226795677117405,0.8553894871941454,1055,1122,0.9942648800181039,False
mergereturn,loop-versioning,0.007408792586198754,0.9972736154167601,0.31873794758062834,1138,1137,0.9373396474768672,False
mergereturn,loop-flatten,0.004866877083367804,0.6742359715194894,0.5002319532652707,1116,1094,0.9774238917491724,False
mergereturn,loop-reroll,-0.00014667118097350107,-0.0196520832903692,0.984322702508168,1097,1099,0.9993802249402087,False
mergereturn,loop-instsimplify,-0.00026781735503117465,-0.035811919819703546,0.9714356271378418,1124,1046,0.9989868476554067,False
mergereturn,loop-simplifycfg,0.006032341430106725,0.8208663459940861,0.41181182421962526,1046,1165,0.9610578686794116,False
mergereturn,loop-predication,-5.520186626234436e-05,-0.00755281757275895,0.9939744585377597,1116,1109,0.9993802249402087,False
mergereturn,speculative-execution,0.0014577663762790904,0.20124213161832918,0.8405276275494867,1123,1108,0.9942648800181039,False
mergereturn,partially-inline-libcalls,0.003960813386248541,0.5319701005192989,0.594800327239346,1118,1094,0.9874161299839842,False
mergereturn,load-store-vectorizer,-0.010752058835149458,-1.460608206002567,0.14426706463258882,1068,1144,0.8648341678559794,False
mergereturn,iroutliner,0.001108743352948638,0.15955432486411408,0.8732473747464549,1069,1056,0.9942648800181039,False
mergereturn,global-merge,3.1154055211368714e-05,0.004196248112585456,0.9966522743766288,1073,1097,0.9993802249402087,False
mergereturn,break-crit-edges,-0.006012373694144035,-0.797005957687361,0.4255359964690491,1073,1071,0.9681527028295874,False
mergereturn,unreachableblockelim,0.003069064924949183,0.4121017509291697,0.680304483552975,1124,1107,0.9933243197125733,False
globalopt,strip-dead-prototypes,0.005326897284997745,0.7199268410450412,0.4716455436783176,1137,1099,0.9705521863870724,False
globalopt,indvars,0.0042800668236783745,0.590556330778696,0.5548788733929686,1081,1109,0.9809315953038664,False
globalopt,mergeicmps,-0.006276075170099149,-0.8539297165153754,0.39323517054803914,1142,1102,0.9502022310408844,False
globalopt,separate-const-offset-from-gep,0.0018043370925668323,0.24060328570420542,0.8098859756355621,1030,1102,0.9942648800181039,False
globalopt,libcalls-shrinkwrap,-0.003391809120185496,-0.45201956396938325,0.6512998837148101,1084,1097,0.9894955426777883,False
globalopt,flattencfg,0.00046262138572689127,0.06266920064126993,0.9500355846455204,1089,1127,0.9942648800181039,False
globalopt,loop-reduce,0.0007849677090898677,0.10756653270401777,0.9143492801611945,1141,1083,0.9942648800181039,False
globalopt,loop-unroll,-0.0001563591427847233,-0.020899987401859377,0.9833273125511711,1129,1096,0.9993802249402087,False
globalopt,loop-rotate,-0.01251165626656503,-1.6175957782069488,0.10589970862809675,1039,1066,0.8216483294072284,False
globalopt,partial-inliner,0.008711825156439146,1.1549390155802852,0.2482392167918673,1094,1137,0.9195460358483637,False
globalopt,lower-expect,0.01293572137134208,1.7960584611002637,0.0726231889680871,1087,1109,0.7840748251100543,False
globalopt,alignment-from-assumptions,-0.003798531540140093,-0.5180144850432981,0.6044997508886314,1133,1092,0.9874161299839842,False
globalopt,rpo-function-attrs,-0.009358011222019014,-1.2227129750943737,0.22157713934501133,1050,1026,0.9085781878347714,False
globalopt,attributor,0.001119740552149029,0.296493265150973,0.7668817752402687,1109,1065,0.9942648800181039,False
globalopt,inferattrs,-0.0004086242466042611,-0.056672400819110104,0.9548115178961766,1072,1048,0.9942648800181039,False
globalopt,called-value-propagation,0.0013381436003003233,0.18153996241253897,0.855960139036213,1143,1108,0.9942648800181039,False
globalopt,licm,0.0025474780482791504,0.32306972011331186,0.7466740773601653,1093,1054,0.9942648800181039,False
globalopt,loop-simplify,-0.0015555868413051899,-0.21089313812048,0.8329898890540318,1099,1138,0.9942648800181039,False
globalopt,div-rem-pairs,-0.0016014327555086694,-0.2170042000572886,0.8282249452304413,1149,1083,0.9942648800181039,False
globalopt,float2int,0.0008406945687766676,0.11445514605001306,0.90888727800025,1126,1113,0.9942648800181039,False
globalopt,inline,-0.0009781095163783338,-0.1358291660057032,0.8919684315252775,1146,1116,0.9942648800181039,False
globalopt,sink,0.0026865185834958893,0.3599070876612984,0.7189511917569952,1080,1121,0.9942648800181039,False
globalopt,loop-vectorize,0.0068601417423071465,0.9546355974288894,0.3398667698012876,1119,1090,0.9465090095851987,False
globalopt,slp-vectorizer,-0.0019963567065146015,-0.26848711211987486,0.7883498706490737,1113,1069,0.9942648800181039,False
globalopt,callsite-splitting,0.007570884550365031,1.0440299761866374,0.2965841810805002,1095,1151,0.9295833521452288,False
globalopt,dfa-jump-threading,-0.004824628280830967,-0.6544310428725278,0.5129017729099462,1098,1138,0.9774238917491724,False
globalopt,consthoist,0.007661289723041864,1.013925856363516,0.31073031079706354,1084,1105,0.9308758552714556,False
globalopt,mldst-motion,-0.0030615233611446246,-0.4157105349167051,0.6776622641660157,1140,1077,0.9933243197125733,False
globalopt,slsr,0.0014285288020768339,0.19667125429170243,0.8441024012788668,1125,1149,0.9942648800181039,False
globalopt,loop-interchange,0.0007915272959495567,0.1090568877033633,0.9131672249818311,1105,1118,0.9942648800181039,False
globalopt,loop-fusion,-0.001994657842439518,-0.2718301331841971,0.7857784957909957,1097,1075,0.9942648800181039,False
globalopt,loop-distribute,-0.0007562867366724957,-0.10352094421202983,0.9175589678682454,1088,1113,0.9942648800181039,False
globalopt,loop-load-elim,0.004037760107372501,0.5473159666743611,0.5842169126529709,1109,1105,0.9874161299839842,False
globalopt,loop-sink,-0.0018285349934570316,-0.24819616386397614,0.8040052009503812,1113,1148,0.9942648800181039,False
globalopt,loop-unroll-and-jam,0.0029217947775422304,0.40904546503584155,0.6825446951300442,1166,1121,0.9933243197125733,False
globalopt,hotcoldsplit,0.008831249118965379,1.2141250616532808,0.22482951936915685,1093,1122,0.9085781878347714,False
globalopt,irce,0.0027208352495789456,0.3675921140223234,0.7132135202876012,1078,1081,0.9942648800181039,False
globalopt,nary-reassociate,-0.002024640078660267,-0.2749412195393046,0.7833877247102244,1088,1072,0.9942648800181039,False
globalopt,scalarizer,-0.002781571838540442,-0.36474794641684105,0.715334976044447,1072,1115,0.9942648800181039,False
globalopt,vector-combine,0.02016175694105571,2.742760906960607,0.006142791947015416,1101,1062,0.4538711936700447,False
globalopt,always-inline,0.0016380043259285326,0.21515922580253036,0.8296642231331466,1041,1055,0.9942648800181039,False
globalopt,globalsplit,-0.009351500348700026,-1.2875900469533597,0.19802160658010365,1139,1105,0.8916107201194358,False
globalopt,lowerswitch,-0.004696437968110145,-0.6312844517058769,0.5279204145219178,1090,1103,0.9774238917491724,False
globalopt,early-cse-memssa,0.000908633266839487,0.14295643669327715,0.8863375086654168,1120,1112,0.9942648800181039,False
globalopt,simple-loop-unswitch,-0.0035668181613706107,-0.47772371851017614,0.6328944040500001,1098,1106,0.9874161299839842,False
globalopt,loop-versioning,-0.011488380823420241,-1.5538128220815786,0.12037240021909029,1094,1118,0.8387514577543729,False
globalopt,loop-flatten,0.009127498975392168,1.223502113727083,0.22127275324817727,1089,1088,0.9085781878347714,False
globalopt,loop-reroll,-0.011233294521843684,-1.5017744213234312,0.13329585405472338,1159,1096,0.8591664186373942,False
globalopt,loop-instsimplify,0.00808618666097477,1.1084681901525102,0.26778034682547314,1121,1094,0.9234272483582865,False
globalopt,loop-simplifycfg,-0.004154204823837659,-0.5601261168165899,0.5754512492913453,1060,1112,0.9870639913381112,False
globalopt,loop-predication,-0.0032644454626386543,-0.42965219994011206,0.6674916546445078,1072,1083,0.9917647591855995,False
globalopt,speculative-execution,0.0020927848431149254,0.29159790025996535,0.7706212593881236,1089,1139,0.9942648800181039,False
globalopt,partially-inline-libcalls,-0.00982906621685109,-1.326898239459233,0.1846763329885664,1147,1116,0.8754403855060268,False
globalopt,load-store-vectorizer,0.008077385236154977,1.1257494241871646,0.2603903822869614,1149,1131,0.922998223890889,False
globalopt,iroutliner,0.004635135308130867,0.6578373789939052,0.5107127965441548,1088,1073,0.9774238917491724,False
globalopt,global-merge,0.00261358559344943,0.3529638644453006,0.7241487211626917,1136,1108,0.9942648800181039,False
globalopt,break-crit-edges,-0.0024445001366355523,-0.3366131213912097,0.736439598684573,1113,1170,0.9942648800181039,False
globalopt,unreachableblockelim,-0.003846430846264126,-0.5103392054149343,0.6098663234604672,1060,1091,0.9874161299839842,False
strip-dead-prototypes,indvars,0.01336377448581394,1.8589689816941624,0.06316226042304744,1130,1126,0.7729977239171516,False
strip-dead-prototypes,mergeicmps,-0.004384072349575052,-0.5917105949159333,0.5541059300250414,1087,1091,0.9809315953038664,False
strip-dead-prototypes,separate-const-offset-from-gep,0.005002079944595339,0.6929362685211486,0.4884234606982255,1084,1095,0.9726252030341583,False
strip-dead-prototypes,libcalls-shrinkwrap,0.023957932132895987,3.1975112046674212,0.0014059356843369405,1110,1090,0.19663014785226637,False
strip-dead-prototypes,flattencfg,-0.002210938542980878,-0.303891800358226,0.7612379473731202,1181,1121,0.9942648800181039,False
strip-dead-prototypes,loop-reduce,0.0012302503581220758,0.1707971695829641,0.8643986779714024,1115,1128,0.9942648800181039,False
strip-dead-prototypes,loop-unroll,-0.00970497811200699,-1.2844721675221462,0.1991142480147162,1149,1025,0.8916107201194358,False
strip-dead-prototypes,loop-rotate,-0.0029206820725624083,-0.3799862325566653,0.7039921327187516,1105,1108,0.9942648800181039,False
strip-dead-prototypes,partial-inliner,-0.002163948258831483,-0.2904497414063066,0.7714993799096833,1108,1110,0.9942648800181039,False
strip-dead-prototypes,lower-expect,-0.008051761153667847,-1.0736733790601138,0.2830868624736795,1102,1100,0.9247897792409351,False
strip-dead-prototypes,alignment-from-assumptions,0.0029201069595511386,0.408738380621472,0.6827701020702738,1153,1127,0.9933243197125733,False
strip-dead-prototypes,rpo-function-attrs,0.013440074770831811,1.8168921494561483,0.06937523557031111,1073,1050,0.7840748251100543,False
strip-dead-prototypes,attributor,1.3705553697507256e-06,0.00037462354656335846,0.9997011279891337,1070,1110,0.9997011279891337,False
strip-dead-prototypes,inferattrs,0.013811225676567562,1.9141908623251247,0.055728220138554996,1089,1071,0.7603892336675309,False
strip-dead-prototypes,called-value-propagation,0.01277916285913705,1.7080830072259923,0.08776265432592847,1054,1140,0.8125947300396654,False
strip-dead-prototypes,licm,0.004564038115212499,0.569662284353653,0.5689675229410451,1045,1064,0.9843765323882029,False
strip-dead-prototypes,loop-simplify,-0.011189733787433598,-1.4911048426153708,0.13607739832421145,1101,1104,0.8592403433953654,False
strip-dead-prototypes,div-rem-pairs,0.006683443666551492,0.9214599444487455,0.3569096063628252,1132,1110,0.9480085994808022,False
strip-dead-prototypes,float2int,0.002778807624425117,0.371982222807394,0.7099421687327652,1077,1119,0.9942648800181039,False
strip-dead-prototypes,inline,0.002996117524133257,0.40851368573137103,0.682935731865711,1087,1156,0.9933243197125733,False
strip-dead-prototypes,sink,0.011690047649014212,1.5836989207868215,0.11340641094235865,1103,1097,0.8280516210713255,False
strip-dead-prototypes,loop-vectorize,-0.013274161150100272,-1.7506813587109105,0.08014230641465399,1065,1112,0.7893959303675203,False
strip-dead-prototypes,slp-vectorizer,0.002870210260336903,0.3810228342851985,0.7032237730473108,1126,1046,0.9942648800181039,False
strip-dead-prototypes,callsite-splitting,-0.019385275112515477,-2.675188888433733,0.007523314775699101,1142,1092,0.5168649238883803,False
strip-dead-prototypes,dfa-jump-threading,-0.0022444188850960223,-0.2975294901788811,0.7660905990748131,1091,1095,0.9942648800181039,False
strip-dead-prototypes,consthoist,0.025075445893850634,3.396712736201695,0.0006941755901470725,1166,1056,0.11819093960938852,False
strip-dead-prototypes,mldst-motion,-0.008702279038096283,-1.1712626324613824,0.2416210110897102,1082,1105,0.9168487203752956,False
strip-dead-prototypes,slsr,0.012690115351879416,1.7450222277339447,0.0811202542504373,1115,1101,0.7906112886290204,False
strip-dead-prototypes,loop-interchange,0.00991844213465648,1.3400293908835532,0.1803737770717147,1090,1119,0.8754403855060268,False
strip-dead-prototypes,loop-fusion,0.006200680213581833,0.8610638355221186,0.3892983946799956,1094,1073,0.9502022310408844,False
strip-dead-prototypes,loop-distribute,0.0036784339252185494,0.48445638221978504,0.6281125608647435,1047,1054,0.9874161299839842,False
strip-dead-prototypes,loop-load-elim,0.006008122393167115,0.8017778206439522,0.4227703436172382,1052,1094,0.9681527028295874,False
strip-dead-prototypes,loop-sink,-0.006794715815872654,-0.9239349559507498,0.3556203675759202,1118,1109,0.9480085994808022,False
strip-dead-prototypes,loop-unroll-and-jam,-6.233417875417535e-05,-0.00808293804444197,0.9935515949626149,1036,1044,0.9993802249402087,False
strip-dead-prototypes,hotcoldsplit,0.005491312554170791,0.7514949554643716,0.4524319983730838,1107,1191,0.9687293080119685,False
strip-dead-prototypes,irce,-0.002058643628702561,-0.27096365908784803,0.78644541408047,1058,1060,0.9942648800181039,False
strip-dead-prototypes,nary-reassociate,-0.015976882692789462,-2.1499147248851345,0.031670151178649984,1144,1075,0.6845850224753226,False
strip-dead-prototypes,scalarizer,0.011483931411232329,1.4726969128638858,0.1409796300135756,1062,1083,0.8648341678559794,False
strip-dead-prototypes,vector-combine,-0.00927534846471828,-1.2655058152544336,0.20582335915691713,1116,1098,0.9033393906863824,False
strip-dead-prototypes,always-inline,-0.00994305538569451,-1.338566252192051,0.1808496019862783,1128,1084,0.8754403855060268,False
strip-dead-prototypes,globalsplit,-0.005510283721718023,-0.7536251577278783,0.4511542675569836,1092,1138,0.9687293080119685,False
strip-dead-prototypes,lowerswitch,0.001296399477399346,0.1744853669912935,0.8615001330240384,1081,1115,0.9942648800181039,False
strip-dead-prototypes,early-cse-memssa,-0.0010005335905368118,-0.15515839923598357,0.8767104171255357,1140,1103,0.9942648800181039,False
strip-dead-prototypes,simple-loop-unswitch,-0.002010165843456646,-0.27433239088960154,0.7838550034125031,1123,1086,0.9942648800181039,False
strip-dead-prototypes,loop-versioning,-0.006019253167225458,-0.7792932370206216,0.4358938025878582,1044,1094,0.9687293080119685,False
strip-dead-prototypes,loop-flatten,0.005891720742563722,0.7833662343319349,0.43349690466943913,1063,1135,0.9687293080119685,False
strip-dead-prototypes,loop-reroll,-0.0033014169527313397,-0.4402081304367236,0.6598293564758325,1097,1123,0.9908078588307175,False
strip-dead-prototypes,loop-instsimplify,-0.005453851024607159,-0.7447555228380687,0.4564994448049311,1113,1083,0.9687293080119685,False
strip-dead-prototypes,loop-simplifycfg,0.0008084174555529899,0.11076798931158081,0.9118103536436986,1120,1103,0.9942648800181039,False
strip-dead-prototypes,loop-predication,-0.003381541984516845,-0.4562904346924861,0.648226455424857,1085,1106,0.9894955426777883,False
strip-dead-prototypes,speculative-execution,-0.001054165150915387,-0.14194244858852714,0.8871384171008586,1093,1117,0.9942648800181039,False
strip-dead-prototypes,partially-inline-libcalls,-0.006392536933245818,-0.8612930050020379,0.38916924456877866,1130,1103,0.9502022310408844,False
strip-dead-prototypes,load-store-vectorizer,-0.003514527223352104,-0.4739347351338038,0.6355936072498507,1112,1084,0.9880033518103314,False
strip-dead-prototypes,iroutliner,0.01366871692367222,1.9374111946958863,0.052820870152036854,1148,1099,0.7471468075780253,False
strip-dead-prototypes,global-merge,0.0019090618410254612,0.25090802018522457,0.8019090380710723,1076,1091,0.9942648800181039,False
strip-dead-prototypes,break-crit-edges,-0.023167346495694685,-3.1039766150418346,0.0019332062216804655,1121,1126,0.2521079320564352,False
strip-dead-prototypes,unreachableblockelim,-0.00557167218624216,-0.7689097966917715,0.442027596203534,1113,1162,0.9687293080119685,False
indvars,mergeicmps,0.0017108907006930796,0.2343793540968761,0.8147122176649365,1111,1099,0.9942648800181039,False
indvars,separate-const-offset-from-gep,0.010384488611087095,1.392010343935465,0.16405870210409915,1108,1114,0.8754403855060268,False
indvars,libcalls-shrinkwrap,0.0037426923050224437,0.5183178424591556,0.6042871867097632,1119,1148,0.9874161299839842,False
indvars,flattencfg,0.0027131005257050034,0.3584684505712636,0.720028162602676,1094,1056,0.9942648800181039,False
indvars,loop-reduce,0.0022659769863882517,0.30636713561497997,0.7593536883527572,1098,1139,0.9942648800181039,False
indvars,loop-unroll,-0.004853314671564135,-0.6459325093337661,0.5183915669595682,1052,1123,0.9774238917491724,False
indvars,loop-rotate,0.009467850784378173,1.2226344370780873,0.22160244443350255,1069,1074,0.9085781878347714,False
indvars,partial-inliner,0.006601886032623794,0.8865435864878025,0.37542256184935624,1084,1096,0.9502022310408844,False
indvars,lower-expect,-0.008839323688648093,-1.1960700407206193,0.2317977103977155,1119,1090,0.9121894118219415,False
indvars,alignment-from-assumptions,0.01120348816066924,1.5288517670494133,0.1264478432551429,1089,1074,0.8493257906816626,False
indvars,rpo-function-attrs,0.005530035725014537,0.7485656238665436,0.4541986541771573,1091,1123,0.9687293080119685,False
indvars,attributor,0.00010766273855611352,0.030858231045658612,0.975385418960413,1091,1098,0.9990198037713872,False
indvars,inferattrs,-0.006486705327225728,-0.9171242539055694,0.3591771165728795,1099,1134,0.9480085994808022,False
indvars,called-value-propagation,-0.009493541004266637,-1.2650801458385548,0.20598034727353043,1098,1047,0.9033393906863824,False
indvars,licm,0.0004218330080772992,0.056045588867836366,0.9553103977399242,1140,1144,0.994416671331617,False
indvars,loop-simplify,-0.007344240241369593,-1.0038448051190219,0.31556412292959085,1112,1084,0.9368614151661391,False
indvars,div-rem-pairs,-0.0014542174715719836,-0.2002799638906436,0.841280186580853,1089,1108,0.9942648800181039,False
indvars,float2int,-0.0016937070157573286,-0.22149399394645983,0.8247290175602465,1075,1061,0.9942648800181039,False
indvars,inline,0.0017511804779002937,0.24077342679614527,0.8097528858051031,1128,1105,0.9942648800181039,False
indvars,sink,0.0016605053476819731,0.22470883316788598,0.822226183293777,1126,1129,0.9942648800181039,False
indvars,loop-vectorize,-0.0024924802074183794,-0.3571071241929145,0.7210441147283889,1143,1181,0.9942648800181039,False
indvars,slp-vectorizer,0.008447977218012215,1.1672715296987373,0.24323072996910378,1136,1040,0.9182077465862053,False
indvars,callsite-splitting,0.007181913093290915,0.9945853136520152,0.3200443943694965,1123,1141,0.9373396474768672,False
indvars,dfa-jump-threading,-0.0037388942122183466,-0.5048289475313334,0.6137291526521715,1100,1121,0.9874161299839842,False
indvars,consthoist,-0.004723016228789623,-0.6343927052534377,0.52588867958821,1152,1116,0.9774238917491724,False
indvars,mldst-motion,-0.008931815225147077,-1.2089223197775352,0.2268226001857975,1107,1095,0.9101672216856134,False
indvars,slsr,-0.012625152058093947,-1.7075966482436535,0.08785033963007523,1124,1109,0.8125947300396654,False
indvars,loop-interchange,0.006793967176716376,0.9133959955851693,0.36113773664983756,1066,1067,0.9480085994808022,False
indvars,loop-fusion,-0.0018760188514106435,-0.24677918302187157,0.8051023372708845,1081,1103,0.9942648800181039,False
indvars,loop-distribute,-0.00808292224258983,-1.0879618575132624,0.276732961836354,1091,1080,0.9234272483582865,False
indvars,loop-load-elim,0.004364254425569203,0.6111640551501336,0.5411519670517007,1174,1120,0.977995703783708,False
indvars,loop-sink,-0.012455080708881905,-1.715594827964749,0.08637372725657963,1173,1088,0.8125947300396654,False
indvars,loop-unroll-and-jam,-0.007061555630390515,-0.9775324836419993,0.32840949992378315,1140,1139,0.942058707247174,False
indvars,hotcoldsplit,-0.008643431112184963,-1.1800035544973302,0.23812229909153904,1126,1156,0.9153351961594847,False
indvars,irce,0.012360431761360535,1.7022136842061844,0.08885760445920453,1049,1176,0.8125947300396654,False
indvars,nary-reassociate,-0.002436789861014921,-0.3370462891039432,0.7361129879364069,1137,1148,0.9942648800181039,False
indvars,scalarizer,-0.001051860724243403,-0.1359741966928017,0.8918545138525469,1032,1122,0.9942648800181039,False
indvars,vector-combine,-0.005733625147611332,-0.7735783844591837,0.43926294245850667,1112,1099,0.9687293080119685,False
indvars,always-inline,-0.0034484211916496754,-0.46304553193636755,0.6433781667785321,1104,1070,0.9894955426777883,False
indvars,globalsplit,-0.002565431907554705,-0.3508442498078431,0.7257384369514764,1137,1092,0.9942648800181039,False
indvars,lowerswitch,0.0120064889705509,1.648036055351633,0.09949030214215403,1123,1068,0.8216483294072284,False
indvars,early-cse-memssa,-0.0012637245822834653,-0.1909769105326508,0.8485616144664415,1087,1077,0.9942648800181039,False
indvars,simple-loop-unswitch,-0.0014821167699083926,-0.21180812598532958,0.8322754733148542,1141,1165,0.9942648800181039,False
indvars,loop-versioning,-0.0008688828711892471,-0.11415650649388452,0.909124249480126,1058,1159,0.9942648800181039,False
indvars,loop-flatten,-0.004923209539970885,-0.6660824984608413,0.5054305439112521,1059,1072,0.9774238917491724,False
indvars,loop-reroll,-0.01221546580662547,-1.6121127129465977,0.10708535516846802,1056,1095,0.8216483294072284,False
indvars,loop-instsimplify,0.009434646176159411,1.2741484980904814,0.2027456830147746,1106,1091,0.8981358537170332,False
indvars,loop-simplifycfg,-0.0034963020308063086,-0.45970009762778313,0.6457786287871808,1043,1082,0.9894955426777883,False
indvars,loop-predication,0.004418450753073899,0.6155092049585187,0.5382811403038117,1143,1096,0.9774238917491724,False
indvars,speculative-execution,-0.005329935538699815,-0.7207687151424164,0.47112700436725885,1124,1120,0.9705521863870724,False
indvars,partially-inline-libcalls,0.000560616713905282,0.07791847302352505,0.9378995751061331,1165,1174,0.9942648800181039,False
indvars,load-store-vectorizer,-0.0066522120065976575,-0.9175996097912518,0.35892850555838957,1087,1136,0.9480085994808022,False
indvars,iroutliner,0.004531061863859098,0.6451148173245911,0.5189189111620214,1120,1120,0.9774238917491724,False
indvars,global-merge,0.01197758547787331,1.6305570099816284,0.10313112117238817,1113,1050,0.8216483294072284,False
indvars,break-crit-edges,-0.006263943112133519,-0.8538421451710498,0.3932848366678194,1116,1100,0.9502022310408844,False
indvars,unreachableblockelim,0.0023739065921843383,0.32486026162403636,0.7453178083676556,1105,1095,0.9942648800181039,False
mergeicmps,separate-const-offset-from-gep,-0.003304225467758326,-0.4513106458944436,0.6518095923813685,1130,1102,0.9894955426777883,False
mergeicmps,libcalls-shrinkwrap,0.0014884455570203792,0.2009964863506213,0.8407198355226169,1101,1110,0.9942648800181039,False
mergeicmps,flattencfg,-0.0077694210658789675,-1.0464066017283118,0.29549026365982833,1069,1100,0.9279993210434955,False
mergeicmps,loop-reduce,0.006403438531089156,0.8476987356895986,0.3966978258536237,1134,1076,0.9502022310408844,False
mergeicmps,loop-unroll,-0.004489679339257813,-0.6178491645807447,0.5367379588063237,1154,1078,0.9774238917491724,False
mergeicmps,loop-rotate,-0.008901050325075544,-1.186627712678744,0.23549736278376893,1224,1087,0.9148885641480548,False
mergeicmps,partial-inliner,-0.006218196976224388,-0.8324712559754555,0.4052335443456906,1076,1124,0.9539704840807026,False
mergeicmps,lower-expect,-0.012585850774972318,-1.7091293235802085,0.0875715512548834,1121,1041,0.8125947300396654,False
mergeicmps,alignment-from-assumptions,0.00839827358361972,1.1418055366940316,0.2536596479446142,1098,1095,0.9195460358483637,False
mergeicmps,rpo-function-attrs,-0.006373187096924415,-0.8694303409396095,0.3847062135227021,1136,1087,0.9502022310408844,False
mergeicmps,attributor,-0.003676934815619315,-0.9910578643882716,0.32176518236397944,1113,1151,0.938165132582985,False
mergeicmps,inferattrs,-0.010573504805775347,-1.5059709703026662,0.13221562231542028,1140,1102,0.8591664186373942,False
mergeicmps,called-value-propagation,0.010697755222611016,1.3855606473409965,0.16602800616013674,1066,1042,0.8754403855060268,False
mergeicmps,licm,-0.0027814535279134245,-0.3672420999245316,0.7134739022341334,1096,1098,0.9942648800181039,False
mergeicmps,loop-simplify,0.014981121134221176,2.1330659483034786,0.03302436532384194,1134,1180,0.6889281755959429,False
mergeicmps,div-rem-pairs,0.004860031277500676,0.6472397197332237,0.5175445125684914,1092,1105,0.9774238917491724,False
mergeicmps,float2int,-0.009293432105869026,-1.2429567953089027,0.21401864939120704,1080,1083,0.9085781878347714,False
mergeicmps,inline,-0.004162551696251182,-0.5465797317430902,0.5847241552374054,1072,1087,0.9874161299839842,False
mergeicmps,sink,-0.005649477527720548,-0.7724396353071039,0.43993663768474184,1123,1091,0.9687293080119685,False
mergeicmps,loop-vectorize,-0.007400955855033364,-1.0222672162208237,0.306768261642884,1069,1114,0.9302752341567484,False
mergeicmps,slp-vectorizer,-0.012854808597577094,-1.6993948068396425,0.0893913438466361,1055,1085,0.8125947300396654,False
mergeicmps,callsite-splitting,-0.0012533813884652023,-0.16552327073988835,0.8685475302595971,1060,1117,0.9942648800181039,False
mergeicmps,dfa-jump-threading,0.011867342173834283,1.6206540210378937,0.10523507238599224,1083,1121,0.8216483294072284,False
mergeicmps,consthoist,-0.011125859959834283,-1.4725916795482747,0.141002673761848,1115,1111,0.8648341678559794,False
mergeicmps,mldst-motion,0.005801166233840804,0.7661227743457015,0.44368997932784904,1028,1071,0.9687293080119685,False
mergeicmps,slsr,-0.0006851016667376864,-0.09374574824463075,0.925319714480189,1062,1140,0.9942648800181039,False
mergeicmps,loop-interchange,-0.008091446186227869,-1.1184517761629467,0.26349919900550767,1037,1129,0.922998223890889,False
mergeicmps,loop-fusion,-0.0036699261228356206,-0.4997857955886098,0.617275576537143,1126,1095,0.9874161299839842,False
mergeicmps,loop-distribute,0.009095358244262386,1.2106895502997066,0.22614792582012525,1100,1057,0.909373188550944,False
mergeicmps,loop-load-elim,0.000511923851092333,0.06852925183506116,0.9453706269267601,1099,1087,0.9942648800181039,False
mergeicmps,loop-sink,-0.0026901504150675937,-0.3672159396002168,0.7134932214542653,1117,1088,0.9942648800181039,False
mergeicmps,loop-unroll-and-jam,-0.0046621338539724055,-0.6397014993435481,0.5224322918342764,1110,1126,0.9774238917491724,False
mergeicmps,hotcoldsplit,-0.004935800966140491,-0.6669304688893696,0.5048864476385696,1119,1088,0.9774238917491724,False
mergeicmps,irce,-0.000366542774248968,-0.04983241457299783,0.9602604093559836,1143,1087,0.9958632847028686,False
mergeicmps,nary-reassociate,0.0050384311111345,0.6670550779097486,0.50480734430706,1129,1062,0.9774238917491724,False
mergeicmps,scalarizer,0.004361335060304838,0.5647418031223979,0.5723071310879098,1075,1121,0.9865737009134377,False
mergeicmps,vector-combine,-0.008964638897696386,-1.2178562183449724,0.22340820711169707,1092,1145,0.9085781878347714,False
mergeicmps,always-inline,-0.0013114404492983178,-0.17300465422770858,0.8626641360429141,1074,1069,0.9942648800181039,False
mergeicmps,globalsplit,-0.007960674635321685,-1.0867276737562996,0.27727525325187746,1131,1092,0.9234272483582865,False
mergeicmps,lowerswitch,-0.001954610841914506,-0.2645153850154,0.7914081378364858,1097,1058,0.9942648800181039,False
mergeicmps,early-cse-memssa,-0.00036419397908371565,-0.056547608269673706,0.9549106776680513,1109,1105,0.9942648800181039,False
mergeicmps,simple-loop-unswitch,0.010651100497667376,1.4581123923305126,0.14494917527605208,1098,1155,0.8648341678559794,False
mergeicmps,loop-versioning,-0.004832407640982916,-0.6378304716420429,0.523650706379143,1092,1101,0.9774238917491724,False
mergeicmps,loop-flatten,0.0011948744907073205,0.1627632533016427,0.8707199879201998,1066,1109,0.9942648800181039,False
mergeicmps,loop-reroll,0.00484421892279524,0.654605082647873,0.5127916467213955,1104,1069,0.9774238917491724,False
mergeicmps,loop-instsimplify,0.0002896913959115621,0.04041765195755635,0.9677636924584387,1181,1111,0.9983466251823186,False
mergeicmps,loop-simplifycfg,0.013908329945853726,1.8429923632491,0.06546241186484683,1094,1144,0.7768206207961823,False
mergeicmps,loop-predication,0.004577201177512424,0.617765027540269,0.5367941124901475,1067,1151,0.9774238917491724,False
mergeicmps,speculative-execution,0.0082781074507427,1.1670449535088951,0.2433158835233075,1148,1111,0.9182077465862053,False
mergeicmps,partially-inline-libcalls,0.01478146599462038,2.0162410433395426,0.0438925272508863,1128,1141,0.7108785336882624,False
mergeicmps,load-store-vectorizer,-0.006356918961033131,-0.8414167128875776,0.4002082103271112,1091,1069,0.9502022310408844,False
mergeicmps,iroutliner,-0.0021852407059200774,-0.3105946788852461,0.7561381180103544,1106,1104,0.9942648800181039,False
mergeicmps,global-merge,-0.004536306193101358,-0.6160402111066561,0.5379326440271371,1065,1118,0.9774238917491724,False
mergeicmps,break-crit-edges,-0.006896218181519531,-0.9384697602806916,0.34810647946993156,1109,1085,0.947888706648844,False
mergeicmps,unreachableblockelim,-0.005508762522796751,-0.7394065637598876,0.4597405942424852,1089,1074,0.9687293080119685,False
separate-const-offset-from-gep,libcalls-shrinkwrap,-0.016523795739905867,-2.222935574874629,0.02632251472167641,1079,1103,0.6624199781144244,False
separate-const-offset-from-gep,flattencfg,0.00423247472893129,0.5702970689813733,0.5685358479280793,1075,1076,0.9843765323882029,False
separate-const-offset-from-gep,loop-reduce,0.0013352706805128678,0.18330700781012813,0.8545735866146881,1133,1131,0.9942648800181039,False
separate-const-offset-from-gep,loop-unroll,-0.00638194505818257,-0.8585234204171194,0.39069469705272825,1114,1148,0.9502022310408844,False
separate-const-offset-from-gep,loop-rotate,-0.00030473142891462857,-0.04064809137487595,0.9675801371834,1141,1069,0.9983466251823186,False
separate-const-offset-from-gep,partial-inliner,0.009961582780055822,1.3077085762367797,0.19110922380979095,1100,1096,0.8780001857299028,False
separate-const-offset-from-gep,lower-expect,-0.006970077530791818,-0.9370650591889768,0.34883082654400316,1051,1115,0.947888706648844,False
separate-const-offset-from-gep,alignment-from-assumptions,0.012350852512823196,1.6721669122103398,0.09463498635295815,1120,1069,0.8216483294072284,False
separate-const-offset-from-gep,rpo-function-attrs,-0.003919880919995733,-0.5307545446455304,0.595642141818625,1109,1109,0.9874161299839842,False
separate-const-offset-from-gep,attributor,0.006265626239966238,1.6844904168169132,0.09223432577214585,1066,1058,0.8216483294072284,False
separate-const-offset-from-gep,inferattrs,0.0021442540081646477,0.3016555026423624,0.7629429712741754,1081,1142,0.9942648800181039,False
separate-const-offset-from-gep,called-value-propagation,0.00580982891241133,0.7973476154446377,0.42533610596591087,1080,1103,0.9681527028295874,False
separate-const-offset-from-gep,licm,-0.0008345427290548657,-0.10938609478715634,0.9129062453192454,1076,1125,0.9942648800181039,False
separate-const-offset-from-gep,loop-simplify,-0.0002809269980058593,-0.039058489769404306,0.9688471834369412,1167,1116,0.9989389762895776,False
separate-const-offset-from-gep,div-rem-pairs,-0.0017839109332021263,-0.24067673316361857,0.8098279637943521,1095,1129,0.9942648800181039,False
separate-const-offset-from-gep,float2int,-0.007264172444327199,-0.970102600611588,0.33210606354913763,1055,1077,0.9423126475181534,False
separate-const-offset-from-gep,inline,-0.006489905134694551,-0.8709811809636022,0.3838606593234559,1100,1076,0.9502022310408844,False
separate-const-offset-from-gep,sink,0.0029077506120464003,0.38605979748710656,0.6994898361659257,1073,1125,0.9942648800181039,False
separate-const-offset-from-gep,loop-vectorize,0.005888322861714312,0.8076469499367234,0.4193816952633848,1103,1086,0.9678694894378662,False
separate-const-offset-from-gep,slp-vectorizer,0.004231254202895551,0.5732815808951064,0.5665126423523353,1059,1188,0.982993549686316,False
separate-const-offset-from-gep,callsite-splitting,0.006912883290740912,0.9037124986963376,0.36625342853626247,1065,1013,0.9502022310408844,False
separate-const-offset-from-gep,dfa-jump-threading,-0.009550241988383557,-1.3362226167301208,0.1816110412860697,1126,1136,0.8754403855060268,False
separate-const-offset-from-gep,consthoist,0.00406582305496439,0.5583688993921054,0.5766470692937888,1149,1146,0.9874161299839842,False
separate-const-offset-from-gep,mldst-motion,-0.0008631118751561417,-0.11770041159399158,0.9063157523145335,1115,1095,0.9942648800181039,False
separate-const-offset-from-gep,slsr,0.00409960244173152,0.5541790302100853,0.5795132248845387,1141,1056,0.9874161299839842,False
separate-const-offset-from-gep,loop-interchange,0.0073030045786073305,0.9860062076362721,0.3242409370799929,1121,1046,0.941513876021561,False
separate-const-offset-from-gep,loop-fusion,-0.0017312166204960233,-0.24006791778662723,0.8102990235851315,1151,1150,0.9942648800181039,False
separate-const-offset-from-gep,loop-distribute,-0.0033174728161048384,-0.4521204061063604,0.6512267975528149,1106,1097,0.9894955426777883,False
separate-const-offset-from-gep,loop-load-elim,0.00131816832155901,0.1759119821764009,0.8603795361215564,1083,1085,0.9942648800181039,False
separate-const-offset-from-gep,loop-sink,0.010046840011478986,1.3270414273760276,0.18463843466638066,1111,1020,0.8754403855060268,False
separate-const-offset-from-gep,loop-unroll-and-jam,0.009973136730831111,1.3421065469622722,0.1797067529041351,1042,1057,0.8754403855060268,False
separate-const-offset-from-gep,hotcoldsplit,0.0031491609443090596,0.428070381131278,0.6686416987911754,1054,1164,0.9921943510671629,False
separate-const-offset-from-gep,irce,0.004729745720311762,0.6315455831057724,0.527753269634738,1008,1081,0.9774238917491724,False
separate-const-offset-from-gep,nary-reassociate,-0.004697366216875665,-0.6387879114448443,0.523025562234415,1155,1111,0.9774238917491724,False
separate-const-offset-from-gep,scalarizer,-0.0021260386757676053,-0.28470583853613,0.775895639620091,1163,1105,0.9942648800181039,False
separate-const-offset-from-gep,vector-combine,0.0037984987571964557,0.5122934238504766,0.6084971149711494,1094,1107,0.9874161299839842,False
separate-const-offset-from-gep,always-inline,-0.007824522727936045,-1.0696617337617529,0.2848871580731893,1103,1134,0.9247897792409351,False
separate-const-offset-from-gep,globalsplit,-0.00737163022955023,-1.006413580942033,0.3143276790079883,1066,1141,0.9359857799679167,False
separate-const-offset-from-gep,lowerswitch,0.0014956774455019417,0.20025389538616076,0.8413004238193066,1115,1100,0.9942648800181039,False
separate-const-offset-from-gep,early-cse-memssa,-0.011091273802497026,-1.6828414890102026,0.0925484710304192,1088,1102,0.8216483294072284,False
separate-const-offset-from-gep,simple-loop-unswitch,-0.006620870118739242,-0.9020040746454144,0.3671520035362003,1118,1119,0.9502022310408844,False
separate-const-offset-from-gep,loop-versioning,0.0014397801532649024,0.195279108041031,0.845192296486221,1152,1089,0.9942648800181039,False
separate-const-offset-from-gep,loop-flatten,-0.002103608854791661,-0.2910339640226726,0.7710523968134442,1118,1115,0.9942648800181039,False
separate-const-offset-from-gep,loop-reroll,0.006533094087107172,0.8924972921298497,0.3722210464038492,1119,1153,0.9502022310408844,False
separate-const-offset-from-gep,loop-instsimplify,0.005050502372181187,0.6870144425904856,0.4921463860619037,1108,1084,0.9768095528729928,False
separate-const-offset-from-gep,loop-simplifycfg,0.006933103977902422,0.9430553460636608,0.3457565853664246,1076,1117,0.9478434106605946,False
separate-const-offset-from-gep,loop-predication,0.007830580006193022,1.0572570142912259,0.2905093552458889,1098,1126,0.9279993210434955,False
separate-const-offset-from-gep,speculative-execution,-0.01007605810756923,-1.366141712198736,0.17203295536349714,1093,1132,0.8754403855060268,False
separate-const-offset-from-gep,partially-inline-libcalls,0.00024724503756928806,0.033656380872102015,0.9731541879439979,1119,1103,0.9990198037713872,False
separate-const-offset-from-gep,load-store-vectorizer,0.006136786343430567,0.8329995716334218,0.4049331871847021,1115,1146,0.9539704840807026,False
separate-const-offset-from-gep,iroutliner,0.0047293146083527415,0.689770183837472,0.49041046839734576,1107,1128,0.974846393017262,False
separate-const-offset-from-gep,global-merge,-0.005300117588962094,-0.7237695413043558,0.4692822944539259,1139,1119,0.9705521863870724,False
separate-const-offset-from-gep,break-crit-edges,-0.0029390706991245796,-0.3892320999479876,0.6971426225167777,1073,1103,0.9942648800181039,False
separate-const-offset-from-gep,unreachableblockelim,-0.004106273993733145,-0.5529145233701517,0.5803766388186274,1139,1123,0.9874161299839842,False
libcalls-shrinkwrap,flattencfg,-0.01004475040241043,-1.3455729512512957,0.17858076759537958,1084,1100,0.8754403855060268,False
libcalls-shrinkwrap,loop-reduce,-0.0071352303224301306,-0.9954218362352008,0.3196369248252039,1151,1128,0.9373396474768672,False
libcalls-shrinkwrap,loop-unroll,0.0068319417079552025,0.9303482936351162,0.35229207886576946,1142,1094,0.9480085994808022,False
libcalls-shrinkwrap,loop-rotate,0.004510056126771189,0.579135288407318,0.5625578892584129,1133,1050,0.982594422094534,False
libcalls-shrinkwrap,partial-inliner,0.003266333474794769,0.4530875020583796,0.6505295217413991,1108,1143,0.9894955426777883,False
libcalls-shrinkwrap,lower-expect,-0.00381450016931717,-0.520747709192582,0.602595921110892,1117,1045,0.9874161299839842,False
libcalls-shrinkwrap,alignment-from-assumptions,0.00436309951036995,0.5873895027686676,0.5570032102772031,1096,1078,0.9809315953038664,False
libcalls-shrinkwrap,rpo-function-attrs,0.010953807986609554,1.475110998397897,0.14032832110389648,1096,1077,0.8648341678559794,False
libcalls-shrinkwrap,attributor,0.0014166370762852543,0.39496470030365477,0.6929078138964677,1076,1107,0.9942648800181039,False
libcalls-shrinkwrap,inferattrs,-0.006606354868517128,-0.9322897348413213,0.35128653090652673,1166,1096,0.9480085994808022,False
libcalls-shrinkwrap,called-value-propagation,0.0033950035869604323,0.463647031313689,0.6429462506821748,1097,1118,0.9894955426777883,False
libcalls-shrinkwrap,licm,-0.008568140385366352,-1.0949732677429374,0.27365071427769977,1102,1057,0.9234272483582865,False
libcalls-shrinkwrap,loop-simplify,0.01658969901389945,2.282766158712822,0.02253737326824036,1132,1115,0.6583805678086954,False
libcalls-shrinkwrap,div-rem-pairs,0.01301864692774718,1.7815179549722742,0.07496525803850687,1118,1104,0.7840748251100543,False
libcalls-shrinkwrap,float2int,-0.007191347129996695,-0.9751969293713998,0.32956908489376685,1154,1069,0.942058707247174,False
libcalls-shrinkwrap,inline,0.006385687786434835,0.8728166723963634,0.38285507449182893,1121,1159,0.9502022310408844,False
libcalls-shrinkwrap,sink,-0.0012792178933271892,-0.1746227894964897,0.8613923104745193,1061,1124,0.9942648800181039,False
libcalls-shrinkwrap,loop-vectorize,0.00697731211478686,0.9422025045834562,0.3461887146951954,1141,1144,0.9478434106605946,False
libcalls-shrinkwrap,slp-vectorizer,0.008117637837526226,1.105177818991391,0.2692040326569682,1088,1103,0.9234272483582865,False
libcalls-shrinkwrap,callsite-splitting,0.004584886931396415,0.6190768439435317,0.5359304244817279,1080,1103,0.9774238917491724,False
libcalls-shrinkwrap,dfa-jump-threading,0.0032295392301701087,0.43302864599066543,0.6650373610343635,1167,1016,0.9917647591855995,False
libcalls-shrinkwrap,consthoist,-0.015364011397054789,-2.0596868916933775,0.039548269112026156,1113,1052,0.7108785336882624,False
libcalls-shrinkwrap,mldst-motion,0.005370988258753984,0.7463703718178717,0.45551846842765675,1201,1153,0.9687293080119685,False
libcalls-shrinkwrap,slsr,0.0040536557066764844,0.5517444597947997,0.5811795025344966,1102,1100,0.9874161299839842,False
libcalls-shrinkwrap,loop-interchange,0.0005431808620582346,0.0735775831489792,0.9413534897098166,1046,1064,0.9942648800181039,False
libcalls-shrinkwrap,loop-fusion,0.0003408739684990225,0.04474155203499958,0.9643174945669164,1066,1073,0.9971659119947306,False
libcalls-shrinkwrap,loop-distribute,-0.005982992830914857,-0.799950906335408,0.4238268379275831,1049,1138,0.9681527028295874,False
libcalls-shrinkwrap,loop-load-elim,-0.0032659159490922574,-0.44232331937012387,0.6582983550262739,1089,1148,0.9908078588307175,False
libcalls-shrinkwrap,loop-sink,-0.010064736099940186,-1.3116590757448396,0.18977814018371353,1053,1058,0.8780001857299028,False
libcalls-shrinkwrap,loop-unroll-and-jam,0.0007927816264307053,0.10775447982583895,0.9142003128206747,1070,1147,0.9942648800181039,False
libcalls-shrinkwrap,hotcoldsplit,8.499848466902993e-06,0.0011318488344318983,0.9990970213032067,1064,1072,0.9996075460969231,False
libcalls-shrinkwrap,irce,-0.0015378344196217975,-0.21150077002941298,0.8325155262408428,1129,1142,0.9942648800181039,False
libcalls-shrinkwrap,nary-reassociate,-0.0027592062719434263,-0.3704692158181487,0.7110681862392954,1147,1087,0.9942648800181039,False
libcalls-shrinkwrap,scalarizer,-0.000331034196038027,-0.04317151916489706,0.9655687845736883,1069,1105,0.9979327950357781,False
libcalls-shrinkwrap,vector-combine,-0.008214664952211903,-1.1244356853473703,0.26095112269260734,1073,1135,0.922998223890889,False
libcalls-shrinkwrap,always-inline,-0.005715200550397925,-0.7672335840181095,0.4430247848964595,1145,1069,0.9687293080119685,False
libcalls-shrinkwrap,globalsplit,0.009190377293272933,1.2501640481524696,0.21136764875509412,1149,1138,0.9085781878347714,False
libcalls-shrinkwrap,lowerswitch,-0.0066397864402025775,-0.8945658980457555,0.3711182633790399,1082,1093,0.9502022310408844,False
libcalls-shrinkwrap,early-cse-memssa,-0.0018269186722932873,-0.2759876900232572,0.7825832948915532,1127,1090,0.9942648800181039,False
libcalls-shrinkwrap,simple-loop-unswitch,0.004174158025476216,0.5688599927541044,0.5695079419019019,1105,1148,0.9846327154471735,False
libcalls-shrinkwrap,loop-versioning,0.013720399375599213,1.807106397609907,0.07089136901065665,1064,1021,0.7840748251100543,False
libcalls-shrinkwrap,loop-flatten,-0.00505400808895351,-0.6821459827105958,0.4952174074516567,1141,1101,0.9774238917491724,False
libcalls-shrinkwrap,loop-reroll,0.0050370869631571336,0.6767330208187289,0.4986475125606129,1068,1107,0.9774238917491724,False
libcalls-shrinkwrap,loop-instsimplify,0.004937743060650479,0.6737994672050592,0.5005084139387712,1147,1098,0.9774238917491724,False
libcalls-shrinkwrap,loop-simplifycfg,-0.007107579218014526,-0.9603834451726554,0.3369693701052761,1099,1071,0.9441889704650352,False
libcalls-shrinkwrap,loop-predication,-0.005637078956304997,-0.7594237010851347,0.44768052486123017,1069,1137,0.9687293080119685,False
libcalls-shrinkwrap,speculative-execution,-0.00343761887780758,-0.4493428996370004,0.6532300088847366,1034,1117,0.9894955426777883,False
libcalls-shrinkwrap,partially-inline-libcalls,0.001965616042062579,0.27028276928178935,0.7869679119772495,1125,1097,0.9942648800181039,False
libcalls-shrinkwrap,load-store-vectorizer,-0.002262944638703468,-0.30461533554167003,0.7606878745340494,1083,1125,0.9942648800181039,False
libcalls-shrinkwrap,iroutliner,-0.00042583380564803486,-0.06265982104302993,0.9500428617652842,1147,1150,0.9942648800181039,False
libcalls-shrinkwrap,global-merge,-0.003157006689308739,-0.4189457989477132,0.6752962403604285,1117,1107,0.9933243197125733,False
libcalls-shrinkwrap,break-crit-edges,0.004861565483764596,0.6476764402514316,0.5172627624246812,1087,1085,0.9774238917491724,False
libcalls-shrinkwrap,unreachableblockelim,0.0007081089654095707,0.09604587905973608,0.9234927520979046,1093,1155,0.9942648800181039,False
flattencfg,loop-reduce,0.011415279559485458,1.6076526740126742,0.10805640695728362,1082,1096,0.8216483294072284,False
flattencfg,loop-unroll,0.003442582761064683,0.47311060394201365,0.6361806133266469,1113,1119,0.9880033518103314,False
flattencfg,loop-rotate,0.00398367831220281,0.5258426296161614,0.599050252577161,1097,1118,0.9874161299839842,False
flattencfg,partial-inliner,0.003628284044938146,0.49398408669381894,0.6213665167376385,1108,1104,0.9874161299839842,False
flattencfg,lower-expect,-0.017695833579923992,-2.376500955986833,0.017565049649064662,1068,1099,0.609539560078501,False
flattencfg,alignment-from-assumptions,0.00512715343019432,0.7010153361020116,0.483365874160428,1116,1138,0.9726252030341583,False
flattencfg,rpo-function-attrs,0.009903376922259899,1.3741271221253712,0.1695362948829169,1123,1179,0.8754403855060268,False
flattencfg,attributor,-1.1299964358613135e-05,-0.0031112876241250645,0.9975178340642092,1079,1158,0.9993802249402087,False
flattencfg,inferattrs,-0.0004395702627930653,-0.060546304722958494,0.9517261091086078,1078,1096,0.9942648800181039,False
flattencfg,called-value-propagation,0.007560785452554342,1.0007074811447807,0.31707861127005743,1088,1111,0.9373396474768672,False
flattencfg,licm,0.0028602035891579503,0.36520355293645274,0.7149940532872998,1120,1115,0.9942648800181039,False
flattencfg,loop-simplify,0.0009129798988612436,0.1228915993344133,0.9022043142340441,1108,1065,0.9942648800181039,False
flattencfg,div-rem-pairs,-0.0025775420279381955,-0.3545147026033101,0.7229858310032221,1177,1120,0.9942648800181039,False
flattencfg,float2int,-2.772596388778137e-05,-0.003727125587565718,0.9970265337313221,1044,1141,0.9993802249402087,False
flattencfg,inline,0.015214676723594944,2.0347040767245153,0.042003745951045404,1082,1063,0.7108785336882624,False
flattencfg,sink,-0.0017990916533835444,-0.24461791755130974,0.8067753132743604,1115,1068,0.9942648800181039,False
flattencfg,loop-vectorize,0.006601117229624254,0.892250806767582,0.37235644466644846,1111,1084,0.9502022310408844,False
flattencfg,slp-vectorizer,-0.005080946394741992,-0.6796016469373511,0.496827747351443,1137,1080,0.9774238917491724,False
flattencfg,callsite-splitting,0.009068940440056017,1.2134257428192547,0.22510294472829073,1051,1062,0.9085781878347714,False
flattencfg,dfa-jump-threading,-0.00684664786322059,-0.9132917635438351,0.3611922447460053,1053,1085,0.9480085994808022,False
flattencfg,consthoist,-0.006325866830206028,-0.86055550679339,0.3895779585978205,1093,1081,0.9502022310408844,False
flattencfg,mldst-motion,0.005135444388506105,0.6890607718622782,0.4908568781548453,1083,1150,0.9752387289976531,False
flattencfg,slsr,-0.01081926377014275,-1.4644134235544917,0.1432253895648626,1074,1112,0.8648341678559794,False
flattencfg,loop-interchange,-0.024543410776610763,-3.3480693188845776,0.0008279467185250665,1040,1106,0.13509330623934002,False
flattencfg,loop-fusion,-0.007947518970443046,-1.070350301825516,0.28458165145885,1057,1103,0.9247897792409351,False
flattencfg,loop-distribute,-0.004022586208262624,-0.5423223017479877,0.5876526412319191,1051,1119,0.9874161299839842,False
flattencfg,loop-load-elim,0.0027760433634615445,0.37120492373692776,0.7105207598812792,1094,1104,0.9942648800181039,False
flattencfg,loop-sink,0.005534264613368145,0.7625514802463248,0.4458113449064654,1138,1101,0.9687293080119685,False
flattencfg,loop-unroll-and-jam,0.002300675876470426,0.30436603090306713,0.7608785215644877,1100,1052,0.9942648800181039,False
flattencfg,hotcoldsplit,0.012405858524759283,1.6626865726376994,0.09651895736666422,1092,1093,0.8216483294072284,False
flattencfg,irce,0.0016761796475974755,0.2264520878654767,0.820871723730866,1070,1047,0.9942648800181039,False
flattencfg,nary-reassociate,-0.0055819782657549055,-0.7318003002410021,0.46437271008956765,1037,1050,0.9687293080119685,False
flattencfg,scalarizer,0.0014516566287900434,0.1961821236348463,0.8444854321697738,1114,1126,0.9942648800181039,False
flattencfg,vector-combine,0.0037613910130083195,0.5032303784924608,0.6148536836094262,1112,1058,0.9874161299839842,False
flattencfg,always-inline,0.0017303410908956485,0.23292427201296007,0.8158418028168757,1104,1106,0.9942648800181039,False
flattencfg,globalsplit,-0.0021672387819395844,-0.290686480707898,0.7713187248447148,1087,1103,0.9942648800181039,False
flattencfg,lowerswitch,-0.008758599873357753,-1.1600377123396122,0.24616171910076157,1052,1123,0.9195460358483637,False
flattencfg,early-cse-memssa,-0.008189777586769365,-1.2706408459387948,0.20398622220569815,1174,1106,0.9005750238528906,False
flattencfg,simple-loop-unswitch,-0.0044175141995528855,-0.5815930036947196,0.5609034893422692,1036,1061,0.9815421859157658,False
flattencfg,loop-versioning,-0.005853778223340933,-0.7972801565987384,0.42537431214066734,1106,1098,0.9681527028295874,False
flattencfg,loop-flatten,-0.004625185951632138,-0.6455505529449035,0.5186348172680627,1119,1191,0.9774238917491724,False
flattencfg,loop-reroll,0.005940305719620342,0.8271599225499021,0.408234140637013,1139,1113,0.9572723920566125,False
flattencfg,loop-instsimplify,0.00040054967260466645,0.05281409228793177,0.9578848317345586,1076,1137,0.9955087582464255,False
flattencfg,loop-simplifycfg,0.007753110112760531,1.0198119239567018,0.3079290273681948,1128,1091,0.9302752341567484,False
flattencfg,loop-predication,-0.011109392843369759,-1.5014021737680983,0.1333945818517711,1096,1114,0.8591664186373942,False
flattencfg,speculative-execution,0.009713051764260239,1.3346349616247464,0.18212940580242462,1112,1165,0.8754403855060268,False
flattencfg,partially-inline-libcalls,0.0046724381918955005,0.6327074017710308,0.5269914315096735,1127,1058,0.9774238917491724,False
flattencfg,load-store-vectorizer,-0.0032007315983594853,-0.42749569996080256,0.6690600153861347,1148,1076,0.9924390228227664,False
flattencfg,iroutliner,0.006632163350211107,0.9533622108105559,0.340509878303612,1148,1103,0.9465090095851987,False
flattencfg,global-merge,-0.0031350731341048266,-0.424292566038282,0.6713942789458489,1108,1077,0.9924421532503569,False
flattencfg,break-crit-edges,0.005325210625850174,0.7139139097688396,0.4753573038061028,1081,1088,0.9705521863870724,False
flattencfg,unreachableblockelim,-0.015929738053288844,-2.160097222747209,0.03087049000027612,1130,1121,0.6845850224753226,False
loop-reduce,loop-unroll,0.0014131240126262767,0.19346289188826088,0.8466139836316225,1144,1105,0.9942648800181039,False
loop-reduce,loop-rotate,0.000968868836768888,0.12586405805187056,0.8998510940757658,1073,1133,0.9942648800181039,False
loop-reduce,partial-inliner,-0.008418526300754292,-1.1256629616466622,0.26043527928371396,1128,1031,0.922998223890889,False
loop-reduce,lower-expect,0.017127455945175507,2.3409846910904495,0.01932300325565583,1062,1112,0.636387196743859,False
loop-reduce,alignment-from-assumptions,0.0021944042004551356,0.3072358002569817,0.7586913857734628,1183,1151,0.9942648800181039,False
loop-reduce,rpo-function-attrs,-6.713863972929168e-05,-0.009172227699827668,0.9926825612051551,1086,1101,0.9993802249402087,False
loop-reduce,attributor,0.005326035242441907,1.4603661313282101,0.14433194698522434,1107,1100,0.8648341678559794,False
loop-reduce,inferattrs,-0.0046321473420707915,-0.6320457708278259,0.5274267926015878,1002,1115,0.9774238917491724,False
loop-reduce,called-value-propagation,0.0022047241559950415,0.29827663179455977,0.765520029405126,1119,1097,0.9942648800181039,False
loop-reduce,licm,0.009314582061902554,1.2148219047410564,0.22456518094455186,1122,1085,0.9085781878347714,False
loop-reduce,loop-simplify,-0.0064077349668063,-0.8813045917075059,0.378250022014398,1069,1124,0.9502022310408844,False
loop-reduce,div-rem-pairs,0.0025475890522057565,0.3483088162137051,0.727641532429655,1093,1114,0.9942648800181039,False
loop-reduce,float2int,0.000572186338971048,0.07542259794819575,0.9398856287074792,1097,1027,0.9942648800181039,False
loop-reduce,inline,-0.012881777994041332,-1.7633370616390043,0.07797951042830713,1152,1101,0.7893264998405759,False
loop-reduce,sink,0.004780023220420315,0.6413873199333049,0.5213395401098864,1044,1108,0.9774238917491724,False
loop-reduce,loop-vectorize,-0.0030051586948441344,-0.4011784849005378,0.6883276326499024,1113,1094,0.9935462622399623,False
loop-reduce,slp-vectorizer,0.0029015408641313023,0.3928680248913613,0.6944552201777369,1076,1115,0.9942648800181039,False
loop-reduce,callsite-splitting,-0.005159184441037523,-0.6945752567999244,0.4873937277976217,1130,1109,0.9726252030341583,False
loop-reduce,dfa-jump-threading,5.6346970894904924e-05,0.007655107247527655,0.9938928607201135,1088,1120,0.9993802249402087,False
loop-reduce,consthoist,0.0014510743706167006,0.1955210543193348,0.8450034083599706,1049,1119,0.9942648800181039,False
loop-reduce,mldst-motion,0.01829137820353194,2.470344983263822,0.013570893998188973,1115,1169,0.5918624706255822,False
loop-reduce,slsr,-0.004431352438418301,-0.5904927950517913,0.5549214176734847,1107,1079,0.9809315953038664,False
loop-reduce,loop-interchange,0.0011502127619797409,0.1609033066794199,0.8721836828100685,1170,1133,0.9942648800181039,False
loop-reduce,loop-fusion,-0.0016123887098873912,-0.22484415475995143,0.8221212413042089,1126,1093,0.9942648800181039,False
loop-reduce,loop-distribute,-0.013213059564330887,-1.7783862137501014,0.0754783926091178,1112,1097,0.7840748251100543,False
loop-reduce,loop-load-elim,0.001924055068596442,0.26423930321410255,0.7916198857273063,1123,1117,0.9942648800181039,False
loop-reduce,loop-sink,0.005090772846523928,0.6919468644271856,0.489044694784029,1078,1095,0.9726252030341583,False
loop-reduce,loop-unroll-and-jam,0.002991543066487523,0.4059591697583858,0.6848111412900731,1104,1158,0.9935462622399623,False
loop-reduce,hotcoldsplit,-0.002586345703160464,-0.3512103327193775,0.7254640124326256,1131,1083,0.9942648800181039,False
loop-reduce,irce,-0.0013357923778377634,-0.18759343591541053,0.8512122749514351,1166,1096,0.9942648800181039,False
loop-reduce,nary-reassociate,-0.006232525148011259,-0.8351053982765058,0.40374807148152725,1121,1105,0.9536052158755493,False
loop-reduce,scalarizer,0.008005714959322063,1.0485351789242099,0.29450684982127073,1086,1126,0.9279993210434955,False
loop-reduce,vector-combine,-0.00044206116360911984,-0.06024405584184084,0.9519667685280218,1092,1095,0.9942648800181039,False
loop-reduce,always-inline,0.0004725386430541323,0.06458276488226264,0.9485120671828541,1107,1098,0.9942648800181039,False
loop-reduce,globalsplit,-0.012019257845301556,-1.6561192865058691,0.09783364473306927,1149,1164,0.8216483294072284,False
loop-reduce,lowerswitch,-0.003961091214775947,-0.5341644816523223,0.5932820551868714,1094,1104,0.9874161299839842,False
loop-reduce,early-cse-memssa,0.012875140598616719,2.074699085040061,0.03812737764448712,1091,1173,0.7015384337019843,False
loop-reduce,simple-loop-unswitch,-0.001429925446740421,-0.19756888083908264,0.843400644445086,1125,1083,0.9942648800181039,False
loop-reduce,loop-versioning,-0.0012722844479776119,-0.16751841636603035,0.8669773293169164,1109,1140,0.9942648800181039,False
loop-reduce,loop-flatten,-0.0015036693181463279,-0.20056301723786146,0.8410591192883049,1074,1100,0.9942648800181039,False
loop-reduce,loop-reroll,0.0014185475214993915,0.19500949804509143,0.8454034688782397,1077,1143,0.9942648800181039,False
loop-reduce,loop-instsimplify,0.00613905722405389,0.8459784312724846,0.39765724654182133,1089,1102,0.9502022310408844,False
loop-reduce,loop-simplifycfg,0.004124091644018002,0.5504565559315429,0.5820632546725412,1147,1039,0.9874161299839842,False
loop-reduce,loop-predication,0.005718765980580853,0.7815093835585353,0.43458763597185945,1134,1069,0.9687293080119685,False
loop-reduce,speculative-execution,0.01196167157039435,1.6406807221097777,0.10100582102410545,1123,1098,0.8216483294072284,False
loop-reduce,partially-inline-libcalls,0.0037581812001957204,0.505170466343889,0.6134905737375754,1118,1055,0.9874161299839842,False
loop-reduce,load-store-vectorizer,0.005700648714164591,0.7676441106579158,0.44278017374364037,1095,1132,0.9687293080119685,False
loop-reduce,iroutliner,0.0008997131718563312,0.13220846846875692,0.8948311368334563,1134,1135,0.9942648800181039,False
loop-reduce,global-merge,0.0016637453597911356,0.22282381124898773,0.8236936075686769,1083,1089,0.9942648800181039,False
loop-reduce,break-crit-edges,-0.002601202519116219,-0.3578631209870114,0.7204801667437485,1088,1112,0.9942648800181039,False
loop-reduce,unreachableblockelim,0.006712498103864317,0.9048096202732367,0.3656654493160115,1112,1091,0.950196350047446,False
loop-unroll,loop-rotate,-0.007592970386534392,-0.9732212588435133,0.3305540259165976,1103,1032,0.942058707247174,False
loop-unroll,partial-inliner,-0.0066261808464167515,-0.8922236538991222,0.37237007001276623,1098,1118,0.9502022310408844,False
loop-unroll,lower-expect,0.003257166575985071,0.4360423923140982,0.6628490328840952,1093,1096,0.9916381860124056,False
loop-unroll,alignment-from-assumptions,0.012245223440852937,1.6622330765376538,0.09661068227185068,1085,1084,0.8216483294072284,False
loop-unroll,rpo-function-attrs,-0.0008639717853256568,-0.11742238737257137,0.9065356687462791,1140,1146,0.9942648800181039,False
loop-unroll,attributor,-0.004572866089821992,-1.2271984428038296,0.21988266469421133,1064,1094,0.9085781878347714,False
loop-unroll,inferattrs,-0.006813690395323313,-0.9790017756194043,0.3276872304872951,1064,1143,0.942058707247174,False
loop-unroll,called-value-propagation,0.0038780528787846213,0.5122534781572727,0.608524632147711,1113,1107,0.9874161299839842,False
loop-unroll,licm,-0.0004717129523367225,-0.06228207705572594,0.9503438208056257,1112,1105,0.9942648800181039,False
loop-unroll,loop-simplify,0.015018964977026261,2.0145388480829585,0.04407015674739289,1153,1131,0.7108785336882624,False
loop-unroll,div-rem-pairs,0.005264453995979579,0.7314010300405487,0.46460770447055,1173,1162,0.9687293080119685,False
loop-unroll,float2int,-0.004544830015363155,-0.6189212818337075,0.5360317428383035,1084,1144,0.9774238917491724,False
loop-unroll,inline,0.0013370876461197834,0.18408269955410692,0.8539660535044177,1098,1044,0.9942648800181039,False
loop-unroll,sink,0.010099301638413105,1.3337520306162698,0.18242494063209974,1111,1070,0.8754403855060268,False
loop-unroll,loop-vectorize,0.012273083747195268,1.6722081106919537,0.09462249763597536,1139,1117,0.8216483294072284,False
loop-unroll,slp-vectorizer,-0.004312100016880316,-0.591523382291343,0.5542311640026949,1102,1080,0.9809315953038664,False
loop-unroll,callsite-splitting,-0.004670851735484094,-0.6236169830858674,0.5329439294425138,1083,1116,0.9774238917491724,False
loop-unroll,dfa-jump-threading,-0.0022049269060024357,-0.3034794453013061,0.7615530888323154,1122,1089,0.9942648800181039,False
loop-unroll,consthoist,0.0006767687300753278,0.09144869305016083,0.9271443082930458,1107,1119,0.9942648800181039,False
loop-unroll,mldst-motion,-0.00416519068794724,-0.5660326733187682,0.5714287857367065,1152,1076,0.9864438552715771,False
loop-unroll,slsr,-0.007951693543398974,-1.0352319634389027,0.3006789560142812,1037,1096,0.9301799375126703,False
loop-unroll,loop-interchange,0.008885004186297563,1.2212926404436795,0.22210609908523812,1091,1111,0.9085781878347714,False
loop-unroll,loop-fusion,-0.004172418979997816,-0.5658353466163336,0.5715631020457631,1096,1131,0.9864438552715771,False
loop-unroll,loop-distribute,-0.004636946116832352,-0.6277537199454367,0.5302304513946361,1094,1108,0.9774238917491724,False
loop-unroll,loop-load-elim,0.0049179752884628836,0.6736595232724515,0.5005960050372684,1141,1144,0.9774238917491724,False
loop-unroll,loop-sink,0.006971879544257431,0.9283201001869854,0.3533434858566787,1086,1114,0.9480085994808022,False
loop-unroll,loop-unroll-and-jam,0.01616300009817312,2.145946295838832,0.03199158812895404,1041,1061,0.6845850224753226,False
loop-unroll,hotcoldsplit,0.0006128482357689591,0.08344723664492229,0.9335035372510885,1097,1101,0.9942648800181039,False
loop-unroll,irce,0.0023898296162130905,0.3087332906755197,0.7575553248607182,1084,1015,0.9942648800181039,False
loop-unroll,nary-reassociate,-0.0055607859116562075,-0.7615564847233472,0.44640347172736117,1115,1176,0.9687293080119685,False
loop-unroll,scalarizer,-0.003709697015872482,-0.47781762945258843,0.6328285382655848,1093,1063,0.9874161299839842,False
loop-unroll,vector-combine,0.004690242170226289,0.6356233133763615,0.5250889726678349,1089,1084,0.9774238917491724,False
loop-unroll,always-inline,-0.005431063103359557,-0.7233039335146367,0.4695707877674935,1119,1065,0.9705521863870724,False
loop-unroll,globalsplit,-0.012476852768295688,-1.6478264788361499,0.09953079669459136,1098,1111,0.8216483294072284,False
loop-unroll,lowerswitch,0.007105849159467992,0.9484351079583372,0.34301235383297396,1105,1094,0.9478434106605946,False
loop-unroll,early-cse-memssa,-0.005319476131282308,-0.8129677165126732,0.4163228260207836,1143,1103,0.9664020075266084,False
loop-unroll,simple-loop-unswitch,0.003853891925048758,0.546315470535143,0.584902867619672,1160,1117,0.9874161299839842,False
loop-unroll,loop-versioning,0.001518467813796498,0.2020704567099009,0.8398800361487747,1129,1111,0.9942648800181039,False
loop-unroll,loop-flatten,-2.2591738001342954e-05,-0.0030914941960965593,0.9975336220701048,1197,1079,0.9993802249402087,False
loop-unroll,loop-reroll,0.002361454449685718,0.31992735932677063,0.7490533409611951,1101,1137,0.9942648800181039,False
loop-unroll,loop-instsimplify,-0.002718446272562458,-0.367465921282518,0.7133067119164955,1109,1102,0.9942648800181039,False
loop-unroll,loop-simplifycfg,0.004798586326843102,0.658235961373786,0.5104552507208435,1120,1088,0.9774238917491724,False
loop-unroll,loop-predication,-0.011221688102462102,-1.50871714249899,0.13151477902226,1103,1103,0.8591664186373942,False
loop-unroll,speculative-execution,0.009796591134622057,1.2969190339187768,0.19479791284898332,1094,1067,0.8839028520228416,False
loop-unroll,partially-inline-libcalls,0.010109739520713257,1.3397139767995776,0.18048577203216015,1055,1020,0.8754403855060268,False
loop-unroll,load-store-vectorizer,0.0030345724914495054,0.401469954891542,0.6881142765965194,1088,1053,0.9935462622399623,False
loop-unroll,iroutliner,-0.0007072873266334434,-0.09869808008036662,0.9213871561116683,1081,1080,0.9942648800181039,False
loop-unroll,global-merge,0.009083161736710033,1.2293062137751374,0.2190883645025493,1134,1085,0.9085781878347714,False
loop-unroll,break-crit-edges,-0.005103433155135784,-0.6794633659879604,0.4969164252463311,1132,1051,0.9774238917491724,False
loop-unroll,unreachableblockelim,0.010735966510588502,1.4368486602719783,0.15090255696159594,1092,1120,0.8722097671095397,False
loop-rotate,partial-inliner,-0.008436614310461221,-1.1089903096463818,0.26755526095802756,1189,1045,0.9234272483582865,False
loop-rotate,lower-expect,0.0028885353687191917,0.3814076653110987,0.7029377784895796,1104,1088,0.9942648800181039,False
loop-rotate,alignment-from-assumptions,-0.0012641603923360667,-0.16982645229260318,0.8651621109343923,1092,1130,0.9942648800181039,False
loop-rotate,rpo-function-attrs,0.00042148527080182463,0.053478203098592914,0.9573559107335481,1025,1153,0.995223187266412,False
loop-rotate,attributor,-0.0011237034553325809,-0.2926768559668744,0.7697962741961305,1124,1118,0.9942648800181039,False
loop-rotate,inferattrs,-0.001614903362767317,-0.2160118560172039,0.82899840291062,1111,1110,0.9942648800181039,False
loop-rotate,called-value-propagation,-0.004751907212802942,-0.6084757026661735,0.5429356120477478,1098,1077,0.977995703783708,False
loop-rotate,licm,-0.012905023050807929,-1.6351763422622825,0.10215083147530325,1170,1102,0.8216483294072284,False
loop-rotate,loop-simplify,0.004017369297909856,0.5308891624961523,0.5955507154773984,1046,1099,0.9874161299839842,False
loop-rotate,div-rem-pairs,0.0059270082249401335,0.790701181419903,0.42920321269421136,1071,1145,0.9687293080119685,False
loop-rotate,float2int,-0.018597247568622743,-2.437257231464027,0.014878952711366085,1103,1072,0.5918624706255822,False
loop-rotate,inline,-0.0016258541922044012,-0.21435606872539822,0.8302894901670337,1122,1071,0.9942648800181039,False
loop-rotate,sink,-0.0064235075896180716,-0.8627480651809368,0.38836955501822207,1104,1114,0.9502022310408844,False
loop-rotate,loop-vectorize,-0.005450243662395604,-0.7184154778810788,0.47257438494609505,1165,1133,0.9705521863870724,False
loop-rotate,slp-vectorizer,0.004582835002762076,0.6060835899152704,0.5445231781445387,1103,1059,0.977995703783708,False
loop-rotate,callsite-splitting,0.0019255796421548954,0.25641417987955106,0.7976541585917937,1107,1190,0.9942648800181039,False
loop-rotate,dfa-jump-threading,0.0020691728379818586,0.2727204004445835,0.785093230447979,1098,1152,0.9942648800181039,False
loop-rotate,consthoist,-0.0015631905504357446,-0.20063976145427817,0.8409991444182049,1086,1078,0.9942648800181039,False
loop-rotate,mldst-motion,0.004743221089692051,0.6220806726528825,0.5339525718106387,1099,1128,0.9774238917491724,False
loop-rotate,slsr,-0.006748099942875951,-0.861525467364429,0.38904451959114533,1062,1097,0.9502022310408844,False
loop-rotate,loop-interchange,-0.006358581979382438,-0.8530957665986265,0.3936969226083247,1133,1122,0.9502022310408844,False
loop-rotate,loop-fusion,0.009070683840102456,1.1908909145280078,0.23382270456954635,1115,1125,0.9121894118219415,False
loop-rotate,loop-distribute,0.0037699745419788044,0.5010505374695785,0.616384602701458,1099,1153,0.9874161299839842,False
loop-rotate,loop-load-elim,0.0037930125358708877,0.4912611668853519,0.6232915819703265,1060,1109,0.9874161299839842,False
loop-rotate,loop-sink,0.002369751544808507,0.32074034661298456,0.7484370351208819,1141,1116,0.9942648800181039,False
loop-rotate,loop-unroll-and-jam,-0.0024515824091664307,-0.31783203846343666,0.7506426218347814,1078,1118,0.9942648800181039,False
loop-rotate,hotcoldsplit,-0.013329835121499045,-1.753041071445376,0.07973077089918629,1163,1097,0.7893959303675203,False
loop-rotate,irce,-0.009508333539899494,-1.2532180631977765,0.2102558651497729,1124,1143,0.9085781878347714,False
loop-rotate,nary-reassociate,0.001622172377311104,0.21089663360732058,0.8329876401775561,1077,1111,0.9942648800181039,False
loop-rotate,scalarizer,-0.006316477115429098,-0.8124611472552999,0.4166159149228263,1083,1097,0.9665094329607747,False
loop-rotate,vector-combine,0.00282785798252988,0.36203608584014174,0.7173613409724302,1098,1028,0.9942648800181039,False
loop-rotate,always-inline,-0.010621119726977934,-1.340324351914514,0.18028163247504023,1058,1098,0.8754403855060268,False
loop-rotate,globalsplit,-0.010377839838778435,-1.373424600846418,0.16975637390797305,1120,1146,0.8754403855060268,False
loop-rotate,lowerswitch,0.0026723180112893097,0.3482406884859231,0.7276934472880845,1067,1090,0.9942648800181039,False
loop-rotate,early-cse-memssa,0.004799068084360036,0.7110447625554999,0.4771318649075865,1128,1080,0.97062449528203,False
loop-rotate,simple-loop-unswitch,-0.00529944004050642,-0.6863138614863626,0.49258878945480356,1106,1059,0.9771923503064898,False
loop-rotate,loop-versioning,-0.021022898085971853,-2.648361694525048,0.008148259596898461,1055,1085,0.5230915505156455,False
loop-rotate,loop-flatten,-0.004945290130280833,-0.6521402735523484,0.5143785945920137,1096,1114,0.9774238917491724,False
loop-rotate,loop-reroll,-0.003960482787934039,-0.5246347063439255,0.5998895849611151,1162,1069,0.9874161299839842,False
loop-rotate,loop-instsimplify,0.0014268465604143077,0.18236198641162019,0.8553159869726135,1070,1065,0.9942648800181039,False
loop-rotate,loop-simplifycfg,0.0069799842541999335,0.9222209623002567,0.3565130000924502,1117,1120,0.9480085994808022,False
loop-rotate,loop-predication,-0.00849947015844632,-1.1100407462325963,0.2671013434901922,1148,1085,0.9234272483582865,False
loop-rotate,speculative-execution,0.010280224209063049,1.3379463297520586,0.18105707085439182,1120,1036,0.8754403855060268,False
loop-rotate,partially-inline-libcalls,0.0014568407535544003,0.19215427485926953,0.847638732749182,1120,1128,0.9942648800181039,False
loop-rotate,load-store-vectorizer,0.006485727185626677,0.854497637907958,0.39292289005593045,1070,1121,0.9502022310408844,False
loop-rotate,iroutliner,-0.013791680835955833,-1.8933374554131948,0.05844744986365981,1054,1106,0.7654856644350897,False
loop-rotate,global-merge,0.010700177401294586,1.408648943358893,0.1590805504564187,1113,1088,0.8754403855060268,False
loop-rotate,break-crit-edges,-0.008790760433039835,-1.1327396362468007,0.25744668956770156,1078,1131,0.922998223890889,False
loop-rotate,unreachableblockelim,-0.0033920430377158417,-0.4390427347411212,0.6606746989597656,1046,1125,0.9912651805082154,False
partial-inliner,lower-expect,-0.002396792498818412,-0.32778090137719235,0.7431072776754273,1166,1128,0.9942648800181039,False
partial-inliner,alignment-from-assumptions,-0.013857318864413215,-1.86911523046435,0.061740361605099034,1066,1126,0.7729977239171516,False
partial-inliner,rpo-function-attrs,-0.01623993239256888,-2.2150905839808064,0.02685438143580822,1125,1111,0.6624199781144244,False
partial-inliner,attributor,-0.005688761241561924,-1.5561512088303517,0.11981723307142131,1115,1068,0.8364330453969749,False
partial-inliner,inferattrs,0.003626733730988596,0.5067475735924738,0.6123840153774226,1085,1067,0.9874161299839842,False
partial-inliner,called-value-propagation,0.002992638880077114,0.4077188517032856,0.6835191518031571,1123,1117,0.9933243197125733,False
partial-inliner,licm,-0.008828605823180291,-1.124361573083101,0.2609850088436547,1093,1062,0.922998223890889,False
partial-inliner,loop-simplify,7.368004627145153e-05,0.010194852518738747,0.991866734391683,1136,1107,0.9993802249402087,False
partial-inliner,div-rem-pairs,0.002898498525432669,0.3943682443986142,0.6933465313059924,1148,1106,0.9942648800181039,False
partial-inliner,float2int,-0.006421680657729301,-0.8941645873045009,0.3713285868182162,1130,1143,0.9502022310408844,False
partial-inliner,inline,0.003765179339716429,0.4982738289109246,0.618340878539761,1103,1099,0.9874161299839842,False
partial-inliner,sink,0.003471631876577841,0.4638043526396841,0.6428342012773157,1109,1081,0.9894955426777883,False
partial-inliner,loop-vectorize,0.0038365415011313853,0.5267486170768771,0.5984227543552706,1099,1045,0.9874161299839842,False
partial-inliner,slp-vectorizer,-0.00393971586005315,-0.5442355343556148,0.5863327574626586,1175,1107,0.9874161299839842,False
partial-inliner,callsite-splitting,-0.004318399712041288,-0.5882900468549416,0.5563972194742919,1088,1148,0.9809315953038664,False
partial-inliner,dfa-jump-threading,-0.0026292476684152133,-0.3556013900196809,0.7221739383352361,1075,1080,0.9942648800181039,False
partial-inliner,consthoist,0.0002836066276228344,0.03777126169071878,0.9698735385716851,1073,1098,0.9989389762895776,False
partial-inliner,mldst-motion,-0.01696682711297115,-2.2650936101941808,0.02360541215337779,1062,1126,0.6583805678086954,False
partial-inliner,slsr,0.011853330980969468,1.6090032943923294,0.10775948593730411,1126,1078,0.8216483294072284,False
partial-inliner,loop-interchange,-0.007249171614544747,-0.9974174816321598,0.3186756495069305,1030,1116,0.9373396474768672,False
partial-inliner,loop-fusion,-0.007721330610540145,-1.0468689269841647,0.29527205805547746,1140,1121,0.9279993210434955,False
partial-inliner,loop-distribute,0.002065957493497028,0.27661581161584997,0.7821013206347134,1069,1117,0.9942648800181039,False
partial-inliner,loop-load-elim,0.004524446020228445,0.6139627584162148,0.5393011084052187,1137,1148,0.977995703783708,False
partial-inliner,loop-sink,0.016313654565561164,2.244627988279482,0.024889437063377595,1108,1131,0.6624199781144244,False
partial-inliner,loop-unroll-and-jam,-0.0035467639252209082,-0.4868162487211099,0.6264372268108247,1146,1066,0.9874161299839842,False
partial-inliner,hotcoldsplit,0.02261409275111581,3.016508646065694,0.0025872175860393604,1058,1084,0.2738255153224361,False
partial-inliner,irce,0.007999244725986898,1.087852011223945,0.2767820092202962,1032,1145,0.9234272483582865,False
partial-inliner,nary-reassociate,0.006399867738201115,0.8803139591198132,0.3787820323863041,1121,1161,0.9502022310408844,False
partial-inliner,scalarizer,-0.0042988283922476556,-0.5575842271629026,0.5771845916799505,1102,1134,0.9874161299839842,False
partial-inliner,vector-combine,0.001127860278009818,0.15270818084862928,0.8786424455323283,1071,1129,0.9942648800181039,False
partial-inliner,always-inline,-0.004365598444010299,-0.5931168130718135,0.5531633990318557,1121,1102,0.9809315953038664,False
partial-inliner,globalsplit,0.009956843765554113,1.3524481491893636,0.17636524879708157,1165,1143,0.8754403855060268,False
partial-inliner,lowerswitch,-0.0035051287852480018,-0.4604826409700476,0.6452162143031676,1046,1132,0.9894955426777883,False
partial-inliner,early-cse-memssa,-0.01000995838974783,-1.5448744718601872,0.12252139603158055,1078,1115,0.8417570075843506,False
partial-inliner,simple-loop-unswitch,0.01805569434765364,2.4622736507625067,0.013879334598386864,1151,1137,0.5918624706255822,False
partial-inliner,loop-versioning,0.0015419047769905658,0.20596258821284094,0.8368393893860723,1047,1156,0.9942648800181039,False
partial-inliner,loop-flatten,0.016479349486200334,2.22310141825572,0.026308974013590947,1136,1096,0.6624199781144244,False
partial-inliner,loop-reroll,0.004450440430231406,0.5899446222492774,0.5552898282637944,1082,1068,0.9809315953038664,False
partial-inliner,loop-instsimplify,-0.0029379315331014566,-0.4045205568736178,0.6858693291010738,1107,1093,0.9935462622399623,False
partial-inliner,loop-simplifycfg,-0.006403808440016978,-0.8917505341525084,0.3726209335009807,1135,1143,0.9502022310408844,False
partial-inliner,loop-predication,-0.0018926221094487383,-0.2656785500554406,0.7905106751008159,1135,1165,0.9942648800181039,False
partial-inliner,speculative-execution,-0.0034787573369415292,-0.47222589516315744,0.636810875696635,1146,1131,0.9880156058748109,False
partial-inliner,partially-inline-libcalls,0.01125841188791088,1.5265178075139116,0.12701869690405235,1140,1159,0.8502653283355025,False
partial-inliner,load-store-vectorizer,-0.005712083693518111,-0.7555867203696177,0.4499798242578076,1091,1062,0.9687293080119685,False
partial-inliner,iroutliner,-0.0033662695222011485,-0.48045646924260504,0.6309512810939607,1085,1087,0.9874161299839842,False
partial-inliner,global-merge,-0.002704854509861354,-0.35591415075291055,0.721939435003758,1089,1085,0.9942648800181039,False
partial-inliner,break-crit-edges,-0.006636970050359459,-0.8828904118320585,0.3773973531251761,1090,1007,0.9502022310408844,False
partial-inliner,unreachableblockelim,0.006258719065179386,0.8569691901891424,0.39155158172150983,1142,1150,0.9502022310408844,False
lower-expect,alignment-from-assumptions,0.005305775781591471,0.7317389661897087,0.4644054111989885,1109,1109,0.9687293080119685,False
lower-expect,rpo-function-attrs,-0.010327512660672944,-1.443039415137859,0.1491443411293112,1179,1144,0.8719556781826802,False
lower-expect,attributor,0.0041197266675498945,1.1280490247880812,0.2594220003193881,1111,1111,0.922998223890889,False
lower-expect,inferattrs,-0.0007552391528518054,-0.10554974171587955,0.9159490281381041,1125,1123,0.9942648800181039,False
lower-expect,called-value-propagation,0.004990033640060509,0.6580145457248314,0.5105995860866269,1039,1113,0.9774238917491724,False
lower-expect,licm,-0.016430889080579103,-2.114361233595371,0.03459777389237745,1084,1105,0.6968577611639679,False
lower-expect,loop-simplify,0.0006042486785076129,0.08187811124269506,0.934751078855412,1107,1098,0.9942648800181039,False
lower-expect,div-rem-pairs,-0.006305586717389844,-0.8493857434836554,0.39576193186618436,1036,1117,0.9502022310408844,False
lower-expect,float2int,-0.0009274814923788122,-0.1230670985971332,0.9020653424554138,1068,1108,0.9942648800181039,False
lower-expect,inline,-0.0121025056071839,-1.6169352461249786,0.10603602693473761,1080,1124,0.8216483294072284,False
lower-expect,sink,-0.0024171315625246548,-0.32054628160226384,0.7485848996748511,1114,1079,0.9942648800181039,False
lower-expect,loop-vectorize,0.006500060925733464,0.915537155279329,0.360007728862618,1129,1125,0.9480085994808022,False
lower-expect,slp-vectorizer,-0.005629993269168465,-0.770482445413264,0.44109612802823,1153,1068,0.9687293080119685,False
lower-expect,callsite-splitting,-0.009284890815616065,-1.276354454951814,0.2019604780559387,1178,1100,0.8966862041576598,False
lower-expect,dfa-jump-threading,0.007335621503271661,0.9931694354219245,0.3207367105264446,1094,1106,0.9378640739282602,False
lower-expect,consthoist,-0.00018372153075874031,-0.025015513245996365,0.9800448348004642,1106,1121,0.9990198037713872,False
lower-expect,mldst-motion,0.006484869881119348,0.9075399821429404,0.3642165344483888,1159,1140,0.950196350047446,False
lower-expect,slsr,-0.0006729251927513613,-0.09248600242145216,0.9263200803035527,1145,1125,0.9942648800181039,False
lower-expect,loop-interchange,-0.005556407465135582,-0.7625351155561785,0.4458209702931041,1180,1081,0.9687293080119685,False
lower-expect,loop-fusion,-0.00347486986527612,-0.477885281202168,0.6327799986451919,1107,1066,0.9874161299839842,False
lower-expect,loop-distribute,-0.01027652360500031,-1.3939914916207399,0.1634595008403631,1132,1099,0.8754403855060268,False
lower-expect,loop-load-elim,-0.004889039774047088,-0.6597898549155083,0.5094578720498135,1143,1064,0.9774238917491724,False
lower-expect,loop-sink,-0.005578141685999571,-0.7702407413506643,0.44123996662424764,1072,1146,0.9687293080119685,False
lower-expect,loop-unroll-and-jam,-0.0069883825296738755,-0.9392796309414437,0.3476928574431273,1065,1087,0.947888706648844,False
lower-expect,hotcoldsplit,0.013760726028622994,1.8589898872810722,0.06316631043245366,1094,1054,0.7729977239171516,False
lower-expect,irce,-1.6113577488596764e-05,-0.0021800634298562833,0.9982607598091832,1105,1100,0.9995369816959246,False
lower-expect,nary-reassociate,-0.007782234354924256,-1.094668252805863,0.2737772440059416,1144,1146,0.9234272483582865,False
lower-expect,scalarizer,0.0026989748619462572,0.3574842443353029,0.7207641580480679,1056,1120,0.9942648800181039,False
lower-expect,vector-combine,0.007005854082918317,0.9485945651015174,0.3429318789809876,1059,1136,0.9478434106605946,False
lower-expect,always-inline,-0.0049000777177662935,-0.648125114006954,0.5169737654909943,1059,1081,0.9774238917491724,False
lower-expect,globalsplit,-0.0013763342209858753,-0.18519271451561853,0.8530948369146905,1138,1083,0.9942648800181039,False
lower-expect,lowerswitch,0.0018027362198976826,0.24368911768351276,0.8074952077295197,1037,1085,0.9942648800181039,False
lower-expect,early-cse-memssa,0.008445321155257424,1.2995251501945402,0.19390001707904003,1084,1140,0.8839028520228416,False
lower-expect,simple-loop-unswitch,-0.016757937017876368,-2.2663437203487535,0.023523285240598817,1141,1152,0.6583805678086954,False
lower-expect,loop-versioning,0.011816706127026455,1.5399492151160672,0.12371993464462021,1078,1078,0.8455275114630589,False
lower-expect,loop-flatten,0.0006685526937104669,0.09226293239959131,0.9264972868184875,1125,1147,0.9942648800181039,False
lower-expect,loop-reroll,0.001952355235033898,0.26221162439696766,0.7931826986043203,1117,1098,0.9942648800181039,False
lower-expect,loop-instsimplify,0.005582707075529436,0.7697536487139652,0.4415280491024632,1078,1148,0.9687293080119685,False
lower-expect,loop-simplifycfg,-0.006643262379537884,-0.8919110901082953,0.3725380014762431,1120,1085,0.9502022310408844,False
lower-expect,loop-predication,-0.004357716454846561,-0.5900440531170403,0.5552209633810476,1121,1110,0.9809315953038664,False
lower-expect,speculative-execution,0.009291216655135992,1.2210950100082034,0.22218462561369304,1059,1082,0.9085781878347714,False
lower-expect,partially-inline-libcalls,-0.010453779831677557,-1.4192610583040595,0.1559617067546449,1130,1122,0.8754403855060268,False
lower-expect,load-store-vectorizer,0.008730464790560222,1.1949008992834698,0.23225140776844133,1131,1126,0.9121894118219415,False
lower-expect,iroutliner,-0.009994714177403274,-1.376359113497265,0.16885299422113786,1078,1094,0.8754403855060268,False
lower-expect,global-merge,-0.0018242407542333194,-0.24320789927182607,0.8078672509975937,1063,1126,0.9942648800181039,False
lower-expect,break-crit-edges,0.007016826632499362,0.9461082228326403,0.34419883004176965,1112,1065,0.9478434106605946,False
lower-expect,unreachableblockelim,0.005001011092034879,0.662241492702972,0.5078889724613976,1080,1041,0.9774238917491724,False
alignment-from-assumptions,rpo-function-attrs,0.02028819735369697,2.80461908583873,0.005080702922442414,1145,1131,0.40732066949694873,False
alignment-from-assumptions,attributor,0.000612528148083491,0.16828023878874585,0.8663783201265058,1092,1108,0.9942648800181039,False
alignment-from-assumptions,inferattrs,-0.0023020409104083095,-0.3270198899116641,0.7436841820050636,1091,1095,0.9942648800181039,False
alignment-from-assumptions,called-value-propagation,0.00921718323751275,1.2330370343321446,0.2176989522222721,1102,1042,0.9085781878347714,False
alignment-from-assumptions,licm,-0.0009582568819000992,-0.12613146902197878,0.8996390031819297,1147,1130,0.9942648800181039,False
alignment-from-assumptions,loop-simplify,0.002596292645621945,0.3437242361880374,0.7310863962996004,1135,1080,0.9942648800181039,False
alignment-from-assumptions,div-rem-pairs,-0.005571544409222529,-0.7467947890115667,0.4552669893795132,1112,1097,0.9687293080119685,False
alignment-from-assumptions,float2int,0.00919773936779461,1.1973849756783874,0.23129168613013315,1051,1053,0.9121894118219415,False
alignment-from-assumptions,inline,-0.0030226525875599597,-0.4154019993904281,0.6778876196290345,1088,1150,0.9933243197125733,False
alignment-from-assumptions,sink,0.003681354873430631,0.49195182100401413,0.6228038309759895,1086,1062,0.9874161299839842,False
alignment-from-assumptions,loop-vectorize,0.0034531434196771738,0.4770613608894428,0.633365067603605,1113,1125,0.9874277065382873,False
alignment-from-assumptions,slp-vectorizer,-0.006832184667258434,-0.9297971191094045,0.3525787827781612,1081,1110,0.9480085994808022,False
alignment-from-assumptions,callsite-splitting,0.007934454506193178,1.0603211924559142,0.2891183182632946,1078,1068,0.9279993210434955,False
alignment-from-assumptions,dfa-jump-threading,0.0011491546493487825,0.1586033084226879,0.8739956513210724,1123,1133,0.9942648800181039,False
alignment-from-assumptions,consthoist,0.0001631601794886417,0.022175893098961025,0.9823096621637127,1158,1065,0.9993802249402087,False
alignment-from-assumptions,mldst-motion,-0.0028048587207972764,-0.3734355407935529,0.7088604919781543,1095,1095,0.9942648800181039,False
alignment-from-assumptions,slsr,0.0010574411055162547,0.14306046659180469,0.8862555397137785,1082,1119,0.9942648800181039,False
alignment-from-assumptions,loop-interchange,-0.00130426381628157,-0.17660422573865972,0.8598353151610767,1116,1117,0.9942648800181039,False
alignment-from-assumptions,loop-fusion,-0.004783219807053207,-0.6509171684379651,0.515167141332705,1127,1101,0.9774238917491724,False
alignment-from-assumptions,loop-distribute,0.009793878387753696,1.2978423163856623,0.19447577642366662,1088,1150,0.8839028520228416,False
alignment-from-assumptions,loop-load-elim,-0.00828335199383251,-1.1443041384144585,0.25262089130679866,1121,1102,0.9195460358483637,False
alignment-from-assumptions,loop-sink,-0.005375261816031041,-0.7028770315953874,0.4822082870400211,1066,1095,0.9726252030341583,False
alignment-from-assumptions,loop-unroll-and-jam,-0.0025351968784445567,-0.3397584231051459,0.7340704603390705,1116,1117,0.9942648800181039,False
alignment-from-assumptions,hotcoldsplit,0.003278265597873309,0.4406429000205376,0.6595156884835236,1040,1177,0.9908078588307175,False
alignment-from-assumptions,irce,0.005828270123019508,0.765084102721151,0.4443084795016582,1071,1029,0.9687293080119685,False
alignment-from-assumptions,nary-reassociate,0.010430513762362204,1.414907612294077,0.15723743056314124,1092,1105,0.8754403855060268,False
alignment-from-assumptions,scalarizer,0.009131786642602224,1.1725111558368826,0.2411211401069695,1056,1115,0.9167285287950414,False
alignment-from-assumptions,vector-combine,2.341756759305369e-05,0.0030462598207856703,0.9975697259798878,1042,1086,0.9993802249402087,False
alignment-from-assumptions,always-inline,-0.023711044853356844,-3.2461137628521572,0.0011875358543057381,1087,1126,0.1788611694408181,False
alignment-from-assumptions,globalsplit,0.008330203765161304,1.1161158667923534,0.264494377183022,1124,1086,0.922998223890889,False
alignment-from-assumptions,lowerswitch,-0.006114696573180034,-0.8237369206584874,0.4101794371771481,1085,1098,0.9589627916332608,False
alignment-from-assumptions,early-cse-memssa,0.0014029072610289295,0.21211370838930718,0.832038687376599,1036,1092,0.9942648800181039,False
alignment-from-assumptions,simple-loop-unswitch,-0.004756140893683036,-0.6484535369993194,0.5167593036139989,1129,1076,0.9774238917491724,False
alignment-from-assumptions,loop-versioning,0.0039435578528437265,0.5268030183565043,0.5983836754548706,1090,1107,0.9874161299839842,False
alignment-from-assumptions,loop-flatten,-0.0014492963943507076,-0.1943027912877991,0.8459565630897612,1144,1083,0.9942648800181039,False
alignment-from-assumptions,loop-reroll,0.005096144418633319,0.6721950635534097,0.5015325369972277,1048,1081,0.9774238917491724,False
alignment-from-assumptions,loop-instsimplify,-0.01036888842863104,-1.4322629696656708,0.15220829753494003,1147,1095,0.8739702245554621,False
alignment-from-assumptions,loop-simplifycfg,-0.008177567345573067,-1.0966489644219457,0.2729181757701355,1063,1089,0.9234272483582865,False
alignment-from-assumptions,loop-predication,-0.0004972017269564977,-0.06788319021731568,0.9458847734704703,1153,1072,0.9942648800181039,False
alignment-from-assumptions,speculative-execution,0.00013979555147874967,0.018481676626345575,0.9852563439566232,1080,1033,0.9993802249402087,False
alignment-from-assumptions,partially-inline-libcalls,0.00771411218588286,1.024984913035513,0.3054827626337404,1123,1086,0.9302752341567484,False
alignment-from-assumptions,load-store-vectorizer,-0.0036127914985707443,-0.4732558383064165,0.6360776457864932,1128,1076,0.9880033518103314,False
alignment-from-assumptions,iroutliner,0.0025432304025969077,0.3564461334557502,0.7215405269524465,1083,1129,0.9942648800181039,False
alignment-from-assumptions,global-merge,-0.006289264718228049,-0.8625536645543892,0.38847543177201554,1134,1107,0.9502022310408844,False
alignment-from-assumptions,break-crit-edges,-0.013894416283331434,-1.8370584446628666,0.06633583738989678,1105,1126,0.7824431904181801,False
alignment-from-assumptions,unreachableblockelim,0.026681589092403923,3.646608822550801,0.000272092220573163,1083,1056,0.05607963872444771,False
rpo-function-attrs,attributor,0.004065299731050798,1.0844526225457165,0.2782785975022951,1145,1148,0.9235076167957522,False
rpo-function-attrs,inferattrs,0.0007068664934201108,0.1013860439767666,0.9192532645109307,1110,1094,0.9942648800181039,False
rpo-function-attrs,called-value-propagation,0.0004838993277207493,0.06743263273641781,0.9462433753084369,1119,1100,0.9942648800181039,False
rpo-function-attrs,licm,0.015906403247589906,2.0831387584776433,0.03735485282236705,1047,1137,0.7015384337019843,False
rpo-function-attrs,loop-simplify,-0.0025389585697842554,-0.33697788956824437,0.7361666932999456,1044,1096,0.9942648800181039,False
rpo-function-attrs,div-rem-pairs,-0.009624716485784834,-1.350854196271109,0.17687552240436547,1181,1116,0.8754403855060268,False
rpo-function-attrs,float2int,0.014006060880155324,1.8972948240932674,0.05792201194517899,1053,1114,0.7653065620923821,False
rpo-function-attrs,inline,-0.0019742938153070044,-0.26743406699645883,0.7891590661388748,1135,1156,0.9942648800181039,False
rpo-function-attrs,sink,0.011990564838939566,1.6128681524582982,0.10691440568755921,1128,1110,0.8216483294072284,False
rpo-function-attrs,loop-vectorize,-0.016310032983869738,-2.214524920900023,0.026896010347342566,1108,1069,0.6624199781144244,False
rpo-function-attrs,slp-vectorizer,0.0061631506029452,0.8288490701353521,0.4072795357129539,1114,1093,0.9561790538680621,False
rpo-function-attrs,callsite-splitting,0.0015556437544065882,0.2138791401316082,0.830660921500784,1083,1146,0.9942648800181039,False
rpo-function-attrs,dfa-jump-threading,-0.002060620408064151,-0.28554618906568086,0.7752523557562712,1131,1095,0.9942648800181039,False
rpo-function-attrs,consthoist,0.013714546052872145,1.8284095461004681,0.06762376380652589,1091,1106,0.7840748251100543,False
rpo-function-attrs,mldst-motion,0.0012539530991069747,0.16968980830810898,0.8652695449128184,1104,1119,0.9942648800181039,False
rpo-function-attrs,slsr,0.0011161324293777475,0.15567114965825216,0.8763065044418175,1124,1084,0.9942648800181039,False
rpo-function-attrs,loop-interchange,-0.00694525041567462,-0.9255055987755718,0.354806029946764,1060,1135,0.9480085994808022,False
rpo-function-attrs,loop-fusion,-0.004722376651459803,-0.6532570650750823,0.5136582980600086,1085,1148,0.9774238917491724,False
rpo-function-attrs,loop-distribute,0.003291047697189964,0.4330032839974872,0.665055980220815,1124,1038,0.9917647591855995,False
rpo-function-attrs,loop-load-elim,-0.009138087582525212,-1.2134978352469854,0.22507506083904485,1074,1043,0.9085781878347714,False
rpo-function-attrs,loop-sink,-0.010190486677943755,-1.3788140631342831,0.16809564043157418,1054,1100,0.8754403855060268,False
rpo-function-attrs,loop-unroll-and-jam,0.01144790273653229,1.5282968951631068,0.12658554739822636,1071,1092,0.8493257906816626,False
rpo-function-attrs,hotcoldsplit,-0.007377846814394684,-0.9947607423436307,0.3199630481518588,1090,1092,0.9373396474768672,False
rpo-function-attrs,irce,-0.0019955942383529934,-0.2686314235499819,0.7882386918284042,1099,1091,0.9942648800181039,False
rpo-function-attrs,nary-reassociate,0.0009231838034947648,0.1259460498287917,0.899786054441253,1090,1130,0.9942648800181039,False
rpo-function-attrs,scalarizer,-0.004416658340724411,-0.5826220938406301,0.5602080968037475,1118,1064,0.9815421859157658,False
rpo-function-attrs,vector-combine,-0.007600657191465188,-1.0267152989561563,0.3046657778837021,1100,1136,0.9301799375126703,False
rpo-function-attrs,always-inline,0.0053972309172507504,0.7324333617070955,0.4639806916869048,1129,1115,0.9687293080119685,False
rpo-function-attrs,globalsplit,-0.0010404621098272782,-0.1411815831427221,0.8877394705342504,1089,1109,0.9942648800181039,False
rpo-function-attrs,lowerswitch,-0.0007504887450471842,-0.10201694936042034,0.9187527003811881,1086,1074,0.9942648800181039,False
rpo-function-attrs,early-cse-memssa,-0.007417600836506444,-1.1471366076091236,0.2514492969786304,1129,1084,0.9195460358483637,False
rpo-function-attrs,simple-loop-unswitch,-0.008715119780418334,-1.1886781749644195,0.23469515073307626,1085,1120,0.9135847020583764,False
rpo-function-attrs,loop-versioning,-0.0005135097204390648,-0.07057271448540947,0.9437440481975503,1157,1114,0.9942648800181039,False
rpo-function-attrs,loop-flatten,-0.004859192948312108,-0.6401356062569992,0.5221525482124902,1088,1068,0.9774238917491724,False
rpo-function-attrs,loop-reroll,0.003182426595566501,0.4406511957512368,0.6595085342954399,1120,1097,0.9908078588307175,False
rpo-function-attrs,loop-instsimplify,0.005629392019234292,0.75886023599144,0.4480176535984611,1076,1126,0.9687293080119685,False
rpo-function-attrs,loop-simplifycfg,-0.010640399264653766,-1.4411479660786515,0.14968842907802998,1070,1096,0.8719556781826802,False
rpo-function-attrs,loop-predication,-0.007335807753139412,-0.983848614476898,0.3252983335692472,1094,1104,0.941513876021561,False
rpo-function-attrs,speculative-execution,-0.007654614065966736,-1.0209334543310031,0.30740089681161886,1079,1072,0.9302752341567484,False
rpo-function-attrs,partially-inline-libcalls,0.01959185615070197,2.6089815097666005,0.009143855330869708,1102,1070,0.5351504657680055,False
rpo-function-attrs,load-store-vectorizer,-0.0073846948113067135,-1.027186479157642,0.3044395988874127,1151,1175,0.9301799375126703,False
rpo-function-attrs,iroutliner,-0.01339083464926849,-1.8771485388629314,0.06063203460959984,1089,1085,0.7729977239171516,False
rpo-function-attrs,global-merge,0.01935395954722713,2.629949755680904,0.008598666661680585,1145,1097,0.5321196981055755,False
rpo-function-attrs,break-crit-edges,-0.014821540460632998,-1.9752051030798081,0.04837100471395307,1116,1064,0.7263373908614075,False
rpo-function-attrs,unreachableblockelim,-0.0030525906237444667,-0.4075497561651948,0.6836447106731633,1087,1072,0.9933243197125733,False
attributor,inferattrs,-0.0005624132479483679,-0.15537632399923226,0.87653940831524,1053,1090,0.9942648800181039,False
attributor,called-value-propagation,-0.0021766839926901094,-0.6031224751944487,0.5464901820764085,1056,1124,0.977995703783708,False
attributor,licm,-0.006640283937234315,-1.6684653746500782,0.09536425015460323,1138,1095,0.8216483294072284,False
attributor,loop-simplify,-0.001408794488536258,-0.38322375386475155,0.7015913306619921,1089,1090,0.9942648800181039,False
attributor,div-rem-pairs,0.0018174024885402318,0.5258154696088074,0.5990683276044964,1138,1138,0.9874161299839842,False
attributor,float2int,-0.002141999943668149,-0.6079516689025631,0.5432819742865105,1113,1100,0.977995703783708,False
attributor,inline,0.005542212958720982,1.5346412808792926,0.12500912173350862,1119,1192,0.8491975962605657,False
attributor,sink,0.0006734136745291108,0.182211589067705,0.855433693104441,1089,1084,0.9942648800181039,False
attributor,loop-vectorize,-0.02110504588887996,-4.944507506814279,8.232293053390819e-07,1101,1114,0.0002014853724817403,True
attributor,slp-vectorizer,0.0018342340244595912,0.5039188157312512,0.6143677704287167,1078,1176,0.9874161299839842,False
attributor,callsite-splitting,0.0028908253925893357,0.7711509898745793,0.4406973370295801,1161,1124,0.9687293080119685,False
attributor,dfa-jump-threading,-0.0010244507049999574,-0.2904749605683046,0.7714803312584131,1112,1089,0.9942648800181039,False
attributor,consthoist,0.007446410299296713,2.1462933324599627,0.03195421149126988,1167,1142,0.6845850224753226,False
attributor,mldst-motion,-0.0017471190855894991,-0.47674952761367884,0.6335889631802013,1095,1056,0.9874277065382873,False
attributor,slsr,0.006595056699059465,1.8128639383143053,0.06999147674871001,1118,1065,0.7840748251100543,False
attributor,loop-interchange,0.0014832609678678832,0.4092988237572443,0.6823609748212859,1096,1067,0.9933243197125733,False
attributor,loop-fusion,0.0017654913034145792,0.4862970509058265,0.6268051762098525,1099,1101,0.9874161299839842,False
attributor,loop-distribute,-0.00600629468837327,-1.5908900969302306,0.11178088658918565,1089,1096,0.8280516210713255,False
attributor,loop-load-elim,0.0007843075387995446,0.22272357442289625,0.8237714144098672,1104,1097,0.9942648800181039,False
attributor,loop-sink,0.0021567121918019683,0.605187539395383,0.5451172354191454,1091,1097,0.977995703783708,False
attributor,loop-unroll-and-jam,-0.0018371559063389276,-0.518961759683573,0.6038387534501036,1130,1116,0.9874161299839842,False
attributor,hotcoldsplit,-0.006222396978644795,-1.7965419171505708,0.07254391019074556,1130,1098,0.7840748251100543,False
attributor,irce,0.003296942452393259,0.8841542489129941,0.3767128101850431,1101,1046,0.9502022310408844,False
attributor,nary-reassociate,0.006342377616890271,1.6908105024500326,0.09101765689674193,1045,1121,0.8193681480635435,False
attributor,scalarizer,-0.006231838202828965,-1.6093731481654794,0.10768095071165967,1101,1061,0.8216483294072284,False
attributor,vector-combine,0.004948759125234292,1.3816957819953861,0.1672076514730561,1061,1107,0.8754403855060268,False
attributor,always-inline,-0.006156924607710168,-1.7560674509002003,0.07921484025468496,1108,1113,0.7893264998405759,False
attributor,globalsplit,-0.0034566617482976736,-0.9664858775995465,0.33390760430188243,1103,1098,0.9423126475181534,False
attributor,lowerswitch,-0.0029506701516636147,-0.8675944261539273,0.38571147308129966,1154,1058,0.9502022310408844,False
attributor,early-cse-memssa,-0.0072961241058928095,-2.2061337144567017,0.02747547000712903,1127,1129,0.6682853450181196,False
attributor,simple-loop-unswitch,-0.001808310576301042,-0.46603023825974405,0.6412425549078418,1032,1055,0.9894955426777883,False
attributor,loop-versioning,0.0066090692926463745,1.8457735254131586,0.06505229699355794,1140,1185,0.7766609604474783,False
attributor,loop-flatten,0.0006063105250299072,0.17146005210782755,0.8638775256668407,1117,1128,0.9942648800181039,False
attributor,loop-reroll,0.00014984305797277608,0.0426114034493801,0.9660150780369862,1141,1116,0.9981306188899308,False
attributor,loop-instsimplify,0.0017726009372648344,0.4759086164620337,0.6341862440983305,1113,1113,0.9878573316981154,False
attributor,loop-simplifycfg,-0.004977158892949696,-1.407198393640238,0.1595126501300148,1105,1054,0.8754403855060268,False
attributor,loop-predication,0.001259031301031166,0.353505007172809,0.7237434399333331,1156,1087,0.9942648800181039,False
attributor,speculative-execution,-0.0018414579681901855,-0.4915049344648758,0.6231178967779998,1100,1134,0.9874161299839842,False
attributor,partially-inline-libcalls,-0.005118142237030721,-1.3152822913216653,0.1885570944570164,1074,1059,0.8780001857299028,False
attributor,load-store-vectorizer,0.004040018871250106,1.160685187723709,0.24589547979341914,1057,1152,0.9195460358483637,False
attributor,iroutliner,0.009825572791875126,3.14678794262003,0.0016731825223936046,1099,1077,0.22593733647218467,False
attributor,global-merge,0.0018503536452048053,0.5172181232062967,0.6050571081549978,1044,1112,0.9874161299839842,False
attributor,break-crit-edges,-0.0003192363516812957,-0.08431959417768002,0.9328100314287238,1080,1126,0.9942648800181039,False
attributor,unreachableblockelim,-0.004727612988477459,-1.288178101215628,0.19782065840199664,1088,1095,0.8916107201194358,False
inferattrs,called-value-propagation,-0.009538722850541137,-1.3279325360856062,0.1843422787129283,1063,1075,0.8754403855060268,False
inferattrs,licm,0.019559965677664104,2.6032388096528414,0.009296219954786997,1102,1122,0.5351504657680055,False
inferattrs,loop-simplify,-0.0006502370050401329,-0.0922177135755501,0.9265332861535764,1110,1141,0.9942648800181039,False
inferattrs,div-rem-pairs,0.0008064439348777208,0.11474423100816823,0.9086582672419934,1085,1131,0.9942648800181039,False
inferattrs,float2int,0.0015118231814122973,0.20936439344774735,0.8341830862362516,1093,1122,0.9942648800181039,False
inferattrs,inline,0.003953852015178283,0.5633638758232333,0.573243541898718,1121,1123,0.9865737009134377,False
inferattrs,sink,0.001823210491500693,0.2539954858248525,0.7995223866945798,1132,1110,0.9942648800181039,False
inferattrs,loop-vectorize,0.006804317208535859,0.9400172808801942,0.3473134294437035,1069,1101,0.947888706648844,False
inferattrs,slp-vectorizer,0.005494703470204365,0.7418329895109755,0.45826948673732976,1057,1097,0.9687293080119685,False
inferattrs,callsite-splitting,0.00017908511904901614,0.0255780592182208,0.9795961429175947,1120,1145,0.9990198037713872,False
inferattrs,dfa-jump-threading,-0.0019749930211556688,-0.27515920817378314,0.7832196590294138,1112,1101,0.9942648800181039,False
inferattrs,consthoist,-0.002239462568460082,-0.31577856569539553,0.752200015390525,1142,1101,0.9942648800181039,False
inferattrs,mldst-motion,-0.007103844915954616,-0.9596828711829515,0.33732246531320115,1081,1080,0.9441889704650352,False
inferattrs,slsr,-0.004756721239341732,-0.6422557509865817,0.5207781538152301,1027,1061,0.9774238917491724,False
inferattrs,loop-interchange,-0.007355226645149038,-1.0094804320092368,0.3128549827021259,1104,1105,0.934508094783772,False
inferattrs,loop-fusion,0.006347549805501784,0.8933951951039188,0.3717423428357142,1136,1097,0.9502022310408844,False
inferattrs,loop-distribute,0.01204798042815558,1.672075965347174,0.09465414153713293,1057,1109,0.8216483294072284,False
inferattrs,loop-load-elim,-0.0016179749899131735,-0.22743992789477646,0.820102085545856,1148,1132,0.9942648800181039,False
inferattrs,loop-sink,-0.0009913776594531187,-0.14139384854599585,0.8875715836586626,1138,1097,0.9942648800181039,False
inferattrs,loop-unroll-and-jam,0.0054634183747078735,0.7831567692622694,0.4336169918444055,1128,1138,0.9687293080119685,False
inferattrs,hotcoldsplit,0.007580274517749508,1.0799771670236187,0.280269850456204,1117,1107,0.9244095086149083,False
inferattrs,irce,0.004506425889125865,0.6182940376499458,0.5364474612775019,1092,1055,0.9774238917491724,False
inferattrs,nary-reassociate,-0.0012057109650489006,-0.17260311169980364,0.8629793697552407,1111,1079,0.9942648800181039,False
inferattrs,scalarizer,-0.004168070367447374,-0.5775986182348889,0.5635926794303623,1132,1130,0.9826486788287172,False
inferattrs,vector-combine,0.003398179431360837,0.47884971327711906,0.6320927306832174,1083,1142,0.9874161299839842,False
inferattrs,always-inline,-0.022521911681197937,-3.1996406506077744,0.0013951281778697567,1155,1100,0.19663014785226637,False
inferattrs,globalsplit,-0.004945739120580828,-0.6936168066585209,0.4879978303349936,1097,1045,0.9726252030341583,False
inferattrs,lowerswitch,-0.005534489377901242,-0.7606277990477949,0.4469631165567245,1061,1084,0.9687293080119685,False
inferattrs,early-cse-memssa,0.017911496008545358,2.9710260033664384,0.0030025284292252204,1019,1070,0.29870835730128953,False
inferattrs,simple-loop-unswitch,0.002664194828935207,0.3586688239826067,0.719878979142009,1033,1067,0.9942648800181039,False
inferattrs,loop-versioning,-0.0041133243310745304,-0.5818236459295173,0.560743730474175,1173,1087,0.9815421859157658,False
inferattrs,loop-flatten,0.005610998470784501,0.7644587667410958,0.4446783290291736,1074,1072,0.9687293080119685,False
inferattrs,loop-reroll,-0.006608586822796747,-0.8896398056664218,0.3737613714168908,1034,1069,0.9502022310408844,False
inferattrs,loop-instsimplify,-0.008356227066766198,-1.1943244522460572,0.23248033781486527,1146,1065,0.9121894118219415,False
inferattrs,loop-simplifycfg,0.0007779857364592635,0.10858990274852078,0.9135378556348182,1149,1034,0.9942648800181039,False
inferattrs,loop-predication,0.008783754732082483,1.2284175615458368,0.2194258623896809,1126,1022,0.9085781878347714,False
inferattrs,speculative-execution,0.00899815494685785,1.2327074021996889,0.21781667612565436,1106,1096,0.9085781878347714,False
inferattrs,partially-inline-libcalls,0.008687835509061215,1.2235569209649526,0.22125412032145914,1030,1122,0.9085781878347714,False
inferattrs,load-store-vectorizer,0.005443071735119209,0.7686012841260499,0.44221289885217535,1101,1092,0.9687293080119685,False
inferattrs,iroutliner,-0.001896526563094969,-0.27769356645418153,0.7812742210747968,1104,1057,0.9942648800181039,False
inferattrs,global-merge,-0.004353724708286044,-0.5955177395314696,0.5515612650603692,1048,1071,0.980887336047414,False
inferattrs,break-crit-edges,-0.003455108707448251,-0.4865393367100039,0.626633181345374,1136,1071,0.9874161299839842,False
inferattrs,unreachableblockelim,-0.016018767347364626,-2.1809670147417606,0.029298389342945617,1026,1048,0.6845850224753226,False
called-value-propagation,licm,0.015311164035535452,1.9973205376311185,0.045912575550530015,1087,1129,0.7108785336882624,False
called-value-propagation,loop-simplify,0.011589882780975613,1.519365588254653,0.12882403794433966,1085,1014,0.8550422586271765,False
called-value-propagation,div-rem-pairs,-0.0052133017366488565,-0.7184725246009728,0.4725424564409629,1083,1131,0.9705521863870724,False
called-value-propagation,float2int,0.0008515411301009967,0.11287895068254676,0.9101370211473286,1066,1095,0.9942648800181039,False
called-value-propagation,inline,-0.013730081169149255,-1.8698975559934832,0.061631492721220225,1075,1128,0.7729977239171516,False
called-value-propagation,sink,0.013935995887247143,1.9217270958221442,0.05476643243366883,1131,1120,0.7570827690225452,False
called-value-propagation,loop-vectorize,0.00046914494751709723,0.06514013609693278,0.9480683944096298,1103,1080,0.9942648800181039,False
called-value-propagation,slp-vectorizer,0.0026387726049326155,0.3607829088379958,0.7182958499659617,1090,1147,0.9942648800181039,False
called-value-propagation,callsite-splitting,-0.0118669752498054,-1.559207755802984,0.11909124239831119,1097,1110,0.8364330453969749,False
called-value-propagation,dfa-jump-threading,0.0075350310014521416,1.0283280338564815,0.30390696717558546,1117,1118,0.9301799375126703,False
called-value-propagation,consthoist,0.002117632958077209,0.27782644358979414,0.7811725020882255,1049,1088,0.9942648800181039,False
called-value-propagation,mldst-motion,-0.001492496865832138,-0.20575151814031936,0.8370034103667281,1110,1182,0.9942648800181039,False
called-value-propagation,slsr,0.0036567741094334916,0.4910809153211853,0.6234195676962772,1054,1089,0.9874161299839842,False
called-value-propagation,loop-interchange,0.000728397038008477,0.09980375448733415,0.9205091807249064,1146,1079,0.9942648800181039,False
called-value-propagation,loop-fusion,-0.005262839391044771,-0.7121378627926491,0.47645536669452393,1067,1129,0.9705521863870724,False
called-value-propagation,loop-distribute,-0.006312327832764364,-0.8300282949371832,0.4066175926115352,1034,1059,0.9556392635743359,False
called-value-propagation,loop-load-elim,-0.0010241436809230176,-0.14118685808244566,0.8877345740340851,1153,1175,0.9942648800181039,False
called-value-propagation,loop-sink,0.004029945681263747,0.5394977724944392,0.5895985161722649,1072,1111,0.9874161299839842,False
called-value-propagation,loop-unroll-and-jam,0.0059160374598471455,0.8100140852482539,0.41801690878609654,1142,1134,0.9674002748306321,False
called-value-propagation,hotcoldsplit,0.00044938587393839047,0.05927737176683221,0.9527366001230064,1113,1080,0.9942648800181039,False
called-value-propagation,irce,-0.0021048893028637328,-0.2858296270968053,0.775034887723389,1110,1149,0.9942648800181039,False
called-value-propagation,nary-reassociate,-0.005045065715958197,-0.7027054213960963,0.4823103704658686,1169,1136,0.9726252030341583,False
called-value-propagation,scalarizer,0.0036905608309615867,0.48427120218177633,0.6282414902108594,1092,1116,0.9874161299839842,False
called-value-propagation,vector-combine,0.0023691411954907537,0.3243782309292241,0.745683008072689,1105,1068,0.9942648800181039,False
called-value-propagation,always-inline,0.005960527875018995,0.8075670978457273,0.41942658926865656,1103,1115,0.9678694894378662,False
called-value-propagation,globalsplit,-0.010704860196488197,-1.4101914994515128,0.15863070783793026,1037,1085,0.8754403855060268,False
called-value-propagation,lowerswitch,-0.0046421296535735235,-0.6358419058141752,0.5249465769418372,1104,1071,0.9774238917491724,False
called-value-propagation,early-cse-memssa,0.001103965696700293,0.1661193885775735,0.868078631284133,1056,1103,0.9942648800181039,False
called-value-propagation,simple-loop-unswitch,-0.0027546806925116685,-0.3798260348841172,0.7041112259531379,1094,1111,0.9942648800181039,False
called-value-propagation,loop-versioning,-0.0009173267271642138,-0.12229723716521151,0.9026748726704674,1094,1092,0.9942648800181039,False
called-value-propagation,loop-flatten,0.0023487703856888142,0.3174853610579067,0.7509059950370846,1079,1086,0.9942648800181039,False
called-value-propagation,loop-reroll,-0.01589849040319713,-2.160032427906284,0.03087344151056727,1146,1156,0.6845850224753226,False
called-value-propagation,loop-instsimplify,-0.0005649494540032052,-0.07678513748135475,0.9388014502972954,1138,1070,0.9942648800181039,False
called-value-propagation,loop-simplifycfg,0.0016763195824244792,0.2217002112589192,0.8245685048960514,1102,1044,0.9942648800181039,False
called-value-propagation,loop-predication,0.004457580114566151,0.5876044149026562,0.5568597066538901,1104,1053,0.9809315953038664,False
called-value-propagation,speculative-execution,-0.014544171342475987,-1.9885854276346462,0.04687149624145606,1134,1055,0.7189240477496833,False
called-value-propagation,partially-inline-libcalls,-0.00804553852766371,-1.0785359735318145,0.2809144946349311,1086,1091,0.9244095086149083,False
called-value-propagation,load-store-vectorizer,-0.0035609851056200847,-0.4834405756959482,0.6288313369421742,1091,1099,0.9874161299839842,False
called-value-propagation,iroutliner,0.00644103578837063,0.9205193058024541,0.3574035220293241,1079,1101,0.9480085994808022,False
called-value-propagation,global-merge,-0.0022456837841909327,-0.30112288709550283,0.7633495468728366,1095,1084,0.9942648800181039,False
called-value-propagation,break-crit-edges,0.010731757673309361,1.4108050278436082,0.15844408196986953,1115,1084,0.8754403855060268,False
called-value-propagation,unreachableblockelim,0.009397559159343705,1.2724868805342715,0.20333436632693933,1107,1102,0.8987103595217769,False
licm,loop-simplify,0.004882719219285903,0.6036102054985762,0.546165196151088,1082,1115,0.977995703783708,False
licm,div-rem-pairs,-0.00632426336336156,-0.8163811265884193,0.41437325371718975,1057,1092,0.9635668321782557,False
licm,float2int,-0.002639984628297065,-0.33492402473662464,0.7377144798972876,1074,1123,0.9942648800181039,False
licm,inline,-0.0009046692646956234,-0.1181379407121633,0.9059690522497027,1090,1134,0.9942648800181039,False
licm,sink,-0.0036535296534276895,-0.46465542835511037,0.6422249930868318,1123,1052,0.9894955426777883,False
licm,loop-vectorize,-0.10004627888602746,-12.596765090885574,4.231819606910192e-35,1076,1077,3.3143611161320624e-32,True
licm,slp-vectorizer,0.0053985561387585035,0.7048084220584917,0.48100434809216436,1069,1127,0.9726252030341583,False
licm,callsite-splitting,0.011252171884149564,1.4510243426124996,0.1469135514159935,1180,1077,0.8664359447967327,False
licm,dfa-jump-threading,-0.01030097570210653,-1.3153921055492657,0.18851586043332652,1102,1097,0.8780001857299028,False
licm,consthoist,-0.00696967050630154,-0.9157778893179094,0.35988229341621714,1121,1114,0.9480085994808022,False
licm,mldst-motion,-0.006769034623661574,-0.8658882878432144,0.3866426681938594,1161,1120,0.9502022310408844,False
licm,slsr,0.01165511080089221,1.4940836679213354,0.13529983141571478,1090,1073,0.8592403433953654,False
licm,loop-interchange,0.0031927192542792193,0.42366622367576456,0.6718498846442023,1165,1095,0.9924421532503569,False
licm,loop-fusion,0.0021154521197405685,0.2755471841006997,0.7829223648784545,1170,1023,0.9942648800181039,False
licm,loop-distribute,-0.0011625059657534575,-0.14778593223271944,0.8825248372952554,1138,1135,0.9942648800181039,False
licm,loop-load-elim,0.00816690651490004,1.043723210904862,0.2967260444794525,1104,1139,0.9295833521452288,False
licm,loop-sink,-0.013332847930351999,-1.6786314577155577,0.09336526378107145,1128,1086,0.8216483294072284,False
licm,loop-unroll-and-jam,0.008928203240316013,1.1376432482940344,0.2553925972561389,1130,1093,0.9195460358483637,False
licm,hotcoldsplit,-0.01239866235638487,-1.6225521344965104,0.10482735040366471,1112,1108,0.8216483294072284,False
licm,irce,-0.0015705238212417871,-0.20248456228859688,0.8395565943851102,1087,1122,0.9942648800181039,False
licm,nary-reassociate,0.0011548499681177105,0.150886238136371,0.8800794175342648,1088,1094,0.9942648800181039,False
licm,scalarizer,-0.0027501526769607154,-0.35851748349429136,0.7199898070637479,1084,1172,0.9942648800181039,False
licm,vector-combine,0.005025507273650476,0.6513207764809037,0.514907908097451,1073,1128,0.9774238917491724,False
licm,always-inline,0.012518745255940433,1.62039968765856,0.10528802866400569,1103,1126,0.8216483294072284,False
licm,globalsplit,-0.01843822626680991,-2.4139684455253296,0.015861475463356894,1074,1122,0.5934873791108232,False
licm,lowerswitch,-0.007468945758615064,-0.9800861592269825,0.32715039461079215,1104,1118,0.942058707247174,False
licm,early-cse-memssa,0.009521889903207348,1.4007693261132743,0.16141982992732273,1143,1136,0.8754403855060268,False
licm,simple-loop-unswitch,0.019098094644549257,2.4547633580889863,0.014175824605037211,1140,1055,0.5918624706255822,False
licm,loop-versioning,-0.009729123926854044,-1.2574602276385893,0.20871843656659758,1104,1150,0.9064104066000374,False
licm,loop-flatten,0.002616060089840444,0.3362462715843141,0.7367178284022899,1065,1098,0.9942648800181039,False
licm,loop-reroll,0.013827078702392803,1.7891621179768868,0.07372425828000759,1121,1114,0.7840748251100543,False
licm,loop-instsimplify,-0.00437488884131737,-0.5643864896435085,0.5725493363537217,1067,1122,0.9865737009134377,False
licm,loop-simplifycfg,0.00785725432582296,1.0082178508697104,0.3134612421804565,1069,1124,0.9356053539471553,False
licm,loop-predication,-0.00077883447432614,-0.1012835107473162,0.9193346654473357,1129,1069,0.9942648800181039,False
licm,speculative-execution,0.0005256747425974595,0.06902799997610065,0.9449734852328476,1118,1127,0.9942648800181039,False
licm,partially-inline-libcalls,0.004666858863769219,0.5908497278718011,0.554682318619722,1132,1070,0.9809315953038664,False
licm,load-store-vectorizer,-0.018525145463073656,-2.4234723202585595,0.015453429892993625,1097,1100,0.5918624706255822,False
licm,iroutliner,0.0013652064968501243,0.18255611490990412,0.8551635737917167,1107,1044,0.9942648800181039,False
licm,global-merge,-0.004933822929618026,-0.6377005527154899,0.5237359165935639,1081,1091,0.9774238917491724,False
licm,break-crit-edges,0.002963067212557291,0.38362278719703136,0.7012956533258778,1121,1072,0.9942648800181039,False
licm,unreachableblockelim,-0.0013105915730551865,-0.17272690060223858,0.8628820330470427,1117,1088,0.9942648800181039,False
loop-simplify,div-rem-pairs,0.0061594045277710285,0.8388777254946737,0.40162821606593735,1107,1116,0.9514676915391475,False
loop-simplify,float2int,0.009588750941506685,1.2851020840040916,0.1988977489454046,1094,1030,0.8916107201194358,False
loop-simplify,inline,-0.008553165356812775,-1.1715719902624826,0.2414927307898961,1165,1097,0.9168487203752956,False
loop-simplify,sink,-0.004614041276427672,-0.6277254264776184,0.5302472346039335,1167,1103,0.9774238917491724,False
loop-simplify,loop-vectorize,-0.007826460503509103,-1.0720944275422355,0.28379706002228,1081,1087,0.9247897792409351,False
loop-simplify,slp-vectorizer,0.0025826400302632613,0.35107501309506006,0.7255648699439634,1117,1144,0.9942648800181039,False
loop-simplify,callsite-splitting,0.003810806452501425,0.5186352174837245,0.6040670835128226,1129,1086,0.9874161299839842,False
loop-simplify,dfa-jump-threading,0.0005448858205691631,0.07232666942057477,0.9423486487572886,1043,1134,0.9942648800181039,False
loop-simplify,consthoist,-0.016680173452418456,-2.2553771108590657,0.024210112810125674,1095,1056,0.6583805678086954,False
loop-simplify,mldst-motion,-0.0001409466739890064,-0.019273295090944956,0.9846247686266888,1133,1157,0.9993802249402087,False
loop-simplify,slsr,-0.004344967529435584,-0.5888826498822498,0.556000631266149,1104,1092,0.9809315953038664,False
loop-simplify,loop-interchange,-0.005232436269648366,-0.7031292904037932,0.4820505450135965,1063,1122,0.9726252030341583,False
loop-simplify,loop-fusion,0.00010067110084288622,0.013737393976824368,0.9890407110529236,1109,1140,0.9993802249402087,False
loop-simplify,loop-distribute,0.0024852230494822325,0.3253412770703238,0.744954637783124,1088,1052,0.9942648800181039,False
loop-simplify,loop-load-elim,-0.010027414644611266,-1.3472617478785207,0.17803565071779148,1087,1107,0.8754403855060268,False
loop-simplify,loop-sink,-0.005421606533595857,-0.7397340254344292,0.45954035358207207,1138,1069,0.9687293080119685,False
loop-simplify,loop-unroll-and-jam,-0.0009106553246160387,-0.12420863165754052,0.9011611671811436,1132,1130,0.9942648800181039,False
loop-simplify,hotcoldsplit,0.016434026317838413,2.2620788293626077,0.02378840578242578,1064,1192,0.6583805678086954,False
loop-simplify,irce,0.0004516157079134664,0.0611803018309076,0.951221195126899,1075,1121,0.9942648800181039,False
loop-simplify,nary-reassociate,-0.002776593659066795,-0.3816452895574422,0.7027604302046478,1136,1122,0.9942648800181039,False
loop-simplify,scalarizer,-0.005692949703156813,-0.7434136592296829,0.45731048230583154,1102,1105,0.9687293080119685,False
loop-simplify,vector-combine,0.007692239266730461,1.0563154109099238,0.290935999991091,1140,1143,0.9279993210434955,False
loop-simplify,always-inline,-0.00370957143212175,-0.49737377057938065,0.6189760577805661,1087,1078,0.9874161299839842,False
loop-simplify,globalsplit,0.007099252817306778,0.9280428587567411,0.3534906842479118,1103,1037,0.9480085994808022,False
loop-simplify,lowerswitch,0.011153699349854329,1.5092152336192999,0.1313868741627836,1059,1167,0.8591664186373942,False
loop-simplify,early-cse-memssa,-0.010486183628624746,-1.5716759458515912,0.1161716081999838,1073,1103,0.836071742987333,False
loop-simplify,simple-loop-unswitch,-0.001607332597297395,-0.2220697808197808,0.8242796540137367,1148,1111,0.9942648800181039,False
loop-simplify,loop-versioning,-0.0016318168899084329,-0.22375248884201718,0.8229709432575767,1058,1137,0.9942648800181039,False
loop-simplify,loop-flatten,-0.017843049595529237,-2.4471055998100546,0.014478322611920572,1168,1053,0.5918624706255822,False
loop-simplify,loop-reroll,0.001670283089758251,0.22004896608836422,0.8258539080562296,1059,1094,0.9942648800181039,False
loop-simplify,loop-instsimplify,0.004638450492088331,0.6189076172507262,0.5360433181976416,1096,1055,0.9774238917491724,False
loop-simplify,loop-simplifycfg,-0.0047097567329856815,-0.6466319465677054,0.5179369639026916,1085,1142,0.9774238917491724,False
loop-simplify,loop-predication,-0.0030439558525580668,-0.4050494757804445,0.6854804197476221,1090,1119,0.9935462622399623,False
loop-simplify,speculative-execution,-0.004832119618003339,-0.6406818645132167,0.5217989570840988,1039,1078,0.9774238917491724,False
loop-simplify,partially-inline-libcalls,-0.0007557012562515175,-0.10358500375395716,0.9175077966139488,1161,1122,0.9942648800181039,False
loop-simplify,load-store-vectorizer,0.012251098985022468,1.593616561588529,0.11117030918178376,1079,1057,0.8280516210713255,False
loop-simplify,iroutliner,0.0032019447407580226,0.45626870182224566,0.6482410480194828,1107,1134,0.9894955426777883,False
loop-simplify,global-merge,0.02283234222594388,3.080641032353041,0.002091203093639145,1066,1129,0.2521079320564352,False
loop-simplify,break-crit-edges,0.004863459868303388,0.6622054840827369,0.5079073306784864,1132,1122,0.9774238917491724,False
loop-simplify,unreachableblockelim,0.005860664890893208,0.7938467032337028,0.42736978177477736,1095,1121,0.968506982309044,False
div-rem-pairs,float2int,0.0024156336508974197,0.31927032637814445,0.7495529728692509,1062,1061,0.9942648800181039,False
div-rem-pairs,inline,-0.0006127739434574897,-0.08224171551170577,0.934461973015323,1104,1101,0.9942648800181039,False
div-rem-pairs,sink,-0.005071537367763501,-0.6792762745254246,0.497033579664389,1106,1123,0.9774238917491724,False
div-rem-pairs,loop-vectorize,0.0025662934968595508,0.34075840710612026,0.7333177256431427,1161,1085,0.9942648800181039,False
div-rem-pairs,slp-vectorizer,0.00460428405229707,0.6345424415838319,0.5257919258901974,1115,1119,0.9774238917491724,False
div-rem-pairs,callsite-splitting,0.013590814289870301,1.8601148657536226,0.06300332612064442,1112,1089,0.7729977239171516,False
div-rem-pairs,dfa-jump-threading,-0.011184000077325673,-1.5689087569550786,0.11681149376617331,1117,1109,0.836071742987333,False
div-rem-pairs,consthoist,0.0013975465675857834,0.19358861533508392,0.8465150888100544,1166,1140,0.9942648800181039,False
div-rem-pairs,mldst-motion,-0.00043076162995087097,-0.0581319941757591,0.953648720885051,1090,1134,0.9942648800181039,False
div-rem-pairs,slsr,-0.0031544333575669325,-0.4314858376882211,0.6661579588422114,1124,1056,0.9917647591855995,False
div-rem-pairs,loop-interchange,0.0024683711025287325,0.34433878102237075,0.7306230705314084,1143,1154,0.9942648800181039,False
div-rem-pairs,loop-fusion,0.010151614644586304,1.3117665066550181,0.1897416269135473,1009,1126,0.8780001857299028,False
div-rem-pairs,loop-distribute,0.0073516264305947265,0.9958244530602378,0.3194468133999784,1103,1067,0.9373396474768672,False
div-rem-pairs,loop-load-elim,0.009465979854755668,1.3240599810108264,0.18561655884840786,1142,1131,0.8754403855060268,False
div-rem-pairs,loop-sink,-0.0011725894475244636,-0.16237685348462727,0.871023631061634,1094,1176,0.9942648800181039,False
div-rem-pairs,loop-unroll-and-jam,0.0025949463777608095,0.3510843089677022,0.7255590028023409,1070,1123,0.9942648800181039,False
div-rem-pairs,hotcoldsplit,0.00546433632514659,0.7472198025784346,0.45500828881417293,1160,1113,0.9687293080119685,False
div-rem-pairs,irce,-0.01622949315634381,-2.1734514091748856,0.02985094715125854,1135,1105,0.6845850224753226,False
div-rem-pairs,nary-reassociate,-0.009870895087054798,-1.3374005037091672,0.18122895315807774,1090,1134,0.8754403855060268,False
div-rem-pairs,scalarizer,0.005226023133799496,0.6919451095281,0.48904392968927457,1065,1185,0.9726252030341583,False
div-rem-pairs,vector-combine,-0.014600612701301141,-2.0012082341483524,0.04548891733807075,1136,1134,0.7108785336882624,False
div-rem-pairs,always-inline,-0.004936135631776306,-0.6692688952781615,0.5033938896272143,1083,1136,0.9774238917491724,False
div-rem-pairs,globalsplit,-0.005296460657815694,-0.7139915685215289,0.4753080762086914,1095,1115,0.9705521863870724,False
div-rem-pairs,lowerswitch,-0.006125042967580041,-0.8086539509056683,0.4188040051854563,1061,1098,0.9675731470833314,False
div-rem-pairs,early-cse-memssa,-0.007950900220863588,-1.2234504080671866,0.22128831864863324,1148,1094,0.9085781878347714,False
div-rem-pairs,simple-loop-unswitch,0.003240728710635632,0.4356044358960064,0.6631662752970029,1115,1101,0.9916381860124056,False
div-rem-pairs,loop-versioning,0.003503299569683427,0.4826531926710213,0.6293889532684424,1169,1092,0.9874161299839842,False
div-rem-pairs,loop-flatten,-0.010512516075306289,-1.4134940682262631,0.15765488945790784,1078,1090,0.8754403855060268,False
div-rem-pairs,loop-reroll,0.0033253653253056403,0.45365146365495995,0.6501243186444644,1083,1130,0.9894955426777883,False
div-rem-pairs,loop-instsimplify,-0.0007065380099656182,-0.09793564942324383,0.9219921490583349,1125,1119,0.9942648800181039,False
div-rem-pairs,loop-simplifycfg,0.004023289771914129,0.53265234539678,0.5943294868629934,1106,1046,0.9874161299839842,False
div-rem-pairs,loop-predication,-0.004129089560036825,-0.5513625655509956,0.581440355857169,1100,1144,0.9874161299839842,False
div-rem-pairs,speculative-execution,0.00801810109883816,1.0914763985233573,0.2751830297456799,1123,1082,0.9234272483582865,False
div-rem-pairs,partially-inline-libcalls,-0.011080362329767446,-1.5291897968479582,0.12635737482815929,1127,1137,0.8493257906816626,False
div-rem-pairs,load-store-vectorizer,0.013645038791048558,1.8664067011900225,0.06211848553210884,1115,1077,0.7729977239171516,False
div-rem-pairs,iroutliner,0.012929944318448572,1.8505692832595808,0.06436475031155274,1133,1088,0.7761705038753552,False
div-rem-pairs,global-merge,-0.0006141016330212801,-0.08298859707688991,0.9338683351989445,1078,1074,0.9942648800181039,False
div-rem-pairs,break-crit-edges,-0.004456852120962473,-0.5995071537420459,0.5488962621810786,1114,1097,0.9786961826004837,False
div-rem-pairs,unreachableblockelim,0.004757286834012442,0.6239692896627711,0.532714223759536,1059,1085,0.9774238917491724,False
float2int,inline,-0.006944848813571047,-0.9228555915475465,0.35618389513851334,1104,1093,0.9480085994808022,False
float2int,sink,0.003974586174919192,0.5390381176818352,0.5899156108126509,1113,1074,0.9874161299839842,False
float2int,loop-vectorize,-0.0009529032632979995,-0.1317004997342683,0.8952328206085963,1149,1139,0.9942648800181039,False
float2int,slp-vectorizer,-0.002100490674542488,-0.2855661185234601,0.775236773785242,1112,1146,0.9942648800181039,False
float2int,callsite-splitting,-0.001867056590067584,-0.25213198522974767,0.8009628386430374,1169,1047,0.9942648800181039,False
float2int,dfa-jump-threading,-0.010084954072540508,-1.3237194833853905,0.18574072164420732,1061,1035,0.8754403855060268,False
float2int,consthoist,0.017612563952681404,2.427141656306163,0.015296817865159167,1083,1156,0.5918624706255822,False
float2int,mldst-motion,0.007690911331976691,1.0300295233496957,0.3031088205737462,1088,1125,0.9301799375126703,False
float2int,slsr,0.0022132015268560012,0.2945523406001387,0.7683636016447238,1100,1107,0.9942648800181039,False
float2int,loop-interchange,0.010479151904751793,1.4056923598077085,0.15995829597436023,1073,1105,0.8754403855060268,False
float2int,loop-fusion,0.0016560366936159698,0.22421996694396826,0.82260686298916,1076,1146,0.9942648800181039,False
float2int,loop-distribute,-0.004828660727621059,-0.6622981244800136,0.5078488980710042,1091,1135,0.9774238917491724,False
float2int,loop-load-elim,-0.005657941819445067,-0.7606457564564663,0.4469533906712175,1051,1072,0.9687293080119685,False
float2int,loop-sink,-0.0019201110743529703,-0.2612327596414397,0.7939369337680041,1094,1163,0.9942648800181039,False
float2int,loop-unroll-and-jam,0.00021806764413928592,0.02964248285525531,0.976354855355371,1100,1121,0.9990198037713872,False
float2int,hotcoldsplit,-0.00315051918805187,-0.4351695228367455,0.6634803585128813,1141,1153,0.9916381860124056,False
float2int,irce,0.00606395611733862,0.8296877042333637,0.40680558028049485,1057,1149,0.9556392635743359,False
float2int,nary-reassociate,-0.002328900169030035,-0.3156154368817144,0.7523233816376298,1138,1138,0.9942648800181039,False
float2int,scalarizer,0.002635949414652561,0.35525806292203577,0.722429710756845,1142,1102,0.9942648800181039,False
float2int,vector-combine,-0.0034802294632553243,-0.473161222996269,0.6361447848716069,1087,1130,0.9880033518103314,False
float2int,always-inline,0.009231469417203597,1.2357974981520206,0.2166669173449743,1144,1062,0.9085781878347714,False
float2int,globalsplit,0.0011386187072972564,0.1594376564697361,0.8733380266717827,1151,1160,0.9942648800181039,False
float2int,lowerswitch,-0.012914934214095342,-1.7085866018713758,0.0876698860163045,1093,1104,0.8125947300396654,False
float2int,early-cse-memssa,0.0060231683045971485,0.9110544829199789,0.3623662663016897,1121,1090,0.9498167997573073,False
float2int,simple-loop-unswitch,0.00389718333921929,0.514430570265167,0.6070048835027558,1049,1063,0.9874161299839842,False
float2int,loop-versioning,-0.008071171758283313,-1.0817884985156714,0.2794624963208034,1135,1116,0.9236351984749093,False
float2int,loop-flatten,-0.0004041304994872319,-0.0553830050206271,0.9558382422317228,1096,1172,0.9947017158063849,False
float2int,loop-reroll,0.0006635170840648685,0.08849351682729914,0.9294923941498937,1126,1103,0.9942648800181039,False
float2int,loop-instsimplify,0.002464871697220261,0.33188780948317403,0.740006371297284,1070,1079,0.9942648800181039,False
float2int,loop-simplifycfg,-0.0018532204893921267,-0.24945810655322606,0.8030295307805961,1123,1100,0.9942648800181039,False
float2int,loop-predication,-0.0016656953428311194,-0.2282327127554742,0.8194859124452933,1129,1141,0.9942648800181039,False
float2int,speculative-execution,0.007065903270561225,0.9481627742275651,0.3431514732914537,1095,1094,0.9478434106605946,False
float2int,partially-inline-libcalls,0.0001888817105727969,0.025069619436943948,0.9800017213848742,1147,1059,0.9990198037713872,False
float2int,load-store-vectorizer,0.0037254500873103447,0.5022438241135032,0.6155466376542091,1114,1079,0.9874161299839842,False
float2int,iroutliner,0.003506099229382942,0.4828472251778322,0.6292523611205986,1109,1092,0.9874161299839842,False
float2int,global-merge,0.018291505863435087,2.4020088515792843,0.016391865131470184,1101,1028,0.5976808664173467,False
float2int,break-crit-edges,-0.0029366528565628047,-0.39133430017412124,0.6955879828821604,1107,1099,0.9942648800181039,False
float2int,unreachableblockelim,-0.007746279508630882,-1.0588548860227815,0.289782378608683,1095,1102,0.9279993210434955,False
inline,sink,0.0005540282592869095,0.07699987004419552,0.938630446273184,1123,1151,0.9942648800181039,False
inline,loop-vectorize,7.219565149063634e-05,0.00959385795102723,0.9923461938285212,1106,1105,0.9993802249402087,False
inline,slp-vectorizer,-0.00918551761587083,-1.2393814998731527,0.21533611692110008,1112,1098,0.9085781878347714,False
inline,callsite-splitting,-0.0074040780431215425,-1.0230702637327407,0.30638453473404165,1110,1156,0.9302752341567484,False
inline,dfa-jump-threading,-0.006871571333671445,-0.9518344080518171,0.34128465820589904,1128,1093,0.9465090095851987,False
inline,consthoist,-0.011199378428421225,-1.5279641232997934,0.1266614560158557,1125,1138,0.8493257906816626,False
inline,mldst-motion,0.003714942300072299,0.502305576025065,0.6155016844236979,1129,1126,0.9874161299839842,False
inline,slsr,0.0029522000886678113,0.4025429324451336,0.6873227607990593,1125,1128,0.9935462622399623,False
inline,loop-interchange,-0.004819829524009278,-0.6578211638989371,0.5107222735243695,1079,1115,0.9774238917491724,False
inline,loop-fusion,0.0033534309839563514,0.45122321091381185,0.6518744240241058,1072,1069,0.9894955426777883,False
inline,loop-distribute,-0.004217668213481962,-0.574830446756338,0.5654639025445367,1102,1139,0.982993549686316,False
inline,loop-load-elim,-0.008881528836614305,-1.21496571163049,0.2245073430266777,1110,1132,0.9085781878347714,False
inline,loop-sink,-0.0004592468113467918,-0.05846339993897625,0.9533849900943843,1085,1051,0.9942648800181039,False
inline,loop-unroll-and-jam,-0.0001165912914883327,-0.015549930169882147,0.9875948663171041,1081,1113,0.9993802249402087,False
inline,hotcoldsplit,-0.0073321220195335934,-0.9906078924627902,0.32198517318476294,1087,1143,0.938165132582985,False
inline,irce,0.008657895290057782,1.1422456066542102,0.25347924122295024,1095,1063,0.9195460358483637,False
inline,nary-reassociate,0.010742591093266862,1.4364836546867497,0.15101078194593154,1110,1046,0.8722097671095397,False
inline,scalarizer,0.006693307407073468,0.900942591711424,0.36771617468313283,1123,1108,0.9502022310408844,False
inline,vector-combine,-0.0072949276772555915,-0.9765655321676326,0.3288934615324407,1079,1088,0.942058707247174,False
inline,always-inline,0.005031679058088934,0.693877948799367,0.48783051289630863,1095,1153,0.9726252030341583,False
inline,globalsplit,0.003840812790812387,0.517969073920162,0.6045327615833901,1045,1123,0.9874161299839842,False
inline,lowerswitch,-0.01096945975458058,-1.4904608304643023,0.13624483024512138,1115,1115,0.8592403433953654,False
inline,early-cse-memssa,-0.01427691799364994,-2.1486758875354415,0.03176737641751597,1148,1094,0.6845850224753226,False
inline,simple-loop-unswitch,0.000473729580344473,0.06314085142287579,0.9496600544498268,1088,1124,0.9942648800181039,False
inline,loop-versioning,-0.008936722804393449,-1.1848856982286653,0.2361930025560665,1091,1071,0.9153351961594847,False
inline,loop-flatten,-0.0010369884709428567,-0.13882983164993115,0.8895975281658425,1087,1081,0.9942648800181039,False
inline,loop-reroll,-0.00010053626396611115,-0.013823377806622001,0.9889721428478878,1145,1071,0.9993802249402087,False
inline,loop-instsimplify,0.007504819427902543,1.021703682928202,0.3070294690719565,1109,1177,0.9302752341567484,False
inline,loop-simplifycfg,-0.0019056875204526702,-0.25399627677372094,0.7995225534149307,1081,1091,0.9942648800181039,False
inline,loop-predication,0.012489045843790292,1.6485667488340834,0.09938235166361495,1064,1091,0.8216483294072284,False
inline,speculative-execution,-0.0010783662127856752,-0.14857309775461713,0.8819035602891484,1183,1127,0.9942648800181039,False
inline,partially-inline-libcalls,-0.0011872484451582732,-0.16151098264080394,0.8717057112765926,1085,1142,0.9942648800181039,False
inline,load-store-vectorizer,0.006986878078365455,0.9435082248725203,0.3455260225928565,1067,1110,0.9478434106605946,False
inline,iroutliner,0.0022317387517130083,0.3097453201091978,0.7567843075833288,1074,1110,0.9942648800181039,False
inline,global-merge,-0.004166939372145462,-0.5610603350499698,0.5748136063062116,1116,1085,0.9870639913381112,False
inline,break-crit-edges,0.00338498666277659,0.4456895138395375,0.6558655318231797,1104,1092,0.9901192839705366,False
inline,unreachableblockelim,-0.00963846608324287,-1.2821288912135818,0.1999363325719652,1043,1107,0.8916107201194358,False
sink,loop-vectorize,-0.009876538565299076,-1.3897317075023397,0.16475121795165,1130,1073,0.8754403855060268,False
sink,slp-vectorizer,-0.007770561814458288,-1.0497015064178514,0.2939703571744732,1116,1093,0.9279993210434955,False
sink,callsite-splitting,0.008112122429950852,1.104669535305295,0.2694229041881315,1085,1133,0.9234272483582865,False
sink,dfa-jump-threading,0.01046669444355991,1.4370266876959668,0.15085102399270792,1158,1082,0.8722097671095397,False
sink,consthoist,0.006920070397098466,0.9318068466550329,0.3515392275557021,1077,1112,0.9480085994808022,False
sink,mldst-motion,-0.0029317691181653394,-0.40119399394440025,0.6883150862760838,1130,1141,0.9935462622399623,False
sink,slsr,0.004763583406481309,0.6353850810755695,0.5252443087579585,1086,1087,0.9774238917491724,False
sink,loop-interchange,0.009569963304276008,1.2288553007228,0.21926547672569466,1034,1042,0.9085781878347714,False
sink,loop-fusion,0.005182410516322622,0.7244906113305606,0.4688381917982082,1163,1145,0.9705521863870724,False
sink,loop-distribute,0.00738586852564227,0.9971852517955444,0.3187838215273634,1104,1107,0.9373396474768672,False
sink,loop-load-elim,-0.020817277208628915,-2.8717633484020575,0.0041206708035011475,1100,1141,0.35858993036689985,False
sink,loop-sink,0.01642778851770893,2.227776790338453,0.025994436641558052,1187,1080,0.6624199781144244,False
sink,loop-unroll-and-jam,-0.0025069235107658128,-0.3436202313295989,0.7311643096467818,1126,1106,0.9942648800181039,False
sink,hotcoldsplit,-0.002892914965788751,-0.38233567828179876,0.7022489579330583,1142,1086,0.9942648800181039,False
sink,irce,-0.008917664822325366,-1.2200024732056922,0.22259400031445917,1117,1097,0.9085781878347714,False
sink,nary-reassociate,-0.006516766667820639,-0.8869196193238497,0.37522014294948447,1107,1078,0.9502022310408844,False
sink,scalarizer,0.008379893421938733,1.1087953556745238,0.26764117433105555,1063,1120,0.9234272483582865,False
sink,vector-combine,-0.0014518633585073326,-0.19108536680704755,0.8484769942117038,1037,1107,0.9942648800181039,False
sink,always-inline,-0.01705742247707598,-2.303066242933346,0.02136887286824101,1130,1055,0.6583805678086954,False
sink,globalsplit,-0.0029598260749001404,-0.38865351183088637,0.6975710688754176,1059,1087,0.9942648800181039,False
sink,lowerswitch,-0.002180042901165413,-0.28675164071165404,0.7743305160289341,1041,1095,0.9942648800181039,False
sink,early-cse-memssa,0.0028959143862474224,0.4502000342159645,0.6526104825703527,1076,1137,0.9894955426777883,False
sink,simple-loop-unswitch,0.01266442891258579,1.7017605367576683,0.0889440247377307,1096,1072,0.8125947300396654,False
sink,loop-versioning,0.0007276286480502603,0.09400994541602654,0.9251101067697055,1057,1073,0.9942648800181039,False
sink,loop-flatten,0.0014850455219840297,0.20946753721195602,0.8341016063940858,1147,1186,0.9942648800181039,False
sink,loop-reroll,0.006350018520242362,0.8450684182258732,0.3981658016852147,1139,1062,0.9502022310408844,False
sink,loop-instsimplify,-0.0035999176904268904,-0.48271481622542045,0.6293462160991309,1147,1061,0.9874161299839842,False
sink,loop-simplifycfg,-0.001946468516801303,-0.27333376063848547,0.7846224042663577,1124,1075,0.9942648800181039,False
sink,loop-predication,0.006324599941909148,0.8693529750216415,0.3847471337530728,1109,1136,0.9502022310408844,False
sink,speculative-execution,0.008122770863707163,1.0959209276308153,0.27323160660184376,1115,1120,0.9234272483582865,False
sink,partially-inline-libcalls,-0.001033185281332727,-0.13959789241090034,0.8889903414624045,1074,1172,0.9942648800181039,False
sink,load-store-vectorizer,-0.006835473189670316,-0.95185945801247,0.3412684869069301,1138,1163,0.9465090095851987,False
sink,iroutliner,-0.005982184364899501,-0.8517655186185006,0.39443482914908046,1119,1136,0.9502022310408844,False
sink,global-merge,0.0034801132575686955,0.47834871799201073,0.6324484282739645,1142,1114,0.9874161299839842,False
sink,break-crit-edges,0.004946475164743669,0.671003835936093,0.5022895251373765,1068,1111,0.9774238917491724,False
sink,unreachableblockelim,0.006533340969643808,0.8897482545692288,0.3736987031031439,1082,1119,0.9502022310408844,False
loop-vectorize,slp-vectorizer,-0.009892366929732055,-1.3506042155424658,0.17696280110593693,1053,1130,0.8754403855060268,False
loop-vectorize,callsite-splitting,0.011125684418323734,1.5424876470484274,0.12309715808028646,1117,1113,0.8427420822419611,False
loop-vectorize,dfa-jump-threading,0.004856212931386106,0.6697598076402838,0.5030806257619477,1132,1096,0.9774238917491724,False
loop-vectorize,consthoist,0.00115135822465956,0.15827981660278426,0.8742506064924471,1124,1114,0.9942648800181039,False
loop-vectorize,mldst-motion,0.0035441056698750084,0.485429566926025,0.6274196106423473,1122,1103,0.9874161299839842,False
loop-vectorize,slsr,0.0019460846553185362,0.263183132724721,0.7924346683064085,1108,1051,0.9942648800181039,False
loop-vectorize,loop-interchange,-0.009008286865450132,-1.2409841947968303,0.21474072578114428,1120,1142,0.9085781878347714,False
loop-vectorize,loop-fusion,0.0014212053814710024,0.19395177123078433,0.8462320442633341,1089,1056,0.9942648800181039,False
loop-vectorize,loop-distribute,-0.002522550068572993,-0.33379192367923854,0.73856893492751,1074,1091,0.9942648800181039,False
loop-vectorize,loop-load-elim,0.006006247867226144,0.8304498188570865,0.40637753738888444,1102,1045,0.9556392635743359,False
loop-vectorize,loop-sink,0.0015690919340697884,0.21036824787667321,0.8334003187977476,1117,1038,0.9942648800181039,False
loop-vectorize,loop-unroll-and-jam,0.0037578269103881734,0.5107050669528747,0.6096090484931213,1098,1101,0.9874161299839842,False
loop-vectorize,hotcoldsplit,0.005493691331776185,0.7551467419303212,0.4502413180163525,1115,1100,0.9687293080119685,False
loop-vectorize,irce,-0.010870434120127614,-1.4530374220708324,0.14635982291753843,1098,1051,0.8660242460746667,False
loop-vectorize,nary-reassociate,0.0016078872566501756,0.21557545256230262,0.829338807734338,1084,1106,0.9942648800181039,False
loop-vectorize,scalarizer,-0.05021550393518617,-6.298891240333633,3.647021969508e-10,1051,1147,1.5868597813992587e-07,True
loop-vectorize,vector-combine,0.014375512910062449,1.9191895374991534,0.05509049305038837,1113,1079,0.7570827690225452,False
loop-vectorize,always-inline,0.006478182954822886,0.8727733039423867,0.38288287381324526,1072,1113,0.9502022310408844,False
loop-vectorize,globalsplit,0.009843657948265527,1.338614106835196,0.18083330214394056,1138,1086,0.8754403855060268,False
loop-vectorize,lowerswitch,0.0010707564913521872,0.14975017959289627,0.8809752633676107,1146,1088,0.9942648800181039,False
loop-vectorize,early-cse-memssa,0.012323508291478213,1.887615718226528,0.059211032036924204,1065,1106,0.7729013381886506,False
loop-vectorize,simple-loop-unswitch,-0.01050848767984447,-1.416650426744098,0.15673281749774434,1030,1106,0.8754403855060268,False
loop-vectorize,loop-versioning,-0.030766720734740294,-3.7487985083316784,0.00018237530916788894,1114,1046,0.03967676170563628,True
loop-vectorize,loop-flatten,-0.011075809740637321,-1.5093549530869619,0.13135284289725607,1132,1058,0.8591664186373942,False
loop-vectorize,loop-reroll,-0.002876374949199456,-0.3824942726137504,0.7021329077199308,1086,1052,0.9942648800181039,False
loop-vectorize,loop-instsimplify,0.003856229052489668,0.5243726477341728,0.6000734190338423,1117,1051,0.9874161299839842,False
loop-vectorize,loop-simplifycfg,0.010197806831501732,1.3535211623354393,0.17602981827312333,1110,1077,0.8754403855060268,False
loop-vectorize,loop-predication,0.005563663252524609,0.7477621801136327,0.4546835475498447,1109,1093,0.9687293080119685,False
loop-vectorize,speculative-execution,-0.0015285420975638675,-0.2091354702004134,0.8343620545512906,1090,1089,0.9942648800181039,False
loop-vectorize,partially-inline-libcalls,-0.008585060735227634,-1.1873078701414999,0.2352323487078646,1117,1122,0.9147665119563038,False
loop-vectorize,load-store-vectorizer,-0.010176243297514043,-1.4060058125099004,0.15986269818350277,1154,1075,0.8754403855060268,False
loop-vectorize,iroutliner,-0.010716645265655411,-1.5681120654525837,0.11699880366625601,1103,1099,0.836071742987333,False
loop-vectorize,global-merge,-0.002072594173596287,-0.290355830855295,0.7715707053299324,1140,1119,0.9942648800181039,False
loop-vectorize,break-crit-edges,-0.002311759130818991,-0.3140056918074488,0.7535465973312924,1077,1125,0.9942648800181039,False
loop-vectorize,unreachableblockelim,-0.012454680967075693,-1.7176720232270009,0.08599623189446383,1099,1132,0.8125947300396654,False
slp-vectorizer,callsite-splitting,0.011013342441963725,1.4854467679507257,0.13757499880206692,1011,1114,0.8592403433953654,False
slp-vectorizer,dfa-jump-threading,0.000511789568728549,0.06836384436177576,0.9455021623296286,1144,1081,0.9942648800181039,False
slp-vectorizer,consthoist,-0.010892211823679165,-1.467307895119439,0.14243897805784106,1080,1067,0.8648341678559794,False
slp-vectorizer,mldst-motion,0.009646490373890593,1.3230960998025976,0.18594055948176177,1115,1099,0.8754403855060268,False
slp-vectorizer,slsr,-0.008102391532984088,-1.088802967846425,0.27636331083978843,1041,1120,0.9234272483582865,False
slp-vectorizer,loop-interchange,-0.004807951556539514,-0.649866786670426,0.5158447153545176,1103,1162,0.9774238917491724,False
slp-vectorizer,loop-fusion,-0.011337103316546804,-1.4854408710511817,0.1375730526445822,1115,1053,0.8592403433953654,False
slp-vectorizer,loop-distribute,-0.009197093295974623,-1.2663857447907851,0.205506617253816,1100,1151,0.9033393906863824,False
slp-vectorizer,loop-load-elim,0.005312972229002733,0.7090952430821469,0.4783422132001299,1049,1122,0.9715705948608447,False
slp-vectorizer,loop-sink,0.002350686928009882,0.31222980787945676,0.7548959285537552,1104,1066,0.9942648800181039,False
slp-vectorizer,loop-unroll-and-jam,0.005219848714167974,0.7236849097006234,0.46933325272641213,1134,1154,0.9705521863870724,False
slp-vectorizer,hotcoldsplit,0.004001677784278734,0.5354162233465906,0.5924175691897895,1066,1082,0.9874161299839842,False
slp-vectorizer,irce,-0.008532771497808789,-1.1668784681832942,0.24338601658745687,1129,1075,0.9182077465862053,False
slp-vectorizer,nary-reassociate,-0.011004946445661301,-1.4663079941413772,0.14270499801130018,1143,1099,0.8648341678559794,False
slp-vectorizer,scalarizer,-0.007296026757391549,-0.9955057964940364,0.3195999199009652,1108,1092,0.9373396474768672,False
slp-vectorizer,vector-combine,0.0018709702052116528,0.2508897733875256,0.8019228226998548,1122,1075,0.9942648800181039,False
slp-vectorizer,always-inline,0.0029158013324339094,0.3952183410203656,0.6927191893328426,1136,1120,0.9942648800181039,False
slp-vectorizer,globalsplit,0.00302970103508321,0.40235527209058536,0.6874631441441648,1073,1050,0.9935462622399623,False
slp-vectorizer,lowerswitch,0.010329942214101218,1.3733483039985497,0.16978463338501795,1171,1067,0.8754403855060268,False
slp-vectorizer,early-cse-memssa,0.004472252363121598,0.6988268611968311,0.4847336015974211,1108,1111,0.9726252030341583,False
slp-vectorizer,simple-loop-unswitch,-0.002193442803570478,-0.2935146106219981,0.7691567062350445,1098,1091,0.9942648800181039,False
slp-vectorizer,loop-versioning,0.00415740744813059,0.5536160915027337,0.5798970387439658,1104,1131,0.9874161299839842,False
slp-vectorizer,loop-flatten,0.004773115289532559,0.667375100130084,0.5046001624202924,1180,1107,0.9774238917491724,False
slp-vectorizer,loop-reroll,0.0025679830805567794,0.3476362808506012,0.7281451647923027,1151,1152,0.9942648800181039,False
slp-vectorizer,loop-instsimplify,0.007014735515130377,0.9754959332724573,0.3294183981113134,1121,1148,0.942058707247174,False
slp-vectorizer,loop-simplifycfg,0.003952388210667512,0.5493566129858892,0.5828171848029241,1053,1139,0.9874161299839842,False
slp-vectorizer,loop-predication,0.008366396511364504,1.1190483140028409,0.26324606558579844,1067,1060,0.922998223890889,False
slp-vectorizer,speculative-execution,-0.0021051442574773205,-0.29005756425957474,0.7717990831892956,1117,1122,0.9942648800181039,False
slp-vectorizer,partially-inline-libcalls,-0.008350155439317664,-1.1010281167177,0.2710087727299998,1075,1059,0.9234272483582865,False
slp-vectorizer,load-store-vectorizer,0.011209507793499385,1.5632393610763402,0.11813925738987525,1128,1093,0.8364330453969749,False
slp-vectorizer,iroutliner,-0.0023031180861521894,-0.32170641596074356,0.7477061000003613,1058,1118,0.9942648800181039,False
slp-vectorizer,global-merge,0.0012859512377329518,0.18070147359343972,0.8566179175184214,1115,1178,0.9942648800181039,False
slp-vectorizer,break-crit-edges,-0.008798720326485265,-1.2088595589272204,0.22684453737618965,1178,1077,0.9101672216856134,False
slp-vectorizer,unreachableblockelim,-0.022394679688784558,-3.0296243207254756,0.0024766678516388255,1125,1110,0.2738255153224361,False
callsite-splitting,dfa-jump-threading,-0.0038463389059595343,-0.5269930591544437,0.5982507950849951,1127,1107,0.9874161299839842,False
callsite-splitting,consthoist,-0.0009153384346797244,-0.12243823669178834,0.9025630746296126,1167,1070,0.9942648800181039,False
callsite-splitting,mldst-motion,-0.013716126663578243,-1.9144516559605018,0.05568675648507551,1134,1163,0.7603892336675309,False
callsite-splitting,slsr,-0.006583985519563462,-0.8824481893443762,0.37763023021750913,1118,1102,0.9502022310408844,False
callsite-splitting,loop-interchange,-0.0015794302856987907,-0.21399785560941745,0.8305685964965006,1068,1135,0.9942648800181039,False
callsite-splitting,loop-fusion,0.00401303733213576,0.5441925440137574,0.5863639307923827,1098,1112,0.9874161299839842,False
callsite-splitting,loop-distribute,0.012810159381261732,1.7881187369094553,0.07388905078849485,1143,1151,0.7840748251100543,False
callsite-splitting,loop-load-elim,-0.0017028149027163986,-0.2305040207614747,0.8177217323941042,1097,1089,0.9942648800181039,False
callsite-splitting,loop-sink,0.004731726055174801,0.6549361890900803,0.5125762719303375,1123,1113,0.9774238917491724,False
callsite-splitting,loop-unroll-and-jam,-0.0063068357526496754,-0.8644127887756982,0.3874546822566844,1131,1089,0.9502022310408844,False
callsite-splitting,hotcoldsplit,0.005101287457267123,0.6924832728426802,0.4887062158519576,1124,1101,0.9726252030341583,False
callsite-splitting,irce,0.0030920250229725665,0.4185717250082655,0.6755689451205829,1118,1144,0.9933243197125733,False
callsite-splitting,nary-reassociate,0.002233900123584265,0.30894508486402306,0.7573923043992093,1067,1169,0.9942648800181039,False
callsite-splitting,scalarizer,0.002889211642181755,0.369757217115661,0.7115996268412034,1052,1112,0.9942648800181039,False
callsite-splitting,vector-combine,0.005596171055425092,0.7600393543302649,0.44731332952549896,1151,1048,0.9687293080119685,False
callsite-splitting,always-inline,-0.010206780037253005,-1.384146283402164,0.16645142495231577,1108,1141,0.8754403855060268,False
callsite-splitting,globalsplit,0.0009749462388744523,0.13176525715618423,0.8951823924575268,1034,1119,0.9942648800181039,False
callsite-splitting,lowerswitch,-0.006220646010357211,-0.8664129567118444,0.3863567548975679,1102,1139,0.9502022310408844,False
callsite-splitting,early-cse-memssa,-0.008435994310881711,-1.2581905495051486,0.20845898652727105,1087,1074,0.9064104066000374,False
callsite-splitting,simple-loop-unswitch,-0.0016315708068644352,-0.21957457241225564,0.8262230159682664,1115,1073,0.9942648800181039,False
callsite-splitting,loop-versioning,0.006398507262446007,0.8783025613581581,0.379873088328867,1090,1168,0.9502022310408844,False
callsite-splitting,loop-flatten,-0.0013484568355724424,-0.17713773929886695,0.8594167338875133,1104,1068,0.9942648800181039,False
callsite-splitting,loop-reroll,0.015191196174856869,2.0034727327496924,0.04525347571295773,1112,1050,0.7108785336882624,False
callsite-splitting,loop-instsimplify,-0.003749025073078449,-0.4947106375455072,0.6208543900334347,1078,1111,0.9874161299839842,False
callsite-splitting,loop-simplifycfg,0.005034932368541023,0.6884890435740125,0.49121702463018097,1119,1097,0.9754593653406636,False
callsite-splitting,loop-predication,0.008402291932306738,1.1449858488122968,0.2523377072156349,1133,1107,0.9195460358483637,False
callsite-splitting,speculative-execution,-0.005481695891466576,-0.7576035871759654,0.448763691421714,1174,1197,0.9687293080119685,False
callsite-splitting,partially-inline-libcalls,-0.0053056531307291155,-0.7413017802933056,0.458587767874094,1113,1147,0.9687293080119685,False
callsite-splitting,load-store-vectorizer,0.0007681596529197643,0.09998986003372515,0.9203617572858606,1046,1103,0.9942648800181039,False
callsite-splitting,iroutliner,0.007414714593305227,1.0298453999957924,0.3031984238643056,1076,1076,0.9301799375126703,False
callsite-splitting,global-merge,-0.009960536480162152,-1.3402655250326987,0.18029866384043355,1072,1122,0.8754403855060268,False
callsite-splitting,break-crit-edges,-0.004113162147916016,-0.5543834685357191,0.5793738209071821,1102,1061,0.9874161299839842,False
callsite-splitting,unreachableblockelim,-0.004761203380491186,-0.634556056440477,0.5257855323290571,1114,1049,0.9774238917491724,False
dfa-jump-threading,consthoist,0.0032531473595704963,0.44142951509753414,0.6589447636263218,1104,1134,0.9908078588307175,False
dfa-jump-threading,mldst-motion,0.004290563394743596,0.5732150890736032,0.5665569743706574,1099,1129,0.982993549686316,False
dfa-jump-threading,slsr,0.0019447810555063283,0.2641433977227721,0.7916933698988339,1154,1123,0.9942648800181039,False
dfa-jump-threading,loop-interchange,-0.0068821027038207805,-0.9267481168231666,0.3541602029176377,1115,1062,0.9480085994808022,False
dfa-jump-threading,loop-fusion,0.00045564617661558726,0.06075000887253104,0.9515638478051957,1136,1064,0.9942648800181039,False
dfa-jump-threading,loop-distribute,0.008501813296527272,1.149662648475442,0.25040881776038637,1074,1111,0.9195460358483637,False
dfa-jump-threading,loop-load-elim,-0.0023967865491713036,-0.3193457529560934,0.7494952328911187,1086,1077,0.9942648800181039,False
dfa-jump-threading,loop-sink,-0.012411933495414251,-1.6825632120492136,0.0926051854587136,1069,1097,0.8216483294072284,False
dfa-jump-threading,loop-unroll-and-jam,-0.00793604699791517,-1.0823492602555451,0.2792143139041982,1142,1093,0.9236351984749093,False
dfa-jump-threading,hotcoldsplit,0.017916633951408134,2.4472936517058033,0.014471328006566338,1045,1154,0.5918624706255822,False
dfa-jump-threading,irce,0.007930608546906803,1.0731726821881502,0.28331313528276186,1076,1093,0.9247897792409351,False
dfa-jump-threading,nary-reassociate,-0.007691813346947518,-1.0418176554027585,0.2976147937496174,1083,1043,0.9300834221864764,False
dfa-jump-threading,scalarizer,-0.013692955753997649,-1.8215308706701758,0.06865750704500678,1128,1150,0.7840748251100543,False
dfa-jump-threading,vector-combine,0.0007249936748693342,0.09868539629379537,0.9213968745523565,1114,1133,0.9942648800181039,False
dfa-jump-threading,always-inline,-0.0005003715332886349,-0.06780564141098999,0.9459464039503808,1146,1101,0.9942648800181039,False
dfa-jump-threading,globalsplit,-0.005396044612929751,-0.7204111942330632,0.4713482226570352,1154,1067,0.9705521863870724,False
dfa-jump-threading,lowerswitch,0.013221835961647277,1.7563744597526774,0.07916508061997575,1068,1113,0.7893264998405759,False
dfa-jump-threading,early-cse-memssa,-0.0011102165463381386,-0.1668902206321457,0.8674715845869926,1100,1131,0.9942648800181039,False
dfa-jump-threading,simple-loop-unswitch,-0.012384397643549871,-1.6682819641592228,0.09540327404182222,1055,1175,0.8216483294072284,False
dfa-jump-threading,loop-versioning,0.0004545290464165186,0.0619639787051605,0.9505970013410411,1157,1107,0.9942648800181039,False
dfa-jump-threading,loop-flatten,-0.015292034186804249,-2.08142604627131,0.03750982248205886,1100,1116,0.7015384337019843,False
dfa-jump-threading,loop-reroll,0.0005924713269189752,0.08114860088813507,0.9353310105218126,1110,1138,0.9942648800181039,False
dfa-jump-threading,loop-instsimplify,0.007060987401446672,0.9596173400434981,0.33735158818071564,1133,1109,0.9441889704650352,False
dfa-jump-threading,loop-simplifycfg,-0.007485852366260037,-1.018576853864068,0.3085164491877664,1068,1129,0.9302752341567484,False
dfa-jump-threading,loop-predication,-0.005845367184719286,-0.7785749736391807,0.4363136101230941,1113,1096,0.9687293080119685,False
dfa-jump-threading,speculative-execution,-0.0015254891067700838,-0.20450428380105287,0.8379787029352467,1093,1070,0.9942648800181039,False
dfa-jump-threading,partially-inline-libcalls,0.0006913294547497562,0.0945426696919729,0.9246863363492935,1143,1156,0.9942648800181039,False
dfa-jump-threading,load-store-vectorizer,-0.005746658973884433,-0.787623088339217,0.43100303413442154,1108,1069,0.9687293080119685,False
dfa-jump-threading,iroutliner,-0.0018594319442572504,-0.2585602497117153,0.7959990592368421,1082,1092,0.9942648800181039,False
dfa-jump-threading,global-merge,0.005095359763568064,0.680040164752073,0.4965495809709362,1115,1119,0.9774238917491724,False
dfa-jump-threading,break-crit-edges,-0.005808089829589913,-0.7832632288014413,0.43355557709575626,1114,1125,0.9687293080119685,False
dfa-jump-threading,unreachableblockelim,7.216336610021967e-05,0.009889947208074127,0.9921099591241519,1125,1156,0.9993802249402087,False
consthoist,mldst-motion,-0.0009013275646922447,-0.1213761141935557,0.9034041013288105,1150,1082,0.9942648800181039,False
consthoist,slsr,0.0015343699116041054,0.2113846609591363,0.8326065889763209,1105,1110,0.9942648800181039,False
consthoist,loop-interchange,0.007674817556725333,1.0407106129541766,0.2981218587249384,1140,1111,0.9300834221864764,False
consthoist,loop-fusion,0.0006669155232198465,0.08892303409190973,0.9291513170491038,1070,1095,0.9942648800181039,False
consthoist,loop-distribute,-0.011680950209142782,-1.5561652586725987,0.11981301984757285,1094,1109,0.8364330453969749,False
consthoist,loop-load-elim,0.01262224546877938,1.707561180238158,0.08785862376260152,1117,1105,0.8125947300396654,False
consthoist,loop-sink,0.008851501924897864,1.1672344140158983,0.24324728693466144,1059,1061,0.9182077465862053,False
consthoist,loop-unroll-and-jam,0.011157990420195552,1.5063135224596302,0.1321326329540201,1101,1071,0.8591664186373942,False
consthoist,hotcoldsplit,-0.020677215215623268,-2.8374784437524796,0.004588027874757394,1132,1116,0.3905808077728251,False
consthoist,irce,0.011404983311535555,1.499393860417632,0.13391617684588247,1063,1123,0.8592403433953654,False
consthoist,nary-reassociate,-0.010064893679141318,-1.3644750323643124,0.17255413661753577,1140,1119,0.8754403855060268,False
consthoist,scalarizer,0.001299571373603925,0.17176611593799807,0.8636371171310647,1075,1145,0.9942648800181039,False
consthoist,vector-combine,-0.007820235804709974,-1.0339243564125231,0.3012850338499577,1091,1115,0.9301799375126703,False
consthoist,always-inline,-0.00225344342907835,-0.3007437868962408,0.7636387969594349,1089,1076,0.9942648800181039,False
consthoist,globalsplit,-0.006549906498843461,-0.8858784573970809,0.37578037588950824,1101,1089,0.9502022310408844,False
consthoist,lowerswitch,0.008730770208684069,1.1766339810717752,0.23947191977231033,1093,1061,0.9160980818706629,False
consthoist,early-cse-memssa,-0.0026500073612251707,-0.4172054706314613,0.6765674826717064,1095,1203,0.9933243197125733,False
consthoist,simple-loop-unswitch,0.00917197218379251,1.2303554865339348,0.21869418762233217,1085,1146,0.9085781878347714,False
consthoist,loop-versioning,-0.010207532640092998,-1.38914152653443,0.1649298710796219,1142,1089,0.8754403855060268,False
consthoist,loop-flatten,0.008596763920124817,1.163249898088016,0.2448537922606648,1137,1092,0.9193752974278154,False
consthoist,loop-reroll,0.00416974302608919,0.5613553845928058,0.5746117164130852,1160,1087,0.9870639913381112,False
consthoist,loop-instsimplify,5.6192108959407516e-05,0.007556483538886584,0.9939715615649429,1081,1059,0.9993802249402087,False
consthoist,loop-simplifycfg,-0.015907483677291945,-2.1371493779217046,0.032695157889739784,1116,1108,0.6883561198721558,False
consthoist,loop-predication,0.014209717336701067,1.9706639170649034,0.04888644950901919,1157,1087,0.7279062215867649,False
consthoist,speculative-execution,-0.015458007232924398,-2.0699223604014265,0.038581193914400826,1045,1089,0.7015384337019843,False
consthoist,partially-inline-libcalls,-0.0066764032757282155,-0.9253183700938789,0.35489820410398193,1123,1179,0.9480085994808022,False
consthoist,load-store-vectorizer,0.0017722133482148128,0.2371779343215699,0.8125410746590495,1113,1069,0.9942648800181039,False
consthoist,iroutliner,0.0019825300445204252,0.2832390773339515,0.7770204067383382,1113,1078,0.9942648800181039,False
consthoist,global-merge,0.0069755554780766005,0.9579094444439304,0.33821157174574223,1120,1128,0.9441889704650352,False
consthoist,break-crit-edges,-0.013599557927396477,-1.812977932949659,0.06997186408072131,1093,1106,0.7840748251100543,False
consthoist,unreachableblockelim,0.007804287845763647,1.0378328365041838,0.2994629766313532,1132,1067,0.9301799375126703,False
mldst-motion,slsr,-0.002161511446791442,-0.29704310335245426,0.7664616770903193,1153,1067,0.9942648800181039,False
mldst-motion,loop-interchange,-0.006238224342443366,-0.8419669509890865,0.3998983090979671,1064,1145,0.9502022310408844,False
mldst-motion,loop-fusion,-0.006330261970356077,-0.8600784981319508,0.38983924264639547,1103,1105,0.9502022310408844,False
mldst-motion,loop-distribute,-0.011934652770896503,-1.6603937523342946,0.09697524726435454,1120,1130,0.8216483294072284,False
mldst-motion,loop-load-elim,-0.004043890371891901,-0.5447659181562214,0.5859682088779145,1144,1121,0.9874161299839842,False
mldst-motion,loop-sink,0.0007734927182543316,0.10695675555412525,0.9148327508857498,1131,1138,0.9942648800181039,False
mldst-motion,loop-unroll-and-jam,-0.0009999863935781228,-0.13737652683867652,0.8907453140754101,1160,1122,0.9942648800181039,False
mldst-motion,hotcoldsplit,0.0028301684975202135,0.3823084961520076,0.7022694165358346,1113,1103,0.9942648800181039,False
mldst-motion,irce,-0.006062251647264372,-0.8272518671932282,0.4081823038235817,1111,1138,0.9572723920566125,False
mldst-motion,nary-reassociate,0.003955990585197522,0.5162861289885707,0.6057093123384876,1003,1108,0.9874161299839842,False
mldst-motion,scalarizer,0.005866774311508949,0.7738717623575165,0.4390875667734538,1091,1172,0.9687293080119685,False
mldst-motion,vector-combine,0.021483948974266198,2.9218249907887293,0.003514532483153389,1102,1156,0.32768831438163504,False
mldst-motion,always-inline,0.0042074108890159945,0.5821900588919752,0.5604964391748061,1134,1140,0.9815421859157658,False
mldst-motion,globalsplit,-0.002474908510786966,-0.3428469831099396,0.7317460846701095,1115,1104,0.9942648800181039,False
mldst-motion,lowerswitch,0.006422615671450305,0.8581340636302413,0.3909113412347315,1117,1099,0.9502022310408844,False
mldst-motion,early-cse-memssa,0.011533213212568894,1.7633882715262097,0.07797375707176536,1104,1103,0.7893264998405759,False
mldst-motion,simple-loop-unswitch,0.0007348838720512285,0.09723081442405539,0.9225521059610333,1148,1035,0.9942648800181039,False
mldst-motion,loop-versioning,-0.006576615533027352,-0.8678792296096861,0.3855544059821481,1107,1112,0.9502022310408844,False
mldst-motion,loop-flatten,0.008487068175922208,1.167778430449138,0.24302356274830508,1087,1100,0.9182077465862053,False
mldst-motion,loop-reroll,0.009773696616041883,1.333130620120041,0.18262546017891565,1075,1156,0.8754403855060268,False
mldst-motion,loop-instsimplify,-0.020604985852635094,-2.755658128792365,0.0059076448158650275,1075,1043,0.44489109805629706,False
mldst-motion,loop-simplifycfg,-0.005302910817605644,-0.7211337288826218,0.47090415897031546,1105,1089,0.9705521863870724,False
mldst-motion,loop-predication,0.005584592402636868,0.7640640625026132,0.44491074889301674,1108,1103,0.9687293080119685,False
mldst-motion,speculative-execution,-0.014133209123776524,-1.9321231650282265,0.053475560566818424,1063,1132,0.7471468075780253,False
mldst-motion,partially-inline-libcalls,-0.005999316160833823,-0.8001612420399788,0.4237024985667955,1107,1128,0.9681527028295874,False
mldst-motion,load-store-vectorizer,0.008385727195330095,1.1199227106529728,0.2628687142224699,1101,1107,0.922998223890889,False
mldst-motion,iroutliner,-0.004210876322545187,-0.5981315447808495,0.5498141453989653,1066,1127,0.9786961826004837,False
mldst-motion,global-merge,0.0015035836530857272,0.20326413013411934,0.8389470872496195,1132,1107,0.9942648800181039,False
mldst-motion,break-crit-edges,-0.0033019701837458393,-0.43784773591735215,0.6615405367599461,1133,1039,0.9913424749666555,False
mldst-motion,unreachableblockelim,0.013317398248953505,1.8208823226912896,0.06876128794651014,1066,1124,0.7840748251100543,False
slsr,loop-interchange,0.008025899552172255,1.0939951964530175,0.2740800229388666,1070,1076,0.9234272483582865,False
slsr,loop-fusion,-0.003176182497426905,-0.4328613621498476,0.6651577688764638,1114,1096,0.9917647591855995,False
slsr,loop-distribute,0.00510332038971989,0.6950704855039322,0.48708393903277586,1147,1081,0.9726252030341583,False
slsr,loop-load-elim,-0.0011269474878622399,-0.15044848076235742,0.8804248574543293,1112,1055,0.9942648800181039,False
slsr,loop-sink,-0.013085178112818341,-1.7345341504506908,0.08296609471574637,1072,1093,0.7963118306540754,False
slsr,loop-unroll-and-jam,0.0042522933189071965,0.5844595318467011,0.5589684377939157,1148,1157,0.9815421859157658,False
slsr,hotcoldsplit,-0.0004996995489309763,-0.06782035859895433,0.9459348102224354,1134,1072,0.9942648800181039,False
slsr,irce,-0.00026897069674763907,-0.03738468696203718,0.9701815997268646,1129,1126,0.9989389762895776,False
slsr,nary-reassociate,0.0021981945196085095,0.29979025461239883,0.7643668046068578,1001,1108,0.9942648800181039,False
slsr,scalarizer,0.0014081695720624121,0.18308329491636532,0.8547502077622727,1030,1090,0.9942648800181039,False
slsr,vector-combine,0.001839133568880158,0.24320732571069875,0.8078674779543691,1117,1084,0.9942648800181039,False
slsr,always-inline,0.009336154721991896,1.292927797721038,0.19616969662338624,1070,1177,0.8860444428802543,False
slsr,globalsplit,0.0037849129406357096,0.5097463446588394,0.6102805929177976,1126,1067,0.9874161299839842,False
slsr,lowerswitch,0.008131653603379752,1.0999331887582038,0.27148248966431937,1092,1094,0.9234272483582865,False
slsr,early-cse-memssa,-0.005801366133850072,-0.8683699998974032,0.38528735303453776,1090,1093,0.9502022310408844,False
slsr,simple-loop-unswitch,0.015900947258423115,2.139368074437391,0.032516436118943295,1105,1085,0.6882938586042268,False
slsr,loop-versioning,-0.0008138296700860859,-0.10932035973167688,0.9129581516492072,1165,1097,0.9942648800181039,False
slsr,loop-flatten,-0.0012090078872754595,-0.16122035026160536,0.8719348936618466,1056,1121,0.9942648800181039,False
slsr,loop-reroll,-0.005007381579667292,-0.6807357303302501,0.49611132335591773,1073,1106,0.9774238917491724,False
slsr,loop-instsimplify,0.004668698959288731,0.6258338467685579,0.531488856078291,1083,1119,0.9774238917491724,False
slsr,loop-simplifycfg,-0.009972424161242,-1.3706368098327786,0.17062821599665753,1094,1109,0.8754403855060268,False
slsr,loop-predication,0.014797338909994184,2.0056683194772207,0.04501561863304581,1101,1077,0.7108785336882624,False
slsr,speculative-execution,-0.012875228330229915,-1.7574786965311404,0.07897311295805678,1157,1081,0.7893264998405759,False
slsr,partially-inline-libcalls,-0.013656620655557117,-1.8686021939924597,0.06180900856973666,1136,1100,0.7729977239171516,False
slsr,load-store-vectorizer,-0.008733550927220612,-1.1799914799491331,0.23813072369940821,1136,1074,0.9153351961594847,False
slsr,iroutliner,0.008673666161677918,1.2387778096951134,0.21555656074896393,1118,1142,0.9085781878347714,False
slsr,global-merge,0.0009298313374773715,0.12293557733814946,0.9021696693466617,1087,1059,0.9942648800181039,False
slsr,break-crit-edges,-0.0015751956211327856,-0.2088491573412602,0.8345851055905035,1101,1127,0.9942648800181039,False
slsr,unreachableblockelim,0.006680444956172538,0.9236181026612867,0.35578408535989037,1145,1113,0.9480085994808022,False
loop-interchange,loop-fusion,-0.006934040796511276,-0.9349287821488467,0.3499284125928903,1067,1122,0.9480085994808022,False
loop-interchange,loop-distribute,0.002476806206091142,0.3405242602114381,0.7334939469087948,1118,1107,0.9942648800181039,False
loop-interchange,loop-load-elim,0.0036893674128490317,0.5063645726392823,0.6126504082758003,1152,1103,0.9874161299839842,False
loop-interchange,loop-sink,-0.004665668943964529,-0.620329886685726,0.5351042834127704,1130,1096,0.9774238917491724,False
loop-interchange,loop-unroll-and-jam,0.02131040788520011,2.895912818059938,0.0038192731362620665,1080,1064,0.34699599725949326,False
loop-interchange,hotcoldsplit,-0.000900396140541937,-0.12223495626401816,0.9027242268142731,1070,1111,0.9942648800181039,False
loop-interchange,irce,0.0023422338375687635,0.31265016618050173,0.75457621746179,1085,1108,0.9942648800181039,False
loop-interchange,nary-reassociate,0.007092790043734476,0.9558191672251878,0.3392689640327125,1104,1091,0.9456065929908201,False
loop-interchange,scalarizer,-0.004766062448984365,-0.6307087866784193,0.5282994101205097,1058,1052,0.9774238917491724,False
loop-interchange,vector-combine,-0.004934347375400383,-0.6306937431227071,0.528309300338938,1064,1042,0.9774238917491724,False
loop-interchange,always-inline,-0.00420581730891656,-0.5811405559372794,0.5612035123251787,1109,1165,0.9815421859157658,False
loop-interchange,globalsplit,-0.00012354923606977541,-0.016723712892578072,0.9866585811861708,1112,1052,0.9993802249402087,False
loop-interchange,lowerswitch,-0.002063996627838127,-0.2832994911937409,0.776973288422355,1131,1125,0.9942648800181039,False
loop-interchange,early-cse-memssa,0.011644369785355213,1.7721675274572126,0.07650582555292867,1114,1079,0.7893264998405759,False
loop-interchange,simple-loop-unswitch,-0.008341246108806932,-1.1384623331584633,0.25504592915584356,1123,1183,0.9195460358483637,False
loop-interchange,loop-versioning,-0.0015654279722142617,-0.20877759816732258,0.8346412357452281,1111,1086,0.9942648800181039,False
loop-interchange,loop-flatten,-0.008589741246514904,-1.144816532787872,0.2524115576364833,1116,1059,0.9195460358483637,False
loop-interchange,loop-reroll,-0.010985000362334907,-1.5449048111917092,0.12251029570050363,1113,1142,0.8417570075843506,False
loop-interchange,loop-instsimplify,0.003571915863408104,0.48065166659785796,0.6308124451927564,1072,1106,0.9874161299839842,False
loop-interchange,loop-simplifycfg,-0.0016088679769230563,-0.22064996045272148,0.8253849561961965,1118,1144,0.9942648800181039,False
loop-interchange,loop-predication,-0.0014816353262741,-0.20465574813580184,0.837859591230788,1135,1119,0.9942648800181039,False
loop-interchange,speculative-execution,0.010563096802713223,1.419612171615625,0.15586384601145958,1089,1091,0.8754403855060268,False
loop-interchange,partially-inline-libcalls,0.0017398272906638534,0.2418566566241184,0.8089132273606788,1172,1095,0.9942648800181039,False
loop-interchange,load-store-vectorizer,-0.012720750632280231,-1.677620977708499,0.09356785129764625,1042,1097,0.8216483294072284,False
loop-interchange,iroutliner,-0.0006906843870144175,-0.10025182204168517,0.9201533349390895,1150,1110,0.9942648800181039,False
loop-interchange,global-merge,0.010126661726159558,1.355725022459174,0.17532591653885357,1100,1101,0.8754403855060268,False
loop-interchange,break-crit-edges,-0.014019548328770615,-1.8963834439283356,0.05804291341711886,1088,1075,0.7653065620923821,False
loop-interchange,unreachableblockelim,-0.006462513159430361,-0.8745416158697835,0.38191907792731244,1098,1100,0.9502022310408844,False
loop-fusion,loop-distribute,0.005644701151936715,0.7637149853213746,0.4451176308063509,1121,1121,0.9687293080119685,False
loop-fusion,loop-load-elim,-0.009209788199657176,-1.2572875686354095,0.20877992511573895,1084,1220,0.9064104066000374,False
loop-fusion,loop-sink,-0.014847738797537702,-2.00494842347162,0.04509357064084757,1077,1078,0.7108785336882624,False
loop-fusion,loop-unroll-and-jam,-0.00891211445389184,-1.2383204669397747,0.21572977236537372,1092,1105,0.9085781878347714,False
loop-fusion,hotcoldsplit,0.006809575042330818,0.9316489783849747,0.35162089450391454,1090,1097,0.9480085994808022,False
loop-fusion,irce,0.001911361297162073,0.2558507203250051,0.7980910779170745,1057,1053,0.9942648800181039,False
loop-fusion,nary-reassociate,-0.0007069577896041679,-0.09495395208713771,0.9243602144898316,1089,1072,0.9942648800181039,False
loop-fusion,scalarizer,0.003974646539668947,0.532594541728004,0.5943673796060779,1088,1151,0.9874161299839842,False
loop-fusion,vector-combine,0.013371564907149247,1.7597696877154407,0.07858986360629847,1060,1080,0.7893264998405759,False
loop-fusion,always-inline,-0.0008500104395559593,-0.11352562073967244,0.9096244298699299,1038,1121,0.9942648800181039,False
loop-fusion,globalsplit,-0.00195828018145755,-0.26207808182168396,0.7932873437305928,996,1095,0.9942648800181039,False
loop-fusion,lowerswitch,0.011566927039580732,1.6163251695331557,0.10616336489243211,1139,1127,0.8216483294072284,False
loop-fusion,early-cse-memssa,0.010381558473815111,1.6169367439675528,0.10603333540763502,1063,1186,0.8216483294072284,False
loop-fusion,simple-loop-unswitch,0.007746315137923898,1.0626477438922548,0.2880560229186971,1134,1115,0.9279993210434955,False
loop-fusion,loop-versioning,0.009753001694811247,1.3344252429564558,0.18220380106708753,1124,1067,0.8754403855060268,False
loop-fusion,loop-flatten,0.0017036227655182756,0.2188387984028025,0.8267968335484982,1032,1086,0.9942648800181039,False
loop-fusion,loop-reroll,0.003056728621111393,0.4171448358178257,0.6766119442100436,1132,1139,0.9933243197125733,False
loop-fusion,loop-instsimplify,-0.01121236541823184,-1.5254578012835975,0.1272868860282068,1128,1102,0.850606562604877,False
loop-fusion,loop-simplifycfg,-0.010485424013676026,-1.4084587121182959,0.1591410807174555,1111,1029,0.8754403855060268,False
loop-fusion,loop-predication,-0.00491748492200994,-0.6393338455825149,0.5226750605631443,1066,1050,0.9774238917491724,False
loop-fusion,speculative-execution,-0.006280431751102877,-0.8398222246293032,0.40110085986213284,1103,1063,0.9513694531920729,False
loop-fusion,partially-inline-libcalls,-0.013029891071217492,-1.779049405144287,0.07536578135059377,1130,1146,0.7840748251100543,False
loop-fusion,load-store-vectorizer,-0.00840672603847259,-1.1396572075461247,0.25455420721048155,1087,1100,0.9195460358483637,False
loop-fusion,iroutliner,-0.012024791568501003,-1.713463686529225,0.0867696392001712,1087,1094,0.8125947300396654,False
loop-fusion,global-merge,0.013119078542473073,1.7895362699802502,0.07366451821720843,1147,1099,0.7840748251100543,False
loop-fusion,break-crit-edges,0.0012460668792332874,0.16575969077143082,0.8683613688648988,1127,1082,0.9942648800181039,False
loop-fusion,unreachableblockelim,0.008346887556578364,1.1401458024497,0.25435202442668686,1070,1093,0.9195460358483637,False
loop-distribute,loop-load-elim,0.0017432848572945803,0.23608139631395247,0.8133918100896986,1080,1090,0.9942648800181039,False
loop-distribute,loop-sink,0.0012593493385453791,0.16622861547026424,0.8679924916365643,1088,1089,0.9942648800181039,False
loop-distribute,loop-unroll-and-jam,-0.0048586534160087735,-0.661461255429925,0.5083852513704926,1133,1088,0.9774238917491724,False
loop-distribute,hotcoldsplit,0.0071280923015429876,0.9668538512405659,0.33372105815884334,1134,1118,0.9423126475181534,False
loop-distribute,irce,-0.0013990027870357524,-0.1889972251020109,0.8501121004853627,1135,1112,0.9942648800181039,False
loop-distribute,nary-reassociate,-0.00974913836299951,-1.3336167165497985,0.1824629670103792,1138,1140,0.8754403855060268,False
loop-distribute,scalarizer,-0.0005075830158006167,-0.06751595269368722,0.9461769302665363,1124,1145,0.9942648800181039,False
loop-distribute,vector-combine,0.0139999087075392,1.8698833467358817,0.061633541546100956,1112,1091,0.7729977239171516,False
loop-distribute,always-inline,0.01594666863018962,2.220124745292055,0.026509874561958,1094,1152,0.6624199781144244,False
loop-distribute,globalsplit,-0.0063360860821672915,-0.8633582823546528,0.38803119817130155,1148,1137,0.9502022310408844,False
loop-distribute,lowerswitch,0.0006373726784666411,0.08582270707178455,0.9316154615206809,1064,1058,0.9942648800181039,False
loop-distribute,early-cse-memssa,0.0041460929154662485,0.6229056197000012,0.533412402731942,1121,1051,0.9774238917491724,False
loop-distribute,simple-loop-unswitch,-0.010330615353449202,-1.3637749887114121,0.1727854962004228,1021,1080,0.8754403855060268,False
loop-distribute,loop-versioning,0.0006324890031600972,0.08285842142763292,0.9339717550640009,1080,1093,0.9942648800181039,False
loop-distribute,loop-flatten,-0.0089568568160443,-1.175988719737283,0.2397287339279934,1107,1062,0.9160980818706629,False
loop-distribute,loop-reroll,-0.009692550821887636,-1.2962664805270536,0.19501840248920713,1092,1136,0.8839028520228416,False
loop-distribute,loop-instsimplify,-4.375080362739592e-05,-0.006066182444919636,0.9951604398396181,1160,1155,0.9993802249402087,False
loop-distribute,loop-simplifycfg,-0.005295099403914372,-0.7085843425077962,0.47865784727669486,1089,1107,0.9717076878877849,False
loop-distribute,loop-predication,0.002565038467586822,0.3469461418441171,0.728664875201169,1110,1099,0.9942648800181039,False
loop-distribute,speculative-execution,0.0038954221766916985,0.5372630320345965,0.5911385954605293,1112,1160,0.9874161299839842,False
loop-distribute,partially-inline-libcalls,0.0026297729237041434,0.3613654962114664,0.7178606932137945,1127,1092,0.9942648800181039,False
loop-distribute,load-store-vectorizer,-0.01046905898842343,-1.4406793505296078,0.14981579832667632,1093,1138,0.8719556781826802,False
loop-distribute,iroutliner,-0.002974241139419853,-0.4121873369641855,0.6802432945142014,1061,1088,0.9933243197125733,False
loop-distribute,global-merge,-0.009415813956785812,-1.2375205413183823,0.21602971854695735,1064,1079,0.9085781878347714,False
loop-distribute,break-crit-edges,0.0008480404305537537,0.11651304432732568,0.9072565557198458,1120,1095,0.9942648800181039,False
loop-distribute,unreachableblockelim,0.003440735979616305,0.4547604551239229,0.6493266574055395,1073,1119,0.9894955426777883,False
loop-load-elim,loop-sink,-0.0044909245687583255,-0.602448445788919,0.546938353239612,1097,1088,0.977995703783708,False
loop-load-elim,loop-unroll-and-jam,-0.00014508023661163882,-0.019309498002035963,0.984596005263849,1075,1070,0.9993802249402087,False
loop-load-elim,hotcoldsplit,0.015997526363548453,2.1316462438887203,0.03314626239238315,1103,1103,0.6889281755959429,False
loop-load-elim,irce,0.015041969897733432,2.047696770509539,0.040707567944334666,1076,1139,0.7108785336882624,False
loop-load-elim,nary-reassociate,-0.00626616076373554,-0.8452091297855298,0.398087341014474,1067,1122,0.9502022310408844,False
loop-load-elim,scalarizer,0.004862309787276198,0.6557249760308955,0.5120686003911162,1152,1091,0.9774238917491724,False
loop-load-elim,vector-combine,-0.018564031016917393,-2.477826120327492,0.013293197783358019,1076,1143,0.5918624706255822,False
loop-load-elim,always-inline,-0.0019012465860787087,-0.2510698638859125,0.801784524877454,1083,1035,0.9942648800181039,False
loop-load-elim,globalsplit,-0.013920221394556842,-1.860743764142833,0.0629119726427271,1092,1150,0.7729977239171516,False
loop-load-elim,lowerswitch,-0.00828626699468299,-1.1199061137021888,0.26287521700579447,1074,1156,0.922998223890889,False
loop-load-elim,early-cse-memssa,-0.015336065145019784,-2.4425234790923147,0.014662313054384663,1129,1098,0.5918624706255822,False
loop-load-elim,simple-loop-unswitch,0.007818979154621375,1.0421310527089522,0.297471983100865,1092,1028,0.9300834221864764,False
loop-load-elim,loop-versioning,-0.014144385651911506,-1.8527401009346383,0.06405878449050903,1064,1054,0.7761705038753552,False
loop-load-elim,loop-flatten,-0.003805921312645899,-0.520462687426678,0.6027930124241193,1111,1112,0.9874161299839842,False
loop-load-elim,loop-reroll,-0.02224317646164825,-2.9691189057144856,0.0030195094021286365,1095,1062,0.29870835730128953,False
loop-load-elim,loop-instsimplify,0.00010941953782717118,0.014317341579026706,0.9885781627233715,1032,1079,0.9993802249402087,False
loop-load-elim,loop-simplifycfg,0.006859807785402294,0.9185209880588533,0.35844745679764756,1084,1106,0.9480085994808022,False
loop-load-elim,loop-predication,0.008802939532971232,1.227380428012805,0.21980668671413253,1142,1137,0.9085781878347714,False
loop-load-elim,speculative-execution,0.0018262786806920173,0.2462200981547012,0.805534847550379,1105,1099,0.9942648800181039,False
loop-load-elim,partially-inline-libcalls,0.00504386349027891,0.6806761238044359,0.49614872687097755,1061,1135,0.9774238917491724,False
loop-load-elim,load-store-vectorizer,0.0044705708936781385,0.6067168512025287,0.5441008510464465,1122,1101,0.977995703783708,False
loop-load-elim,iroutliner,0.001312799630083128,0.18740959627528944,0.8513566714860671,1083,1143,0.9942648800181039,False
loop-load-elim,global-merge,0.005955081550920616,0.8106967864789312,0.41762387221035446,1169,1133,0.9674002748306321,False
loop-load-elim,break-crit-edges,0.007513861362689556,1.0371441705578859,0.2997818822589974,1090,1127,0.9301799375126703,False
loop-load-elim,unreachableblockelim,0.004728030569043751,0.6567883295596616,0.5113854766757153,1108,1102,0.9774238917491724,False
loop-sink,loop-unroll-and-jam,-0.00558921035249238,-0.7487047197587698,0.45411455556701913,1084,1138,0.9687293080119685,False
loop-sink,hotcoldsplit,0.000195228054401142,0.02637443451525363,0.9789610315157947,1115,1131,0.9990198037713872,False
loop-sink,irce,-0.009727463124936275,-1.3140932883253713,0.18894873710672097,1114,1157,0.8780001857299028,False
loop-sink,nary-reassociate,0.0009390899741637537,0.12615303769399358,0.8996224758885366,1102,1072,0.9942648800181039,False
loop-sink,scalarizer,-0.014811264014829906,-1.9493002533978103,0.05139138628391284,1112,1014,0.7418847754111737,False
loop-sink,vector-combine,0.007511374401593163,1.0169310305470496,0.309299886330972,1061,1108,0.9302752341567484,False
loop-sink,always-inline,0.006291551227658232,0.8245285369720114,0.4097298574898218,1123,1057,0.9584839438053419,False
loop-sink,globalsplit,0.010312868633751637,1.4177690868440989,0.15639448758004895,1128,1160,0.8754403855060268,False
loop-sink,lowerswitch,0.006150046553534405,0.8536528404835495,0.39338709220978135,1156,1128,0.9502022310408844,False
loop-sink,early-cse-memssa,0.010284861248407995,1.6174693847936301,0.10591575320438837,1151,1132,0.8216483294072284,False
loop-sink,simple-loop-unswitch,-0.007830527629959227,-1.0730468622596174,0.2833646526653062,1155,1107,0.9247897792409351,False
loop-sink,loop-versioning,0.001377384537181281,0.18503984876251872,0.8532146338525624,1118,1111,0.9942648800181039,False
loop-sink,loop-flatten,0.0009289213283205089,0.1278810166269464,0.8982547449451126,1087,1132,0.9942648800181039,False
loop-sink,loop-reroll,0.000854640153982622,0.11379568772776522,0.9094101826702146,1106,1090,0.9942648800181039,False
loop-sink,loop-instsimplify,0.004876657787287464,0.6453392062908269,0.5187763467589785,1059,1092,0.9774238917491724,False
loop-sink,loop-simplifycfg,-0.007988718263725214,-1.084707709893738,0.27817208716260267,1088,1077,0.9235076167957522,False
loop-sink,loop-predication,-0.003820892687752875,-0.5194724689159679,0.6034836879016368,1079,1120,0.9874161299839842,False
loop-sink,speculative-execution,0.0010928450833584957,0.14869474538519467,0.8818079281859434,1100,1136,0.9942648800181039,False
loop-sink,partially-inline-libcalls,-0.0031682014433014327,-0.4159428321785623,0.6774937527314498,1063,1070,0.9933243197125733,False
loop-sink,load-store-vectorizer,-0.004589044301596623,-0.6249813089606264,0.5320474123708512,1149,1080,0.9774238917491724,False
loop-sink,iroutliner,-0.00034052475617868394,-0.04813455337444446,0.9616133561013446,1107,1106,0.9959719209227359,False
loop-sink,global-merge,-0.00046304180477246826,-0.061289081946498944,0.9511345828685607,1128,1072,0.9942648800181039,False
loop-sink,break-crit-edges,0.0007847910431242333,0.10484430291963394,0.9165089474239625,1105,1089,0.9942648800181039,False
loop-sink,unreachableblockelim,-0.005723135806444124,-0.7627458554222171,0.4456958674119911,1102,1127,0.9687293080119685,False
loop-unroll-and-jam,hotcoldsplit,-0.0012470205936191414,-0.1677782983610019,0.8667732859416596,1109,1076,0.9942648800181039,False
loop-unroll-and-jam,irce,0.007695453794863805,1.0364728151435467,0.30009411446476836,1097,1133,0.9301799375126703,False
loop-unroll-and-jam,nary-reassociate,0.004748354699578683,0.6619097189959326,0.5080975980093533,1092,1136,0.9774238917491724,False
loop-unroll-and-jam,scalarizer,-0.0031681122568521514,-0.4251354937938056,0.6707785605073598,1130,1122,0.9924421532503569,False
loop-unroll-and-jam,vector-combine,-0.008455605363439367,-1.1503781686995698,0.25011001745590317,1123,1136,0.9195460358483637,False
loop-unroll-and-jam,always-inline,0.008003810027742364,1.1067821508648397,0.2685053476355608,1129,1144,0.9234272483582865,False
loop-unroll-and-jam,globalsplit,0.009727056071212548,1.2943676377914397,0.1956753689318647,1087,1098,0.8851788657168322,False
loop-unroll-and-jam,lowerswitch,0.0009972636616424335,0.1340472658491855,0.8933779309387656,1112,1034,0.9942648800181039,False
loop-unroll-and-jam,early-cse-memssa,0.0031047102810823346,0.48384778397641065,0.6285406916165495,1172,1100,0.9874161299839842,False
loop-unroll-and-jam,simple-loop-unswitch,-0.01027415138932719,-1.3690689345005016,0.17111939065950516,1095,1078,0.8754403855060268,False
loop-unroll-and-jam,loop-versioning,-0.0010590729464032833,-0.1386508893043356,0.8897391204666331,1073,1062,0.9942648800181039,False
loop-unroll-and-jam,loop-flatten,0.0006200341801425036,0.08227802404368602,0.9344330202473534,1088,1152,0.9942648800181039,False
loop-unroll-and-jam,loop-reroll,0.005619015745822964,0.7535574374154131,0.45119707291862127,1107,1063,0.9687293080119685,False
loop-unroll-and-jam,loop-instsimplify,-0.004300593281463816,-0.5854437734649337,0.5583112171476754,1118,1038,0.9815421859157658,False
loop-unroll-and-jam,loop-simplifycfg,-0.004891921978501856,-0.6653383767206477,0.5059034625191383,1130,1089,0.9774238917491724,False
loop-unroll-and-jam,loop-predication,-0.0038254121476247738,-0.5034223361576037,0.6147201110534978,1023,1088,0.9874161299839842,False
loop-unroll-and-jam,speculative-execution,-0.004584519241645824,-0.6101146806001045,0.5418492113323926,1118,1072,0.977995703783708,False
loop-unroll-and-jam,partially-inline-libcalls,-0.0036564550683321206,-0.4972043009268743,0.6190939181799595,1134,1104,0.9874161299839842,False
loop-unroll-and-jam,load-store-vectorizer,0.0016515387392039282,0.2232656366938949,0.8233493132007135,1116,1106,0.9942648800181039,False
loop-unroll-and-jam,iroutliner,0.0025384512329941766,0.36423133561565135,0.7157193435372204,1132,1130,0.9942648800181039,False
loop-unroll-and-jam,global-merge,0.00808202381880152,1.0973738674067197,0.2726018019608359,1095,1051,0.9234272483582865,False
loop-unroll-and-jam,break-crit-edges,-0.004459884399396541,-0.6001707214386731,0.5484555686656415,1093,1064,0.9786961826004837,False
loop-unroll-and-jam,unreachableblockelim,-0.011756670717253503,-1.5809211511358923,0.11403725418761948,1140,1102,0.830055552785721,False
hotcoldsplit,irce,0.011073083906142922,1.5292528008705721,0.12634032304714896,1155,1132,0.8493257906816626,False
hotcoldsplit,nary-reassociate,0.008956474518331592,1.222770518197994,0.22154915815460913,1117,1067,0.9085781878347714,False
hotcoldsplit,scalarizer,0.0028613454271232963,0.38392620677043693,0.7010692670825195,1152,1116,0.9942648800181039,False
hotcoldsplit,vector-combine,0.0047502369303945025,0.6200069467038463,0.5353214022944189,1069,1017,0.9774238917491724,False
hotcoldsplit,always-inline,0.003855547199921483,0.5268605747462859,0.5983426293994335,1128,1112,0.9874161299839842,False
hotcoldsplit,globalsplit,0.003883642494712125,0.5283668882608434,0.5972989820983962,1085,1083,0.9874161299839842,False
hotcoldsplit,lowerswitch,-0.0009688552562764352,-0.13092264463654457,0.8958484130409463,1124,1092,0.9942648800181039,False
hotcoldsplit,early-cse-memssa,0.007614965220933245,1.1913519501066536,0.2336419569326169,1123,1114,0.9121894118219415,False
hotcoldsplit,simple-loop-unswitch,-0.0064999036182255,-0.8800496099857031,0.37892813606374154,1092,1120,0.9502022310408844,False
hotcoldsplit,loop-versioning,-0.010719577487788234,-1.4385856596278863,0.1504108292254856,1078,1120,0.8722097671095397,False
hotcoldsplit,loop-flatten,0.0045060315100192705,0.6041365561720714,0.5458165699748116,1125,1049,0.977995703783708,False
hotcoldsplit,loop-reroll,0.010839221577627234,1.4602548511865483,0.14436263839762262,1079,1126,0.8648341678559794,False
hotcoldsplit,loop-instsimplify,0.0030745994077555072,0.42383977220000363,0.6717236831545421,1088,1139,0.9924421532503569,False
hotcoldsplit,loop-simplifycfg,-0.00200266768683921,-0.28032642415356795,0.7792518961824144,1190,1149,0.9942648800181039,False
hotcoldsplit,loop-predication,0.0034274701971757637,0.4781765632743714,0.6325687259203182,1161,1210,0.9874161299839842,False
hotcoldsplit,speculative-execution,0.011896332724349534,1.601431740525133,0.10942575125137212,1067,1125,0.8224783913634802,False
hotcoldsplit,partially-inline-libcalls,0.011889297968075141,1.6386655529305714,0.10142377996348696,1127,1110,0.8216483294072284,False
hotcoldsplit,load-store-vectorizer,-0.004449997040565701,-0.6120947923569692,0.5405371176622611,1116,1128,0.977995703783708,False
hotcoldsplit,iroutliner,-0.0015120101597863034,-0.2144621436917474,0.8302065248272605,1118,1088,0.9942648800181039,False
hotcoldsplit,global-merge,0.00897861822337609,1.2152244618460326,0.22440944646767738,1143,1099,0.9085781878347714,False
hotcoldsplit,break-crit-edges,-0.00138817517039036,-0.18180938607869546,0.8557494907139018,1108,1052,0.9942648800181039,False
hotcoldsplit,unreachableblockelim,0.0019256048977798201,0.26243256572481805,0.7930120571002114,1131,1117,0.9942648800181039,False
irce,nary-reassociate,0.006896012224027359,0.9647251540754715,0.3347861238892826,1120,1133,0.9425035666070674,False
irce,scalarizer,-8.390299167643223e-05,-0.011197764900807594,0.9910666720194524,1111,1106,0.9993802249402087,False
irce,vector-combine,-0.0045431341980773365,-0.6160928216743708,0.5378978522683381,1120,1061,0.9774238917491724,False
irce,always-inline,0.014814685552268725,2.045811055917815,0.04089640856272265,1048,1131,0.7108785336882624,False
irce,globalsplit,0.007150942034842123,0.9711282625365509,0.33159268411129117,1059,1118,0.9423126475181534,False
irce,lowerswitch,0.013322658324947223,1.7976924618823549,0.07236157766455317,1141,1095,0.7840748251100543,False
irce,early-cse-memssa,0.002060013470139843,0.30923611729778344,0.7571714316927538,1093,1096,0.9942648800181039,False
irce,simple-loop-unswitch,-0.010696404165495499,-1.4864277820720229,0.13730552582593947,1128,1137,0.8592403433953654,False
irce,loop-versioning,-0.004077163433491238,-0.5270613906884468,0.5982058809033639,1069,1063,0.9874161299839842,False
irce,loop-flatten,0.00037269384256483074,0.05042532844246274,0.9597879497130523,1125,1119,0.9956369830665729,False
irce,loop-reroll,0.0025358441315351254,0.35053488090787155,0.7259707712882941,1105,1104,0.9942648800181039,False
irce,loop-instsimplify,0.013196575071084904,1.7984729165265074,0.07223471391260715,1138,1138,0.7840748251100543,False
irce,loop-simplifycfg,0.010986408605512532,1.5079458936505832,0.13171189484065135,1080,1123,0.8591664186373942,False
irce,loop-predication,0.008274423093922345,1.1177595916045693,0.26378918050018785,1149,1102,0.922998223890889,False
irce,speculative-execution,0.007347861553685386,0.9653741819998748,0.3344649509344565,1071,1112,0.9423126475181534,False
irce,partially-inline-libcalls,0.003676763413640427,0.49714803676008895,0.6191348243194492,1028,1175,0.9874161299839842,False
irce,load-store-vectorizer,0.004276885604700742,0.5740711063933707,0.5659796719297941,1087,1068,0.982993549686316,False
irce,iroutliner,-0.007258324223307799,-1.0191742154466792,0.30823481533474284,1126,1042,0.9302752341567484,False
irce,global-merge,0.00046082554062698566,0.06259531584183547,0.9500944887587092,1090,1096,0.9942648800181039,False
irce,break-crit-edges,0.004401049911559485,0.591217426406233,0.554434272661151,1125,1122,0.9809315953038664,False
irce,unreachableblockelim,0.0016196114925819405,0.21695352038399954,0.828264255603724,1121,1130,0.9942648800181039,False
nary-reassociate,scalarizer,-0.01377682180356904,-1.785729036007313,0.07428280438520515,1089,1083,0.7840748251100543,False
nary-reassociate,vector-combine,-0.014937515841292548,-2.031092761940598,0.04236455093422995,1085,1157,0.7108785336882624,False
nary-reassociate,always-inline,0.0056744881565238825,0.797005222065547,0.42553245711142823,1134,1110,0.9681527028295874,False
nary-reassociate,globalsplit,-0.003737798760150124,-0.5033294316893657,0.6147832077884828,1108,1090,0.9874161299839842,False
nary-reassociate,lowerswitch,-0.011821343147445762,-1.613737309200286,0.10672625597993357,1147,1081,0.8216483294072284,False
nary-reassociate,early-cse-memssa,0.0019211411357665242,0.2927896356494999,0.7697107967222693,1095,1089,0.9942648800181039,False
nary-reassociate,simple-loop-unswitch,0.005256792975086966,0.6980392516988936,0.4852268027420609,1091,1102,0.9726252030341583,False
nary-reassociate,loop-versioning,4.801408132937279e-05,0.00612532160675597,0.9951132956680316,1063,1115,0.9993802249402087,False
nary-reassociate,loop-flatten,-0.005785817945434368,-0.7797284139232705,0.4356343193278948,1099,1111,0.9687293080119685,False
nary-reassociate,loop-reroll,-0.0009262024346755049,-0.12473179503218929,0.9007474814368027,1090,1079,0.9942648800181039,False
nary-reassociate,loop-instsimplify,0.008532645235929559,1.1492054291193223,0.25059724058808197,1105,1079,0.9195460358483637,False
nary-reassociate,loop-simplifycfg,0.0034000466956918274,0.45889716959569443,0.6463529469211219,1089,1133,0.9894955426777883,False
nary-reassociate,loop-predication,0.00807101183988257,1.0941133924092592,0.2740258059538557,1069,1120,0.9234272483582865,False
nary-reassociate,speculative-execution,-0.0037863930567334503,-0.5127513771981695,0.6081760098853861,1147,1089,0.9874161299839842,False
nary-reassociate,partially-inline-libcalls,-0.005697119592066369,-0.7739581581762754,0.43903454830889826,1190,1130,0.9687293080119685,False
nary-reassociate,load-store-vectorizer,-0.013894684591982731,-1.898433493138097,0.05777023393731672,1094,1108,0.7653065620923821,False
nary-reassociate,iroutliner,0.011223269949950654,1.5955654286577068,0.11072775140149414,1056,1186,0.8280516210713255,False
nary-reassociate,global-merge,-0.017024848928403225,-2.337126695786902,0.019524515062360928,1044,1125,0.6371500082017116,False
nary-reassociate,break-crit-edges,0.010969232342800506,1.458159653846875,0.14494265255343447,1099,1069,0.8648341678559794,False
nary-reassociate,unreachableblockelim,-0.0005103205418858225,-0.0669348283186716,0.946639711130426,1064,1130,0.9942648800181039,False
scalarizer,vector-combine,-0.0007740114068928716,-0.10219345858331401,0.918612593964157,1118,1059,0.9942648800181039,False
scalarizer,always-inline,-2.3169724168270456e-05,-0.0030365749495292003,0.9975774428843552,1125,1077,0.9993802249402087,False
scalarizer,globalsplit,0.00014413900198007035,0.01906870471797339,0.9847880283766084,1075,1133,0.9993802249402087,False
scalarizer,lowerswitch,0.017979760662872935,2.4503987639987828,0.01434503212610564,1142,1131,0.5918624706255822,False
scalarizer,early-cse-memssa,-0.006073860369777695,-0.9010430751164923,0.36766785085453846,1048,1079,0.9502022310408844,False
scalarizer,simple-loop-unswitch,0.004950111670932289,0.6569208685330558,0.5113009256574864,1076,1116,0.9774238917491724,False
scalarizer,loop-versioning,-0.0034340060633976655,-0.43687481149789376,0.6622451262800743,1123,1075,0.9913424749666555,False
scalarizer,loop-flatten,0.008176161934208781,1.0519573449983624,0.2929385665673756,1004,1161,0.9279993210434955,False
scalarizer,loop-reroll,-0.000684606671934207,-0.09004007162318974,0.9282637202782197,1076,1086,0.9942648800181039,False
scalarizer,loop-instsimplify,-0.0010263154159658727,-0.13292268524605946,0.8942669813876499,1054,1102,0.9942648800181039,False
scalarizer,loop-simplifycfg,0.0038940621965783406,0.5309259113386919,0.5955227096516156,1151,1109,0.9874161299839842,False
scalarizer,loop-predication,-0.0005071810678571875,-0.06776957223799039,0.9459749874472975,1115,1183,0.9942648800181039,False
scalarizer,speculative-execution,-0.001531560559964229,-0.20294896792050873,0.8391936961116221,1083,1120,0.9942648800181039,False
scalarizer,partially-inline-libcalls,-0.003756027563198816,-0.4975944729152164,0.6188206927816616,1062,1094,0.9874161299839842,False
scalarizer,load-store-vectorizer,0.00024884299330324433,0.03245748482704866,0.9741101703391464,1081,1123,0.9990198037713872,False
scalarizer,iroutliner,0.0059538959704824035,0.8246652871633411,0.4096522042170709,1066,1114,0.9584839438053419,False
scalarizer,global-merge,0.01482148727192173,1.9797481728742379,0.04785468785565794,1152,1088,0.7263373908614075,False
scalarizer,break-crit-edges,0.00733631453116812,0.9577796023422258,0.33827812195159457,1100,1129,0.9441889704650352,False
scalarizer,unreachableblockelim,0.011145634075790278,1.4231307045144939,0.15484810508412367,1065,1026,0.8754403855060268,False
vector-combine,always-inline,0.002746720853056106,0.3786539356362811,0.7049806414561027,1121,1128,0.9942648800181039,False
vector-combine,globalsplit,-0.0012250765503336591,-0.1645854924310803,0.869285319650397,1088,1123,0.9942648800181039,False
vector-combine,lowerswitch,-0.004645771714739344,-0.6256900764076733,0.5315831445774315,1094,1108,0.9774238917491724,False
vector-combine,early-cse-memssa,0.006135929109658156,0.9228419719655285,0.35619361402524025,1059,1083,0.9480085994808022,False
vector-combine,simple-loop-unswitch,-0.0017035217642198952,-0.2251736563693231,0.8218658134003707,1036,1097,0.9942648800181039,False
vector-combine,loop-versioning,-0.004241924084512572,-0.5694560077486114,0.5691031854472398,1105,1173,0.9843765323882029,False
vector-combine,loop-flatten,-0.0046388270740284065,-0.6153569801405424,0.538381852528847,1106,1127,0.9774238917491724,False
vector-combine,loop-reroll,-0.0026397978570167346,-0.3562856055237674,0.7216604349169429,1112,1118,0.9942648800181039,False
vector-combine,loop-instsimplify,-0.004053041492857068,-0.5334039862354667,0.593808007046897,1132,1064,0.9874161299839842,False
vector-combine,loop-simplifycfg,0.01307171654177075,1.7629350147499707,0.07805290000682437,1096,1075,0.7893264998405759,False
vector-combine,loop-predication,0.002443542861951087,0.33549758923787454,0.7372823745545842,1076,1084,0.9942648800181039,False
vector-combine,speculative-execution,-0.008802043077862975,-1.1825605448598921,0.23711448708897584,1077,1069,0.9153351961594847,False
vector-combine,partially-inline-libcalls,-0.00740953746945977,-1.0006791080285649,0.31709094553392436,1132,1092,0.9373396474768672,False
vector-combine,load-store-vectorizer,-0.003048636648470049,-0.39882502160849104,0.6900631042446352,1010,1081,0.9942189537240588,False
vector-combine,iroutliner,0.0009563326165202835,0.13539674869909482,0.8923107188983622,1050,1149,0.9942648800181039,False
vector-combine,global-merge,-0.011685872465447333,-1.5858972446617219,0.1129068494634491,1099,1097,0.8280516210713255,False
vector-combine,break-crit-edges,-0.009108966174042499,-1.2043591313883335,0.2285811862934727,1100,1088,0.912014484126757,False
vector-combine,unreachableblockelim,0.01772847251923637,2.438917803264821,0.014808038448084941,1114,1142,0.5918624706255822,False
always-inline,globalsplit,0.0012243678849927497,0.16560587698702425,0.8684820734493203,1096,1147,0.9942648800181039,False
always-inline,lowerswitch,0.014443428190318797,1.9309865119613556,0.053612934864511005,1122,1090,0.7471468075780253,False
always-inline,early-cse-memssa,-0.010503822501767068,-1.634948228130997,0.10219905555247318,1156,1110,0.8216483294072284,False
always-inline,simple-loop-unswitch,0.005308842832318916,0.7180096107799215,0.47282832206053954,1080,1102,0.9705521863870724,False
always-inline,loop-versioning,0.005407567438455385,0.7440199821214465,0.45694295549106284,1148,1087,0.9687293080119685,False
always-inline,loop-flatten,-6.613837418345536e-05,-0.008729892907443425,0.9930354762075182,1006,1107,0.9993802249402087,False
always-inline,loop-reroll,0.0004920010297088662,0.06710447195658678,0.9465046911351926,1091,1090,0.9942648800181039,False
always-inline,loop-instsimplify,-0.008687856602600463,-1.1619174026518886,0.2453955167838766,1108,1086,0.9195460358483637,False
always-inline,loop-simplifycfg,0.0007508351347357278,0.10328831080590806,0.9177436513919027,1063,1121,0.9942648800181039,False
always-inline,loop-predication,0.004566302760606544,0.6101157147514167,0.5418491801652336,1098,1072,0.977995703783708,False
always-inline,speculative-execution,0.008656367962515621,1.190173531194592,0.23410376886645842,1123,1130,0.9121894118219415,False
always-inline,partially-inline-libcalls,-0.006968295229554666,-0.9727507723769656,0.3307790404660021,1151,1163,0.942058707247174,False
always-inline,load-store-vectorizer,0.01583454862295741,2.1475443147196014,0.03185896610619387,1123,1085,0.6845850224753226,False
always-inline,iroutliner,0.0068828844279894,0.9460508211615097,0.34423171828416843,1096,1015,0.9478434106605946,False
always-inline,global-merge,-0.0069896811206459075,-0.9422579966261722,0.3461644494138007,1101,1096,0.9478434106605946,False
always-inline,break-crit-edges,-0.0016247606154589644,-0.22052111121024306,0.8254859749742662,1071,1125,0.9942648800181039,False
always-inline,unreachableblockelim,-0.005424091331275416,-0.7298746473696098,0.46554459219834393,1111,1089,0.9687293080119685,False
globalsplit,lowerswitch,-0.01351655232332255,-1.7358415737354738,0.08273945640976046,1027,1068,0.7960877427533709,False
globalsplit,early-cse-memssa,-0.0032273232342178715,-0.49742927691404026,0.6189355747850889,1124,1101,0.9874161299839842,False
globalsplit,simple-loop-unswitch,0.0037818097400560413,0.50996554173665,0.6101270997033073,1127,1064,0.9874161299839842,False
globalsplit,loop-versioning,0.008254183477209298,1.1048965146690866,0.2693249357224538,1072,1137,0.9234272483582865,False
globalsplit,loop-flatten,0.0036008269052695274,0.498746571746265,0.618005986912078,1129,1159,0.9874161299839842,False
globalsplit,loop-reroll,-0.0039366963160401,-0.5336975584158286,0.5936038908359154,1101,1141,0.9874161299839842,False
globalsplit,loop-instsimplify,-0.007269637290849007,-0.9958980318777501,0.3194059955862606,1154,1119,0.9373396474768672,False
globalsplit,loop-simplifycfg,0.001279143971040786,0.17861520905338735,0.8582562403046697,1080,1141,0.9942648800181039,False
globalsplit,loop-predication,-0.015477475488591186,-2.0955455822420443,0.03623402008395692,1140,1112,0.6984398753125753,False
globalsplit,speculative-execution,-0.00900727931949441,-1.257915281331195,0.20854992400843858,1142,1164,0.9064104066000374,False
globalsplit,partially-inline-libcalls,-0.00508903201598504,-0.6731071222495488,0.5009521427196496,1061,1073,0.9774238917491724,False
globalsplit,load-store-vectorizer,-0.0026364290200591167,-0.3464709305667964,0.7290235949750231,1054,1045,0.9942648800181039,False
globalsplit,iroutliner,0.00543882650990779,0.7666601520470984,0.44336494094355416,1089,1142,0.9687293080119685,False
globalsplit,global-merge,0.007519757665740923,1.0265291951514903,0.30475507145780284,1125,1085,0.9301799375126703,False
globalsplit,break-crit-edges,0.004543766522913717,0.6163477597078411,0.5377269241040992,1116,1161,0.9774238917491724,False
globalsplit,unreachableblockelim,-0.008941165367396309,-1.2421818276343068,0.21429802581823962,1141,1127,0.9085781878347714,False
lowerswitch,early-cse-memssa,-0.004282749938632868,-0.6436403531545531,0.5198771884331317,1063,1094,0.9774238917491724,False
lowerswitch,simple-loop-unswitch,0.016112117672388626,2.173743975692964,0.029832844443731462,1083,1079,0.6845850224753226,False
lowerswitch,loop-versioning,-0.0062057436055681925,-0.8345118139987915,0.40408062998170774,1163,1106,0.9538153990406073,False
lowerswitch,loop-flatten,-0.00649868423907507,-0.8712060214901174,0.38373673144334225,1159,1055,0.9502022310408844,False
lowerswitch,loop-reroll,0.0031886831628928913,0.4420909899148872,0.658465916732152,1138,1112,0.9908078588307175,False
lowerswitch,loop-instsimplify,-0.00703630647722886,-0.9818742411179707,0.3262682065462283,1104,1142,0.942058707247174,False
lowerswitch,loop-simplifycfg,-0.005306262509788384,-0.7110462749868277,0.4771328277369529,1094,1063,0.97062449528203,False
lowerswitch,loop-predication,0.00015024506556748918,0.02058920924322756,0.9835752338060667,1070,1112,0.9993802249402087,False
lowerswitch,speculative-execution,0.006360825624099231,0.8485939752583535,0.3962019371398319,1070,1078,0.9502022310408844,False
lowerswitch,partially-inline-libcalls,0.010073631826895857,1.3288665570954006,0.18403274401853434,1146,1033,0.8754403855060268,False
lowerswitch,load-store-vectorizer,0.002344241432886751,0.33184923554214063,0.7400333535833177,1146,1155,0.9942648800181039,False
lowerswitch,iroutliner,0.001393937673226875,0.1967553138562983,0.8440369459996282,1077,1175,0.9942648800181039,False
lowerswitch,global-merge,0.0075940828064080534,1.0124566894076599,0.3114353122764429,1067,1056,0.9316888333648208,False
lowerswitch,break-crit-edges,-0.0005710077168931127,-0.0777885132282078,0.9380031568586856,1156,1113,0.9942648800181039,False
lowerswitch,unreachableblockelim,0.0021702755689295694,0.28883823174377304,0.7727336202016327,1050,1057,0.9942648800181039,False
early-cse-memssa,simple-loop-unswitch,0.00790151179128007,1.193867938482927,0.2326625944868849,1068,1066,0.9121894118219415,False
early-cse-memssa,loop-versioning,-0.0032855388580778633,-0.5014104610794154,0.6161318218640567,1116,1114,0.9874161299839842,False
early-cse-memssa,loop-flatten,-0.010864796333167781,-1.6562624350565989,0.09781446991597649,1102,1052,0.8216483294072284,False
early-cse-memssa,loop-reroll,0.007716957345304476,1.199443640512448,0.23048157397723387,1132,1126,0.9121894118219415,False
early-cse-memssa,loop-instsimplify,0.008769741793116237,1.3346044374420591,0.1821483029722485,1050,1085,0.8754403855060268,False
early-cse-memssa,loop-simplifycfg,0.004974434881138412,0.7609103640404988,0.44679353306096237,1088,1080,0.9687293080119685,False
early-cse-memssa,loop-predication,0.0057740533001892635,0.8628069233050293,0.3883381670307367,1077,1120,0.9502022310408844,False
early-cse-memssa,speculative-execution,-0.007024831946438048,-1.0608249001607362,0.28888934816587697,1119,1031,0.9279993210434955,False
early-cse-memssa,partially-inline-libcalls,0.0068537246794883044,1.0238142329420024,0.3060366376494705,1057,1133,0.9302752341567484,False
early-cse-memssa,load-store-vectorizer,0.003498385997483089,0.5289037109122033,0.5969256277225568,1093,1108,0.9874161299839842,False
early-cse-memssa,iroutliner,-0.01542141010978243,-2.4310938154851502,0.015133611044030227,1065,1113,0.5918624706255822,False
early-cse-memssa,global-merge,-0.005889451306451299,-0.8900501463706896,0.3735400820864367,1071,1051,0.9502022310408844,False
early-cse-memssa,break-crit-edges,0.004763617596064806,0.7209066000402087,0.4710442874030186,1062,1137,0.9705521863870724,False
early-cse-memssa,unreachableblockelim,-0.011652653070179875,-1.8266271534338503,0.06789265238767396,1171,1031,0.7840748251100543,False
simple-loop-unswitch,loop-versioning,-0.002576606478222443,-0.33716658875697303,0.7360238692590202,1057,1140,0.9942648800181039,False
simple-loop-unswitch,loop-flatten,0.003943697413673952,0.5230571825574181,0.6009874703225782,1074,1117,0.9874161299839842,False
simple-loop-unswitch,loop-reroll,0.012704697847065571,1.74898558280738,0.0804313013832075,1126,1106,0.7893959303675203,False
simple-loop-unswitch,loop-instsimplify,0.008101453991045615,1.115109010022503,0.26492594577460654,1076,1123,0.922998223890889,False
simple-loop-unswitch,loop-simplifycfg,0.008117664741818131,1.0770505036634417,0.28157806616199754,1100,1071,0.9244095086149083,False
simple-loop-unswitch,loop-predication,-0.001265849580865841,-0.1723041050219503,0.8632144614863981,1112,1071,0.9942648800181039,False
simple-loop-unswitch,speculative-execution,0.0010143537539490377,0.1421336327442898,0.8869872040687625,1109,1141,0.9942648800181039,False
simple-loop-unswitch,partially-inline-libcalls,0.010116686878841041,1.3705031206201685,0.17067081188843763,1065,1121,0.8754403855060268,False
simple-loop-unswitch,load-store-vectorizer,0.007895042320030465,1.076428549490392,0.2818551974683863,1105,1075,0.9244095086149083,False
simple-loop-unswitch,iroutliner,0.012030401353536058,1.7216998170676612,0.08526585636359821,1077,1104,0.8104395473782781,False
simple-loop-unswitch,global-merge,-0.002605200467608093,-0.3536507543097828,0.7236347990781082,1088,1096,0.9942648800181039,False
simple-loop-unswitch,break-crit-edges,0.0003585066038689355,0.04750935188713587,0.9621116318480373,1111,1072,0.9959719209227359,False
simple-loop-unswitch,unreachableblockelim,-0.01018608618974881,-1.382415692098079,0.1669859211501501,1091,1088,0.8754403855060268,False
loop-versioning,loop-flatten,0.00853417813011803,1.1379353723125543,0.2552703992757533,1097,1123,0.9195460358483637,False
loop-versioning,loop-reroll,-0.007113621853442553,-0.9157251143067615,0.3599134222502339,1075,1091,0.9480085994808022,False
loop-versioning,loop-instsimplify,0.007499901337420567,1.0198670600422979,0.30790250952104053,1120,1110,0.9302752341567484,False
loop-versioning,loop-simplifycfg,-0.0038532558155273677,-0.5147728799320976,0.606764710736827,1085,1066,0.9874161299839842,False
loop-versioning,loop-predication,0.009566399394189962,1.2839875998115926,0.1992801286487237,1119,1106,0.8916107201194358,False
loop-versioning,speculative-execution,-0.0031281284237359985,-0.4131495011959589,0.679537207637725,1096,1120,0.9933243197125733,False
loop-versioning,partially-inline-libcalls,-0.016729591803483934,-2.224538936685398,0.026214917567244318,1100,1068,0.6624199781144244,False
loop-versioning,load-store-vectorizer,-0.01685187489918849,-2.2434932088789945,0.024964169590685353,1081,1137,0.6624199781144244,False
loop-versioning,iroutliner,-0.0025655898143499556,-0.3577497861864704,0.7205642720302822,1122,1128,0.9942648800181039,False
loop-versioning,global-merge,-0.011100651943228956,-1.4760963210435798,0.14005796660683134,1130,1122,0.8648341678559794,False
loop-versioning,break-crit-edges,0.010855006882632745,1.4646906881792854,0.14314598037241055,1110,1128,0.8648341678559794,False
loop-versioning,unreachableblockelim,0.004556554152373882,0.6140404231966731,0.5392530642831219,1092,1085,0.977995703783708,False
loop-flatten,loop-reroll,-0.0036388452670509386,-0.4863326595099068,0.6267804866860052,1062,1118,0.9874161299839842,False
loop-flatten,loop-instsimplify,0.004907283930869588,0.6576665157422956,0.5108213009633573,1110,1094,0.9774238917491724,False
loop-flatten,loop-simplifycfg,0.013219828878934248,1.7783520009287512,0.07548422090564108,1072,1152,0.7840748251100543,False
loop-flatten,loop-predication,-0.008278615844961534,-1.099180911926029,0.27181524263361734,1040,1071,0.9234272483582865,False
loop-flatten,speculative-execution,-0.00918499505493281,-1.2389900628622246,0.21548255803741045,1083,1102,0.9085781878347714,False
loop-flatten,partially-inline-libcalls,-0.007457325489509503,-0.9841812961510845,0.32513925460192494,1090,1028,0.941513876021561,False
loop-flatten,load-store-vectorizer,-0.003369028362501081,-0.45624693822247575,0.6482566445836085,1103,1141,0.9894955426777883,False
loop-flatten,iroutliner,-0.008224054667860081,-1.1274434950240835,0.25968001317277056,1068,1102,0.922998223890889,False
loop-flatten,global-merge,-0.0016269028773405192,-0.2201421077059717,0.8257814234542167,1042,1119,0.9942648800181039,False
loop-flatten,break-crit-edges,0.006336240109777291,0.8649887624824766,0.38714098028963495,1103,1061,0.9502022310408844,False
loop-flatten,unreachableblockelim,-0.0017120609465707815,-0.23678791083126605,0.8128432502182613,1108,1108,0.9942648800181039,False
loop-reroll,loop-instsimplify,0.0040371059633146356,0.5285026193149236,0.5972061699218368,1033,1079,0.9874161299839842,False
loop-reroll,loop-simplifycfg,0.002061833093060461,0.28352845974888213,0.776798052392001,1111,1124,0.9942648800181039,False
loop-reroll,loop-predication,-0.010125527776196963,-1.3853849870613324,0.16607633740833086,1063,1152,0.8754403855060268,False
loop-reroll,speculative-execution,-0.004731800122625807,-0.636292077869259,0.524653055611549,1078,1098,0.9774238917491724,False
loop-reroll,partially-inline-libcalls,0.006724140584619065,0.9143568181269156,0.36062828342632425,1145,1091,0.9480085994808022,False
loop-reroll,load-store-vectorizer,0.010148066588431537,1.3807822528668252,0.1674864685051777,1071,1131,0.8754403855060268,False
loop-reroll,iroutliner,-0.010693853295816291,-1.5627532793671457,0.11824804460182262,1175,1132,0.8364330453969749,False
loop-reroll,global-merge,-0.009892835489499985,-1.3444671867134064,0.1789415339520611,1046,1082,0.8754403855060268,False
loop-reroll,break-crit-edges,-0.008910588147633292,-1.2119365316904072,0.2256651935285132,1131,1099,0.9091614175490306,False
loop-reroll,unreachableblockelim,0.012320994927789264,1.6565156926822624,0.09775594253004195,1132,1135,0.8216483294072284,False
loop-instsimplify,loop-simplifycfg,0.005299268045053762,0.6964124144759277,0.4862442945226592,1087,1111,0.9726252030341583,False
loop-instsimplify,loop-predication,-0.011268649158369948,-1.550339422999665,0.12120312489201622,1121,1093,0.8415451012005949,False
loop-instsimplify,speculative-execution,0.005817465019413548,0.8004717788726671,0.4235216673212957,1204,1086,0.9681527028295874,False
loop-instsimplify,partially-inline-libcalls,0.0049124834333350575,0.6685613074023494,0.5038449325422724,1095,1125,0.9774238917491724,False
loop-instsimplify,load-store-vectorizer,-0.010785529624817991,-1.4344280260968578,0.15159471348611556,1122,1045,0.8730072029582772,False
loop-instsimplify,iroutliner,0.0017608257633787705,0.253147631092214,0.8001777511387618,1096,1110,0.9942648800181039,False
loop-instsimplify,global-merge,0.008420389646007165,1.1496081480027458,0.2504300357741389,1074,1133,0.9195460358483637,False
loop-instsimplify,break-crit-edges,-0.00371150118754654,-0.49467740436188595,0.6208777667318196,1078,1105,0.9874161299839842,False
loop-instsimplify,unreachableblockelim,0.00643944602891422,0.8477562758886104,0.3966689959800293,1052,1080,0.9502022310408844,False
loop-simplifycfg,loop-predication,-0.00011652622856472838,-0.01584571055375122,0.9873589225345075,1055,1147,0.9993802249402087,False
loop-simplifycfg,speculative-execution,-0.003190428631953679,-0.4404523959878575,0.6596514680178025,1133,1138,0.9908078588307175,False
loop-simplifycfg,partially-inline-libcalls,0.0004355657069590735,0.05858598715392795,0.9532871859341471,1091,1114,0.9942648800181039,False
loop-simplifycfg,load-store-vectorizer,0.008960285995692596,1.219919848247811,0.22262566173973955,1137,1072,0.9085781878347714,False
loop-simplifycfg,iroutliner,0.0058934716568394,0.8389279715017395,0.4016001436432774,1120,1101,0.9514676915391475,False
loop-simplifycfg,global-merge,0.010632031341710535,1.4397619585662782,0.15007613051458796,1105,1113,0.8719556781826802,False
loop-simplifycfg,break-crit-edges,0.010216097967596038,1.334648264459451,0.1821331513553149,1110,1056,0.8754403855060268,False
loop-simplifycfg,unreachableblockelim,-0.0018847977163566898,-0.253036433603418,0.800263572403223,1101,1113,0.9942648800181039,False
loop-predication,speculative-execution,-0.0012214749659715807,-0.16494599193478537,0.8690016808763187,1074,1135,0.9942648800181039,False
loop-predication,partially-inline-libcalls,-0.0019495037082018496,-0.26430126010444205,0.7915722061374233,1099,1140,0.9942648800181039,False
loop-predication,load-store-vectorizer,0.01770843432553726,2.393621157794371,0.016764960641576416,1112,1130,0.5976808664173467,False
loop-predication,iroutliner,0.007941760593533131,1.1191564965359717,0.2631969814575372,1131,1060,0.922998223890889,False
loop-predication,global-merge,-0.018123377745423774,-2.444768766337095,0.0145740454458706,1060,1117,0.5918624706255822,False
loop-predication,break-crit-edges,0.006816829897747012,0.8954745385628001,0.3706315282822548,1105,1095,0.9502022310408844,False
loop-predication,unreachableblockelim,-0.015453602245725617,-2.068650003202551,0.03869568480072232,1139,1067,0.7015384337019843,False
speculative-execution,partially-inline-libcalls,0.00776159775073576,1.0467164424751583,0.29534614795690955,1088,1103,0.9279993210434955,False
speculative-execution,load-store-vectorizer,0.004657781682200657,0.6172322421145908,0.5371459537850048,1061,1123,0.9774238917491724,False
speculative-execution,iroutliner,-0.003977287519585426,-0.5728532069272261,0.566802715830363,1097,1102,0.982993549686316,False
speculative-execution,global-merge,-0.0026541467353792814,-0.3537439872099944,0.7235658543689567,1083,1044,0.9942648800181039,False
speculative-execution,break-crit-edges,0.012592407621236368,1.7067043227614835,0.08801742935922956,1099,1115,0.8125947300396654,False
speculative-execution,unreachableblockelim,0.0022011290818647056,0.30241667070513945,0.7623629329497275,1117,1093,0.9942648800181039,False
partially-inline-libcalls,load-store-vectorizer,0.0016983018181299103,0.22598976747649424,0.821230711431535,1087,1080,0.9942648800181039,False
partially-inline-libcalls,iroutliner,-0.001640717506528,-0.23791376144473,0.8119701571849647,1082,1118,0.9942648800181039,False
partially-inline-libcalls,global-merge,-0.0012338213002268117,-0.1697968531100726,0.8651854488864137,1166,1061,0.9942648800181039,False
partially-inline-libcalls,break-crit-edges,-0.0009634010622173728,-0.1263029979162487,0.8995037693306203,1104,1071,0.9942648800181039,False
partially-inline-libcalls,unreachableblockelim,-0.002585296322040742,-0.3648492792915673,0.7152577523985878,1129,1157,0.9942648800181039,False
load-store-vectorizer,iroutliner,0.0009076462739181501,0.12940551983140225,0.8970484997951372,1122,1102,0.9942648800181039,False
load-store-vectorizer,global-merge,0.00045102207313030274,0.06041491146909314,0.9518307417540185,1070,1104,0.9942648800181039,False
load-store-vectorizer,break-crit-edges,0.0032383825297102597,0.4298297498225024,0.6673621672545531,1083,1090,0.9917647591855995,False
load-store-vectorizer,unreachableblockelim,-0.00959975542046454,-1.3096568332550618,0.1904487054827781,1092,1118,0.8780001857299028,False
iroutliner,global-merge,-0.0035281632412157427,-0.5119323926116611,0.6087488533089759,1107,1136,0.9874161299839842,False
iroutliner,break-crit-edges,-0.0029209002093115166,-0.41292535903765626,0.6797018999174433,1081,1104,0.9933243197125733,False
iroutliner,unreachableblockelim,0.005153247497719449,0.7251846983214807,0.4684164193370298,1097,1089,0.9705521863870724,False
global-merge,break-crit-edges,-0.009349208049690805,-1.256082694246987,0.2092239958306495,1066,1063,0.9073324115978111,False
global-merge,unreachableblockelim,-0.013039755446053236,-1.7748951011958052,0.07605163890724868,1124,1108,0.7878788834941424,False
break-crit-edges,unreachableblockelim,0.0033002491027609993,0.44829342127957894,0.6539861465101781,1073,1113,0.9894955426777883,False
