pass_a,pass_b,ate,t_stat,p_value,n_treatment,n_control,p_adj,significant
bdce,ipsccp,-0.001490228924151571,-0.2787620101104608,0.7804392583615753,2453,2439,0.9819797179926498,False
bdce,correlated-propagation,-0.009660936542216003,-1.8315570864724449,0.0670751761417851,2623,2530,0.7648169515258737,False
bdce,mem2reg,-0.0048735485946987955,-1.3312430319801076,0.18316948085584184,2484,2543,0.8936246540017126,False
bdce,sroa,-0.0029423603751917993,-0.8339913411747684,0.4043253058597679,2547,2558,0.938921317022563,False
bdce,instsimplify,-0.004725339544822349,-0.88660040328894,0.37533652815175184,2483,2550,0.9372979316317167,False
bdce,constmerge,0.007120035389203749,1.3440390224411105,0.17899684893295198,2495,2504,0.8936246540017126,False
bdce,function-attrs,-0.011459492953822925,-2.0629168233049744,0.039171637829210015,2509,2536,0.6893372254732842,False
bdce,deadargelim,-0.007043639260680468,-1.3285582751879619,0.18405474067620203,2448,2531,0.8936246540017126,False
bdce,globaldce,0.001082977625735615,0.19888630187488232,0.8423596058740468,2560,2549,0.9862005430341109,False
bdce,elim-avail-extern,-0.0017456391106163704,-0.3199453476988504,0.7490230756005214,2521,2501,0.9819797179926498,False
bdce,mergefunc,-0.0010567126380125469,-0.19555661008119052,0.8449652519111461,2466,2493,0.9862005430341109,False
bdce,instcombine,0.00046693977958428556,0.09977419999121902,0.9205275761809212,2543,2480,0.9897292090133071,False
bdce,simplifycfg,-0.005670602383154866,-1.0909938202672225,0.2753271633629038,2590,2517,0.9261097314091098,False
bdce,tailcallelim,-0.009974620508738707,-1.8863220164504493,0.05930761255636749,2587,2587,0.7550862434702712,False
bdce,reassociate,0.004316909224779009,0.8034877282275883,0.4217309390576979,2433,2601,0.9410247050427036,False
bdce,memcpyopt,5.442787018711259e-05,0.010037305382157734,0.9919919271693031,2479,2494,0.9965270751411184,False
bdce,sccp,0.0003139650916006431,0.05650724662780588,0.9549399948333255,2501,2470,0.9932346158623248,False
bdce,dce,-0.003943840468389137,-0.719679727862126,0.4717556395208076,2485,2586,0.9576122218629731,False
bdce,adce,-0.0075900843785196015,-1.402687129093133,0.16077259590942528,2520,2454,0.8886940441949083,False
bdce,dse,0.004342286808217133,0.814527037565903,0.41538200965037864,2458,2530,0.938921317022563,False
bdce,jump-threading,0.0045470901161830946,0.860736284405756,0.3894236675486411,2581,2553,0.9387788987599427,False
bdce,loop-idiom,-0.003965591903888621,-0.7121612328035349,0.476398584910162,2441,2503,0.9576122218629731,False
bdce,loop-deletion,0.00932329371315671,1.8206486051552464,0.06871855578464688,2540,2590,0.7648169515258737,False
bdce,gvn,0.0024969744267818172,0.546267265563122,0.5849067265172161,2445,2534,0.9663854998208667,False
bdce,gvn-hoist,-0.0007012834428021253,-0.12902160475451108,0.8973457677379792,2474,2505,0.9887259997126645,False
bdce,gvn-sink,-0.0014355529946635248,-0.26645030520370927,0.7899033077900344,2521,2530,0.9819797179926498,False
bdce,newgvn,-0.0029439606091162807,-0.6976169756502385,0.4854484532746433,2589,2531,0.9591403345224537,False
bdce,early-cse,0.0019474338484654075,0.37139233132660504,0.7103614353377453,2463,2451,0.9802307257169508,False
bdce,mergereturn,0.0014316009625034987,0.2711998315217294,0.7862484190423288,2530,2529,0.9819797179926498,False
bdce,globalopt,0.0005798873677232419,0.10827071291031228,0.9137852901608315,2560,2453,0.9897292090133071,False
bdce,strip-dead-prototypes,-0.004909070112102287,-0.9037777117120578,0.3661576193840609,2495,2420,0.9362139119162718,False
bdce,indvars,0.005576364609608808,1.0550817263585361,0.291438144268499,2471,2622,0.9261097314091098,False
bdce,mergeicmps,0.002510457100987906,0.4732999185221299,0.6360203183381711,2422,2487,0.9663854998208667,False
bdce,separate-const-offset-from-gep,0.0002474156035606745,0.04515668249897262,0.9639842296867887,2472,2531,0.9932346158623248,False
bdce,libcalls-shrinkwrap,0.001554001563915386,0.28016095814711267,0.779365436249885,2537,2542,0.9819797179926498,False
bdce,flattencfg,0.007460304327615963,1.3719335624109892,0.17014506922931047,2546,2508,0.8936246540017126,False
bdce,loop-reduce,0.008720473786737126,1.5607755210435363,0.11863985594134431,2547,2479,0.8266791385521429,False
bdce,loop-unroll,0.0055932954114459865,1.0268489590972933,0.3045426793057153,2454,2424,0.9261097314091098,False
bdce,loop-rotate,-0.013656779054717572,-2.343199172892597,0.019158281530096934,2482,2510,0.5918038420417597,False
bdce,partial-inliner,-0.004966028405427425,-0.9381095049027716,0.3482324147580287,2650,2499,0.9362139119162718,False
bdce,lower-expect,0.0028230896262716465,0.5203101327050565,0.6028703834469139,2505,2529,0.9663854998208667,False
bdce,alignment-from-assumptions,0.0005869428146645927,0.10662485769598655,0.9150908832613084,2474,2521,0.9897292090133071,False
bdce,rpo-function-attrs,0.005128731095618233,0.9638998309859478,0.3351420488698375,2520,2561,0.9362139119162718,False
bdce,attributor,-0.011976986107875509,-2.449307784483131,0.01434599320111396,2564,2637,0.5154028383079108,False
bdce,inferattrs,0.00021940195569780663,0.04031176379286272,0.9678461664125925,2519,2584,0.9932346158623248,False
bdce,called-value-propagation,0.004688617579378718,0.8855056570789616,0.37592718315858376,2469,2473,0.9372979316317167,False
bdce,licm,-0.0010210425465080886,-0.172199239841623,0.8632878382439799,2515,2524,0.9871072133694266,False
bdce,loop-simplify,0.00013940335560774786,0.0254541633351813,0.9796937434648983,2419,2515,0.9946962299724714,False
bdce,div-rem-pairs,0.00032806866833900994,0.05968733990463332,0.9524070822593296,2520,2403,0.9931662807812082,False
bdce,float2int,0.008266628333222503,1.5157906911522976,0.1296352697252201,2588,2462,0.8460861937399365,False
bdce,inline,0.0005065688270625146,0.09569043234946992,0.9237702617721063,2497,2522,0.9897292090133071,False
bdce,sink,0.005031227266525051,0.9240685395889109,0.3554953114312172,2478,2519,0.9362139119162718,False
bdce,loop-vectorize,-0.002500458578963527,-0.41924789654979666,0.6750524151154721,2589,2577,0.9754681153759602,False
bdce,slp-vectorizer,0.0029907269837761152,0.5399451747070461,0.5892590959802246,2549,2444,0.9663854998208667,False
bdce,callsite-splitting,-0.004638136512465807,-0.8648477436040757,0.3871643228173489,2501,2460,0.9387788987599427,False
bdce,dfa-jump-threading,0.0034918653143545253,0.649060010917654,0.5163290265329884,2580,2495,0.9619849369394112,False
bdce,consthoist,0.007034814070102646,1.3354843452895324,0.1817771849647585,2534,2594,0.8936246540017126,False
bdce,mldst-motion,0.005064379444482459,0.9167775726035322,0.35930283719317957,2482,2599,0.9362139119162718,False
bdce,slsr,-0.002814479649671242,-0.525932471856523,0.5989585709970068,2480,2498,0.9663854998208667,False
bdce,loop-interchange,-0.00530453747262738,-0.9783850068398656,0.3279312157059501,2524,2487,0.9342495346719147,False
bdce,loop-fusion,-0.00779630488619204,-1.448385898711159,0.14757275006026188,2543,2408,0.8825861989128816,False
bdce,loop-distribute,-0.0006879429782649105,-0.1317902643209199,0.8951554317206933,2563,2495,0.9881490026644629,False
bdce,loop-load-elim,0.005987003596260976,1.1467427637781147,0.2515422172955095,2592,2494,0.923462493379908,False
bdce,loop-sink,0.012156239343988018,2.1875326171525287,0.02875011006589302,2489,2512,0.6358844367825872,False
bdce,loop-unroll-and-jam,-0.004306730774949308,-0.7930788729966737,0.42776936308756436,2515,2507,0.9476724624063392,False
bdce,hotcoldsplit,-0.004762056200873888,-0.9118788165771834,0.3618751224717688,2626,2538,0.9362139119162718,False
bdce,irce,0.0070394754742255095,1.3407019260630173,0.18007752865130783,2580,2509,0.8936246540017126,False
bdce,nary-reassociate,-0.00019162813838280446,-0.035228773650037036,0.9718986859728347,2598,2547,0.9932346158623248,False
bdce,scalarizer,0.00032631818737027807,0.061254625572520455,0.9511588146612505,2508,2621,0.9931662807812082,False
bdce,vector-combine,-0.002284082649430974,-0.4264755426219792,0.6697795598832926,2503,2546,0.975141818497267,False
bdce,always-inline,-0.002511616359104518,-0.4753421183980316,0.6345635948740209,2492,2592,0.9663854998208667,False
bdce,globalsplit,-0.002297623715189101,-0.4145092270324113,0.6785194217246109,2501,2386,0.9757415586496205,False
bdce,lowerswitch,-0.007707325686332478,-1.4153358954198496,0.15703218024120078,2512,2514,0.8871198774506207,False
bdce,early-cse-memssa,-0.003088993818020358,-0.7172057769300415,0.4732809153942528,2461,2506,0.9576122218629731,False
bdce,simple-loop-unswitch,0.009427950819992759,1.788013934906084,0.07383379110778879,2484,2560,0.7755094798410511,False
bdce,loop-versioning,-0.0026862126800317188,-0.4792771013013084,0.631762888409235,2486,2419,0.9663854998208667,False
bdce,loop-flatten,-0.005639862809185436,-1.0478320559405805,0.29476610758505545,2549,2508,0.9261097314091098,False
bdce,loop-reroll,0.005885049813633025,1.1141327556370495,0.26527591540009343,2486,2505,0.9261097314091098,False
bdce,loop-instsimplify,0.002919923248499934,0.5493097630830716,0.5828167269708955,2587,2561,0.9663854998208667,False
bdce,loop-simplifycfg,0.009944934773756464,1.86083995633628,0.06282570750266955,2429,2569,0.7569390838893625,False
bdce,loop-predication,0.006372164130629687,1.1663401479331656,0.24353241067101108,2432,2618,0.923462493379908,False
bdce,speculative-execution,0.008228577646175739,1.511942524088411,0.13061070750149698,2536,2545,0.8468071698275864,False
bdce,partially-inline-libcalls,0.00021861038325476922,0.04103447002783748,0.9672700135013103,2540,2590,0.9932346158623248,False
bdce,load-store-vectorizer,-0.007053139534752895,-1.3114600873377331,0.1897621254689998,2569,2478,0.8946881968616551,False
bdce,iroutliner,0.006968422426729792,1.3589711038405647,0.1742167518933317,2570,2466,0.8936246540017126,False
bdce,global-merge,-0.013397290607918444,-2.568628934781121,0.010238751595736654,2530,2505,0.45050507021241276,False
bdce,break-crit-edges,-0.008865351076691508,-1.647109295466448,0.09959826780632706,2525,2500,0.7990395200215817,False
bdce,unreachableblockelim,0.006506341983029962,1.2339443595255053,0.2172781704818869,2666,2654,0.9096567763471403,False
ipsccp,correlated-propagation,0.005392303976283763,0.9945742553649233,0.3199913278344641,2497,2525,0.9330499179447219,False
ipsccp,mem2reg,-0.014814676074698663,-3.787806834183843,0.00015372721240461773,2538,2580,0.022296139399129,True
ipsccp,sroa,-0.011066319310423012,-2.9836277888673557,0.0028619987585856736,2533,2595,0.22986745045743961,False
ipsccp,instsimplify,-0.0006194361600533882,-0.11854320697331264,0.9056419392868009,2564,2531,0.9889544369739047,False
ipsccp,constmerge,0.004979411747678575,0.9089194627011561,0.36343646455486084,2516,2500,0.9362139119162718,False
ipsccp,function-attrs,0.007873022361218673,1.4805329724297838,0.1387942191043783,2493,2519,0.8688528143101889,False
ipsccp,deadargelim,-0.000682854932757937,-0.12745393478056913,0.8985862059108626,2530,2522,0.9887259997126645,False
ipsccp,globaldce,-0.0063533207278367865,-1.1689182479994766,0.24249314551844806,2464,2471,0.923462493379908,False
ipsccp,elim-avail-extern,-0.01277931693879264,-2.2823520533867048,0.022510363115106465,2498,2513,0.5918038420417597,False
ipsccp,mergefunc,-0.00633302377931072,-1.1415413148591356,0.25369981161020294,2564,2413,0.923462493379908,False
ipsccp,instcombine,-0.000715943287286358,-0.15666031668856142,0.8755186408227675,2632,2574,0.9878311966791359,False
ipsccp,simplifycfg,0.004294746248882819,0.80001584400636,0.4237398364986402,2505,2477,0.9436255038718171,False
ipsccp,tailcallelim,0.006142755405691591,1.14669679052432,0.2515611658342828,2542,2524,0.923462493379908,False
ipsccp,reassociate,-0.006664489442313848,-1.2508693980455732,0.21103927872432873,2531,2600,0.9053769260213016,False
ipsccp,memcpyopt,0.011913424082520607,2.175228933260983,0.029660378678548458,2415,2521,0.6358844367825872,False
ipsccp,sccp,0.005607647269110505,1.0039682518706212,0.31544297244737385,2481,2479,0.9292520218351351,False
ipsccp,dce,0.007002646037487237,1.304752656007462,0.19203634483425397,2526,2550,0.8995386679078212,False
ipsccp,adce,0.005026141885406732,0.9471924042273954,0.34358527717995435,2611,2549,0.9362139119162718,False
ipsccp,dse,-0.0029593585772452746,-0.5348042342794982,0.5928093479651819,2458,2500,0.9663854998208667,False
ipsccp,jump-threading,0.001259829265664203,0.2318902914343106,0.8166328485677592,2441,2492,0.9862005430341109,False
ipsccp,loop-idiom,0.007674753595233064,1.399540426636844,0.16171152284993098,2556,2570,0.8886940441949083,False
ipsccp,loop-deletion,0.0007826986558401305,0.13847600573683042,0.8898698350202275,2462,2516,0.9878981187095685,False
ipsccp,gvn,-0.014490769030118644,-3.2122768989147437,0.0013254587810243438,2440,2501,0.14114808586632965,False
ipsccp,gvn-hoist,-0.00018594544446653982,-0.03330780172907344,0.9734305266549407,2418,2352,0.9932346158623248,False
ipsccp,gvn-sink,-0.0034928187324547166,-0.6390070834986828,0.5228487256102604,2401,2417,0.9646233324036004,False
ipsccp,newgvn,-0.00026502087624030723,-0.06395043227464779,0.9490122227070202,2599,2468,0.9931662807812082,False
ipsccp,early-cse,0.007761791307582422,1.5662521050108642,0.11735270520229457,2527,2495,0.8239376317623441,False
ipsccp,mergereturn,-0.0020186014694737464,-0.37203996942184314,0.7098787681314538,2548,2488,0.9802307257169508,False
ipsccp,globalopt,0.002806964338093132,0.5074417696237951,0.6118674167749795,2514,2469,0.9663854998208667,False
ipsccp,strip-dead-prototypes,-0.002555540680226953,-0.4636363814852753,0.6429287908569906,2415,2508,0.9675126877850944,False
ipsccp,indvars,-0.010825276133375472,-1.9568102290586349,0.050425796183920575,2514,2449,0.7430880624106468,False
ipsccp,mergeicmps,-0.0026243623815542794,-0.4882501011994654,0.6253938228934465,2540,2533,0.9663854998208667,False
ipsccp,separate-const-offset-from-gep,0.002806880242380627,0.5271777905359105,0.5980931653511465,2547,2532,0.9663854998208667,False
ipsccp,libcalls-shrinkwrap,-0.007484071744635945,-1.3763727551187879,0.16876800973263914,2458,2573,0.8936246540017126,False
ipsccp,flattencfg,-0.0006871515891408442,-0.12776327815911534,0.8983413888187876,2548,2523,0.9887259997126645,False
ipsccp,loop-reduce,-0.0010319716210533958,-0.17957343027637745,0.8574948837675175,2473,2455,0.9870002285963028,False
ipsccp,loop-unroll,0.006411281908794808,1.1575989468251917,0.24708384687053575,2374,2562,0.923462493379908,False
ipsccp,loop-rotate,-0.004765190381078532,-0.7999678206354864,0.42376734399870736,2513,2528,0.9436255038718171,False
ipsccp,partial-inliner,-0.0007152951763169657,-0.13236631316182612,0.8946999805525023,2529,2396,0.9881490026644629,False
ipsccp,lower-expect,0.007319366449964226,1.3525309933436271,0.17626580674141296,2516,2558,0.8936246540017126,False
ipsccp,alignment-from-assumptions,0.000757655559822823,0.1375014025157399,0.8906400945652907,2432,2525,0.9878981187095685,False
ipsccp,rpo-function-attrs,-0.009465361738660971,-1.744253386570955,0.08117701096870412,2527,2423,0.7968989516182841,False
ipsccp,attributor,-0.006454100212379521,-1.2483614356181398,0.21195702988749351,2557,2458,0.9053769260213016,False
ipsccp,inferattrs,0.0004706388979746623,0.08615976926479892,0.9313429499148439,2449,2428,0.9901925823858527,False
ipsccp,called-value-propagation,-0.005882443751876243,-1.0847914638598006,0.2780683740020978,2436,2379,0.9261097314091098,False
ipsccp,licm,-0.004445432906764912,-0.7619470756324487,0.446127155849492,2513,2542,0.9546098137512568,False
ipsccp,loop-simplify,-0.0019316450141703134,-0.34330058628139465,0.7313867825102258,2501,2498,0.9819797179926498,False
ipsccp,div-rem-pairs,0.0014105534226369065,0.2609238257939189,0.7941618743548371,2601,2475,0.9819797179926498,False
ipsccp,float2int,0.000817279653333558,0.14799939582898095,0.8823491291735182,2470,2609,0.9878981187095685,False
ipsccp,inline,0.013830016072486462,2.5818403822448373,0.009855263227538066,2541,2546,0.44360012412688576,False
ipsccp,sink,-0.00036588247566160526,-0.06595282931979776,0.9474179961289888,2557,2499,0.993162990687176,False
ipsccp,loop-vectorize,-0.008028074252987183,-1.343508010541223,0.17916771167445197,2506,2575,0.8936246540017126,False
ipsccp,slp-vectorizer,-0.00652245516455352,-1.2036437911343378,0.2287836960606916,2554,2499,0.9232760696075548,False
ipsccp,callsite-splitting,0.0011949203805398656,0.21500816201072795,0.8297698638690525,2470,2474,0.9862005430341109,False
ipsccp,dfa-jump-threading,0.0030327586219165426,0.563063447724327,0.5734168993668999,2595,2453,0.9656687685775414,False
ipsccp,consthoist,-0.005690693870971986,-1.0553760856036778,0.29130317448197307,2520,2613,0.9261097314091098,False
ipsccp,mldst-motion,0.0026625050800827,0.48479026136376024,0.627845988932386,2596,2522,0.9663854998208667,False
ipsccp,slsr,0.0002368113141258399,0.04202977389136896,0.9664766710750601,2451,2465,0.9932346158623248,False
ipsccp,loop-interchange,0.004519894663279012,0.8465192260882956,0.39730325332808575,2511,2543,0.9387788987599427,False
ipsccp,loop-fusion,-0.002676739103858905,-0.4972294194110657,0.6190493454490735,2444,2524,0.9663854998208667,False
ipsccp,loop-distribute,0.004217282247230114,0.7661886854411477,0.4435995186510837,2520,2580,0.9539093340179844,False
ipsccp,loop-load-elim,-0.0010497130838054147,-0.1863877770215727,0.8521483433263863,2490,2454,0.9870002285963028,False
ipsccp,loop-sink,-0.006930400267821102,-1.2462945377825818,0.21271565079717164,2456,2490,0.9053769260213016,False
ipsccp,loop-unroll-and-jam,0.0018633761343480049,0.330680446773685,0.7408994298027789,2565,2560,0.9819797179926498,False
ipsccp,hotcoldsplit,0.003160598163201578,0.5621680703560391,0.5740266387833602,2496,2521,0.9656687685775414,False
ipsccp,irce,0.0050622269446755075,0.9078020465295832,0.3640268358226481,2561,2459,0.9362139119162718,False
ipsccp,nary-reassociate,-0.007417209595482144,-1.3730496960101228,0.1697985804750018,2497,2496,0.8936246540017126,False
ipsccp,scalarizer,-0.0016278152639467303,-0.29884928703216224,0.7650672644757189,2564,2523,0.9819797179926498,False
ipsccp,vector-combine,-0.0046717723063582905,-0.8315332437819473,0.4057124541017166,2484,2482,0.938921317022563,False
ipsccp,always-inline,0.008370169877186806,1.5302139647358188,0.1260267517041937,2494,2532,0.8393210198530996,False
ipsccp,globalsplit,0.013574361190546724,2.5159870383805853,0.011901139710714286,2497,2490,0.48083712756606795,False
ipsccp,lowerswitch,0.002913615585351914,0.5353929368098576,0.5924017120780748,2535,2526,0.9663854998208667,False
ipsccp,early-cse-memssa,-0.0023035369981257436,-0.5370340117865614,0.5912686731657782,2478,2418,0.9663854998208667,False
ipsccp,simple-loop-unswitch,-0.001102324353329076,-0.19751875861744236,0.8434297231422313,2459,2499,0.9862005430341109,False
ipsccp,loop-versioning,-0.008848324202543445,-1.6144952107836072,0.10648136499169739,2557,2604,0.8039373143348778,False
ipsccp,loop-flatten,0.0015295401673557363,0.2823276248225935,0.7777038507268706,2524,2544,0.9819797179926498,False
ipsccp,loop-reroll,-0.0011018939936762728,-0.2007138285770261,0.8409304262767039,2532,2522,0.9862005430341109,False
ipsccp,loop-instsimplify,-0.004849862833882723,-0.8910340265863398,0.3729535424948878,2514,2517,0.9372979316317167,False
ipsccp,loop-simplifycfg,-0.0038164194179922672,-0.7093894664301827,0.4781153479672822,2570,2528,0.9576122218629731,False
ipsccp,loop-predication,0.0058172261464145,1.0552628261835737,0.29135660179928285,2451,2505,0.9261097314091098,False
ipsccp,speculative-execution,-0.0032005643628127967,-0.5892490480926622,0.5557199618584705,2625,2548,0.9656120029518516,False
ipsccp,partially-inline-libcalls,0.006336484928889108,1.1590576980347365,0.24648821021734404,2555,2432,0.923462493379908,False
ipsccp,load-store-vectorizer,-0.0016267048980804777,-0.289343830566494,0.7723304072172761,2490,2457,0.9819797179926498,False
ipsccp,iroutliner,3.5567412486059435e-05,0.0067321909403111994,0.9946287916137789,2569,2564,0.9976860522437393,False
ipsccp,global-merge,0.006996735541039412,1.2883656316434866,0.19767657621922077,2564,2597,0.9004139838184037,False
ipsccp,break-crit-edges,-0.0021932262956301796,-0.3964178776710188,0.6918133611468825,2532,2573,0.9802307257169508,False
ipsccp,unreachableblockelim,-0.0027392200181096116,-0.5012454186485068,0.6162205749115944,2450,2531,0.9663854998208667,False
correlated-propagation,mem2reg,0.004860178871823717,1.1814191475999638,0.23749414572799277,2445,2426,0.923462493379908,False
correlated-propagation,sroa,-0.0006488434361742734,-0.1733035689304803,0.8624198113314079,2443,2593,0.9870002285963028,False
correlated-propagation,instsimplify,-0.010904034759230963,-1.9918434168916495,0.04644292822919556,2445,2526,0.7160256178957867,False
correlated-propagation,constmerge,0.00014804263424150754,0.02744575843132702,0.9781052990028064,2430,2567,0.9946962299724714,False
correlated-propagation,function-attrs,0.010467359128734866,1.9760475272439775,0.04820407800262064,2520,2509,0.7248754198789975,False
correlated-propagation,deadargelim,0.0011641880779700853,0.21361611244342124,0.8308552160688042,2447,2514,0.9862005430341109,False
correlated-propagation,globaldce,-0.0051335020380023355,-0.9243339047551145,0.3553571795756644,2504,2492,0.9362139119162718,False
correlated-propagation,elim-avail-extern,0.004941178308177641,0.9271260523039094,0.3539041354646655,2599,2605,0.9362139119162718,False
correlated-propagation,mergefunc,-0.000513996015354401,-0.09172064190759921,0.9269236369993641,2472,2579,0.9898271274249525,False
correlated-propagation,instcombine,-0.00251656569123454,-0.5468110502078408,0.5845322654967262,2585,2562,0.9663854998208667,False
correlated-propagation,simplifycfg,-0.008224497451466861,-1.5898325139587,0.11193484480997955,2551,2530,0.807667048880857,False
correlated-propagation,tailcallelim,-0.004043834158626136,-0.7256604953147908,0.4680811501779663,2499,2467,0.9576122218629731,False
correlated-propagation,reassociate,0.004820939302893845,0.8713654132879555,0.38359619612536344,2549,2490,0.9372979316317167,False
correlated-propagation,memcpyopt,-0.0030775130442602383,-0.5754986714291982,0.5649800079475907,2514,2488,0.9656120029518516,False
correlated-propagation,sccp,-0.005073192170708951,-0.8998051885818473,0.3682671471479209,2546,2470,0.9362139119162718,False
correlated-propagation,dce,-6.599781539939897e-06,-0.0012584110009965317,0.9989959830959574,2594,2490,0.9995970164827606,False
correlated-propagation,adce,-0.0016917399971455582,-0.31697534935460747,0.7512753381489305,2566,2522,0.9819797179926498,False
correlated-propagation,dse,0.011555484494288726,2.1150242886122204,0.03447798129192092,2504,2470,0.6621645967994382,False
correlated-propagation,jump-threading,0.0037859763912282407,0.7111603439636798,0.4770180351040716,2483,2523,0.9576122218629731,False
correlated-propagation,loop-idiom,0.00042865082159165846,0.08086242332624138,0.9355545297896868,2482,2656,0.9908026409910448,False
correlated-propagation,loop-deletion,-0.0009589115835180739,-0.17640984780981697,0.859979186169223,2568,2395,0.9870002285963028,False
correlated-propagation,gvn,0.0038505251230148696,0.8387611264022773,0.4016445563679949,2448,2435,0.938921317022563,False
correlated-propagation,gvn-hoist,0.008823695965307077,1.6580629784132783,0.09736690376259269,2579,2471,0.7990395200215817,False
correlated-propagation,gvn-sink,-0.0008130999088550861,-0.15262923519125618,0.8786965411360983,2585,2661,0.9878311966791359,False
correlated-propagation,newgvn,0.0004430859585192737,0.1028375465010692,0.918095875630824,2531,2667,0.9897292090133071,False
correlated-propagation,early-cse,-0.005505335780665699,-1.1088546990377486,0.2675463537231055,2510,2505,0.9261097314091098,False
correlated-propagation,mergereturn,-0.006265389096024365,-1.133940016811774,0.25687367799848376,2526,2515,0.9237088064321658,False
correlated-propagation,globalopt,-0.00428503959053278,-0.811417377874935,0.41716466713471684,2481,2548,0.938921317022563,False
correlated-propagation,strip-dead-prototypes,0.011101510022959726,2.04602946223701,0.04080565243517226,2575,2478,0.6893372254732842,False
correlated-propagation,indvars,-0.007173270026368861,-1.3416956805083917,0.17975579629040386,2521,2472,0.8936246540017126,False
correlated-propagation,mergeicmps,-0.00576619768765424,-1.0492377203106555,0.2941202590735319,2453,2500,0.9261097314091098,False
correlated-propagation,separate-const-offset-from-gep,-0.0005371387864677168,-0.09474359837100721,0.9245223305849533,2466,2475,0.9897292090133071,False
correlated-propagation,libcalls-shrinkwrap,-0.0029522361300840516,-0.5421493888166091,0.587739757298469,2543,2462,0.9663854998208667,False
correlated-propagation,flattencfg,-0.002734894681585831,-0.5040134118069323,0.6142734547232537,2577,2590,0.9663854998208667,False
correlated-propagation,loop-reduce,-0.0055500054167229584,-1.0068905591835027,0.3140365174647911,2523,2455,0.9281260395412242,False
correlated-propagation,loop-unroll,0.009860300259489307,1.8528135475300467,0.06396726516443665,2524,2539,0.7569390838893625,False
correlated-propagation,loop-rotate,-0.0035961499458438406,-0.5999653692585032,0.5485569747108848,2438,2479,0.9656120029518516,False
correlated-propagation,partial-inliner,-0.0009411236863040573,-0.1754151878783733,0.8607605161782886,2456,2579,0.9870002285963028,False
correlated-propagation,lower-expect,-0.004827221652238756,-0.8905742977617944,0.3732009004924488,2460,2504,0.9372979316317167,False
correlated-propagation,alignment-from-assumptions,-0.002812740974905137,-0.5296172429694965,0.5964009358642491,2512,2473,0.9663854998208667,False
correlated-propagation,rpo-function-attrs,-0.0013214555864862754,-0.24702215709492545,0.804901120785275,2484,2580,0.9849601011517839,False
correlated-propagation,attributor,-0.0036871752212590536,-0.704960094766612,0.4808684942302566,2460,2475,0.9584453421215212,False
correlated-propagation,inferattrs,0.004675034202871631,0.868763602502536,0.38501831138050824,2509,2475,0.9372979316317167,False
correlated-propagation,called-value-propagation,0.0043511810040260945,0.79474245016546,0.42680168601519397,2450,2470,0.9464073626475082,False
correlated-propagation,licm,-0.00430140232674342,-0.7291573227170565,0.46593897508635085,2554,2546,0.9576122218629731,False
correlated-propagation,loop-simplify,6.96173047664006e-05,0.013137471819960403,0.9895186495178308,2403,2537,0.9961323988462276,False
correlated-propagation,div-rem-pairs,0.005467678986932734,1.0214288723478944,0.30709897826660504,2636,2551,0.9261097314091098,False
correlated-propagation,float2int,-0.007392342940271246,-1.3561004151754261,0.17512751738886742,2587,2493,0.8936246540017126,False
correlated-propagation,inline,0.001240423977978633,0.22705031603638523,0.8203938628052787,2521,2501,0.9862005430341109,False
correlated-propagation,sink,-0.001726485763053287,-0.3216068164225478,0.7477638270342393,2534,2544,0.9819797179926498,False
correlated-propagation,loop-vectorize,-0.0052465644841974135,-0.8745063172489856,0.3818838868202194,2554,2540,0.9372979316317167,False
correlated-propagation,slp-vectorizer,0.0012107194479604733,0.21967315513946337,0.8261345061361529,2546,2556,0.9862005430341109,False
correlated-propagation,callsite-splitting,0.00533993740350297,0.9973032151679005,0.31866430430821,2609,2534,0.9321981262611873,False
correlated-propagation,dfa-jump-threading,0.004381012734366363,0.8162999979972836,0.4143676514737787,2524,2481,0.938921317022563,False
correlated-propagation,consthoist,-0.005606596003333519,-1.0302683528099221,0.30293330706429883,2527,2552,0.9261097314091098,False
correlated-propagation,mldst-motion,0.0038586699130063185,0.705860245929301,0.48030851849223366,2530,2445,0.9584453421215212,False
correlated-propagation,slsr,0.005233904256789268,0.9802985491559747,0.326985522836384,2559,2516,0.9342495346719147,False
correlated-propagation,loop-interchange,0.0037273378625513054,0.6830067829707365,0.494634234543736,2447,2560,0.959250210099802,False
correlated-propagation,loop-fusion,-0.003207671202909601,-0.5872581795877378,0.5570569181862005,2481,2516,0.9656120029518516,False
correlated-propagation,loop-distribute,0.0024661123622702896,0.45865223056013477,0.64650360516303,2496,2593,0.9675808991214881,False
correlated-propagation,loop-load-elim,0.0050520598856022,0.9504911939629668,0.34190793654197255,2566,2517,0.9362139119162718,False
correlated-propagation,loop-sink,-0.0015380176205566642,-0.28078268664229844,0.7788886993475245,2525,2478,0.9819797179926498,False
correlated-propagation,loop-unroll-and-jam,-0.003642362517693176,-0.6842770968766111,0.4938314780048151,2504,2574,0.959250210099802,False
correlated-propagation,hotcoldsplit,0.0013452136185369556,0.24865224899010574,0.8036400371907807,2549,2461,0.9844220222417878,False
correlated-propagation,irce,-0.013751460242727442,-2.5884135077300567,0.009669495682142423,2575,2492,0.44360012412688576,False
correlated-propagation,nary-reassociate,0.0058086809849180465,1.0911952234053948,0.27524032107526464,2466,2484,0.9261097314091098,False
correlated-propagation,scalarizer,-0.0008121707902384312,-0.14641068759009354,0.8836031419771404,2527,2448,0.9878981187095685,False
correlated-propagation,vector-combine,0.0015028006771700686,0.27622163767924335,0.7823892182896054,2533,2486,0.9819797179926498,False
correlated-propagation,always-inline,-0.001692215256836549,-0.308956661231666,0.7573676001668721,2431,2482,0.9819797179926498,False
correlated-propagation,globalsplit,0.0054688566209420975,1.0102809219811781,0.3124093051473776,2537,2510,0.9261097314091098,False
correlated-propagation,lowerswitch,-0.00296292008481458,-0.5467655540393811,0.5845639563805223,2613,2475,0.9663854998208667,False
correlated-propagation,early-cse-memssa,-0.007403206487816172,-1.7800172819240527,0.07513426375013799,2586,2439,0.7763213109381012,False
correlated-propagation,simple-loop-unswitch,-0.003550075401561714,-0.6519052823445691,0.5144918129637026,2520,2573,0.9617601825968374,False
correlated-propagation,loop-versioning,-0.0006350566571698413,-0.10981533690909359,0.9125602794012019,2474,2480,0.9897292090133071,False
correlated-propagation,loop-flatten,0.001204695121987065,0.22674180820150136,0.820633582779364,2548,2571,0.9862005430341109,False
correlated-propagation,loop-reroll,0.003088772433424092,0.5723999242121744,0.5670761975198378,2521,2606,0.9656120029518516,False
correlated-propagation,loop-instsimplify,-0.011729727470092155,-2.1975203877373315,0.02802881255883393,2594,2436,0.6358844367825872,False
correlated-propagation,loop-simplifycfg,0.0024807324582686863,0.4529244118744132,0.6506224363802114,2613,2512,0.9691279805496036,False
correlated-propagation,loop-predication,-0.006722745310460632,-1.274765793367693,0.2024501154308817,2568,2544,0.9019279317717096,False
correlated-propagation,speculative-execution,0.00529387953543653,0.9744419868787179,0.3298848083903333,2451,2499,0.9355811577861952,False
correlated-propagation,partially-inline-libcalls,-0.008935239902082948,-1.6944448881068546,0.09024216272934767,2537,2587,0.7987384440285578,False
correlated-propagation,load-store-vectorizer,-0.0008265665333699324,-0.15038910605928946,0.8804636579194364,2549,2493,0.9878981187095685,False
correlated-propagation,iroutliner,-0.004067688583232865,-0.7671977156427283,0.44300056501383384,2427,2541,0.9539093340179844,False
correlated-propagation,global-merge,0.004372981964677836,0.7973979540793125,0.42525708668925455,2543,2558,0.944586926531549,False
correlated-propagation,break-crit-edges,0.0021087762996792048,0.39265173848856605,0.6945929939807732,2545,2600,0.9802307257169508,False
correlated-propagation,unreachableblockelim,0.0015540220467668564,0.28372740188393697,0.7766311034018214,2486,2504,0.9819797179926498,False
mem2reg,sroa,0.00475975570859255,1.2825526922624435,0.1997086134865653,2455,2522,0.9004139838184037,False
mem2reg,instsimplify,0.004411746163458796,1.1588593034598875,0.24656946370248145,2459,2511,0.923462493379908,False
mem2reg,constmerge,0.002688607386051922,0.6884613145798456,0.49119385697548246,2545,2528,0.959250210099802,False
mem2reg,function-attrs,0.00811069271544318,1.8951684085994003,0.058129466060396255,2523,2448,0.754611189830786,False
mem2reg,deadargelim,-0.005520734593447818,-1.3646008976008257,0.17244021393873799,2540,2440,0.8936246540017126,False
mem2reg,globaldce,0.00400472433196386,1.0439101548616398,0.29657793379782493,2488,2467,0.9261097314091098,False
mem2reg,elim-avail-extern,-0.006518798767739753,-1.73568931174802,0.0826805112285655,2505,2518,0.7968989516182841,False
mem2reg,mergefunc,0.0003948090165530327,0.09507832427861922,0.9242564019504116,2590,2444,0.9897292090133071,False
mem2reg,instcombine,0.006225263762336897,1.6907562392614657,0.09094592620202191,2490,2497,0.7987384440285578,False
mem2reg,simplifycfg,0.0011920565686652784,0.288563785161466,0.7729271656048318,2452,2562,0.9819797179926498,False
mem2reg,tailcallelim,-0.0007354881373333733,-0.19097629405806463,0.8485520277367017,2465,2473,0.9870002285963028,False
mem2reg,reassociate,0.00411626087035738,1.0808889072586794,0.27979780202720206,2530,2560,0.9261097314091098,False
mem2reg,memcpyopt,-0.003152245987190272,-0.809314474133345,0.4183723823016386,2617,2441,0.938921317022563,False
mem2reg,sccp,-0.004340375892992132,-1.1015825275375102,0.27069700561955345,2495,2583,0.9261097314091098,False
mem2reg,dce,0.003784356505584674,0.9576798884941087,0.3382698272305247,2565,2549,0.9362139119162718,False
mem2reg,adce,0.0025735562038471382,0.6600584405548799,0.5092474247588902,2472,2439,0.9617601825968374,False
mem2reg,dse,-0.00619461643282998,-1.5214165133813915,0.12821966674108204,2485,2436,0.842321966054791,False
mem2reg,jump-threading,0.0025494340847815877,0.6859214623136861,0.4927949806340832,2391,2542,0.959250210099802,False
mem2reg,loop-idiom,-0.00048353624299513065,-0.1256196640315832,0.9000379847512399,2466,2617,0.9887259997126645,False
mem2reg,loop-deletion,-0.003723089743409458,-0.9894689299755645,0.32248157923873,2453,2615,0.9342495346719147,False
mem2reg,gvn,0.011556304666135886,3.1255134418014148,0.0017850400566793642,2557,2489,0.17049309419405828,False
mem2reg,gvn-hoist,0.0007758440775064712,0.1947676538897842,0.8455829547695138,2443,2478,0.9863875039849319,False
mem2reg,gvn-sink,0.0014466444450747518,0.37758846018653613,0.705752375438893,2498,2505,0.9802307257169508,False
mem2reg,newgvn,0.001376428117894568,0.3592500848299978,0.7194231931861067,2490,2510,0.9819797179926498,False
mem2reg,early-cse,0.003545738691908551,0.9290760273529047,0.3528956213427311,2398,2489,0.9362139119162718,False
mem2reg,mergereturn,-0.004188235272221952,-1.0870486339052088,0.2770673664821641,2577,2459,0.9261097314091098,False
mem2reg,globalopt,-0.0007659068724353846,-0.19146884055076416,0.8481660768276481,2486,2517,0.9870002285963028,False
mem2reg,strip-dead-prototypes,0.0033269976507771526,0.8357314820618671,0.40334583134067004,2479,2534,0.938921317022563,False
mem2reg,indvars,0.0048634408377937755,1.2904778965988277,0.19694445765466165,2488,2528,0.9004139838184037,False
mem2reg,mergeicmps,0.003209959623460934,0.8204452655976017,0.4120010059145032,2499,2570,0.938921317022563,False
mem2reg,separate-const-offset-from-gep,0.0027969902544214276,0.7810071384132472,0.43483609554945296,2412,2481,0.951072365565869,False
mem2reg,libcalls-shrinkwrap,-0.0009303907889882113,-0.22714289794343281,0.8203218795574165,2468,2553,0.9862005430341109,False
mem2reg,flattencfg,0.00024965506582835806,0.05936497588848976,0.9526637807699183,2445,2563,0.9931662807812082,False
mem2reg,loop-reduce,-0.009366347481440662,-2.3327361647584515,0.01970097653081734,2529,2545,0.5918038420417597,False
mem2reg,loop-unroll,-0.007040470484495631,-1.7153860280084892,0.08633614658722885,2494,2535,0.7987384440285578,False
mem2reg,loop-rotate,0.010509112828234413,2.1239502041947658,0.03372551199819245,2484,2429,0.6570602238055803,False
mem2reg,partial-inliner,-0.0006783963867555975,-0.17036013168042866,0.864733925049337,2507,2501,0.9871386789273737,False
mem2reg,lower-expect,0.004738600622748224,1.1347880220124809,0.25651983845454973,2463,2449,0.9237088064321658,False
mem2reg,alignment-from-assumptions,0.005105546184791809,1.2498692323465368,0.21140749058085093,2507,2461,0.9053769260213016,False
mem2reg,rpo-function-attrs,0.002182585877613441,0.5276580386612229,0.5977606828809169,2442,2455,0.9663854998208667,False
mem2reg,attributor,0.011394896227806595,2.863372164824715,0.004209303303676478,2458,2465,0.27938358876605235,False
mem2reg,inferattrs,-0.0066835445426811635,-1.6119730152446772,0.1070312500716031,2527,2456,0.8039373143348778,False
mem2reg,called-value-propagation,-0.005166380899335521,-1.3670625087226693,0.17166713257356442,2535,2486,0.8936246540017126,False
mem2reg,licm,0.02131150219820116,5.2668847114690625,1.4456217119763683e-07,2482,2542,3.330032131823211e-05,True
mem2reg,loop-simplify,-0.0013372920637482744,-0.3465217087199122,0.7289651966856409,2509,2515,0.9819797179926498,False
mem2reg,div-rem-pairs,0.008001776593698384,2.0082413062426356,0.044671889100031184,2526,2533,0.7074877497496624,False
mem2reg,float2int,-0.005720083963787592,-1.433462084387254,0.1517871680037814,2586,2516,0.8867721906400083,False
mem2reg,inline,-0.0002673013581132033,-0.06695598576366302,0.9466193498783367,2589,2551,0.993162990687176,False
mem2reg,sink,-0.0031813497071663255,-0.8410473716963888,0.4003610787341358,2597,2486,0.938921317022563,False
mem2reg,loop-vectorize,-0.09050664178019835,-17.47869716949065,2.38725762488491e-66,2587,2532,9.348500859049308e-63,True
mem2reg,slp-vectorizer,-0.0018323689024478118,-0.4830203241812132,0.629102826209284,2495,2426,0.9663854998208667,False
mem2reg,callsite-splitting,0.004795319671890563,1.166970957847981,0.24327761088464783,2486,2549,0.923462493379908,False
mem2reg,dfa-jump-threading,-0.005610222516033603,-1.4174904116457872,0.15640265093134287,2391,2552,0.8871198774506207,False
mem2reg,consthoist,-0.006195048326704755,-1.6353983246012782,0.10202988482589084,2424,2477,0.8039373143348778,False
mem2reg,mldst-motion,0.0037897798298775487,0.968195159473373,0.332992661315932,2613,2543,0.9362139119162718,False
mem2reg,slsr,-0.0001747084258325038,-0.04288163532665538,0.9657975990930204,2539,2467,0.9932346158623248,False
mem2reg,loop-interchange,0.0017420307359858889,0.46660166078184107,0.6408053386759336,2418,2557,0.9663854998208667,False
mem2reg,loop-fusion,0.008802758091935259,2.168040391988039,0.030202419208998015,2523,2507,0.6358844367825872,False
mem2reg,loop-distribute,-0.006009937732048831,-1.4376050769216429,0.15060965053113168,2521,2420,0.8841019812609446,False
mem2reg,loop-load-elim,-0.0016363281935426466,-0.442470679564926,0.6581676760291407,2543,2487,0.9719891968069564,False
mem2reg,loop-sink,-0.0038431717963047785,-0.980123425441167,0.32707146410831867,2562,2567,0.9342495346719147,False
mem2reg,loop-unroll-and-jam,0.00256821278275976,0.6445118218954048,0.5192728420437998,2513,2552,0.9631045171917473,False
mem2reg,hotcoldsplit,0.0028766553157998365,0.721967203281365,0.4703485724287153,2513,2466,0.9576122218629731,False
mem2reg,irce,-0.002408848488191284,-0.6160210853171397,0.5379092462768966,2510,2409,0.9656120029518516,False
mem2reg,nary-reassociate,0.0016406880715194028,0.4194010100609173,0.6749411650006876,2580,2416,0.9754681153759602,False
mem2reg,scalarizer,-0.002372401354105491,-0.593996482223907,0.5525412019139608,2565,2463,0.9656120029518516,False
mem2reg,vector-combine,0.0013704856856283087,0.3271662766795393,0.7435562215649831,2428,2473,0.9819797179926498,False
mem2reg,always-inline,0.0034261813134666697,0.8198517603658985,0.4123418905152141,2467,2440,0.938921317022563,False
mem2reg,globalsplit,-0.00042231549247140343,-0.10780086119342548,0.9141580192098288,2479,2504,0.9897292090133071,False
mem2reg,lowerswitch,-0.0027872775647916903,-0.6693272199730509,0.5033180619846861,2448,2509,0.9612272139298115,False
mem2reg,early-cse-memssa,-0.0027616586452473,-0.7587350758902127,0.44804665893110823,2582,2462,0.9552825814584794,False
mem2reg,simple-loop-unswitch,0.0027239989047244118,0.6667380540722041,0.5049705567818003,2425,2525,0.9617601825968374,False
mem2reg,loop-versioning,-0.00012319899994350791,-0.02744485913352239,0.9781060375108256,2506,2498,0.9946962299724714,False
mem2reg,loop-flatten,0.009109822016129088,2.4231673912361695,0.01542126640141824,2488,2501,0.5245017787144132,False
mem2reg,loop-reroll,0.00511297146237738,1.3471833590340059,0.17798294746025997,2453,2493,0.8936246540017126,False
mem2reg,loop-instsimplify,0.00047039766667394955,0.1270268035581898,0.8989241921447733,2651,2461,0.9887259997126645,False
mem2reg,loop-simplifycfg,-4.674794578241048e-05,-0.011873576951683522,0.9905269577303587,2492,2482,0.9965270751411184,False
mem2reg,loop-predication,-0.0005329145936991408,-0.13414151594170512,0.8932960261365123,2563,2501,0.9878981187095685,False
mem2reg,speculative-execution,-0.00021510408987307494,-0.05373337213621955,0.9571497415035745,2434,2569,0.9932346158623248,False
mem2reg,partially-inline-libcalls,-0.003925829132003289,-0.9619665497433567,0.33611323474194665,2487,2520,0.9362139119162718,False
mem2reg,load-store-vectorizer,-0.0018522417397527358,-0.49862136617757674,0.6180672617256598,2554,2691,0.9663854998208667,False
mem2reg,iroutliner,0.016055478511538934,4.151228914820623,3.360773541349581e-05,2557,2557,0.005658414076385139,True
mem2reg,global-merge,0.0011224373511900532,0.28778014710131233,0.7735269625915991,2477,2549,0.9819797179926498,False
mem2reg,break-crit-edges,0.002971922782456504,0.7451064464944406,0.45624233862208335,2496,2519,0.9574732036677805,False
mem2reg,unreachableblockelim,-9.675986353230304e-05,-0.025040977623132954,0.980023282581389,2482,2512,0.9946962299724714,False
sroa,instsimplify,-0.004628489202202213,-1.2176429901891883,0.22341779870646092,2474,2472,0.9215325402308183,False
sroa,constmerge,-0.0014373815598325845,-0.363881684490486,0.7159618240557009,2509,2477,0.9819797179926498,False
sroa,function-attrs,0.0001547359899007894,0.04062786475508232,0.9675942294295703,2513,2412,0.9932346158623248,False
sroa,deadargelim,-0.003359068645865937,-0.9081082056708665,0.363865322496082,2454,2493,0.9362139119162718,False
sroa,globaldce,0.002849651946439935,0.7549100305701563,0.45033894307058253,2522,2427,0.9558625890978588,False
sroa,elim-avail-extern,-0.005247652466947472,-1.4840521716480348,0.13785751527567558,2550,2502,0.8688528143101889,False
sroa,mergefunc,0.0013711849905195805,0.35121253178571704,0.7254437977470676,2477,2497,0.9819797179926498,False
sroa,instcombine,0.004606411218278927,1.2496675812856919,0.21147955663807858,2578,2427,0.9053769260213016,False
sroa,simplifycfg,0.006094945398476548,1.4760844945676903,0.13998528283372005,2516,2407,0.8688528143101889,False
sroa,tailcallelim,-0.005967666802219163,-1.6275673197948075,0.10367798948332708,2589,2561,0.8039373143348778,False
sroa,reassociate,0.005272210586095838,1.3662155034865568,0.171933605115507,2506,2482,0.8936246540017126,False
sroa,memcpyopt,0.0057875373838074395,1.4449834378966162,0.14852510344320455,2498,2529,0.8825861989128816,False
sroa,sccp,-0.0026415698610384175,-0.7090643839497176,0.47831703420939103,2582,2506,0.9576122218629731,False
sroa,dce,0.0047087358759467235,1.2916486094264612,0.19653792700548578,2569,2520,0.9004139838184037,False
sroa,adce,0.005981801810469367,1.5330987809698178,0.1253136180169917,2559,2537,0.8389655755993107,False
sroa,dse,0.004328783157140748,1.0830079220357773,0.2788570638328576,2481,2530,0.9261097314091098,False
sroa,jump-threading,0.0032936706499430146,0.9110409326010359,0.3623172090886297,2529,2534,0.9362139119162718,False
sroa,loop-idiom,-0.003066672203389964,-0.7912695000357407,0.42882420924004927,2512,2507,0.9476724624063392,False
sroa,loop-deletion,0.0019004847277531711,0.4754535415888419,0.6344849235590334,2467,2472,0.9663854998208667,False
sroa,gvn,0.0158105289537131,4.305985527796694,1.693991631847999e-05,2540,2516,0.0031588910620556025,True
sroa,gvn-hoist,-0.0021963544664221346,-0.5699678479671516,0.5687249907517872,2550,2499,0.9656120029518516,False
sroa,gvn-sink,0.0028788667322506845,0.7152002846001211,0.474518610812151,2578,2437,0.9576122218629731,False
sroa,newgvn,0.00612146489414972,1.5188749328408446,0.12885751562161218,2433,2546,0.8424140754160823,False
sroa,early-cse,0.010563037981943801,2.8650842348506522,0.004187029468617159,2443,2475,0.27938358876605235,False
sroa,mergereturn,-0.00147762375409638,-0.386344082068136,0.6992583291055317,2500,2525,0.9802307257169508,False
sroa,globalopt,-0.0001094851900324545,-0.027150933475057697,0.978340435018627,2519,2480,0.9946962299724714,False
sroa,strip-dead-prototypes,0.00020128115375928068,0.051135606257455356,0.9592194770746374,2531,2560,0.9932346158623248,False
sroa,indvars,0.0010061140445508099,0.2609165805967108,0.7941673736868464,2535,2567,0.9819797179926498,False
sroa,mergeicmps,0.003454604154599361,0.8708027075547521,0.38390358319701695,2516,2538,0.9372979316317167,False
sroa,separate-const-offset-from-gep,0.004377036948964519,1.1128655107771264,0.2658190156818168,2511,2563,0.9261097314091098,False
sroa,libcalls-shrinkwrap,-0.0020941891592058948,-0.5513099157422553,0.5814451746571104,2608,2543,0.9663854998208667,False
sroa,flattencfg,-0.0006510821934602173,-0.15481185633203678,0.8769757975969921,2553,2540,0.9878311966791359,False
sroa,loop-reduce,-0.01205230379079092,-3.195264358445172,0.0014057138275758061,2491,2525,0.14114808586632965,False
sroa,loop-unroll,-0.00637198860484417,-1.5071618016596724,0.1318327477774108,2553,2473,0.8533174219774227,False
sroa,loop-rotate,-0.0021791924225788573,-0.47724447805947784,0.633208661598165,2555,2547,0.9663854998208667,False
sroa,partial-inliner,0.00665192905504991,1.6659244213494278,0.09579192094603624,2491,2503,0.7990395200215817,False
sroa,lower-expect,0.002981511906602674,0.7826806128620487,0.43385153062599546,2510,2533,0.950734523744487,False
sroa,alignment-from-assumptions,-0.0015226731523546033,-0.4268874246531706,0.669479704249576,2484,2570,0.975141818497267,False
sroa,rpo-function-attrs,-0.0018556894303521365,-0.48270484769984423,0.6293263360906343,2535,2523,0.9663854998208667,False
sroa,attributor,0.006714608595194238,1.8115507646998699,0.07011473074509415,2557,2520,0.7648169515258737,False
sroa,inferattrs,-0.003469103809336571,-0.8991602871386235,0.3686103822895552,2536,2492,0.9362139119162718,False
sroa,called-value-propagation,0.0009377329739016504,0.2383295556173493,0.8116351356436817,2498,2573,0.9858456523643213,False
sroa,licm,0.01711441352947113,4.286650799176692,1.8484020427309415e-05,2528,2484,0.003290155636061076,True
sroa,loop-simplify,0.005055968316886206,1.2748555708307276,0.20241826098459584,2543,2577,0.9019279317717096,False
sroa,div-rem-pairs,0.0005204786656975435,0.13098323606625006,0.8957939120170694,2481,2464,0.9881490026644629,False
sroa,float2int,0.001485373535784984,0.395048408595533,0.6928236221379416,2592,2538,0.9802307257169508,False
sroa,inline,0.0012929901066749405,0.35438272676699245,0.7230670934617149,2537,2466,0.9819797179926498,False
sroa,sink,-0.0035450916339279104,-0.8812590603638284,0.37822030705163395,2526,2438,0.9372979316317167,False
sroa,loop-vectorize,-0.08139116317260425,-15.743255089509452,1.813677813481387e-54,2538,2537,3.5511811587965555e-51,True
sroa,slp-vectorizer,0.003478310446487609,0.9008593156903321,0.3677072352278005,2417,2517,0.9362139119162718,False
sroa,callsite-splitting,-0.008323959972835193,-2.288835163074984,0.02213064292737787,2477,2576,0.5918038420417597,False
sroa,dfa-jump-threading,-0.0033495720427830222,-0.8494198270911455,0.39568860648822557,2504,2506,0.9387788987599427,False
sroa,consthoist,-0.0024817945250109608,-0.6525339426254172,0.5140865860984184,2517,2519,0.9617601825968374,False
sroa,mldst-motion,0.001931209706176662,0.5002617957798207,0.6169132671892128,2388,2505,0.9663854998208667,False
sroa,slsr,0.002126724218046272,0.5312420413884023,0.5952748820507513,2511,2472,0.9663854998208667,False
sroa,loop-interchange,0.009177843820026954,2.3038826179207734,0.02127036742909183,2530,2556,0.5918038420417597,False
sroa,loop-fusion,0.0006654040787431592,0.17778716798875782,0.858897450274726,2521,2440,0.9870002285963028,False
sroa,loop-distribute,0.00365170714291968,0.9762034064304093,0.3290101689589889,2487,2594,0.9351374916539339,False
sroa,loop-load-elim,-0.0025792328486633487,-0.6923219756473101,0.48876666850638995,2523,2592,0.959250210099802,False
sroa,loop-sink,-0.004038242455705832,-1.0935509932606748,0.2742040379132663,2547,2543,0.9261097314091098,False
sroa,loop-unroll-and-jam,0.0005743346166315888,0.14429130506329868,0.8852762951275176,2489,2492,0.9878981187095685,False
sroa,hotcoldsplit,0.006430695562900213,1.6931684210402176,0.09048518093692356,2547,2538,0.7987384440285578,False
sroa,irce,-0.0020853655659282544,-0.5222436390089915,0.6015239729116649,2492,2482,0.9663854998208667,False
sroa,nary-reassociate,0.0011150055284111504,0.2968533266824252,0.7665908386772685,2477,2542,0.9819797179926498,False
sroa,scalarizer,-0.006221024027293354,-1.5901720767385439,0.11185923392738455,2509,2506,0.807667048880857,False
sroa,vector-combine,-0.005328020846021797,-1.3894297971756417,0.16476449868981272,2488,2585,0.8886940441949083,False
sroa,always-inline,0.0010621598600062399,0.267332742340513,0.7892240050913437,2556,2488,0.9819797179926498,False
sroa,globalsplit,0.0010567575514626726,0.2622478541106426,0.7931412502762847,2500,2469,0.9819797179926498,False
sroa,lowerswitch,0.0020037113105702,0.5224713057894023,0.6013650128893095,2508,2579,0.9663854998208667,False
sroa,early-cse-memssa,0.005418505449763689,1.417291753806516,0.1564596236492506,2555,2527,0.8871198774506207,False
sroa,simple-loop-unswitch,0.006255992798465171,1.5633501758013915,0.11803600904460547,2490,2458,0.8239376317623441,False
sroa,loop-versioning,0.003719993236357133,0.9136582385921568,0.36094110935641227,2502,2485,0.9362139119162718,False
sroa,loop-flatten,-0.009595286556391858,-2.5392407936723456,0.011139585922125599,2490,2490,0.4741588964243896,False
sroa,loop-reroll,0.0038351812412019126,0.9776888857794912,0.32827562811760846,2437,2558,0.9342495346719147,False
sroa,loop-instsimplify,0.0013105066607800864,0.34886258599269543,0.7272070496355997,2548,2494,0.9819797179926498,False
sroa,loop-simplifycfg,0.0032156041932919766,0.7992156559592165,0.42420253087251375,2546,2586,0.9436255038718171,False
sroa,loop-predication,-0.004170794659011767,-1.1177878927989928,0.263710250121473,2601,2502,0.9261097314091098,False
sroa,speculative-execution,-0.000822213456500076,-0.2052500890387471,0.8373851195304587,2525,2538,0.9862005430341109,False
sroa,partially-inline-libcalls,-0.0018902895804267517,-0.4663575304567212,0.6409806784575662,2361,2472,0.9663854998208667,False
sroa,load-store-vectorizer,0.0010588841208766242,0.3004132258723278,0.7638744053980022,2463,2566,0.9819797179926498,False
sroa,iroutliner,0.008565119739229854,2.3225715458823375,0.02024192055672536,2536,2494,0.5918038420417597,False
sroa,global-merge,-0.0011503859071674283,-0.3069683526722273,0.7588801824692891,2523,2518,0.9819797179926498,False
sroa,break-crit-edges,-0.0003973913744300672,-0.10143510685095569,0.9192090943910777,2553,2518,0.9897292090133071,False
sroa,unreachableblockelim,-0.0029396126040506787,-0.7495788676029138,0.4535434805749835,2465,2566,0.9567344566921194,False
instsimplify,constmerge,0.0023190133301267957,0.43705705096652286,0.6620887807607322,2461,2559,0.9735795094503719,False
instsimplify,function-attrs,-0.006217067813855615,-1.1656617312427977,0.24380801440827193,2429,2478,0.923462493379908,False
instsimplify,deadargelim,-0.0038761553477094646,-0.7257592653033476,0.46802018879595353,2552,2471,0.9576122218629731,False
instsimplify,globaldce,0.00025493214630240013,0.04801751495941617,0.9617042161776878,2466,2503,0.9932346158623248,False
instsimplify,elim-avail-extern,-0.0016857769171703119,-0.3170107876659267,0.7512487096629442,2459,2532,0.9819797179926498,False
instsimplify,mergefunc,-0.0014325115730695615,-0.27125018027227726,0.7862096462057683,2518,2566,0.9819797179926498,False
instsimplify,instcombine,0.00048189320442948436,0.10514928421283924,0.9162615067691049,2528,2551,0.9897292090133071,False
instsimplify,simplifycfg,-0.005637906657086356,-1.0461308289704714,0.2955519709368084,2448,2495,0.9261097314091098,False
instsimplify,tailcallelim,-0.0017017335449050486,-0.3159696243587779,0.7520385317881112,2541,2562,0.9819797179926498,False
instsimplify,reassociate,0.0023100890078087133,0.42725242739862407,0.6692135176877199,2532,2603,0.975141818497267,False
instsimplify,memcpyopt,0.0036338431497836,0.6879992445075637,0.4914852283714643,2489,2505,0.959250210099802,False
instsimplify,sccp,6.0753383076539436e-06,0.0011393026374710525,0.9990910142830293,2455,2510,0.9995970164827606,False
instsimplify,dce,-0.004805655529933284,-0.9024652742436959,0.36685385420547945,2484,2449,0.9362139119162718,False
instsimplify,adce,-0.002302660880724672,-0.4342928177152319,0.6640945710134751,2446,2562,0.9743703035177103,False
instsimplify,dse,-0.0009334047759910757,-0.1846256074377776,0.853530261733106,2503,2452,0.9870002285963028,False
instsimplify,jump-threading,0.006090906660719486,1.1257002900925077,0.2603474536304275,2466,2471,0.9261097314091098,False
instsimplify,loop-idiom,-0.004668070396025403,-0.8801052392915176,0.3788458264069068,2418,2447,0.9372979316317167,False
instsimplify,loop-deletion,-0.0009548497077303542,-0.1751818482531384,0.8609440113453611,2443,2443,0.9870002285963028,False
instsimplify,gvn,0.0024015182102373744,0.5523462511953829,0.5807356410647239,2485,2557,0.9663854998208667,False
instsimplify,gvn-hoist,-0.001063232771785494,-0.20655764796281595,0.8363636503354893,2593,2478,0.9862005430341109,False
instsimplify,gvn-sink,0.0070055154004813325,1.3169366029591065,0.18792043534694705,2443,2558,0.8946881968616551,False
instsimplify,newgvn,0.005771717260473208,1.3979441536171306,0.16219140854405842,2514,2525,0.8886940441949083,False
instsimplify,early-cse,0.0018560982571375617,0.37453442076003046,0.7080225615431254,2575,2456,0.9802307257169508,False
instsimplify,mergereturn,0.0006094452765307845,0.11951407966196317,0.9048727188386235,2600,2594,0.9889544369739047,False
instsimplify,globalopt,0.003327069638409841,0.622922836972786,0.5333637316820148,2504,2483,0.9656120029518516,False
instsimplify,strip-dead-prototypes,0.0014203233754715994,0.2658013357741849,0.790403096452506,2507,2535,0.9819797179926498,False
instsimplify,indvars,-0.002504124617882242,-0.473448539865856,0.6359136279731576,2504,2562,0.9663854998208667,False
instsimplify,mergeicmps,-0.01023863131675018,-1.9582687931039378,0.05025446303331905,2470,2491,0.7430880624106468,False
instsimplify,separate-const-offset-from-gep,-0.00780286255509538,-1.495156134585294,0.13493612733049923,2556,2501,0.8616048697836367,False
instsimplify,libcalls-shrinkwrap,-0.007588950815701712,-1.4512658470670907,0.14676769767941755,2501,2602,0.8825861989128816,False
instsimplify,flattencfg,0.0007663591284767235,0.1406382322677643,0.8881614710158219,2447,2501,0.9878981187095685,False
instsimplify,loop-reduce,0.0030388523943840062,0.5663693872267577,0.5711680898982942,2478,2530,0.9656120029518516,False
instsimplify,loop-unroll,-0.004267336126353438,-0.7620066291685276,0.44609270449792393,2433,2473,0.9546098137512568,False
instsimplify,loop-rotate,0.0028173941953995585,0.4967933959830357,0.619356452477052,2571,2473,0.9663854998208667,False
instsimplify,partial-inliner,0.0017174235685483152,0.3229134500784125,0.7467740355315527,2539,2564,0.9819797179926498,False
instsimplify,lower-expect,0.004759630779271051,0.8722306274213996,0.38312451431624844,2516,2490,0.9372979316317167,False
instsimplify,alignment-from-assumptions,0.0022554373940802397,0.419156054019396,0.6751197425688616,2533,2572,0.9754681153759602,False
instsimplify,rpo-function-attrs,0.006211232576138981,1.1657620241369777,0.24376683182896083,2455,2505,0.923462493379908,False
instsimplify,attributor,-0.009378470382498283,-1.9306102835816132,0.05358750559707599,2509,2523,0.754611189830786,False
instsimplify,inferattrs,-0.0011733964861152524,-0.2221182992955232,0.8242307221097115,2526,2560,0.9862005430341109,False
instsimplify,called-value-propagation,0.005090656740064259,0.9601795457377107,0.3370113870580383,2508,2487,0.9362139119162718,False
instsimplify,licm,-0.00958256656507911,-1.6517602296841907,0.09864571096259485,2546,2498,0.7990395200215817,False
instsimplify,loop-simplify,-0.002015576130467156,-0.37434778258294044,0.7081612177379245,2494,2588,0.9802307257169508,False
instsimplify,div-rem-pairs,-0.01329765717354836,-2.482096265143004,0.013093983214529857,2513,2471,0.4930388295009512,False
instsimplify,float2int,0.0033743657245425274,0.6161352446500624,0.5378341274197047,2438,2435,0.9656120029518516,False
instsimplify,inline,0.0034245156747726435,0.6533659067143122,0.5135501582465171,2524,2528,0.9617601825968374,False
instsimplify,sink,0.002931323351059667,0.5627233008350228,0.5736485005246098,2576,2451,0.9656687685775414,False
instsimplify,loop-vectorize,-0.009719855119626641,-1.7113716151534901,0.08707464177405261,2543,2453,0.7987384440285578,False
instsimplify,slp-vectorizer,0.002867486903830485,0.5428324220628788,0.5872692100260838,2555,2510,0.9663854998208667,False
instsimplify,callsite-splitting,-0.010217441727796595,-1.979085831962587,0.04785915730791223,2619,2570,0.7236156757443409,False
instsimplify,dfa-jump-threading,-0.0004510672710592023,-0.08402328544494543,0.933041345085305,2495,2416,0.9901925823858527,False
instsimplify,consthoist,-0.00017532122822611074,-0.03300780993954279,0.9736696820529596,2540,2451,0.9932346158623248,False
instsimplify,mldst-motion,0.002160583359514412,0.4051995006979297,0.6853478828277186,2504,2599,0.9784259238619564,False
instsimplify,slsr,-0.0058496064316190255,-1.0935689030373428,0.2741973483501108,2575,2421,0.9261097314091098,False
instsimplify,loop-interchange,0.0024591858286846513,0.46723472764466534,0.6403520585104903,2556,2516,0.9663854998208667,False
instsimplify,loop-fusion,0.00870624325229058,1.6439794344479863,0.10024258677309786,2548,2526,0.7990395200215817,False
instsimplify,loop-distribute,-0.006111884277442081,-1.167597592296522,0.2430265123361343,2470,2384,0.923462493379908,False
instsimplify,loop-load-elim,-0.00016276037107526564,-0.030505653491767034,0.9756650284872658,2535,2398,0.9936812097675248,False
instsimplify,loop-sink,-0.007031307639301765,-1.3537185136376293,0.17588638098996,2496,2626,0.8936246540017126,False
instsimplify,loop-unroll-and-jam,-0.0035346101576254063,-0.6405091464284116,0.5218711205652402,2481,2505,0.9646233324036004,False
instsimplify,hotcoldsplit,0.0028026423584998073,0.5245695568842398,0.5999060496655884,2476,2457,0.9663854998208667,False
instsimplify,irce,-0.006217517186749455,-1.1470322138576987,0.25142425488918296,2429,2488,0.923462493379908,False
instsimplify,nary-reassociate,0.0032472781395957995,0.6065217896950914,0.5441960597871218,2443,2522,0.9656120029518516,False
instsimplify,scalarizer,-0.0044650848061394965,-0.8010313831555478,0.4231508347048643,2573,2524,0.9436255038718171,False
instsimplify,vector-combine,0.004144944978700937,0.7854166660517037,0.43224667251793747,2510,2473,0.9498754038048502,False
instsimplify,always-inline,-0.00018085531472417093,-0.0343454601491929,0.9726030496854108,2503,2486,0.9932346158623248,False
instsimplify,globalsplit,-0.0037862454951589353,-0.7102214953933954,0.47759885169004895,2576,2597,0.9576122218629731,False
instsimplify,lowerswitch,8.902803843813256e-05,0.016545895444018934,0.9867995518771178,2481,2496,0.9951603379292009,False
instsimplify,early-cse-memssa,-0.006978744941714354,-1.5765125825998836,0.11497118705032265,2495,2493,0.8163164686847882,False
instsimplify,simple-loop-unswitch,0.004492813723237343,0.8378676769993809,0.40214594303345663,2484,2420,0.938921317022563,False
instsimplify,loop-versioning,0.009205178167855987,1.5965266475955542,0.1104335764824907,2523,2555,0.807667048880857,False
instsimplify,loop-flatten,0.0019662015348655415,0.356311086797696,0.7216228618049738,2418,2534,0.9819797179926498,False
instsimplify,loop-reroll,0.0028847511164445394,0.532356885197808,0.5945029860389794,2447,2457,0.9663854998208667,False
instsimplify,loop-instsimplify,-0.011114852544087117,-2.107740395169777,0.035102626795828276,2546,2537,0.6621645967994382,False
instsimplify,loop-simplifycfg,0.0001028367033519828,0.019436061066925005,0.984494012843159,2559,2509,0.9951603379292009,False
instsimplify,loop-predication,0.0028155925629274603,0.5101977377526942,0.609935800689404,2601,2411,0.9663854998208667,False
instsimplify,speculative-execution,-0.007934832969830496,-1.4604119574298047,0.14423997146604345,2444,2549,0.8811890442954267,False
instsimplify,partially-inline-libcalls,0.0008909619578096883,0.16553158869558662,0.8685320834561556,2576,2578,0.9878311966791359,False
instsimplify,load-store-vectorizer,-0.008361504629750438,-1.5924803632704008,0.11133959738969107,2550,2487,0.807667048880857,False
instsimplify,iroutliner,-0.0009910857344441748,-0.19201962633511005,0.8477345311389082,2511,2558,0.9870002285963028,False
instsimplify,global-merge,-0.0003320263054236716,-0.06372520272196525,0.9491915195477358,2523,2610,0.9931662807812082,False
instsimplify,break-crit-edges,0.0009623089937736973,0.17322727556185855,0.8624797278273358,2581,2482,0.9870002285963028,False
instsimplify,unreachableblockelim,-0.0014059591424059326,-0.2655011105345257,0.7906342798997438,2534,2532,0.9819797179926498,False
constmerge,function-attrs,0.0026282721697271083,0.49625484419459687,0.6197362010457311,2523,2542,0.9663854998208667,False
constmerge,deadargelim,0.0049141480363220635,0.8938230493285219,0.3714592490939337,2486,2557,0.9372979316317167,False
constmerge,globaldce,-0.0002580160607569826,-0.046380702257553426,0.9630087019436048,2476,2447,0.9932346158623248,False
constmerge,elim-avail-extern,-0.0018942239481547496,-0.34277886672176194,0.7317794513807053,2500,2431,0.9819797179926498,False
constmerge,mergefunc,-0.008658916779478498,-1.5480076969333456,0.12168367271593475,2495,2515,0.8349272963316094,False
constmerge,instcombine,0.00042786411808198865,0.09325890397442455,0.9257015768149688,2560,2517,0.9898271274249525,False
constmerge,simplifycfg,-0.014528753916449533,-2.6402438620444784,0.008310568859159552,2519,2471,0.41471600631524713,False
constmerge,tailcallelim,-0.0030321977672386757,-0.5580776201080812,0.5768160782929735,2532,2529,0.9658039733307087,False
constmerge,reassociate,-0.005263650120748975,-0.991452301620638,0.32151229136011583,2489,2572,0.9342495346719147,False
constmerge,memcpyopt,-0.004280729792325966,-0.7670056984003756,0.44311396291153377,2581,2484,0.9539093340179844,False
constmerge,sccp,-0.0035026986980556396,-0.6514691158022042,0.5147725594287464,2616,2581,0.9617601825968374,False
constmerge,dce,0.004433190753023342,0.8134643165704781,0.4159907028026618,2492,2513,0.938921317022563,False
constmerge,adce,0.003952037161228883,0.7242778661594186,0.4689289055435494,2466,2603,0.9576122218629731,False
constmerge,dse,0.0064418848051296385,1.254011494279856,0.2098957669900417,2494,2580,0.9053769260213016,False
constmerge,jump-threading,-0.0009333632465756136,-0.17056808512343202,0.8645702218777814,2542,2516,0.9871386789273737,False
constmerge,loop-idiom,0.003263464270278682,0.5936123072684085,0.5527981023708617,2526,2513,0.9656120029518516,False
constmerge,loop-deletion,0.0060951246894429545,1.0916842423132664,0.27502445143274035,2512,2499,0.9261097314091098,False
constmerge,gvn,0.0015448528514106497,0.3403820327612158,0.7335829891367803,2597,2465,0.9819797179926498,False
constmerge,gvn-hoist,0.0025401413377985627,0.45708507925032116,0.6476305495732163,2438,2378,0.9679852031025629,False
constmerge,gvn-sink,0.005748882992932525,1.0695185082850376,0.28488715306451756,2565,2496,0.9261097314091098,False
constmerge,newgvn,-0.005550473770966902,-1.3010549905448694,0.19330062556971062,2497,2428,0.9004139838184037,False
constmerge,early-cse,0.0017316234480986847,0.34286781476224126,0.7317122286563911,2501,2538,0.9819797179926498,False
constmerge,mergereturn,-0.004565003600616346,-0.84027584484427,0.4007943895940442,2530,2446,0.938921317022563,False
constmerge,globalopt,0.004848254162790944,0.8801294832526438,0.37883120579251117,2539,2508,0.9372979316317167,False
constmerge,strip-dead-prototypes,0.012211313998507667,2.2740800744565552,0.02300331668562054,2495,2517,0.5975435824083019,False
constmerge,indvars,-0.0021611607313968273,-0.3852597567387317,0.7000612711556837,2472,2565,0.9802307257169508,False
constmerge,mergeicmps,0.0020744339079496465,0.383016113268661,0.701723899435866,2531,2533,0.9802307257169508,False
constmerge,separate-const-offset-from-gep,0.001936744581248484,0.3498539651795329,0.7264633814528125,2408,2480,0.9819797179926498,False
constmerge,libcalls-shrinkwrap,0.0021014916903542846,0.3792750516139474,0.7044996784144795,2492,2527,0.9802307257169508,False
constmerge,flattencfg,0.007164798056405575,1.3140899104999395,0.18887708798949177,2493,2439,0.8946881968616551,False
constmerge,loop-reduce,-5.296972587437443e-05,-0.010043861381573111,0.991986692465102,2507,2513,0.9965270751411184,False
constmerge,loop-unroll,0.0029336192421843266,0.5333195094195989,0.5938363598623297,2479,2482,0.9663854998208667,False
constmerge,loop-rotate,-0.010683335509696301,-1.7568714478674312,0.07900095157935616,2540,2460,0.7922106106127318,False
constmerge,partial-inliner,0.001483514848427181,0.28092653755505503,0.7787782136460196,2499,2571,0.9819797179926498,False
constmerge,lower-expect,-0.0013020137986821112,-0.2403046573261986,0.8101040774110528,2419,2517,0.9858456523643213,False
constmerge,alignment-from-assumptions,-0.0007584331117811982,-0.13974418865817279,0.8888676578388726,2559,2517,0.9878981187095685,False
constmerge,rpo-function-attrs,0.006072441703398435,1.0949837799746365,0.27357516864294523,2590,2540,0.9261097314091098,False
constmerge,attributor,0.004265747269948161,0.8474138360541129,0.3968051998525269,2407,2585,0.9387788987599427,False
constmerge,inferattrs,0.006105876679145694,1.1017784354159177,0.2706117187459287,2509,2452,0.9261097314091098,False
constmerge,called-value-propagation,0.0031892275496125944,0.5750021050454723,0.5653159358009607,2449,2520,0.9656120029518516,False
constmerge,licm,-0.008212723115398612,-1.3671353546780871,0.17164526182112805,2502,2429,0.8936246540017126,False
constmerge,loop-simplify,-0.003866224390870754,-0.7143633342467153,0.47503593002902017,2543,2453,0.9576122218629731,False
constmerge,div-rem-pairs,0.0068996232834770965,1.271928294290578,0.2034586777822273,2591,2405,0.9035781039728346,False
constmerge,float2int,-0.005107401093677522,-0.9409308227130959,0.3467866749886426,2424,2483,0.9362139119162718,False
constmerge,inline,-0.0021830092645907517,-0.4052265576214551,0.6853279502242602,2574,2538,0.9784259238619564,False
constmerge,sink,0.01164427422351677,2.176891994821204,0.029534694044440465,2496,2576,0.6358844367825872,False
constmerge,loop-vectorize,0.00554237600321128,0.918926729873429,0.35817709491907546,2616,2518,0.9362139119162718,False
constmerge,slp-vectorizer,-0.0031124372659273036,-0.5740154798322862,0.5659835124151149,2429,2512,0.9656120029518516,False
constmerge,callsite-splitting,-0.0013328992410399643,-0.2520379141940047,0.8010219364709538,2540,2551,0.9840082239877717,False
constmerge,dfa-jump-threading,0.0020199755466682734,0.38030456348026603,0.703734948905098,2599,2586,0.9802307257169508,False
constmerge,consthoist,-0.001948743745484205,-0.3554912867522846,0.7222363754406192,2552,2516,0.9819797179926498,False
constmerge,mldst-motion,0.002727619539780679,0.5040694722229683,0.614235129710915,2432,2497,0.9663854998208667,False
constmerge,slsr,0.014646894890113171,2.67657473794523,0.0074617776154002865,2493,2593,0.3896042818921003,False
constmerge,loop-interchange,0.0010474430338841545,0.18778175075817027,0.851055269078456,2523,2542,0.9870002285963028,False
constmerge,loop-fusion,-0.0003373003106681982,-0.06156351965269749,0.9509129104363065,2484,2483,0.9931662807812082,False
constmerge,loop-distribute,0.001762414025630099,0.32550151647851744,0.7448150027893814,2576,2487,0.9819797179926498,False
constmerge,loop-load-elim,-0.0031610370939647026,-0.5542698957645056,0.5794193598684159,2486,2452,0.9658039733307087,False
constmerge,loop-sink,0.008735721838147137,1.6194167477913428,0.10541981476430769,2601,2503,0.8039373143348778,False
constmerge,loop-unroll-and-jam,0.002889195786269838,0.534791661513849,0.5928176270907339,2475,2546,0.9663854998208667,False
constmerge,hotcoldsplit,4.8610570868468095e-05,0.008467302998811774,0.9932445024016859,2363,2439,0.9966633640299436,False
constmerge,irce,0.0008200551967726399,0.15116008904340408,0.8798554338043979,2541,2543,0.9878311966791359,False
constmerge,nary-reassociate,-0.009517714912517072,-1.7551066676150167,0.0793019814505084,2507,2532,0.7922106106127318,False
constmerge,scalarizer,-0.0034110387791010943,-0.5865230844889698,0.5575509350409121,2446,2485,0.9656120029518516,False
constmerge,vector-combine,-0.0026444069232746115,-0.4783497737453634,0.6324222106879854,2443,2607,0.9663854998208667,False
constmerge,always-inline,0.0002450312823673584,0.04502311034645009,0.9640906986232072,2433,2542,0.9932346158623248,False
constmerge,globalsplit,-0.001176049225523501,-0.2132123693049279,0.8311701603382169,2401,2544,0.9862005430341109,False
constmerge,lowerswitch,-0.010184089996193468,-1.8532869872863589,0.06390051326543862,2555,2434,0.7569390838893625,False
constmerge,early-cse-memssa,0.003981468430613477,0.9197703286921387,0.35773680524301743,2542,2517,0.9362139119162718,False
constmerge,simple-loop-unswitch,-0.007611001494024494,-1.413155856216135,0.15766992714648417,2639,2550,0.8871198774506207,False
constmerge,loop-versioning,0.002370288380256713,0.41796737126936956,0.6759889159240803,2493,2519,0.9754681153759602,False
constmerge,loop-flatten,-0.0012612559549247115,-0.2357851700623773,0.8136089781357732,2539,2493,0.9862005430341109,False
constmerge,loop-reroll,0.0028293352801102567,0.5261458481696225,0.5988098853558861,2557,2522,0.9663854998208667,False
constmerge,loop-instsimplify,-0.006945852453115631,-1.2717702205355714,0.20351273945455567,2522,2593,0.9035781039728346,False
constmerge,loop-simplifycfg,0.00028147755841489985,0.05256923227620042,0.9580772199612324,2521,2512,0.9932346158623248,False
constmerge,loop-predication,0.00341909899481857,0.6294259082002504,0.5290991979581166,2561,2421,0.9656120029518516,False
constmerge,speculative-execution,-0.005493732472706958,-0.988218932810187,0.32309313239842735,2553,2480,0.9342495346719147,False
constmerge,partially-inline-libcalls,0.0006611071255502865,0.12153297382224042,0.9032737033751653,2539,2547,0.9889544369739047,False
constmerge,load-store-vectorizer,-0.004567014297502725,-0.8595544978765643,0.3900756466219252,2514,2516,0.9387788987599427,False
constmerge,iroutliner,0.009034018145915979,1.7019990953863984,0.0888181703055319,2534,2460,0.7987384440285578,False
constmerge,global-merge,-0.0005739362255102187,-0.10350692266763169,0.9175647317611733,2573,2526,0.9897292090133071,False
constmerge,break-crit-edges,-0.008634373062622436,-1.5657097253787393,0.11747999902499202,2471,2523,0.8239376317623441,False
constmerge,unreachableblockelim,-0.006738015430367228,-1.2401347404943623,0.21498354190542662,2539,2490,0.9053769260213016,False
function-attrs,deadargelim,-0.011361432496636514,-2.0789719399707836,0.03767079380454281,2452,2562,0.6893372254732842,False
function-attrs,globaldce,-0.0013537481454296563,-0.24603602896878526,0.8056642480662289,2580,2520,0.9850081784037941,False
function-attrs,elim-avail-extern,-0.006435359113587502,-1.1280929179623271,0.25933496540029977,2583,2425,0.925757269377916,False
function-attrs,mergefunc,-1.2077907212748595e-05,-0.002180569758227476,0.9982602452888455,2486,2536,0.9995364665178008,False
function-attrs,instcombine,4.7669046940423954e-05,0.010129842350911909,0.9919180908765766,2609,2482,0.9965270751411184,False
function-attrs,simplifycfg,-0.0026136745342608125,-0.46991062389113736,0.6384391856770021,2518,2536,0.9663854998208667,False
function-attrs,tailcallelim,0.003939108410203895,0.7145559514302958,0.4749172212214368,2467,2477,0.9576122218629731,False
function-attrs,reassociate,0.005129218189549367,0.9054127983465952,0.36529118443354375,2421,2513,0.9362139119162718,False
function-attrs,memcpyopt,-0.007469339833645838,-1.3769270060842635,0.16859434002563708,2549,2667,0.8936246540017126,False
function-attrs,sccp,-0.0027167324267660664,-0.4971834590114076,0.6190816289026685,2458,2534,0.9663854998208667,False
function-attrs,dce,-0.0018280803512399912,-0.34599063118074425,0.7293640723999341,2603,2489,0.9819797179926498,False
function-attrs,adce,0.0019090275515184496,0.3481496654444797,0.7277424788231278,2469,2525,0.9819797179926498,False
function-attrs,dse,0.010816316042271179,2.034120255537214,0.04199235798870402,2521,2468,0.6893372254732842,False
function-attrs,jump-threading,-0.006168058638868268,-1.124046316771736,0.26104806637597083,2478,2459,0.9261097314091098,False
function-attrs,loop-idiom,0.0030076469298504493,0.5480767765013079,0.5836634443684382,2434,2637,0.9663854998208667,False
function-attrs,loop-deletion,0.011760818518146032,2.0727738482576625,0.038244893474000306,2547,2479,0.6893372254732842,False
function-attrs,gvn,0.0006619655475575414,0.15212584619703165,0.8790937768741609,2511,2531,0.9878311966791359,False
function-attrs,gvn-hoist,0.005992562206740604,1.121556117365883,0.2621043976898507,2538,2528,0.9261097314091098,False
function-attrs,gvn-sink,-0.0047179779288965,-0.8198511754088391,0.4123407891440253,2469,2440,0.938921317022563,False
function-attrs,newgvn,0.0014260628312951495,0.3377612881857295,0.7355576591235673,2443,2436,0.9819797179926498,False
function-attrs,early-cse,0.005222629946398605,1.0887598925691868,0.27630983465797476,2591,2653,0.9261097314091098,False
function-attrs,mergereturn,-0.004814097318289523,-0.8848208533591563,0.37629663689907483,2449,2458,0.9372979316317167,False
function-attrs,globalopt,-0.011071976591942312,-2.018678392347748,0.043573334286767455,2561,2513,0.6966093743490344,False
function-attrs,strip-dead-prototypes,0.008947913571505317,1.6993823600293567,0.0893072796420704,2608,2573,0.7987384440285578,False
function-attrs,indvars,-0.00046574397747939367,-0.08511775859205732,0.9321711685985119,2452,2583,0.9901925823858527,False
function-attrs,mergeicmps,-0.00474434180320471,-0.84493261096563,0.3981899261594139,2475,2412,0.9387788987599427,False
function-attrs,separate-const-offset-from-gep,0.006399890777262163,1.1864840350902612,0.23548678484231902,2504,2576,0.923462493379908,False
function-attrs,libcalls-shrinkwrap,-0.0029919973648857012,-0.5243918468981366,0.6000298749873931,2429,2448,0.9663854998208667,False
function-attrs,flattencfg,0.0041577150699800836,0.7406162310522378,0.4589608432790654,2479,2541,0.9576122218629731,False
function-attrs,loop-reduce,-0.004648037603664779,-0.8499263138334642,0.3954060631291382,2606,2482,0.9387788987599427,False
function-attrs,loop-unroll,-0.0043152543074922445,-0.7847745390958468,0.43262238025543154,2525,2555,0.9501678301067132,False
function-attrs,loop-rotate,-0.010686776686521182,-1.757550430382493,0.07888441377745706,2573,2496,0.7922106106127318,False
function-attrs,partial-inliner,0.005081202758017156,0.9375092907515258,0.3485416752773813,2500,2533,0.9362139119162718,False
function-attrs,lower-expect,-0.003663476575042235,-0.6685868322700526,0.5037899213820183,2478,2527,0.9614236511364442,False
function-attrs,alignment-from-assumptions,0.004359336210397025,0.8080437484406968,0.4191032489730943,2536,2544,0.938921317022563,False
function-attrs,rpo-function-attrs,0.005548074246911061,1.0092987214612243,0.31288130098423195,2490,2413,0.9261097314091098,False
function-attrs,attributor,0.00880363153661351,1.7260665369957404,0.0843979590972068,2449,2513,0.797365724520007,False
function-attrs,inferattrs,-0.007455706600673073,-1.3604525377656205,0.17374917682939575,2489,2428,0.8936246540017126,False
function-attrs,called-value-propagation,-0.0024015922187881067,-0.43353718982339706,0.6646428788427985,2565,2542,0.9748095556361045,False
function-attrs,licm,0.003352477878020066,0.5645716147686098,0.5723896903374549,2530,2639,0.9656120029518516,False
function-attrs,loop-simplify,0.005219676358603542,0.9498617045957671,0.34222690510362647,2604,2576,0.9362139119162718,False
function-attrs,div-rem-pairs,0.0006316636699491562,0.11540377406296913,0.908129633926544,2515,2584,0.9892171478320853,False
function-attrs,float2int,-0.004431054356617836,-0.8228393513335256,0.4106387037367675,2519,2470,0.938921317022563,False
function-attrs,inline,0.009994510576332272,1.8833989414616155,0.05970378789854123,2501,2549,0.7550862434702712,False
function-attrs,sink,0.002499854244726041,0.4622256037333827,0.6439397516456039,2510,2469,0.9675126877850944,False
function-attrs,loop-vectorize,-0.006996361423569519,-1.1825566138332608,0.23704127392813834,2468,2523,0.923462493379908,False
function-attrs,slp-vectorizer,-0.006460487724299857,-1.2139318372545334,0.22483089197169395,2448,2574,0.9215325402308183,False
function-attrs,callsite-splitting,0.006753092176000619,1.2165872282173917,0.22381871425608457,2506,2499,0.9215325402308183,False
function-attrs,dfa-jump-threading,0.005506837844263923,1.0159355639158223,0.30970936663220855,2525,2463,0.9261097314091098,False
function-attrs,consthoist,-0.0009300985601480849,-0.1728923070985414,0.862743049664235,2474,2548,0.9870002285963028,False
function-attrs,mldst-motion,0.008877399085644055,1.609606786294331,0.10754614226161015,2500,2559,0.8039373143348778,False
function-attrs,slsr,-0.0006374390295973975,-0.11707756277900619,0.9068032958387573,2540,2469,0.9889544369739047,False
function-attrs,loop-interchange,0.0059063461945648155,1.1068053989050506,0.2684312598229791,2491,2522,0.9261097314091098,False
function-attrs,loop-fusion,0.003243627443800634,0.5830143088725802,0.5599101539613002,2473,2493,0.9656120029518516,False
function-attrs,loop-distribute,-0.007343141775327355,-1.3260707724663146,0.18487717049054897,2541,2433,0.8938012341246787,False
function-attrs,loop-load-elim,-0.005101300488094873,-0.9464948953896599,0.343941675119942,2482,2571,0.9362139119162718,False
function-attrs,loop-sink,-0.00013256491994240172,-0.02490321323419412,0.9801331335952841,2504,2624,0.9946962299724714,False
function-attrs,loop-unroll-and-jam,-0.0012313335358080657,-0.22490727898206153,0.8220606214365321,2500,2490,0.9862005430341109,False
function-attrs,hotcoldsplit,0.004905990517718228,0.8877287670125363,0.3747302909506886,2430,2516,0.9372979316317167,False
function-attrs,irce,-0.0034374702653831024,-0.6391589106166087,0.5227488632845307,2509,2514,0.9646233324036004,False
function-attrs,nary-reassociate,-0.0008380043618537725,-0.1489942297050606,0.8815644366281993,2435,2380,0.9878981187095685,False
function-attrs,scalarizer,-0.0018170208155856016,-0.3287125392856165,0.7423869614923676,2483,2452,0.9819797179926498,False
function-attrs,vector-combine,0.012704351909580636,2.256200493718856,0.024100895010971176,2456,2573,0.6091003769661733,False
function-attrs,always-inline,-0.0034551837904185922,-0.6448806332885748,0.5190334773210418,2552,2569,0.9631045171917473,False
function-attrs,globalsplit,0.004591164330438324,0.8352638342683294,0.40360887528309447,2553,2486,0.938921317022563,False
function-attrs,lowerswitch,-0.00025983921780425856,-0.04851139734884902,0.961310590837905,2659,2472,0.9932346158623248,False
function-attrs,early-cse-memssa,0.0007007275706896188,0.1620443210169057,0.8712775671717681,2529,2422,0.9878311966791359,False
function-attrs,simple-loop-unswitch,0.009278528205175884,1.7052506275327197,0.08821099656333432,2569,2391,0.7987384440285578,False
function-attrs,loop-versioning,-0.0034604158508298455,-0.6077548927405562,0.5433775706270636,2480,2537,0.9656120029518516,False
function-attrs,loop-flatten,-0.0038734765782852953,-0.6963136195798426,0.4862644680588272,2495,2565,0.959250210099802,False
function-attrs,loop-reroll,-0.0006550786671312703,-0.12150763258809873,0.9032937482970105,2584,2538,0.9889544369739047,False
function-attrs,loop-instsimplify,5.2083172465744454e-05,0.009309431499584834,0.9925726247489811,2518,2535,0.9966447175684641,False
function-attrs,loop-simplifycfg,0.006003657714007293,1.1011728507188547,0.2708742338913458,2568,2478,0.9261097314091098,False
function-attrs,loop-predication,0.00436788986723613,0.8080753580888441,0.4190848488592712,2549,2559,0.938921317022563,False
function-attrs,speculative-execution,0.00510973566383105,0.918331072318354,0.3584904909782675,2432,2505,0.9362139119162718,False
function-attrs,partially-inline-libcalls,-0.0025803761746543974,-0.46093035099297724,0.6448688196825838,2575,2426,0.9675126877850944,False
function-attrs,load-store-vectorizer,-0.00670091578230253,-1.247263968275705,0.21235919600487446,2503,2496,0.9053769260213016,False
function-attrs,iroutliner,-0.007465225520169538,-1.4163928804218098,0.1567231576916173,2436,2578,0.8871198774506207,False
function-attrs,global-merge,-0.006693917619897349,-1.2309125065584912,0.218414802464114,2447,2444,0.9118468725474097,False
function-attrs,break-crit-edges,0.0038322027883626597,0.7040644663319281,0.48142543104010016,2508,2492,0.9584453421215212,False
function-attrs,unreachableblockelim,-0.004563521274261129,-0.8382147353481012,0.40195042077953136,2550,2444,0.938921317022563,False
deadargelim,globaldce,-0.00570259370542342,-1.035165861700168,0.30064158108154687,2447,2549,0.9261097314091098,False
deadargelim,elim-avail-extern,0.009138201916741362,1.672480341729041,0.09449178452803127,2512,2525,0.7990395200215817,False
deadargelim,mergefunc,-0.006940857795330935,-1.2627291668633756,0.20674552853477446,2485,2509,0.9053769260213016,False
deadargelim,instcombine,0.0006560156125909877,0.14177715904917607,0.8872617276328818,2475,2542,0.9878981187095685,False
deadargelim,simplifycfg,-0.0012562667768361568,-0.22959908551907926,0.8184125696843132,2537,2541,0.9862005430341109,False
deadargelim,tailcallelim,0.003616794320255745,0.686346710391492,0.4925260488341211,2494,2563,0.959250210099802,False
deadargelim,reassociate,0.004551257260121011,0.869021107978337,0.3848764897926601,2593,2522,0.9372979316317167,False
deadargelim,memcpyopt,-0.004363575007568177,-0.8043346050621993,0.42124220505214166,2480,2533,0.9410065459122571,False
deadargelim,sccp,0.004701560893551726,0.860517119654119,0.38954538527088556,2507,2490,0.9387788987599427,False
deadargelim,dce,-0.005222386163430182,-0.9667460724874493,0.3337177740740906,2484,2518,0.9362139119162718,False
deadargelim,adce,0.0014639589668716813,0.26895064354620474,0.7879788899692788,2464,2483,0.9819797179926498,False
deadargelim,dse,-0.0027802553082643677,-0.5330591587949062,0.5940165035847202,2568,2415,0.9663854998208667,False
deadargelim,jump-threading,0.00012261542024294414,0.02236894556953253,0.9821545582240521,2450,2477,0.9946962299724714,False
deadargelim,loop-idiom,-0.0004269999702961047,-0.07766255095040915,0.9380996311798859,2441,2503,0.9908026409910448,False
deadargelim,loop-deletion,0.00023091434659544552,0.04269138661909815,0.9659492080483915,2550,2581,0.9932346158623248,False
deadargelim,gvn,-0.00034990585536742724,-0.07912159911543938,0.9369389546873593,2607,2584,0.9908026409910448,False
deadargelim,gvn-hoist,0.009738378041480478,1.82173520527108,0.06855488123453125,2540,2474,0.7648169515258737,False
deadargelim,gvn-sink,-0.005215989265358045,-0.9325561874561734,0.35109467803154043,2438,2523,0.9362139119162718,False
deadargelim,newgvn,-0.003989129301497807,-0.9274367807171153,0.35374331724507696,2568,2578,0.9362139119162718,False
deadargelim,early-cse,-0.008943585729738857,-1.845280625399685,0.06505529950461318,2495,2552,0.7571751222955714,False
deadargelim,mergereturn,-0.001439052151250786,-0.26211701153472705,0.7932420332637036,2506,2496,0.9819797179926498,False
deadargelim,globalopt,0.004213745294760263,0.7759659447203595,0.43780589068721,2482,2512,0.9521985639861301,False
deadargelim,strip-dead-prototypes,0.007205267120972303,1.3231488781973062,0.18584586533778558,2586,2459,0.8946881968616551,False
deadargelim,indvars,-0.004127400521171498,-0.7498232006130667,0.4533963188493839,2496,2548,0.9567344566921194,False
deadargelim,mergeicmps,-0.012840724323689157,-2.3783324584406036,0.017427519321776077,2630,2512,0.559394800525206,False
deadargelim,separate-const-offset-from-gep,0.004739363254259665,0.8523439673286846,0.39406447585186427,2484,2471,0.9387788987599427,False
deadargelim,libcalls-shrinkwrap,-0.006571709700555595,-1.190661764874838,0.23384336294107172,2445,2518,0.923462493379908,False
deadargelim,flattencfg,0.007051949124741996,1.289008078516824,0.19745492578534848,2563,2441,0.9004139838184037,False
deadargelim,loop-reduce,0.0019580639667025612,0.354304103098533,0.7231259141186528,2487,2527,0.9819797179926498,False
deadargelim,loop-unroll,0.0008306007858604469,0.1454168342826399,0.8843876322430879,2502,2505,0.9878981187095685,False
deadargelim,loop-rotate,0.01718433444207773,2.828394985804045,0.004696814249496105,2515,2515,0.2966568484036572,False
deadargelim,partial-inliner,0.0015821242517329859,0.2950314550419106,0.7679822352177181,2461,2490,0.9819797179926498,False
deadargelim,lower-expect,-0.008048509757847822,-1.4969007448415,0.13448220074784506,2485,2519,0.8616048697836367,False
deadargelim,alignment-from-assumptions,-0.005504248936805567,-1.0207826590223414,0.30740620982180117,2565,2500,0.9261097314091098,False
deadargelim,rpo-function-attrs,-0.011484788910923416,-2.0974479025268193,0.03600447545313474,2533,2437,0.6713977422594078,False
deadargelim,attributor,-0.0016268266040191937,-0.322518765680647,0.7470733820760804,2527,2431,0.9819797179926498,False
deadargelim,inferattrs,-0.0048691873094176,-0.870540558648733,0.38404662490379965,2531,2539,0.9372979316317167,False
deadargelim,called-value-propagation,0.005016902005686774,0.9282305978814673,0.3533331749825249,2458,2503,0.9362139119162718,False
deadargelim,licm,-0.0023204397645179564,-0.39382904623000126,0.6937239054439207,2540,2506,0.9802307257169508,False
deadargelim,loop-simplify,-0.007512964998846239,-1.3817695698109045,0.16710257559751301,2562,2575,0.8923764798977031,False
deadargelim,div-rem-pairs,0.012612044432450509,2.307932412707751,0.021043163250145217,2532,2516,0.5918038420417597,False
deadargelim,float2int,0.0026432917606626916,0.476910024236146,0.6334473244089385,2478,2456,0.9663854998208667,False
deadargelim,inline,0.0018687642821721973,0.3427564914370572,0.7317960443901959,2528,2484,0.9819797179926498,False
deadargelim,sink,-0.005519932006320227,-0.9882682096915265,0.32307165377526,2471,2312,0.9342495346719147,False
deadargelim,loop-vectorize,-0.011176971740838093,-1.8925496563802497,0.058475187312958275,2499,2541,0.754611189830786,False
deadargelim,slp-vectorizer,0.0005452933766001977,0.10031016721548901,0.9201021489866447,2442,2523,0.9897292090133071,False
deadargelim,callsite-splitting,0.006754903232360943,1.2266319297533919,0.22001925116816456,2490,2468,0.9164674925742856,False
deadargelim,dfa-jump-threading,-0.0029376442093753674,-0.5296269762799629,0.5963945966832431,2426,2505,0.9663854998208667,False
deadargelim,consthoist,-0.0033494711402858868,-0.6169300676134603,0.537309021280296,2465,2550,0.9656120029518516,False
deadargelim,mldst-motion,-0.0031211385135235248,-0.5820298268708453,0.560572222558422,2532,2602,0.9656120029518516,False
deadargelim,slsr,0.004780979235118277,0.8584520603692495,0.3906849222421355,2437,2467,0.9387788987599427,False
deadargelim,loop-interchange,0.0004979652210131413,0.09113172586262593,0.9273914644578026,2549,2609,0.9898271274249525,False
deadargelim,loop-fusion,0.006604417402966967,1.2101001411491996,0.22629724479757454,2532,2508,0.9231041777367729,False
deadargelim,loop-distribute,0.00657110022479368,1.2068502009662652,0.22754713997443227,2454,2533,0.9232760696075548,False
deadargelim,loop-load-elim,-0.005232476605304126,-0.9496598520592577,0.3423314084839208,2471,2491,0.9362139119162718,False
deadargelim,loop-sink,0.004339810570751446,0.7671258765694704,0.44304274398415355,2548,2506,0.9539093340179844,False
deadargelim,loop-unroll-and-jam,-0.0041450355975149455,-0.7406347943319805,0.45894958175902734,2472,2546,0.9576122218629731,False
deadargelim,hotcoldsplit,0.005323768658275163,0.9570882313328468,0.33856977427032026,2535,2417,0.9362139119162718,False
deadargelim,irce,0.0023454144092228124,0.4109397898831793,0.6811347313907424,2460,2433,0.9761793877768301,False
deadargelim,nary-reassociate,0.003491623486663542,0.6223177286441367,0.533761620122996,2514,2441,0.9656120029518516,False
deadargelim,scalarizer,-0.005622805986047197,-0.9690457331066348,0.3325703272873276,2491,2398,0.9362139119162718,False
deadargelim,vector-combine,-0.0052570692571993205,-0.9573142025295481,0.338455948584217,2477,2422,0.9362139119162718,False
deadargelim,always-inline,0.00014030390507779877,0.025802367654632292,0.9794159940834206,2537,2509,0.9946962299724714,False
deadargelim,globalsplit,-0.0026840791539247677,-0.4955124293544792,0.6202599359868538,2487,2585,0.9663854998208667,False
deadargelim,lowerswitch,0.0032806684939294395,0.5950879077481342,0.5518116056377774,2475,2540,0.9656120029518516,False
deadargelim,early-cse-memssa,-0.005322203023854111,-1.2916319576296464,0.19654457495669386,2486,2502,0.9004139838184037,False
deadargelim,simple-loop-unswitch,-0.0019307223072342339,-0.3581247369154269,0.7202650133046447,2497,2548,0.9819797179926498,False
deadargelim,loop-versioning,-0.0014745294365466899,-0.25897582025107946,0.7956643629189678,2570,2525,0.9819797179926498,False
deadargelim,loop-flatten,-0.011231998147096856,-2.0168829463940887,0.04376044588607315,2521,2547,0.6966093743490344,False
deadargelim,loop-reroll,-0.0007038104647870136,-0.12660088726258228,0.8992614505449404,2464,2477,0.9887259997126645,False
deadargelim,loop-instsimplify,0.00031136077168858467,0.05780468438534868,0.9539064932151051,2547,2508,0.9932346158623248,False
deadargelim,loop-simplifycfg,-0.014437770937711647,-2.6177120112511987,0.008879489217570723,2420,2473,0.4292849355062586,False
deadargelim,loop-predication,0.0027674714803695433,0.49714198110683494,0.6191107477718016,2526,2487,0.9663854998208667,False
deadargelim,speculative-execution,0.004434411679058503,0.8228104060751518,0.4106548127684263,2499,2547,0.938921317022563,False
deadargelim,partially-inline-libcalls,-0.00471280822481851,-0.8690008041394148,0.38488773969981416,2584,2499,0.9372979316317167,False
deadargelim,load-store-vectorizer,0.01158790375626828,2.042550293675789,0.04115146396278525,2435,2382,0.6893372254732842,False
deadargelim,iroutliner,0.006790332464423343,1.294232362422122,0.1956424379670908,2600,2631,0.9004139838184037,False
deadargelim,global-merge,0.002911591856511131,0.520905986496867,0.6024552708605811,2509,2517,0.9663854998208667,False
deadargelim,break-crit-edges,0.002762967493593449,0.5092136556315116,0.6106247648157721,2492,2550,0.9663854998208667,False
deadargelim,unreachableblockelim,-0.010106240683874279,-1.813333913265971,0.06984053718120588,2445,2544,0.7648169515258737,False
globaldce,elim-avail-extern,0.010551369503348396,1.9525606081869724,0.05092815844924611,2524,2437,0.7441592107733126,False
globaldce,mergefunc,0.00010964346639802391,0.019693239930796736,0.98428885700641,2540,2543,0.9951603379292009,False
globaldce,instcombine,-0.00227218080312952,-0.4817460313271694,0.6300076240859173,2487,2519,0.9663854998208667,False
globaldce,simplifycfg,-0.0014000565988535607,-0.25977937871269513,0.7950444181050166,2591,2531,0.9819797179926498,False
globaldce,tailcallelim,-0.005529916667028401,-1.0357956115430957,0.3003468487619294,2544,2534,0.9261097314091098,False
globaldce,reassociate,0.006275464651562257,1.1539267213379427,0.2485847960705548,2528,2537,0.923462493379908,False
globaldce,memcpyopt,-0.006826420436241376,-1.2581079431843405,0.20841057121656248,2545,2541,0.9053769260213016,False
globaldce,sccp,-0.009944995969749904,-1.755911086481954,0.07916480217389228,2486,2517,0.7922106106127318,False
globaldce,dce,-0.0020611459827341583,-0.38030960844463557,0.7037316845827979,2516,2509,0.9802307257169508,False
globaldce,adce,-0.005848566599001348,-1.08591188764843,0.27756939975121975,2539,2559,0.9261097314091098,False
globaldce,dse,0.0015064243487871165,0.2961577458365255,0.7671219608356712,2516,2473,0.9819797179926498,False
globaldce,jump-threading,0.003497775079824239,0.6314831669021798,0.527753537641925,2506,2493,0.9656120029518516,False
globaldce,loop-idiom,0.0013354060083485275,0.2508607626719835,0.8019317128697397,2569,2613,0.9841133927622548,False
globaldce,loop-deletion,0.0033850617675310612,0.6092666967221885,0.5423746964816418,2552,2595,0.9656120029518516,False
globaldce,gvn,-0.003772665773136452,-0.8539845204404527,0.39315423381993747,2504,2534,0.9387788987599427,False
globaldce,gvn-hoist,0.005895093917735517,1.0677681999167004,0.2856762442820296,2500,2543,0.9261097314091098,False
globaldce,gvn-sink,-0.0006684357720784795,-0.12078706611968536,0.9038646281464722,2418,2503,0.9889544369739047,False
globaldce,newgvn,0.0013621229760940046,0.31976321524115203,0.7491614062723595,2458,2466,0.9819797179926498,False
globaldce,early-cse,0.005027721059406409,1.059655276508909,0.2893521091169248,2496,2559,0.9261097314091098,False
globaldce,mergereturn,0.002638256316376486,0.47770174289054396,0.6328835149334909,2561,2418,0.9663854998208667,False
globaldce,globalopt,0.009958560555161977,1.8650950669019588,0.06222536253504164,2577,2540,0.7569390838893625,False
globaldce,strip-dead-prototypes,-0.007598963068611686,-1.398957566168562,0.16188631742877213,2609,2510,0.8886940441949083,False
globaldce,indvars,-0.005816029143352275,-1.066232097140942,0.2863702573619829,2491,2530,0.9261097314091098,False
globaldce,mergeicmps,-0.0027210645309244663,-0.5025313856090706,0.6153160210541627,2461,2521,0.9663854998208667,False
globaldce,separate-const-offset-from-gep,-0.005094298542480724,-0.898883748722408,0.3687576831081493,2548,2482,0.9362139119162718,False
globaldce,libcalls-shrinkwrap,-0.0028097735449174044,-0.5109652049997804,0.6093980889236125,2468,2517,0.9663854998208667,False
globaldce,flattencfg,-0.006116990827420732,-1.1331716859853667,0.25719537859187824,2597,2511,0.9237088064321658,False
globaldce,loop-reduce,0.0002588945034872059,0.04769425719321855,0.9619617932916483,2521,2541,0.9932346158623248,False
globaldce,loop-unroll,-0.00587124652673876,-1.0573058536259488,0.29042443391083156,2397,2527,0.9261097314091098,False
globaldce,loop-rotate,0.01155389970051407,1.9563833102958097,0.05047533825363434,2502,2533,0.7430880624106468,False
globaldce,partial-inliner,0.0029436870945515614,0.5369630840145461,0.5913169300944091,2474,2548,0.9663854998208667,False
globaldce,lower-expect,0.001655914641948364,0.30145710951213367,0.7630784054804126,2482,2553,0.9819797179926498,False
globaldce,alignment-from-assumptions,-0.001458884928284554,-0.2702630533506227,0.7869690585587849,2526,2469,0.9819797179926498,False
globaldce,rpo-function-attrs,-0.006390990133381791,-1.1414480976269035,0.25373994966209934,2441,2413,0.923462493379908,False
globaldce,attributor,-0.0012403477966189125,-0.24990560208957185,0.8026706272938309,2557,2447,0.9841133927622548,False
globaldce,inferattrs,0.0009039214224250691,0.1677260720100984,0.8668055305342439,2532,2500,0.9871386789273737,False
globaldce,called-value-propagation,-0.0013101318364681647,-0.2346726227202294,0.8144724808407329,2501,2496,0.9862005430341109,False
globaldce,licm,0.0005186873360138455,0.09051297129555484,0.9278832038138392,2478,2536,0.9898271274249525,False
globaldce,loop-simplify,-0.0028227551945362306,-0.5324899154071652,0.5944100587528078,2544,2530,0.9663854998208667,False
globaldce,div-rem-pairs,0.0160785335981386,3.0367434713731583,0.002403752665943924,2440,2593,0.21393398726900922,False
globaldce,float2int,-0.001047584927968026,-0.19431374368156878,0.8459379844631071,2574,2530,0.9865077865269587,False
globaldce,inline,-0.002000489193004995,-0.36215956843898545,0.7172481069498131,2512,2494,0.9819797179926498,False
globaldce,sink,0.007755994126598054,1.432903343668689,0.15194692030629356,2568,2523,0.8867721906400083,False
globaldce,loop-vectorize,-0.007599934496779204,-1.246683386345343,0.21257204721756404,2476,2541,0.9053769260213016,False
globaldce,slp-vectorizer,-0.002417521484570695,-0.44340831257619795,0.657489479457444,2536,2505,0.9715957741718303,False
globaldce,callsite-splitting,-0.003911253056931574,-0.7139534735257181,0.47528978899381996,2500,2454,0.9576122218629731,False
globaldce,dfa-jump-threading,0.008534518045334893,1.5587625146616584,0.11911543360915898,2539,2511,0.8285187176082888,False
globaldce,consthoist,0.010473035952138887,1.9238288717977803,0.05443156288382628,2574,2537,0.754611189830786,False
globaldce,mldst-motion,-0.0023656376158724957,-0.4383017167288518,0.6611862083491371,2528,2559,0.9735213571280024,False
globaldce,slsr,-0.013556323331971265,-2.4761592281867064,0.013313031512805261,2519,2523,0.49651268003948,False
globaldce,loop-interchange,0.0037923757818952297,0.7043203632808817,0.4812660894112979,2476,2526,0.9584453421215212,False
globaldce,loop-fusion,-0.004270325049228252,-0.7688515390743008,0.44201749100043447,2509,2531,0.9539093340179844,False
globaldce,loop-distribute,-0.0012856453668841916,-0.2372743720431192,0.8124536568393145,2545,2474,0.9862005430341109,False
globaldce,loop-load-elim,0.010433117854449336,1.8871411508777043,0.05920061488797004,2424,2461,0.7550862434702712,False
globaldce,loop-sink,0.007023727086051257,1.3012840128197438,0.1932211818833591,2515,2498,0.9004139838184037,False
globaldce,loop-unroll-and-jam,-0.005194577575147685,-0.9182190419055828,0.3585497146651183,2477,2393,0.9362139119162718,False
globaldce,hotcoldsplit,-0.0010373937818869972,-0.1901893281903513,0.8491683924175801,2619,2467,0.9870002285963028,False
globaldce,irce,-0.001106365246588803,-0.21117831163407638,0.832756835550618,2535,2418,0.9862005430341109,False
globaldce,nary-reassociate,-0.008260817246900864,-1.5575540761072906,0.11940092812770238,2527,2611,0.8290319761490825,False
globaldce,scalarizer,0.0034099756642043677,0.6187774052238458,0.5360908783684754,2523,2543,0.9656120029518516,False
globaldce,vector-combine,0.007826135108274235,1.4633796760877,0.14342473512525028,2519,2618,0.8809459339091857,False
globaldce,always-inline,-0.0026435688937467283,-0.49681219735397836,0.6193429462847001,2515,2600,0.9663854998208667,False
globaldce,globalsplit,-0.006768298821514918,-1.2382684677392395,0.2156744553740992,2506,2515,0.9053769260213016,False
globaldce,lowerswitch,-0.008797824453455727,-1.6019494509796162,0.10923019890447579,2535,2448,0.8039373143348778,False
globaldce,early-cse-memssa,0.0011548177299273155,0.27790198185841253,0.7810989303986522,2540,2540,0.9819797179926498,False
globaldce,simple-loop-unswitch,-0.001712610249589963,-0.3182771666811193,0.7502877942776865,2538,2548,0.9819797179926498,False
globaldce,loop-versioning,-0.001325938663091164,-0.23434284357571963,0.8147284164224009,2498,2510,0.9862005430341109,False
globaldce,loop-flatten,0.0038840495313884893,0.7026088323197227,0.4823321028402657,2477,2550,0.9587129703996468,False
globaldce,loop-reroll,-0.0036949764280947983,-0.6845590452702807,0.49365370357619087,2529,2516,0.959250210099802,False
globaldce,loop-instsimplify,-0.0019425848354211461,-0.3658425882016173,0.7144977088454306,2539,2565,0.9819797179926498,False
globaldce,loop-simplifycfg,0.004006810022997742,0.7466579090188917,0.45530502918863536,2547,2483,0.9573041670753936,False
globaldce,loop-predication,0.0015580628489830217,0.283968040089506,0.7764466559911077,2471,2547,0.9819797179926498,False
globaldce,speculative-execution,-0.004655810879229838,-0.8693266748273011,0.3847101488506353,2582,2445,0.9372979316317167,False
globaldce,partially-inline-libcalls,0.008025773687233229,1.4555471494262606,0.1455803051964656,2507,2532,0.8825861989128816,False
globaldce,load-store-vectorizer,0.007553528150329669,1.4163181640980451,0.15674451676131293,2475,2539,0.8871198774506207,False
globaldce,iroutliner,0.0023198313619589572,0.4530449392925259,0.6505353252478283,2582,2609,0.9691279805496036,False
globaldce,global-merge,-0.001666130699344126,-0.3012302772533413,0.7632513902915699,2499,2520,0.9819797179926498,False
globaldce,break-crit-edges,-0.004495844527049153,-0.8343170662602747,0.4041416286138203,2619,2468,0.938921317022563,False
globaldce,unreachableblockelim,0.001792182412594212,0.32489369779613153,0.7452749766317798,2527,2530,0.9819797179926498,False
elim-avail-extern,mergefunc,-0.005052505359521564,-0.9451948125087128,0.34460446547094314,2527,2546,0.9362139119162718,False
elim-avail-extern,instcombine,0.007664491133294815,1.659388760097132,0.09710035264229588,2488,2522,0.7990395200215817,False
elim-avail-extern,simplifycfg,0.0032365817540809805,0.5893512650869658,0.5556531147836454,2416,2441,0.9656120029518516,False
elim-avail-extern,tailcallelim,-0.01201231158031385,-2.2049580675605025,0.02750228025926689,2485,2546,0.6358844367825872,False
elim-avail-extern,reassociate,-0.00045347203344908715,-0.0857527164865226,0.9316663847495702,2530,2537,0.9901925823858527,False
elim-avail-extern,memcpyopt,-0.0034605134898049172,-0.6389408770363197,0.5228909665842,2501,2453,0.9646233324036004,False
elim-avail-extern,sccp,-0.005196132543294929,-0.9416760510479316,0.34640516050726516,2402,2532,0.9362139119162718,False
elim-avail-extern,dce,0.005216165368042314,0.9576938124326002,0.3382623117980292,2558,2577,0.9362139119162718,False
elim-avail-extern,adce,0.0020289660290028766,0.36503411831425014,0.7151012080972999,2476,2587,0.9819797179926498,False
elim-avail-extern,dse,0.0020583177528219476,0.3954912231735555,0.6924967250929834,2560,2609,0.9802307257169508,False
elim-avail-extern,jump-threading,-0.006277422132187127,-1.1495226652235182,0.2503952828500249,2526,2497,0.923462493379908,False
elim-avail-extern,loop-idiom,-0.004345065967621742,-0.8066703076021331,0.41989409639712566,2568,2531,0.9397436368308663,False
elim-avail-extern,loop-deletion,-0.007009580895056822,-1.2809702706382167,0.20026308153943673,2492,2601,0.9004139838184037,False
elim-avail-extern,gvn,0.006472752525459202,1.438166595151153,0.1504495725618909,2561,2450,0.8841019812609446,False
elim-avail-extern,gvn-hoist,0.008216374815997352,1.5044950584163161,0.13251644221242062,2594,2480,0.8563273724485796,False
elim-avail-extern,gvn-sink,0.0024920606188911787,0.46144814799830514,0.644497305287442,2540,2459,0.9675126877850944,False
elim-avail-extern,newgvn,-0.007942987596893658,-1.7675336663675065,0.0772009737061849,2482,2483,0.787289096441198,False
elim-avail-extern,early-cse,-0.0005318503402198527,-0.10745107885397628,0.9144355029361716,2427,2509,0.9897292090133071,False
elim-avail-extern,mergereturn,-0.0045542319410082355,-0.8418817483389689,0.39989381696086984,2518,2570,0.938921317022563,False
elim-avail-extern,globalopt,0.009803362853637088,1.775168377006307,0.07593164436597209,2493,2454,0.7790013228318803,False
elim-avail-extern,strip-dead-prototypes,0.004834055164819773,0.9011141041701259,0.3675719349126412,2480,2434,0.9362139119162718,False
elim-avail-extern,indvars,0.005913618791079656,1.0762801159808078,0.28185396026506737,2460,2545,0.9261097314091098,False
elim-avail-extern,mergeicmps,0.001804708073146366,0.3261001131403852,0.7443622529382714,2421,2586,0.9819797179926498,False
elim-avail-extern,separate-const-offset-from-gep,0.0006379604133004424,0.11417177603336122,0.9091061833249341,2579,2465,0.9894640947834158,False
elim-avail-extern,libcalls-shrinkwrap,0.0016702251847262595,0.3084396862463654,0.7577603593122401,2592,2529,0.9819797179926498,False
elim-avail-extern,flattencfg,0.0042434787092632265,0.7600780072356937,0.4472450699783598,2407,2433,0.9549682083071194,False
elim-avail-extern,loop-reduce,-0.003595784804245661,-0.6622572896110804,0.5078367133683352,2532,2496,0.9617601825968374,False
elim-avail-extern,loop-unroll,-0.0036601393179022113,-0.6571534062013529,0.5111125709206402,2486,2511,0.9617601825968374,False
elim-avail-extern,loop-rotate,-0.003438497088910475,-0.5783461633368215,0.5630558548436939,2595,2532,0.9656120029518516,False
elim-avail-extern,partial-inliner,0.004158154711636997,0.7660898780080093,0.44365890531285157,2529,2487,0.9539093340179844,False
elim-avail-extern,lower-expect,0.0033810137260641415,0.6150652027535801,0.5385394161789494,2495,2550,0.9656120029518516,False
elim-avail-extern,alignment-from-assumptions,0.006207556672405579,1.1574968982796727,0.2471246438977897,2509,2507,0.923462493379908,False
elim-avail-extern,rpo-function-attrs,0.005158461412417492,0.9499843307150175,0.34216598249548985,2532,2513,0.9362139119162718,False
elim-avail-extern,attributor,0.00888073763131253,1.7304888951634574,0.08360524733222276,2534,2456,0.7968989516182841,False
elim-avail-extern,inferattrs,-0.002264231204104017,-0.4076808975047277,0.6835254761100233,2522,2473,0.9776061959265345,False
elim-avail-extern,called-value-propagation,-0.008265339502163127,-1.5304176279357384,0.12597699285100636,2492,2483,0.8393210198530996,False
elim-avail-extern,licm,0.007216038150959836,1.1775071473997218,0.23905000932605866,2479,2477,0.923462493379908,False
elim-avail-extern,loop-simplify,-0.0026099948767246417,-0.4842587198612181,0.6282236617397705,2489,2472,0.9663854998208667,False
elim-avail-extern,div-rem-pairs,-0.0076133125890812114,-1.3336553619585838,0.18237880646940638,2482,2421,0.8936246540017126,False
elim-avail-extern,float2int,0.003009643960864894,0.5409143887333069,0.5885907803417575,2509,2479,0.9663854998208667,False
elim-avail-extern,inline,-0.005359591711606548,-0.986590276479685,0.32389152816812455,2480,2497,0.9342495346719147,False
elim-avail-extern,sink,-0.0008285564059605788,-0.15638848509457356,0.8757330958159274,2563,2469,0.9878311966791359,False
elim-avail-extern,loop-vectorize,-0.0009097260060757506,-0.15175788547936328,0.8793840281151355,2524,2513,0.9878311966791359,False
elim-avail-extern,slp-vectorizer,-0.007669565646519549,-1.3971688979019838,0.16242452433834767,2533,2492,0.8886940441949083,False
elim-avail-extern,callsite-splitting,0.0008818377472851191,0.16034324301038982,0.8726172134675697,2474,2500,0.9878311966791359,False
elim-avail-extern,dfa-jump-threading,-0.00585772086141273,-1.0701862813371616,0.2845868362785278,2564,2469,0.9261097314091098,False
elim-avail-extern,consthoist,0.00027820075285572843,0.051006644521270066,0.9593222281715783,2541,2549,0.9932346158623248,False
elim-avail-extern,mldst-motion,-0.0034397084248413146,-0.6213314624405737,0.5344094472329027,2545,2537,0.9656120029518516,False
elim-avail-extern,slsr,-0.008327187798163105,-1.4874697626640412,0.13695481599191703,2518,2408,0.8666176364842925,False
elim-avail-extern,loop-interchange,0.0030430917067376106,0.5629181116413594,0.573515889516323,2470,2532,0.9656687685775414,False
elim-avail-extern,loop-fusion,-0.004817737966459457,-0.888758701422808,0.3741752348174106,2497,2577,0.9372979316317167,False
elim-avail-extern,loop-distribute,-0.0008324030908893332,-0.15277642418636722,0.8785807118594484,2541,2499,0.9878311966791359,False
elim-avail-extern,loop-load-elim,-0.0017900856307614954,-0.32536135487266143,0.7449214356774405,2455,2468,0.9819797179926498,False
elim-avail-extern,loop-sink,-0.004105589574411428,-0.7571292724822228,0.44900777758712096,2501,2558,0.9556013520116641,False
elim-avail-extern,loop-unroll-and-jam,0.002780105485058082,0.5141391985959605,0.6071771579286834,2514,2556,0.9663854998208667,False
elim-avail-extern,hotcoldsplit,0.004617375836287463,0.8547409916100148,0.3927349724450806,2527,2542,0.9387788987599427,False
elim-avail-extern,irce,-0.0041638362741605595,-0.7535739874682283,0.4511399500915352,2532,2569,0.9558625890978588,False
elim-avail-extern,nary-reassociate,-0.0009705237665112443,-0.18018038659254115,0.8570181559586414,2556,2517,0.9870002285963028,False
elim-avail-extern,scalarizer,-0.0040600449764733315,-0.7288563172436786,0.4661236639174441,2467,2542,0.9576122218629731,False
elim-avail-extern,vector-combine,0.0014744145700280598,0.2841738754932394,0.776288483363263,2581,2606,0.9819797179926498,False
elim-avail-extern,always-inline,0.01134330185060961,2.1089855341153187,0.03499563426929023,2575,2445,0.6621645967994382,False
elim-avail-extern,globalsplit,-0.00022645119205105813,-0.04259812727405572,0.966023590694371,2485,2517,0.9932346158623248,False
elim-avail-extern,lowerswitch,-0.00022846730651648883,-0.04210829861092775,0.9664140494794949,2470,2525,0.9932346158623248,False
elim-avail-extern,early-cse-memssa,-0.000557740933249673,-0.13119426096335018,0.8956268064139723,2585,2532,0.9881490026644629,False
elim-avail-extern,simple-loop-unswitch,0.00036589091998712187,0.06801133145658558,0.945779371318919,2420,2531,0.993162990687176,False
elim-avail-extern,loop-versioning,0.011927905443800069,2.1123096399869827,0.0347091375051453,2506,2525,0.6621645967994382,False
elim-avail-extern,loop-flatten,0.0009447293727692374,0.17484451446528804,0.8612087916499558,2568,2504,0.9870002285963028,False
elim-avail-extern,loop-reroll,-0.005446469137875165,-0.9811397288237333,0.3265707132119376,2534,2532,0.9342495346719147,False
elim-avail-extern,loop-instsimplify,0.0011245822034471886,0.20306984696101166,0.8390884482734656,2568,2593,0.9862005430341109,False
elim-avail-extern,loop-simplifycfg,-0.004051339151100619,-0.7520475734773311,0.45205758810246033,2491,2551,0.9558625890978588,False
elim-avail-extern,loop-predication,-0.013027900830111239,-2.4356358715439597,0.014899911949055298,2594,2475,0.5209647785044692,False
elim-avail-extern,speculative-execution,0.003849880709917042,0.708198401832048,0.4788546884118053,2521,2547,0.958198753102008,False
elim-avail-extern,partially-inline-libcalls,0.00048116468684578084,0.08808628398235245,0.9298117197161946,2459,2414,0.9901814842231369,False
elim-avail-extern,load-store-vectorizer,-0.0046247099617244825,-0.8399114565764052,0.400998298540736,2557,2432,0.938921317022563,False
elim-avail-extern,iroutliner,-0.001315677546168903,-0.2481856446569256,0.8040008741580095,2496,2551,0.9845113893692199,False
elim-avail-extern,global-merge,0.007128911309143948,1.3491714644228197,0.17734207798783047,2597,2490,0.8936246540017126,False
elim-avail-extern,break-crit-edges,-0.0011584869756599003,-0.21420393244000688,0.8303968455849263,2469,2487,0.9862005430341109,False
elim-avail-extern,unreachableblockelim,0.005589411795785648,1.0403434897292239,0.29823040644202237,2552,2493,0.9261097314091098,False
mergefunc,instcombine,0.0028647591595246658,0.6238387857572433,0.5327625436882404,2452,2452,0.9656120029518516,False
mergefunc,simplifycfg,0.010538158798020114,1.9451925435495332,0.05180739397410356,2515,2532,0.7513990918614428,False
mergefunc,tailcallelim,-0.005578850963135429,-1.03259080976785,0.30184498547939015,2516,2528,0.9261097314091098,False
mergefunc,reassociate,0.0017006501577980782,0.31188715644889,0.7551392973616015,2564,2500,0.9819797179926498,False
mergefunc,memcpyopt,0.0020219234020310006,0.3693470267872896,0.7118849003450632,2497,2449,0.9809015575792357,False
mergefunc,sccp,-0.012472027079617143,-2.2709417750293115,0.02319372434271243,2498,2424,0.5975435824083019,False
mergefunc,dce,0.002219079494468923,0.4034863881610938,0.6866072958822308,2565,2560,0.979509716092829,False
mergefunc,adce,0.005811014270498682,1.062762288377709,0.2879407377078163,2543,2517,0.9261097314091098,False
mergefunc,dse,0.0022169610117376837,0.4212947980567544,0.6735576599679799,2572,2548,0.9754681153759602,False
mergefunc,jump-threading,0.003949129404181517,0.7399921717430599,0.45934013636474,2494,2420,0.9576122218629731,False
mergefunc,loop-idiom,0.002211216812452954,0.4080539432933069,0.6832513840282469,2613,2465,0.9775712166074588,False
mergefunc,loop-deletion,0.0009591584472411485,0.1733828404580711,0.8623575747068593,2512,2459,0.9870002285963028,False
mergefunc,gvn,-0.002752369527006693,-0.6194452639059193,0.5356512188370555,2515,2509,0.9656120029518516,False
mergefunc,gvn-hoist,-0.00656009249024575,-1.2180211652515742,0.2232729576036798,2510,2532,0.9215325402308183,False
mergefunc,gvn-sink,0.007637765409412689,1.4172818035334473,0.1564628457906428,2525,2500,0.8871198774506207,False
mergefunc,newgvn,-0.0021283465181236583,-0.511963201157556,0.6086991454389841,2568,2487,0.9663854998208667,False
mergefunc,early-cse,0.004962448446789891,1.018194007628301,0.3086344213071509,2508,2557,0.9261097314091098,False
mergefunc,mergereturn,-0.004176625454156813,-0.7548093628033111,0.4503995620892826,2462,2453,0.9558625890978588,False
mergefunc,globalopt,-0.0025230676967367693,-0.4613980310345269,0.6445330946818767,2494,2518,0.9675126877850944,False
mergefunc,strip-dead-prototypes,-0.0015902420851611199,-0.28842748522225836,0.7730316539716252,2484,2476,0.9819797179926498,False
mergefunc,indvars,0.010951393304071966,2.028132154480499,0.042599491461832166,2513,2508,0.6893372254732842,False
mergefunc,mergeicmps,-0.0011189569383561193,-0.19860574813621967,0.842579102988385,2522,2561,0.9862005430341109,False
mergefunc,separate-const-offset-from-gep,-0.002491365974354176,-0.45814893163615406,0.6468658819969499,2385,2508,0.9675808991214881,False
mergefunc,libcalls-shrinkwrap,-0.006680130510438642,-1.2418081805945724,0.21436597688298464,2450,2597,0.9053769260213016,False
mergefunc,flattencfg,-0.006196462494411137,-1.1466222935997925,0.25159317040289453,2468,2504,0.923462493379908,False
mergefunc,loop-reduce,-0.004770757573198781,-0.8774832152650802,0.3802666707282732,2553,2420,0.9372979316317167,False
mergefunc,loop-unroll,-0.00197261008508548,-0.360803913234173,0.7182606214261468,2646,2582,0.9819797179926498,False
mergefunc,loop-rotate,0.000888542242834911,0.14899849620290767,0.8815608092735085,2506,2515,0.9878981187095685,False
mergefunc,partial-inliner,0.003160497225149772,0.6006118094772768,0.5481255658670472,2507,2540,0.9656120029518516,False
mergefunc,lower-expect,-0.006301822061532736,-1.1538688951827893,0.2486081626136533,2565,2521,0.923462493379908,False
mergefunc,alignment-from-assumptions,-0.0020851784132980833,-0.3809851585303145,0.7032304234989155,2461,2566,0.9802307257169508,False
mergefunc,rpo-function-attrs,0.007624868457108247,1.4006759516632434,0.16137178502990884,2539,2568,0.8886940441949083,False
mergefunc,attributor,0.0026427319860726772,0.5337366782256369,0.5935475967968729,2408,2582,0.9663854998208667,False
mergefunc,inferattrs,0.0009435191245627528,0.171304803567214,0.8639910066079532,2493,2530,0.9871386789273737,False
mergefunc,called-value-propagation,-0.0015837179097932252,-0.28429597562832565,0.7761957959956083,2379,2442,0.9819797179926498,False
mergefunc,licm,0.0022728331232836907,0.37748106296511613,0.7058318591905849,2594,2509,0.9802307257169508,False
mergefunc,loop-simplify,-0.009116821603079972,-1.6362017530673874,0.10185910105442966,2594,2513,0.8039373143348778,False
mergefunc,div-rem-pairs,-0.006765402518752739,-1.2418082538071071,0.21436575532963326,2494,2503,0.9053769260213016,False
mergefunc,float2int,-0.00019554829334578194,-0.03513786816004016,0.9719712396365182,2434,2463,0.9932346158623248,False
mergefunc,inline,0.0014186622591920162,0.2638788641187238,0.7918840361035663,2524,2525,0.9819797179926498,False
mergefunc,sink,0.0030736650741295946,0.5545598168096642,0.5792201458632641,2500,2592,0.9658039733307087,False
mergefunc,loop-vectorize,-0.0008421412428958885,-0.13462418685384506,0.8929145612691983,2427,2480,0.9878981187095685,False
mergefunc,slp-vectorizer,-0.0026190096207255875,-0.48186587520566415,0.6299223252046349,2494,2507,0.9663854998208667,False
mergefunc,callsite-splitting,0.008672912181238224,1.5705454179059508,0.11635218603941398,2528,2447,0.8224602977589232,False
mergefunc,dfa-jump-threading,0.0005339303444216181,0.09546556158458956,0.923948865851963,2509,2499,0.9897292090133071,False
mergefunc,consthoist,0.008337056717961033,1.5485373269834728,0.12155788183510577,2520,2420,0.8349272963316094,False
mergefunc,mldst-motion,0.006472842854327199,1.1965989530974082,0.23151993019008313,2478,2502,0.923462493379908,False
mergefunc,slsr,0.005661094008639123,1.0486035886586054,0.2944111838157554,2469,2547,0.9261097314091098,False
mergefunc,loop-interchange,-0.0009783187696799645,-0.1789230662762377,0.8580054946352295,2475,2436,0.9870002285963028,False
mergefunc,loop-fusion,0.003008868100185025,0.5687249259505552,0.5695684193238438,2508,2488,0.9656120029518516,False
mergefunc,loop-distribute,-0.0039941706701194235,-0.7018850413857964,0.48278395751483744,2465,2473,0.9587129703996468,False
mergefunc,loop-load-elim,0.003897246550781941,0.7235552772249811,0.4693721587633793,2484,2593,0.9576122218629731,False
mergefunc,loop-sink,0.006852630989687636,1.239265048102097,0.2153061321063699,2450,2540,0.9053769260213016,False
mergefunc,loop-unroll-and-jam,-0.0017135160872885913,-0.32246556900329687,0.7471131872336946,2580,2549,0.9819797179926498,False
mergefunc,hotcoldsplit,-0.0024137368795958958,-0.4414035792958457,0.6589400199280327,2526,2462,0.9719891968069564,False
mergefunc,irce,-0.002181252933684985,-0.390549316936752,0.696146964338655,2485,2538,0.9802307257169508,False
mergefunc,nary-reassociate,-0.0024180943779431585,-0.437966293222098,0.661429356364778,2488,2597,0.9735213571280024,False
mergefunc,scalarizer,-0.003889502913374754,-0.6836962264786497,0.4941987460484802,2536,2457,0.959250210099802,False
mergefunc,vector-combine,-0.0018275691600059818,-0.328209237961136,0.7427671065583085,2536,2503,0.9819797179926498,False
mergefunc,always-inline,0.006302027604812022,1.1430731993990195,0.25306310745480753,2460,2527,0.923462493379908,False
mergefunc,globalsplit,0.0064692310270122455,1.155565316387836,0.24791596948873892,2441,2421,0.923462493379908,False
mergefunc,lowerswitch,0.010020323796837038,1.841199589825776,0.06565119069671894,2527,2503,0.7571751222955714,False
mergefunc,early-cse-memssa,-0.005793144462297339,-1.3962897179931404,0.162688387712224,2510,2602,0.8886940441949083,False
mergefunc,simple-loop-unswitch,-0.00732282365053416,-1.3105016599915207,0.19008697134547933,2492,2475,0.8946881968616551,False
mergefunc,loop-versioning,-0.000380485866764424,-0.06594638034505629,0.9474231180027949,2570,2509,0.993162990687176,False
mergefunc,loop-flatten,0.006871847455956925,1.2550922362453296,0.20950272375085266,2611,2528,0.9053769260213016,False
mergefunc,loop-reroll,0.0047949551498494,0.8850959341259075,0.37614759603634446,2447,2540,0.9372979316317167,False
mergefunc,loop-instsimplify,0.005695814931981902,1.0416665099656068,0.2976166261574413,2544,2471,0.9261097314091098,False
mergefunc,loop-simplifycfg,-0.004063420621585767,-0.747984850342442,0.45450473793127333,2471,2515,0.9569035235155195,False
mergefunc,loop-predication,-0.007750762263518285,-1.4113460341533506,0.1582047698491054,2525,2490,0.8886940441949083,False
mergefunc,speculative-execution,0.005217210237268344,0.9657700138455035,0.3342054865901199,2460,2598,0.9362139119162718,False
mergefunc,partially-inline-libcalls,0.002233099855949383,0.42546627593801095,0.6705148768317052,2553,2516,0.975141818497267,False
mergefunc,load-store-vectorizer,-0.01231784159491034,-2.225872710289363,0.026067452101149198,2510,2455,0.6224398928542699,False
mergefunc,iroutliner,-0.0022675731797678345,-0.43728235635725105,0.6619254035904135,2540,2487,0.9735795094503719,False
mergefunc,global-merge,-0.005285165104416012,-0.9744962031090838,0.3298571504255583,2495,2546,0.9355811577861952,False
mergefunc,break-crit-edges,-0.00032497097865291646,-0.05959402448838123,0.9524813940260493,2479,2452,0.9931662807812082,False
mergefunc,unreachableblockelim,-0.006769324098232055,-1.2366557209245812,0.2162734683656225,2475,2501,0.9067739851389484,False
instcombine,simplifycfg,0.007247838580064947,1.5515999570548757,0.12082138827649531,2513,2483,0.8329868952302036,False
instcombine,tailcallelim,0.001983763633293223,0.44356896901669624,0.6573728356975372,2549,2615,0.9715957741718303,False
instcombine,reassociate,0.009163297940968484,2.0069789713654926,0.04480514860518802,2519,2550,0.7074877497496624,False
instcombine,memcpyopt,0.00242591033894779,0.525007704124963,0.5996008148554566,2522,2545,0.9663854998208667,False
instcombine,sccp,-0.0005799858057380924,-0.12668060806372608,0.8991982574265898,2458,2580,0.9887259997126645,False
instcombine,dce,0.004909976777835334,1.0726717798170515,0.28347021874127054,2503,2497,0.9261097314091098,False
instcombine,adce,0.00024917924315565054,0.05280113534205836,0.9578924299379404,2526,2564,0.9932346158623248,False
instcombine,dse,-0.0038142680138797402,-0.8396029203057827,0.401171160751945,2551,2483,0.938921317022563,False
instcombine,jump-threading,-0.006030122207526578,-1.3270514909742757,0.1845527405619785,2440,2550,0.8936246540017126,False
instcombine,loop-idiom,-0.0031021946089563324,-0.6570748319341079,0.5111633693026356,2508,2462,0.9617601825968374,False
instcombine,loop-deletion,-0.0033007416407249135,-0.7216966967538483,0.4705136476394887,2596,2575,0.9576122218629731,False
instcombine,gvn,-0.04936507264412349,-12.910593481790682,1.5726128460178315e-37,2515,2451,1.539587976251457e-34,True
instcombine,gvn-hoist,-0.0062154983125534136,-1.3420884486964728,0.17962766897863242,2542,2511,0.8936246540017126,False
instcombine,gvn-sink,0.009269671487578623,1.9848837984163332,0.04721296681402223,2525,2448,0.7216176251912994,False
instcombine,newgvn,-0.035742688880846585,-9.024317850692144,2.551840613289974e-19,2475,2451,9.993007841643538e-17,True
instcombine,early-cse,-0.0032364690232425386,-0.7717459150397709,0.44030038324890497,2544,2609,0.9539093340179844,False
instcombine,mergereturn,0.003877358500063599,0.8335926372264939,0.4045495634349938,2588,2521,0.938921317022563,False
instcombine,globalopt,0.00412211961075154,0.877094118858627,0.38047726037017426,2552,2508,0.9372979316317167,False
instcombine,strip-dead-prototypes,0.0030741702207210952,0.6617885761220235,0.5081373324132442,2476,2523,0.9617601825968374,False
instcombine,indvars,-0.007690187065317711,-1.616327942556985,0.10608666007779077,2476,2533,0.8039373143348778,False
instcombine,mergeicmps,-0.013372929454017857,-2.76145099848332,0.00577649341570526,2417,2512,0.32783693066524344,False
instcombine,separate-const-offset-from-gep,0.0042910730218403415,0.9680080549074189,0.3330856625823915,2544,2624,0.9362139119162718,False
instcombine,libcalls-shrinkwrap,-0.0002823383037230398,-0.05914238928377708,0.9528410921590906,2450,2493,0.9931662807812082,False
instcombine,flattencfg,-0.0019369343705070152,-0.4286055812016673,0.6682285505978,2580,2489,0.975141818497267,False
instcombine,loop-reduce,-0.006443227642127569,-1.4254721186032344,0.15408399426623962,2481,2484,0.8871198774506207,False
instcombine,loop-unroll,-0.007007910970716791,-1.4717200879725585,0.14115845393129586,2566,2547,0.8721969621818513,False
instcombine,loop-rotate,0.0017015290717295461,0.3370802750820279,0.7360706257044756,2483,2517,0.9819797179926498,False
instcombine,partial-inliner,-0.0015719835092069534,-0.3341036568573276,0.738315589208756,2457,2462,0.9819797179926498,False
instcombine,lower-expect,-0.0011433737434740077,-0.2413402947723754,0.8093013428780937,2525,2445,0.9858456523643213,False
instcombine,alignment-from-assumptions,-0.0007144118088796558,-0.15363179037913677,0.8779062209345182,2600,2442,0.9878311966791359,False
instcombine,rpo-function-attrs,7.808472788728427e-05,0.01685988676422147,0.9865490621259659,2510,2534,0.9951603379292009,False
instcombine,attributor,-0.008525200323982407,-1.9391828119440138,0.05253480253653476,2561,2483,0.7539588309619961,False
instcombine,inferattrs,5.268260714075268e-05,0.011196684970277808,0.9910669744378849,2463,2504,0.9965270751411184,False
instcombine,called-value-propagation,-0.0008920660009480441,-0.18939839986008705,0.8497882158810528,2517,2519,0.9870002285963028,False
instcombine,licm,-0.011992474845712364,-2.3068523189018157,0.02110291085886714,2559,2556,0.5918038420417597,False
instcombine,loop-simplify,-0.004363889014298128,-0.9200921681240913,0.35756832891916496,2556,2521,0.9362139119162718,False
instcombine,div-rem-pairs,0.003219346864871131,0.7154003332460613,0.4743949394852353,2520,2515,0.9576122218629731,False
instcombine,float2int,0.004707025271070808,1.037226842154983,0.2996806002637238,2455,2552,0.9261097314091098,False
instcombine,inline,0.006194388557183517,1.338115753985727,0.1809189906411066,2511,2538,0.8936246540017126,False
instcombine,sink,-0.010070755530158071,-2.0922102278345824,0.036471319471546984,2457,2434,0.6736872030687641,False
instcombine,loop-vectorize,-0.02340373927453593,-4.354706362148587,1.359751580438099e-05,2523,2371,0.002662393594497798,True
instcombine,slp-vectorizer,0.0060137924868923776,1.302044920276579,0.19296170051951037,2484,2461,0.9004139838184037,False
instcombine,callsite-splitting,0.002935445459732511,0.6322422704360714,0.5272573509428894,2531,2512,0.9656120029518516,False
instcombine,dfa-jump-threading,0.007025889230179716,1.5125064849726433,0.13046625279849933,2597,2582,0.8468071698275864,False
instcombine,consthoist,0.006325177052697584,1.3867175204984543,0.16558904301338193,2497,2563,0.8886940441949083,False
instcombine,mldst-motion,-0.007262434538145401,-1.5262137912383833,0.12701928014379749,2533,2528,0.842321966054791,False
instcombine,slsr,-0.00235597553106609,-0.5094000410489643,0.6104944338546032,2516,2465,0.9663854998208667,False
instcombine,loop-interchange,-0.003098100654115532,-0.6667785705670894,0.5049449835298145,2538,2438,0.9617601825968374,False
instcombine,loop-fusion,0.003329935369737025,0.7160176194086669,0.47401382764141375,2545,2474,0.9576122218629731,False
instcombine,loop-distribute,-0.00434095294052661,-0.9112118899982304,0.3622281016992803,2466,2489,0.9362139119162718,False
instcombine,loop-load-elim,-0.004251866969327611,-0.9233936745468863,0.3558472427509174,2515,2437,0.9362139119162718,False
instcombine,loop-sink,-0.0018318617182199737,-0.385953460849026,0.6995479676010499,2421,2469,0.9802307257169508,False
instcombine,loop-unroll-and-jam,-0.0007170014576166062,-0.15666281254430098,0.875516909149197,2555,2461,0.9878311966791359,False
instcombine,hotcoldsplit,-0.006388424090720379,-1.3909526892764799,0.16430267963621234,2473,2451,0.8886940441949083,False
instcombine,irce,-0.005719896662500612,-1.2051259220593915,0.22821229630207512,2472,2482,0.9232760696075548,False
instcombine,nary-reassociate,-0.002631109629417039,-0.5772922013749899,0.5637682474679176,2462,2508,0.9656120029518516,False
instcombine,scalarizer,-0.0044938591376401105,-0.9421630603250855,0.3461547107872262,2491,2508,0.9362139119162718,False
instcombine,vector-combine,0.0011586984468977546,0.25339270105447964,0.7999749607635367,2543,2571,0.9836368063440127,False
instcombine,always-inline,0.002709924690233123,0.5818836552968863,0.56067076273643,2533,2579,0.9656120029518516,False
instcombine,globalsplit,0.00012906371746679302,0.028241267714279514,0.9774708303479606,2549,2546,0.9946962299724714,False
instcombine,lowerswitch,0.006384514781288431,1.391012718323064,0.1642833125428776,2414,2611,0.8886940441949083,False
instcombine,early-cse-memssa,-0.026949506533844314,-6.722270513286552,1.9837461092503525e-11,2597,2568,5.975653664480292e-09,True
instcombine,simple-loop-unswitch,-0.0026227718285626866,-0.5781954590028385,0.5631579234274099,2600,2484,0.9656120029518516,False
instcombine,loop-versioning,0.004428220138486927,0.9069901196289508,0.3644561603664409,2492,2479,0.9362139119162718,False
instcombine,loop-flatten,0.002923761556077431,0.6269440176184665,0.5307243358424919,2492,2549,0.9656120029518516,False
instcombine,loop-reroll,-0.0020658948296369273,-0.42535481515815565,0.670596761290383,2453,2467,0.975141818497267,False
instcombine,loop-instsimplify,-0.0008992965691376753,-0.19134798760876778,0.848260753027189,2568,2466,0.9870002285963028,False
instcombine,loop-simplifycfg,-0.005606124439095972,-1.2143300973920235,0.2246790306192871,2473,2566,0.9215325402308183,False
instcombine,loop-predication,-0.004248830210962007,-0.9206985330015081,0.35725162083461026,2492,2584,0.9362139119162718,False
instcombine,speculative-execution,0.007912750297837223,1.6563552857505734,0.09771277789913897,2532,2468,0.7990395200215817,False
instcombine,partially-inline-libcalls,0.0001538484405775309,0.033593539829186086,0.973202615456409,2456,2552,0.9932346158623248,False
instcombine,load-store-vectorizer,0.0023030362291777684,0.5007128059849051,0.616595299728628,2430,2577,0.9663854998208667,False
instcombine,iroutliner,0.0009282565680623911,0.20063723049698723,0.8409903948637102,2525,2491,0.9862005430341109,False
instcombine,global-merge,0.0003264834192578947,0.0719905427641135,0.9426122426156042,2679,2466,0.993162990687176,False
instcombine,break-crit-edges,0.0078705230508474,1.7277649150522703,0.08409262238993098,2494,2476,0.797365724520007,False
instcombine,unreachableblockelim,0.004060635589136163,0.9058039176240027,0.3650827694810384,2585,2481,0.9362139119162718,False
simplifycfg,tailcallelim,0.0036295221536871702,0.6674462295608669,0.5045174784622439,2518,2562,0.9617601825968374,False
simplifycfg,reassociate,0.004497350291960356,0.845290894763084,0.397988311502399,2536,2539,0.9387788987599427,False
simplifycfg,memcpyopt,0.0063429181739066975,1.1525448104874307,0.24915328614704735,2471,2450,0.923462493379908,False
simplifycfg,sccp,-0.00880700433434023,-1.6330305772529183,0.10252578151040245,2472,2522,0.8039373143348778,False
simplifycfg,dce,-0.0005958004268409312,-0.10864732327294817,0.9134866151550971,2474,2498,0.9897292090133071,False
simplifycfg,adce,-0.0006440563938297506,-0.11888296687455933,0.9053728784290763,2527,2450,0.9889544369739047,False
simplifycfg,dse,-0.005159717292885613,-0.9781102206455604,0.32806717208333064,2524,2486,0.9342495346719147,False
simplifycfg,jump-threading,-0.003802807314251533,-0.7160172675931988,0.47401443061480497,2533,2429,0.9576122218629731,False
simplifycfg,loop-idiom,0.00672730355301604,1.2423882088020568,0.21415094418658653,2475,2587,0.9053769260213016,False
simplifycfg,loop-deletion,-0.00852864027984701,-1.5351968071209448,0.12479965150044553,2518,2418,0.8389655755993107,False
simplifycfg,gvn,-0.0018959495850468522,-0.41690717862980736,0.6767638369882722,2543,2563,0.9757415586496205,False
simplifycfg,gvn-hoist,-0.00016421016453271875,-0.03061677346803781,0.9755763932344392,2492,2490,0.9936812097675248,False
simplifycfg,gvn-sink,-0.00654381490811512,-1.189166135937299,0.23443101646981174,2524,2458,0.923462493379908,False
simplifycfg,newgvn,0.0029867237452190776,0.7338619260410734,0.46306575570990066,2637,2606,0.9576122218629731,False
simplifycfg,early-cse,0.003834496144295929,0.8113817215743864,0.4171844898981891,2472,2632,0.938921317022563,False
simplifycfg,mergereturn,0.0012382301157798925,0.22827040937579002,0.8194453339075785,2521,2497,0.9862005430341109,False
simplifycfg,globalopt,0.005612277040505154,1.0115510142103343,0.31180083292130756,2558,2540,0.9261097314091098,False
simplifycfg,strip-dead-prototypes,-0.0014223408915415292,-0.25742040341445466,0.7968649941988488,2422,2513,0.9821784044925607,False
simplifycfg,indvars,-0.009583427395014499,-1.7467663423516113,0.08073935706998348,2516,2488,0.7968989516182841,False
simplifycfg,mergeicmps,0.004747190432230042,0.8701062757985688,0.3842842878296681,2511,2483,0.9372979316317167,False
simplifycfg,separate-const-offset-from-gep,0.0016185157878926826,0.291389695405238,0.7707656995657961,2409,2508,0.9819797179926498,False
simplifycfg,libcalls-shrinkwrap,-0.00438949422684165,-0.8130816409264023,0.4162097588218407,2542,2499,0.938921317022563,False
simplifycfg,flattencfg,0.003190700101408428,0.5868289612366177,0.557344754044969,2542,2529,0.9656120029518516,False
simplifycfg,loop-reduce,-0.0030475151320751848,-0.5578827321669272,0.5769495953231587,2457,2522,0.9658039733307087,False
simplifycfg,loop-unroll,0.0024444757496573377,0.4616675488767299,0.6443393436258094,2621,2537,0.9675126877850944,False
simplifycfg,loop-rotate,-0.0040296172636821725,-0.669132186438766,0.5034415259882644,2576,2520,0.9612272139298115,False
simplifycfg,partial-inliner,-0.0006867743200059673,-0.12583793792884224,0.8998652602282435,2494,2522,0.9887259997126645,False
simplifycfg,lower-expect,-0.0023270866188569994,-0.4409821130912519,0.6592449710723381,2519,2494,0.9719891968069564,False
simplifycfg,alignment-from-assumptions,0.0030930532411010403,0.563978546636034,0.5727940506081436,2536,2462,0.9656120029518516,False
simplifycfg,rpo-function-attrs,-0.0015748341974284874,-0.28562895052832543,0.7751744141469221,2419,2485,0.9819797179926498,False
simplifycfg,attributor,0.007347765814916807,1.4649134859449282,0.1430075174786228,2514,2511,0.8805305635947909,False
simplifycfg,inferattrs,-0.003441225393068681,-0.6491347784683453,0.5162807755170951,2522,2534,0.9619849369394112,False
simplifycfg,called-value-propagation,-0.003569566192617113,-0.6754383450204432,0.4994280296578062,2628,2470,0.9596467930029289,False
simplifycfg,licm,-0.00032980128460502467,-0.053379809483607564,0.9574314975663631,2436,2404,0.9932346158623248,False
simplifycfg,loop-simplify,0.007261916003973856,1.3309053365713959,0.18328128580464603,2446,2521,0.8936246540017126,False
simplifycfg,div-rem-pairs,-0.006710159683761874,-1.2604657232988459,0.2075599861917749,2515,2508,0.9053769260213016,False
simplifycfg,float2int,0.003690249610745544,0.6718162386940154,0.5017322257984091,2497,2444,0.9607742768834084,False
simplifycfg,inline,0.004647933679738148,0.8432097936659366,0.399151726736965,2444,2525,0.938921317022563,False
simplifycfg,sink,-0.005382587774782177,-0.9783526322284105,0.327946552939198,2544,2538,0.9342495346719147,False
simplifycfg,loop-vectorize,0.010045044994692442,1.7013765958213078,0.08893412380088464,2514,2518,0.7987384440285578,False
simplifycfg,slp-vectorizer,-0.013343981096156587,-2.4833994530321597,0.013046390707795136,2469,2501,0.4930388295009512,False
simplifycfg,callsite-splitting,-0.0005361321492203253,-0.10168679799154985,0.9190093233221222,2523,2535,0.9897292090133071,False
simplifycfg,dfa-jump-threading,0.0013511662425359505,0.24672936104269552,0.8051278717941055,2481,2492,0.9849601011517839,False
simplifycfg,consthoist,-0.0025259680302142096,-0.47610122604382665,0.6340233312948141,2455,2484,0.9663854998208667,False
simplifycfg,mldst-motion,0.0004000685707750695,0.07568026428181618,0.939676494745991,2466,2558,0.991585328328025,False
simplifycfg,slsr,-0.0018733721173089801,-0.3432173301609851,0.7314493032423309,2548,2494,0.9819797179926498,False
simplifycfg,loop-interchange,0.0036969785879307215,0.6837628920063884,0.4941566788632589,2437,2556,0.959250210099802,False
simplifycfg,loop-fusion,-0.006148274181993263,-1.1256579840052265,0.26036401562569295,2625,2418,0.9261097314091098,False
simplifycfg,loop-distribute,0.0032337943129758795,0.585789777236385,0.5580433872486164,2458,2530,0.9656120029518516,False
simplifycfg,loop-load-elim,0.001173375959992673,0.21481394720132893,0.8299209719259633,2584,2516,0.9862005430341109,False
simplifycfg,loop-sink,-0.0007006017313618274,-0.12878147872998538,0.8975357890399052,2447,2509,0.9887259997126645,False
simplifycfg,loop-unroll-and-jam,0.002832458850060504,0.5195646777513996,0.6033902008003066,2502,2480,0.9663854998208667,False
simplifycfg,hotcoldsplit,-0.004167111366244758,-0.7826968907509894,0.4338425930414689,2471,2482,0.950734523744487,False
simplifycfg,irce,-0.0018234787523758178,-0.3369078600446728,0.7362004546692961,2461,2559,0.9819797179926498,False
simplifycfg,nary-reassociate,-0.0019187466535705577,-0.35344766716201564,0.72376744591243,2637,2514,0.9819797179926498,False
simplifycfg,scalarizer,0.00874966402486671,1.6322749841383521,0.10268322840261117,2560,2550,0.8039373143348778,False
simplifycfg,vector-combine,-0.004691196112170837,-0.8705911353868885,0.384019657131669,2462,2534,0.9372979316317167,False
simplifycfg,always-inline,-0.00510323377712707,-0.9472425567783039,0.34356165137406114,2444,2488,0.9362139119162718,False
simplifycfg,globalsplit,-0.003642510458191861,-0.6778068143523577,0.4979258084759231,2507,2458,0.959250210099802,False
simplifycfg,lowerswitch,-0.0027261012589790967,-0.508503816417309,0.6111232499917256,2422,2419,0.9663854998208667,False
simplifycfg,early-cse-memssa,-0.0035854776257115972,-0.8591358867569358,0.39030616298902127,2600,2482,0.9387788987599427,False
simplifycfg,simple-loop-unswitch,-0.009757901218558518,-1.8125374500616342,0.06996241267513353,2529,2537,0.7648169515258737,False
simplifycfg,loop-versioning,0.009121329176769721,1.6511681171531627,0.09876782166132846,2506,2451,0.7990395200215817,False
simplifycfg,loop-flatten,-0.01058680691097591,-1.9543719546750653,0.05071240172528783,2547,2502,0.7437818919708881,False
simplifycfg,loop-reroll,-0.0009241894327408073,-0.16728913745063878,0.8671494013049452,2470,2470,0.9871386789273737,False
simplifycfg,loop-instsimplify,-0.003593990663208424,-0.6820790595390052,0.495219943288859,2532,2572,0.959250210099802,False
simplifycfg,loop-simplifycfg,-0.0037723643296311837,-0.6922259272727768,0.48882763773228094,2475,2522,0.959250210099802,False
simplifycfg,loop-predication,-0.007251105972333527,-1.3573993881571158,0.174714808151764,2543,2551,0.8936246540017126,False
simplifycfg,speculative-execution,0.007460648856710106,1.4181722107910408,0.1562017112293784,2564,2538,0.8871198774506207,False
simplifycfg,partially-inline-libcalls,0.0035893449926885923,0.6793194354518568,0.49696690721477,2476,2530,0.959250210099802,False
simplifycfg,load-store-vectorizer,0.005842877031719318,1.0797694632121297,0.28029790952058453,2475,2436,0.9261097314091098,False
simplifycfg,iroutliner,-0.004175817643421176,-0.791566831036296,0.4286505011005823,2506,2619,0.9476724624063392,False
simplifycfg,global-merge,-0.010429361329569065,-1.9125721388997055,0.05586110494602445,2494,2407,0.754611189830786,False
simplifycfg,break-crit-edges,-0.015747290171902018,-2.953892750405033,0.0031527391589904735,2469,2472,0.24453508460822584,False
simplifycfg,unreachableblockelim,0.0017262614622954864,0.3282204328319391,0.7427586772408246,2488,2539,0.9819797179926498,False
tailcallelim,reassociate,0.004987492780042624,0.91291203572838,0.361332370937086,2467,2587,0.9362139119162718,False
tailcallelim,memcpyopt,-0.00026966684333135094,-0.04964298104874645,0.9604088203815268,2569,2593,0.9932346158623248,False
tailcallelim,sccp,0.003544647965066372,0.6632491500080194,0.5072012711173167,2553,2499,0.9617601825968374,False
tailcallelim,dce,0.007496099370795317,1.3881306039984405,0.16515851830613482,2505,2549,0.8886940441949083,False
tailcallelim,adce,0.002468832670709853,0.45957780288092764,0.6458391310018525,2552,2503,0.9675808991214881,False
tailcallelim,dse,-0.006596189332203906,-1.243920622847381,0.21358760638782506,2518,2441,0.9053769260213016,False
tailcallelim,jump-threading,-0.002910005562262896,-0.5467098940062817,0.584602471386173,2552,2461,0.9663854998208667,False
tailcallelim,loop-idiom,-0.004064040336523911,-0.7532181069471582,0.4513544817856194,2531,2455,0.9558625890978588,False
tailcallelim,loop-deletion,-0.0040387822912369975,-0.7310654057307117,0.46477387020154326,2531,2430,0.9576122218629731,False
tailcallelim,gvn,0.006290016616875005,1.43445459221187,0.15150324941107157,2557,2607,0.8867721906400083,False
tailcallelim,gvn-hoist,0.005382401555660832,0.981737629015351,0.3262770984642249,2570,2441,0.9342495346719147,False
tailcallelim,gvn-sink,-0.0024805164436562666,-0.4575586266623766,0.6472893757433996,2559,2465,0.9678446717873818,False
tailcallelim,newgvn,-0.004213343402078851,-0.9903209469808283,0.3220649285009761,2540,2491,0.9342495346719147,False
tailcallelim,early-cse,-0.0002266371890362051,-0.047045984836816275,0.9624784913964916,2425,2505,0.9932346158623248,False
tailcallelim,mergereturn,-0.0057826185461590796,-1.0629717747039105,0.2878460792751066,2474,2529,0.9261097314091098,False
tailcallelim,globalopt,0.004572946319407911,0.826360118024797,0.408638919488928,2571,2477,0.938921317022563,False
tailcallelim,strip-dead-prototypes,0.0033068247039940157,0.6058053960728161,0.5446713606481174,2508,2520,0.9656120029518516,False
tailcallelim,indvars,-0.00605006200498015,-1.118265374599675,0.26350788231919353,2515,2443,0.9261097314091098,False
tailcallelim,mergeicmps,-0.0007826997060742524,-0.14704257097357776,0.8831042944651912,2458,2591,0.9878981187095685,False
tailcallelim,separate-const-offset-from-gep,0.0009440591899994577,0.17055818244471296,0.8645780824519734,2467,2536,0.9871386789273737,False
tailcallelim,libcalls-shrinkwrap,0.001584416861965643,0.28203979916661875,0.7779245600875782,2533,2532,0.9819797179926498,False
tailcallelim,flattencfg,0.008937191787635135,1.6498568433027092,0.09903431288727771,2517,2543,0.7990395200215817,False
tailcallelim,loop-reduce,-0.00027424192670771896,-0.051195659028486475,0.959171650872682,2515,2507,0.9932346158623248,False
tailcallelim,loop-unroll,-0.004933137474827043,-0.8998704343368644,0.3682326472024684,2539,2459,0.9362139119162718,False
tailcallelim,loop-rotate,-0.003436212700888952,-0.5884083289462393,0.5562844773948183,2499,2629,0.9656120029518516,False
tailcallelim,partial-inliner,0.008343247782341023,1.5220224183945732,0.1280664696049232,2515,2506,0.842321966054791,False
tailcallelim,lower-expect,-0.004782740691678555,-0.8775909040995608,0.38020895783927405,2410,2484,0.9372979316317167,False
tailcallelim,alignment-from-assumptions,-0.004215748022300014,-0.7651941751690386,0.4441919312097521,2505,2513,0.9541720255717987,False
tailcallelim,rpo-function-attrs,-0.0016650324248647097,-0.30709576892460955,0.758783392562672,2492,2463,0.9819797179926498,False
tailcallelim,attributor,-0.00016428818497565834,-0.03195701965171986,0.9745075907677099,2491,2557,0.9935359868384149,False
tailcallelim,inferattrs,0.0018713478817288243,0.3518643265559103,0.724954668470889,2522,2540,0.9819797179926498,False
tailcallelim,called-value-propagation,0.003293697339450341,0.6078084789081063,0.5433416410756725,2534,2558,0.9656120029518516,False
tailcallelim,licm,-0.001271906732443262,-0.2099940515861561,0.8336808261552615,2550,2479,0.9862005430341109,False
tailcallelim,loop-simplify,0.0009169314503564285,0.16875733894524989,0.8659942423360758,2530,2546,0.9871386789273737,False
tailcallelim,div-rem-pairs,-0.0010812278438274148,-0.2014167670592493,0.8403810111963174,2415,2543,0.9862005430341109,False
tailcallelim,float2int,-0.003409315352159936,-0.636091476978623,0.5247450632449151,2517,2653,0.9656120029518516,False
tailcallelim,inline,0.004167484003806066,0.7520534151726418,0.4520542265432868,2517,2505,0.9558625890978588,False
tailcallelim,sink,-0.003958494451643202,-0.7551308054382163,0.45020565183021455,2498,2565,0.9558625890978588,False
tailcallelim,loop-vectorize,0.0016197853478296387,0.2634053879439191,0.7922491278791858,2435,2518,0.9819797179926498,False
tailcallelim,slp-vectorizer,-0.004050102690381363,-0.736830372647692,0.4612608620317979,2411,2485,0.9576122218629731,False
tailcallelim,callsite-splitting,-0.01544279907187629,-2.8155666635099017,0.004888264003276496,2524,2523,0.3009620559067756,False
tailcallelim,dfa-jump-threading,-0.010888529689598692,-2.0313881197789856,0.04226813202126336,2466,2574,0.6893372254732842,False
tailcallelim,consthoist,-0.00036161412895502343,-0.06592492118530084,0.9474402715814617,2450,2491,0.993162990687176,False
tailcallelim,mldst-motion,-0.00018257149618305935,-0.03301502264506009,0.9736639457233606,2488,2440,0.9932346158623248,False
tailcallelim,slsr,-0.008278949207684072,-1.5196762386461582,0.12865516748901779,2616,2437,0.8424140754160823,False
tailcallelim,loop-interchange,-0.0071293855511395665,-1.2759848208938054,0.20202103053010617,2433,2509,0.9019279317717096,False
tailcallelim,loop-fusion,0.011102047363401701,2.0403923136601296,0.04136328580950013,2535,2530,0.6893372254732842,False
tailcallelim,loop-distribute,0.0003545874491601708,0.06551616457025891,0.9477656016848766,2581,2538,0.993162990687176,False
tailcallelim,loop-load-elim,0.0029898483192843384,0.5646370512865518,0.572345807023691,2507,2531,0.9656120029518516,False
tailcallelim,loop-sink,0.0016952051508231092,0.31436377724892023,0.7532582553119296,2455,2408,0.9819797179926498,False
tailcallelim,loop-unroll-and-jam,0.0027189209468042597,0.4916325170246763,0.6230001870420445,2575,2557,0.9663854998208667,False
tailcallelim,hotcoldsplit,-0.006496000078386521,-1.158391346271994,0.24676036749348876,2470,2498,0.923462493379908,False
tailcallelim,irce,0.0029529031665881944,0.5496417897832905,0.5825890803972367,2541,2580,0.9663854998208667,False
tailcallelim,nary-reassociate,0.0038346136941589948,0.7073592759727058,0.47937559205810276,2563,2535,0.9582617756506026,False
tailcallelim,scalarizer,0.007890890933815953,1.4522495577084447,0.14649541063638524,2515,2465,0.8825861989128816,False
tailcallelim,vector-combine,-0.0002520619630204113,-0.04532697002184873,0.9638485235801842,2505,2435,0.9932346158623248,False
tailcallelim,always-inline,0.002246634884155385,0.41481433262176504,0.6782956169578542,2516,2495,0.9757415586496205,False
tailcallelim,globalsplit,0.0005511822394801413,0.1028896303271209,0.918054734136883,2442,2512,0.9897292090133071,False
tailcallelim,lowerswitch,-0.0012988369482881401,-0.24296696754253766,0.8080410420708063,2456,2505,0.9858456523643213,False
tailcallelim,early-cse-memssa,0.0004355648745883456,0.10438082190637032,0.916871230139315,2573,2549,0.9897292090133071,False
tailcallelim,simple-loop-unswitch,-0.0021336476316567987,-0.3907061670930956,0.6960309609234053,2500,2587,0.9802307257169508,False
tailcallelim,loop-versioning,0.0004585513304189437,0.07740065656613507,0.9383078849700006,2551,2501,0.9908026409910448,False
tailcallelim,loop-flatten,-0.0035971769314038227,-0.6613238323094875,0.5084354675247815,2589,2388,0.9617601825968374,False
tailcallelim,loop-reroll,-0.004610204742888202,-0.8518926829077793,0.3943139617744427,2525,2541,0.9387788987599427,False
tailcallelim,loop-instsimplify,-0.01281853296923402,-2.4232728553255516,0.01541598348345399,2517,2595,0.5245017787144132,False
tailcallelim,loop-simplifycfg,-0.0007363502589251558,-0.1345532616988338,0.8929705634187961,2512,2445,0.9878981187095685,False
tailcallelim,loop-predication,-0.011103369056907286,-2.046625863956243,0.04074696926408282,2499,2512,0.6893372254732842,False
tailcallelim,speculative-execution,0.0014830080353255282,0.2641809315365946,0.7916514938596516,2509,2456,0.9819797179926498,False
tailcallelim,partially-inline-libcalls,0.006268826346713552,1.1123503637583279,0.2660412014300464,2466,2519,0.9261097314091098,False
tailcallelim,load-store-vectorizer,0.0019521622770816704,0.35139779994518855,0.7253050726424555,2418,2475,0.9819797179926498,False
tailcallelim,iroutliner,-0.004652821816138075,-0.8542066828960022,0.3930310029331699,2531,2540,0.9387788987599427,False
tailcallelim,global-merge,0.0006012125297172877,0.10721830296959489,0.9146200671399438,2485,2565,0.9897292090133071,False
tailcallelim,break-crit-edges,0.00615393605580522,1.1271668114301108,0.2597269931668174,2489,2438,0.9261097314091098,False
tailcallelim,unreachableblockelim,0.0001329717802146524,0.023942889742858908,0.9808991034332638,2544,2546,0.9946962299724714,False
reassociate,memcpyopt,-0.010510683324797765,-2.001757353894867,0.04536337924728218,2577,2570,0.7093283140586943,False
reassociate,sccp,0.0015706805554442371,0.29686636755046114,0.7665807050217561,2479,2589,0.9819797179926498,False
reassociate,dce,5.2569563249671436e-05,0.00977525738331537,0.9922009872255415,2540,2463,0.9965270751411184,False
reassociate,adce,-0.005696683653819312,-1.023339186343522,0.306197366805898,2462,2511,0.9261097314091098,False
reassociate,dse,0.0030838672464074124,0.6068437156026382,0.5439826297953371,2442,2481,0.9656120029518516,False
reassociate,jump-threading,-0.0009933539913478673,-0.19015772200093295,0.8491932618210457,2481,2527,0.9870002285963028,False
reassociate,loop-idiom,0.005191087677607065,0.9859986239657037,0.3241806864527553,2551,2543,0.9342495346719147,False
reassociate,loop-deletion,-0.0073138095852201546,-1.3702323869923738,0.1706743987627251,2550,2578,0.8936246540017126,False
reassociate,gvn,0.0042876603206425945,0.9491907705999925,0.34256915849101865,2489,2557,0.9362139119162718,False
reassociate,gvn-hoist,-0.008581863157649028,-1.6151648150406335,0.10633786527737198,2554,2467,0.8039373143348778,False
reassociate,gvn-sink,0.005613284516540917,1.0505513724585933,0.29351451303058934,2551,2546,0.9261097314091098,False
reassociate,newgvn,-0.0019216667705283519,-0.4367494387740489,0.6623125161327351,2439,2428,0.9735795094503719,False
reassociate,early-cse,-0.009739573979915483,-2.058712929945751,0.03957335329613864,2452,2560,0.6893372254732842,False
reassociate,mergereturn,0.008161756185036617,1.4862824812818896,0.13726790888441628,2519,2464,0.8670018245022163,False
reassociate,globalopt,0.004800867724262414,0.8997434908702949,0.368300460121936,2493,2484,0.9362139119162718,False
reassociate,strip-dead-prototypes,0.004604368505757739,0.8552827722726682,0.392435749627272,2534,2464,0.9387788987599427,False
reassociate,indvars,0.001114641270990202,0.20322987214247065,0.8389639016475218,2423,2442,0.9862005430341109,False
reassociate,mergeicmps,0.006168418762095007,1.1469462993125983,0.2514581484830092,2515,2541,0.923462493379908,False
reassociate,separate-const-offset-from-gep,-0.008462827862634414,-1.5837681704710311,0.11330945193443699,2530,2500,0.8126736516030316,False
reassociate,libcalls-shrinkwrap,-0.000849586160821536,-0.1539506898958936,0.8776547143207847,2559,2537,0.9878311966791359,False
reassociate,flattencfg,-0.0034467451685861183,-0.6592350491658117,0.5097758626526733,2471,2427,0.9617601825968374,False
reassociate,loop-reduce,0.003589295178637486,0.6938639890963167,0.4877994428582726,2507,2544,0.959250210099802,False
reassociate,loop-unroll,0.0008600331757682156,0.1616408237252848,0.8715951010949305,2527,2584,0.9878311966791359,False
reassociate,loop-rotate,-0.0012511438500708016,-0.21186261374345788,0.8322230996354167,2437,2427,0.9862005430341109,False
reassociate,partial-inliner,-0.0016257833758666074,-0.29873300204549064,0.7651562161993105,2446,2547,0.9819797179926498,False
reassociate,lower-expect,0.0035654457334993728,0.656316494404188,0.5116500887535305,2544,2570,0.9617601825968374,False
reassociate,alignment-from-assumptions,0.004070914475746035,0.7684937369479324,0.4422296018954616,2552,2537,0.9539093340179844,False
reassociate,rpo-function-attrs,-0.0010573376346126317,-0.1978395769500944,0.8431785870821307,2467,2559,0.9862005430341109,False
reassociate,attributor,-0.014100038820780203,-2.7280346236415545,0.006394099636752441,2420,2485,0.3526661151763741,False
reassociate,inferattrs,-0.0003277916361229538,-0.06159704577809669,0.9508861329231353,2599,2538,0.9931662807812082,False
reassociate,called-value-propagation,-0.010203246249694597,-1.9042464767125267,0.056935081052898906,2494,2552,0.754611189830786,False
reassociate,licm,0.0037456537136923984,0.6255878423801959,0.531613641255384,2535,2509,0.9656120029518516,False
reassociate,loop-simplify,0.000252717843968131,0.04651418247922343,0.962902314435311,2517,2426,0.9932346158623248,False
reassociate,div-rem-pairs,-0.0010678604526753732,-0.1987352963310453,0.8424778065607859,2571,2487,0.9862005430341109,False
reassociate,float2int,0.00653635326696167,1.1852221987466267,0.23598616346318407,2467,2515,0.923462493379908,False
reassociate,inline,-0.003508201070626271,-0.6465793852473691,0.5179342262973676,2468,2478,0.9630404308314146,False
reassociate,sink,-0.0016399917432787237,-0.3029583399403813,0.7619339726544778,2567,2533,0.9819797179926498,False
reassociate,loop-vectorize,0.004313973266152071,0.736146272511722,0.4616758654935208,2557,2511,0.9576122218629731,False
reassociate,slp-vectorizer,0.0001288240626636794,0.023553607611400643,0.9812096091417405,2517,2540,0.9946962299724714,False
reassociate,callsite-splitting,-0.000528854898825537,-0.09645998386512915,0.9231592078487787,2418,2474,0.9897292090133071,False
reassociate,dfa-jump-threading,-0.008013172146736636,-1.477776341087922,0.13953053898249007,2524,2486,0.8688528143101889,False
reassociate,consthoist,0.0032978173504721875,0.6005606496613681,0.5481597393655678,2522,2510,0.9656120029518516,False
reassociate,mldst-motion,0.010121730705733634,1.9120558530447507,0.055926175288922964,2481,2521,0.754611189830786,False
reassociate,slsr,0.006418696337628316,1.2121181738337943,0.2255224546635247,2568,2612,0.9228275156346527,False
reassociate,loop-interchange,0.002921237886265249,0.5271892976894551,0.5980852630826672,2508,2552,0.9663854998208667,False
reassociate,loop-fusion,-0.0011852782116598681,-0.223583320725897,0.8230903733961457,2582,2596,0.9862005430341109,False
reassociate,loop-distribute,0.005566350954953947,1.0160565758635058,0.30965233424012734,2519,2415,0.9261097314091098,False
reassociate,loop-load-elim,0.00010913420409003338,0.02026393000205732,0.9838336225724474,2540,2561,0.9951603379292009,False
reassociate,loop-sink,0.001267671313251506,0.23290992765152269,0.8158410805250118,2464,2442,0.9862005430341109,False
reassociate,loop-unroll-and-jam,0.0005664243285000148,0.1024507390758599,0.9184031063128546,2483,2420,0.9897292090133071,False
reassociate,hotcoldsplit,-0.005656756220639547,-1.0264027702592051,0.30475227951787226,2440,2512,0.9261097314091098,False
reassociate,irce,0.010906838073713787,2.036557871554848,0.04174688943709366,2490,2518,0.6893372254732842,False
reassociate,nary-reassociate,0.0008557953328843237,0.15579640537400138,0.8761999104320254,2462,2453,0.9878311966791359,False
reassociate,scalarizer,0.0061430692790482855,1.1448336532426022,0.25233321122740504,2497,2476,0.923462493379908,False
reassociate,vector-combine,-0.004002196681315073,-0.7314571019040751,0.4645344383785021,2474,2505,0.9576122218629731,False
reassociate,always-inline,0.00617669646662744,1.1543055657077517,0.2484298421198889,2516,2508,0.923462493379908,False
reassociate,globalsplit,0.014284876263593038,2.718720703385355,0.006576818169614227,2418,2432,0.3577058326695738,False
reassociate,lowerswitch,-0.014279358455037527,-2.5915252206853303,0.009583038432016654,2480,2507,0.44360012412688576,False
reassociate,early-cse-memssa,0.014759194371576134,3.2878410085636576,0.0010167140101883195,2496,2477,0.11710153129110175,False
reassociate,simple-loop-unswitch,0.004217839470378293,0.8093448090847679,0.4183554208387531,2517,2479,0.938921317022563,False
reassociate,loop-versioning,-0.006310425380550433,-1.0947549657148632,0.2736761470355404,2548,2511,0.9261097314091098,False
reassociate,loop-flatten,0.005809788825793194,1.0653540071090253,0.2867687050078963,2433,2431,0.9261097314091098,False
reassociate,loop-reroll,0.004066557522371783,0.7586041834452445,0.4481241323133879,2552,2593,0.9552825814584794,False
reassociate,loop-instsimplify,0.0025155109534329423,0.46879150274849024,0.6392388817855232,2572,2498,0.9663854998208667,False
reassociate,loop-simplifycfg,-0.0009664714765499904,-0.1794246376518579,0.857611472715239,2586,2483,0.9870002285963028,False
reassociate,loop-predication,0.0006719422488855598,0.1270436904675139,0.8989109171864271,2541,2476,0.9887259997126645,False
reassociate,speculative-execution,-0.001743018980051192,-0.3096568485790177,0.7568349142209706,2480,2488,0.9819797179926498,False
reassociate,partially-inline-libcalls,-0.004892957213445626,-0.9317801809173382,0.3514940933982629,2499,2636,0.9362139119162718,False
reassociate,load-store-vectorizer,-0.0037326499623241416,-0.6996953651935451,0.4841496520982885,2499,2578,0.959012571040916,False
reassociate,iroutliner,0.0009186288185480396,0.17170085991726525,0.8636796962515761,2575,2428,0.9871386789273737,False
reassociate,global-merge,0.0040791833018242185,0.7563178621806147,0.4494937922383772,2481,2595,0.9556013520116641,False
reassociate,break-crit-edges,0.0012002371885472818,0.2192502525116511,0.826464213731341,2473,2448,0.9862005430341109,False
reassociate,unreachableblockelim,0.0032448834309669605,0.6152421027082772,0.5384225293703769,2482,2595,0.9656120029518516,False
memcpyopt,sccp,0.00227834617608752,0.42052030787105876,0.6741233131473968,2526,2525,0.9754681153759602,False
memcpyopt,dce,-0.004771086950425052,-0.9035928136511822,0.3662548203361949,2480,2551,0.9362139119162718,False
memcpyopt,adce,0.003915775131579813,0.7258199109902409,0.4679831858700213,2500,2497,0.9576122218629731,False
memcpyopt,dse,-0.0007052654881025688,-0.13578410830507573,0.8919973430113436,2579,2496,0.9878981187095685,False
memcpyopt,jump-threading,-0.0037235648924163756,-0.6801339021143946,0.49645152173856705,2474,2476,0.959250210099802,False
memcpyopt,loop-idiom,-0.006576462720495502,-1.2037779721629163,0.2287317396605571,2539,2521,0.9232760696075548,False
memcpyopt,loop-deletion,0.006414509274461244,1.1808660445802153,0.23771252134472223,2506,2473,0.923462493379908,False
memcpyopt,gvn,0.0013280377192514403,0.2825400400770363,0.7775414757947255,2423,2442,0.9819797179926498,False
memcpyopt,gvn-hoist,0.015977799799117065,2.868525219939388,0.004141073273461628,2543,2511,0.27938358876605235,False
memcpyopt,gvn-sink,-0.0033484865899157112,-0.6229118898403825,0.5333709199354207,2442,2557,0.9656120029518516,False
memcpyopt,newgvn,-0.0009462068078978092,-0.21613133706573223,0.828894268412315,2478,2480,0.9862005430341109,False
memcpyopt,early-cse,-0.0048939777647332705,-0.9780945876951749,0.32807623186692403,2426,2491,0.9342495346719147,False
memcpyopt,mergereturn,-0.0026143735211771046,-0.48209483541013853,0.6297595173974522,2542,2501,0.9663854998208667,False
memcpyopt,globalopt,-0.004161394396946794,-0.7453883357371707,0.4560738479677337,2339,2425,0.9574732036677805,False
memcpyopt,strip-dead-prototypes,-0.0024210670546569446,-0.4464938323899241,0.6552597553972063,2524,2519,0.9715957741718303,False
memcpyopt,indvars,-0.0017265567465744036,-0.31599697954976314,0.7520177407055103,2529,2572,0.9819797179926498,False
memcpyopt,mergeicmps,0.006006045318372788,1.1175241006272971,0.26382338194445687,2549,2523,0.9261097314091098,False
memcpyopt,separate-const-offset-from-gep,0.005057174355101002,0.9432160205625891,0.34561430294053824,2538,2674,0.9362139119162718,False
memcpyopt,libcalls-shrinkwrap,-0.0019585507580339723,-0.3562057174239204,0.7217014925952548,2531,2487,0.9819797179926498,False
memcpyopt,flattencfg,0.0067483640937376355,1.2447471079476478,0.21328381696201718,2488,2456,0.9053769260213016,False
memcpyopt,loop-reduce,0.0009654245985047383,0.17599032855964444,0.8603085921740485,2516,2547,0.9870002285963028,False
memcpyopt,loop-unroll,-0.0018797350990266692,-0.3440814053735336,0.7307993882139451,2573,2489,0.9819797179926498,False
memcpyopt,loop-rotate,0.007077331042609436,1.190711211589719,0.23382217772292938,2628,2511,0.923462493379908,False
memcpyopt,partial-inliner,-0.003780439720618034,-0.6928014749491509,0.4884656023029976,2518,2612,0.959250210099802,False
memcpyopt,lower-expect,0.0036961457651238927,0.6801903838654104,0.4964156758212503,2473,2488,0.959250210099802,False
memcpyopt,alignment-from-assumptions,0.0019317797682165128,0.35361902162454206,0.7236392575836644,2528,2500,0.9819797179926498,False
memcpyopt,rpo-function-attrs,0.001578372281848428,0.2884168256735973,0.7730400048176975,2411,2452,0.9819797179926498,False
memcpyopt,attributor,-0.009027904836239609,-1.8903071805418745,0.05877334343676959,2584,2537,0.754611189830786,False
memcpyopt,inferattrs,0.005178951368696727,0.9346138113865029,0.3500332690302202,2431,2490,0.9362139119162718,False
memcpyopt,called-value-propagation,-0.0018687153111684451,-0.34004051855072454,0.7338402217820873,2504,2525,0.9819797179926498,False
memcpyopt,licm,-0.009373653369529333,-1.5462656553189733,0.1221036592926659,2526,2480,0.8359404366959434,False
memcpyopt,loop-simplify,-0.00617894993364182,-1.1446604592768286,0.25240440930183694,2487,2565,0.923462493379908,False
memcpyopt,div-rem-pairs,0.001611221593207146,0.2945048308511948,0.7683839956220977,2612,2561,0.9819797179926498,False
memcpyopt,float2int,-0.003728860289430924,-0.6883208561475731,0.4912830726461404,2473,2495,0.959250210099802,False
memcpyopt,inline,0.007190266037509774,1.2803184747518543,0.2004933220710097,2515,2450,0.9004139838184037,False
memcpyopt,sink,0.005919307264308171,1.070904481938305,0.28426345950961346,2507,2555,0.9261097314091098,False
memcpyopt,loop-vectorize,-0.007225461560989188,-1.198042611539296,0.23095771811718918,2482,2481,0.923462493379908,False
memcpyopt,slp-vectorizer,0.0033463367712460723,0.6072597613139998,0.5437061581217881,2499,2495,0.9656120029518516,False
memcpyopt,callsite-splitting,-0.005562700886028393,-1.0218181075455868,0.3069172545607091,2493,2428,0.9261097314091098,False
memcpyopt,dfa-jump-threading,-0.005497439886236299,-0.9956641148034692,0.3194611556288338,2520,2526,0.9321981262611873,False
memcpyopt,consthoist,0.01140176620397959,2.0459144596915877,0.04081727648495346,2527,2457,0.6893372254732842,False
memcpyopt,mldst-motion,0.0006828854947565355,0.12579549810272095,0.8998988077658749,2520,2540,0.9887259997126645,False
memcpyopt,slsr,0.0028628756385568055,0.5119931700872364,0.6086783587754082,2450,2575,0.9663854998208667,False
memcpyopt,loop-interchange,0.0056998145196749395,1.0276666029495993,0.304155785565854,2502,2562,0.9261097314091098,False
memcpyopt,loop-fusion,-0.008515706483250896,-1.6066097663909196,0.10820254640904833,2535,2524,0.8039373143348778,False
memcpyopt,loop-distribute,0.003676924103060031,0.6807774476600111,0.49604413247227586,2499,2458,0.959250210099802,False
memcpyopt,loop-load-elim,-0.004257081738130775,-0.7787475437914724,0.43616500383268275,2527,2515,0.9517148844755156,False
memcpyopt,loop-sink,0.007312856398470513,1.3336399716439087,0.18238425852820545,2410,2479,0.8936246540017126,False
memcpyopt,loop-unroll-and-jam,-0.005129348203367523,-0.9168601904373413,0.3592618506560792,2374,2499,0.9362139119162718,False
memcpyopt,hotcoldsplit,0.0006644003631253725,0.12175086626972487,0.9031012444547175,2500,2482,0.9889544369739047,False
memcpyopt,irce,-0.001588073126199685,-0.2950838123264638,0.7679420104263883,2478,2573,0.9819797179926498,False
memcpyopt,nary-reassociate,-0.006460547673726558,-1.1576703678740772,0.24705268833240562,2535,2577,0.923462493379908,False
memcpyopt,scalarizer,0.0022881031693420817,0.42707713281565557,0.6693413292393334,2540,2526,0.975141818497267,False
memcpyopt,vector-combine,0.003624755142161873,0.6592830886367564,0.5097445455776602,2571,2463,0.9617601825968374,False
memcpyopt,always-inline,-0.007273076198232531,-1.345423955475376,0.17855038549700938,2434,2499,0.8936246540017126,False
memcpyopt,globalsplit,-0.0019178963315635844,-0.3621492026327005,0.7172555155333421,2613,2503,0.9819797179926498,False
memcpyopt,lowerswitch,-0.00045290520422713865,-0.08482261956200027,0.9324057893372404,2483,2548,0.9901925823858527,False
memcpyopt,early-cse-memssa,-0.005276027979785991,-1.2480543114243552,0.21206832377940035,2576,2576,0.9053769260213016,False
memcpyopt,simple-loop-unswitch,-0.0010728125579729797,-0.1952938954344441,0.8451708433152391,2438,2568,0.9862005430341109,False
memcpyopt,loop-versioning,0.007204433702171664,1.2506038048749821,0.2111379204543698,2506,2480,0.9053769260213016,False
memcpyopt,loop-flatten,8.391936793683552e-05,0.015364197274676781,0.9877422393713029,2504,2499,0.9951603379292009,False
memcpyopt,loop-reroll,0.005065301219799423,0.9510978346238942,0.34159878318345693,2646,2585,0.9362139119162718,False
memcpyopt,loop-instsimplify,0.002945983272028052,0.54449742921295,0.5861236014498858,2446,2535,0.9663854998208667,False
memcpyopt,loop-simplifycfg,0.003081019152502751,0.57503981363972,0.5652904303404054,2569,2434,0.9656120029518516,False
memcpyopt,loop-predication,-0.008648839226636673,-1.603005907199854,0.10899592980111779,2501,2565,0.8039373143348778,False
memcpyopt,speculative-execution,0.002665200918604449,0.49857511912594576,0.6181005646444856,2612,2438,0.9663854998208667,False
memcpyopt,partially-inline-libcalls,-0.0018451841535167546,-0.34429923972806364,0.7306352653643559,2646,2525,0.9819797179926498,False
memcpyopt,load-store-vectorizer,0.0014803241459325212,0.2755260835589847,0.7829233206011751,2521,2550,0.9819797179926498,False
memcpyopt,iroutliner,-0.001264597945135837,-0.24101272404490628,0.8095549411919443,2623,2494,0.9858456523643213,False
memcpyopt,global-merge,-0.0012492615971205767,-0.23081580161125398,0.8174675789337963,2484,2399,0.9862005430341109,False
memcpyopt,break-crit-edges,-0.0008376093129736084,-0.15262931406613184,0.8786966953070786,2536,2527,0.9878311966791359,False
memcpyopt,unreachableblockelim,-0.012049951765923217,-2.148848729574445,0.0316943185264885,2509,2499,0.6498164992132406,False
sccp,dce,-0.013887571390028275,-2.585614643671324,0.009748302145472343,2565,2489,0.44360012412688576,False
sccp,adce,-0.004716383762507159,-0.8656418652125362,0.386728195259616,2485,2536,0.9387788987599427,False
sccp,dse,0.0025909158371799634,0.4755377063541827,0.6344252799407821,2385,2463,0.9663854998208667,False
sccp,jump-threading,-0.0026452207361541413,-0.4768589721524486,0.6334830053045423,2535,2569,0.9663854998208667,False
sccp,loop-idiom,0.002238768112319378,0.4189646936495905,0.6752592512653305,2656,2547,0.9754681153759602,False
sccp,loop-deletion,0.00038584611295866544,0.06889403730135857,0.9450767515690732,2557,2435,0.993162990687176,False
sccp,gvn,-0.00122332772107564,-0.2837893163342978,0.7765837780625873,2500,2434,0.9819797179926498,False
sccp,gvn-hoist,-0.011894376109980342,-2.132654035216302,0.03300230312005396,2469,2492,0.6560254772493974,False
sccp,gvn-sink,-0.004233828275586826,-0.7718634837609186,0.44023157419566056,2502,2527,0.9539093340179844,False
sccp,newgvn,-0.008212790802799463,-1.913523817603652,0.055737700294303034,2557,2479,0.754611189830786,False
sccp,early-cse,0.0031438977774327914,0.6530027657877158,0.51378474177206,2508,2469,0.9617601825968374,False
sccp,mergereturn,-0.004786447113055814,-0.8820595664620755,0.37778626188145575,2536,2560,0.9372979316317167,False
sccp,globalopt,0.007553270576846127,1.3341595721041213,0.18221271652947701,2488,2485,0.8936246540017126,False
sccp,strip-dead-prototypes,0.0038895704483474236,0.705873628790806,0.480299653558188,2519,2493,0.9584453421215212,False
sccp,indvars,-0.0031552363391531557,-0.5877710387711806,0.5567125150742117,2504,2509,0.9656120029518516,False
sccp,mergeicmps,0.0016597295515242694,0.30273463713918997,0.7621046676021767,2525,2487,0.9819797179926498,False
sccp,separate-const-offset-from-gep,-0.00577597409014724,-1.0611130723568671,0.2886903821250253,2447,2501,0.9261097314091098,False
sccp,libcalls-shrinkwrap,0.0011017781208710886,0.19659991501686302,0.8441487341147199,2449,2493,0.9862005430341109,False
sccp,flattencfg,0.005895124099912552,1.0641666871572575,0.2873053713074823,2531,2407,0.9261097314091098,False
sccp,loop-reduce,-0.014118370145087378,-2.5965408435325266,0.00944493426823987,2470,2431,0.44360012412688576,False
sccp,loop-unroll,-0.0010707023003596605,-0.19582962709767893,0.8447514250416728,2553,2495,0.9862005430341109,False
sccp,loop-rotate,-0.013016854656342447,-2.163178202128543,0.030575347149977346,2458,2478,0.6358844367825872,False
sccp,partial-inliner,0.0035537294787595375,0.643521655106977,0.5199148390946099,2485,2576,0.9631045171917473,False
sccp,lower-expect,0.00424662308917656,0.7806011706613791,0.4350742127258656,2481,2500,0.951072365565869,False
sccp,alignment-from-assumptions,-0.0072343483462364855,-1.3370118167208622,0.18128013257752862,2551,2414,0.8936246540017126,False
sccp,rpo-function-attrs,-0.0023364531516188447,-0.42268709398633336,0.6725419097832627,2439,2550,0.9754681153759602,False
sccp,attributor,0.0011682698175053963,0.23965895101120896,0.8106041772274228,2597,2567,0.9858456523643213,False
sccp,inferattrs,-0.0002677698361347458,-0.04898281089403391,0.9609349411545688,2481,2569,0.9932346158623248,False
sccp,called-value-propagation,-0.003936226658792119,-0.7005556410134476,0.48361373410218944,2472,2421,0.959012571040916,False
sccp,licm,0.006392563658514039,1.0461672032156402,0.2955346819736737,2495,2481,0.9261097314091098,False
sccp,loop-simplify,-0.003871541046821969,-0.7159072539170372,0.47408182677024724,2495,2541,0.9576122218629731,False
sccp,div-rem-pairs,-0.005508513169090012,-1.0126928677041844,0.3112557470450715,2507,2510,0.9261097314091098,False
sccp,float2int,0.007280802726820912,1.326866446470855,0.18461244767297894,2560,2541,0.8936246540017126,False
sccp,inline,-0.0011938229813273638,-0.21737627980478527,0.8279240641528731,2519,2442,0.9862005430341109,False
sccp,sink,0.0016137027396340708,0.29671640910826835,0.766695247457085,2565,2485,0.9819797179926498,False
sccp,loop-vectorize,-0.006267223937269084,-1.0313082024690794,0.30244682120342997,2437,2528,0.9261097314091098,False
sccp,slp-vectorizer,0.005321368276754224,0.931551678993745,0.35161426405272234,2444,2459,0.9362139119162718,False
sccp,callsite-splitting,0.0005941731561044383,0.10944124743160032,0.9128568227526006,2540,2565,0.9897292090133071,False
sccp,dfa-jump-threading,0.0004929628217515414,0.09276245737825668,0.9260958578715518,2607,2587,0.9898271274249525,False
sccp,consthoist,0.000767037163705242,0.13713569803002015,0.8909290976899413,2520,2448,0.9878981187095685,False
sccp,mldst-motion,0.0035682013007699576,0.6617317554672628,0.5081737730858533,2472,2535,0.9617601825968374,False
sccp,slsr,0.004026905193874164,0.7262679851854548,0.46770840479265396,2527,2489,0.9576122218629731,False
sccp,loop-interchange,-0.0017403229725048153,-0.3156768893479622,0.7522607133126089,2551,2558,0.9819797179926498,False
sccp,loop-fusion,0.0014972927003242265,0.2769794449326295,0.7818072060279665,2553,2512,0.9819797179926498,False
sccp,loop-distribute,-0.003314085491878338,-0.6106774579696184,0.5414413854254455,2447,2471,0.9656120029518516,False
sccp,loop-load-elim,0.006083607223104359,1.1219871808525743,0.2619214191651277,2529,2510,0.9261097314091098,False
sccp,loop-sink,-0.015184631663981485,-2.8338876648965408,0.004616955635818677,2499,2516,0.29639341426009735,False
sccp,loop-unroll-and-jam,0.007322767814675668,1.31387767640868,0.1889486319347204,2453,2469,0.8946881968616551,False
sccp,hotcoldsplit,0.006530378667486736,1.216665165841282,0.22378931394949267,2487,2495,0.9215325402308183,False
sccp,irce,-0.000979152895716151,-0.18663649283556538,0.8519530450179181,2591,2550,0.9870002285963028,False
sccp,nary-reassociate,0.0016546802757353984,0.298656438534664,0.7652146156057903,2454,2560,0.9819797179926498,False
sccp,scalarizer,-0.01208188107117153,-2.1166174985425124,0.03434167354116179,2470,2554,0.6621645967994382,False
sccp,vector-combine,0.001581271127394035,0.2828694307545622,0.7772889364308511,2417,2461,0.9819797179926498,False
sccp,always-inline,-0.009306809814091377,-1.6640054352303384,0.09617322855424248,2532,2546,0.7990395200215817,False
sccp,globalsplit,-0.0074190289623041195,-1.2959233414804545,0.1950647427099688,2370,2416,0.9004139838184037,False
sccp,lowerswitch,-0.0038284983757555513,-0.704608541589846,0.4810871291645303,2465,2474,0.9584453421215212,False
sccp,early-cse-memssa,0.00375682179959147,0.8716107522017156,0.38346445473997326,2355,2485,0.9372979316317167,False
sccp,simple-loop-unswitch,0.0007662266606768275,0.1410168957946912,0.8878622497253918,2473,2554,0.9878981187095685,False
sccp,loop-versioning,-0.002689052975535844,-0.4758829707751332,0.6341784341339672,2512,2528,0.9663854998208667,False
sccp,loop-flatten,0.002061813675096058,0.37969004042487453,0.7041918518274191,2448,2491,0.9802307257169508,False
sccp,loop-reroll,0.002696074969893214,0.4812764423933985,0.6303413222164072,2476,2476,0.9663854998208667,False
sccp,loop-instsimplify,0.0003641693589716555,0.06823279775114677,0.9456030416571556,2536,2477,0.993162990687176,False
sccp,loop-simplifycfg,0.0070674514276180544,1.3148627677759774,0.18861489501544415,2544,2581,0.8946881968616551,False
sccp,loop-predication,0.009011505336398329,1.6360180699502564,0.1018993187771669,2472,2485,0.8039373143348778,False
sccp,speculative-execution,-0.006078895575903076,-1.1118356430769245,0.26626211340141864,2457,2572,0.9261097314091098,False
sccp,partially-inline-libcalls,0.00089558126847189,0.16047559736360206,0.8725129947038824,2453,2497,0.9878311966791359,False
sccp,load-store-vectorizer,0.0023597260304624723,0.43580558347286924,0.6629967972168137,2431,2523,0.9736773567453801,False
sccp,iroutliner,0.009588869553678991,1.8651346703763239,0.06221986961732413,2512,2594,0.7569390838893625,False
sccp,global-merge,-0.0030184254699761603,-0.5542125733039163,0.5794579760271965,2559,2484,0.9658039733307087,False
sccp,break-crit-edges,-0.0015339112336971716,-0.2720211417166417,0.7856170506031152,2511,2468,0.9819797179926498,False
sccp,unreachableblockelim,0.0013687819685995195,0.2509580144469332,0.8018568665482357,2503,2508,0.9841133927622548,False
dce,adce,-0.007542619466196776,-1.4163633020842994,0.15673156896829094,2494,2502,0.8871198774506207,False
dce,dse,0.004231044801056794,0.8176361780934795,0.4136027270551973,2561,2611,0.938921317022563,False
dce,jump-threading,0.0030082973179081374,0.5540334462111095,0.5795810360896745,2483,2459,0.9658039733307087,False
dce,loop-idiom,-0.0037807929886479186,-0.7058696258581442,0.4803018017226732,2535,2514,0.9584453421215212,False
dce,loop-deletion,-0.007492898148459937,-1.3719592540402354,0.17013810749214392,2506,2484,0.8936246540017126,False
dce,gvn,-0.005827670311032762,-1.2638035463123851,0.2063598073914623,2509,2468,0.9053769260213016,False
dce,gvn-hoist,-0.002454742910575347,-0.45572765008880745,0.6486055188524597,2515,2515,0.9683336682524712,False
dce,gvn-sink,-0.002031370945819011,-0.3838239602314234,0.7011251700449145,2553,2492,0.9802307257169508,False
dce,newgvn,0.0012841159418863768,0.2906014739110069,0.771368095452582,2505,2535,0.9819797179926498,False
dce,early-cse,0.007279732138995965,1.4433474740621635,0.14898685873384893,2525,2420,0.8826513446320006,False
dce,mergereturn,-0.007501461439438806,-1.3960526932353972,0.1627592622412704,2590,2529,0.8886940441949083,False
dce,globalopt,-0.008451110507492532,-1.5406245992710312,0.12347368988509998,2386,2461,0.8389655755993107,False
dce,strip-dead-prototypes,0.002863682851713789,0.5152756406268341,0.6063832841557658,2512,2494,0.9663854998208667,False
dce,indvars,0.0059984576741493045,1.1004464438417738,0.2711911968101231,2481,2477,0.9261097314091098,False
dce,mergeicmps,-0.01136630314428888,-2.1364811531844685,0.032689087377670234,2490,2500,0.6560254772493974,False
dce,separate-const-offset-from-gep,0.0025300982295250463,0.46911443541453285,0.6390082440561397,2451,2580,0.9663854998208667,False
dce,libcalls-shrinkwrap,0.00034208938037760817,0.06298416650573299,0.9497816522504839,2503,2457,0.9931662807812082,False
dce,flattencfg,0.001688112868475533,0.31619303651921876,0.7518691776372342,2573,2439,0.9819797179926498,False
dce,loop-reduce,-0.0037073942202112686,-0.6726122904518059,0.5012253006078797,2455,2536,0.9607276308387519,False
dce,loop-unroll,-0.0037428488781094393,-0.6777156724319161,0.49798297585756496,2528,2536,0.959250210099802,False
dce,loop-rotate,0.00706917296498466,1.1707947063816693,0.24173499963656778,2548,2650,0.923462493379908,False
dce,partial-inliner,-0.00208449683052242,-0.375208862193535,0.7075209407142313,2540,2502,0.9802307257169508,False
dce,lower-expect,-0.0031806011303632253,-0.5968626796455493,0.550625255750913,2531,2631,0.9656120029518516,False
dce,alignment-from-assumptions,0.003314440590338197,0.5991756099337615,0.549082638392982,2547,2524,0.9656120029518516,False
dce,rpo-function-attrs,-0.006304434545548965,-1.1834206217485115,0.23669732657660209,2580,2553,0.923462493379908,False
dce,attributor,0.00025967506330454304,0.05325012564686972,0.9575347589072142,2466,2514,0.9932346158623248,False
dce,inferattrs,0.0011286168521382756,0.2081852864396938,0.8350928838255443,2445,2510,0.9862005430341109,False
dce,called-value-propagation,0.002625607610725056,0.46816659741235267,0.6396861319050658,2464,2474,0.9663854998208667,False
dce,licm,-0.005638846986977697,-0.906815184239758,0.3645485990100104,2541,2430,0.9362139119162718,False
dce,loop-simplify,0.0047418206704348265,0.8883192149630988,0.37441144278032096,2605,2472,0.9372979316317167,False
dce,div-rem-pairs,-0.003527874161325717,-0.6597632537272111,0.5094359216340778,2538,2503,0.9617601825968374,False
dce,float2int,-0.008226637374204149,-1.5235846794257675,0.12767563583968744,2500,2510,0.842321966054791,False
dce,inline,-0.010112046392621754,-1.8845938891060632,0.059541922579045205,2553,2518,0.7550862434702712,False
dce,sink,0.0002855175337262983,0.05210305364381042,0.9584486378370475,2508,2556,0.9932346158623248,False
dce,loop-vectorize,0.00543445777119278,0.9273348817356221,0.35379638999599117,2561,2576,0.9362139119162718,False
dce,slp-vectorizer,0.004905100892626857,0.9150271181359952,0.36022106013448624,2538,2522,0.9362139119162718,False
dce,callsite-splitting,-0.0033517485731260344,-0.6305413595550472,0.5283688787556858,2561,2510,0.9656120029518516,False
dce,dfa-jump-threading,0.003085502222047287,0.5709583139368103,0.5680527978342408,2575,2582,0.9656120029518516,False
dce,consthoist,0.007287794026810068,1.3497103288638674,0.17716838902455645,2597,2560,0.8936246540017126,False
dce,mldst-motion,-0.00420727374507357,-0.7645053760248856,0.44460284052787097,2422,2533,0.9545310984140036,False
dce,slsr,-0.006610405715212264,-1.2462722195376703,0.21272156924601585,2517,2599,0.9053769260213016,False
dce,loop-interchange,0.007058103993487774,1.2835646108345566,0.19935451526134063,2523,2436,0.9004139838184037,False
dce,loop-fusion,-0.0007736039053029553,-0.14297335070892064,0.8863169395683901,2542,2504,0.9878981187095685,False
dce,loop-distribute,0.00603278010194358,1.134842461559819,0.2564953595883573,2559,2491,0.9237088064321658,False
dce,loop-load-elim,0.003286195466185582,0.6047770624580021,0.5453544180446318,2579,2457,0.9656120029518516,False
dce,loop-sink,-0.006680043569964544,-1.2184819290986901,0.22309941663032523,2444,2488,0.9215325402308183,False
dce,loop-unroll-and-jam,0.0031113577393293013,0.5788771883039993,0.5626979357012378,2532,2509,0.9656120029518516,False
dce,hotcoldsplit,-0.0022750346300224322,-0.4205510922782334,0.6741005839120657,2557,2560,0.9754681153759602,False
dce,irce,-0.0017309282120954173,-0.32737200968535973,0.7434005552650861,2482,2417,0.9819797179926498,False
dce,nary-reassociate,0.008185901864593559,1.5304366903505515,0.12597279780945272,2485,2450,0.8393210198530996,False
dce,scalarizer,-0.008934843117514635,-1.6256147614146894,0.10409550108526465,2460,2482,0.8039373143348778,False
dce,vector-combine,0.00440330539009387,0.8185169229196031,0.41310014352563423,2641,2512,0.938921317022563,False
dce,always-inline,0.0014656593364214543,0.26720604720235475,0.7893215789759034,2431,2558,0.9819797179926498,False
dce,globalsplit,0.0003798433827904013,0.0705969271203466,0.9437214097611459,2457,2492,0.993162990687176,False
dce,lowerswitch,0.002518712039677573,0.46885013977705686,0.6391966935096919,2556,2573,0.9663854998208667,False
dce,early-cse-memssa,-0.006857557914159651,-1.5563519020210053,0.11968905209416295,2450,2459,0.8293425150661751,False
dce,simple-loop-unswitch,0.003961775880215346,0.7469174800959832,0.4551486872904865,2506,2469,0.9573041670753936,False
dce,loop-versioning,-0.00505003790570091,-0.909751947673795,0.3629975723273345,2492,2470,0.9362139119162718,False
dce,loop-flatten,0.006101819127440733,1.1395630500531728,0.2545225636006083,2525,2518,0.9237088064321658,False
dce,loop-reroll,0.0041957150421479406,0.7776257698940977,0.4368260272904078,2513,2548,0.9521985639861301,False
dce,loop-instsimplify,0.0002735987329459677,0.050336895200400245,0.9598559199370755,2531,2506,0.9932346158623248,False
dce,loop-simplifycfg,0.00040006160143174485,0.07300050086452127,0.9418086079633498,2542,2522,0.9930324471686801,False
dce,loop-predication,0.008294786833164813,1.534448529124167,0.12498139929632447,2554,2548,0.8389655755993107,False
dce,speculative-execution,0.0022608013187226383,0.4123281922428257,0.6801167016395134,2476,2493,0.9761793877768301,False
dce,partially-inline-libcalls,-0.003620094235208149,-0.6737529379573568,0.5004993431180553,2525,2515,0.9607276308387519,False
dce,load-store-vectorizer,0.0053942053908833665,1.0283338688868915,0.30384186941648306,2461,2615,0.9261097314091098,False
dce,iroutliner,0.0042765906541624155,0.7803605945037738,0.43521616698675164,2466,2481,0.951072365565869,False
dce,global-merge,-0.005997203230475867,-1.1475496647827461,0.2512092099686452,2440,2591,0.923462493379908,False
dce,break-crit-edges,-0.0014727663912727507,-0.26942198450608024,0.7876159586721485,2502,2578,0.9819797179926498,False
dce,unreachableblockelim,0.0003761656831647864,0.07004178597433668,0.9441631818846777,2589,2468,0.993162990687176,False
adce,dse,-0.0018013825114905901,-0.34893281920315633,0.7271545727907218,2442,2550,0.9819797179926498,False
adce,jump-threading,0.002779790623167744,0.511150368640948,0.609268483777783,2434,2598,0.9663854998208667,False
adce,loop-idiom,0.0005996343787567637,0.11173140635981255,0.9110407637797941,2635,2490,0.9897292090133071,False
adce,loop-deletion,-0.0019357934985806957,-0.366652126535971,0.7138940143620742,2606,2427,0.9819797179926498,False
adce,gvn,-0.001699963700724172,-0.37299716327832577,0.7091665136688701,2476,2494,0.9802307257169508,False
adce,gvn-hoist,-0.0020934111132650535,-0.3849639462378358,0.7002805256687191,2501,2496,0.9802307257169508,False
adce,gvn-sink,0.004855819486119628,0.9175129668184676,0.3589180794646339,2521,2524,0.9362139119162718,False
adce,newgvn,0.006908972332415775,1.6186411282371633,0.10558845637674523,2520,2482,0.8039373143348778,False
adce,early-cse,-0.0069542316515770475,-1.3659181502699025,0.172025813853109,2510,2515,0.8936246540017126,False
adce,mergereturn,0.0023636249831691103,0.4231863493939426,0.6721771854103681,2521,2578,0.9754681153759602,False
adce,globalopt,0.0007218615155692443,0.13510417124627147,0.8925348209716211,2561,2563,0.9878981187095685,False
adce,strip-dead-prototypes,-0.002001533121210486,-0.37147526824985744,0.7102993110095861,2432,2580,0.9802307257169508,False
adce,indvars,0.003145761429171834,0.5756976580553965,0.5648456616835462,2478,2488,0.9656120029518516,False
adce,mergeicmps,-0.0028272105064115483,-0.5252044387067581,0.5994643784127982,2508,2502,0.9663854998208667,False
adce,separate-const-offset-from-gep,0.005582510821009357,1.0299961271606597,0.3030623427525683,2480,2468,0.9261097314091098,False
adce,libcalls-shrinkwrap,-0.0026486026361770554,-0.4920050854064699,0.6227372861044311,2518,2512,0.9663854998208667,False
adce,flattencfg,-0.004495122294222609,-0.8220516821923703,0.4110863062390864,2499,2586,0.938921317022563,False
adce,loop-reduce,0.00259849198847234,0.48215433663993923,0.6297176886856385,2466,2477,0.9663854998208667,False
adce,loop-unroll,-0.004813402551333168,-0.9025859468705975,0.36678916765677494,2481,2526,0.9362139119162718,False
adce,loop-rotate,0.005513739551964103,0.9385995653288532,0.34798222358322883,2423,2539,0.9362139119162718,False
adce,partial-inliner,-0.0026399767058264967,-0.49124066737847333,0.6232781084635656,2453,2479,0.9663854998208667,False
adce,lower-expect,0.0026672883877559284,0.4983201313117876,0.6182804579541086,2455,2521,0.9663854998208667,False
adce,alignment-from-assumptions,0.001241067936921414,0.2270500205525025,0.82039416769609,2527,2472,0.9862005430341109,False
adce,rpo-function-attrs,-0.001572770619897912,-0.28313704907897264,0.7770835746007206,2484,2488,0.9819797179926498,False
adce,attributor,-0.011280294777719357,-2.2828839083040013,0.022479524152847177,2455,2500,0.5918038420417597,False
adce,inferattrs,-6.433992368493069e-05,-0.011846566842151242,0.9905484933476084,2569,2517,0.9965270751411184,False
adce,called-value-propagation,0.003297075316659681,0.6145292714566467,0.5388929833494572,2561,2555,0.9656120029518516,False
adce,licm,0.0024675656184968142,0.3988999462392092,0.6899844688661423,2421,2440,0.9802307257169508,False
adce,loop-simplify,-0.002030904191041072,-0.37429666683050516,0.7081991899775931,2545,2555,0.9802307257169508,False
adce,div-rem-pairs,-0.0006016566134620094,-0.11013946718088367,0.9123032004182444,2512,2484,0.9897292090133071,False
adce,float2int,0.004229363281003429,0.7923148754069048,0.4282142591025023,2605,2502,0.9476724624063392,False
adce,inline,0.007966916570376015,1.4505359409604923,0.14697192916989874,2540,2483,0.8825861989128816,False
adce,sink,-0.00556685390478967,-1.016586918954728,0.3093991150864348,2558,2452,0.9261097314091098,False
adce,loop-vectorize,-0.006022444199576427,-1.055591428385183,0.29120373411202577,2674,2554,0.9261097314091098,False
adce,slp-vectorizer,0.0032119601285581223,0.5977434659338842,0.5500375415550987,2597,2528,0.9656120029518516,False
adce,callsite-splitting,-0.0051206776103763785,-0.9474676462308258,0.3434463681496387,2504,2494,0.9362139119162718,False
adce,dfa-jump-threading,0.0012548056686704778,0.2208606954793646,0.8252100222106173,2494,2458,0.9862005430341109,False
adce,consthoist,-0.0036956045773984814,-0.6878715898915324,0.49156553423531457,2491,2528,0.959250210099802,False
adce,mldst-motion,0.006064303506445212,1.129125181393635,0.25889923522612135,2495,2505,0.925757269377916,False
adce,slsr,-0.006902642712571072,-1.2754055135574502,0.2022249509485656,2511,2503,0.9019279317717096,False
adce,loop-interchange,0.006596933193492471,1.1998187531587212,0.23026543798067697,2571,2539,0.923462493379908,False
adce,loop-fusion,0.000626745611152113,0.1162752453439091,0.9074390346330852,2556,2490,0.9890968784268247,False
adce,loop-distribute,-0.010617291696423004,-1.9604334461222697,0.050000293398646825,2557,2475,0.7430880624106468,False
adce,loop-load-elim,-0.0005095039627651676,-0.09632069914612834,0.9232697130230931,2483,2544,0.9897292090133071,False
adce,loop-sink,-0.01564165738935641,-2.870578943241392,0.0041142002280564124,2520,2614,0.27938358876605235,False
adce,loop-unroll-and-jam,0.0008666590383182293,0.163722072085261,0.8699565470808366,2488,2525,0.9878311966791359,False
adce,hotcoldsplit,-0.0008653565231461768,-0.15847054049917533,0.8740924800094511,2443,2539,0.9878311966791359,False
adce,irce,0.013046512232849194,2.385616995733415,0.017087749184730425,2489,2490,0.5583732907164233,False
adce,nary-reassociate,0.006004577523118393,1.109534617952193,0.26725144020598074,2582,2571,0.9261097314091098,False
adce,scalarizer,0.006171825230459116,1.1383685895186848,0.25502022035636196,2466,2624,0.9237088064321658,False
adce,vector-combine,-0.009325484025996311,-1.7347673693307764,0.08284416499180933,2453,2547,0.7968989516182841,False
adce,always-inline,-0.0009313270936582296,-0.17360344039566547,0.8621840637405243,2534,2535,0.9870002285963028,False
adce,globalsplit,-0.008240293052791114,-1.5360985018518185,0.12457822056536245,2507,2440,0.8389655755993107,False
adce,lowerswitch,0.00025534661454823526,0.04596053665247872,0.9633435356068549,2554,2476,0.9932346158623248,False
adce,early-cse-memssa,0.006207297363933217,1.4530315502461564,0.14627726248340786,2534,2519,0.8825861989128816,False
adce,simple-loop-unswitch,-0.006681535844784314,-1.251066164406665,0.21096779734888982,2584,2520,0.9053769260213016,False
adce,loop-versioning,0.006092454364745259,1.0571954458431434,0.2904742628070707,2481,2451,0.9261097314091098,False
adce,loop-flatten,-0.004354098361257885,-0.8158401327637623,0.4146299233838543,2521,2565,0.938921317022563,False
adce,loop-reroll,0.00020452746333393668,0.036115891643756344,0.9711914026787809,2473,2496,0.9932346158623248,False
adce,loop-instsimplify,0.00735874809464343,1.3864682726446909,0.16566564153786595,2502,2526,0.8886940441949083,False
adce,loop-simplifycfg,-0.003796556330047829,-0.712284361096065,0.47632185167026175,2555,2473,0.9576122218629731,False
adce,loop-predication,-0.00047588263331788117,-0.08920280200341893,0.928924339425978,2526,2437,0.9901814842231369,False
adce,speculative-execution,-0.0013912884003227655,-0.25739286043616677,0.7968861517563107,2442,2543,0.9821784044925607,False
adce,partially-inline-libcalls,-0.006150504497111076,-1.1561016499607517,0.24769334585359404,2592,2547,0.923462493379908,False
adce,load-store-vectorizer,0.006564132027451874,1.2389690245355236,0.21541575141399327,2451,2498,0.9053769260213016,False
adce,iroutliner,-0.0010419122656777913,-0.19887410403292569,0.8423692935363715,2509,2505,0.9862005430341109,False
adce,global-merge,0.010575006962429967,2.022541030058579,0.043172737955800705,2533,2560,0.6957384437650846,False
adce,break-crit-edges,-0.007972586760562006,-1.4937979046072778,0.1352910013709476,2539,2507,0.8616048697836367,False
adce,unreachableblockelim,0.0019193832835561198,0.356909112107437,0.7211747761432944,2490,2563,0.9819797179926498,False
dse,jump-threading,-0.0001311358289924347,-0.024722632397246924,0.9802771939193294,2470,2508,0.9946962299724714,False
dse,loop-idiom,0.00017749534752559137,0.032931489341497276,0.9737305268782181,2534,2503,0.9932346158623248,False
dse,loop-deletion,0.007876858061349412,1.5120868423482696,0.13057490419576176,2467,2548,0.8468071698275864,False
dse,gvn,-0.04689247705338273,-11.296460842618087,3.026568151472391e-29,2573,2544,1.9753401468609804e-26,True
dse,gvn-hoist,0.011170550013064218,2.134843555574489,0.032822054107795096,2541,2499,0.6560254772493974,False
dse,gvn-sink,-0.0017699908823434751,-0.3392411688787089,0.7344423972272207,2431,2546,0.9819797179926498,False
dse,newgvn,-0.030838912247310668,-7.6936766119618625,1.7148648086320447e-14,2513,2558,5.59617549216924e-12,True
dse,early-cse,-0.0004247722096681894,-0.09242725757587167,0.9263622940609548,2479,2513,0.9898271274249525,False
dse,mergereturn,0.0018599552277342446,0.35135992235046787,0.7253330681061068,2479,2551,0.9819797179926498,False
dse,globalopt,-0.0013383732673044046,-0.24523440497076548,0.8062849849387365,2425,2592,0.9851519503962844,False
dse,strip-dead-prototypes,-0.006921834603031585,-1.3114826272818954,0.1897553582965531,2507,2491,0.8946881968616551,False
dse,indvars,0.0037481697580601936,0.720808598318333,0.4710607012984515,2542,2506,0.9576122218629731,False
dse,mergeicmps,-0.0039111872866740005,-0.751035706901559,0.4526666767042528,2482,2523,0.9566339481780107,False
dse,separate-const-offset-from-gep,0.0011033918566900613,0.2038004824341554,0.8385178361075091,2511,2437,0.9862005430341109,False
dse,libcalls-shrinkwrap,0.0032722935892935956,0.6336160596607632,0.5263596705445344,2554,2577,0.9656120029518516,False
dse,flattencfg,0.0017202088751924194,0.3187606564497288,0.7499213953151785,2496,2482,0.9819797179926498,False
dse,loop-reduce,-0.0038281360832249645,-0.7347322870230936,0.46253831854881416,2455,2367,0.9576122218629731,False
dse,loop-unroll,0.00285962049616334,0.557108340432392,0.5774777514840956,2529,2609,0.9658039733307087,False
dse,loop-rotate,-0.0017868172815609373,-0.31120140629817655,0.7556603798437856,2503,2541,0.9819797179926498,False
dse,partial-inliner,-0.015651471151808427,-2.9959940044846665,0.0027490883010300323,2459,2554,0.22905169759220442,False
dse,lower-expect,-0.003778818252912597,-0.6999691796861491,0.4839791813956442,2507,2487,0.959012571040916,False
dse,alignment-from-assumptions,-0.0011545441905072007,-0.21863626145213944,0.8269423567510927,2519,2474,0.9862005430341109,False
dse,rpo-function-attrs,-0.007940012969796129,-1.4458122128896709,0.1482924490314983,2529,2513,0.8825861989128816,False
dse,attributor,0.003166608771983881,0.64696558928511,0.5176839840002727,2503,2491,0.9630404308314146,False
dse,inferattrs,0.008143841660508355,1.52116651083385,0.12828104741442786,2561,2475,0.842321966054791,False
dse,called-value-propagation,0.004720468824348623,0.9231432617549785,0.3559759697426832,2554,2578,0.9362139119162718,False
dse,licm,-0.019822126611536872,-3.5738757563507626,0.000355133765660017,2508,2546,0.04529711780033321,True
dse,loop-simplify,0.003875468890916056,0.7373555519759224,0.46094082421731,2557,2468,0.9576122218629731,False
dse,div-rem-pairs,-0.0007166240968220494,-0.13542164743965976,0.8922839446559994,2563,2480,0.9878981187095685,False
dse,float2int,2.2856932860249035e-05,0.004304594214838726,0.9965656136441915,2432,2566,0.9991169849028811,False
dse,inline,0.005721364792269756,1.088188217576176,0.27656430517464176,2544,2487,0.9261097314091098,False
dse,sink,0.008546818588402005,1.67742872860688,0.09351958074238381,2601,2545,0.7990395200215817,False
dse,loop-vectorize,0.0033602012426994232,0.5807531441030088,0.5614330896948211,2489,2503,0.9656120029518516,False
dse,slp-vectorizer,-0.0062801407112851315,-1.1985359190256475,0.23076451653374444,2595,2482,0.923462493379908,False
dse,callsite-splitting,-0.0030653199777840867,-0.5841958114418674,0.5591153290374542,2463,2466,0.9656120029518516,False
dse,dfa-jump-threading,0.002022774058345944,0.38891298650053874,0.6973569344029275,2495,2560,0.9802307257169508,False
dse,consthoist,0.005676317745484771,1.0733588481631287,0.2831615085262282,2531,2513,0.9261097314091098,False
dse,mldst-motion,-0.005702145444898166,-1.079500757972549,0.28041697414316197,2552,2439,0.9261097314091098,False
dse,slsr,-0.002914817034006978,-0.5565995037413146,0.5778258482026442,2517,2521,0.9658039733307087,False
dse,loop-interchange,-0.009804556741751347,-1.8703278312025586,0.06149655109738374,2530,2484,0.7569390838893625,False
dse,loop-fusion,-0.002341940201180115,-0.44186048715410725,0.6586095033391097,2419,2557,0.9719891968069564,False
dse,loop-distribute,-0.001528766296714612,-0.28639435532746715,0.7745879550704357,2442,2603,0.9819797179926498,False
dse,loop-load-elim,-0.0034717956993920995,-0.6730788216692424,0.5009280929204649,2532,2496,0.9607276308387519,False
dse,loop-sink,-0.00851759077286196,-1.5786898144859323,0.11447085443491652,2556,2418,0.8163164686847882,False
dse,loop-unroll-and-jam,0.002888894008547971,0.542147436873436,0.5877414228272575,2443,2499,0.9663854998208667,False
dse,hotcoldsplit,0.00022546724891747694,0.04182618621666685,0.966638973317683,2399,2480,0.9932346158623248,False
dse,irce,0.013886211855847319,2.6543076428575483,0.007971952191772064,2620,2476,0.41076532609183425,False
dse,nary-reassociate,0.00240233730172984,0.4544664381479518,0.6495133659574494,2424,2460,0.9686949074367532,False
dse,scalarizer,0.010107643312614989,1.851388283993134,0.06417358933893472,2553,2439,0.7569390838893625,False
dse,vector-combine,-0.008429499486050984,-1.6001558053576943,0.1096278155911197,2504,2450,0.8039373143348778,False
dse,always-inline,0.002960834874906282,0.5649995624096203,0.572099667460321,2447,2505,0.9656120029518516,False
dse,globalsplit,-0.001176965212077996,-0.21276536396467446,0.831518659292487,2501,2500,0.9862005430341109,False
dse,lowerswitch,0.009762493785239967,1.8089274149668058,0.07052186465535411,2602,2440,0.7656066061773029,False
dse,early-cse-memssa,-0.034997509988665854,-9.373423009112637,1.0539030947403467e-20,2478,2450,4.585649465559109e-18,True
dse,simple-loop-unswitch,-0.0015409420886949854,-0.288733855023682,0.772797007924054,2530,2479,0.9819797179926498,False
dse,loop-versioning,0.00026431942517346485,0.04645850454101652,0.9629467032562528,2427,2468,0.9932346158623248,False
dse,loop-flatten,-0.007791488962016702,-1.4381010936745897,0.15046834795673494,2497,2497,0.8841019812609446,False
dse,loop-reroll,0.0021578185788461157,0.407134170567728,0.6839270623888251,2458,2491,0.9778234305639427,False
dse,loop-instsimplify,0.003559389362011167,0.6794516560908689,0.4968825662409444,2508,2603,0.959250210099802,False
dse,loop-simplifycfg,-0.0009440758332608379,-0.18140669333661505,0.8560555968086254,2442,2665,0.9870002285963028,False
dse,loop-predication,0.003655376992510062,0.7020410814213142,0.48268637950940396,2439,2539,0.9587129703996468,False
dse,speculative-execution,-0.006630777218436912,-1.2849888914890766,0.19885495416643642,2535,2549,0.9004139838184037,False
dse,partially-inline-libcalls,-0.004727620706331592,-0.9054387358552773,0.3652762336581292,2546,2503,0.9362139119162718,False
dse,load-store-vectorizer,4.7031648144957305e-05,0.008899601307050004,0.9928995969958316,2521,2445,0.9966633640299436,False
dse,iroutliner,0.003012126225124756,0.5792619539984515,0.5624387915822838,2557,2444,0.9656120029518516,False
dse,global-merge,-0.0010151154327667777,-0.19632388536277048,0.8443646523885198,2473,2542,0.9862005430341109,False
dse,break-crit-edges,0.010451530349603777,1.9299456567391713,0.05367019360522632,2546,2469,0.754611189830786,False
dse,unreachableblockelim,0.0004395716271268779,0.08547035086479376,0.9318908702879407,2579,2466,0.9901925823858527,False
jump-threading,loop-idiom,0.0030037914214413597,0.5728392276052193,0.5667789131414808,2530,2558,0.9656120029518516,False
jump-threading,loop-deletion,-0.0058733771434322235,-1.104490237162817,0.26943409579515615,2502,2462,0.9261097314091098,False
jump-threading,gvn,-0.009720985572740148,-2.205822472772189,0.027440519941426943,2575,2568,0.6358844367825872,False
jump-threading,gvn-hoist,-0.005048649178147846,-0.9619056817594009,0.3361433163528037,2524,2501,0.9362139119162718,False
jump-threading,gvn-sink,0.014889225555036467,2.7797719926897586,0.00545963393809792,2557,2550,0.319103380620768,False
jump-threading,newgvn,-0.0022367027119624128,-0.5086367178718699,0.6110297673513886,2452,2472,0.9663854998208667,False
jump-threading,early-cse,-0.003280034008319166,-0.6630001125079517,0.5073618414350604,2426,2552,0.9617601825968374,False
jump-threading,mergereturn,0.001553109791304963,0.2872855538224653,0.7739054610632559,2490,2583,0.9819797179926498,False
jump-threading,globalopt,0.001530496605347098,0.27963485243162256,0.7797689759912689,2559,2557,0.9819797179926498,False
jump-threading,strip-dead-prototypes,0.0077914132770259825,1.4754122721764975,0.14016433192546876,2554,2486,0.8688528143101889,False
jump-threading,indvars,0.0038658238042166837,0.7336656185022643,0.46318646815513914,2517,2557,0.9576122218629731,False
jump-threading,mergeicmps,-0.0071344165163100826,-1.308989159173996,0.19059783061167512,2524,2510,0.8957237291794518,False
jump-threading,separate-const-offset-from-gep,-0.0009026569124603867,-0.16779148508309358,0.8667541929280884,2457,2485,0.9871386789273737,False
jump-threading,libcalls-shrinkwrap,-0.00044376468439638606,-0.08222641635529065,0.9344699065749957,2521,2562,0.990361070134691,False
jump-threading,flattencfg,0.007173242591206996,1.3185801297084407,0.18736920514005384,2529,2558,0.8946881968616551,False
jump-threading,loop-reduce,-0.004222610309434882,-0.7831175538112654,0.4335947948720451,2505,2551,0.950734523744487,False
jump-threading,loop-unroll,-0.0036819581988334904,-0.6870979819854705,0.49205358180871195,2471,2427,0.959250210099802,False
jump-threading,loop-rotate,-0.005412917173661713,-0.9102575708099846,0.3627306157857089,2499,2498,0.9362139119162718,False
jump-threading,partial-inliner,-0.014403371680618948,-2.6379740178975672,0.00836633414170187,2534,2438,0.41471600631524713,False
jump-threading,lower-expect,-0.00336214158532655,-0.6349631570738986,0.5254808710353431,2566,2550,0.9656120029518516,False
jump-threading,alignment-from-assumptions,0.0001182205051364904,0.021612579651896648,0.9827578431469591,2572,2540,0.9946962299724714,False
jump-threading,rpo-function-attrs,0.005861531656612851,1.1111386403381538,0.2665616008233863,2527,2523,0.9261097314091098,False
jump-threading,attributor,-0.005155623412710197,-1.074641321301528,0.2825859514913874,2539,2590,0.9261097314091098,False
jump-threading,inferattrs,0.006243576989327482,1.1378696543906213,0.25522995327870046,2446,2531,0.9237088064321658,False
jump-threading,called-value-propagation,-0.0008434461018052009,-0.1555592028070464,0.8763868588596616,2519,2418,0.9878311966791359,False
jump-threading,licm,0.005957623047985305,1.0460605583369067,0.29558220538445173,2537,2611,0.9261097314091098,False
jump-threading,loop-simplify,-0.0014623650837887192,-0.2677246363737808,0.7889221990262328,2525,2556,0.9819797179926498,False
jump-threading,div-rem-pairs,0.003642271258391727,0.6640697542098295,0.5066758956306895,2565,2515,0.9617601825968374,False
jump-threading,float2int,-0.004793713588667536,-0.900275387971308,0.3680163104725249,2529,2586,0.9362139119162718,False
jump-threading,inline,0.0061955493529827765,1.1661861630978256,0.24359391233371913,2501,2585,0.923462493379908,False
jump-threading,sink,-0.01487403401608084,-2.7629240294110393,0.0057497766254223075,2520,2443,0.32783693066524344,False
jump-threading,loop-vectorize,-0.0068992788475849,-1.1679017256273045,0.24290224157551824,2471,2520,0.923462493379908,False
jump-threading,slp-vectorizer,-0.0055716842742714046,-1.0426553386220268,0.2971572550981284,2573,2545,0.9261097314091098,False
jump-threading,callsite-splitting,0.0065219732399401376,1.2110768059329204,0.22592323033722642,2497,2508,0.9231041777367729,False
jump-threading,dfa-jump-threading,0.0021187512074039017,0.4007019748536633,0.6886565459678855,2551,2494,0.9802307257169508,False
jump-threading,consthoist,-0.0009761783644255395,-0.18061875614898085,0.8566740888499039,2493,2557,0.9870002285963028,False
jump-threading,mldst-motion,0.005097421962421744,0.9583758644196732,0.33791989682920415,2656,2404,0.9362139119162718,False
jump-threading,slsr,-0.006174179765155885,-1.1759978751923337,0.23965041466071926,2534,2588,0.923462493379908,False
jump-threading,loop-interchange,-0.004853959861951029,-0.9039182438313081,0.3660821016612911,2565,2491,0.9362139119162718,False
jump-threading,loop-fusion,-0.00018667504841568539,-0.035453368682557225,0.9717196090278652,2611,2520,0.9932346158623248,False
jump-threading,loop-distribute,-0.013119702309009218,-2.3462021239188156,0.019005206443500736,2410,2544,0.5918038420417597,False
jump-threading,loop-load-elim,0.006055834890924594,1.0934707111171795,0.27424085387254665,2403,2515,0.9261097314091098,False
jump-threading,loop-sink,0.001492776936905138,0.2736291961723208,0.7843807521425689,2591,2483,0.9819797179926498,False
jump-threading,loop-unroll-and-jam,-0.004231897702275389,-0.7688591503975236,0.4420135843300721,2528,2436,0.9539093340179844,False
jump-threading,hotcoldsplit,0.0010877605685560843,0.20217044425623656,0.83979164104505,2577,2493,0.9862005430341109,False
jump-threading,irce,-0.00928969866469237,-1.7227190688406928,0.0850020031493352,2449,2504,0.7982042813954815,False
jump-threading,nary-reassociate,0.0012820104541015342,0.2351622295791666,0.8140923383269605,2539,2527,0.9862005430341109,False
jump-threading,scalarizer,-0.0008317135808401654,-0.15147686352928433,0.8796055626043412,2520,2579,0.9878311966791359,False
jump-threading,vector-combine,0.0010483257186463257,0.19083175852315493,0.8486651087907771,2498,2535,0.9870002285963028,False
jump-threading,always-inline,-0.0032777571409816075,-0.6163961175637862,0.5376609514879696,2544,2500,0.9656120029518516,False
jump-threading,globalsplit,-9.985775621457194e-05,-0.019001807953668435,0.9848404130664691,2551,2506,0.9951603379292009,False
jump-threading,lowerswitch,-0.0014361328958974462,-0.26288024442623853,0.7926538438350859,2466,2480,0.9819797179926498,False
jump-threading,early-cse-memssa,0.009695323819713608,2.234475440244592,0.025495746344763558,2451,2575,0.614275981195874,False
jump-threading,simple-loop-unswitch,0.004390871846986888,0.8186973020439333,0.4129971665473905,2563,2580,0.938921317022563,False
jump-threading,loop-versioning,0.019512249371940404,3.5712994824559163,0.000358582903935222,2524,2470,0.04529711780033321,True
jump-threading,loop-flatten,-0.0007463641447412739,-0.13859298647713383,0.8897772778877866,2534,2553,0.9878981187095685,False
jump-threading,loop-reroll,0.0037062614143431594,0.6982933217805094,0.4850264014804242,2472,2511,0.959012571040916,False
jump-threading,loop-instsimplify,-0.0011247596599179288,-0.20898889071677498,0.8344655384777919,2480,2458,0.9862005430341109,False
jump-threading,loop-simplifycfg,-0.004477751180875289,-0.8462215410628552,0.3974687916335672,2602,2514,0.9387788987599427,False
jump-threading,loop-predication,0.0014535547757019152,0.2709130201077645,0.7864691519013685,2509,2476,0.9819797179926498,False
jump-threading,speculative-execution,0.0032969744320002214,0.5919193955475577,0.5539319461972214,2424,2466,0.9656120029518516,False
jump-threading,partially-inline-libcalls,0.0014512831381491842,0.2747886290760402,0.7834897665448384,2534,2568,0.9819797179926498,False
jump-threading,load-store-vectorizer,-0.0013570793244459534,-0.24998477025113797,0.802609421251772,2486,2511,0.9841133927622548,False
jump-threading,iroutliner,-0.006287557020704659,-1.2193417634750423,0.2227717503800357,2474,2557,0.9215325402308183,False
jump-threading,global-merge,-0.0020739877627165004,-0.37253726869521187,0.709508965691009,2434,2474,0.9802307257169508,False
jump-threading,break-crit-edges,-0.016745246628757482,-3.0623839765497,0.0022075914017843524,2534,2430,0.20583161736636962,False
jump-threading,unreachableblockelim,0.001612299309447729,0.2938420040666691,0.7688906408859973,2515,2567,0.9819797179926498,False
loop-idiom,loop-deletion,-0.0008634609301119145,-0.1624103305809193,0.8709891678551865,2529,2575,0.9878311966791359,False
loop-idiom,gvn,0.00818222908427263,1.7397457297657815,0.0819644342430848,2559,2507,0.7968989516182841,False
loop-idiom,gvn-hoist,-0.0033460131370923185,-0.6161013215962687,0.5378559309837513,2537,2442,0.9656120029518516,False
loop-idiom,gvn-sink,-0.001694779813058378,-0.31003621318144864,0.7565463085543137,2455,2559,0.9819797179926498,False
loop-idiom,newgvn,0.003782898550922731,0.8822383029557774,0.3776896724581945,2508,2579,0.9372979316317167,False
loop-idiom,early-cse,-0.001740197533130261,-0.36349413634887867,0.7162509062281293,2514,2606,0.9819797179926498,False
loop-idiom,mergereturn,-0.010337293170499917,-1.8654482054354689,0.06217781625566867,2455,2489,0.7569390838893625,False
loop-idiom,globalopt,-0.006971982095872964,-1.2549292249646304,0.2095633889320014,2503,2475,0.9053769260213016,False
loop-idiom,strip-dead-prototypes,-0.009035778589124799,-1.6296577678939967,0.10323663389031482,2525,2503,0.8039373143348778,False
loop-idiom,indvars,-0.0005430538887713499,-0.10129533081329566,0.9193200273271612,2541,2571,0.9897292090133071,False
loop-idiom,mergeicmps,0.003959058626537781,0.7335016524385667,0.4632867098324288,2554,2491,0.9576122218629731,False
loop-idiom,separate-const-offset-from-gep,0.0030628584630946754,0.5450078047237623,0.5857727591189761,2466,2475,0.9663854998208667,False
loop-idiom,libcalls-shrinkwrap,-0.004567983376843776,-0.8593227779619323,0.3902037653852862,2499,2490,0.9387788987599427,False
loop-idiom,flattencfg,-0.0022391498126827503,-0.40184877026150717,0.6878128219535543,2402,2538,0.9800030603101064,False
loop-idiom,loop-reduce,0.00921414757967376,1.7316353043841015,0.08340020927602125,2603,2464,0.7968989516182841,False
loop-idiom,loop-unroll,0.007291301636905112,1.2908617447324098,0.19681173952950476,2515,2462,0.9004139838184037,False
loop-idiom,loop-rotate,-0.0030399466941974373,-0.5167685932596747,0.6053403949251035,2549,2497,0.9663854998208667,False
loop-idiom,partial-inliner,0.0016976425498557157,0.3055614940666963,0.7599514081129572,2483,2463,0.9819797179926498,False
loop-idiom,lower-expect,-0.0035559875608424107,-0.6263593067047556,0.5311087879190072,2440,2410,0.9656120029518516,False
loop-idiom,alignment-from-assumptions,0.001404783597676984,0.2593876603545411,0.7953468181239044,2423,2652,0.9819797179926498,False
loop-idiom,rpo-function-attrs,-0.0005659808423527091,-0.10290442378455249,0.9180430375785826,2408,2544,0.9897292090133071,False
loop-idiom,attributor,-0.002058066902597522,-0.4094209309959721,0.6822483970694772,2514,2466,0.9768499901002093,False
loop-idiom,inferattrs,-0.0026765380849921305,-0.4820874727116266,0.6297645037925358,2511,2591,0.9663854998208667,False
loop-idiom,called-value-propagation,-0.006357071770359768,-1.1766078312141404,0.23940683653025144,2530,2609,0.923462493379908,False
loop-idiom,licm,0.0037353397221453477,0.6253899136362087,0.5317436262886895,2549,2470,0.9656120029518516,False
loop-idiom,loop-simplify,0.004654643581915696,0.8534471146996916,0.3934525868229542,2528,2441,0.9387788987599427,False
loop-idiom,div-rem-pairs,-0.0018855209885663138,-0.3399717977537631,0.7338920714226843,2431,2570,0.9819797179926498,False
loop-idiom,float2int,-0.007049556031649196,-1.2837833582976053,0.19927743393630162,2492,2505,0.9004139838184037,False
loop-idiom,inline,-0.004715174482269269,-0.8874501385640131,0.37487913390109334,2593,2432,0.9372979316317167,False
loop-idiom,sink,0.002668347994843112,0.48458935845225126,0.6279892120515966,2503,2440,0.9663854998208667,False
loop-idiom,loop-vectorize,0.0067599411843959345,1.107519797749039,0.26812229799750126,2454,2572,0.9261097314091098,False
loop-idiom,slp-vectorizer,0.0028210561959404745,0.5232350858694487,0.6008338688189186,2469,2596,0.9663854998208667,False
loop-idiom,callsite-splitting,-0.007329126859158153,-1.3491857832953322,0.17733810576499312,2566,2467,0.8936246540017126,False
loop-idiom,dfa-jump-threading,-0.0045299149124915505,-0.8080327171099185,0.4191099239416343,2523,2514,0.938921317022563,False
loop-idiom,consthoist,0.00750458627475703,1.3758013234789748,0.1689444880869681,2567,2506,0.8936246540017126,False
loop-idiom,mldst-motion,-0.0026020781432266604,-0.4636661761153915,0.6429071823778303,2470,2534,0.9675126877850944,False
loop-idiom,slsr,-0.0025662469499626583,-0.47696684867339884,0.6334063024638942,2521,2547,0.9663854998208667,False
loop-idiom,loop-interchange,-0.0033545544623682644,-0.6122898756707682,0.5403740276416539,2455,2563,0.9656120029518516,False
loop-idiom,loop-fusion,-0.007485251210881838,-1.3541578297500216,0.17574804032488878,2475,2465,0.8936246540017126,False
loop-idiom,loop-distribute,0.005864610916254065,1.1070131603424955,0.26834035308835286,2539,2573,0.9261097314091098,False
loop-idiom,loop-load-elim,0.007618059485883066,1.389998263256772,0.1645916783438041,2451,2523,0.8886940441949083,False
loop-idiom,loop-sink,0.005711833923861487,1.0378059373944455,0.2994104217200233,2509,2516,0.9261097314091098,False
loop-idiom,loop-unroll-and-jam,-0.008737375955571947,-1.593800920024274,0.11104443461100602,2468,2495,0.807667048880857,False
loop-idiom,hotcoldsplit,0.008344761192813466,1.538030732477068,0.12410367096856192,2478,2587,0.8389655755993107,False
loop-idiom,irce,0.003893888482634944,0.7108648793086556,0.477200754101923,2505,2558,0.9576122218629731,False
loop-idiom,nary-reassociate,-0.002318024699565324,-0.4304485053591897,0.6668880032949429,2554,2443,0.975141818497267,False
loop-idiom,scalarizer,0.004384933799700619,0.7757673973723038,0.4379238033041421,2501,2418,0.9521985639861301,False
loop-idiom,vector-combine,-0.004932690507127635,-0.8911497408376287,0.37289237051486496,2485,2446,0.9372979316317167,False
loop-idiom,always-inline,0.0036494774614124204,0.6653143361908842,0.505879896738257,2464,2583,0.9617601825968374,False
loop-idiom,globalsplit,0.00925896729799569,1.6985103823793115,0.08947431636071437,2525,2447,0.7987384440285578,False
loop-idiom,lowerswitch,0.004626738307976885,0.8526561461557413,0.3938901808251671,2562,2527,0.9387788987599427,False
loop-idiom,early-cse-memssa,0.01206500002790123,2.883100541738377,0.003954496182694155,2519,2540,0.27938358876605235,False
loop-idiom,simple-loop-unswitch,0.001614156358534069,0.2931173818633928,0.7694446346374171,2450,2539,0.9819797179926498,False
loop-idiom,loop-versioning,-0.006666843969270586,-1.1905598362730365,0.23388247122839895,2538,2516,0.923462493379908,False
loop-idiom,loop-flatten,-0.008929684958844109,-1.6885506072323633,0.09136490191428341,2639,2620,0.7990395200215817,False
loop-idiom,loop-reroll,0.0039044377254401352,0.69637549997414,0.4862270885251484,2482,2405,0.959250210099802,False
loop-idiom,loop-instsimplify,-0.0013160295776454833,-0.2447825061234444,0.8066347829506423,2485,2573,0.9852719307656629,False
loop-idiom,loop-simplifycfg,-0.0021239415134512996,-0.39203128851943825,0.695051189792165,2577,2616,0.9802307257169508,False
loop-idiom,loop-predication,0.0008757666464948577,0.16745968369048406,0.8670149521262267,2619,2534,0.9871386789273737,False
loop-idiom,speculative-execution,-0.003934786110118826,-0.7249621208064373,0.46850877438432803,2518,2547,0.9576122218629731,False
loop-idiom,partially-inline-libcalls,-0.00716581837731306,-1.2479917860814822,0.21209334075454192,2457,2488,0.9053769260213016,False
loop-idiom,load-store-vectorizer,-0.001446197242269076,-0.2673740409589447,0.7891923768882997,2528,2409,0.9819797179926498,False
loop-idiom,iroutliner,0.004312479942289005,0.761582348954808,0.44634590627644305,2445,2496,0.9546098137512568,False
loop-idiom,global-merge,0.005882505687701767,1.0760758220135234,0.2819453838061537,2518,2477,0.9261097314091098,False
loop-idiom,break-crit-edges,0.006672225472324933,1.2260875489719179,0.2202236747988771,2520,2474,0.9164674925742856,False
loop-idiom,unreachableblockelim,-0.002923825014028991,-0.5320346467572612,0.5947259974151603,2470,2459,0.9663854998208667,False
loop-deletion,gvn,0.008068188682085642,1.7736089596592595,0.07618935307574315,2465,2485,0.7790013228318803,False
loop-deletion,gvn-hoist,-0.008061799546545345,-1.480518748396764,0.13879805040470214,2534,2455,0.8688528143101889,False
loop-deletion,gvn-sink,-0.006213992042998495,-1.137723626253757,0.2552911540072826,2393,2645,0.9237088064321658,False
loop-deletion,newgvn,-0.0012143935954739282,-0.2851177804370489,0.7755657414650965,2490,2505,0.9819797179926498,False
loop-deletion,early-cse,0.006221771620854022,1.2800574736316057,0.20058505276768532,2476,2497,0.9004139838184037,False
loop-deletion,mergereturn,0.0015881965230859496,0.292001777416473,0.7702972812029709,2559,2485,0.9819797179926498,False
loop-deletion,globalopt,0.0007076023954392663,0.12416865322701921,0.9011868102020567,2512,2420,0.9889544369739047,False
loop-deletion,strip-dead-prototypes,-0.004094674576133606,-0.7606518654390966,0.44690066437833836,2449,2621,0.9547534106413382,False
loop-deletion,indvars,0.0060282894216767136,1.1207033381965985,0.26246813673723063,2531,2459,0.9261097314091098,False
loop-deletion,mergeicmps,-0.0013518274225322036,-0.2486048893958981,0.8036765079435637,2539,2537,0.9844220222417878,False
loop-deletion,separate-const-offset-from-gep,-0.0052845704219601775,-0.9528297819095068,0.3407216229291943,2573,2522,0.9362139119162718,False
loop-deletion,libcalls-shrinkwrap,-0.004073191297670586,-0.7527788169872983,0.4516184939804138,2496,2485,0.9558625890978588,False
loop-deletion,flattencfg,-0.0053477736525022745,-0.9508731278367184,0.34171459069870463,2501,2528,0.9362139119162718,False
loop-deletion,loop-reduce,0.001564777106361881,0.27977830188076513,0.7796591820086646,2533,2465,0.9819797179926498,False
loop-deletion,loop-unroll,-0.003704164277064881,-0.6757849267804904,0.4992086171275143,2461,2562,0.9596467930029289,False
loop-deletion,loop-rotate,0.0008589565799281274,0.14363374490879152,0.8857955904341668,2537,2413,0.9878981187095685,False
loop-deletion,partial-inliner,-0.010199026311306814,-1.8486993375478038,0.06455961015525925,2477,2596,0.7571751222955714,False
loop-deletion,lower-expect,0.0018192962297002846,0.3340917794181952,0.7383243837421817,2504,2476,0.9819797179926498,False
loop-deletion,alignment-from-assumptions,-0.0003184474631728884,-0.0575211230903916,0.9541323879532655,2437,2550,0.9932346158623248,False
loop-deletion,rpo-function-attrs,0.005959666474021907,1.0712268056326228,0.2841187895664716,2551,2497,0.9261097314091098,False
loop-deletion,attributor,0.00035932824419648846,0.0734533431824225,0.941448257839605,2526,2580,0.9929198431726078,False
loop-deletion,inferattrs,0.0028566386322943504,0.5346442206067029,0.5929191653557914,2587,2527,0.9663854998208667,False
loop-deletion,called-value-propagation,-0.006587863525029047,-1.2051819835643647,0.22818914902630574,2524,2573,0.9232760696075548,False
loop-deletion,licm,-0.0009011124900880629,-0.14749486384953173,0.8827473665107289,2469,2547,0.9878981187095685,False
loop-deletion,loop-simplify,0.0005110936370201768,0.09407629507150815,0.9250522390270206,2567,2545,0.9898271274249525,False
loop-deletion,div-rem-pairs,-0.00996346803246323,-1.8437121532212433,0.06528456566603327,2505,2474,0.7571751222955714,False
loop-deletion,float2int,-0.00015742887661340799,-0.028537360021677918,0.9772347245932282,2562,2409,0.9946962299724714,False
loop-deletion,inline,-0.0027635135631405294,-0.4913423237008918,0.623205621574008,2508,2566,0.9663854998208667,False
loop-deletion,sink,-0.0020740778922699876,-0.3767983484414645,0.706339540487087,2461,2530,0.9802307257169508,False
loop-deletion,loop-vectorize,0.003556049837333597,0.5771322339016227,0.5638760582719228,2505,2517,0.9656120029518516,False
loop-deletion,slp-vectorizer,0.001585203348141162,0.2900685326473113,0.7717758470649528,2518,2480,0.9819797179926498,False
loop-deletion,callsite-splitting,0.0020783999745283,0.3856571751977507,0.6997672946857624,2440,2472,0.9802307257169508,False
loop-deletion,dfa-jump-threading,0.0014575797073316799,0.2676812350799575,0.7889558844125121,2501,2438,0.9819797179926498,False
loop-deletion,consthoist,0.00781395880492658,1.451042803763318,0.1468305279378151,2592,2487,0.8825861989128816,False
loop-deletion,mldst-motion,0.007844735121459834,1.4136300029698128,0.15753299224095568,2503,2486,0.8871198774506207,False
loop-deletion,slsr,0.0033482168761503894,0.6232414216958617,0.5331537340714335,2505,2606,0.9656120029518516,False
loop-deletion,loop-interchange,-0.018514480126359367,-3.3416091570410447,0.000839117032272872,2498,2461,0.09957522116304747,False
loop-deletion,loop-fusion,-9.158408768117354e-05,-0.016641311610598314,0.98672342838093,2487,2537,0.9951603379292009,False
loop-deletion,loop-distribute,-0.003655374979509074,-0.672239953215777,0.5014625325419839,2425,2502,0.9607276308387519,False
loop-deletion,loop-load-elim,0.0008350175049760544,0.1528883869702826,0.8784925503929514,2518,2426,0.9878311966791359,False
loop-deletion,loop-sink,0.005250709766456807,0.9565202891815668,0.33885735428497177,2438,2416,0.9362139119162718,False
loop-deletion,loop-unroll-and-jam,0.0055480414164814085,1.0342817727878757,0.3010534625373798,2573,2541,0.9261097314091098,False
loop-deletion,hotcoldsplit,-0.0025375800356803313,-0.46062029201185767,0.6450908140467011,2550,2520,0.9675126877850944,False
loop-deletion,irce,0.005562554573478706,1.0043228532593922,0.3152718924394786,2501,2479,0.9292520218351351,False
loop-deletion,nary-reassociate,0.0039218333428504,0.7103343240620839,0.47753021545892577,2512,2453,0.9576122218629731,False
loop-deletion,scalarizer,-0.008350431451097318,-1.5477568342926287,0.1217424632802219,2618,2522,0.8349272963316094,False
loop-deletion,vector-combine,-0.006124908846721566,-1.112250805243043,0.266083214328909,2646,2434,0.9261097314091098,False
loop-deletion,always-inline,-4.647581190636574e-05,-0.008329137169187406,0.9933547267131946,2494,2407,0.9966633640299436,False
loop-deletion,globalsplit,0.0010465496768653493,0.19021837928495228,0.8491458004762993,2515,2444,0.9870002285963028,False
loop-deletion,lowerswitch,0.011034053501662533,2.083031676429467,0.03729902676358738,2474,2528,0.6857417314845454,False
loop-deletion,early-cse-memssa,0.0007407713688470374,0.16493147979977468,0.8690046559282515,2466,2481,0.9878311966791359,False
loop-deletion,simple-loop-unswitch,-0.0009738748234616179,-0.17872602798191417,0.8581599979496051,2517,2537,0.9870002285963028,False
loop-deletion,loop-versioning,-0.007835066758880127,-1.3226980206026093,0.18599515261302021,2571,2563,0.8946881968616551,False
loop-deletion,loop-flatten,-0.009237101759483446,-1.6994576125718286,0.08929519860396533,2509,2496,0.7987384440285578,False
loop-deletion,loop-reroll,0.005416737349138945,0.9760948170762613,0.32906523582715036,2553,2462,0.9351374916539339,False
loop-deletion,loop-instsimplify,0.00865379171682834,1.5790222095721658,0.1143934133552191,2516,2560,0.8163164686847882,False
loop-deletion,loop-simplifycfg,0.0033979467045881506,0.6341410886354543,0.5260170879087189,2598,2525,0.9656120029518516,False
loop-deletion,loop-predication,0.0067165548447779,1.2253659655318545,0.22049492541691573,2483,2534,0.9166222164890042,False
loop-deletion,speculative-execution,0.00582656917474994,1.0312376850246898,0.30247914174130536,2478,2535,0.9261097314091098,False
loop-deletion,partially-inline-libcalls,-0.0007180212857120782,-0.13452577100564417,0.8929922638223663,2483,2505,0.9878981187095685,False
loop-deletion,load-store-vectorizer,-0.0032591318036246375,-0.6055904952768307,0.5448141361259368,2509,2506,0.9656120029518516,False
loop-deletion,iroutliner,0.006079314915747813,1.1523710536068146,0.2492243060306116,2471,2479,0.923462493379908,False
loop-deletion,global-merge,-0.0019253924246710463,-0.3419876260790194,0.7323745292655306,2529,2493,0.9819797179926498,False
loop-deletion,break-crit-edges,0.00021221316680752889,0.03763475967007836,0.9699804060369208,2522,2463,0.9932346158623248,False
loop-deletion,unreachableblockelim,-0.0007497498134522163,-0.13757339313929717,0.8905830689440828,2516,2550,0.9878981187095685,False
gvn,gvn-hoist,-0.008387448639004036,-1.8188349447960486,0.06899449210358306,2605,2580,0.7648169515258737,False
gvn,gvn-sink,0.004443455252261863,1.0121219342860988,0.3115273363801639,2609,2552,0.9261097314091098,False
gvn,newgvn,0.001463376087004975,0.3240663580203873,0.7459010763221955,2528,2578,0.9819797179926498,False
gvn,early-cse,-0.009235750024903677,-1.9750828155536666,0.04831268758641939,2588,2520,0.7248754198789975,False
gvn,mergereturn,0.003545517227825201,0.8083582416301529,0.41892273062989466,2609,2465,0.938921317022563,False
gvn,globalopt,-0.0010468782467001891,-0.22937647544852774,0.8185856915888106,2539,2486,0.9862005430341109,False
gvn,strip-dead-prototypes,-0.004769470675360765,-1.0727841846208983,0.28341902877882014,2511,2589,0.9261097314091098,False
gvn,indvars,-0.009923379311471026,-2.175313806619636,0.029653226404279913,2506,2505,0.6358844367825872,False
gvn,mergeicmps,0.0023788023556903792,0.55005269293044,0.5823073920264364,2579,2526,0.9663854998208667,False
gvn,separate-const-offset-from-gep,0.0015800520946828711,0.35758115872844015,0.720671761710025,2534,2509,0.9819797179926498,False
gvn,libcalls-shrinkwrap,-0.0001734516852045509,-0.038902593363197006,0.968969596662877,2496,2536,0.9932346158623248,False
gvn,flattencfg,-0.0006287135323687076,-0.1342561793149003,0.8932054159665843,2507,2492,0.9878981187095685,False
gvn,loop-reduce,-0.01661265706399362,-3.6408119043516654,0.00027453068758312676,2472,2526,0.03794310471749893,True
gvn,loop-unroll,-0.04509315434685107,-9.485557265721884,3.709247537251355e-21,2441,2535,1.8156766694845385e-18,True
gvn,loop-rotate,0.0010959818037561408,0.22247419834329557,0.823953789489784,2488,2546,0.9862005430341109,False
gvn,partial-inliner,0.006134959741424972,1.3773700013148544,0.16845922375657704,2501,2528,0.8936246540017126,False
gvn,lower-expect,0.0023053768509271877,0.5183486040025325,0.6042378589947052,2533,2502,0.9663854998208667,False
gvn,alignment-from-assumptions,0.0030194245881535187,0.6462261349874722,0.5181629692956564,2546,2460,0.9630404308314146,False
gvn,rpo-function-attrs,0.005956632733878864,1.3283093761525306,0.18413658869717742,2487,2534,0.8936246540017126,False
gvn,attributor,0.05132045618924291,12.846510935736736,3.7056130534509993e-37,2567,2465,2.9022361434628227e-34,True
gvn,inferattrs,-0.002639336944027293,-0.5863515915778904,0.5576658947262583,2443,2545,0.9656120029518516,False
gvn,called-value-propagation,0.0017070228655690634,0.3820524782079934,0.7024388396224778,2529,2448,0.9802307257169508,False
gvn,licm,-0.03917688987304374,-7.916782440252041,2.9759155474513266e-15,2531,2523,1.0594259348926723e-12,True
gvn,loop-simplify,-0.013072211078186402,-2.9495481499819314,0.003197015080793352,2554,2520,0.24453508460822584,False
gvn,div-rem-pairs,0.0007854981923359206,0.17290821141661844,0.862730498326118,2518,2542,0.9870002285963028,False
gvn,float2int,-0.0009551703330868966,-0.21370918165057076,0.8307827544291049,2424,2486,0.9862005430341109,False
gvn,inline,0.0013643860455794243,0.3034983283637302,0.7615228237295826,2505,2469,0.9819797179926498,False
gvn,sink,-0.004567124563943703,-1.0150769466327392,0.31011830265104534,2573,2431,0.9261097314091098,False
gvn,loop-vectorize,-0.052126289581419016,-9.85815270260401,1.0508473389665408e-22,2479,2436,5.878740256275677e-20,True
gvn,slp-vectorizer,0.001849811470390983,0.4109601986023162,0.6811193408794554,2548,2470,0.9761793877768301,False
gvn,callsite-splitting,-0.0025227580070683042,-0.5775017318129713,0.563626205581259,2510,2571,0.9656120029518516,False
gvn,dfa-jump-threading,0.0021358871232309284,0.46712356808280314,0.6404316829903065,2505,2542,0.9663854998208667,False
gvn,consthoist,0.002535472380811754,0.5723334729521492,0.567121443169304,2543,2532,0.9656120029518516,False
gvn,mldst-motion,-0.0011525158301814997,-0.2440048359874766,0.8072368446471181,2638,2506,0.985392607119113,False
gvn,slsr,-0.0006727013442195395,-0.14775283695336117,0.8825437819176101,2547,2461,0.9878981187095685,False
gvn,loop-interchange,0.005352013697793645,1.1922023900828653,0.23323778121066496,2515,2557,0.923462493379908,False
gvn,loop-fusion,0.0060256060196027805,1.3149028509504712,0.18860213152031996,2490,2573,0.8946881968616551,False
gvn,loop-distribute,0.0044467796569162,0.969728402090185,0.33223004287375857,2443,2456,0.9362139119162718,False
gvn,loop-load-elim,-0.0019169446595144746,-0.43059897843268313,0.6667781031467424,2563,2567,0.975141818497267,False
gvn,loop-sink,-0.0007137543672040558,-0.15410781888527852,0.8775309447144676,2504,2498,0.9878311966791359,False
gvn,loop-unroll-and-jam,0.0010523607139286684,0.23669925654053953,0.8128997297661701,2519,2524,0.9862005430341109,False
gvn,hotcoldsplit,-0.0017469608078921617,-0.38341451455652265,0.7014287320628934,2514,2493,0.9802307257169508,False
gvn,irce,0.0016540389849395987,0.3668239631532185,0.7137656493922453,2532,2541,0.9819797179926498,False
gvn,nary-reassociate,-0.00459646361189342,-1.0020470304330964,0.3163708159506773,2457,2413,0.930601370166641,False
gvn,scalarizer,-0.003239862927820303,-0.7148038057557512,0.47476325702272637,2500,2574,0.9576122218629731,False
gvn,vector-combine,0.00559438188514505,1.2219796657709963,0.22177405988049978,2445,2461,0.9205369548510989,False
gvn,always-inline,0.00512933421002193,1.1570127691606835,0.24732196656331287,2499,2544,0.923462493379908,False
gvn,globalsplit,0.0006276565042198645,0.14329347324082978,0.8860641321446284,2496,2552,0.9878981187095685,False
gvn,lowerswitch,0.009011985035686232,1.9989671317632198,0.04566557413195138,2509,2528,0.7093283140586943,False
gvn,early-cse-memssa,-0.017881192166362914,-4.017534046038583,5.966541305014604e-05,2493,2607,0.009345990300174876,True
gvn,simple-loop-unswitch,-0.002789806929397287,-0.6118920401275052,0.5406374209059506,2439,2498,0.9656120029518516,False
gvn,loop-versioning,-0.007673456220922914,-1.6504644280690952,0.09891033498355886,2534,2515,0.7990395200215817,False
gvn,loop-flatten,-0.0074014585096364716,-1.638487836585412,0.10138333159559357,2492,2475,0.8039373143348778,False
gvn,loop-reroll,-0.004811715030279495,-1.1001180162055217,0.2713328485804069,2549,2533,0.9261097314091098,False
gvn,loop-instsimplify,-0.004212571890671757,-0.9385626162024058,0.34799910848196863,2611,2581,0.9362139119162718,False
gvn,loop-simplifycfg,0.0007186670945390494,0.15736395515279422,0.8749643442353721,2515,2512,0.9878311966791359,False
gvn,loop-predication,-0.0025751177978192707,-0.5711816433174551,0.5679022372705572,2539,2474,0.9656120029518516,False
gvn,speculative-execution,-0.012819008316216907,-2.9447349451302536,0.003247146169465716,2513,2517,0.24453508460822584,False
gvn,partially-inline-libcalls,-0.00410241864836719,-0.8988856024944166,0.36875670252292997,2514,2511,0.9362139119162718,False
gvn,load-store-vectorizer,0.007260880873614095,1.6461365431283752,0.09979863615786178,2524,2470,0.7990395200215817,False
gvn,iroutliner,0.005471792104369766,1.2414266579060558,0.21450588720997224,2486,2563,0.9053769260213016,False
gvn,global-merge,0.006507844624477899,1.447276098000465,0.14788328796641617,2422,2512,0.8825861989128816,False
gvn,break-crit-edges,-0.004817819787747646,-1.071603380888504,0.283949877445019,2532,2477,0.9261097314091098,False
gvn,unreachableblockelim,0.006511928579739645,1.4467822597707418,0.14802143485609276,2490,2447,0.8825861989128816,False
gvn-hoist,gvn-sink,0.003957761996133069,0.7054631079866421,0.48055479712860727,2583,2454,0.9584453421215212,False
gvn-hoist,newgvn,0.0004739896627484752,0.1124418517944039,0.9104774976858002,2620,2501,0.9897292090133071,False
gvn-hoist,early-cse,0.006757929243731753,1.382860670785573,0.16676827223697246,2551,2542,0.8921646913660987,False
gvn-hoist,mergereturn,-0.0009041120101808131,-0.16235709862500547,0.8710312246757431,2542,2452,0.9878311966791359,False
gvn-hoist,globalopt,-0.002411803527539169,-0.4442938121653579,0.6568493767287992,2525,2484,0.9715957741718303,False
gvn-hoist,strip-dead-prototypes,0.0028422282597690973,0.5187015166668861,0.6039918481840284,2477,2535,0.9663854998208667,False
gvn-hoist,indvars,-0.006306778939588142,-1.1671445730533239,0.2432065793486937,2579,2521,0.923462493379908,False
gvn-hoist,mergeicmps,-0.004457284331066069,-0.8156809468130355,0.4147214208677315,2528,2485,0.938921317022563,False
gvn-hoist,separate-const-offset-from-gep,0.011804027541754192,2.2333606683774145,0.025568688696355327,2546,2550,0.614275981195874,False
gvn-hoist,libcalls-shrinkwrap,-0.0014840800373870366,-0.26542941850100427,0.7906897222988543,2500,2455,0.9819797179926498,False
gvn-hoist,flattencfg,-0.00024283461233071124,-0.04420551833136378,0.9647423327742897,2461,2588,0.9932346158623248,False
gvn-hoist,loop-reduce,0.007692828477424585,1.4011174290101167,0.16124172593839142,2466,2480,0.8886940441949083,False
gvn-hoist,loop-unroll,-0.0016486479529161935,-0.29995942594911107,0.7642205047076623,2514,2516,0.9819797179926498,False
gvn-hoist,loop-rotate,0.007962528237832556,1.345616681563397,0.1784862324335344,2576,2509,0.8936246540017126,False
gvn-hoist,partial-inliner,0.0004526130372957682,0.08437744042853201,0.9327596159916136,2606,2557,0.9901925823858527,False
gvn-hoist,lower-expect,0.003405446301015691,0.6284596632110628,0.5297314384431231,2495,2533,0.9656120029518516,False
gvn-hoist,alignment-from-assumptions,-0.009575088067328485,-1.7466419935830828,0.08075998644649326,2520,2564,0.7968989516182841,False
gvn-hoist,rpo-function-attrs,0.003252467627529565,0.611245001583691,0.541065510584164,2455,2503,0.9656120029518516,False
gvn-hoist,attributor,0.0013970203064334608,0.2788919942252033,0.7803393540677692,2478,2491,0.9819797179926498,False
gvn-hoist,inferattrs,0.009721116534314289,1.800930038087357,0.07177256849869805,2573,2569,0.7713722702619097,False
gvn-hoist,called-value-propagation,-0.012340569847062555,-2.321230117343284,0.020313630349654277,2528,2593,0.5918038420417597,False
gvn-hoist,licm,-0.00029508231849462163,-0.05099627103235122,0.9593304698423815,2526,2627,0.9932346158623248,False
gvn-hoist,loop-simplify,-0.0004947688574074016,-0.08861077804238852,0.9293948124645839,2509,2465,0.9901814842231369,False
gvn-hoist,div-rem-pairs,0.001834311483852824,0.34174051315442844,0.7325602226884577,2547,2573,0.9819797179926498,False
gvn-hoist,float2int,-0.003673841890025231,-0.6603918852859026,0.5090325336524658,2526,2524,0.9617601825968374,False
gvn-hoist,inline,-0.002802118609771753,-0.5156635828376938,0.6061124554642088,2477,2475,0.9663854998208667,False
gvn-hoist,sink,0.006614092197436416,1.1882767342609464,0.23478132220544182,2466,2494,0.923462493379908,False
gvn-hoist,loop-vectorize,-0.011285735711673905,-1.8693733050692223,0.06162813301115503,2614,2491,0.7569390838893625,False
gvn-hoist,slp-vectorizer,-0.016815619362277046,-3.1483883878630263,0.0016513059352123007,2625,2428,0.16166285105728423,False
gvn-hoist,callsite-splitting,0.0004440139978524882,0.0825014731680666,0.9342512566039504,2464,2527,0.990361070134691,False
gvn-hoist,dfa-jump-threading,-0.003298928692559211,-0.6101063272030125,0.5418192767773228,2452,2555,0.9656120029518516,False
gvn-hoist,consthoist,0.01480407741384926,2.6454215704819335,0.008184740624276064,2494,2470,0.41471600631524713,False
gvn-hoist,mldst-motion,-0.005274282287939913,-0.9980358654466733,0.31830914846143005,2558,2563,0.9321981262611873,False
gvn-hoist,slsr,-0.006307547032613436,-1.1640534464111219,0.2444582614920666,2548,2422,0.923462493379908,False
gvn-hoist,loop-interchange,0.005050211376127656,0.93620299473821,0.3492141713131947,2587,2419,0.9362139119162718,False
gvn-hoist,loop-fusion,0.0016187238268138282,0.2911192711180315,0.7709720926104126,2530,2510,0.9819797179926498,False
gvn-hoist,loop-distribute,0.008094418914262214,1.4616574770399617,0.1438989398811844,2426,2498,0.8811890442954267,False
gvn-hoist,loop-load-elim,0.008034131848964787,1.5148705620556546,0.1298676594584895,2557,2510,0.8461926030606403,False
gvn-hoist,loop-sink,0.005431326372139056,0.9848690699259852,0.32473619456182545,2491,2499,0.9342495346719147,False
gvn-hoist,loop-unroll-and-jam,-0.010145884737890742,-1.9173513271754,0.05525017296729365,2469,2566,0.754611189830786,False
gvn-hoist,hotcoldsplit,0.001251051819216531,0.23052411362062064,0.8176938239789506,2485,2613,0.9862005430341109,False
gvn-hoist,irce,-0.0032955930180214033,-0.6118862880418914,0.5406407719322497,2543,2467,0.9656120029518516,False
gvn-hoist,nary-reassociate,0.0035594055543623493,0.6523744523963142,0.5141891298025517,2497,2590,0.9617601825968374,False
gvn-hoist,scalarizer,-0.0015726892692037864,-0.27647362258997843,0.7821959155230039,2495,2434,0.9819797179926498,False
gvn-hoist,vector-combine,0.0009831334443100026,0.18162365665425062,0.85588544370653,2505,2499,0.9870002285963028,False
gvn-hoist,always-inline,0.008029654367304073,1.4652522857323156,0.14291608430544803,2484,2447,0.8805305635947909,False
gvn-hoist,globalsplit,-0.0014473451686747296,-0.26934168589513774,0.7876779331806982,2475,2505,0.9819797179926498,False
gvn-hoist,lowerswitch,-0.0014006880934872568,-0.2571423097588469,0.7970794099788963,2505,2539,0.9821784044925607,False
gvn-hoist,early-cse-memssa,-0.0018946823528815937,-0.45956959052751384,0.6458451880285594,2530,2490,0.9675808991214881,False
gvn-hoist,simple-loop-unswitch,-0.0060794701758279945,-1.1076202598419371,0.26807989040200764,2449,2485,0.9261097314091098,False
gvn-hoist,loop-versioning,-0.0044969996954156155,-0.8161244181761921,0.4144676687229843,2542,2485,0.938921317022563,False
gvn-hoist,loop-flatten,0.004817550679281579,0.8801913826738746,0.3787976444599699,2546,2501,0.9372979316317167,False
gvn-hoist,loop-reroll,-0.002433307491631065,-0.4612202267663315,0.6446600183372831,2659,2516,0.9675126877850944,False
gvn-hoist,loop-instsimplify,-0.0011727010333736354,-0.21903446511272226,0.8266318800775331,2567,2585,0.9862005430341109,False
gvn-hoist,loop-simplifycfg,0.00034663546504809517,0.06400579648233799,0.9489681607356428,2501,2521,0.9931662807812082,False
gvn-hoist,loop-predication,-0.013108710597294015,-2.3996684146732497,0.016445782752764797,2545,2528,0.5461586272187412,False
gvn-hoist,speculative-execution,-0.0015669382846461577,-0.28436829408898295,0.7761399033821614,2574,2451,0.9819797179926498,False
gvn-hoist,partially-inline-libcalls,0.004677742221824321,0.860290636486981,0.3896691551083022,2624,2516,0.9387788987599427,False
gvn-hoist,load-store-vectorizer,0.00028391616144340937,0.05181411009447527,0.9586789172672181,2451,2470,0.9932346158623248,False
gvn-hoist,iroutliner,0.005649105495419637,1.0971319095419185,0.2726359657564016,2558,2507,0.9261097314091098,False
gvn-hoist,global-merge,0.004753056967651159,0.8737057451744864,0.38232090011072006,2451,2503,0.9372979316317167,False
gvn-hoist,break-crit-edges,-0.006900052915289834,-1.2700126620089078,0.20413933841453763,2488,2505,0.9043095579539925,False
gvn-hoist,unreachableblockelim,0.002232819449582757,0.4127918550480837,0.6797763956627912,2627,2521,0.9761793877768301,False
gvn-sink,newgvn,0.0011566749780307362,0.27971144041492785,0.7797103388845529,2524,2537,0.9819797179926498,False
gvn-sink,early-cse,0.004692902122487019,0.9784162915888072,0.32791615636856514,2481,2485,0.9342495346719147,False
gvn-sink,mergereturn,0.001805613197786049,0.3250207822319783,0.7451790765575111,2468,2499,0.9819797179926498,False
gvn-sink,globalopt,-0.010488095938642139,-1.8927720981932845,0.05844542107085213,2567,2478,0.754611189830786,False
gvn-sink,strip-dead-prototypes,0.011585002000368216,2.063443247029944,0.03912371572215907,2480,2387,0.6893372254732842,False
gvn-sink,indvars,0.0010559875375834027,0.19569474111672588,0.8448569936887964,2570,2481,0.9862005430341109,False
gvn-sink,mergeicmps,0.0052965403972631275,0.9493044445034209,0.3425108016079179,2541,2558,0.9362139119162718,False
gvn-sink,separate-const-offset-from-gep,0.00481214146028669,0.872253847883661,0.3831123115969029,2402,2552,0.9372979316317167,False
gvn-sink,libcalls-shrinkwrap,-0.005319435637286818,-0.9733704354774759,0.330415919616524,2527,2518,0.9355811577861952,False
gvn-sink,flattencfg,0.0010969134499421163,0.1986852836125914,0.8425169653674008,2539,2506,0.9862005430341109,False
gvn-sink,loop-reduce,-0.005067132651183304,-0.9422302066798496,0.3461199172497379,2509,2537,0.9362139119162718,False
gvn-sink,loop-unroll,-0.00922925261114571,-1.6528490206790085,0.09842291282698505,2530,2603,0.7990395200215817,False
gvn-sink,loop-rotate,-0.002718511352006292,-0.449755016349545,0.652906415805125,2553,2495,0.9706839499972929,False
gvn-sink,partial-inliner,-0.0020096941440515548,-0.36179502500226424,0.7175204721401705,2498,2514,0.9819797179926498,False
gvn-sink,lower-expect,0.008060633316380184,1.4630218312320962,0.14352489934475499,2536,2436,0.8809459339091857,False
gvn-sink,alignment-from-assumptions,0.004183051534468907,0.7566554367463423,0.44929202163133475,2433,2562,0.9556013520116641,False
gvn-sink,rpo-function-attrs,-0.0012483342876944414,-0.23205986225957057,0.8165008986438287,2546,2519,0.9862005430341109,False
gvn-sink,attributor,-0.001408961467736225,-0.26718480240447295,0.7893381562154838,2453,2451,0.9819797179926498,False
gvn-sink,inferattrs,-0.0034796590219282053,-0.6536251832337264,0.5133830478288758,2584,2475,0.9617601825968374,False
gvn-sink,called-value-propagation,0.0007723875294284865,0.14068431202625517,0.8881249988538845,2559,2462,0.9878981187095685,False
gvn-sink,licm,-0.007261223661342964,-1.2082264187774903,0.22701737558056334,2539,2459,0.9232760696075548,False
gvn-sink,loop-simplify,-0.005918111260333536,-1.081481323616071,0.2795345803041281,2502,2570,0.9261097314091098,False
gvn-sink,div-rem-pairs,0.005395859224175403,1.0007143665540021,0.3170128263029365,2555,2503,0.930601370166641,False
gvn-sink,float2int,-0.0022921662690510436,-0.42457141637721574,0.6711670381991834,2596,2511,0.9754681153759602,False
gvn-sink,inline,-0.002388629281587784,-0.4421125150511655,0.6584267295291757,2523,2530,0.9719891968069564,False
gvn-sink,sink,0.002922357730696823,0.5394037209781007,0.589631962209568,2507,2575,0.9663854998208667,False
gvn-sink,loop-vectorize,-0.004801613077721478,-0.8124566246884091,0.41656806215600517,2490,2552,0.938921317022563,False
gvn-sink,slp-vectorizer,-0.002152085273852633,-0.3907481548577968,0.6959999516955114,2526,2519,0.9802307257169508,False
gvn-sink,callsite-splitting,-0.004148704754104893,-0.7607966819385799,0.4468144661063369,2458,2551,0.9547534106413382,False
gvn-sink,dfa-jump-threading,-0.0037400579182384486,-0.6956699327183165,0.48666801508662944,2496,2491,0.959250210099802,False
gvn-sink,consthoist,-0.0006058604777900434,-0.10864330900652708,0.913489815343009,2423,2554,0.9897292090133071,False
gvn-sink,mldst-motion,0.005510587389968569,1.0137864139110162,0.31073235955281275,2569,2579,0.9261097314091098,False
gvn-sink,slsr,-0.0032972113761067234,-0.5952578674972717,0.5516975928721217,2525,2564,0.9656120029518516,False
gvn-sink,loop-interchange,0.005763426782536052,1.05413683637268,0.29187072458471003,2528,2528,0.9261097314091098,False
gvn-sink,loop-fusion,0.0014917412367018157,0.2600762709983148,0.7948158310244532,2420,2501,0.9819797179926498,False
gvn-sink,loop-distribute,0.0037100938924151117,0.670799428466358,0.5023796136034734,2431,2528,0.9610740434153403,False
gvn-sink,loop-load-elim,-0.006991779849546964,-1.2867332098509068,0.19824572448418734,2652,2448,0.9004139838184037,False
gvn-sink,loop-sink,0.001897303876709222,0.36099195588407706,0.7181206111199389,2572,2469,0.9819797179926498,False
gvn-sink,loop-unroll-and-jam,-0.0021964835299745356,-0.4039462386460118,0.6862690771767959,2596,2541,0.9793840037260687,False
gvn-sink,hotcoldsplit,-0.006616550391914722,-1.2068377185515151,0.2275515473372848,2521,2498,0.9232760696075548,False
gvn-sink,irce,0.002874182746320453,0.5143999979049735,0.6069949029008163,2456,2592,0.9663854998208667,False
gvn-sink,nary-reassociate,0.0021881104254518613,0.396650116304707,0.6916425582271255,2446,2515,0.9802307257169508,False
gvn-sink,scalarizer,-0.010486063377279031,-1.808576398090015,0.07057813708631418,2442,2458,0.7656066061773029,False
gvn-sink,vector-combine,0.006822455863672916,1.2668869989137188,0.20525382207837836,2533,2552,0.9053769260213016,False
gvn-sink,always-inline,-0.009806677726988955,-1.824040910240082,0.06820671504401093,2469,2437,0.7648169515258737,False
gvn-sink,globalsplit,-0.001884390504219735,-0.35407481628569,0.7232973724640063,2545,2598,0.9819797179926498,False
gvn-sink,lowerswitch,0.002100748957152898,0.3810934780457335,0.7031498719826652,2487,2580,0.9802307257169508,False
gvn-sink,early-cse-memssa,0.0010164511337743543,0.23892688121426986,0.8111720271185916,2561,2486,0.9858456523643213,False
gvn-sink,simple-loop-unswitch,-0.0011947150349723157,-0.2191379258406119,0.8265515976656013,2492,2485,0.9862005430341109,False
gvn-sink,loop-versioning,0.009943640380235208,1.7602031605603694,0.07843439035390275,2507,2523,0.7916213212007298,False
gvn-sink,loop-flatten,0.0014733252848052047,0.2660454263782302,0.7902151760224292,2457,2553,0.9819797179926498,False
gvn-sink,loop-reroll,0.009531771104308306,1.7314005961890502,0.08344104983804698,2512,2571,0.7968989516182841,False
gvn-sink,loop-instsimplify,0.002119775192378215,0.38788987789715007,0.6981143350756962,2492,2440,0.9802307257169508,False
gvn-sink,loop-simplifycfg,-0.0011425995315140214,-0.21395241325621114,0.8305928714859994,2540,2473,0.9862005430341109,False
gvn-sink,loop-predication,-0.0017674515543388836,-0.3279496626471774,0.7429635072899543,2447,2550,0.9819797179926498,False
gvn-sink,speculative-execution,-0.00044599132731204527,-0.08121563550612904,0.9352737418427596,2494,2508,0.9908026409910448,False
gvn-sink,partially-inline-libcalls,0.006965248591634388,1.262217609954253,0.20692886282553438,2555,2502,0.9053769260213016,False
gvn-sink,load-store-vectorizer,0.002799739214999153,0.5115130650306527,0.6090144529057204,2521,2476,0.9663854998208667,False
gvn-sink,iroutliner,0.009380106303828017,1.781111305627738,0.07495532465569978,2491,2482,0.7763213109381012,False
gvn-sink,global-merge,-0.0051523425771305975,-0.9471647179783687,0.34360084918149,2501,2482,0.9362139119162718,False
gvn-sink,break-crit-edges,0.008868598899227365,1.5760847023402373,0.11506810283810089,2532,2587,0.8163164686847882,False
gvn-sink,unreachableblockelim,0.0031272173828834626,0.5790609841902807,0.5625741274487099,2462,2579,0.9656120029518516,False
newgvn,early-cse,-0.006905953316109992,-1.6660604354517925,0.09576389474154852,2525,2501,0.7990395200215817,False
newgvn,mergereturn,0.005828560840391961,1.3788434663156066,0.16800470691521066,2455,2553,0.8936246540017126,False
newgvn,globalopt,0.0012173769176424543,0.29784792045564507,0.7658316668251409,2561,2456,0.9819797179926498,False
newgvn,strip-dead-prototypes,-0.0097443307250904,-2.271923821429578,0.02313152237542927,2618,2617,0.5975435824083019,False
newgvn,indvars,-0.00795576500165962,-1.858011658898741,0.06322452931806419,2644,2495,0.7569390838893625,False
newgvn,mergeicmps,-0.0067531296787272654,-1.614446772618696,0.10649224648978263,2601,2527,0.8039373143348778,False
newgvn,separate-const-offset-from-gep,-0.0037213545631449296,-0.9098543255883178,0.3629429501087988,2534,2497,0.9362139119162718,False
newgvn,libcalls-shrinkwrap,-0.002543241653875039,-0.5803586209907404,0.5616991452728716,2502,2466,0.9656120029518516,False
newgvn,flattencfg,-0.0007298291757632525,-0.16781352151838788,0.8667368975771133,2443,2468,0.9871386789273737,False
newgvn,loop-reduce,-0.0038230427923137134,-0.851882271172583,0.39432100792016894,2449,2492,0.9387788987599427,False
newgvn,loop-unroll,-0.0004648845491718734,-0.1004057353223054,0.9200263328114947,2459,2433,0.9897292090133071,False
newgvn,loop-rotate,-0.010397497957431667,-2.172622230211557,0.029855391809159547,2542,2528,0.6358844367825872,False
newgvn,partial-inliner,0.013177685698568475,3.001481766259371,0.002700019697191326,2601,2510,0.22905169759220442,False
newgvn,lower-expect,-0.0008723862337461363,-0.20012816247651236,0.8413883909913323,2556,2507,0.9862005430341109,False
newgvn,alignment-from-assumptions,-0.008102062641916319,-1.7216220727468097,0.0852015805983941,2488,2429,0.7982042813954815,False
newgvn,rpo-function-attrs,-0.0011674294172183686,-0.2796133413149766,0.7797855744849091,2584,2522,0.9819797179926498,False
newgvn,attributor,0.014828466369470938,3.859035626626284,0.00011522408203531212,2591,2575,0.017354519432703164,True
newgvn,inferattrs,0.0056606653117833305,1.3106126602270398,0.19004874174387829,2568,2490,0.8946881968616551,False
newgvn,called-value-propagation,0.0005551490992732333,0.13277121036298162,0.8943796334440007,2528,2509,0.9881490026644629,False
newgvn,licm,-0.028443006300845897,-5.556311888525513,2.8970636282882675e-08,2533,2585,7.56326744558457e-06,True
newgvn,loop-simplify,-0.0002827639438376939,-0.06599150565924722,0.9473872618781495,2453,2483,0.993162990687176,False
newgvn,div-rem-pairs,-0.004880397827361882,-1.1735990866345893,0.24061154076599048,2535,2475,0.923462493379908,False
newgvn,float2int,0.0046892412199931455,1.1314249415524167,0.25792917071940114,2541,2598,0.9237088064321658,False
newgvn,inline,0.0005493573791034434,0.12586809765513834,0.8998414470805969,2480,2473,0.9887259997126645,False
newgvn,sink,0.0008272737280237696,0.1999911976026122,0.8414953485775205,2582,2583,0.9862005430341109,False
newgvn,loop-vectorize,-0.027511328055407347,-5.4560364010257425,5.112964476552566e-08,2499,2557,1.2513980556362405e-05,True
newgvn,slp-vectorizer,0.007184384478538364,1.6664613740755934,0.09568390259216124,2459,2571,0.7990395200215817,False
newgvn,callsite-splitting,-0.005567156216637226,-1.344727963476958,0.17877186735122044,2582,2610,0.8936246540017126,False
newgvn,dfa-jump-threading,-0.00221917071165173,-0.5333112786123568,0.5938412932369325,2509,2619,0.9663854998208667,False
newgvn,consthoist,0.005478661485079139,1.2853097033037424,0.19874318180210807,2410,2686,0.9004139838184037,False
newgvn,mldst-motion,-0.002472307214586411,-0.5915857670735196,0.5541543152410323,2550,2540,0.9656120029518516,False
newgvn,slsr,0.005593191333122471,1.305593071092966,0.19175138497539526,2490,2486,0.8992795491780213,False
newgvn,loop-interchange,-0.009400398967021384,-2.251148282735022,0.024420010006049337,2497,2483,0.6091003769661733,False
newgvn,loop-fusion,-0.0013671546719988825,-0.3212000026428496,0.7480721555740167,2549,2513,0.9819797179926498,False
newgvn,loop-distribute,-0.005677754159907289,-1.3170627298506101,0.18787882640709389,2503,2432,0.8946881968616551,False
newgvn,loop-load-elim,0.009296767650387616,2.1939933404588565,0.028280713006487546,2585,2581,0.6358844367825872,False
newgvn,loop-sink,0.007290214298908859,1.6654255949983618,0.09589283800920521,2447,2385,0.7990395200215817,False
newgvn,loop-unroll-and-jam,0.010299812848770129,2.3245687328585394,0.02013531512006965,2507,2486,0.5918038420417597,False
newgvn,hotcoldsplit,0.003928102878202777,0.9315023747749669,0.3516382530619259,2533,2529,0.9362139119162718,False
newgvn,irce,-0.00777173595659586,-1.8315869815011876,0.06707232204710499,2548,2486,0.7648169515258737,False
newgvn,nary-reassociate,0.0028389770108561696,0.6807534233804988,0.49605884769458886,2557,2492,0.959250210099802,False
newgvn,scalarizer,-0.005164904260995751,-1.1983306708494017,0.23084470798641324,2535,2505,0.923462493379908,False
newgvn,vector-combine,0.002145283830717104,0.5205754358634622,0.6026852877933092,2496,2580,0.9663854998208667,False
newgvn,always-inline,0.0008371589810013402,0.19855814943507524,0.8426164865954849,2483,2517,0.9862005430341109,False
newgvn,globalsplit,0.0002632437918939634,0.06293830538839203,0.949818131203927,2526,2514,0.9931662807812082,False
newgvn,lowerswitch,-0.004214247609720501,-0.939671371052194,0.34743255202497525,2475,2429,0.9362139119162718,False
newgvn,early-cse-memssa,-0.004445761371421775,-1.0701384915565986,0.28460785873007427,2538,2556,0.9261097314091098,False
newgvn,simple-loop-unswitch,-0.0013088733955706755,-0.31025743092584046,0.7563782211386922,2482,2486,0.9819797179926498,False
newgvn,loop-versioning,6.850559231963427e-05,0.015229488845166533,0.9878496948314607,2541,2537,0.9951603379292009,False
newgvn,loop-flatten,0.0013693588927897737,0.3238534803698075,0.746062270021409,2533,2560,0.9819797179926498,False
newgvn,loop-reroll,-0.00723570940792051,-1.716612271679876,0.0861124657776475,2490,2473,0.7987384440285578,False
newgvn,loop-instsimplify,-0.007854557739384871,-1.9182629927030768,0.05513449822878267,2504,2526,0.754611189830786,False
newgvn,loop-simplifycfg,-0.001847054194182074,-0.43783185355035986,0.6615271530433131,2482,2552,0.9735213571280024,False
newgvn,loop-predication,0.007137885854159476,1.7375073950049658,0.0823583493041948,2556,2523,0.7968989516182841,False
newgvn,speculative-execution,0.001091778678927513,0.2519669761440411,0.8010771751973994,2500,2444,0.9840082239877717,False
newgvn,partially-inline-libcalls,0.0014925883524109507,0.35240320482773535,0.7245508700601377,2459,2506,0.9819797179926498,False
newgvn,load-store-vectorizer,-0.004735322013012078,-1.1508283778883166,0.24985678830608787,2512,2609,0.923462493379908,False
newgvn,iroutliner,0.006427938891552354,1.5352877928309545,0.12477501847002702,2577,2555,0.8389655755993107,False
newgvn,global-merge,-0.0008822843735898922,-0.20554073273662488,0.8371581032457283,2524,2487,0.9862005430341109,False
newgvn,break-crit-edges,0.007484307854614181,1.7147653348967264,0.08645022154105055,2456,2551,0.7987384440285578,False
newgvn,unreachableblockelim,0.0070525917511772285,1.6596864306597578,0.09704109566555183,2476,2466,0.7990395200215817,False
early-cse,mergereturn,-0.0024796068919930025,-0.5157740690300486,0.6060350294296201,2520,2496,0.9663854998208667,False
early-cse,globalopt,-0.008638649315902691,-1.7834253347988906,0.07457730303178092,2573,2465,0.7763213109381012,False
early-cse,strip-dead-prototypes,-0.0021299747805760827,-0.4288585869378621,0.6680445926983497,2493,2527,0.975141818497267,False
early-cse,indvars,-0.00796678288248126,-1.6212390358245594,0.10503008553997986,2422,2619,0.8039373143348778,False
early-cse,mergeicmps,-0.0030161124128504913,-0.6154304641799828,0.5382983715497964,2506,2518,0.9656120029518516,False
early-cse,separate-const-offset-from-gep,0.00640907545095587,1.3136715889187156,0.18901707154914313,2472,2536,0.8946881968616551,False
early-cse,libcalls-shrinkwrap,-0.008168202180896478,-1.625777495859369,0.10406161019114153,2447,2435,0.8039373143348778,False
early-cse,flattencfg,0.012079836043403236,2.5167336537454403,0.01187526991148489,2586,2517,0.48083712756606795,False
early-cse,loop-reduce,0.003832741972013387,0.7711560145661177,0.4406507091046199,2497,2544,0.9539093340179844,False
early-cse,loop-unroll,-0.005823673630418025,-1.1747113804858917,0.24016651669274827,2481,2516,0.923462493379908,False
early-cse,loop-rotate,-0.0015107393081078557,-0.2766993207077642,0.782022693398492,2420,2470,0.9819797179926498,False
early-cse,partial-inliner,0.004783284719149905,0.9734632934495724,0.33037004302592526,2473,2556,0.9355811577861952,False
early-cse,lower-expect,-0.005747650594848608,-1.1687369744531708,0.24256524574890903,2501,2512,0.923462493379908,False
early-cse,alignment-from-assumptions,-0.002795844988169427,-0.5823045472897235,0.5603882520447515,2469,2454,0.9656120029518516,False
early-cse,rpo-function-attrs,-0.012284705721659128,-2.4613507942618096,0.013874920340703985,2566,2452,0.5030943338351556,False
early-cse,attributor,0.005257020782161503,1.1586541436466666,0.246651625825262,2498,2587,0.923462493379908,False
early-cse,inferattrs,0.0032761425254343446,0.6569536845081345,0.5112416680631003,2425,2460,0.9617601825968374,False
early-cse,called-value-propagation,0.0031436067777560472,0.638344735891794,0.5232786032251191,2503,2512,0.9647641291099653,False
early-cse,licm,-0.023521437420344182,-4.396437218930391,1.1233123598186064e-05,2531,2536,0.002315205895289296,True
early-cse,loop-simplify,0.000948600977522196,0.19276008707513503,0.8471547322047652,2456,2521,0.9870002285963028,False
early-cse,div-rem-pairs,0.006702918172105721,1.4165124703084633,0.15668588465095917,2577,2588,0.8871198774506207,False
early-cse,float2int,0.006768043153162595,1.386524226362682,0.16564873959762813,2575,2503,0.8886940441949083,False
early-cse,inline,0.004021209198893927,0.7969109091935336,0.4255415118795324,2420,2470,0.9446828574377827,False
early-cse,sink,0.006928714238779277,1.416508191915495,0.15668864009841024,2536,2550,0.8871198774506207,False
early-cse,loop-vectorize,-0.008880819248432925,-1.649788902583255,0.09904950629436142,2486,2614,0.7990395200215817,False
early-cse,slp-vectorizer,0.0030896585290945966,0.6295217564038567,0.5290358101725071,2615,2516,0.9656120029518516,False
early-cse,callsite-splitting,-0.0010988416968154002,-0.21892314020503623,0.8267188617931976,2480,2571,0.9862005430341109,False
early-cse,dfa-jump-threading,-0.0022978129336486686,-0.4876185369592363,0.625841146180598,2528,2554,0.9663854998208667,False
early-cse,consthoist,-0.0030986907333589997,-0.6333675214315692,0.5265224371652821,2513,2529,0.9656120029518516,False
early-cse,mldst-motion,-0.0014877688078704376,-0.29992540770516296,0.7642464371377726,2509,2527,0.9819797179926498,False
early-cse,slsr,-0.0011912138236702674,-0.24118891049480318,0.8094184963249457,2463,2596,0.9858456523643213,False
early-cse,loop-interchange,0.0001532463811871887,0.0310798885068782,0.9752070856177095,2524,2415,0.9936812097675248,False
early-cse,loop-fusion,0.010246832578812037,2.1344338616312934,0.032854396041021895,2596,2562,0.6560254772493974,False
early-cse,loop-distribute,0.0017651037822701832,0.3635540049400624,0.7162064831629453,2517,2477,0.9819797179926498,False
early-cse,loop-load-elim,-0.004197755253897262,-0.8645365055638793,0.3873356312081359,2431,2465,0.9387788987599427,False
early-cse,loop-sink,-0.0032536388323169962,-0.6700333052661174,0.5028680563232468,2460,2454,0.9612272139298115,False
early-cse,loop-unroll-and-jam,-0.015506466290689136,-3.2368553835101705,0.001216337014594754,2533,2559,0.13609073569008734,False
early-cse,hotcoldsplit,0.0012225437932444905,0.24646318026211575,0.8053335983350172,2556,2565,0.9849601011517839,False
early-cse,irce,-0.012154136262935156,-2.484787876951547,0.012995697222658463,2452,2500,0.4930388295009512,False
early-cse,nary-reassociate,-0.003306017313861709,-0.680413871930591,0.49627303572935955,2553,2622,0.959250210099802,False
early-cse,scalarizer,-0.0006050513289289627,-0.11941098783192126,0.9049544486204553,2638,2520,0.9889544369739047,False
early-cse,vector-combine,-0.010831033716331928,-2.2537541534387637,0.024255451656477942,2481,2447,0.6091003769661733,False
early-cse,always-inline,0.0034129688178075046,0.6995354095469931,0.4842494805861824,2534,2561,0.959012571040916,False
early-cse,globalsplit,0.0005322328692097811,0.11093852646498216,0.9116694919092571,2536,2530,0.9897292090133071,False
early-cse,lowerswitch,0.00029611409176888426,0.06041359721504977,0.9518286452609357,2545,2471,0.9931662807812082,False
early-cse,early-cse-memssa,0.005921698799500941,1.3750380429100901,0.16918085799856547,2511,2528,0.8936246540017126,False
early-cse,simple-loop-unswitch,-0.002640985904210802,-0.5603131521444707,0.5752911276455729,2495,2488,0.9658039733307087,False
early-cse,loop-versioning,-0.010938959690197703,-2.2143064078141075,0.026852159323669175,2493,2569,0.6308759607586552,False
early-cse,loop-flatten,-0.011381670465222482,-2.2652741231620714,0.023538261056485134,2489,2542,0.6024564071712143,False
early-cse,loop-reroll,-1.1112637537447068e-05,-0.002282356059759426,0.9981790371486293,2515,2424,0.9995364665178008,False
early-cse,loop-instsimplify,-0.002474130388304907,-0.48817050172984194,0.6254506701305285,2493,2558,0.9663854998208667,False
early-cse,loop-simplifycfg,-0.0005980902863980675,-0.12284145365945012,0.9022376746907383,2447,2471,0.9889544369739047,False
early-cse,loop-predication,-0.010807899642473195,-2.2195645612572408,0.02649358325310406,2480,2462,0.6287810425403364,False
early-cse,speculative-execution,0.0020530734211743895,0.41886104563386084,0.6753351668673727,2574,2582,0.9754681153759602,False
early-cse,partially-inline-libcalls,0.0032935148539657844,0.6711217570827899,0.5021738797255493,2551,2470,0.9610740434153403,False
early-cse,load-store-vectorizer,0.0037207670151782612,0.7667760094475912,0.4432512253840976,2446,2512,0.9539093340179844,False
early-cse,iroutliner,-5.223431677542356e-05,-0.010662649734556722,0.9914930138166327,2598,2526,0.9965270751411184,False
early-cse,global-merge,0.006982794888953592,1.4483882280856006,0.1475712007868696,2481,2525,0.8825861989128816,False
early-cse,break-crit-edges,0.008848111000971937,1.8133944105515982,0.06983156502826472,2488,2464,0.7648169515258737,False
early-cse,unreachableblockelim,-0.0038831586326392165,-0.821203628257981,0.41156798305352427,2583,2613,0.938921317022563,False
mergereturn,globalopt,0.009477018243789548,1.7519272392623644,0.07984886836955205,2469,2449,0.7936247932364614,False
mergereturn,strip-dead-prototypes,0.0024972818221191684,0.4674620697119491,0.6401892660633601,2591,2523,0.9663854998208667,False
mergereturn,indvars,0.002255269256715986,0.38738090877773995,0.6984910187649015,2486,2435,0.9802307257169508,False
mergereturn,mergeicmps,-0.0007528608591155783,-0.13937034031498297,0.889163062195174,2546,2514,0.9878981187095685,False
mergereturn,separate-const-offset-from-gep,0.0040219254270839055,0.7337953192310935,0.4631082501649282,2482,2471,0.9576122218629731,False
mergereturn,libcalls-shrinkwrap,-0.003129244683149679,-0.5771079167694757,0.5638926980960361,2529,2467,0.9656120029518516,False
mergereturn,flattencfg,-0.0036264782087817027,-0.6630155947249181,0.5073511083783172,2510,2496,0.9617601825968374,False
mergereturn,loop-reduce,-0.003561075211078679,-0.6490031146534607,0.5163667868862724,2510,2415,0.9619849369394112,False
mergereturn,loop-unroll,0.000714450354808438,0.1302428119883287,0.8963795653950984,2488,2512,0.9885165807060562,False
mergereturn,loop-rotate,-0.008465103214105374,-1.3812466556517446,0.1672636200829709,2596,2521,0.8923764798977031,False
mergereturn,partial-inliner,0.0018858608718420045,0.3310811214700008,0.7405970273938377,2530,2506,0.9819797179926498,False
mergereturn,lower-expect,-0.00038080929499995086,-0.06868196040735754,0.9452455360208298,2505,2484,0.993162990687176,False
mergereturn,alignment-from-assumptions,-0.009319593419783112,-1.665675034068744,0.09584156304707847,2512,2430,0.7990395200215817,False
mergereturn,rpo-function-attrs,-0.0026002623400508407,-0.48297062053527956,0.6291376343778867,2544,2484,0.9663854998208667,False
mergereturn,attributor,-0.005634735270155289,-1.1008047628540747,0.2710354598274482,2448,2489,0.9261097314091098,False
mergereturn,inferattrs,-0.009270101058890534,-1.6545919687251471,0.0980702908799133,2481,2505,0.7990395200215817,False
mergereturn,called-value-propagation,0.001834319023928721,0.3422066080754257,0.7322094479296292,2515,2611,0.9819797179926498,False
mergereturn,licm,0.001501208703255985,0.2495207156317103,0.8029681444927167,2517,2547,0.9841700324987414,False
mergereturn,loop-simplify,0.0008724378075073425,0.15774320405973757,0.8746654313617029,2599,2489,0.9878311966791359,False
mergereturn,div-rem-pairs,-0.0029943840543739664,-0.5686071586292855,0.5696479921855606,2532,2542,0.9656120029518516,False
mergereturn,float2int,0.0003201320709697031,0.05948677598940873,0.9525666939082273,2651,2534,0.9931662807812082,False
mergereturn,inline,0.00026066333107843676,0.04749723977336765,0.9621188362372523,2562,2441,0.9932346158623248,False
mergereturn,sink,0.00427795441600376,0.78351058620422,0.4333639935394622,2510,2556,0.950734523744487,False
mergereturn,loop-vectorize,0.001989115403657704,0.33782801918705296,0.7355071227460495,2445,2508,0.9819797179926498,False
mergereturn,slp-vectorizer,0.0032978105927302104,0.6190742742401552,0.5358956413203728,2509,2494,0.9656120029518516,False
mergereturn,callsite-splitting,0.004788095073846976,0.8624210287371357,0.38849742080928773,2509,2489,0.9387788987599427,False
mergereturn,dfa-jump-threading,0.007861476590210081,1.4440573398323702,0.14878526569469658,2459,2562,0.8826513446320006,False
mergereturn,consthoist,0.008989394231523451,1.6052005560720939,0.1085122926294481,2627,2512,0.8039373143348778,False
mergereturn,mldst-motion,-0.004031689948861217,-0.7413712061221397,0.4585024276819505,2581,2564,0.9576122218629731,False
mergereturn,slsr,-0.0013690819501557816,-0.2456304191388344,0.8059782840011787,2483,2588,0.9850845693347738,False
mergereturn,loop-interchange,-0.0040377590696045185,-0.7348208206009386,0.4624832149822358,2533,2451,0.9576122218629731,False
mergereturn,loop-fusion,0.0018173778614228309,0.32279666979083316,0.7468630008169636,2383,2523,0.9819797179926498,False
mergereturn,loop-distribute,-0.007053708879466991,-1.2767071463682549,0.20176497103769572,2469,2585,0.9019279317717096,False
mergereturn,loop-load-elim,-0.007331543546352792,-1.3546939829572835,0.17557757592554524,2422,2481,0.8936246540017126,False
mergereturn,loop-sink,-0.0052160088030623886,-0.9615402481796687,0.336325779952037,2533,2622,0.9362139119162718,False
mergereturn,loop-unroll-and-jam,-0.0061259399875905896,-1.0972517470510346,0.2725834941410178,2554,2516,0.9261097314091098,False
mergereturn,hotcoldsplit,-0.008330828558388292,-1.54007585433525,0.12360556907078864,2532,2438,0.8389655755993107,False
mergereturn,irce,-0.0009358135691673319,-0.17411158911337987,0.8617847481596049,2544,2515,0.9870002285963028,False
mergereturn,nary-reassociate,-0.007766083899086174,-1.4236996312829187,0.15459497976539108,2527,2548,0.8871198774506207,False
mergereturn,scalarizer,0.004619545681823822,0.8356685059879732,0.403381336547136,2518,2491,0.938921317022563,False
mergereturn,vector-combine,-0.000387283599471433,-0.07072007178270705,0.9436234058973376,2516,2432,0.993162990687176,False
mergereturn,always-inline,-0.0026247248207099116,-0.48724629098952826,0.6261047592334816,2522,2589,0.9663854998208667,False
mergereturn,globalsplit,0.012084594476849508,2.1694654822371833,0.03009402224522839,2501,2535,0.6358844367825872,False
mergereturn,lowerswitch,-0.003982919889311376,-0.7259220988316969,0.46792061291826287,2451,2555,0.9576122218629731,False
mergereturn,early-cse-memssa,-0.0005786034619888469,-0.13178484906107577,0.8951597719012572,2419,2595,0.9881490026644629,False
mergereturn,simple-loop-unswitch,-0.0031709801940077997,-0.5924712198515313,0.5535611227870699,2598,2550,0.9656120029518516,False
mergereturn,loop-versioning,-0.009591958269609735,-1.6636385400555094,0.09624519839982024,2577,2611,0.7990395200215817,False
mergereturn,loop-flatten,0.008223004577465998,1.4596004529190723,0.14446459817100712,2403,2460,0.8811890442954267,False
mergereturn,loop-reroll,-0.0017361537610198208,-0.31662288577402387,0.7515426828856426,2505,2626,0.9819797179926498,False
mergereturn,loop-instsimplify,-0.0019649859446218554,-0.36123184849429485,0.7179408504235962,2591,2599,0.9819797179926498,False
mergereturn,loop-simplifycfg,0.007804462523199995,1.4398902847107875,0.1499598121901548,2534,2569,0.8841019812609446,False
mergereturn,loop-predication,-0.005448400498483719,-1.0015102303831107,0.3166281798194942,2522,2532,0.930601370166641,False
mergereturn,speculative-execution,-0.0007947191244775942,-0.14605564088400658,0.8838832468251704,2517,2576,0.9878981187095685,False
mergereturn,partially-inline-libcalls,0.007512027336020133,1.3882466400512774,0.1651239004350952,2561,2466,0.8886940441949083,False
mergereturn,load-store-vectorizer,-0.0029858054211078233,-0.5682232707080093,0.569908604869677,2590,2478,0.9656120029518516,False
mergereturn,iroutliner,-0.0024166913092942277,-0.4679985545820424,0.6398053631176981,2622,2555,0.9663854998208667,False
mergereturn,global-merge,-0.0001623068040245701,-0.029675594046569883,0.9763269822630932,2524,2424,0.9940968441347564,False
mergereturn,break-crit-edges,-0.0034006537521987235,-0.6422051213656386,0.520769204127738,2564,2493,0.9636972344049294,False
mergereturn,unreachableblockelim,0.004433049107421927,0.7975553866573618,0.42516621245255115,2568,2488,0.944586926531549,False
globalopt,strip-dead-prototypes,0.013590511561622332,2.465010678437884,0.013734041579860547,2478,2582,0.5026402507171392,False
globalopt,indvars,0.00794019463216833,1.4770828909162605,0.13971571362778346,2524,2533,0.8688528143101889,False
globalopt,mergeicmps,-0.0043575941063047074,-0.8137745760049739,0.41581181963515085,2579,2561,0.938921317022563,False
globalopt,separate-const-offset-from-gep,-0.00561086155303514,-1.0315602564588657,0.30232792568511346,2451,2660,0.9261097314091098,False
globalopt,libcalls-shrinkwrap,-0.007711582245990722,-1.4254893530415569,0.1540783304666461,2501,2492,0.8871198774506207,False
globalopt,flattencfg,0.007704810285444008,1.4228994121114042,0.15482681889374025,2520,2554,0.8871198774506207,False
globalopt,loop-reduce,-0.0029604260840636054,-0.5568217652172128,0.5776737122629174,2556,2540,0.9658039733307087,False
globalopt,loop-unroll,-0.003632458970568686,-0.6480774914745524,0.5169643778393894,2550,2499,0.9621827488683693,False
globalopt,loop-rotate,0.0025755384725130726,0.4460777010501389,0.6555596115168378,2586,2641,0.9715957741718303,False
globalopt,partial-inliner,-0.0011539874358924007,-0.2144778193362968,0.8301832022511458,2559,2462,0.9862005430341109,False
globalopt,lower-expect,0.0005051848220384292,0.09306992829144639,0.9258516548182374,2513,2617,0.9898271274249525,False
globalopt,alignment-from-assumptions,0.004120682651298058,0.7387864492405547,0.46007134421260537,2510,2501,0.9576122218629731,False
globalopt,rpo-function-attrs,0.004458189079286579,0.8035006883554924,0.42172371702309247,2600,2413,0.9410247050427036,False
globalopt,attributor,0.0031754022491727874,0.6309129025541841,0.5281261102654473,2533,2509,0.9656120029518516,False
globalopt,inferattrs,-0.0055009839025103036,-0.9671998800198581,0.3334916999193101,2484,2538,0.9362139119162718,False
globalopt,called-value-propagation,-0.005918446882505757,-1.095843563981462,0.2731993989432478,2493,2571,0.9261097314091098,False
globalopt,licm,0.004021154222429213,0.681031528911393,0.49588266827544936,2546,2525,0.959250210099802,False
globalopt,loop-simplify,-0.004530266199873401,-0.8122536388167606,0.416685734206958,2409,2482,0.938921317022563,False
globalopt,div-rem-pairs,0.004644794147267761,0.8276787409233011,0.4078928711871287,2534,2441,0.938921317022563,False
globalopt,float2int,-0.00471288725530028,-0.8615302141547946,0.3889866038922294,2486,2633,0.9387788987599427,False
globalopt,inline,0.004725546791294721,0.8472441414417451,0.39689949862699275,2533,2507,0.9387788987599427,False
globalopt,sink,-0.0026907287929311408,-0.4798077775560322,0.6313853080895828,2511,2436,0.9663854998208667,False
globalopt,loop-vectorize,-0.00318773212672252,-0.5251162912504321,0.5995256593658813,2533,2464,0.9663854998208667,False
globalopt,slp-vectorizer,0.0036454639757958485,0.6754544706922468,0.4994182024552439,2552,2472,0.9596467930029289,False
globalopt,callsite-splitting,0.0068433451091346464,1.2541457394020246,0.2098471479711188,2551,2507,0.9053769260213016,False
globalopt,dfa-jump-threading,-0.0003622798926048443,-0.06848890655720112,0.9453991641740073,2529,2523,0.993162990687176,False
globalopt,consthoist,0.00719028490730772,1.3445629510112878,0.17882677940561373,2502,2553,0.8936246540017126,False
globalopt,mldst-motion,0.001260025692931932,0.23280311992911396,0.8159236892083539,2610,2482,0.9862005430341109,False
globalopt,slsr,0.0009564892630591348,0.1792567627221148,0.8577433166244193,2545,2489,0.9870002285963028,False
globalopt,loop-interchange,0.005559091702814156,1.0280465550543816,0.30397736057843205,2542,2500,0.9261097314091098,False
globalopt,loop-fusion,-0.01178819934527997,-2.1913107112388377,0.02847627633076209,2407,2517,0.6358844367825872,False
globalopt,loop-distribute,-0.008377925786381024,-1.5768155589876869,0.11489935484303415,2615,2540,0.8163164686847882,False
globalopt,loop-load-elim,-0.00823722467796456,-1.4751970164221824,0.1402234368345351,2555,2397,0.8688528143101889,False
globalopt,loop-sink,0.009882468269739209,1.8289098894333542,0.06747277464584085,2496,2505,0.7648169515258737,False
globalopt,loop-unroll-and-jam,-0.00037837342944530006,-0.06922428337928531,0.9448138978923788,2445,2509,0.993162990687176,False
globalopt,hotcoldsplit,0.0007420291323923522,0.13719355069833106,0.8908833099980764,2475,2553,0.9878981187095685,False
globalopt,irce,-0.009068035597981361,-1.6699752666693755,0.09498704036663849,2528,2459,0.7990395200215817,False
globalopt,nary-reassociate,0.005530576101101581,0.9822644831101918,0.32601653806236314,2579,2512,0.9342495346719147,False
globalopt,scalarizer,0.004395729687663608,0.7658104688661788,0.44382604866720315,2459,2438,0.9539093340179844,False
globalopt,vector-combine,0.001847991358496226,0.3474973734639889,0.7282319043232821,2595,2555,0.9819797179926498,False
globalopt,always-inline,0.0030985498742972517,0.5571530029710022,0.5774473033107697,2541,2570,0.9658039733307087,False
globalopt,globalsplit,0.0042903358120855994,0.7804526796443488,0.43516094487728946,2583,2512,0.951072365565869,False
globalopt,lowerswitch,-0.008509742972001688,-1.6024361420828095,0.10912147487880264,2600,2484,0.8039373143348778,False
globalopt,early-cse-memssa,-0.0024138505838105506,-0.5652516940630402,0.5719274392181517,2482,2621,0.9656120029518516,False
globalopt,simple-loop-unswitch,-0.0016279584270279535,-0.306830623641024,0.7589849550756823,2547,2504,0.9819797179926498,False
globalopt,loop-versioning,0.0055539905918918775,0.9851331700370928,0.3246057572137505,2512,2562,0.9342495346719147,False
globalopt,loop-flatten,-0.001121458554818544,-0.2043200644309118,0.8381114777586819,2561,2585,0.9862005430341109,False
globalopt,loop-reroll,0.0026361092775908923,0.4890218430258053,0.6248475344921454,2489,2560,0.9663854998208667,False
globalopt,loop-instsimplify,-0.0010176703374366047,-0.18714406289247296,0.8515550804663358,2550,2583,0.9870002285963028,False
globalopt,loop-simplifycfg,0.008181450882496888,1.5378301812322421,0.12415332684713355,2533,2477,0.8389655755993107,False
globalopt,loop-predication,0.0006480192905514714,0.11698285618786994,0.9068782898808202,2548,2513,0.9889544369739047,False
globalopt,speculative-execution,0.00387862198222938,0.7208000983179678,0.471065662364309,2596,2517,0.9576122218629731,False
globalopt,partially-inline-libcalls,-0.0031689876672443273,-0.5723873350713071,0.5670853646280113,2489,2516,0.9656120029518516,False
globalopt,load-store-vectorizer,-0.005272397262225448,-0.9577929516456952,0.3382136708322995,2545,2441,0.9362139119162718,False
globalopt,iroutliner,0.002340460453813753,0.44358568319777364,0.6573611074286914,2510,2560,0.9715957741718303,False
globalopt,global-merge,0.009449909100481046,1.7737503589923682,0.07616493633880796,2597,2456,0.7790013228318803,False
globalopt,break-crit-edges,-0.003969731923031905,-0.7347727532813566,0.46251186610574196,2563,2513,0.9576122218629731,False
globalopt,unreachableblockelim,0.001658566041875864,0.3001653717940777,0.7640632432357929,2566,2540,0.9819797179926498,False
strip-dead-prototypes,indvars,0.004546274290117891,0.8429083782539238,0.39931952726837494,2581,2482,0.938921317022563,False
strip-dead-prototypes,mergeicmps,-0.005966890828738802,-1.1227036021290813,0.2616169486365227,2593,2451,0.9261097314091098,False
strip-dead-prototypes,separate-const-offset-from-gep,0.00274931084343355,0.49394257078543186,0.6213685209712616,2585,2442,0.9663854998208667,False
strip-dead-prototypes,libcalls-shrinkwrap,0.0010981698138884388,0.19737422001031876,0.8435427019204927,2515,2511,0.9862005430341109,False
strip-dead-prototypes,flattencfg,0.007018476333836621,1.2566502183155945,0.20894046734461247,2434,2450,0.9053769260213016,False
strip-dead-prototypes,loop-reduce,0.004471170846540473,0.8065636824471761,0.4199569367860102,2393,2524,0.9397436368308663,False
strip-dead-prototypes,loop-unroll,0.005568259371141748,1.014666406802595,0.3103143390803101,2521,2444,0.9261097314091098,False
strip-dead-prototypes,loop-rotate,0.005419422957289144,0.8883396305037597,0.37440128099247877,2458,2508,0.9372979316317167,False
strip-dead-prototypes,partial-inliner,0.005098581647049294,0.932957740372293,0.35088607768783897,2486,2606,0.9362139119162718,False
strip-dead-prototypes,lower-expect,1.6230116578475062e-06,0.0002991372215907602,0.9997613351972332,2477,2431,0.9997613351972332,False
strip-dead-prototypes,alignment-from-assumptions,0.005224572198591515,0.9485124580586144,0.3429156732545614,2507,2432,0.9362139119162718,False
strip-dead-prototypes,rpo-function-attrs,0.004675747769889882,0.8645377979481159,0.3873335279114461,2579,2499,0.9387788987599427,False
strip-dead-prototypes,attributor,-0.0038623231437149297,-0.7625431621278858,0.4457720954917672,2477,2493,0.9546098137512568,False
strip-dead-prototypes,inferattrs,0.0019117287575651787,0.35634071156549135,0.72160022736253,2582,2506,0.9819797179926498,False
strip-dead-prototypes,called-value-propagation,0.0035684539543131,0.6527807995156023,0.5139274141951562,2537,2504,0.9617601825968374,False
strip-dead-prototypes,licm,0.005602081147027371,0.937368015431292,0.3486143191596444,2569,2465,0.9362139119162718,False
strip-dead-prototypes,loop-simplify,0.003449403413225749,0.6250906687715886,0.5319396893413347,2450,2625,0.9656120029518516,False
strip-dead-prototypes,div-rem-pairs,0.004493364187553195,0.8223376042694867,0.4109230816535071,2555,2575,0.938921317022563,False
strip-dead-prototypes,float2int,-0.005674136040819566,-1.0260512906916412,0.30491790371034166,2451,2483,0.9261097314091098,False
strip-dead-prototypes,inline,-0.0013156997602074005,-0.23901844141659323,0.8111009706699273,2553,2505,0.9858456523643213,False
strip-dead-prototypes,sink,-0.0008204082209172792,-0.15304831941260302,0.8783663516525138,2504,2495,0.9878311966791359,False
strip-dead-prototypes,loop-vectorize,-0.006224405070274497,-1.0381928922182417,0.2992303079875774,2483,2542,0.9261097314091098,False
strip-dead-prototypes,slp-vectorizer,0.0008725943825482751,0.16172773033055404,0.8715266273596649,2559,2583,0.9878311966791359,False
strip-dead-prototypes,callsite-splitting,0.009726681046872299,1.8243931635897273,0.06815130308452005,2517,2572,0.7648169515258737,False
strip-dead-prototypes,dfa-jump-threading,-0.005424411571470555,-0.9965524425698413,0.31902909773965527,2512,2613,0.9321981262611873,False
strip-dead-prototypes,consthoist,0.0031610099479715825,0.5734746697604024,0.5663488581092416,2546,2514,0.9656120029518516,False
strip-dead-prototypes,mldst-motion,0.008317550110712835,1.5206462083862866,0.12841323129078402,2462,2436,0.842321966054791,False
strip-dead-prototypes,slsr,-0.012360309404277292,-2.2990025228204867,0.021546062527996162,2477,2500,0.5918038420417597,False
strip-dead-prototypes,loop-interchange,-0.0016082537262905872,-0.2908140806969433,0.7712057324789817,2387,2578,0.9819797179926498,False
strip-dead-prototypes,loop-fusion,0.00925324697633545,1.7410091833787826,0.08174289453903526,2497,2555,0.7968989516182841,False
strip-dead-prototypes,loop-distribute,-0.009740203191567154,-1.797730850441657,0.072279384156513,2515,2540,0.7733499135434561,False
strip-dead-prototypes,loop-load-elim,-0.002174531129229662,-0.39531922957614357,0.6926240980512823,2521,2504,0.9802307257169508,False
strip-dead-prototypes,loop-sink,-0.0008295142884072182,-0.15158860503705873,0.8795175048335512,2522,2510,0.9878311966791359,False
strip-dead-prototypes,loop-unroll-and-jam,-0.008820624438085345,-1.6487204919252552,0.09926739219588301,2560,2470,0.7990395200215817,False
strip-dead-prototypes,hotcoldsplit,-0.0016221868559359587,-0.3006818243094596,0.7636696623792225,2499,2494,0.9819797179926498,False
strip-dead-prototypes,irce,-0.007343661864423812,-1.3624663694651535,0.17311067177912104,2589,2534,0.8936246540017126,False
strip-dead-prototypes,nary-reassociate,-0.0019329781286423486,-0.34786830271584546,0.727953764918842,2464,2530,0.9819797179926498,False
strip-dead-prototypes,scalarizer,0.0019294564245598278,0.3435082905687948,0.7312310251722357,2431,2416,0.9819797179926498,False
strip-dead-prototypes,vector-combine,0.004090810146593404,0.7299379173746406,0.46546313797118566,2512,2424,0.9576122218629731,False
strip-dead-prototypes,always-inline,0.010337767733149428,1.8914426876800465,0.058623273024505394,2429,2569,0.754611189830786,False
strip-dead-prototypes,globalsplit,-0.016136208452465883,-3.012920896469336,0.002600236975415254,2513,2604,0.2262783999050252,False
strip-dead-prototypes,lowerswitch,-0.004324455853556564,-0.7899164224149122,0.42961295093060076,2588,2572,0.947727570442842,False
strip-dead-prototypes,early-cse-memssa,-0.004900013087681343,-1.1463100483470254,0.2517222113194205,2503,2463,0.923462493379908,False
strip-dead-prototypes,simple-loop-unswitch,-0.002238506821384212,-0.40000725609226806,0.6891682262351715,2512,2502,0.9802307257169508,False
strip-dead-prototypes,loop-versioning,0.009581298797217197,1.697051949914213,0.0897501357386608,2496,2429,0.7987384440285578,False
strip-dead-prototypes,loop-flatten,-0.0031566040519969696,-0.5832421759054247,0.5597566104975847,2502,2497,0.9656120029518516,False
strip-dead-prototypes,loop-reroll,0.006711430697192378,1.2045619033970765,0.2284288367032179,2553,2512,0.9232760696075548,False
strip-dead-prototypes,loop-instsimplify,0.005859908669611946,1.0885103672019587,0.27642239943569924,2485,2512,0.9261097314091098,False
strip-dead-prototypes,loop-simplifycfg,-0.0032529499971031828,-0.5998574409440384,0.5486285825569632,2472,2520,0.9656120029518516,False
strip-dead-prototypes,loop-predication,0.005006357720608756,0.8986322152938839,0.36889123240214694,2576,2503,0.9362139119162718,False
strip-dead-prototypes,speculative-execution,0.0055255965126149165,1.0053762475506505,0.31476415543570946,2507,2517,0.9292520218351351,False
strip-dead-prototypes,partially-inline-libcalls,-0.005730334031231965,-1.0807437916427147,0.2798623341107665,2523,2593,0.9261097314091098,False
strip-dead-prototypes,load-store-vectorizer,0.0020133002446185433,0.371230037298472,0.7104817545789028,2594,2470,0.9802307257169508,False
strip-dead-prototypes,iroutliner,0.0035478631150785978,0.6448901410632433,0.5190289038989031,2403,2446,0.9631045171917473,False
strip-dead-prototypes,global-merge,0.005135180121543403,0.9587263974773405,0.33774283196031984,2482,2533,0.9362139119162718,False
strip-dead-prototypes,break-crit-edges,-0.0018611757562564946,-0.33258965016241576,0.7394577265090359,2568,2534,0.9819797179926498,False
strip-dead-prototypes,unreachableblockelim,-0.005019939982179644,-0.9209004960801882,0.35714651205565656,2510,2527,0.9362139119162718,False
indvars,mergeicmps,-0.010390763977265627,-1.8736463782893207,0.06103697001966465,2535,2520,0.7563948563196417,False
indvars,separate-const-offset-from-gep,0.000940169016155401,0.17388808818307852,0.8619601924761343,2585,2610,0.9870002285963028,False
indvars,libcalls-shrinkwrap,-8.067216583890202e-05,-0.015121571705594384,0.98793578042998,2560,2563,0.9951603379292009,False
indvars,flattencfg,0.002803237429644112,0.5172345597740543,0.6050150120751717,2557,2519,0.9663854998208667,False
indvars,loop-reduce,0.005650204326923647,1.0265456731253033,0.30468375969579653,2525,2517,0.9261097314091098,False
indvars,loop-unroll,-0.005737919611547293,-1.0152390931562019,0.31004049378725435,2512,2542,0.9261097314091098,False
indvars,loop-rotate,-0.0007628335311444245,-0.1289437653748669,0.8974073470419909,2573,2454,0.9887259997126645,False
indvars,partial-inliner,-0.0066964961090076325,-1.203256575886,0.22893285587051473,2535,2575,0.9232760696075548,False
indvars,lower-expect,-0.002743749186768618,-0.520797950870653,0.6025305813666784,2510,2495,0.9663854998208667,False
indvars,alignment-from-assumptions,0.000985586896885604,0.17426826764519152,0.8616615581696996,2488,2654,0.9870002285963028,False
indvars,rpo-function-attrs,0.002021408158498883,0.37047223531382617,0.711046272623974,2547,2481,0.9804426773223528,False
indvars,attributor,-0.0036541023675047968,-0.7179659011979521,0.4728114126621982,2573,2503,0.9576122218629731,False
indvars,inferattrs,0.00397890543755014,0.7225140413692466,0.4700125070403424,2529,2455,0.9576122218629731,False
indvars,called-value-propagation,0.006411041377319127,1.146675821274131,0.2515723712563067,2453,2384,0.923462493379908,False
indvars,licm,0.005809900771325038,0.973511367659726,0.330345754818405,2555,2519,0.9355811577861952,False
indvars,loop-simplify,0.00653941017086096,1.189940147876507,0.23412574399639596,2595,2469,0.923462493379908,False
indvars,div-rem-pairs,0.0016328999905749764,0.2919525242891385,0.7703349507874688,2479,2559,0.9819797179926498,False
indvars,float2int,-0.000567801258860412,-0.10519916907866807,0.9162219417811899,2498,2565,0.9897292090133071,False
indvars,inline,-0.0009937882677641396,-0.18112389986420668,0.8562777414416523,2473,2525,0.9870002285963028,False
indvars,sink,0.005593119048418416,1.0322787262202855,0.3019912848176911,2512,2517,0.9261097314091098,False
indvars,loop-vectorize,-0.006189029341208296,-1.0636919208912299,0.2875191653417927,2615,2448,0.9261097314091098,False
indvars,slp-vectorizer,0.0014107856280554665,0.25621020161650704,0.7977992061411248,2463,2489,0.9824470727196996,False
indvars,callsite-splitting,-0.0024588687245801766,-0.44639353828040057,0.6553322171905441,2524,2516,0.9715957741718303,False
indvars,dfa-jump-threading,0.004068301941276109,0.7207441911435947,0.47110130502127173,2379,2529,0.9576122218629731,False
indvars,consthoist,-0.0032652992327743546,-0.5917689888305674,0.554031686049366,2535,2536,0.9656120029518516,False
indvars,mldst-motion,-0.0008329307490315685,-0.15482854030155332,0.8769627587918383,2497,2508,0.9878311966791359,False
indvars,slsr,0.0016445663950382938,0.30059145801053894,0.7637384999691867,2475,2552,0.9819797179926498,False
indvars,loop-interchange,0.003058966548086184,0.5509838018956318,0.5816691514850693,2551,2506,0.9663854998208667,False
indvars,loop-fusion,-0.005255530223762517,-0.9686147699178173,0.33278496674023866,2440,2496,0.9362139119162718,False
indvars,loop-distribute,-0.0005819034482303365,-0.10578331238903863,0.9157585149481104,2485,2525,0.9897292090133071,False
indvars,loop-load-elim,-0.005420430838121326,-1.0109666525845873,0.3120816259057161,2489,2509,0.9261097314091098,False
indvars,loop-sink,-0.008120788695952508,-1.4898766896181377,0.13632038326950008,2447,2551,0.8652035994868108,False
indvars,loop-unroll-and-jam,0.00543131383914619,1.0288759683793172,0.3035865572956258,2514,2618,0.9261097314091098,False
indvars,hotcoldsplit,-0.01309983274194737,-2.3994230564694923,0.0164572824340683,2474,2564,0.5461586272187412,False
indvars,irce,0.0042348992304943045,0.7758430077733253,0.43787840084384916,2459,2585,0.9521985639861301,False
indvars,nary-reassociate,0.0064764879720004,1.1601311195182409,0.2460509180968624,2520,2478,0.923462493379908,False
indvars,scalarizer,-0.004965417731354171,-0.8900257699196921,0.37349580290321055,2415,2500,0.9372979316317167,False
indvars,vector-combine,0.00019231020187809866,0.03611287373782134,0.9711937730893785,2490,2606,0.9932346158623248,False
indvars,always-inline,-0.007132454075249206,-1.3150058515319616,0.18856810850473027,2497,2542,0.8946881968616551,False
indvars,globalsplit,-0.010131028180096535,-1.882883729211906,0.05977444726143617,2494,2481,0.7550862434702712,False
indvars,lowerswitch,-0.0030793040076395606,-0.5683117827528842,0.569848294943454,2624,2486,0.9656120029518516,False
indvars,early-cse-memssa,0.009512406100597615,2.178949092741312,0.02938198273769881,2582,2441,0.6358844367825872,False
indvars,simple-loop-unswitch,0.0019146803190266959,0.35447996234334156,0.7229938891354941,2543,2558,0.9819797179926498,False
indvars,loop-versioning,-0.005792034300245885,-1.038458557606578,0.29910580257075337,2512,2597,0.9261097314091098,False
indvars,loop-flatten,0.0005595359868255101,0.10267642154598741,0.9182238278667127,2556,2545,0.9897292090133071,False
indvars,loop-reroll,-0.007465832645298653,-1.3925228716638338,0.1638247336708036,2624,2486,0.8886940441949083,False
indvars,loop-instsimplify,-0.006430895871701592,-1.198697376751927,0.23070181869126524,2574,2513,0.923462493379908,False
indvars,loop-simplifycfg,0.012889502699919897,2.438221174453226,0.01479352778259725,2482,2644,0.5209647785044692,False
indvars,loop-predication,0.005177188296012936,0.9475939027873043,0.34338064242045724,2582,2577,0.9362139119162718,False
indvars,speculative-execution,-0.0029524037682586712,-0.5435047587084606,0.5868060024244668,2571,2546,0.9663854998208667,False
indvars,partially-inline-libcalls,-0.0022976030528922275,-0.41572339143618897,0.6776300467641897,2510,2557,0.9757415586496205,False
indvars,load-store-vectorizer,-0.015584414645891997,-2.7958825460902395,0.005195811811839288,2459,2517,0.3082848341691311,False
indvars,iroutliner,0.00202450042366481,0.37896598720216174,0.7047292349624417,2516,2483,0.9802307257169508,False
indvars,global-merge,0.003100277450580391,0.5597619149669969,0.575667010893602,2448,2537,0.9658039733307087,False
indvars,break-crit-edges,0.003560454680975378,0.6519776098304163,0.5144450576128271,2541,2552,0.9617601825968374,False
indvars,unreachableblockelim,0.0010613587559480941,0.19597656418560397,0.8446364565303379,2563,2466,0.9862005430341109,False
mergeicmps,separate-const-offset-from-gep,0.002114048430074955,0.38714757056071253,0.6986633015972561,2594,2464,0.9802307257169508,False
mergeicmps,libcalls-shrinkwrap,0.0046579324064121574,0.8685855907633402,0.38511551889566703,2491,2512,0.9372979316317167,False
mergeicmps,flattencfg,-0.005530079970598456,-1.030231580555298,0.3029509978601686,2503,2525,0.9261097314091098,False
mergeicmps,loop-reduce,0.006277267512133533,1.187760480399854,0.23498346773158377,2489,2593,0.923462493379908,False
mergeicmps,loop-unroll,-0.002649218703499212,-0.4813103199007926,0.6303171067716525,2507,2476,0.9663854998208667,False
mergeicmps,loop-rotate,0.0011397990698550076,0.19655757797709975,0.8441817022914642,2510,2528,0.9862005430341109,False
mergeicmps,partial-inliner,-0.0027518036422512493,-0.506554036202587,0.6124900149473826,2558,2464,0.9663854998208667,False
mergeicmps,lower-expect,-0.0017673047831624489,-0.3242330754628277,0.745775001041972,2513,2543,0.9819797179926498,False
mergeicmps,alignment-from-assumptions,0.002725433699444335,0.49323624768693963,0.6218670923218297,2485,2596,0.9663854998208667,False
mergeicmps,rpo-function-attrs,-0.006787354945589741,-1.2135689105457357,0.22497066099608334,2547,2381,0.9215325402308183,False
mergeicmps,attributor,-0.006500265371507441,-1.2921881078799065,0.19635227409809522,2441,2517,0.9004139838184037,False
mergeicmps,inferattrs,0.002792602129396582,0.5240720129521299,0.6002510884719099,2586,2553,0.9663854998208667,False
mergeicmps,called-value-propagation,0.0012613967539822357,0.226793739616694,0.8205935014985187,2498,2471,0.9862005430341109,False
mergeicmps,licm,0.006022403966109036,0.9997067064101278,0.31750098868969706,2475,2514,0.931336233489778,False
mergeicmps,loop-simplify,0.0032534081322346253,0.5869571011637695,0.5572594552958815,2449,2475,0.9656120029518516,False
mergeicmps,div-rem-pairs,-0.00227036543456538,-0.410286873188507,0.681612962199412,2555,2489,0.9762971323968169,False
mergeicmps,float2int,-0.0003014311663305791,-0.055214324503294845,0.9559698917974822,2525,2549,0.9932346158623248,False
mergeicmps,inline,0.00778663879372421,1.4223843077406706,0.15497702780345118,2501,2507,0.8871198774506207,False
mergeicmps,sink,0.0012315895655393705,0.22202975920010082,0.8242997578588437,2492,2538,0.9862005430341109,False
mergeicmps,loop-vectorize,-0.0014409822492532642,-0.23969567193058533,0.8105759256558535,2542,2510,0.9858456523643213,False
mergeicmps,slp-vectorizer,-0.0015348555613061698,-0.27995190139872145,0.779526040280148,2481,2500,0.9819797179926498,False
mergeicmps,callsite-splitting,0.004315719340755253,0.7772300938059313,0.4370598077897258,2490,2511,0.9521985639861301,False
mergeicmps,dfa-jump-threading,-0.0030618287096990104,-0.5516764561742058,0.5811947773364105,2503,2483,0.9663854998208667,False
mergeicmps,consthoist,-0.009136290470314667,-1.6238419018265053,0.10447299079922423,2495,2476,0.8039373143348778,False
mergeicmps,mldst-motion,0.0006467457262402387,0.1141615961517391,0.9091143547065195,2439,2482,0.9894640947834158,False
mergeicmps,slsr,0.00023893649940454065,0.04342242327125763,0.9653665527941717,2549,2434,0.9932346158623248,False
mergeicmps,loop-interchange,-0.0014209171656728303,-0.26330517620103505,0.7923261321643346,2546,2502,0.9819797179926498,False
mergeicmps,loop-fusion,-0.002334191538774788,-0.4259138047687664,0.6701886924714089,2523,2561,0.975141818497267,False
mergeicmps,loop-distribute,-0.0015759302648711837,-0.2894592432307123,0.7722421213803622,2454,2501,0.9819797179926498,False
mergeicmps,loop-load-elim,-0.001223877289886488,-0.2165563088264667,0.8285630660891862,2462,2490,0.9862005430341109,False
mergeicmps,loop-sink,-0.006975598774359215,-1.267650971959763,0.2049815499573722,2595,2442,0.9053769260213016,False
mergeicmps,loop-unroll-and-jam,-0.0035809670128071347,-0.65022922886971,0.5155742320386238,2453,2517,0.9619849369394112,False
mergeicmps,hotcoldsplit,0.0061486964576771275,1.0874858914663719,0.27687438019963545,2499,2523,0.9261097314091098,False
mergeicmps,irce,0.009364831121412731,1.685474151844922,0.09196043757971839,2445,2488,0.7990395200215817,False
mergeicmps,nary-reassociate,0.011587058172757736,2.1330921932966933,0.03296631540041332,2486,2461,0.6560254772493974,False
mergeicmps,scalarizer,-0.007590378082913352,-1.3533139321847953,0.1760187514364476,2383,2468,0.8936246540017126,False
mergeicmps,vector-combine,-0.00099076079703031,-0.17491271329958025,0.8611552720810661,2504,2545,0.9870002285963028,False
mergeicmps,always-inline,-0.003048782196742039,-0.561628044261029,0.5743943331409875,2550,2514,0.965791416307474,False
mergeicmps,globalsplit,0.00013731680563339177,0.02404293774477497,0.980819335738535,2541,2406,0.9946962299724714,False
mergeicmps,lowerswitch,-0.005911698337518312,-1.050032890678689,0.2937531370565729,2535,2579,0.9261097314091098,False
mergeicmps,early-cse-memssa,-0.005780692488616901,-1.3479290525540912,0.17774254930667732,2461,2605,0.8936246540017126,False
mergeicmps,simple-loop-unswitch,-0.012781534234092395,-2.348546618736473,0.01888565457282707,2506,2499,0.5918038420417597,False
mergeicmps,loop-versioning,0.003591951100346935,0.6308503932097159,0.5281672240683407,2530,2512,0.9656120029518516,False
mergeicmps,loop-flatten,0.002718929571369433,0.514041970527125,0.6072445368132069,2593,2598,0.9663854998208667,False
mergeicmps,loop-reroll,0.0004981666586047484,0.09114318222438719,0.9273824221162208,2560,2514,0.9898271274249525,False
mergeicmps,loop-instsimplify,-0.003939840870956335,-0.7460481635100134,0.45567287217276137,2528,2550,0.9573041670753936,False
mergeicmps,loop-simplifycfg,-0.006985179048416168,-1.2447870646278796,0.21326871410807272,2538,2438,0.9053769260213016,False
mergeicmps,loop-predication,-0.0017724369399303441,-0.32343769963721625,0.7463776987955594,2386,2480,0.9819797179926498,False
mergeicmps,speculative-execution,0.00012277040349040202,0.022767567777314954,0.98183658655647,2444,2592,0.9946962299724714,False
mergeicmps,partially-inline-libcalls,0.0030846236351193546,0.5707421646975493,0.5681995151406493,2546,2569,0.9656120029518516,False
mergeicmps,load-store-vectorizer,-0.01393219021142078,-2.5013378496736243,0.012404421571304834,2535,2440,0.4857571487322973,False
mergeicmps,iroutliner,-0.004437621743827502,-0.7960489377708201,0.42604146916760843,2491,2500,0.9452568800341953,False
mergeicmps,global-merge,-0.002653341514367913,-0.4844918378985712,0.6280582820171469,2522,2450,0.9663854998208667,False
mergeicmps,break-crit-edges,-0.006468908872459156,-1.196458521919505,0.23157342478098436,2544,2550,0.923462493379908,False
mergeicmps,unreachableblockelim,-0.01219644898002481,-2.2365183049629502,0.025361871249745344,2522,2468,0.614275981195874,False
separate-const-offset-from-gep,libcalls-shrinkwrap,0.0030923040310050776,0.5728606945608119,0.5667642708456081,2609,2506,0.9656120029518516,False
separate-const-offset-from-gep,flattencfg,-0.0033779857680184544,-0.6267379649046497,0.5308591118119591,2488,2614,0.9656120029518516,False
separate-const-offset-from-gep,loop-reduce,-0.003916992942847475,-0.7223717591905898,0.47010005881580924,2480,2474,0.9576122218629731,False
separate-const-offset-from-gep,loop-unroll,0.0009006444402578917,0.16332205554702006,0.8702714924140591,2486,2499,0.9878311966791359,False
separate-const-offset-from-gep,loop-rotate,-0.006217616201982024,-1.0601822473246814,0.28911188413884514,2608,2506,0.9261097314091098,False
separate-const-offset-from-gep,partial-inliner,-0.0035492027244220514,-0.649527975480043,0.5160266159519323,2578,2491,0.9619849369394112,False
separate-const-offset-from-gep,lower-expect,-0.000616455061898058,-0.11213850855687438,0.910718042829168,2520,2542,0.9897292090133071,False
separate-const-offset-from-gep,alignment-from-assumptions,-0.005722383349026083,-1.0713865989370297,0.284046353469838,2529,2588,0.9261097314091098,False
separate-const-offset-from-gep,rpo-function-attrs,-0.00475707764046196,-0.8564883843120823,0.3917680779458171,2473,2611,0.9387788987599427,False
separate-const-offset-from-gep,attributor,0.002371389428164894,0.46795243917096413,0.6398390287045608,2454,2541,0.9663854998208667,False
separate-const-offset-from-gep,inferattrs,0.0034652063932069654,0.6519609222828373,0.5144561896855775,2558,2490,0.9617601825968374,False
separate-const-offset-from-gep,called-value-propagation,0.0022936088536519295,0.4273526110106171,0.6691408356109184,2544,2483,0.975141818497267,False
separate-const-offset-from-gep,licm,0.0012435793738626577,0.20849197071943665,0.834853218690978,2556,2522,0.9862005430341109,False
separate-const-offset-from-gep,loop-simplify,0.0020269255444116396,0.3601196969905323,0.7187733028677983,2623,2361,0.9819797179926498,False
separate-const-offset-from-gep,div-rem-pairs,-0.002359239964572879,-0.4274789060576717,0.6690488685688466,2490,2536,0.975141818497267,False
separate-const-offset-from-gep,float2int,0.0018778797545446202,0.3477987833446539,0.7280058618708185,2502,2531,0.9819797179926498,False
separate-const-offset-from-gep,inline,0.007639690257472964,1.3112361632256722,0.1898395647810603,2456,2459,0.8946881968616551,False
separate-const-offset-from-gep,sink,0.01064892203409451,1.9083985188965893,0.056397683619748465,2492,2453,0.754611189830786,False
separate-const-offset-from-gep,loop-vectorize,0.005674118159839592,0.9099853505934962,0.3628737690864313,2506,2536,0.9362139119162718,False
separate-const-offset-from-gep,slp-vectorizer,0.004035036049571283,0.7461139306158293,0.4556331346387697,2563,2519,0.9573041670753936,False
separate-const-offset-from-gep,callsite-splitting,-0.0028701191616823385,-0.5365428105103716,0.5916072329955488,2499,2526,0.9663854998208667,False
separate-const-offset-from-gep,dfa-jump-threading,-8.673269528108873e-05,-0.016150260087783717,0.9871151484592892,2609,2498,0.9951603379292009,False
separate-const-offset-from-gep,consthoist,-0.002314349401697835,-0.4234996371804184,0.6719492686239599,2486,2439,0.9754681153759602,False
separate-const-offset-from-gep,mldst-motion,-0.003933395336801482,-0.7235205387296042,0.46939417663620586,2444,2562,0.9576122218629731,False
separate-const-offset-from-gep,slsr,0.00645153465069781,1.2039973442665073,0.22864782903223227,2487,2495,0.9232760696075548,False
separate-const-offset-from-gep,loop-interchange,0.001632212857793247,0.3027933340638365,0.7620599304483323,2459,2581,0.9819797179926498,False
separate-const-offset-from-gep,loop-fusion,0.002942166868613927,0.5308927749123676,0.5955165850934715,2495,2535,0.9663854998208667,False
separate-const-offset-from-gep,loop-distribute,0.0022840596953736525,0.4211309974832786,0.6736775274168694,2439,2567,0.9754681153759602,False
separate-const-offset-from-gep,loop-load-elim,-0.005741722150768291,-1.050324729879337,0.29361977046011206,2477,2510,0.9261097314091098,False
separate-const-offset-from-gep,loop-sink,0.0023558930276377232,0.43826813847471147,0.6612107353731953,2484,2558,0.9735213571280024,False
separate-const-offset-from-gep,loop-unroll-and-jam,0.0035636736389916823,0.6631657937249977,0.5072544153575733,2565,2526,0.9617601825968374,False
separate-const-offset-from-gep,hotcoldsplit,0.00345064083466623,0.6356403120725357,0.5250400018087124,2540,2466,0.9656120029518516,False
separate-const-offset-from-gep,irce,0.007452171088022375,1.3875547899823264,0.16533468666160847,2516,2478,0.8886940441949083,False
separate-const-offset-from-gep,nary-reassociate,0.0009110563384062131,0.16984271686677133,0.8651406651987803,2450,2581,0.9871386789273737,False
separate-const-offset-from-gep,scalarizer,-0.005131285399751717,-0.8963215509721144,0.3701243964961763,2496,2491,0.9372979316317167,False
separate-const-offset-from-gep,vector-combine,-0.0015415097142855716,-0.28728088008859987,0.7739091310388764,2520,2497,0.9819797179926498,False
separate-const-offset-from-gep,always-inline,0.005566365175599941,1.0308674392146404,0.302651876454093,2500,2603,0.9261097314091098,False
separate-const-offset-from-gep,globalsplit,0.0013201709565052733,0.2384748215796534,0.8115227014692442,2431,2528,0.9858456523643213,False
separate-const-offset-from-gep,lowerswitch,0.002471619794990776,0.4521047172424652,0.6512128306050394,2583,2514,0.9696156506853428,False
separate-const-offset-from-gep,early-cse-memssa,-0.0041088998896874895,-0.9538748534151386,0.3401930120391947,2486,2534,0.9362139119162718,False
separate-const-offset-from-gep,simple-loop-unswitch,0.0043017153129976116,0.7564261391232902,0.4494298753645009,2471,2463,0.9556013520116641,False
separate-const-offset-from-gep,loop-versioning,-0.009818071580565635,-1.7152335733192459,0.08636373353076661,2563,2491,0.7987384440285578,False
separate-const-offset-from-gep,loop-flatten,0.003638081974836338,0.6596046177613314,0.5095376628870638,2462,2595,0.9617601825968374,False
separate-const-offset-from-gep,loop-reroll,-0.004929904393279727,-0.9079575087403274,0.3639446560210946,2459,2529,0.9362139119162718,False
separate-const-offset-from-gep,loop-instsimplify,0.0006635517525913626,0.1243909910026604,0.9010104670179973,2578,2676,0.9889544369739047,False
separate-const-offset-from-gep,loop-simplifycfg,0.006604037916403738,1.2398841246016474,0.21507543142309746,2554,2539,0.9053769260213016,False
separate-const-offset-from-gep,loop-predication,-0.005289152293444677,-0.9401573351914994,0.3471828754285845,2504,2435,0.9362139119162718,False
separate-const-offset-from-gep,speculative-execution,0.0047901481712763205,0.8796642723941275,0.3790823261862146,2582,2563,0.9372979316317167,False
separate-const-offset-from-gep,partially-inline-libcalls,0.007867214674091128,1.4368881322916178,0.15081208464818974,2528,2507,0.8841019812609446,False
separate-const-offset-from-gep,load-store-vectorizer,0.007796176618359407,1.4299280958121947,0.1527995772734435,2481,2576,0.8871198774506207,False
separate-const-offset-from-gep,iroutliner,0.003403152240032181,0.662274432952076,0.5078250653584596,2517,2625,0.9617601825968374,False
separate-const-offset-from-gep,global-merge,-0.006319597819068434,-1.1651281539242253,0.24402157938613928,2597,2509,0.923462493379908,False
separate-const-offset-from-gep,break-crit-edges,-0.0026302426423940317,-0.47175518026015567,0.6371224256774363,2403,2569,0.9663854998208667,False
separate-const-offset-from-gep,unreachableblockelim,0.002183699206657619,0.4020566175869392,0.6876592619681794,2566,2521,0.9800030603101064,False
libcalls-shrinkwrap,flattencfg,-0.0020036218808769934,-0.36186193714641274,0.7174704075218792,2503,2558,0.9819797179926498,False
libcalls-shrinkwrap,loop-reduce,-0.004706659172291683,-0.8622038286717375,0.38861653276681585,2504,2520,0.9387788987599427,False
libcalls-shrinkwrap,loop-unroll,-0.002442130608861892,-0.44488504570456794,0.656422026747015,2488,2537,0.9715957741718303,False
libcalls-shrinkwrap,loop-rotate,0.002192260282565972,0.3890688410045689,0.6972413151555538,2599,2551,0.9802307257169508,False
libcalls-shrinkwrap,partial-inliner,-0.006015234698934446,-1.1380699851091198,0.25514453875001614,2608,2512,0.9237088064321658,False
libcalls-shrinkwrap,lower-expect,-0.008256525412683513,-1.5332744863626717,0.12527049730344605,2547,2536,0.8389655755993107,False
libcalls-shrinkwrap,alignment-from-assumptions,-0.009784623309429918,-1.8183135485775368,0.06907625113890081,2473,2555,0.7648169515258737,False
libcalls-shrinkwrap,rpo-function-attrs,-0.005294404849018108,-0.9466229438368453,0.34387656948895556,2482,2538,0.9362139119162718,False
libcalls-shrinkwrap,attributor,-0.0030255750903621648,-0.6020070557140389,0.5471967738761292,2507,2491,0.9656120029518516,False
libcalls-shrinkwrap,inferattrs,0.0014111644015911695,0.25579516030763805,0.7981197164555154,2474,2443,0.9825327914617411,False
libcalls-shrinkwrap,called-value-propagation,0.003885662948355184,0.6926140905443043,0.4885834691066726,2539,2537,0.959250210099802,False
libcalls-shrinkwrap,licm,0.001635118023680382,0.27679720394976776,0.7819473001468755,2447,2543,0.9819797179926498,False
libcalls-shrinkwrap,loop-simplify,0.004742086954638458,0.8819087722706304,0.3778682571362686,2539,2504,0.9372979316317167,False
libcalls-shrinkwrap,div-rem-pairs,-0.0038797172950920666,-0.6942908114740698,0.48753278914256265,2422,2495,0.959250210099802,False
libcalls-shrinkwrap,float2int,0.002643945151472815,0.5021766871865719,0.6155651066605292,2500,2560,0.9663854998208667,False
libcalls-shrinkwrap,inline,-0.004549433618600995,-0.8129248669730831,0.4162999620819305,2515,2472,0.938921317022563,False
libcalls-shrinkwrap,sink,-0.0034630872920747846,-0.6290676915153366,0.5293336009196127,2494,2487,0.9656120029518516,False
libcalls-shrinkwrap,loop-vectorize,0.0029216758339031257,0.4906262286866666,0.6237124395402792,2508,2481,0.9663854998208667,False
libcalls-shrinkwrap,slp-vectorizer,9.326693175559786e-05,0.017177407096615555,0.986295754518375,2544,2589,0.9951603379292009,False
libcalls-shrinkwrap,callsite-splitting,0.005552372497934277,1.0335077996621678,0.3014149256543791,2541,2609,0.9261097314091098,False
libcalls-shrinkwrap,dfa-jump-threading,-0.0026438740108474246,-0.4756863532791684,0.6343189123893294,2478,2456,0.9663854998208667,False
libcalls-shrinkwrap,consthoist,0.00423900569103558,0.7724443923815904,0.4398874352586749,2541,2509,0.9539093340179844,False
libcalls-shrinkwrap,mldst-motion,-0.001023115001312691,-0.1865706686433525,0.8520048414077006,2550,2485,0.9870002285963028,False
libcalls-shrinkwrap,slsr,-0.002792024383760139,-0.5235163989129478,0.6006376349665613,2505,2611,0.9663854998208667,False
libcalls-shrinkwrap,loop-interchange,-0.007695261957650801,-1.3926354722160532,0.16379195936369817,2470,2551,0.8886940441949083,False
libcalls-shrinkwrap,loop-fusion,-0.002643278091319645,-0.4917614532125052,0.6229093940842714,2578,2502,0.9663854998208667,False
libcalls-shrinkwrap,loop-distribute,0.002977402038001342,0.5269802164773574,0.5982306973559851,2529,2497,0.9663854998208667,False
libcalls-shrinkwrap,loop-load-elim,0.0016787541322125787,0.31182622962902146,0.7551854048382228,2534,2541,0.9819797179926498,False
libcalls-shrinkwrap,loop-sink,-0.0005194955786061994,-0.09540479260987285,0.9239970907794397,2519,2573,0.9897292090133071,False
libcalls-shrinkwrap,loop-unroll-and-jam,-0.001703366786292071,-0.3140001547468004,0.7535337075699996,2583,2542,0.9819797179926498,False
libcalls-shrinkwrap,hotcoldsplit,0.0025074019619645838,0.4543601281000009,0.6495895880819494,2483,2465,0.9686949074367532,False
libcalls-shrinkwrap,irce,-0.010055048110388876,-1.8405939348653444,0.06574043452004451,2474,2532,0.7571751222955714,False
libcalls-shrinkwrap,nary-reassociate,-0.0038385130839141413,-0.688874612049188,0.49093438351507757,2456,2511,0.959250210099802,False
libcalls-shrinkwrap,scalarizer,-0.001952907261303205,-0.35442143160921175,0.7230378831665636,2535,2514,0.9819797179926498,False
libcalls-shrinkwrap,vector-combine,-0.013763149705802669,-2.5108417378312518,0.012076571952811525,2436,2470,0.48083712756606795,False
libcalls-shrinkwrap,always-inline,0.0024165644250495055,0.4352178789047052,0.6634228278845248,2549,2519,0.9737495479744374,False
libcalls-shrinkwrap,globalsplit,-0.006336317410388315,-1.161715709463443,0.24540604633183352,2480,2560,0.923462493379908,False
libcalls-shrinkwrap,lowerswitch,0.006861550234252334,1.250033744088212,0.21134448698808986,2543,2567,0.9053769260213016,False
libcalls-shrinkwrap,early-cse-memssa,0.0019310936725886463,0.45178226764799967,0.6514450400799635,2561,2546,0.9696156506853428,False
libcalls-shrinkwrap,simple-loop-unswitch,0.005046170357620838,0.9117656294871507,0.36193649279147144,2496,2474,0.9362139119162718,False
libcalls-shrinkwrap,loop-versioning,0.0037588976542203834,0.6515255961376702,0.5147378021264097,2462,2447,0.9617601825968374,False
libcalls-shrinkwrap,loop-flatten,0.0015347002611975635,0.274188493273726,0.7839511057759476,2503,2497,0.9819797179926498,False
libcalls-shrinkwrap,loop-reroll,-0.005024681778498796,-0.9016457420821845,0.3672886338126332,2530,2471,0.9362139119162718,False
libcalls-shrinkwrap,loop-instsimplify,-0.005058447326946158,-0.9117643952124046,0.36193621278463334,2544,2526,0.9362139119162718,False
libcalls-shrinkwrap,loop-simplifycfg,0.0050146024010642165,0.928710384549748,0.35308465486975255,2463,2472,0.9362139119162718,False
libcalls-shrinkwrap,loop-predication,-0.004656170855144914,-0.8484036306069617,0.39625385660823004,2449,2579,0.9387788987599427,False
libcalls-shrinkwrap,speculative-execution,-0.00017347135606871067,-0.03160919847626175,0.9747849553195445,2561,2502,0.993560095010759,False
libcalls-shrinkwrap,partially-inline-libcalls,0.00621460520736411,1.1209607216054434,0.26235940936893193,2370,2550,0.9261097314091098,False
libcalls-shrinkwrap,load-store-vectorizer,0.004510723959039342,0.8268554241669533,0.40835853325813193,2516,2481,0.938921317022563,False
libcalls-shrinkwrap,iroutliner,0.0015556950108758794,0.2979337570861582,0.7657660137820179,2511,2531,0.9819797179926498,False
libcalls-shrinkwrap,global-merge,-0.00328506217517166,-0.6102758284548552,0.5417072198750361,2534,2409,0.9656120029518516,False
libcalls-shrinkwrap,break-crit-edges,0.004994120821838255,0.9123675940804006,0.36161932243116307,2537,2463,0.9362139119162718,False
libcalls-shrinkwrap,unreachableblockelim,-0.003625556048691747,-0.6674916981177936,0.5044881113811889,2595,2544,0.9617601825968374,False
flattencfg,loop-reduce,-0.0032028063884862457,-0.5932381232767624,0.5530487465511715,2557,2431,0.9656120029518516,False
flattencfg,loop-unroll,-0.0003674908311916414,-0.06638168577782502,0.9470766304248747,2503,2462,0.993162990687176,False
flattencfg,loop-rotate,-0.0002444583657315591,-0.038812556600678706,0.969041425626154,2517,2400,0.9932346158623248,False
flattencfg,partial-inliner,0.003062629228485436,0.5586641686509005,0.5764157812155907,2493,2544,0.9658039733307087,False
flattencfg,lower-expect,0.011318193744352834,2.1078504072152713,0.0350929952361673,2512,2555,0.6621645967994382,False
flattencfg,alignment-from-assumptions,-0.0009416625913457599,-0.17826465844776013,0.8585222897066181,2514,2534,0.9870002285963028,False
flattencfg,rpo-function-attrs,-0.002202482405349704,-0.4026300991141767,0.6872375840255813,2532,2471,0.9800030603101064,False
flattencfg,attributor,0.008213097135170822,1.6285399891966086,0.10347290070992474,2530,2520,0.8039373143348778,False
flattencfg,inferattrs,0.0026389653899566157,0.486980511839955,0.6262933853276987,2484,2543,0.9663854998208667,False
flattencfg,called-value-propagation,-0.003075529136870314,-0.565381047079753,0.5718395618845041,2520,2566,0.9656120029518516,False
flattencfg,licm,-0.0019843383945081228,-0.3365460764738585,0.7364731987230889,2412,2639,0.9819797179926498,False
flattencfg,loop-simplify,0.004780268841668378,0.8720753567932364,0.3832095733829245,2428,2524,0.9372979316317167,False
flattencfg,div-rem-pairs,-0.0010380753508313911,-0.18466167328795718,0.8535020284736834,2468,2462,0.9870002285963028,False
flattencfg,float2int,0.0014355600023109871,0.27016999402577996,0.7870406842900689,2491,2487,0.9819797179926498,False
flattencfg,inline,-0.005052577587831453,-0.9179350671971401,0.35869757833300664,2427,2536,0.9362139119162718,False
flattencfg,sink,-0.006741076535579871,-1.2104624380447193,0.22615938867704927,2468,2493,0.9231041777367729,False
flattencfg,loop-vectorize,0.001375574504044741,0.22769206617019108,0.8198950646422434,2507,2439,0.9862005430341109,False
flattencfg,slp-vectorizer,0.0005226083766545764,0.0950624039850697,0.924269107701136,2439,2580,0.9897292090133071,False
flattencfg,callsite-splitting,0.0027426595178250968,0.5135544856541089,0.6075858860613578,2513,2579,0.9663854998208667,False
flattencfg,dfa-jump-threading,0.004734436007666931,0.8710008507913286,0.38379532231759617,2516,2509,0.9372979316317167,False
flattencfg,consthoist,0.0008254181274031103,0.14940490648184648,0.8812401641906656,2489,2515,0.9878981187095685,False
flattencfg,mldst-motion,-0.006439311124319114,-1.221624567754907,0.2219067633757501,2519,2525,0.9205369548510989,False
flattencfg,slsr,0.004582999738735771,0.845159935471745,0.3980613956207607,2521,2558,0.9387788987599427,False
flattencfg,loop-interchange,-0.0023204346039075174,-0.4267308253888406,0.6695933784442428,2560,2551,0.975141818497267,False
flattencfg,loop-fusion,-0.0058435273795420795,-1.1109102712542476,0.2666603091461411,2463,2549,0.9261097314091098,False
flattencfg,loop-distribute,-0.001822910400482547,-0.3381143013448978,0.7352912501174752,2495,2516,0.9819797179926498,False
flattencfg,loop-load-elim,0.010320521802051397,1.8978988839271114,0.057765839075866486,2583,2519,0.754611189830786,False
flattencfg,loop-sink,-0.00043237911276128305,-0.07818949220800699,0.9376804167625147,2591,2489,0.9908026409910448,False
flattencfg,loop-unroll-and-jam,0.00422895401908141,0.7484852933919016,0.45420309007762666,2444,2503,0.956782840636894,False
flattencfg,hotcoldsplit,-0.0006757363444290787,-0.12273785609433344,0.902319571567324,2588,2486,0.9889544369739047,False
flattencfg,irce,0.007640518014714326,1.3596853094659136,0.17399153450197005,2438,2508,0.8936246540017126,False
flattencfg,nary-reassociate,0.009677427148323092,1.7856890164058927,0.07421156474675727,2603,2347,0.7762301371013854,False
flattencfg,scalarizer,0.008849609984558637,1.663688765472098,0.09623740532917138,2534,2472,0.7990395200215817,False
flattencfg,vector-combine,0.006967871035568285,1.2988834466687589,0.19404209369188413,2537,2626,0.9004139838184037,False
flattencfg,always-inline,-0.004566017316876392,-0.8449635606636607,0.3981720922127337,2475,2488,0.9387788987599427,False
flattencfg,globalsplit,-0.00323909710741227,-0.591257388161093,0.5543749085318374,2464,2500,0.9656120029518516,False
flattencfg,lowerswitch,-0.0006462229019878474,-0.11731037348222771,0.9066187758871439,2498,2574,0.9889544369739047,False
flattencfg,early-cse-memssa,-0.005558549792712086,-1.2444988692046954,0.21337484809876223,2461,2502,0.9053769260213016,False
flattencfg,simple-loop-unswitch,-0.006905662264897472,-1.2949198550137089,0.19540595973705893,2631,2519,0.9004139838184037,False
flattencfg,loop-versioning,-0.0019440099882701012,-0.34329318501559164,0.7313922180546254,2488,2569,0.9819797179926498,False
flattencfg,loop-flatten,-0.0001222062190557316,-0.022469476946860037,0.9820743515103659,2478,2551,0.9946962299724714,False
flattencfg,loop-reroll,-0.004577077248884676,-0.8407572192468059,0.4005245607389934,2571,2407,0.938921317022563,False
flattencfg,loop-instsimplify,0.005104662368898505,0.9541186415176064,0.34006925556357753,2613,2459,0.9362139119162718,False
flattencfg,loop-simplifycfg,-0.00563895086745958,-1.0186119697583131,0.30843665150397903,2513,2500,0.9261097314091098,False
flattencfg,loop-predication,0.006918872659807396,1.2637426508469247,0.20638148045066917,2514,2477,0.9053769260213016,False
flattencfg,speculative-execution,0.009311315026243938,1.670469091348053,0.09488922170708851,2511,2497,0.7990395200215817,False
flattencfg,partially-inline-libcalls,0.0030836377921688585,0.5545844561682653,0.579203994643229,2519,2430,0.9658039733307087,False
flattencfg,load-store-vectorizer,0.004744120549878994,0.8498440268294566,0.3954529402109188,2508,2451,0.9387788987599427,False
flattencfg,iroutliner,-0.009117700249688776,-1.6929841933656264,0.09051960956077247,2547,2552,0.7987384440285578,False
flattencfg,global-merge,-0.0011414048915192043,-0.2086128263049317,0.834758885875407,2533,2535,0.9862005430341109,False
flattencfg,break-crit-edges,0.012381521752855673,2.293649563259634,0.021851636105485538,2599,2463,0.5918038420417597,False
flattencfg,unreachableblockelim,-0.0032619786484477387,-0.5841937131147394,0.5591163510159279,2470,2544,0.9656120029518516,False
loop-reduce,loop-unroll,-0.004070111513930552,-0.7265223258060064,0.4675523124656099,2496,2565,0.9576122218629731,False
loop-reduce,loop-rotate,0.007169640380481734,1.218391291771236,0.22313094919497115,2585,2588,0.9215325402308183,False
loop-reduce,partial-inliner,-0.003187791382636973,-0.5674859615182727,0.5704095470225229,2536,2492,0.9656120029518516,False
loop-reduce,lower-expect,0.003843631332246855,0.7206784112572158,0.47114030374734067,2621,2520,0.9576122218629731,False
loop-reduce,alignment-from-assumptions,-0.007656930051068267,-1.3987492450922938,0.1619505038966889,2516,2463,0.8886940441949083,False
loop-reduce,rpo-function-attrs,0.0028454417136364873,0.5144332625302513,0.6069723243651967,2425,2478,0.9663854998208667,False
loop-reduce,attributor,-0.007634211767821808,-1.4771160683548168,0.13970788729435943,2490,2482,0.8688528143101889,False
loop-reduce,inferattrs,0.002411641992172975,0.44568234785688826,0.6558461374719191,2473,2498,0.9715957741718303,False
loop-reduce,called-value-propagation,-0.001873055694583181,-0.33379740775370814,0.7385467034110036,2448,2461,0.9819797179926498,False
loop-reduce,licm,0.016943200425179994,2.8347127242356716,0.004604980713329685,2511,2522,0.29639341426009735,False
loop-reduce,loop-simplify,0.0008279700956654312,0.15093732506127341,0.880031309299466,2481,2470,0.9878311966791359,False
loop-reduce,div-rem-pairs,0.003175908023150431,0.5862596674424575,0.5577273371610139,2498,2534,0.9656120029518516,False
loop-reduce,float2int,-0.004729950396820781,-0.8512080846443048,0.39469454170263885,2500,2502,0.9387788987599427,False
loop-reduce,inline,-0.008453279811159009,-1.5541174187364122,0.12022043661933367,2440,2517,0.8303055199317648,False
loop-reduce,sink,-0.013704144008134522,-2.547434666023086,0.010881875509454993,2424,2539,0.46827939005522806,False
loop-reduce,loop-vectorize,0.0043197928313358225,0.7249580272087258,0.46851147532358656,2572,2483,0.9576122218629731,False
loop-reduce,slp-vectorizer,0.003630500141044213,0.6523402392589334,0.5142126153394188,2534,2392,0.9617601825968374,False
loop-reduce,callsite-splitting,-0.0057750476799235395,-1.0585997136282175,0.28983308547527736,2466,2571,0.9261097314091098,False
loop-reduce,dfa-jump-threading,7.747382570988393e-05,0.014276601619745153,0.9886098749447085,2511,2512,0.9954734559741524,False
loop-reduce,consthoist,-0.0020101237096383784,-0.37569393529483697,0.7071600107848411,2561,2568,0.9802307257169508,False
loop-reduce,mldst-motion,-0.0024473905896827963,-0.4472469014591056,0.6547163404923778,2467,2515,0.9715957741718303,False
loop-reduce,slsr,-0.0041340716017423396,-0.7889251528047292,0.4301919853064988,2581,2584,0.947727570442842,False
loop-reduce,loop-interchange,0.0065747241872449735,1.1943640517264391,0.23239312827773134,2507,2423,0.923462493379908,False
loop-reduce,loop-fusion,-0.0001071135093836384,-0.02004456853577472,0.9840086108337422,2514,2540,0.9951603379292009,False
loop-reduce,loop-distribute,0.006488729257524195,1.1952500851167067,0.23204658046171275,2462,2492,0.923462493379908,False
loop-reduce,loop-load-elim,0.010863798765117116,2.0449650077673343,0.04090969724097513,2578,2512,0.6893372254732842,False
loop-reduce,loop-sink,0.0095816974333498,1.761208444238184,0.07826407514295661,2504,2517,0.7916213212007298,False
loop-reduce,loop-unroll-and-jam,-0.0010245878002440034,-0.1916192776691097,0.8480480609424828,2564,2545,0.9870002285963028,False
loop-reduce,hotcoldsplit,0.0014541401164394063,0.26567547581233686,0.79050002933497,2547,2498,0.9819797179926498,False
loop-reduce,irce,-0.006694133129808377,-1.1840949855699117,0.23643014498356382,2597,2553,0.923462493379908,False
loop-reduce,nary-reassociate,0.003234844246161217,0.601158776354027,0.5477607280970911,2542,2612,0.9656120029518516,False
loop-reduce,scalarizer,0.0006518292432545203,0.11895550587848756,0.9053154300293699,2476,2482,0.9889544369739047,False
loop-reduce,vector-combine,0.005026793130909868,0.9164480272572546,0.35947562679008366,2532,2533,0.9362139119162718,False
loop-reduce,always-inline,-0.0011076439244491754,-0.20324274398650657,0.8389533610315628,2625,2513,0.9862005430341109,False
loop-reduce,globalsplit,-0.0028042303531244928,-0.5091779509499077,0.6106496709795112,2527,2542,0.9663854998208667,False
loop-reduce,lowerswitch,0.0025439658960538236,0.4746025000643001,0.6350912265872258,2568,2419,0.9663854998208667,False
loop-reduce,early-cse-memssa,-0.004301144902793097,-1.0199636533112812,0.3077951017322493,2519,2479,0.9261097314091098,False
loop-reduce,simple-loop-unswitch,0.0017094842915734154,0.3151008296752878,0.7526982231142167,2498,2515,0.9819797179926498,False
loop-reduce,loop-versioning,-0.005070569144250636,-0.8859261819426207,0.3756999653056531,2500,2496,0.9372979316317167,False
loop-reduce,loop-flatten,0.0011882463487372097,0.20973374566509462,0.8338840539546141,2560,2434,0.9862005430341109,False
loop-reduce,loop-reroll,-0.005569758343641318,-1.0165734238485298,0.3094051958493011,2499,2552,0.9261097314091098,False
loop-reduce,loop-instsimplify,-0.0030681414533384466,-0.5660721909355024,0.5713697057726872,2485,2610,0.9656120029518516,False
loop-reduce,loop-simplifycfg,-0.008356275442248207,-1.528991380750086,0.1263303440169652,2502,2461,0.8399144773691607,False
loop-reduce,loop-predication,-0.0015806626438273907,-0.2846670375197223,0.7759109375728922,2473,2571,0.9819797179926498,False
loop-reduce,speculative-execution,0.005976167282889855,1.1398234381390775,0.2544142291997439,2448,2579,0.9237088064321658,False
loop-reduce,partially-inline-libcalls,-0.002984052486172395,-0.5391983785508496,0.589773535929801,2528,2585,0.9663854998208667,False
loop-reduce,load-store-vectorizer,-0.0027494399902554534,-0.49900501095557703,0.6177984151388178,2474,2398,0.9663854998208667,False
loop-reduce,iroutliner,-0.0028317684434857604,-0.5402841222467958,0.5890249942436733,2534,2506,0.9663854998208667,False
loop-reduce,global-merge,0.009397556415175146,1.7353332721261288,0.0827440420654317,2488,2463,0.7968989516182841,False
loop-reduce,break-crit-edges,-0.004116003506321242,-0.725313820618069,0.4682937597050193,2505,2456,0.9576122218629731,False
loop-reduce,unreachableblockelim,0.009547219778829996,1.7340887291219123,0.08296312764588788,2575,2516,0.7968989516182841,False
loop-unroll,loop-rotate,-0.006599967440359289,-1.1125388263027993,0.2659600964313965,2516,2480,0.9261097314091098,False
loop-unroll,partial-inliner,0.004964852744126613,0.9128863326077601,0.3613462118103921,2468,2549,0.9362139119162718,False
loop-unroll,lower-expect,-0.00018974862371429202,-0.03447144905242616,0.9725025889074806,2544,2449,0.9932346158623248,False
loop-unroll,alignment-from-assumptions,0.001094439923271795,0.20159311232650032,0.8402428201228931,2515,2625,0.9862005430341109,False
loop-unroll,rpo-function-attrs,-0.0055725054177817035,-1.0265881223623057,0.3046641290763155,2550,2459,0.9261097314091098,False
loop-unroll,attributor,-0.003885747933983441,-0.741747307184205,0.45827553380459163,2501,2476,0.9576122218629731,False
loop-unroll,inferattrs,-0.00262150975214559,-0.4834587853014682,0.6287909375756018,2542,2529,0.9663854998208667,False
loop-unroll,called-value-propagation,0.0022296662292701774,0.4124263429374266,0.680044507203605,2548,2507,0.9761793877768301,False
loop-unroll,licm,0.0035502897854720605,0.5792200738911709,0.5624671023835656,2434,2512,0.9656120029518516,False
loop-unroll,loop-simplify,0.009551321762444887,1.7356498864422798,0.08268861824285116,2448,2460,0.7968989516182841,False
loop-unroll,div-rem-pairs,0.0016300615891354786,0.30037786255702126,0.7639011673914369,2541,2573,0.9819797179926498,False
loop-unroll,float2int,-0.0004395911188468382,-0.07932044283797361,0.936780938604478,2455,2526,0.9908026409910448,False
loop-unroll,inline,-0.012338476044014057,-2.2393063370138617,0.02517968417447555,2515,2528,0.614275981195874,False
loop-unroll,sink,-0.00025788299833617856,-0.04571822390858556,0.9635367066029522,2453,2440,0.9932346158623248,False
loop-unroll,loop-vectorize,0.006625359435608935,1.0246319391304604,0.30558639851089964,2472,2542,0.9261097314091098,False
loop-unroll,slp-vectorizer,-0.0015715783005322281,-0.29304692236334673,0.7694985263521765,2485,2489,0.9819797179926498,False
loop-unroll,callsite-splitting,0.006459854702550949,1.14483621653138,0.252331728603568,2514,2504,0.923462493379908,False
loop-unroll,dfa-jump-threading,-0.004042975106261226,-0.7259611980393031,0.4678977458371885,2397,2445,0.9576122218629731,False
loop-unroll,consthoist,-0.005847355864134929,-1.073767382707817,0.2829783114733324,2566,2500,0.9261097314091098,False
loop-unroll,mldst-motion,0.0015259464473464934,0.2748588806590858,0.7834359596320639,2517,2510,0.9819797179926498,False
loop-unroll,slsr,-0.005767918670225303,-1.0184652360019566,0.30850770531663396,2391,2465,0.9261097314091098,False
loop-unroll,loop-interchange,-0.007265403415775695,-1.3157464443011997,0.18831951071934802,2510,2490,0.8946881968616551,False
loop-unroll,loop-fusion,-0.00022385974290556332,-0.040720821038996546,0.96752009370027,2567,2437,0.9932346158623248,False
loop-unroll,loop-distribute,0.006110156755953333,1.1178221727183124,0.2636959952546074,2530,2535,0.9261097314091098,False
loop-unroll,loop-load-elim,-0.008882004884492034,-1.6469345376224929,0.09963380619246869,2571,2480,0.7990395200215817,False
loop-unroll,loop-sink,-0.006145182675169558,-1.0614807912250497,0.28852389345768314,2408,2502,0.9261097314091098,False
loop-unroll,loop-unroll-and-jam,-0.006895957469700897,-1.2748257093045856,0.20242828240860644,2601,2567,0.9019279317717096,False
loop-unroll,hotcoldsplit,0.007306178077144065,1.2924902387289168,0.19624794070359602,2467,2505,0.9004139838184037,False
loop-unroll,irce,-0.001102202209129599,-0.20274052333618822,0.8393459980378909,2551,2512,0.9862005430341109,False
loop-unroll,nary-reassociate,-0.0004590544767473781,-0.08311176848591968,0.9337659652879899,2529,2525,0.990361070134691,False
loop-unroll,scalarizer,0.0016609158185587614,0.29089228284545493,0.7711459043372241,2443,2504,0.9819797179926498,False
loop-unroll,vector-combine,-0.011666868900738814,-2.1246663164098996,0.03366290788763545,2563,2494,0.6570602238055803,False
loop-unroll,always-inline,0.003130841503622195,0.5782227654458953,0.5631398136983016,2453,2541,0.9656120029518516,False
loop-unroll,globalsplit,0.0021132739442736304,0.37652426523278415,0.706543325402816,2515,2435,0.9802307257169508,False
loop-unroll,lowerswitch,0.002695480938510686,0.4720257226262773,0.636929388938265,2492,2424,0.9663854998208667,False
loop-unroll,early-cse-memssa,-0.0009012979721950698,-0.20820786987215886,0.8350751477623516,2458,2542,0.9862005430341109,False
loop-unroll,simple-loop-unswitch,0.008615607760618982,1.5231851071385016,0.12777680964975377,2426,2490,0.842321966054791,False
loop-unroll,loop-versioning,-0.0023230072919289135,-0.3943395915446593,0.6933469612808615,2539,2563,0.9802307257169508,False
loop-unroll,loop-flatten,0.002890140469975322,0.5081920287744263,0.6113413335312179,2451,2560,0.9663854998208667,False
loop-unroll,loop-reroll,0.002835338320514025,0.5163900050638988,0.605604898331326,2548,2462,0.9663854998208667,False
loop-unroll,loop-instsimplify,-0.004688559839428286,-0.8623520487267538,0.3885346797790708,2528,2537,0.9387788987599427,False
loop-unroll,loop-simplifycfg,-0.002069237641043886,-0.3720903069803677,0.709841210158301,2543,2517,0.9802307257169508,False
loop-unroll,loop-predication,-0.005126498915565991,-0.9328513005283073,0.35094071438834473,2537,2588,0.9362139119162718,False
loop-unroll,speculative-execution,0.013511634281758222,2.4701969606096137,0.01353691534560778,2624,2469,0.500099627296227,False
loop-unroll,partially-inline-libcalls,0.00236958733348136,0.4202523039063819,0.6743185872352015,2572,2608,0.9754681153759602,False
loop-unroll,load-store-vectorizer,0.0017204441352754452,0.31990161204911005,0.7490559363041394,2560,2575,0.9819797179926498,False
loop-unroll,iroutliner,0.000408907485171528,0.07819415111327081,0.937676743378907,2501,2506,0.9908026409910448,False
loop-unroll,global-merge,-0.006996011152084369,-1.27963947741352,0.20073069659690151,2543,2539,0.9004139838184037,False
loop-unroll,break-crit-edges,-0.002929501539741086,-0.5258274941200493,0.5990311175543755,2541,2520,0.9663854998208667,False
loop-unroll,unreachableblockelim,0.00521294099217301,0.9381719206972768,0.34820056771649016,2523,2571,0.9362139119162718,False
loop-rotate,partial-inliner,0.003085211785693709,0.5085097973874408,0.6111188244151846,2450,2443,0.9663854998208667,False
loop-rotate,lower-expect,0.002040173712731741,0.34870949563535175,0.7273217206761659,2549,2586,0.9819797179926498,False
loop-rotate,alignment-from-assumptions,-0.009858521191022929,-1.6296881108667018,0.10323103313671243,2469,2487,0.8039373143348778,False
loop-rotate,rpo-function-attrs,-0.007628475941985513,-1.2518093565499673,0.21069789897257024,2473,2529,0.9053769260213016,False
loop-rotate,attributor,0.0035826709589483197,0.6403052636843951,0.5220028468544446,2570,2547,0.9646233324036004,False
loop-rotate,inferattrs,0.002199966960532762,0.36868094191555256,0.7123810086198535,2611,2466,0.9809015575792357,False
loop-rotate,called-value-propagation,-0.014380091950651652,-2.3841805028741185,0.01715481825271728,2458,2505,0.5583732907164233,False
loop-rotate,licm,0.006364121946890011,0.9243112985085828,0.35536892525012465,2565,2440,0.9362139119162718,False
loop-rotate,loop-simplify,-0.011272120878628888,-1.8592584976782478,0.06304911801996292,2558,2476,0.7569390838893625,False
loop-rotate,div-rem-pairs,-0.01170997782289629,-1.984508317403005,0.047252755985807984,2508,2622,0.7216176251912994,False
loop-rotate,float2int,-0.007885786510271109,-1.332937424484256,0.18261372349240787,2545,2404,0.8936246540017126,False
loop-rotate,inline,-0.005179681354481991,-0.8824468774457119,0.37757759184432094,2489,2516,0.9372979316317167,False
loop-rotate,sink,-0.0031200946681916863,-0.513296981865413,0.6077658578827867,2561,2566,0.9663854998208667,False
loop-rotate,loop-vectorize,-0.017283673786622877,-2.6821166028275982,0.007340504138046726,2456,2492,0.3896042818921003,False
loop-rotate,slp-vectorizer,0.0007923887554949771,0.13620253702288104,0.8916666699109929,2503,2485,0.9878981187095685,False
loop-rotate,callsite-splitting,-0.01562922328567179,-2.5726653291927444,0.010120621916881527,2518,2460,0.450367675301228,False
loop-rotate,dfa-jump-threading,0.01053692798995376,1.791019466737297,0.07335138003568528,2418,2538,0.7755094798410511,False
loop-rotate,consthoist,7.035796663157345e-05,0.01140506487065327,0.9909007249030071,2483,2576,0.9965270751411184,False
loop-rotate,mldst-motion,-0.0017518826232244544,-0.2973613901990519,0.7662027242097967,2557,2547,0.9819797179926498,False
loop-rotate,slsr,-0.005940107208388834,-0.9842388187559291,0.32504547481669316,2544,2487,0.9342495346719147,False
loop-rotate,loop-interchange,0.0026594322520133717,0.4163949183111943,0.6771389033624896,2530,2477,0.9757415586496205,False
loop-rotate,loop-fusion,0.003417762621933218,0.5652842569468528,0.5719058510455034,2486,2509,0.9656120029518516,False
loop-rotate,loop-distribute,0.006840505037606415,1.1208469514665391,0.2624073044050954,2443,2523,0.9261097314091098,False
loop-rotate,loop-load-elim,-0.0026111446247771286,-0.43606479776728446,0.6628084679843043,2540,2482,0.9736773567453801,False
loop-rotate,loop-sink,-0.004009642067165142,-0.6737836251262618,0.500479599886603,2569,2506,0.9607276308387519,False
loop-rotate,loop-unroll-and-jam,0.011595324792701811,1.898660571628174,0.05766673790682937,2514,2525,0.754611189830786,False
loop-rotate,hotcoldsplit,0.013517661438894046,2.3378345327884467,0.019435146819375356,2559,2470,0.5918038420417597,False
loop-rotate,irce,-0.001715342346650106,-0.29326278644910647,0.7693332345679351,2531,2570,0.9819797179926498,False
loop-rotate,nary-reassociate,-0.012834951786132143,-2.125942605030999,0.03355782030625996,2450,2484,0.6570602238055803,False
loop-rotate,scalarizer,0.001930943203378499,0.32484665083974595,0.7453106272006724,2488,2555,0.9819797179926498,False
loop-rotate,vector-combine,-0.005142818096390445,-0.8775103409125817,0.3802509225298563,2555,2540,0.9372979316317167,False
loop-rotate,always-inline,-0.0036719633328482493,-0.61287000048708,0.5399903385632178,2471,2504,0.9656120029518516,False
loop-rotate,globalsplit,0.0016957865080628465,0.2874499501074206,0.7737797698830751,2576,2435,0.9819797179926498,False
loop-rotate,lowerswitch,0.009911221027955774,1.6436877176407494,0.10030308034488195,2530,2514,0.7990395200215817,False
loop-rotate,early-cse-memssa,0.00839624349233603,1.7194679162564073,0.0855919398535249,2533,2455,0.7987384440285578,False
loop-rotate,simple-loop-unswitch,0.00519090504645997,0.8478088959948282,0.3965854238854958,2501,2458,0.9387788987599427,False
loop-rotate,loop-versioning,-0.03615229695321465,-5.963188838981117,2.639968289484014e-09,2539,2618,7.384368444013856e-07,True
loop-rotate,loop-flatten,-0.0020964237695736965,-0.35026715604829867,0.7261529569800074,2553,2452,0.9819797179926498,False
loop-rotate,loop-reroll,0.0027144621114333356,0.4707696506507034,0.6378249731715049,2588,2621,0.9663854998208667,False
loop-rotate,loop-instsimplify,-0.001779066805614904,-0.30508142902352137,0.7603164839126285,2559,2585,0.9819797179926498,False
loop-rotate,loop-simplifycfg,0.00010636653014839403,0.018164986051645727,0.9855079644547907,2510,2474,0.9951603379292009,False
loop-rotate,loop-predication,0.0027845166950061784,0.4867926230000917,0.6264264808456275,2537,2508,0.9663854998208667,False
loop-rotate,speculative-execution,-0.008985554995637524,-1.4983648774620806,0.13410218954914577,2479,2480,0.8608920889745161,False
loop-rotate,partially-inline-libcalls,0.002839715748063465,0.4745901525526551,0.6350998669687506,2497,2504,0.9663854998208667,False
loop-rotate,load-store-vectorizer,-0.007340176648915342,-1.2381756531576498,0.21570905821702616,2494,2509,0.9053769260213016,False
loop-rotate,iroutliner,0.01206965502809354,2.069775202910138,0.038525095266994755,2495,2464,0.6893372254732842,False
loop-rotate,global-merge,0.004870855606232738,0.8087091974721862,0.41872059926939365,2519,2528,0.938921317022563,False
loop-rotate,break-crit-edges,-0.007981624128126308,-1.3208907045343419,0.18659979631705964,2453,2425,0.8946881968616551,False
loop-rotate,unreachableblockelim,0.004049125021190925,0.6984818035168452,0.48490771693913415,2578,2539,0.959012571040916,False
partial-inliner,lower-expect,0.0044951396506293095,0.8134468747697975,0.41600136131596516,2592,2454,0.938921317022563,False
partial-inliner,alignment-from-assumptions,-0.005191074045677313,-0.9475426437250155,0.3434084988642764,2509,2453,0.9362139119162718,False
partial-inliner,rpo-function-attrs,-0.0069698244830889156,-1.2829518585183193,0.1995678599005827,2541,2508,0.9004139838184037,False
partial-inliner,attributor,-0.004910484920348679,-0.9457603823421525,0.3443162281393166,2511,2523,0.9362139119162718,False
partial-inliner,inferattrs,-0.004813201141035672,-0.871941210575928,0.3832822785833897,2504,2505,0.9372979316317167,False
partial-inliner,called-value-propagation,0.007720397123807565,1.4293510391399313,0.15296515101299127,2540,2518,0.8871198774506207,False
partial-inliner,licm,-0.007325560324573155,-1.1833251901510062,0.23673771235529362,2385,2542,0.923462493379908,False
partial-inliner,loop-simplify,-0.004854631632507045,-0.8756147853900585,0.3812822724864818,2432,2502,0.9372979316317167,False
partial-inliner,div-rem-pairs,-0.004462464131673172,-0.8208760564676867,0.411756044273731,2508,2493,0.938921317022563,False
partial-inliner,float2int,0.006433392696413298,1.1651648367236582,0.24400870575475334,2419,2510,0.923462493379908,False
partial-inliner,inline,0.0037040849514083374,0.6808763786673125,0.495980832050886,2569,2537,0.959250210099802,False
partial-inliner,sink,0.005852226206908895,1.0685526276978479,0.2853227929730693,2503,2509,0.9261097314091098,False
partial-inliner,loop-vectorize,0.016116849754668927,2.6305325409152283,0.008551739380270469,2538,2425,0.41860764266423944,False
partial-inliner,slp-vectorizer,-0.002139962119294625,-0.37627468339361464,0.7067289480649461,2460,2459,0.9802307257169508,False
partial-inliner,callsite-splitting,0.003925156377324102,0.7258951874991553,0.4679368785040821,2526,2497,0.9576122218629731,False
partial-inliner,dfa-jump-threading,-0.003019327911949088,-0.5677456209089079,0.5702329940352865,2508,2535,0.9656120029518516,False
partial-inliner,consthoist,0.00023472543320784967,0.04336025178462746,0.9654160634207081,2670,2474,0.9932346158623248,False
partial-inliner,mldst-motion,-0.005039024162326822,-0.9509241133347228,0.34168782136578135,2541,2578,0.9362139119162718,False
partial-inliner,slsr,-0.004625656124473021,-0.8533071360223222,0.3935295937751374,2543,2496,0.9387788987599427,False
partial-inliner,loop-interchange,-0.006428215913419355,-1.1504800238068322,0.2500004741216388,2560,2515,0.923462493379908,False
partial-inliner,loop-fusion,-0.001493777401207541,-0.2729815090790484,0.7848787920260617,2528,2442,0.9819797179926498,False
partial-inliner,loop-distribute,0.004494798903567576,0.8155929356013435,0.4147715901072625,2545,2518,0.938921317022563,False
partial-inliner,loop-load-elim,0.009647382911145419,1.7766340795687559,0.07568904257656045,2519,2521,0.7790013228318803,False
partial-inliner,loop-sink,-0.004212039459230599,-0.7595420563895705,0.44756388696218885,2507,2542,0.9551281642201261,False
partial-inliner,loop-unroll-and-jam,-0.001921667983406261,-0.35440755875585744,0.7230484134838906,2465,2546,0.9819797179926498,False
partial-inliner,hotcoldsplit,-0.0028320359780987236,-0.5164954371181718,0.605531388132824,2498,2478,0.9663854998208667,False
partial-inliner,irce,0.0050354305514590525,0.9160043608258486,0.35970886890928033,2483,2510,0.9362139119162718,False
partial-inliner,nary-reassociate,0.001452249490632218,0.2707256416706906,0.7866132002497592,2471,2549,0.9819797179926498,False
partial-inliner,scalarizer,-0.004193138652100692,-0.7569651472201203,0.4491065799312669,2487,2507,0.9556013520116641,False
partial-inliner,vector-combine,-0.005349100077974456,-0.9896484821655602,0.32239393723200416,2476,2522,0.9342495346719147,False
partial-inliner,always-inline,0.0027194768394770974,0.5089851388614294,0.6107845404124245,2604,2526,0.9663854998208667,False
partial-inliner,globalsplit,-0.0011061129610552278,-0.20103982570521792,0.8406755617535446,2490,2548,0.9862005430341109,False
partial-inliner,lowerswitch,0.0012996345343193605,0.24440057867068773,0.8069304813672549,2568,2510,0.9853257764372217,False
partial-inliner,early-cse-memssa,0.003323807040415294,0.7681267116148538,0.44244777184738004,2524,2536,0.9539093340179844,False
partial-inliner,simple-loop-unswitch,-0.0009793262540427339,-0.17852292210578274,0.8583196407938726,2461,2491,0.9870002285963028,False
partial-inliner,loop-versioning,-0.001313364546716267,-0.23171591908504235,0.816768210557099,2420,2551,0.9862005430341109,False
partial-inliner,loop-flatten,-0.0062420951254014145,-1.12820631732003,0.2592870252073695,2513,2481,0.925757269377916,False
partial-inliner,loop-reroll,0.0031129478676855116,0.5821408454297464,0.5604982992166087,2477,2482,0.9656120029518516,False
partial-inliner,loop-instsimplify,-0.0005449901158928183,-0.09636394675614454,0.9232354366997648,2463,2490,0.9897292090133071,False
partial-inliner,loop-simplifycfg,0.005818977617255916,1.0860220518461765,0.27752176695135095,2457,2539,0.9261097314091098,False
partial-inliner,loop-predication,-0.0025421648719046175,-0.4647670593955521,0.6421186670116322,2487,2480,0.9671295000067508,False
partial-inliner,speculative-execution,0.005636030211428278,1.0136701744329046,0.31079011525468225,2451,2462,0.9261097314091098,False
partial-inliner,partially-inline-libcalls,0.010347453891975167,1.9024466036063248,0.05716823430738812,2586,2593,0.754611189830786,False
partial-inliner,load-store-vectorizer,0.00041252130751839866,0.074314317165785,0.9407632962488528,2468,2473,0.99246472740046,False
partial-inliner,iroutliner,-0.004399650783208253,-0.8468208368754859,0.39713446867233226,2529,2644,0.9387788987599427,False
partial-inliner,global-merge,0.0033466756671183817,0.6274964067725182,0.5303617820876435,2567,2572,0.9656120029518516,False
partial-inliner,break-crit-edges,-0.00030681484972633344,-0.05558559082976326,0.9556741872610676,2458,2509,0.9932346158623248,False
partial-inliner,unreachableblockelim,-0.002124427947960972,-0.3825006853962591,0.702106008433271,2552,2542,0.9802307257169508,False
lower-expect,alignment-from-assumptions,-0.00452867236526977,-0.8339956473693898,0.40432313966639294,2476,2548,0.938921317022563,False
lower-expect,rpo-function-attrs,-0.0012697327435580719,-0.2407462203241885,0.8097616140963984,2473,2568,0.9858456523643213,False
lower-expect,attributor,0.005321557629867579,1.0499512235408366,0.2937906594388646,2554,2517,0.9261097314091098,False
lower-expect,inferattrs,0.0030254624529856278,0.5570806294645003,0.5774971786292111,2514,2514,0.9658039733307087,False
lower-expect,called-value-propagation,0.009002754347939512,1.6910034054017333,0.09089699880971626,2593,2533,0.7987384440285578,False
lower-expect,licm,0.0005802446415996698,0.09616867004236142,0.9233903859425755,2522,2599,0.9897292090133071,False
lower-expect,loop-simplify,-0.006017602773818631,-1.105189157920122,0.26913080535563755,2491,2516,0.9261097314091098,False
lower-expect,div-rem-pairs,-0.009135635664394737,-1.709473877778768,0.0874234162071165,2549,2611,0.7987384440285578,False
lower-expect,float2int,0.005820460875193112,1.0836377697562773,0.27857755948462004,2449,2582,0.9261097314091098,False
lower-expect,inline,-0.0015641791979050246,-0.28899326532032893,0.7725986070052974,2501,2467,0.9819797179926498,False
lower-expect,sink,-0.0011305948796965226,-0.2120089953702891,0.8321085827604795,2518,2528,0.9862005430341109,False
lower-expect,loop-vectorize,0.006174171670222273,1.0304294205622582,0.30285849085041744,2498,2508,0.9261097314091098,False
lower-expect,slp-vectorizer,-0.0035243811256557844,-0.6485933794203973,0.5166308181636389,2541,2499,0.9620191554583024,False
lower-expect,callsite-splitting,0.0012323021583445226,0.22968001639306718,0.8183497392795468,2534,2515,0.9862005430341109,False
lower-expect,dfa-jump-threading,0.002037367396212797,0.3731400291507162,0.7090601869275184,2510,2468,0.9802307257169508,False
lower-expect,consthoist,-0.01202295400037251,-2.1623394623251557,0.030638476286889597,2565,2525,0.6358844367825872,False
lower-expect,mldst-motion,0.01034094464093016,1.9244432492816963,0.05435550524098455,2480,2543,0.754611189830786,False
lower-expect,slsr,0.002885357386195775,0.5143338142240633,0.6070412428449133,2515,2518,0.9663854998208667,False
lower-expect,loop-interchange,-0.00924044335409524,-1.6224401385372889,0.10477301489109116,2483,2466,0.8039373143348778,False
lower-expect,loop-fusion,0.002345080904493535,0.4386305846961483,0.6609481326145554,2484,2545,0.9735213571280024,False
lower-expect,loop-distribute,0.0063748437963980775,1.1694063416915372,0.2422966175609105,2526,2410,0.923462493379908,False
lower-expect,loop-load-elim,0.0011090073467597272,0.20645403772198412,0.8364444859650855,2552,2571,0.9862005430341109,False
lower-expect,loop-sink,0.012340603329078825,2.3160644878273047,0.020594250042548487,2554,2556,0.5918038420417597,False
lower-expect,loop-unroll-and-jam,0.003068602079225824,0.5604629255438717,0.5751883443957551,2545,2569,0.9658039733307087,False
lower-expect,hotcoldsplit,-0.0017084959309429104,-0.3149284317286786,0.752829204264944,2450,2542,0.9819797179926498,False
lower-expect,irce,-0.0036448937881341514,-0.6757143480044447,0.49925217198051275,2613,2578,0.9596467930029289,False
lower-expect,nary-reassociate,-0.013301248364214258,-2.5085004393361867,0.012155994798018571,2476,2538,0.48083712756606795,False
lower-expect,scalarizer,-0.00443035797678587,-0.8244108319074376,0.4097453772789166,2571,2447,0.938921317022563,False
lower-expect,vector-combine,0.00317045797567439,0.5758667754095906,0.5647311438904585,2581,2478,0.9656120029518516,False
lower-expect,always-inline,0.005855084320012027,1.0914682750780973,0.27511897891514603,2538,2514,0.9261097314091098,False
lower-expect,globalsplit,-0.007259268131675822,-1.2905953619815713,0.19690371185031372,2557,2444,0.9004139838184037,False
lower-expect,lowerswitch,0.0021263657432148975,0.3880878630363012,0.6979674317934662,2500,2536,0.9802307257169508,False
lower-expect,early-cse-memssa,0.003377353863166843,0.7686838959804386,0.44211717128082095,2566,2529,0.9539093340179844,False
lower-expect,simple-loop-unswitch,-0.006029340694535978,-1.1143566945021577,0.26517959258862456,2503,2517,0.9261097314091098,False
lower-expect,loop-versioning,-0.0067882818645585985,-1.188115915357496,0.23484375774718613,2494,2547,0.923462493379908,False
lower-expect,loop-flatten,0.0072870353537372035,1.337268307052321,0.18119515888302365,2526,2538,0.8936246540017126,False
lower-expect,loop-reroll,-0.0017848513680426281,-0.33365468247192304,0.7386538962173737,2572,2520,0.9819797179926498,False
lower-expect,loop-instsimplify,0.00947938416495081,1.7418692022976185,0.0815927902792307,2541,2498,0.7968989516182841,False
lower-expect,loop-simplifycfg,0.01137857445066165,2.1263251980322506,0.03352340158091784,2569,2613,0.6570602238055803,False
lower-expect,loop-predication,0.0020531842171362946,0.3768809687035764,0.7062780593702662,2485,2517,0.9802307257169508,False
lower-expect,speculative-execution,0.004522136873794158,0.8178457692981272,0.4134848666558626,2454,2501,0.938921317022563,False
lower-expect,partially-inline-libcalls,-0.004783494928340237,-0.856405551906899,0.3918149681563701,2512,2438,0.9387788987599427,False
lower-expect,load-store-vectorizer,0.0006826675732844456,0.12440689984759287,0.9009982060822774,2440,2471,0.9889544369739047,False
lower-expect,iroutliner,0.004871268894103442,0.9259352196572602,0.354524095931104,2482,2549,0.9362139119162718,False
lower-expect,global-merge,0.0001967095069798641,0.03523398146957257,0.971894580238555,2504,2473,0.9932346158623248,False
lower-expect,break-crit-edges,-0.010370938255279738,-1.9379673167378855,0.05268330972262992,2471,2558,0.7539588309619961,False
lower-expect,unreachableblockelim,-0.00607389653033108,-1.1146290411389603,0.2650629056092266,2547,2465,0.9261097314091098,False
alignment-from-assumptions,rpo-function-attrs,0.00593846385770791,1.124575119650579,0.260822791975557,2477,2557,0.9261097314091098,False
alignment-from-assumptions,attributor,0.000666669738656811,0.1348149616143237,0.8927635371903937,2533,2530,0.9878981187095685,False
alignment-from-assumptions,inferattrs,-0.011256138734723531,-1.9985462886991974,0.045711548999606604,2509,2581,0.7093283140586943,False
alignment-from-assumptions,called-value-propagation,-0.0011373064675564426,-0.2098866363379627,0.8337646142368768,2450,2617,0.9862005430341109,False
alignment-from-assumptions,licm,-0.009855620824002542,-1.6442542902621968,0.10018660324456558,2520,2483,0.7990395200215817,False
alignment-from-assumptions,loop-simplify,0.003825053986372895,0.6990137888971443,0.4845755380517942,2523,2551,0.959012571040916,False
alignment-from-assumptions,div-rem-pairs,0.006734933131582799,1.2663428855126713,0.20544863266786756,2528,2535,0.9053769260213016,False
alignment-from-assumptions,float2int,0.0031670613446374563,0.5914870350154069,0.5542206839503796,2540,2501,0.9656120029518516,False
alignment-from-assumptions,inline,0.0012689171834375235,0.2246304413847842,0.8222761393061678,2431,2479,0.9862005430341109,False
alignment-from-assumptions,sink,0.0015956530167047789,0.2950240693345802,0.7679876524996141,2562,2497,0.9819797179926498,False
alignment-from-assumptions,loop-vectorize,0.00643977746694141,1.0657441943156367,0.2865902183676469,2544,2513,0.9261097314091098,False
alignment-from-assumptions,slp-vectorizer,0.005299960616567623,1.0037169146811524,0.31556287386697607,2532,2558,0.9292520218351351,False
alignment-from-assumptions,callsite-splitting,0.000364995661601919,0.06697819083164239,0.9466017794326722,2503,2433,0.993162990687176,False
alignment-from-assumptions,dfa-jump-threading,-0.0038936605217521625,-0.7205063863337914,0.4712468003544377,2579,2455,0.9576122218629731,False
alignment-from-assumptions,consthoist,-0.006190784984266784,-1.1599888590954779,0.24610723101640597,2619,2522,0.923462493379908,False
alignment-from-assumptions,mldst-motion,-0.005667532691761679,-1.0129764490765722,0.31112073853744915,2455,2531,0.9261097314091098,False
alignment-from-assumptions,slsr,-0.011155617210300783,-2.076494001587161,0.0378994456310899,2469,2549,0.6893372254732842,False
alignment-from-assumptions,loop-interchange,-0.0005108713491113748,-0.0950077443769545,0.9243124202184999,2572,2515,0.9897292090133071,False
alignment-from-assumptions,loop-fusion,-0.0025790685888838483,-0.46538169578963706,0.6416788205594043,2408,2509,0.9668388846905067,False
alignment-from-assumptions,loop-distribute,-0.005375422223090454,-0.9818566386002376,0.32621809001832514,2494,2505,0.9342495346719147,False
alignment-from-assumptions,loop-load-elim,-0.0020431407302224924,-0.3710147532683475,0.7106422447166556,2532,2476,0.9802307257169508,False
alignment-from-assumptions,loop-sink,0.00046121580338281953,0.08704839705954434,0.9306364715449469,2568,2519,0.9901925823858527,False
alignment-from-assumptions,loop-unroll-and-jam,0.005342754458353749,0.961228971020048,0.3364843886445628,2512,2404,0.9362139119162718,False
alignment-from-assumptions,hotcoldsplit,-0.005029080380815787,-0.9140439418673273,0.36073822500340313,2468,2491,0.9362139119162718,False
alignment-from-assumptions,irce,-0.005511755996649492,-0.9957784036327533,0.31940599837966555,2530,2486,0.9321981262611873,False
alignment-from-assumptions,nary-reassociate,0.005638717918707958,1.0436110879457763,0.29671508028219595,2489,2592,0.9261097314091098,False
alignment-from-assumptions,scalarizer,0.019816963195467774,3.521633116450392,0.0004327035408964915,2591,2505,0.052952095817208146,False
alignment-from-assumptions,vector-combine,-0.0004896325923422484,-0.09077721678442163,0.9276732238227668,2542,2498,0.9898271274249525,False
alignment-from-assumptions,always-inline,-0.006326233873152509,-1.1671949616841413,0.24318584651341088,2632,2509,0.923462493379908,False
alignment-from-assumptions,globalsplit,0.0018059351500663845,0.3236957065275552,0.746181907283778,2508,2516,0.9819797179926498,False
alignment-from-assumptions,lowerswitch,0.002036954101889865,0.3726347923280029,0.7094360590680703,2497,2516,0.9802307257169508,False
alignment-from-assumptions,early-cse-memssa,-0.002066634439091386,-0.46614694220695924,0.6411311359894311,2422,2466,0.9663854998208667,False
alignment-from-assumptions,simple-loop-unswitch,0.0030600119430060913,0.548065115696201,0.5836719623064248,2397,2557,0.9663854998208667,False
alignment-from-assumptions,loop-versioning,-0.000887715877195494,-0.15927636143361926,0.8734575048830701,2523,2574,0.9878311966791359,False
alignment-from-assumptions,loop-flatten,0.0007437676607114363,0.13560985047967247,0.8921351790045795,2486,2514,0.9878981187095685,False
alignment-from-assumptions,loop-reroll,0.0005575411060363966,0.10015458184653518,0.9202256458681393,2497,2476,0.9897292090133071,False
alignment-from-assumptions,loop-instsimplify,-0.0018361840964928877,-0.34282324691672833,0.7317459167703891,2483,2504,0.9819797179926498,False
alignment-from-assumptions,loop-simplifycfg,-0.003025310290098282,-0.5424531976381457,0.5875310453070413,2415,2481,0.9663854998208667,False
alignment-from-assumptions,loop-predication,-0.0020738078191422926,-0.38030770411289017,0.7037330281656067,2464,2593,0.9802307257169508,False
alignment-from-assumptions,speculative-execution,-0.002971693656879437,-0.552889897391203,0.5803638064544375,2475,2474,0.9663854998208667,False
alignment-from-assumptions,partially-inline-libcalls,-0.0013619192262833701,-0.2523569521979045,0.8007754124050883,2526,2550,0.9840082239877717,False
alignment-from-assumptions,load-store-vectorizer,-0.0005507878534223298,-0.09886279389753626,0.9212512586920726,2469,2449,0.9897292090133071,False
alignment-from-assumptions,iroutliner,-0.0007170824251795382,-0.13509872372754872,0.8925393100003027,2492,2462,0.9878981187095685,False
alignment-from-assumptions,global-merge,-0.011853821824925725,-2.1898142547429775,0.02858370382092079,2517,2508,0.6358844367825872,False
alignment-from-assumptions,break-crit-edges,0.0004280472034179361,0.07748476992666246,0.9382410024733722,2523,2505,0.9908026409910448,False
alignment-from-assumptions,unreachableblockelim,0.00011775165521149544,0.021833706827585904,0.982581483675375,2480,2488,0.9946962299724714,False
rpo-function-attrs,attributor,-0.009240177268079075,-1.8151841352732827,0.0695548384044625,2540,2518,0.7648169515258737,False
rpo-function-attrs,inferattrs,0.00911145422635834,1.643273990209257,0.10039005205582692,2611,2423,0.7990395200215817,False
rpo-function-attrs,called-value-propagation,-0.006318899184444726,-1.157754600361105,0.24701856792277344,2579,2512,0.923462493379908,False
rpo-function-attrs,licm,-0.009777621662894143,-1.6540015340729897,0.09819147156125327,2458,2428,0.7990395200215817,False
rpo-function-attrs,loop-simplify,0.00035685740770413643,0.06320570745460934,0.9496052224964895,2561,2452,0.9931662807812082,False
rpo-function-attrs,div-rem-pairs,0.006887959597943916,1.2844138099217608,0.19905798498727686,2465,2437,0.9004139838184037,False
rpo-function-attrs,float2int,0.004787379706742756,0.8902243025128108,0.3733879591122278,2515,2533,0.9372979316317167,False
rpo-function-attrs,inline,-0.0022013408552249425,-0.39501881314606657,0.6928455526876366,2471,2624,0.9802307257169508,False
rpo-function-attrs,sink,-0.0008043400190566041,-0.14974595709113675,0.8809709132177882,2575,2579,0.9878981187095685,False
rpo-function-attrs,loop-vectorize,-0.00902013376592048,-1.495187145126818,0.1349279015238433,2459,2623,0.8616048697836367,False
rpo-function-attrs,slp-vectorizer,0.0032519324678930706,0.5894408282067186,0.5555928832080139,2446,2447,0.9656120029518516,False
rpo-function-attrs,callsite-splitting,-0.0031155077592455727,-0.5698895079111553,0.5687786478852159,2427,2505,0.9656120029518516,False
rpo-function-attrs,dfa-jump-threading,0.004563272225801884,0.8513287402194517,0.39462709605331125,2506,2554,0.9387788987599427,False
rpo-function-attrs,consthoist,-0.010773277571896334,-1.9060522776812074,0.05670094769920507,2485,2521,0.754611189830786,False
rpo-function-attrs,mldst-motion,0.0015951082851138887,0.2825821135244785,0.777509010002954,2537,2425,0.9819797179926498,False
rpo-function-attrs,slsr,0.006434755105892365,1.2148092970851632,0.2244949156545181,2607,2524,0.9215325402308183,False
rpo-function-attrs,loop-interchange,-0.003317743307267973,-0.6021127259612787,0.547126254063626,2555,2476,0.9656120029518516,False
rpo-function-attrs,loop-fusion,-0.0036776492794053373,-0.6785672395462796,0.4974432680156081,2462,2582,0.959250210099802,False
rpo-function-attrs,loop-distribute,-0.00027221762547446904,-0.05025231056512509,0.9599233318662959,2484,2527,0.9932346158623248,False
rpo-function-attrs,loop-load-elim,0.0020986686397961862,0.37170563780049,0.7101275175184862,2515,2571,0.9802307257169508,False
rpo-function-attrs,loop-sink,-0.003341419755404862,-0.6001170264893763,0.5484553129960167,2512,2514,0.9656120029518516,False
rpo-function-attrs,loop-unroll-and-jam,0.0011846703695155836,0.21666856650018373,0.8284754967273837,2477,2522,0.9862005430341109,False
rpo-function-attrs,hotcoldsplit,-0.002553534828764914,-0.47209550208149703,0.6368788632364834,2568,2525,0.9663854998208667,False
rpo-function-attrs,irce,0.007667843453910361,1.3501039569775573,0.17704635041671293,2405,2395,0.8936246540017126,False
rpo-function-attrs,nary-reassociate,-0.001459562103743206,-0.26026845374377033,0.7946675101757051,2489,2486,0.9819797179926498,False
rpo-function-attrs,scalarizer,0.011340416722933733,2.106955431712469,0.03517115325185984,2483,2518,0.6621645967994382,False
rpo-function-attrs,vector-combine,7.479645637908927e-06,0.0013683173406003615,0.9989082967872968,2488,2412,0.9995970164827606,False
rpo-function-attrs,always-inline,0.00325847771761939,0.5951794426791441,0.5517508479611757,2462,2470,0.9656120029518516,False
rpo-function-attrs,globalsplit,0.0010877930730516794,0.20539202428943598,0.8372742087069536,2547,2466,0.9862005430341109,False
rpo-function-attrs,lowerswitch,-0.0016652346723809441,-0.30307562968192114,0.7618449947280654,2445,2539,0.9819797179926498,False
rpo-function-attrs,early-cse-memssa,-0.00540653280781489,-1.310628900999182,0.1900417868023535,2598,2544,0.8946881968616551,False
rpo-function-attrs,simple-loop-unswitch,-0.0013529316445979322,-0.2599327600818656,0.7949261119408281,2576,2540,0.9819797179926498,False
rpo-function-attrs,loop-versioning,-0.0008725625395767933,-0.15834974687822467,0.8741875942575138,2517,2498,0.9878311966791359,False
rpo-function-attrs,loop-flatten,-0.001708486382533736,-0.3074100688425226,0.7585440938551947,2487,2508,0.9819797179926498,False
rpo-function-attrs,loop-reroll,0.003370919522728888,0.6066455043363294,0.5441139818405638,2461,2499,0.9656120029518516,False
rpo-function-attrs,loop-instsimplify,0.0031557288243930226,0.5835363594872084,0.5595582081647545,2592,2500,0.9656120029518516,False
rpo-function-attrs,loop-simplifycfg,0.0021459758047780997,0.3843187039537339,0.7007589445870147,2392,2515,0.9802307257169508,False
rpo-function-attrs,loop-predication,0.006242948115559921,1.1773823184773873,0.23909859318903684,2501,2539,0.923462493379908,False
rpo-function-attrs,speculative-execution,-0.009669663611412027,-1.8003396444741657,0.07186714160420732,2487,2531,0.7713722702619097,False
rpo-function-attrs,partially-inline-libcalls,-0.005844776693806952,-1.0840283284808183,0.27840274324342634,2588,2605,0.9261097314091098,False
rpo-function-attrs,load-store-vectorizer,0.0026071844635781605,0.4764885064245399,0.6337466982770338,2556,2588,0.9663854998208667,False
rpo-function-attrs,iroutliner,-0.00603687429176375,-1.1423842853004964,0.2533481006315283,2605,2483,0.923462493379908,False
rpo-function-attrs,global-merge,0.0070596773227807885,1.285875618204482,0.19854759151385118,2451,2425,0.9004139838184037,False
rpo-function-attrs,break-crit-edges,0.003170205830766104,0.5786731517289578,0.5628353847484926,2540,2545,0.9656120029518516,False
rpo-function-attrs,unreachableblockelim,-0.005576634926676705,-1.015384028570611,0.30997105712901973,2554,2542,0.9261097314091098,False
attributor,inferattrs,-0.0069954455361359025,-1.3987763350388696,0.16194152475191198,2509,2545,0.8886940441949083,False
attributor,called-value-propagation,0.01184790210040848,2.30316617934671,0.02131104194124145,2525,2489,0.5918038420417597,False
attributor,licm,-0.012779963207156797,-2.3169181861459434,0.02054923611596023,2491,2414,0.5918038420417597,False
attributor,loop-simplify,-0.002368032951570398,-0.45815646757276834,0.6468598145118918,2535,2511,0.9675808991214881,False
attributor,div-rem-pairs,-0.00932869652688989,-1.842266451288404,0.06549537802157643,2498,2503,0.7571751222955714,False
attributor,float2int,0.006201317825192398,1.2317917774449743,0.2180858832782074,2476,2438,0.9114453777134046,False
attributor,inline,0.002706454962476512,0.5197437861120024,0.6032654759619734,2475,2497,0.9663854998208667,False
attributor,sink,-0.0019508339594280777,-0.36611395212931475,0.7142958017748088,2477,2472,0.9819797179926498,False
attributor,loop-vectorize,-0.003112032577160362,-0.574266565700768,0.5658136764005549,2423,2529,0.9656120029518516,False
attributor,slp-vectorizer,-0.0010933614615500908,-0.2050855134976111,0.8375137842035514,2526,2420,0.9862005430341109,False
attributor,callsite-splitting,0.006693362175811179,1.3279207588764634,0.18426490257013511,2522,2487,0.8936246540017126,False
attributor,dfa-jump-threading,0.00931205717146949,1.8288514261498088,0.06748215389319696,2477,2464,0.7648169515258737,False
attributor,consthoist,-0.0011405185183445132,-0.2311054319354848,0.8172421896767784,2493,2626,0.9862005430341109,False
attributor,mldst-motion,-0.008799400028558502,-1.800149470078229,0.07189756860204215,2472,2510,0.7713722702619097,False
attributor,slsr,-0.004297374248146191,-0.8214506564567269,0.41142921811395505,2438,2511,0.938921317022563,False
attributor,loop-interchange,0.0010698058144358313,0.21306022287507434,0.8312887406909794,2470,2495,0.9862005430341109,False
attributor,loop-fusion,-0.0028200139811437874,-0.5555993977149042,0.5785090189367281,2577,2545,0.9658039733307087,False
attributor,loop-distribute,-0.004934071425229558,-1.0167137488733011,0.3093381696791977,2572,2500,0.9261097314091098,False
attributor,loop-load-elim,-0.002122398038079787,-0.4136188590860028,0.6791707286058494,2549,2540,0.976011953475415,False
attributor,loop-sink,0.0058501306324342806,1.1481666842914489,0.25095464885888047,2477,2553,0.923462493379908,False
attributor,loop-unroll-and-jam,-0.0019268077701412034,-0.3811145974402385,0.7031340833747746,2535,2586,0.9802307257169508,False
attributor,hotcoldsplit,-0.0030828005740017317,-0.6253699378761088,0.5317562610671533,2504,2618,0.9656120029518516,False
attributor,irce,-0.006896683666521519,-1.3955142274139798,0.16292223311970538,2530,2520,0.8886940441949083,False
attributor,nary-reassociate,0.0022169558378111187,0.4285127065508388,0.6682962886625295,2506,2529,0.975141818497267,False
attributor,scalarizer,0.007384418410044502,1.4508281076511802,0.14689108888564326,2461,2495,0.8825861989128816,False
attributor,vector-combine,0.00011658272293973981,0.0234550230030738,0.9812882443532714,2519,2519,0.9946962299724714,False
attributor,always-inline,-0.0030494700302051703,-0.612366264241619,0.5403232386590227,2472,2542,0.9656120029518516,False
attributor,globalsplit,0.004321998334669508,0.8798504640338851,0.37898204631115756,2569,2515,0.9372979316317167,False
attributor,lowerswitch,-0.009094267370887754,-1.858412826862075,0.06316952283645927,2440,2594,0.7569390838893625,False
attributor,early-cse-memssa,-0.009871555809604637,-2.5831662953535255,0.009817694433293698,2539,2509,0.44360012412688576,False
attributor,simple-loop-unswitch,0.001032362232327999,0.20317190181303324,0.8390090146710142,2495,2463,0.9862005430341109,False
attributor,loop-versioning,0.0005598231544560739,0.10560031978237257,0.9159037629271718,2490,2447,0.9897292090133071,False
attributor,loop-flatten,0.0036767496003124456,0.719651711955436,0.4717736843504284,2493,2452,0.9576122218629731,False
attributor,loop-reroll,-0.009140863205923555,-1.8456936809826696,0.06499669978112461,2471,2458,0.7571751222955714,False
attributor,loop-instsimplify,0.0006241842896788086,0.12553600440493584,0.9001042362042004,2501,2541,0.9887259997126645,False
attributor,loop-simplifycfg,0.002086147193818,0.41788129845553995,0.6760522127503463,2437,2470,0.9754681153759602,False
attributor,loop-predication,-0.0006190088889151402,-0.11916741092863807,0.9051475838182585,2470,2465,0.9889544369739047,False
attributor,speculative-execution,-0.0017418848501777884,-0.35224811814389273,0.7246665750591011,2586,2588,0.9819797179926498,False
attributor,partially-inline-libcalls,-0.007260654804078226,-1.3871194155592372,0.16546611098615413,2559,2531,0.8886940441949083,False
attributor,load-store-vectorizer,-0.004249548439966444,-0.8379962796019493,0.40207324228669256,2504,2462,0.938921317022563,False
attributor,iroutliner,-0.0004796863565280085,-0.0991199607352587,0.9210468912638783,2626,2516,0.9897292090133071,False
attributor,global-merge,0.0016267266241881684,0.31336781988309614,0.7540145229842071,2433,2486,0.9819797179926498,False
attributor,break-crit-edges,-2.528969556603311e-05,-0.004810853912460749,0.996161696776439,2514,2598,0.9989677860631332,False
attributor,unreachableblockelim,0.0007131514529172822,0.1413094062207896,0.8876311676913946,2595,2458,0.9878981187095685,False
inferattrs,called-value-propagation,0.005120802155061777,0.9233031097045283,0.3558939025929196,2457,2537,0.9362139119162718,False
inferattrs,licm,-0.012200421373538162,-2.0327425503721765,0.04213129381997172,2516,2486,0.6893372254732842,False
inferattrs,loop-simplify,0.0008239785779670106,0.15087714810908082,0.8800786430601418,2549,2512,0.9878311966791359,False
inferattrs,div-rem-pairs,0.005527762348674858,1.010632726377138,0.31224119300535447,2589,2458,0.9261097314091098,False
inferattrs,float2int,-0.0009509046088646556,-0.16973519779333815,0.8652254120512795,2440,2453,0.9871386789273737,False
inferattrs,inline,0.0013244726032879406,0.24641184511010486,0.8053734024228836,2492,2586,0.9849601011517839,False
inferattrs,sink,-0.003934772955611454,-0.7152677330572375,0.47447771347691403,2439,2475,0.9576122218629731,False
inferattrs,loop-vectorize,-0.00531441787039183,-0.8767086930778397,0.38068752571706277,2576,2408,0.9372979316317167,False
inferattrs,slp-vectorizer,0.009210749304400245,1.680522361510516,0.09291738874367017,2475,2605,0.7990395200215817,False
inferattrs,callsite-splitting,0.001475031888453937,0.2722205196907979,0.7854637767569005,2495,2488,0.9819797179926498,False
inferattrs,dfa-jump-threading,0.0016277738725832824,0.2923855939624587,0.7700040572349028,2477,2502,0.9819797179926498,False
inferattrs,consthoist,-0.0004185617754640658,-0.07704720824562025,0.9385890495949134,2499,2541,0.9908026409910448,False
inferattrs,mldst-motion,0.005479879321354908,0.9823437161085544,0.3259784527933289,2519,2473,0.9342495346719147,False
inferattrs,slsr,0.004787775186830656,0.8725602724065601,0.38294433325010996,2559,2491,0.9372979316317167,False
inferattrs,loop-interchange,0.0015401793133706931,0.2804401790137558,0.7791514589034477,2504,2482,0.9819797179926498,False
inferattrs,loop-fusion,-8.125774241318773e-05,-0.014984939217630344,0.9880447890369595,2521,2522,0.9951603379292009,False
inferattrs,loop-distribute,0.00868806156026558,1.5359601726140388,0.1246121002193558,2443,2507,0.8389655755993107,False
inferattrs,loop-load-elim,0.005446599431778054,1.0036323359928672,0.31560398085820474,2487,2563,0.9292520218351351,False
inferattrs,loop-sink,0.0017011514318179266,0.3146954881290182,0.7530058833674974,2544,2504,0.9819797179926498,False
inferattrs,loop-unroll-and-jam,0.0008872782430319748,0.16475406741762966,0.8691440976575238,2512,2591,0.9878311966791359,False
inferattrs,hotcoldsplit,-0.0029872077178048073,-0.5333674339990759,0.5938032025625563,2513,2439,0.9663854998208667,False
inferattrs,irce,-0.0004203150479755169,-0.07873241645953848,0.9372485817498133,2556,2494,0.9908026409910448,False
inferattrs,nary-reassociate,0.0007449074486865492,0.1361713619218873,0.8916912540211834,2535,2517,0.9878981187095685,False
inferattrs,scalarizer,0.006513142929291671,1.1435499362563648,0.25286460448807474,2525,2521,0.923462493379908,False
inferattrs,vector-combine,-0.003867922737290752,-0.722859281150722,0.4698005030683184,2483,2468,0.9576122218629731,False
inferattrs,always-inline,0.0063138179946654605,1.1371880456535142,0.255513168459589,2547,2552,0.9237088064321658,False
inferattrs,globalsplit,0.005882344864163225,1.068246928612593,0.2854595713181326,2553,2564,0.9261097314091098,False
inferattrs,lowerswitch,-0.01119151133052032,-2.0290400275285685,0.04250795191839474,2468,2461,0.6893372254732842,False
inferattrs,early-cse-memssa,-0.0011474683515948492,-0.27010309925752624,0.7870920043019225,2600,2439,0.9819797179926498,False
inferattrs,simple-loop-unswitch,-0.006609404143270992,-1.2154974933134215,0.22423239830823802,2554,2573,0.9215325402308183,False
inferattrs,loop-versioning,0.0006244088141916238,0.11129389686589859,0.9113877160000874,2609,2468,0.9897292090133071,False
inferattrs,loop-flatten,-0.010191991552939705,-1.8593956856834326,0.06303006863183802,2493,2496,0.7569390838893625,False
inferattrs,loop-reroll,0.006254469749891689,1.134385548902067,0.25668767966295536,2532,2449,0.9237088064321658,False
inferattrs,loop-instsimplify,0.00164263117513469,0.29706107745451976,0.7664322287653729,2457,2556,0.9819797179926498,False
inferattrs,loop-simplifycfg,-0.0003672000546633969,-0.06815515205035959,0.9456647856306905,2523,2605,0.993162990687176,False
inferattrs,loop-predication,0.013010249046702116,2.4204492860223574,0.015536824905738489,2520,2489,0.5245017787144132,False
inferattrs,speculative-execution,-0.006788537063604161,-1.249291224307491,0.2116158328109802,2627,2491,0.9053769260213016,False
inferattrs,partially-inline-libcalls,-0.00046651793572366484,-0.08278311979795665,0.9340273086365815,2476,2524,0.990361070134691,False
inferattrs,load-store-vectorizer,0.0039576495924428245,0.7322586780872333,0.4640444139329012,2513,2580,0.9576122218629731,False
inferattrs,iroutliner,-0.007753377590640487,-1.4148753795202547,0.15716720920573304,2519,2501,0.8871198774506207,False
inferattrs,global-merge,0.001818000590191382,0.3345159557267222,0.7380042179684768,2508,2520,0.9819797179926498,False
inferattrs,break-crit-edges,9.845595832974618e-05,0.017656587540277616,0.9859135071045855,2575,2512,0.9951603379292009,False
inferattrs,unreachableblockelim,-0.012387194897482523,-2.21358036038778,0.026904056549207203,2424,2471,0.6308759607586552,False
called-value-propagation,licm,0.0012823158245918176,0.21454760410108406,0.8301286690424879,2562,2519,0.9862005430341109,False
called-value-propagation,loop-simplify,-0.006076573588831624,-1.1209024222631243,0.2623828190239565,2530,2514,0.9261097314091098,False
called-value-propagation,div-rem-pairs,0.009974853414056961,1.7882168656937751,0.0738011396145391,2552,2489,0.7755094798410511,False
called-value-propagation,float2int,0.0006544490842931294,0.11703122426761774,0.906840000650482,2545,2490,0.9889544369739047,False
called-value-propagation,inline,-0.003452359243309,-0.6339637179107619,0.5261334274655647,2555,2469,0.9656120029518516,False
called-value-propagation,sink,0.004182550508322447,0.7421917561357891,0.4580060692202388,2446,2558,0.9576122218629731,False
called-value-propagation,loop-vectorize,-0.00755451492764303,-1.2548361515764994,0.20959826402925266,2443,2459,0.9053769260213016,False
called-value-propagation,slp-vectorizer,0.008456750771309418,1.6047997511726484,0.10859980397898863,2544,2568,0.8039373143348778,False
called-value-propagation,callsite-splitting,-0.000490787774797552,-0.09044010190603378,0.9279411784487953,2436,2479,0.9898271274249525,False
called-value-propagation,dfa-jump-threading,-0.00116919470033372,-0.21544643393442586,0.8294280675962338,2468,2529,0.9862005430341109,False
called-value-propagation,consthoist,0.005214372057931016,0.9525183827099309,0.34087840206719927,2651,2554,0.9362139119162718,False
called-value-propagation,mldst-motion,0.005643829297104774,1.0231617091393366,0.30628117972580865,2506,2491,0.9261097314091098,False
called-value-propagation,slsr,-0.008040953646000049,-1.4555200353448627,0.14558706597704044,2549,2543,0.8825861989128816,False
called-value-propagation,loop-interchange,-0.0028794262346205635,-0.5170828358125402,0.6051210876020926,2583,2457,0.9663854998208667,False
called-value-propagation,loop-fusion,-0.0001885200269937104,-0.033818361747360366,0.9730233392222467,2511,2508,0.9932346158623248,False
called-value-propagation,loop-distribute,-0.00032737670354393567,-0.060410213553786986,0.9518313439123564,2465,2538,0.9931662807812082,False
called-value-propagation,loop-load-elim,-0.00821959723799992,-1.5029594383997638,0.13291302128473664,2437,2541,0.8574751093097672,False
called-value-propagation,loop-sink,-0.0019251333877853827,-0.3488462960120068,0.7272191396523005,2548,2542,0.9819797179926498,False
called-value-propagation,loop-unroll-and-jam,0.002630364176494482,0.48960435569069644,0.6244352104703236,2470,2570,0.9663854998208667,False
called-value-propagation,hotcoldsplit,-0.009506652623734402,-1.7647666386489622,0.07766350498739773,2505,2559,0.7899487935861025,False
called-value-propagation,irce,0.0076885105308111545,1.3275885101103293,0.1843765622093017,2480,2419,0.8936246540017126,False
called-value-propagation,nary-reassociate,0.007836649467864887,1.3892130879257156,0.1648301144697827,2475,2506,0.8886940441949083,False
called-value-propagation,scalarizer,0.008578077219123903,1.50094708563365,0.13343234097566745,2524,2507,0.8594096172051213,False
called-value-propagation,vector-combine,-0.006965797525749995,-1.2681802677039367,0.20479246397678472,2559,2457,0.9053769260213016,False
called-value-propagation,always-inline,0.001616951434849745,0.28926676755914726,0.7723891913351889,2493,2527,0.9819797179926498,False
called-value-propagation,globalsplit,-0.0011485710350958023,-0.21116496131851514,0.8327671490347652,2464,2571,0.9862005430341109,False
called-value-propagation,lowerswitch,0.005113213117329096,0.9144878101537599,0.36050488734359876,2524,2459,0.9362139119162718,False
called-value-propagation,early-cse-memssa,-0.009388600795042279,-2.2360369108323837,0.025392489609092118,2588,2509,0.614275981195874,False
called-value-propagation,simple-loop-unswitch,-0.007695530112246662,-1.4268649992805489,0.15368035130215432,2494,2582,0.8871198774506207,False
called-value-propagation,loop-versioning,-0.004220439226624573,-0.7297843264588374,0.4655563417933598,2493,2491,0.9576122218629731,False
called-value-propagation,loop-flatten,0.0025329715705352807,0.4668398367006156,0.6406347925900323,2465,2542,0.9663854998208667,False
called-value-propagation,loop-reroll,0.00393642986949988,0.7206912269421397,0.4711337212625787,2434,2498,0.9576122218629731,False
called-value-propagation,loop-instsimplify,-0.004293353857801441,-0.8096002853434497,0.41820842760557553,2516,2493,0.938921317022563,False
called-value-propagation,loop-simplifycfg,0.0011461544877670038,0.21968934816809285,0.8261217925959031,2551,2617,0.9862005430341109,False
called-value-propagation,loop-predication,-0.01192013671456077,-2.1663884900612147,0.030328057273340505,2572,2489,0.6358844367825872,False
called-value-propagation,speculative-execution,-0.0027336723040507493,-0.5016603358278556,0.615928665101911,2483,2495,0.9663854998208667,False
called-value-propagation,partially-inline-libcalls,0.0060423415970364824,1.1133894976590697,0.26559418944174523,2600,2479,0.9261097314091098,False
called-value-propagation,load-store-vectorizer,0.01022332000089693,1.874642965112784,0.06090204037774446,2434,2418,0.7563948563196417,False
called-value-propagation,iroutliner,0.00407314436998002,0.7301757516165907,0.4653173922998209,2444,2499,0.9576122218629731,False
called-value-propagation,global-merge,-0.002440394409852331,-0.4536369386445305,0.6501096272980104,2527,2538,0.9691013705744228,False
called-value-propagation,break-crit-edges,-0.005067662302994103,-0.9174093318105953,0.3589726607611523,2482,2496,0.9362139119162718,False
called-value-propagation,unreachableblockelim,0.007519449361775621,1.3498683908515225,0.17711945527231573,2597,2473,0.8936246540017126,False
licm,loop-simplify,-0.0017687539487397652,-0.2948602612125038,0.7681132576605837,2367,2530,0.9819797179926498,False
licm,div-rem-pairs,-0.0022870035789465115,-0.37798669478013114,0.7054566131026349,2523,2452,0.9802307257169508,False
licm,float2int,-0.0013965549484616369,-0.23274519814071107,0.8159690055400777,2480,2432,0.9862005430341109,False
licm,inline,0.00705649006744935,1.1883512903980253,0.23475036584526443,2601,2521,0.923462493379908,False
licm,sink,-0.007444863030517834,-1.2335600474965245,0.2174256237642807,2442,2525,0.9096567763471403,False
licm,loop-vectorize,-0.09110227214366498,-13.088173623846474,1.8951722127030868e-38,2525,2469,2.4738314616484295e-35,True
licm,slp-vectorizer,0.0014987996300745987,0.25818744335761584,0.7962727552446011,2571,2495,0.9821115305631047,False
licm,callsite-splitting,-0.0011635847780695485,-0.1996592871410886,0.8417550334839358,2616,2513,0.9862005430341109,False
licm,dfa-jump-threading,0.004613364720303381,0.7803521514993892,0.4352200406266694,2599,2481,0.951072365565869,False
licm,consthoist,-0.008578365374496022,-1.4376157577927928,0.15060463724622739,2537,2551,0.8841019812609446,False
licm,mldst-motion,-0.010994250823235796,-1.8223335723063474,0.06846348573437021,2519,2617,0.7648169515258737,False
licm,slsr,0.003825718088286134,0.6292004804487877,0.5292465981324412,2458,2543,0.9656120029518516,False
licm,loop-interchange,0.002550449400217758,0.41073954992615513,0.6812814777308674,2467,2442,0.9761793877768301,False
licm,loop-fusion,-0.0020721827567035667,-0.3534953578270737,0.723732258440927,2464,2468,0.9819797179926498,False
licm,loop-distribute,0.012783639282284542,2.1673240501565694,0.030256548595547744,2547,2526,0.6358844367825872,False
licm,loop-load-elim,-0.003626218516296076,-0.6105325353369762,0.5415368310664115,2508,2497,0.9656120029518516,False
licm,loop-sink,-0.0014376583342299853,-0.24990764034871119,0.8026688713706861,2566,2524,0.9841133927622548,False
licm,loop-unroll-and-jam,0.0030106423650771985,0.48880527889628195,0.6250012248583768,2455,2495,0.9663854998208667,False
licm,hotcoldsplit,-0.002718031201275395,-0.47269549308604747,0.6364506492524127,2516,2596,0.9663854998208667,False
licm,irce,-0.0025061193427548534,-0.43211731138083487,0.6656747756446525,2476,2549,0.975141818497267,False
licm,nary-reassociate,-0.002114300491672161,-0.3641690320199853,0.7157471499567344,2499,2516,0.9819797179926498,False
licm,scalarizer,-0.007013804926186196,-1.1664852114616846,0.24347396856790024,2528,2476,0.923462493379908,False
licm,vector-combine,-0.000485845867139012,-0.08382641131274439,0.9331977453931269,2568,2527,0.9901925823858527,False
licm,always-inline,-0.006751026606046984,-1.1316740044440432,0.2578250184010947,2568,2507,0.9237088064321658,False
licm,globalsplit,0.0009574516940393241,0.15965440556965188,0.8731596388457362,2525,2582,0.9878311966791359,False
licm,lowerswitch,-0.006119599138607268,-1.0348774902193774,0.3007755238834693,2551,2521,0.9261097314091098,False
licm,early-cse-memssa,0.026000052123708206,5.014091522652545,5.514830723207596e-07,2523,2477,0.00011997820617822748,True
licm,simple-loop-unswitch,0.015616615210453377,2.518896495516536,0.01180396226178673,2551,2437,0.48083712756606795,False
licm,loop-versioning,0.00015305395357212426,0.025369823276779137,0.97976098928128,2487,2535,0.9946962299724714,False
licm,loop-flatten,-0.0043590400470463475,-0.7639579017005227,0.4449277401333323,2601,2499,0.9546098137512568,False
licm,loop-reroll,0.00023739225209734593,0.03988993216575751,0.9681824516800943,2475,2594,0.9932346158623248,False
licm,loop-instsimplify,0.010321507422432874,1.7254897694829012,0.084501219529061,2490,2497,0.797365724520007,False
licm,loop-simplifycfg,0.0028737746153033594,0.4802812092427716,0.6310485142822028,2450,2577,0.9663854998208667,False
licm,loop-predication,0.0028912475496841727,0.48813489806457416,0.6254754773934342,2565,2508,0.9663854998208667,False
licm,speculative-execution,0.0016046988058335265,0.26386193721559587,0.7918970588270275,2534,2532,0.9819797179926498,False
licm,partially-inline-libcalls,-0.0008981504341504243,-0.1508269430225126,0.8801182444365437,2521,2542,0.9878311966791359,False
licm,load-store-vectorizer,0.0040717652453573505,0.6862373345744484,0.4925959600289782,2430,2468,0.959250210099802,False
licm,iroutliner,-0.00968538743926628,-1.6603418647896973,0.09690932224904107,2448,2591,0.7990395200215817,False
licm,global-merge,-0.0033746358350927874,-0.5667501279463721,0.5709092020606625,2577,2464,0.9656120029518516,False
licm,break-crit-edges,-0.013163476639095562,-2.1408904080953852,0.03233174141819195,2488,2504,0.6560254772493974,False
licm,unreachableblockelim,-0.0023195231357033275,-0.3891687152124052,0.6971676823849116,2500,2581,0.9802307257169508,False
loop-simplify,div-rem-pairs,-0.00024545934429215377,-0.045033583241713686,0.964082378685864,2428,2480,0.9932346158623248,False
loop-simplify,float2int,-0.006919046238228699,-1.2579511275592936,0.2084671983012537,2534,2585,0.9053769260213016,False
loop-simplify,inline,0.007035795720824356,1.3084983393640133,0.19076445100502112,2511,2498,0.8957237291794518,False
loop-simplify,sink,0.004397944864267478,0.7795620152339676,0.43568606588096626,2406,2545,0.9515597512492269,False
loop-simplify,loop-vectorize,-0.005114356241835538,-0.8493365425095327,0.39573456130838813,2536,2487,0.9387788987599427,False
loop-simplify,slp-vectorizer,-0.0029207901774000455,-0.5262918121029271,0.598708445858323,2520,2566,0.9663854998208667,False
loop-simplify,callsite-splitting,0.006325505371755802,1.1328481235418304,0.25733236163369705,2463,2539,0.9237088064321658,False
loop-simplify,dfa-jump-threading,-0.0018906067608709942,-0.3492964946687613,0.726881488296703,2556,2465,0.9819797179926498,False
loop-simplify,consthoist,0.003395482870813482,0.6172501056055607,0.5370973554615176,2547,2552,0.9656120029518516,False
loop-simplify,mldst-motion,0.002280694009769213,0.42204781847053574,0.673007830630984,2539,2593,0.9754681153759602,False
loop-simplify,slsr,0.010792921706721692,1.919975181833042,0.0549191266886142,2458,2449,0.754611189830786,False
loop-simplify,loop-interchange,-0.011621614643180789,-2.095202980181295,0.03620378848492684,2500,2457,0.6719148611704906,False
loop-simplify,loop-fusion,-0.0022728396453797206,-0.4110079352784936,0.6810840730082125,2576,2510,0.9761793877768301,False
loop-simplify,loop-distribute,0.005754082015432038,1.038705604050832,0.29899216961882313,2502,2480,0.9261097314091098,False
loop-simplify,loop-load-elim,-0.003297086130711502,-0.6228874368234053,0.5333864094768561,2563,2529,0.9656120029518516,False
loop-simplify,loop-sink,0.004957752890776268,0.8869898716171944,0.37512789289306936,2430,2472,0.9372979316317167,False
loop-simplify,loop-unroll-and-jam,-0.006948475355671946,-1.2725943409521314,0.20322085650361832,2504,2528,0.9035781039728346,False
loop-simplify,hotcoldsplit,0.004539710837491051,0.8364306542709561,0.40295229695234425,2517,2529,0.938921317022563,False
loop-simplify,irce,-0.007537991976120262,-1.3988253409064295,0.16192743986803831,2526,2484,0.8886940441949083,False
loop-simplify,nary-reassociate,-0.008813368578259262,-1.5647905253644794,0.11769557888495277,2540,2450,0.8239376317623441,False
loop-simplify,scalarizer,-0.004978014155480548,-0.8907792668444574,0.3730894970348817,2568,2549,0.9372979316317167,False
loop-simplify,vector-combine,0.001465825885550831,0.2747646397809443,0.7835085173612812,2513,2453,0.9819797179926498,False
loop-simplify,always-inline,0.00796357917306767,1.4715352206032273,0.14120859908664293,2573,2503,0.8721969621818513,False
loop-simplify,globalsplit,0.005573173999696979,1.0203152379686489,0.3076275991388741,2558,2530,0.9261097314091098,False
loop-simplify,lowerswitch,-0.012489928570658948,-2.3359288382771326,0.01953407869617877,2513,2535,0.5918038420417597,False
loop-simplify,early-cse-memssa,-0.0016560632240228412,-0.37447648380114223,0.7080662901272332,2416,2418,0.9802307257169508,False
loop-simplify,simple-loop-unswitch,0.002507301069256007,0.46109464951998635,0.6447503214805977,2564,2552,0.9675126877850944,False
loop-simplify,loop-versioning,-0.001670817616903797,-0.2968893628881581,0.7665633095266212,2447,2559,0.9819797179926498,False
loop-simplify,loop-flatten,0.002014200166991109,0.3688241061589675,0.7122744546540725,2552,2449,0.9809015575792357,False
loop-simplify,loop-reroll,-0.004827789758631018,-0.890605283764475,0.3731839888023715,2473,2520,0.9372979316317167,False
loop-simplify,loop-instsimplify,0.0001991102359085728,0.035843302273384996,0.9714087561762512,2481,2454,0.9932346158623248,False
loop-simplify,loop-simplifycfg,0.000960817733217878,0.17683464006217886,0.8596455054129697,2489,2475,0.9870002285963028,False
loop-simplify,loop-predication,0.0018363215020053558,0.3292557635531065,0.7419760212662531,2553,2510,0.9819797179926498,False
loop-simplify,speculative-execution,0.004533341757786413,0.8050998476699281,0.42080096826860997,2474,2448,0.940557415376642,False
loop-simplify,partially-inline-libcalls,-0.0027177346029066962,-0.4921708903777141,0.6226198304993891,2543,2538,0.9663854998208667,False
loop-simplify,load-store-vectorizer,-0.005349601118669722,-0.993077344608351,0.3207200026021146,2518,2520,0.9342495346719147,False
loop-simplify,iroutliner,0.0003537911112070913,0.06552085937800392,0.9477619340001848,2449,2523,0.993162990687176,False
loop-simplify,global-merge,0.004783384123680734,0.8776674567245327,0.38016585051092283,2603,2491,0.9372979316317167,False
loop-simplify,break-crit-edges,-0.0018063311368891055,-0.3286076650796261,0.7424658583019504,2564,2505,0.9819797179926498,False
loop-simplify,unreachableblockelim,-0.005439603154636707,-0.9786672166704852,0.32779172472993195,2465,2545,0.9342495346719147,False
div-rem-pairs,float2int,-0.009211628956937945,-1.6997154747609757,0.08924691287606433,2492,2492,0.7987384440285578,False
div-rem-pairs,inline,-0.002719721610005943,-0.49452361825392616,0.6209584466670359,2526,2422,0.9663854998208667,False
div-rem-pairs,sink,-0.0009095051004430754,-0.17213180176800957,0.8633407062794398,2547,2589,0.9871072133694266,False
div-rem-pairs,loop-vectorize,-0.0016123596043326471,-0.26990908526123325,0.7872413243784586,2451,2568,0.9819797179926498,False
div-rem-pairs,slp-vectorizer,-0.006936167337226906,-1.3218122521368758,0.18629074353595773,2568,2476,0.8946881968616551,False
div-rem-pairs,callsite-splitting,-0.00011558520291998775,-0.021835306325476044,0.9825801926774341,2589,2476,0.9946962299724714,False
div-rem-pairs,dfa-jump-threading,0.005955940782638336,1.0679493512018108,0.28559525016051834,2472,2499,0.9261097314091098,False
div-rem-pairs,consthoist,-0.009637018918348117,-1.8052441758858042,0.07109641458545128,2548,2474,0.769098230708915,False
div-rem-pairs,mldst-motion,0.0039001646926363764,0.7104889123355425,0.4774336376073341,2571,2530,0.9576122218629731,False
div-rem-pairs,slsr,0.003447552510499885,0.6388401012463205,0.5229559077356598,2483,2581,0.9646233324036004,False
div-rem-pairs,loop-interchange,0.006007194868411558,1.0876120837008216,0.27681885008251195,2481,2519,0.9261097314091098,False
div-rem-pairs,loop-fusion,0.003559750842565712,0.6418846471969901,0.5209772842786607,2594,2475,0.9636972344049294,False
div-rem-pairs,loop-distribute,0.005468621072056257,1.013778402519958,0.31073826357567974,2439,2492,0.9261097314091098,False
div-rem-pairs,loop-load-elim,-0.0009991838255640761,-0.18692595895955078,0.8517261738534742,2557,2511,0.9870002285963028,False
div-rem-pairs,loop-sink,0.0001988663858836781,0.03758876706083196,0.9700170220522533,2577,2572,0.9932346158623248,False
div-rem-pairs,loop-unroll-and-jam,0.007340417510921404,1.3008458889594114,0.19337223696955128,2481,2434,0.9004139838184037,False
div-rem-pairs,hotcoldsplit,0.004315306058459367,0.7711613491809337,0.44064821165937196,2541,2416,0.9539093340179844,False
div-rem-pairs,irce,0.0034648691527693898,0.6132655265774521,0.5397281780559788,2549,2595,0.9656120029518516,False
div-rem-pairs,nary-reassociate,0.0005794308809610182,0.10745203542001334,0.9144346313307821,2585,2508,0.9897292090133071,False
div-rem-pairs,scalarizer,0.005424568529232454,0.9797884991627851,0.3272370986801012,2522,2570,0.9342495346719147,False
div-rem-pairs,vector-combine,0.007408887550370891,1.3311076637299464,0.18321542970004256,2439,2475,0.8936246540017126,False
div-rem-pairs,always-inline,0.00025569996538338247,0.04715233825628528,0.9623936632411583,2614,2503,0.9932346158623248,False
div-rem-pairs,globalsplit,-0.004935755362926175,-0.9137798291175135,0.36087586319598347,2589,2499,0.9362139119162718,False
div-rem-pairs,lowerswitch,-0.004460864005568277,-0.8378945349899811,0.4021296832520637,2517,2525,0.938921317022563,False
div-rem-pairs,early-cse-memssa,-0.0008882045778733083,-0.208544828850431,0.8348121655590075,2514,2507,0.9862005430341109,False
div-rem-pairs,simple-loop-unswitch,-0.00481915283629103,-0.8525793168426312,0.3939336216722271,2495,2506,0.9387788987599427,False
div-rem-pairs,loop-versioning,-0.005332829186361021,-0.9394601199222832,0.347539005117383,2584,2540,0.9362139119162718,False
div-rem-pairs,loop-flatten,-0.002150091189552561,-0.3949924406974557,0.6928654591369537,2493,2482,0.9802307257169508,False
div-rem-pairs,loop-reroll,-0.0025793105325890853,-0.4682896350085753,0.6395979116403001,2456,2572,0.9663854998208667,False
div-rem-pairs,loop-instsimplify,0.005759046237775678,1.0519607506214115,0.29286892868774167,2440,2511,0.9261097314091098,False
div-rem-pairs,loop-simplifycfg,0.014698864106815757,2.6787980885252662,0.007412821900652007,2485,2533,0.3896042818921003,False
div-rem-pairs,loop-predication,0.007473100487726481,1.3838818779705173,0.16645611907853383,2519,2514,0.8917129443386299,False
div-rem-pairs,speculative-execution,-0.0030598054696941435,-0.5600199120663923,0.5754906812154517,2480,2607,0.9658039733307087,False
div-rem-pairs,partially-inline-libcalls,-0.0025029382172691572,-0.456194542930869,0.6482699728746111,2541,2450,0.9683336682524712,False
div-rem-pairs,load-store-vectorizer,-0.0004853631680789561,-0.08829931735803516,0.9296422809122703,2604,2473,0.9901814842231369,False
div-rem-pairs,iroutliner,-0.003092877573753594,-0.5856778443276526,0.5581182368889774,2483,2563,0.9656120029518516,False
div-rem-pairs,global-merge,-0.005912847058093751,-1.075568177504076,0.2821728632878406,2456,2496,0.9261097314091098,False
div-rem-pairs,break-crit-edges,-0.009324531328716634,-1.6668932206034652,0.09559880285562528,2514,2449,0.7990395200215817,False
div-rem-pairs,unreachableblockelim,0.0056734200289416115,1.024278151967321,0.30575339168957116,2444,2580,0.9261097314091098,False
float2int,inline,0.003741269918975776,0.7026602096570311,0.48230022732047306,2432,2594,0.9587129703996468,False
float2int,sink,0.003004889103262298,0.5328817655212187,0.5941391493066694,2480,2514,0.9663854998208667,False
float2int,loop-vectorize,0.002419039318007077,0.39856779994668784,0.6902285165478239,2533,2541,0.9802307257169508,False
float2int,slp-vectorizer,0.002687719496163088,0.4933543115164125,0.6217837412479843,2634,2458,0.9663854998208667,False
float2int,callsite-splitting,0.003742121643624141,0.6913733946360211,0.48936312924842706,2541,2450,0.959250210099802,False
float2int,dfa-jump-threading,0.002347848895841498,0.43053665619726966,0.666823719846472,2533,2516,0.975141818497267,False
float2int,consthoist,0.005162819142355557,0.9471021578102514,0.34363166393848005,2533,2563,0.9362139119162718,False
float2int,mldst-motion,-0.005720397124885701,-1.0448469911320069,0.2961442085363911,2592,2469,0.9261097314091098,False
float2int,slsr,0.004026072057311869,0.7369790837816893,0.4611696723937062,2485,2514,0.9576122218629731,False
float2int,loop-interchange,-0.0073928199955015095,-1.3544958678533463,0.17563840056213106,2524,2564,0.8936246540017126,False
float2int,loop-fusion,-0.0031372931352990907,-0.5620974058094134,0.5740747939858315,2519,2502,0.9656687685775414,False
float2int,loop-distribute,0.0032521788188434875,0.5829760962863627,0.5599361549462821,2486,2441,0.9656120029518516,False
float2int,loop-load-elim,0.0005276454135178521,0.09930389475980224,0.92090084516742,2546,2619,0.9897292090133071,False
float2int,loop-sink,-0.002096888411293907,-0.3786214129092191,0.7049850206846179,2510,2530,0.9802307257169508,False
float2int,loop-unroll-and-jam,0.012176056905220944,2.2341086879607692,0.02552046165760553,2512,2450,0.614275981195874,False
float2int,hotcoldsplit,-0.003226961157025976,-0.5830525214831842,0.5598835978894243,2594,2533,0.9656120029518516,False
float2int,irce,0.00047284637465705437,0.08585016104339824,0.9315889709945326,2423,2592,0.9901925823858527,False
float2int,nary-reassociate,-0.012324489856024634,-2.292706154521988,0.02190595221355845,2584,2461,0.5918038420417597,False
float2int,scalarizer,-0.0018988756421757236,-0.33398369083778856,0.73840574150982,2545,2508,0.9819797179926498,False
float2int,vector-combine,-0.002360401482681851,-0.42536278455107096,0.6705900198661234,2533,2615,0.975141818497267,False
float2int,always-inline,0.005544071039247145,1.021433719821656,0.3070971066065134,2547,2596,0.9261097314091098,False
float2int,globalsplit,-0.0032861793425548735,-0.5878564715137418,0.5566548823918493,2521,2539,0.9656120029518516,False
float2int,lowerswitch,0.004778148071174881,0.8953880541771313,0.37062222391189753,2496,2577,0.9372979316317167,False
float2int,early-cse-memssa,0.003092657738049731,0.726670933493329,0.4674613053907787,2483,2560,0.9576122218629731,False
float2int,simple-loop-unswitch,0.001919633263132603,0.36058347926545303,0.7184255517009684,2599,2588,0.9819797179926498,False
float2int,loop-versioning,0.0033775654230731034,0.5981093915606492,0.5497943626741896,2473,2470,0.9656120029518516,False
float2int,loop-flatten,0.0009720890950844496,0.1829593367494346,0.8548372030665794,2594,2514,0.9870002285963028,False
float2int,loop-reroll,-0.008997203113753405,-1.655672758372311,0.09785174703828993,2470,2463,0.7990395200215817,False
float2int,loop-instsimplify,-0.0020716329431317293,-0.3865444617454269,0.6991097237420468,2556,2510,0.9802307257169508,False
float2int,loop-simplifycfg,-0.007687038134594537,-1.4007932811927901,0.16133843427995165,2569,2426,0.8886940441949083,False
float2int,loop-predication,0.0008471823269234346,0.15954901025743415,0.8732426343173071,2563,2565,0.9878311966791359,False
float2int,speculative-execution,-0.0038130681160361,-0.7091014773689789,0.47829389100967423,2506,2627,0.9576122218629731,False
float2int,partially-inline-libcalls,0.00386421500339168,0.7099504747126403,0.47776777643887886,2518,2515,0.9576122218629731,False
float2int,load-store-vectorizer,-0.002025814031633766,-0.3782202455851477,0.7052829992507882,2444,2576,0.9802307257169508,False
float2int,iroutliner,-0.009328074503551331,-1.723249873089551,0.0849049606676942,2497,2527,0.7982042813954815,False
float2int,global-merge,-0.006289395319288182,-1.131131620703102,0.2580534816743589,2556,2490,0.9237088064321658,False
float2int,break-crit-edges,-0.0002928822218314364,-0.05301482908615244,0.9577222291834299,2465,2497,0.9932346158623248,False
float2int,unreachableblockelim,0.0061770733847004156,1.157964815353414,0.2469334671032652,2541,2502,0.923462493379908,False
inline,sink,0.0006413418183091601,0.1159627288608706,0.9076867832863649,2496,2467,0.9890968784268247,False
inline,loop-vectorize,0.0017209294387468543,0.27600104055682456,0.7825588745454608,2425,2510,0.9819797179926498,False
inline,slp-vectorizer,0.0012591387539458432,0.2350715528160193,0.8141628090071515,2446,2567,0.9862005430341109,False
inline,callsite-splitting,0.005090876850875725,0.9177040541787336,0.35881818899876117,2489,2502,0.9362139119162718,False
inline,dfa-jump-threading,0.0079763877687552,1.4817090632936685,0.13848014291420319,2542,2526,0.8688528143101889,False
inline,consthoist,0.0007535951215662529,0.1382134135025975,0.8900771957650747,2515,2616,0.9878981187095685,False
inline,mldst-motion,0.002550173881168849,0.4739145745050736,0.635581084598565,2518,2592,0.9663854998208667,False
inline,slsr,-0.0014073511167923547,-0.25902047322983024,0.7956300121434489,2568,2484,0.9819797179926498,False
inline,loop-interchange,-0.0020059605327475416,-0.3714080990351033,0.7103488549983553,2516,2642,0.9802307257169508,False
inline,loop-fusion,0.0024544435588578217,0.45054248567125854,0.6523391361263388,2484,2449,0.970208908876089,False
inline,loop-distribute,0.004440061974994469,0.8157568153091664,0.4146768853421663,2569,2594,0.938921317022563,False
inline,loop-load-elim,-0.004413694035270255,-0.8196533018987948,0.41245194521320955,2580,2543,0.938921317022563,False
inline,loop-sink,0.007512182481088925,1.3976310611563751,0.16228544752150983,2479,2561,0.8886940441949083,False
inline,loop-unroll-and-jam,0.007940977217585965,1.4920914561785779,0.13573729140482144,2539,2568,0.8629013525020792,False
inline,hotcoldsplit,-0.0011375172968195457,-0.20337678426539602,0.8388487674618438,2552,2482,0.9862005430341109,False
inline,irce,0.0008239874201305675,0.14516063722701997,0.8845900158645742,2455,2455,0.9878981187095685,False
inline,nary-reassociate,0.00425164414511503,0.7617110359113073,0.4462688826233961,2486,2452,0.9546098137512568,False
inline,scalarizer,0.005977419690984809,1.0987206148169466,0.27194140973780556,2558,2584,0.9261097314091098,False
inline,vector-combine,-0.0020996583162044558,-0.3769383655672148,0.7062355767889166,2439,2522,0.9802307257169508,False
inline,always-inline,-0.012024287652942278,-2.153790026684026,0.03130405646147669,2473,2566,0.6451930794902248,False
inline,globalsplit,-0.0004998180556508025,-0.09017396359969912,0.9281525055935714,2621,2495,0.9898271274249525,False
inline,lowerswitch,-0.0020631478448628893,-0.3814786664137295,0.7028640467472342,2552,2532,0.9802307257169508,False
inline,early-cse-memssa,-0.004460451338232363,-1.052487088761863,0.29262649001822155,2561,2495,0.9261097314091098,False
inline,simple-loop-unswitch,0.010285028532428964,1.9081731352639444,0.05642537130533485,2617,2477,0.754611189830786,False
inline,loop-versioning,0.004332373567318137,0.7521762830711773,0.4519808309053396,2472,2483,0.9558625890978588,False
inline,loop-flatten,-0.004445185955077979,-0.8223037361234812,0.4109423887282838,2535,2587,0.938921317022563,False
inline,loop-reroll,0.004267092311945775,0.7884677390766964,0.43045990599372846,2550,2540,0.947727570442842,False
inline,loop-instsimplify,-0.004466678498775634,-0.8244658009770709,0.4097140258430859,2544,2489,0.938921317022563,False
inline,loop-simplifycfg,-0.0028529823269256016,-0.5240959121115638,0.6002352860650484,2558,2414,0.9663854998208667,False
inline,loop-predication,-0.0015310923448233482,-0.28778519267513636,0.7735230187818616,2563,2474,0.9819797179926498,False
inline,speculative-execution,-0.007673668392211341,-1.3586935253708636,0.17430640983721843,2460,2445,0.8936246540017126,False
inline,partially-inline-libcalls,0.0027389863272951898,0.4936798443468289,0.6215538760875252,2470,2575,0.9663854998208667,False
inline,load-store-vectorizer,0.01316496748464463,2.436663089767039,0.014858535560932262,2488,2465,0.5209647785044692,False
inline,iroutliner,0.007303479174689209,1.3674194146813916,0.17155558877106056,2488,2495,0.8936246540017126,False
inline,global-merge,-0.007441260325747823,-1.3939043065557783,0.16340658450501833,2605,2576,0.8886940441949083,False
inline,break-crit-edges,0.010016385042507348,1.8268629537997936,0.06777989224115881,2495,2514,0.7648169515258737,False
inline,unreachableblockelim,0.000516340126103354,0.09581426372837121,0.9236719266847734,2555,2475,0.9897292090133071,False
sink,loop-vectorize,0.01103638973875809,1.8408003831630149,0.0657096514084932,2550,2496,0.7571751222955714,False
sink,slp-vectorizer,-0.003680036242790896,-0.6802751328025304,0.49636135523253655,2524,2549,0.959250210099802,False
sink,callsite-splitting,-0.004474340515462194,-0.8118687640701473,0.4169061726293551,2444,2513,0.938921317022563,False
sink,dfa-jump-threading,0.0022663822061737005,0.4142165525380244,0.6787334029013192,2519,2453,0.9757415586496205,False
sink,consthoist,0.0011266399329033505,0.21348371957069684,0.8309581638049608,2605,2533,0.9862005430341109,False
sink,mldst-motion,-0.005597811270541986,-1.052214656039641,0.29275211746355434,2508,2482,0.9261097314091098,False
sink,slsr,0.009709253760460057,1.76130975779547,0.07824679650493484,2506,2526,0.7916213212007298,False
sink,loop-interchange,0.006003877808133329,1.0922381677853155,0.2747799772410676,2525,2606,0.9261097314091098,False
sink,loop-fusion,0.01074384564591957,1.981210718067751,0.04762311494224726,2503,2439,0.722837667107908,False
sink,loop-distribute,-0.010261601932438802,-1.8765664516898408,0.06063579306862314,2532,2465,0.7562094447666504,False
sink,loop-load-elim,-0.0012048834186188517,-0.224522978361746,0.8223594307121189,2545,2537,0.9862005430341109,False
sink,loop-sink,0.010941766584842305,1.8944500583043373,0.0582237590517809,2472,2472,0.754611189830786,False
sink,loop-unroll-and-jam,-0.0018219162633559827,-0.3264084618660585,0.7441289562415122,2522,2501,0.9819797179926498,False
sink,hotcoldsplit,-0.005836749468193292,-1.0601438690508973,0.28913086570620866,2466,2499,0.9261097314091098,False
sink,irce,-0.004836483097086897,-0.8780073940219065,0.37998245489768223,2456,2504,0.9372979316317167,False
sink,nary-reassociate,-0.004629652156164621,-0.8405647852974506,0.40063176682234314,2523,2516,0.938921317022563,False
sink,scalarizer,-0.001732366627559101,-0.3025097988195755,0.7622760591467188,2463,2535,0.9819797179926498,False
sink,vector-combine,0.008219380595487269,1.4992504191193894,0.13387201194681186,2472,2516,0.8608256137663632,False
sink,always-inline,0.0028185202881532145,0.5159777468345791,0.6058924782142313,2548,2519,0.9663854998208667,False
sink,globalsplit,0.0006798556172256665,0.12347343206846809,0.9017371202330123,2529,2531,0.9889544369739047,False
sink,lowerswitch,-0.009060976676860344,-1.589585393884358,0.11199264748271333,2463,2491,0.807667048880857,False
sink,early-cse-memssa,0.001166698490536744,0.2666281533612937,0.7897664677808907,2454,2565,0.9819797179926498,False
sink,simple-loop-unswitch,-0.0036053934291844225,-0.6571219038237781,0.511132078175485,2573,2548,0.9617601825968374,False
sink,loop-versioning,0.0045888737565564774,0.8255057213858394,0.4091227838305983,2568,2583,0.938921317022563,False
sink,loop-flatten,0.004523236341254844,0.8346565449044876,0.40395099618471425,2579,2482,0.938921317022563,False
sink,loop-reroll,-0.00631719522006996,-1.1445539341530764,0.2524473610683612,2580,2557,0.923462493379908,False
sink,loop-instsimplify,-0.007464181793854663,-1.3869707442911958,0.16551172020000773,2495,2588,0.8886940441949083,False
sink,loop-simplifycfg,-0.0018887504451924886,-0.33689370536621427,0.7362113672248128,2566,2414,0.9819797179926498,False
sink,loop-predication,0.0008130101734363238,0.14719659133564264,0.8829828335479312,2508,2456,0.9878981187095685,False
sink,speculative-execution,-0.01011148415471641,-1.790316522025602,0.07346518079785223,2410,2507,0.7755094798410511,False
sink,partially-inline-libcalls,0.010137702644336999,1.7901288078073885,0.07349402814253256,2518,2467,0.7755094798410511,False
sink,load-store-vectorizer,0.0072551491250220645,1.3430084888864036,0.17933034715926702,2524,2480,0.8936246540017126,False
sink,iroutliner,-0.003593997999887133,-0.6933432136404682,0.4881257324669213,2644,2478,0.959250210099802,False
sink,global-merge,0.0009615622109679922,0.1733347380110656,0.8623953615904019,2469,2524,0.9870002285963028,False
sink,break-crit-edges,-0.0012586854982057916,-0.23248029345053559,0.8161743337064016,2557,2544,0.9862005430341109,False
sink,unreachableblockelim,0.006395906562741083,1.1915836333808407,0.23348016087567974,2526,2561,0.923462493379908,False
loop-vectorize,slp-vectorizer,0.009620167643837774,1.5778252017060497,0.11466990838997425,2489,2462,0.8163164686847882,False
loop-vectorize,callsite-splitting,-0.008300763427489255,-1.3705693173022109,0.17057033426023846,2502,2540,0.8936246540017126,False
loop-vectorize,dfa-jump-threading,-0.011286086518677185,-1.8988043279754507,0.05764836392198279,2511,2436,0.754611189830786,False
loop-vectorize,consthoist,-0.0060664571793906386,-1.0094204484188867,0.3128216217989749,2549,2481,0.9261097314091098,False
loop-vectorize,mldst-motion,-0.001280871959072838,-0.20534830548735283,0.8373084381404049,2462,2499,0.9862005430341109,False
loop-vectorize,slsr,-0.013621209571927417,-2.2822210177450812,0.0225175619162978,2501,2591,0.5918038420417597,False
loop-vectorize,loop-interchange,-0.0020560806057806635,-0.3423901762688011,0.7320713559056079,2544,2571,0.9819797179926498,False
loop-vectorize,loop-fusion,0.006183186315039446,0.9909070592076386,0.3217794380205366,2427,2524,0.9342495346719147,False
loop-vectorize,loop-distribute,-0.0006805358786630689,-0.11717353665967106,0.9067271625170723,2547,2544,0.9889544369739047,False
loop-vectorize,loop-load-elim,-0.0032935969566732504,-0.5374425130007692,0.5909862016503058,2453,2487,0.9663854998208667,False
loop-vectorize,loop-sink,-0.0012453418211078038,-0.2056120537270327,0.8371022216063735,2555,2524,0.9862005430341109,False
loop-vectorize,loop-unroll-and-jam,-0.004689444928082542,-0.7881792389281316,0.4306288729056309,2590,2467,0.947727570442842,False
loop-vectorize,hotcoldsplit,0.00035139126754335503,0.05967144941474382,0.9524197197813496,2473,2482,0.9931662807812082,False
loop-vectorize,irce,-0.004307517436615893,-0.7033979060634591,0.48184155462843437,2456,2399,0.9587129703996468,False
loop-vectorize,nary-reassociate,0.0008068707926838226,0.13312676157303366,0.8940985606553309,2501,2437,0.9881490026644629,False
loop-vectorize,scalarizer,-0.018656374838806,-2.7987150606579343,0.005150714487478795,2540,2467,0.3082848341691311,False
loop-vectorize,vector-combine,0.006200313897191112,1.0331943740292935,0.30156304729561534,2514,2490,0.9261097314091098,False
loop-vectorize,always-inline,0.006130644249068284,1.0423087665241517,0.2973188354816714,2550,2469,0.9261097314091098,False
loop-vectorize,globalsplit,0.005316678236629235,0.8864536675716926,0.3754154509087007,2510,2534,0.9372979316317167,False
loop-vectorize,lowerswitch,0.0008925132084210419,0.14271425835222412,0.8865216116860156,2515,2483,0.9878981187095685,False
loop-vectorize,early-cse-memssa,0.020060976599972802,4.144110346430843,3.4678737955373684e-05,2644,2580,0.005658414076385139,True
loop-vectorize,simple-loop-unswitch,0.0011493682982275932,0.19594155259416207,0.8446636628138788,2605,2535,0.9862005430341109,False
loop-vectorize,loop-versioning,-0.021843682626995986,-3.210353474159864,0.0013342632058540832,2542,2553,0.14114808586632965,False
loop-vectorize,loop-flatten,0.005955137024359569,0.9625888958371888,0.3358013065392659,2424,2485,0.9362139119162718,False
loop-vectorize,loop-reroll,-0.01222901624673417,-2.018333020196637,0.04361066530194363,2428,2502,0.6966093743490344,False
loop-vectorize,loop-instsimplify,0.012825514657897386,2.16168538802141,0.03069003027372548,2443,2530,0.6358844367825872,False
loop-vectorize,loop-simplifycfg,0.001728097257187311,0.300946601769074,0.7634674635218295,2571,2540,0.9819797179926498,False
loop-vectorize,loop-predication,-0.006059252234924817,-1.0362364946200537,0.3001430970190175,2412,2522,0.9261097314091098,False
loop-vectorize,speculative-execution,-0.009793738430369514,-1.5848134519994643,0.11307298069516031,2499,2424,0.8124656741325648,False
loop-vectorize,partially-inline-libcalls,0.0012723536498219223,0.2128729885881492,0.831434722068437,2486,2528,0.9862005430341109,False
loop-vectorize,load-store-vectorizer,-0.0043180059153172246,-0.7409793835865262,0.4587408545021817,2455,2553,0.9576122218629731,False
loop-vectorize,iroutliner,-0.005295762965855932,-0.8963745142822149,0.37009542678865953,2548,2515,0.9372979316317167,False
loop-vectorize,global-merge,0.006146535940275255,1.02092478243821,0.3073384752574272,2582,2539,0.9261097314091098,False
loop-vectorize,break-crit-edges,0.0009517826374340066,0.16149982744373695,0.8717064298378507,2427,2494,0.9878311966791359,False
loop-vectorize,unreachableblockelim,0.002986700954689059,0.5109551748146074,0.6094050227972168,2545,2491,0.9663854998208667,False
slp-vectorizer,callsite-splitting,-0.004845306670728522,-0.8882225195823067,0.37446393187604904,2529,2457,0.9372979316317167,False
slp-vectorizer,dfa-jump-threading,-0.0018045764827474553,-0.33487211527214994,0.7377356362901389,2491,2500,0.9819797179926498,False
slp-vectorizer,consthoist,-0.005579192633840768,-1.0223125536609141,0.30668201357988434,2504,2543,0.9261097314091098,False
slp-vectorizer,mldst-motion,0.0033129690033495973,0.6101138519937132,0.5418140242484276,2549,2475,0.9656120029518516,False
slp-vectorizer,slsr,0.005726326913155222,1.0673654433794615,0.2858580368874294,2527,2512,0.9261097314091098,False
slp-vectorizer,loop-interchange,0.003778882935101202,0.6884196167120294,0.49122034266560904,2529,2514,0.959250210099802,False
slp-vectorizer,loop-fusion,0.0031776013378395085,0.5807304014860515,0.5614486921168894,2413,2534,0.9656120029518516,False
slp-vectorizer,loop-distribute,0.005591415215546847,1.0388268894450245,0.29893538137171555,2539,2478,0.9261097314091098,False
slp-vectorizer,loop-load-elim,0.009067249553651902,1.7026137663604377,0.08870226696668258,2568,2500,0.7987384440285578,False
slp-vectorizer,loop-sink,0.011085117341880502,2.040671853074081,0.041335831767879194,2456,2553,0.6893372254732842,False
slp-vectorizer,loop-unroll-and-jam,0.0013815296958089585,0.2542128107651081,0.799341615068132,2501,2498,0.9836368063440127,False
slp-vectorizer,hotcoldsplit,-0.0042202354982652235,-0.770261467407664,0.44118163896486307,2459,2500,0.9539093340179844,False
slp-vectorizer,irce,0.008486524588906641,1.6018173364466837,0.10925714548378575,2660,2554,0.8039373143348778,False
slp-vectorizer,nary-reassociate,-0.005577956764150793,-1.0435540518847413,0.2967405122200092,2576,2610,0.9261097314091098,False
slp-vectorizer,scalarizer,-0.010489825061133995,-1.9366768887347856,0.052840466625167254,2529,2545,0.7539588309619961,False
slp-vectorizer,vector-combine,0.0013694317003734024,0.2509150132282121,0.8018902212386513,2454,2503,0.9841133927622548,False
slp-vectorizer,always-inline,0.005897011166630772,1.0990342336308716,0.2718062967575134,2539,2455,0.9261097314091098,False
slp-vectorizer,globalsplit,-0.005093316740030884,-0.9101832882102202,0.36277018289447155,2500,2459,0.9362139119162718,False
slp-vectorizer,lowerswitch,0.007739102756187777,1.4014367376627654,0.1611438511680119,2586,2575,0.8886940441949083,False
slp-vectorizer,early-cse-memssa,-0.0010204206569500718,-0.23644910067320568,0.8130938319289177,2527,2503,0.9862005430341109,False
slp-vectorizer,simple-loop-unswitch,0.001145655828136305,0.20506202978542085,0.8375320485027193,2516,2463,0.9862005430341109,False
slp-vectorizer,loop-versioning,-0.01142945745774182,-2.071287279053644,0.03838256728214417,2508,2562,0.6893372254732842,False
slp-vectorizer,loop-flatten,-0.0032014462812247624,-0.5947505103928142,0.5520368626268691,2508,2551,0.9656120029518516,False
slp-vectorizer,loop-reroll,-0.0017447460166240547,-0.3168548755072228,0.751367261814216,2569,2378,0.9819797179926498,False
slp-vectorizer,loop-instsimplify,-0.007926141909544215,-1.4452373642213028,0.14845389110692203,2497,2552,0.8825861989128816,False
slp-vectorizer,loop-simplifycfg,-0.0017760172497788829,-0.3355198596820973,0.7372472749655965,2387,2543,0.9819797179926498,False
slp-vectorizer,loop-predication,-0.0038493577522983324,-0.6907422484317931,0.4897602326514795,2506,2399,0.959250210099802,False
slp-vectorizer,speculative-execution,-0.0021664176967945425,-0.40165651584689127,0.6879541401410834,2525,2438,0.9800030603101064,False
slp-vectorizer,partially-inline-libcalls,-0.002047518759097866,-0.3751618612385278,0.707556288733947,2516,2444,0.9802307257169508,False
slp-vectorizer,load-store-vectorizer,0.006863858687612134,1.2839452526013708,0.19921995762433153,2593,2465,0.9004139838184037,False
slp-vectorizer,iroutliner,-0.003724091132485452,-0.698340090888536,0.4849972277928013,2521,2455,0.959012571040916,False
slp-vectorizer,global-merge,0.002498804203939664,0.47839071837608144,0.6323926789416442,2508,2587,0.9663854998208667,False
slp-vectorizer,break-crit-edges,-0.009938909445874444,-1.8517324433251707,0.0641226943819982,2564,2491,0.7569390838893625,False
slp-vectorizer,unreachableblockelim,0.00032608721016746944,0.058807837020111546,0.9531075412144947,2460,2501,0.9931796517817885,False
callsite-splitting,dfa-jump-threading,-0.0010517105492575118,-0.197943754491371,0.8430969472899168,2504,2627,0.9862005430341109,False
callsite-splitting,consthoist,-0.0016352893518757905,-0.306761774220564,0.7590373048008348,2509,2564,0.9819797179926498,False
callsite-splitting,mldst-motion,0.00014149629260584717,0.026401088734582797,0.9789384739592064,2554,2477,0.9946962299724714,False
callsite-splitting,slsr,-0.00035570546425384153,-0.06649755154382642,0.9469843561849026,2529,2491,0.993162990687176,False
callsite-splitting,loop-interchange,-0.001595757861679925,-0.28060183064672867,0.7790270826884075,2626,2537,0.9819797179926498,False
callsite-splitting,loop-fusion,0.000991036861195227,0.18029423838681274,0.8569288693991217,2493,2520,0.9870002285963028,False
callsite-splitting,loop-distribute,0.0021205025813089695,0.39006594086814156,0.6965044145314249,2541,2489,0.9802307257169508,False
callsite-splitting,loop-load-elim,-0.004991626470861876,-0.912738168506881,0.3614240703270672,2518,2507,0.9362139119162718,False
callsite-splitting,loop-sink,-0.005334741759992712,-0.9784460136168439,0.3279013758324395,2482,2502,0.9342495346719147,False
callsite-splitting,loop-unroll-and-jam,-0.006753757796523985,-1.2578068616523725,0.20851942096453274,2552,2535,0.9053769260213016,False
callsite-splitting,hotcoldsplit,-0.010256889056452168,-1.8812260680064898,0.059999295464166574,2467,2538,0.7554895210214673,False
callsite-splitting,irce,-0.007282836095969247,-1.3412306666931462,0.17990526476410484,2507,2604,0.8936246540017126,False
callsite-splitting,nary-reassociate,-0.006664356727996423,-1.155162819830481,0.24807952541581646,2561,2433,0.923462493379908,False
callsite-splitting,scalarizer,0.004934199083597823,0.8920575093816742,0.37240438697653583,2533,2546,0.9372979316317167,False
callsite-splitting,vector-combine,0.0029274412589878618,0.5362609942623547,0.5918020212765019,2555,2451,0.9663854998208667,False
callsite-splitting,always-inline,0.010232704318205388,1.918949097265913,0.05504752159485191,2474,2541,0.754611189830786,False
callsite-splitting,globalsplit,0.0026905919393612754,0.49019253532132484,0.6240188482317844,2520,2559,0.9663854998208667,False
callsite-splitting,lowerswitch,-0.002637106200718442,-0.5062073526612614,0.6127329222558295,2633,2500,0.9663854998208667,False
callsite-splitting,early-cse-memssa,0.0007888917785019989,0.17522943580182224,0.8609063779071435,2580,2479,0.9870002285963028,False
callsite-splitting,simple-loop-unswitch,-0.012399470136700008,-2.286103639047291,0.022290187508600783,2435,2538,0.5918038420417597,False
callsite-splitting,loop-versioning,-0.0049382067058743595,-0.8364951365179024,0.4029179306753968,2418,2419,0.938921317022563,False
callsite-splitting,loop-flatten,0.005046952055210996,0.9397744837652278,0.3473771821912226,2558,2616,0.9362139119162718,False
callsite-splitting,loop-reroll,0.0030055528147915345,0.5548980494076426,0.5789886738048667,2553,2561,0.9658039733307087,False
callsite-splitting,loop-instsimplify,-0.008678242405347925,-1.5939588290067561,0.11100792564562124,2513,2532,0.807667048880857,False
callsite-splitting,loop-simplifycfg,-0.002405320287933499,-0.45090640927602677,0.6520763353117501,2575,2487,0.970186523206996,False
callsite-splitting,loop-predication,0.004698634671903623,0.8495062818691395,0.3956406173761046,2502,2472,0.9387788987599427,False
callsite-splitting,speculative-execution,0.011850142037776346,2.2025996403768273,0.027668009379254923,2526,2533,0.6358844367825872,False
callsite-splitting,partially-inline-libcalls,-0.003324673253240429,-0.595976134867788,0.5512180296125035,2487,2563,0.9656120029518516,False
callsite-splitting,load-store-vectorizer,0.007399770430630392,1.3675932839381408,0.17150142209090374,2424,2535,0.8936246540017126,False
callsite-splitting,iroutliner,-0.004661855462800735,-0.882500776594732,0.37754718312116137,2566,2598,0.9372979316317167,False
callsite-splitting,global-merge,-0.01042204773843275,-1.9029093818883556,0.05711085576338172,2495,2413,0.754611189830786,False
callsite-splitting,break-crit-edges,0.004288222997415936,0.7883070824047101,0.43055453023665735,2505,2490,0.947727570442842,False
callsite-splitting,unreachableblockelim,0.0023157941340301025,0.4299639878355136,0.6672399423713157,2529,2591,0.975141818497267,False
dfa-jump-threading,consthoist,0.0024633242692828627,0.44115677261636055,0.6591187053988831,2467,2504,0.9719891968069564,False
dfa-jump-threading,mldst-motion,0.0015111410854148355,0.2719616971475523,0.7856625930008846,2479,2572,0.9819797179926498,False
dfa-jump-threading,slsr,-0.00024054605420981146,-0.04438375648562201,0.9646002740704571,2496,2528,0.9932346158623248,False
dfa-jump-threading,loop-interchange,0.004582200423433602,0.8275970440675842,0.4079384709869979,2457,2516,0.938921317022563,False
dfa-jump-threading,loop-fusion,-0.0033376306684952395,-0.6175907312684634,0.5368730720687959,2491,2557,0.9656120029518516,False
dfa-jump-threading,loop-distribute,0.0025547351316941302,0.4544865574275914,0.6494986709722239,2488,2475,0.9686949074367532,False
dfa-jump-threading,loop-load-elim,-0.008660847424211082,-1.5658104275998277,0.11745664006708269,2505,2472,0.8239376317623441,False
dfa-jump-threading,loop-sink,0.00431252505874663,0.8161253048691588,0.41446676260040205,2552,2527,0.938921317022563,False
dfa-jump-threading,loop-unroll-and-jam,0.0031410089895285154,0.5719984106037825,0.5673485403691937,2556,2500,0.9656120029518516,False
dfa-jump-threading,hotcoldsplit,0.00252406738235178,0.47549752182863486,0.6344526981269452,2550,2578,0.9663854998208667,False
dfa-jump-threading,irce,-0.003706885509445257,-0.6920328163539686,0.48894868608109565,2448,2619,0.959250210099802,False
dfa-jump-threading,nary-reassociate,-0.00961217848830398,-1.78780113718864,0.07386747599098878,2589,2514,0.7755094798410511,False
dfa-jump-threading,scalarizer,0.006349764188837148,1.1317898302152116,0.25777726281438273,2500,2499,0.9237088064321658,False
dfa-jump-threading,vector-combine,-0.0009193503360838684,-0.1686063157513674,0.8661130327392821,2563,2514,0.9871386789273737,False
dfa-jump-threading,always-inline,-0.0052938651738669296,-0.9969932356356964,0.31881413877339465,2549,2669,0.9321981262611873,False
dfa-jump-threading,globalsplit,-0.005121457091283865,-0.9189891493660314,0.35814572049622134,2497,2489,0.9362139119162718,False
dfa-jump-threading,lowerswitch,0.0020319763392879775,0.37853203667463414,0.7050512855534631,2537,2524,0.9802307257169508,False
dfa-jump-threading,early-cse-memssa,-0.002203811278395029,-0.5334738784334699,0.5937288633184097,2537,2564,0.9663854998208667,False
dfa-jump-threading,simple-loop-unswitch,0.00473318859675137,0.8572234387842281,0.39136280948661784,2503,2473,0.9387788987599427,False
dfa-jump-threading,loop-versioning,-0.0004910778993526543,-0.08554975269880223,0.931827818951233,2532,2412,0.9901925823858527,False
dfa-jump-threading,loop-flatten,0.015325641361771059,2.813581326327177,0.004918685285503994,2445,2492,0.3009620559067756,False
dfa-jump-threading,loop-reroll,-0.009533916746608417,-1.7353595838304647,0.08273906122552618,2537,2446,0.7968989516182841,False
dfa-jump-threading,loop-instsimplify,0.0029426045156663028,0.5572072905294826,0.57741006338166,2531,2631,0.9658039733307087,False
dfa-jump-threading,loop-simplifycfg,-4.471275506678918e-06,-0.0008250274786066187,0.9993417567747721,2520,2426,0.9995970164827606,False
dfa-jump-threading,loop-predication,-0.001802043873009307,-0.3191069238027207,0.7496586424208838,2508,2540,0.9819797179926498,False
dfa-jump-threading,speculative-execution,0.002791929611437982,0.5188263873248322,0.6039047807385878,2505,2496,0.9663854998208667,False
dfa-jump-threading,partially-inline-libcalls,-0.008286215966070709,-1.4937153227298585,0.1353133286304741,2488,2525,0.8616048697836367,False
dfa-jump-threading,load-store-vectorizer,-0.010157621001924133,-1.8778632434188745,0.060458978609288554,2457,2469,0.7562094447666504,False
dfa-jump-threading,iroutliner,-0.005921866296011935,-1.103207864420968,0.2699900251672558,2465,2537,0.9261097314091098,False
dfa-jump-threading,global-merge,0.005289466520249031,0.9443720073591202,0.34502502495304754,2483,2540,0.9362139119162718,False
dfa-jump-threading,break-crit-edges,0.005644500741988634,1.0477177882710988,0.2948200634389353,2514,2424,0.9261097314091098,False
dfa-jump-threading,unreachableblockelim,0.01593579886365626,2.91483848847653,0.0035743979763658094,2616,2466,0.25921004584163904,False
consthoist,mldst-motion,-0.0012949631470878797,-0.23832855544599332,0.8116359507718519,2603,2456,0.9858456523643213,False
consthoist,slsr,0.00790527644289607,1.413795411915263,0.15748476779826262,2478,2482,0.8871198774506207,False
consthoist,loop-interchange,0.002159500913018364,0.39372034880343115,0.6938041913210918,2496,2540,0.9802307257169508,False
consthoist,loop-fusion,-0.004345179930736576,-0.7994185909404986,0.42408520664787885,2603,2479,0.9436255038718171,False
consthoist,loop-distribute,0.0010099405269139439,0.17968879043489838,0.8574041833190844,2457,2547,0.9870002285963028,False
consthoist,loop-load-elim,0.0016301611933427496,0.2930807141190263,0.7694727442526262,2416,2566,0.9819797179926498,False
consthoist,loop-sink,-0.00462638505457269,-0.83254004086349,0.4051431824485195,2536,2567,0.938921317022563,False
consthoist,loop-unroll-and-jam,0.0038603490053544243,0.711615683206057,0.4767361859978992,2480,2493,0.9576122218629731,False
consthoist,hotcoldsplit,0.0005345804950847022,0.09786368387706407,0.9220443936927555,2530,2561,0.9897292090133071,False
consthoist,irce,0.0032203081853692805,0.5922623750717579,0.5537017735069801,2444,2542,0.9656120029518516,False
consthoist,nary-reassociate,-0.0016701739436191798,-0.3087591481426202,0.7575175713631954,2541,2478,0.9819797179926498,False
consthoist,scalarizer,-0.005742138516020401,-1.0010132031863441,0.31686924406308603,2521,2451,0.930601370166641,False
consthoist,vector-combine,0.004724307846211362,0.8771896162509326,0.38042558974529167,2485,2542,0.9372979316317167,False
consthoist,always-inline,0.0001931287003287263,0.0357009913633647,0.9715221726854008,2509,2614,0.9932346158623248,False
consthoist,globalsplit,0.004322188533543769,0.7897420505928556,0.42971602067354997,2517,2466,0.947727570442842,False
consthoist,lowerswitch,0.0003400349492520549,0.0620204374076703,0.9505490395140752,2550,2455,0.9931662807812082,False
consthoist,early-cse-memssa,-0.005309341654141597,-1.2279460066445187,0.21952367724241445,2577,2551,0.9155002343783759,False
consthoist,simple-loop-unswitch,-0.0025414443211441706,-0.47119428683702796,0.6375229924233102,2450,2454,0.9663854998208667,False
consthoist,loop-versioning,0.002485433590138697,0.42631526252568813,0.669896883964932,2484,2438,0.975141818497267,False
consthoist,loop-flatten,-0.0027065077792658987,-0.5072617166626149,0.6119935023833161,2533,2487,0.9663854998208667,False
consthoist,loop-reroll,0.003311127472042208,0.611027719094222,0.541209079395507,2470,2520,0.9656120029518516,False
consthoist,loop-instsimplify,0.0021306390002073794,0.3906710871455693,0.6960569407389473,2559,2466,0.9802307257169508,False
consthoist,loop-simplifycfg,-0.009703596380872537,-1.8233057969361435,0.06831724615627795,2491,2472,0.7648169515258737,False
consthoist,loop-predication,0.0037837234542619225,0.6857627558194548,0.49289464444104225,2534,2499,0.959250210099802,False
consthoist,speculative-execution,0.007026618669431162,1.3387577254501473,0.18070844274451042,2604,2566,0.8936246540017126,False
consthoist,partially-inline-libcalls,-0.004004260159915396,-0.7440057376322033,0.45690805458288897,2489,2503,0.9576122218629731,False
consthoist,load-store-vectorizer,-0.005870028273468553,-1.0549860243990843,0.2914833420168582,2488,2451,0.9261097314091098,False
consthoist,iroutliner,-0.0004783217102882209,-0.08910219763042965,0.9290042352976543,2483,2556,0.9901814842231369,False
consthoist,global-merge,0.0008951614804329489,0.16591074769472192,0.8682339320604996,2516,2475,0.9878311966791359,False
consthoist,break-crit-edges,0.00044087906628864637,0.07852645662253198,0.9374124830865028,2419,2516,0.9908026409910448,False
consthoist,unreachableblockelim,-0.002064824164615342,-0.3712427872822041,0.7104723189013377,2489,2564,0.9802307257169508,False
mldst-motion,slsr,-0.005734564321581814,-1.0517573542209482,0.29296113232675847,2545,2522,0.9261097314091098,False
mldst-motion,loop-interchange,0.007050399316298195,1.3121404822633662,0.18953400175641133,2478,2453,0.8946881968616551,False
mldst-motion,loop-fusion,0.0038237768778145442,0.707417874517767,0.4793391188584356,2557,2551,0.9582617756506026,False
mldst-motion,loop-distribute,-0.009202743210627584,-1.645078087175596,0.10001746903234816,2490,2445,0.7990395200215817,False
mldst-motion,loop-load-elim,0.003481223295929037,0.6426735952110624,0.520465550725338,2415,2562,0.963661038600673,False
mldst-motion,loop-sink,-0.001552549691140992,-0.28691636551216765,0.7741883528841623,2512,2448,0.9819797179926498,False
mldst-motion,loop-unroll-and-jam,-0.002162313162285212,-0.39882883315191,0.6900362300616395,2531,2510,0.9802307257169508,False
mldst-motion,hotcoldsplit,0.004444315935544729,0.831979995183789,0.40545979823566924,2564,2479,0.938921317022563,False
mldst-motion,irce,-0.002587103949620473,-0.4768305325397713,0.6335035573561261,2548,2474,0.9663854998208667,False
mldst-motion,nary-reassociate,0.0019154878465782454,0.3425299651772883,0.731966473485423,2527,2492,0.9819797179926498,False
mldst-motion,scalarizer,0.006426542490952425,1.0887699814813863,0.2763089818239399,2444,2476,0.9261097314091098,False
mldst-motion,vector-combine,-0.005425705429461969,-1.0104999517426565,0.3123046327706926,2476,2556,0.9261097314091098,False
mldst-motion,always-inline,0.0032008115103184798,0.5896791025823874,0.5554333712714951,2524,2354,0.9656120029518516,False
mldst-motion,globalsplit,0.00098019932526483,0.18006117592253734,0.8571117245207099,2561,2527,0.9870002285963028,False
mldst-motion,lowerswitch,0.010871900919439292,1.983562636158148,0.04735846008022573,2469,2610,0.7216176251912994,False
mldst-motion,early-cse-memssa,-0.004730779164485055,-1.098789582717891,0.27191288145857795,2489,2511,0.9261097314091098,False
mldst-motion,simple-loop-unswitch,0.0011977762236603517,0.21983715995142938,0.826006966896846,2482,2512,0.9862005430341109,False
mldst-motion,loop-versioning,-0.008942833003071304,-1.5428069750050137,0.12294064793466629,2538,2487,0.8389655755993107,False
mldst-motion,loop-flatten,-0.0128260323879279,-2.3820579327823626,0.017253107297417573,2553,2498,0.5583732907164233,False
mldst-motion,loop-reroll,0.009517355074075029,1.78842708506414,0.07376805062260318,2412,2569,0.7755094798410511,False
mldst-motion,loop-instsimplify,0.0005520025726700739,0.10196972880448953,0.9187847491648136,2510,2545,0.9897292090133071,False
mldst-motion,loop-simplifycfg,-0.009346132696447795,-1.6935943392682433,0.09040549946379534,2458,2494,0.7987384440285578,False
mldst-motion,loop-predication,0.0003104347444290445,0.05662175054380301,0.9548487397978465,2553,2519,0.9932346158623248,False
mldst-motion,speculative-execution,-0.0023961097508793383,-0.4468575544642392,0.6549968394008353,2578,2537,0.9715957741718303,False
mldst-motion,partially-inline-libcalls,0.012530485400588598,2.3140093218632725,0.020707167031388776,2551,2520,0.5918038420417597,False
mldst-motion,load-store-vectorizer,-0.0014913402723198965,-0.28005460196090626,0.7794471223587085,2550,2486,0.9819797179926498,False
mldst-motion,iroutliner,0.0012324642084184378,0.23304935639345029,0.8157323061150841,2567,2605,0.9862005430341109,False
mldst-motion,global-merge,0.009188537851163858,1.6990792850758825,0.08936592842860361,2515,2536,0.7987384440285578,False
mldst-motion,break-crit-edges,0.004226530231652037,0.7769702932924971,0.4372132490230067,2526,2476,0.9521985639861301,False
mldst-motion,unreachableblockelim,0.0008069762177431716,0.1520663920247961,0.879140721173929,2441,2551,0.9878311966791359,False
slsr,loop-interchange,-0.0011127800253155073,-0.20360116634161088,0.8386733493026409,2553,2527,0.9862005430341109,False
slsr,loop-fusion,-0.0053009554695870875,-0.9890395760732745,0.32269098239418587,2529,2572,0.9342495346719147,False
slsr,loop-distribute,-0.006445984002412919,-1.1319612501622534,0.25770462178299314,2508,2530,0.9237088064321658,False
slsr,loop-load-elim,-0.0001920181545862487,-0.03554115374649932,0.9716496269898849,2542,2546,0.9932346158623248,False
slsr,loop-sink,0.0006520154020648317,0.11810520139746536,0.9059889641110138,2563,2530,0.9889544369739047,False
slsr,loop-unroll-and-jam,0.0009574669045896989,0.17993262587750428,0.857212621207998,2534,2560,0.9870002285963028,False
slsr,hotcoldsplit,0.00027188056501037394,0.05115941314238925,0.9592005025614083,2568,2521,0.9932346158623248,False
slsr,irce,-0.008731921522762587,-1.591921298573999,0.11146612775182409,2482,2513,0.807667048880857,False
slsr,nary-reassociate,0.004310567172028212,0.7879120643537924,0.43078525929220085,2502,2544,0.947727570442842,False
slsr,scalarizer,-0.011401369304463005,-2.001170475989614,0.04542738823812494,2463,2598,0.7093283140586943,False
slsr,vector-combine,0.011084532511772771,2.058016944191019,0.03964038374922836,2508,2483,0.6893372254732842,False
slsr,always-inline,0.0060284662680791246,1.098026829815025,0.2722455663103641,2541,2475,0.9261097314091098,False
slsr,globalsplit,0.003189264049680174,0.5795130318971338,0.5622694098258414,2483,2473,0.9656120029518516,False
slsr,lowerswitch,-0.006381268253384753,-1.1866101001766023,0.23543645382770706,2565,2562,0.923462493379908,False
slsr,early-cse-memssa,0.0012517977303926342,0.2903712222282031,0.7715441750072315,2545,2563,0.9819797179926498,False
slsr,simple-loop-unswitch,-0.0010897628428315764,-0.20939517135899977,0.8341480685549458,2598,2539,0.9862005430341109,False
slsr,loop-versioning,-0.0029270966251195296,-0.5190220032063663,0.6037684689270226,2498,2488,0.9663854998208667,False
slsr,loop-flatten,-0.00518359485246922,-0.9461480312156183,0.34411857206211294,2545,2484,0.9362139119162718,False
slsr,loop-reroll,-0.006505421483382401,-1.1867443251390672,0.2353859910137104,2454,2457,0.923462493379908,False
slsr,loop-instsimplify,-0.0007626143725747991,-0.13908811383361974,0.8893860692981826,2477,2573,0.9878981187095685,False
slsr,loop-simplifycfg,-0.006399298570835543,-1.1728347363025022,0.24091745459728964,2553,2499,0.923462493379908,False
slsr,loop-predication,0.0005418731808113364,0.10020406397800262,0.9201863974394414,2494,2457,0.9897292090133071,False
slsr,speculative-execution,0.005200702639115151,0.9643703655304828,0.3349060452490316,2532,2566,0.9362139119162718,False
slsr,partially-inline-libcalls,-0.008099548558877456,-1.4595965758644793,0.1444644015777213,2495,2461,0.8811890442954267,False
slsr,load-store-vectorizer,0.00750585186336461,1.3311782618609922,0.1831924480535468,2513,2429,0.8936246540017126,False
slsr,iroutliner,-0.007850876866921763,-1.4549847038028607,0.14573583127429668,2499,2550,0.8825861989128816,False
slsr,global-merge,-0.010517767808587819,-1.9215613348360219,0.05471818766241637,2425,2549,0.754611189830786,False
slsr,break-crit-edges,0.007978262711283102,1.4275430988688702,0.15348647935182108,2454,2499,0.8871198774506207,False
slsr,unreachableblockelim,0.013766041356491843,2.4827771815502344,0.013068502723679052,2555,2528,0.4930388295009512,False
loop-interchange,loop-fusion,-0.01121013651596009,-2.037303485370086,0.04167234162710585,2493,2496,0.6893372254732842,False
loop-interchange,loop-distribute,0.008249165145415183,1.5330336130594793,0.12533065927619938,2569,2490,0.8389655755993107,False
loop-interchange,loop-load-elim,0.003832222121689488,0.7180087245973237,0.47278499963812565,2535,2537,0.9576122218629731,False
loop-interchange,loop-sink,-0.004722851214470913,-0.8597727685459041,0.38995619296038536,2443,2481,0.9387788987599427,False
loop-interchange,loop-unroll-and-jam,-8.193586990040691e-05,-0.015643505477976667,0.9875194024902034,2568,2593,0.9951603379292009,False
loop-interchange,hotcoldsplit,0.009417410810177496,1.7271002805210953,0.08421266375737209,2450,2453,0.797365724520007,False
loop-interchange,irce,-0.00926765503552407,-1.6906254769501428,0.09096970021367129,2550,2534,0.7987384440285578,False
loop-interchange,nary-reassociate,0.00426618134857959,0.7919009399568542,0.42845575552903725,2498,2541,0.9476724624063392,False
loop-interchange,scalarizer,-0.005030879581423675,-0.9185990586347633,0.35834996580995454,2484,2481,0.9362139119162718,False
loop-interchange,vector-combine,0.008899260995240521,1.6223305590838224,0.10479602676001291,2407,2589,0.8039373143348778,False
loop-interchange,always-inline,-8.621789640794741e-05,-0.01552044046863946,0.9876175965433015,2553,2454,0.9951603379292009,False
loop-interchange,globalsplit,0.0050417957076389075,0.9201013742214669,0.35756369335658666,2504,2553,0.9362139119162718,False
loop-interchange,lowerswitch,0.011048788781803764,2.028632282426911,0.04254895133892026,2475,2509,0.6893372254732842,False
loop-interchange,early-cse-memssa,0.00412244953702906,0.9372361581497384,0.34868241595371413,2481,2523,0.9362139119162718,False
loop-interchange,simple-loop-unswitch,0.0009620251513757783,0.1753759418348291,0.8607913509085933,2452,2552,0.9870002285963028,False
loop-interchange,loop-versioning,0.0006905461997261941,0.12066900595137856,0.9039579804534316,2475,2627,0.9889544369739047,False
loop-interchange,loop-flatten,0.0034715631776954803,0.6261352976761374,0.5312549664767222,2548,2423,0.9656120029518516,False
loop-interchange,loop-reroll,-0.016843306572725647,-3.0469452208603287,0.0023238527161952892,2523,2484,0.21163272643304076,False
loop-interchange,loop-instsimplify,0.005631689228580261,1.0117685170371515,0.3116983274405855,2583,2446,0.9261097314091098,False
loop-interchange,loop-simplifycfg,-0.0005224751137272721,-0.09591271009902662,0.9235938017644041,2466,2470,0.9897292090133071,False
loop-interchange,loop-predication,0.003644863701351475,0.6500641964190504,0.5156810106691878,2483,2455,0.9619849369394112,False
loop-interchange,speculative-execution,-0.0009600873032287183,-0.17694398018721424,0.8595595297734689,2513,2517,0.9870002285963028,False
loop-interchange,partially-inline-libcalls,-0.003479202746561716,-0.6116033572606758,0.5408278408446118,2534,2503,0.9656120029518516,False
loop-interchange,load-store-vectorizer,-0.010622944410453639,-1.9686760856927326,0.049045606370296105,2488,2502,0.7330633379621356,False
loop-interchange,iroutliner,0.003219452506735332,0.6155777536880811,0.5382018309057577,2468,2438,0.9656120029518516,False
loop-interchange,global-merge,-0.0021110507761291086,-0.37816057102895984,0.7053273801078485,2503,2497,0.9802307257169508,False
loop-interchange,break-crit-edges,0.004983635140695386,0.9159544857333156,0.35973485529902793,2504,2517,0.9362139119162718,False
loop-interchange,unreachableblockelim,-0.006594624240650826,-1.1992192636778582,0.23049989434352663,2453,2532,0.923462493379908,False
loop-fusion,loop-distribute,-0.004858273428400561,-0.8578610196183978,0.39101187278601107,2371,2480,0.9387788987599427,False
loop-fusion,loop-load-elim,-0.0176651960579271,-3.202430523644797,0.0013713023859923703,2481,2603,0.14114808586632965,False
loop-fusion,loop-sink,0.005672770758020196,1.0349163248964328,0.3007580237796602,2501,2519,0.9261097314091098,False
loop-fusion,loop-unroll-and-jam,0.003054618043965729,0.5681276393215761,0.5699734516795667,2552,2530,0.9656120029518516,False
loop-fusion,hotcoldsplit,-0.0011918795108248337,-0.21228882797947057,0.8318904301534675,2468,2511,0.9862005430341109,False
loop-fusion,irce,-0.000632840644720134,-0.11460141328591386,0.9087655899508105,2521,2564,0.9894640947834158,False
loop-fusion,nary-reassociate,0.0013739131491450896,0.25994909455667253,0.7949135572048814,2543,2548,0.9819797179926498,False
loop-fusion,scalarizer,0.0010736226526171233,0.19853941801664132,0.842630994269088,2491,2610,0.9862005430341109,False
loop-fusion,vector-combine,-0.007960896076536939,-1.4873412150440959,0.13698578063937106,2588,2577,0.8666176364842925,False
loop-fusion,always-inline,-0.002810048356736039,-0.5280910348614232,0.5974591467019075,2561,2544,0.9663854998208667,False
loop-fusion,globalsplit,0.007106163700019097,1.27020620392397,0.2040697220219276,2523,2530,0.9043095579539925,False
loop-fusion,lowerswitch,-0.002280319566347111,-0.4084855254862679,0.6829351951409575,2475,2403,0.9774759591271891,False
loop-fusion,early-cse-memssa,0.0008832604245124775,0.20384350444444255,0.8384838314085389,2528,2659,0.9862005430341109,False
loop-fusion,simple-loop-unswitch,0.003188268753739232,0.5780695199575018,0.5632434749794285,2493,2460,0.9656120029518516,False
loop-fusion,loop-versioning,-0.0014945090468115874,-0.26945394371622855,0.7875913829690515,2549,2506,0.9819797179926498,False
loop-fusion,loop-flatten,-0.002020191308298447,-0.3788528492701378,0.7048130459139618,2538,2529,0.9802307257169508,False
loop-fusion,loop-reroll,-0.00390516673858482,-0.6914363146961148,0.48932407970678615,2463,2490,0.959250210099802,False
loop-fusion,loop-instsimplify,0.007363942885494967,1.392361178057859,0.1638758593906018,2439,2494,0.8886940441949083,False
loop-fusion,loop-simplifycfg,0.006873315900059851,1.315656092484654,0.1883490244198645,2585,2510,0.8946881968616551,False
loop-fusion,loop-predication,-0.0005671316789905845,-0.10613499331947625,0.9154794571070107,2566,2498,0.9897292090133071,False
loop-fusion,speculative-execution,0.007281807884982894,1.2933516178042408,0.19594902495037067,2486,2533,0.9004139838184037,False
loop-fusion,partially-inline-libcalls,-0.00023079352489863147,-0.042996003831555406,0.9657064641797654,2482,2440,0.9932346158623248,False
loop-fusion,load-store-vectorizer,-0.003656369542059501,-0.6538330000729752,0.5132496495345512,2506,2470,0.9617601825968374,False
loop-fusion,iroutliner,-0.00032592428117450556,-0.06219725739998229,0.950408222169614,2476,2548,0.9931662807812082,False
loop-fusion,global-merge,0.008347671612550345,1.523754461220613,0.12763345272035884,2505,2486,0.842321966054791,False
loop-fusion,break-crit-edges,0.0022913960665842947,0.4209356769512091,0.6738200847914398,2510,2510,0.9754681153759602,False
loop-fusion,unreachableblockelim,-0.008763131683239944,-1.6061592948162895,0.10830275865804612,2496,2456,0.8039373143348778,False
loop-distribute,loop-load-elim,0.002677631056747787,0.48938335589875687,0.6245922337091874,2514,2392,0.9663854998208667,False
loop-distribute,loop-sink,-0.008049606132344345,-1.4765886191733668,0.1398500558637873,2431,2490,0.8688528143101889,False
loop-distribute,loop-unroll-and-jam,-0.00047362989810428857,-0.08764867721597805,0.9301594549683015,2434,2523,0.9901814842231369,False
loop-distribute,hotcoldsplit,0.004311303395520938,0.7989744376067551,0.4243423167309167,2553,2571,0.9436255038718171,False
loop-distribute,irce,0.0025593345594628336,0.4730000549828249,0.6362334469973723,2547,2539,0.9663854998208667,False
loop-distribute,nary-reassociate,-0.002699038831631695,-0.4862057372218597,0.6268427836639938,2507,2458,0.9663854998208667,False
loop-distribute,scalarizer,0.0012751247419586775,0.23111349061363856,0.8172360330668546,2526,2507,0.9862005430341109,False
loop-distribute,vector-combine,0.0070941303523187615,1.2810893201258517,0.20022141642904898,2488,2539,0.9004139838184037,False
loop-distribute,always-inline,-0.0015392798066504176,-0.2780586093306616,0.7809787155471409,2512,2556,0.9819797179926498,False
loop-distribute,globalsplit,-0.007747139569137751,-1.429788630665136,0.15283953066251377,2514,2540,0.8871198774506207,False
loop-distribute,lowerswitch,0.0033389372771623904,0.5928488642492716,0.5533096220989798,2438,2472,0.9656120029518516,False
loop-distribute,early-cse-memssa,0.003005572302066495,0.7332258101292509,0.4634544052406021,2539,2567,0.9576122218629731,False
loop-distribute,simple-loop-unswitch,-0.0037569374177160997,-0.6812988145427251,0.49571405347211966,2531,2463,0.959250210099802,False
loop-distribute,loop-versioning,0.00032978195815602795,0.05700205108959513,0.9545458094110639,2521,2547,0.9932346158623248,False
loop-distribute,loop-flatten,0.002304976989621732,0.42863374303570534,0.6682082496380688,2479,2533,0.975141818497267,False
loop-distribute,loop-reroll,-0.002544444422776182,-0.46706641975862323,0.6404727252010479,2475,2531,0.9663854998208667,False
loop-distribute,loop-instsimplify,-0.0014968938433874701,-0.2732572783425507,0.7846668727003611,2463,2534,0.9819797179926498,False
loop-distribute,loop-simplifycfg,-0.002861019849571267,-0.5354404603736815,0.5923690665188628,2535,2489,0.9663854998208667,False
loop-distribute,loop-predication,0.002748954737200271,0.5113944351113102,0.6090973025560535,2566,2476,0.9663854998208667,False
loop-distribute,speculative-execution,0.003978026525948253,0.7257494947777284,0.46802594104587064,2499,2562,0.9576122218629731,False
loop-distribute,partially-inline-libcalls,0.0019081478186677714,0.3523549858755286,0.7245867625879338,2540,2511,0.9819797179926498,False
loop-distribute,load-store-vectorizer,0.00840142408980532,1.5555883864891922,0.11986921949117853,2553,2459,0.8293425150661751,False
loop-distribute,iroutliner,0.003746254905713675,0.7115798296364899,0.4767579951885242,2499,2534,0.9576122218629731,False
loop-distribute,global-merge,-0.0037390647374574426,-0.6786096651477077,0.4974164012418559,2518,2525,0.959250210099802,False
loop-distribute,break-crit-edges,0.000449028441165622,0.08070948023079888,0.9356762213090595,2511,2508,0.9908026409910448,False
loop-distribute,unreachableblockelim,-0.0009976708087141573,-0.18394276038495566,0.8540657316072039,2502,2559,0.9870002285963028,False
loop-load-elim,loop-sink,-0.008793524760229487,-1.6345930600827954,0.10219736486351293,2519,2481,0.8039373143348778,False
loop-load-elim,loop-unroll-and-jam,0.009238281708074336,1.707528925001843,0.0877859480319631,2535,2479,0.7987384440285578,False
loop-load-elim,hotcoldsplit,0.0016335282128688289,0.3007609017616991,0.7636094656231203,2466,2483,0.9819797179926498,False
loop-load-elim,irce,-0.008639021395690782,-1.6043484786775355,0.10870037400582332,2513,2511,0.8039373143348778,False
loop-load-elim,nary-reassociate,0.0006345317088504165,0.11586204804210526,0.9077666448074587,2432,2459,0.9890968784268247,False
loop-load-elim,scalarizer,-0.005841918109501021,-1.0804323460517264,0.28000089976474435,2555,2544,0.9261097314091098,False
loop-load-elim,vector-combine,0.0006459277063952107,0.12172920260316238,0.9031184134415108,2553,2422,0.9889544369739047,False
loop-load-elim,always-inline,-0.0007406436633660696,-0.13690518263466853,0.8911111798872549,2545,2526,0.9878981187095685,False
loop-load-elim,globalsplit,-0.004599424277455133,-0.8343355530997112,0.4041313093097118,2552,2510,0.938921317022563,False
loop-load-elim,lowerswitch,-0.006159352874133106,-1.1047932675460477,0.2693019423285793,2561,2488,0.9261097314091098,False
loop-load-elim,early-cse-memssa,0.0022752111668492003,0.5319121897119519,0.5948108500446481,2527,2404,0.9663854998208667,False
loop-load-elim,simple-loop-unswitch,0.012055077768697131,2.186733468272702,0.028806785311695678,2545,2624,0.6358844367825872,False
loop-load-elim,loop-versioning,0.004709313862141629,0.820443184803857,0.41200226224892655,2489,2560,0.938921317022563,False
loop-load-elim,loop-flatten,0.002197573671687325,0.39185070855320825,0.6951856566960419,2393,2483,0.9802307257169508,False
loop-load-elim,loop-reroll,-0.005192126473007652,-0.9477425049902463,0.34330655053025094,2485,2498,0.9362139119162718,False
loop-load-elim,loop-instsimplify,-0.0016342721865540977,-0.30890247127797005,0.7574082140672935,2594,2559,0.9819797179926498,False
loop-load-elim,loop-simplifycfg,-0.003426815131592209,-0.6438417040109568,0.5197079501183678,2523,2430,0.9631045171917473,False
loop-load-elim,loop-predication,-0.006510552047771789,-1.168667433434836,0.2425930878583226,2516,2535,0.923462493379908,False
loop-load-elim,speculative-execution,-0.000492458049706157,-0.09068786624415437,0.9277441025360333,2645,2561,0.9898271274249525,False
loop-load-elim,partially-inline-libcalls,0.006630232663072,1.2089604156350793,0.22673485615971578,2531,2534,0.9232760696075548,False
loop-load-elim,load-store-vectorizer,-0.005602145586454554,-1.023209427659477,0.3062578443483897,2514,2539,0.9261097314091098,False
loop-load-elim,iroutliner,0.003028280866407662,0.5687210840848299,0.5695708612788217,2502,2527,0.9656120029518516,False
loop-load-elim,global-merge,-0.00904357863693278,-1.6629136105042441,0.09639198293623563,2525,2542,0.7990395200215817,False
loop-load-elim,break-crit-edges,0.004000410652799158,0.7485072261885857,0.4541881244720729,2549,2664,0.956782840636894,False
loop-load-elim,unreachableblockelim,0.0002326704319809969,0.04275935840771397,0.9658950736962808,2534,2461,0.9932346158623248,False
loop-sink,loop-unroll-and-jam,-0.007193639739815294,-1.3331319694385826,0.18254809087831048,2663,2440,0.8936246540017126,False
loop-sink,hotcoldsplit,0.008952142750743297,1.6451794975143923,0.09999561173990902,2527,2490,0.7990395200215817,False
loop-sink,irce,-0.0009135955449550148,-0.1689970672754766,0.8658057554047532,2475,2565,0.9871386789273737,False
loop-sink,nary-reassociate,0.004347861219577143,0.8121389035629487,0.4167503260977589,2607,2451,0.938921317022563,False
loop-sink,scalarizer,-0.009812764750432135,-1.7535602268476593,0.07956639396142355,2540,2534,0.7928295133662459,False
loop-sink,vector-combine,-0.001184771509389393,-0.21767581730008922,0.8276906979794091,2503,2457,0.9862005430341109,False
loop-sink,always-inline,-0.003456256426665527,-0.6286419581423195,0.5296114325584597,2582,2559,0.9656120029518516,False
loop-sink,globalsplit,0.002840402897222538,0.5188095799509519,0.6039166224223587,2431,2549,0.9663854998208667,False
loop-sink,lowerswitch,-0.0071315564971566325,-1.2853454084524547,0.1987307638039079,2437,2606,0.9004139838184037,False
loop-sink,early-cse-memssa,0.002163693201106043,0.5165550476150317,0.6054892411780658,2541,2555,0.9663854998208667,False
loop-sink,simple-loop-unswitch,-0.0005825318287813186,-0.10545750418839507,0.9160169915607556,2533,2502,0.9897292090133071,False
loop-sink,loop-versioning,-0.003827926339644072,-0.6776950925147445,0.4979968532004335,2443,2516,0.959250210099802,False
loop-sink,loop-flatten,-0.0035748649913182606,-0.6607389247728355,0.5088103521096928,2458,2519,0.9617601825968374,False
loop-sink,loop-reroll,0.00038166595549254945,0.06987656867898179,0.9442947042622329,2473,2522,0.993162990687176,False
loop-sink,loop-instsimplify,0.0022164860526258656,0.41690601956712525,0.6767647297567535,2532,2561,0.9757415586496205,False
loop-sink,loop-simplifycfg,0.000924317313131251,0.17442723343427213,0.8615366203960236,2559,2555,0.9870002285963028,False
loop-sink,loop-predication,0.003933222473564146,0.7342050831953462,0.46285780829666673,2457,2609,0.9576122218629731,False
loop-sink,speculative-execution,-0.0035453042122251532,-0.6596030643018347,0.5095382797005082,2543,2581,0.9617601825968374,False
loop-sink,partially-inline-libcalls,0.0022759124419526877,0.41606237472562163,0.677382598250001,2423,2475,0.9757415586496205,False
loop-sink,load-store-vectorizer,-0.00225505920713176,-0.40528125162581236,0.6852880746244479,2534,2503,0.9784259238619564,False
loop-sink,iroutliner,0.005246195693276334,0.9642790262649454,0.3349535927726194,2468,2441,0.9362139119162718,False
loop-sink,global-merge,0.0019134838589363046,0.3505106222685796,0.7259705133972686,2473,2464,0.9819797179926498,False
loop-sink,break-crit-edges,0.010957547584564742,2.02828687303904,0.04258309829083205,2531,2554,0.6893372254732842,False
loop-sink,unreachableblockelim,0.0027539804703204385,0.5044239507708402,0.6139850519809664,2577,2587,0.9663854998208667,False
loop-unroll-and-jam,hotcoldsplit,0.013118255590844508,2.4261411333072442,0.015295203889633655,2501,2540,0.5245017787144132,False
loop-unroll-and-jam,irce,0.0020825882610092106,0.37672978929537115,0.7063904666159997,2445,2541,0.9802307257169508,False
loop-unroll-and-jam,nary-reassociate,0.00861660062185382,1.6033054664096036,0.10892970733457573,2553,2517,0.8039373143348778,False
loop-unroll-and-jam,scalarizer,0.0024243909276684406,0.4292717725224108,0.667743577720728,2494,2614,0.975141818497267,False
loop-unroll-and-jam,vector-combine,0.002979609412482709,0.5432242958055744,0.5869998648078092,2493,2466,0.9663854998208667,False
loop-unroll-and-jam,always-inline,0.00020609370180518782,0.0377181450032793,0.969913899565438,2498,2564,0.9932346158623248,False
loop-unroll-and-jam,globalsplit,0.005476134763808982,0.9988677063321467,0.3179063021295227,2554,2534,0.9318271550443195,False
loop-unroll-and-jam,lowerswitch,-0.0092701694756675,-1.712147388790203,0.08693031741128164,2562,2539,0.7987384440285578,False
loop-unroll-and-jam,early-cse-memssa,0.011036799249142248,2.5605203582889424,0.010480787828465784,2493,2489,0.45603072373635567,False
loop-unroll-and-jam,simple-loop-unswitch,-0.004467409232386754,-0.8213710999160595,0.41147309310263824,2546,2590,0.938921317022563,False
loop-unroll-and-jam,loop-versioning,0.009421955073306731,1.6670970206946087,0.095558086291343,2536,2451,0.7990395200215817,False
loop-unroll-and-jam,loop-flatten,0.0031319607332039867,0.5792685230331193,0.5624344095149908,2499,2447,0.9656120029518516,False
loop-unroll-and-jam,loop-reroll,-0.0028918938519279513,-0.541724939331116,0.5880321161030355,2527,2481,0.9663854998208667,False
loop-unroll-and-jam,loop-instsimplify,-0.005377092816817974,-0.9716486828034258,0.3312719176447315,2536,2523,0.9362139119162718,False
loop-unroll-and-jam,loop-simplifycfg,-0.01984397068582716,-3.6348260549086677,0.0002809882627189655,2508,2494,0.03794310471749893,True
loop-unroll-and-jam,loop-predication,-0.0009449345550593957,-0.17443536654478214,0.8615302806729894,2578,2502,0.9870002285963028,False
loop-unroll-and-jam,speculative-execution,-0.006917457124728854,-1.2391150749311266,0.215361979022507,2478,2496,0.9053769260213016,False
loop-unroll-and-jam,partially-inline-libcalls,-0.006583927521441102,-1.1894455792796927,0.23432189052115246,2433,2493,0.923462493379908,False
loop-unroll-and-jam,load-store-vectorizer,0.016286358742598428,2.922036408877592,0.0034935945694074323,2474,2394,0.25813049686414163,False
loop-unroll-and-jam,iroutliner,-0.004315847248430982,-0.8188669837406323,0.4128996510231765,2603,2631,0.938921317022563,False
loop-unroll-and-jam,global-merge,0.011149767103958319,2.041943509747715,0.04121007711879266,2492,2461,0.6893372254732842,False
loop-unroll-and-jam,break-crit-edges,0.0015358163031503613,0.2741419942720836,0.7839870121847614,2413,2509,0.9819797179926498,False
loop-unroll-and-jam,unreachableblockelim,0.0014248556337029816,0.25677728021860297,0.7973612565739407,2497,2514,0.9822166343955809,False
hotcoldsplit,irce,0.008963252593106652,1.6987695536584635,0.0894249033038362,2540,2472,0.7987384440285578,False
hotcoldsplit,nary-reassociate,0.010985234014562917,2.056441024848553,0.03979156573296567,2490,2538,0.6893372254732842,False
hotcoldsplit,scalarizer,-9.763782875454874e-05,-0.01745109805426128,0.9860774541196963,2494,2418,0.9951603379292009,False
hotcoldsplit,vector-combine,-0.0044493434648235075,-0.7919172983635628,0.4284473862750716,2395,2490,0.9476724624063392,False
hotcoldsplit,always-inline,-0.002517331767403097,-0.45893214098309365,0.6463026229275441,2584,2491,0.9675808991214881,False
hotcoldsplit,globalsplit,-0.0031396060851046625,-0.5652073303757655,0.5719580023718095,2545,2496,0.9656120029518516,False
hotcoldsplit,lowerswitch,0.009977310809490547,1.8776231107250771,0.06049007013497034,2570,2513,0.7562094447666504,False
hotcoldsplit,early-cse-memssa,0.006646545189107844,1.5639567717638643,0.11789175945462006,2462,2495,0.8239376317623441,False
hotcoldsplit,simple-loop-unswitch,-0.002476213955536266,-0.447722281435945,0.6543727096483272,2544,2544,0.9715957741718303,False
hotcoldsplit,loop-versioning,-0.004610960050323909,-0.822119121707038,0.4110480636628289,2510,2523,0.938921317022563,False
hotcoldsplit,loop-flatten,0.0029713999936826774,0.5391858071051931,0.5897828268804783,2475,2493,0.9663854998208667,False
hotcoldsplit,loop-reroll,-0.002873272879968025,-0.5320246422091855,0.5947328923507678,2463,2471,0.9663854998208667,False
hotcoldsplit,loop-instsimplify,-0.0056801682368924356,-1.0698891976837306,0.284719771344222,2585,2522,0.9261097314091098,False
hotcoldsplit,loop-simplifycfg,0.008787015912840868,1.628869839845073,0.10340266146681956,2528,2562,0.8039373143348778,False
hotcoldsplit,loop-predication,-0.0065955844108134265,-1.19541365836636,0.23198384480598397,2466,2391,0.923462493379908,False
hotcoldsplit,speculative-execution,-0.0033886690136942232,-0.6279772544306726,0.5300472155042029,2499,2571,0.9656120029518516,False
hotcoldsplit,partially-inline-libcalls,-1.5507321338315005e-05,-0.0028406278269347777,0.9977336216674533,2522,2567,0.9995364665178008,False
hotcoldsplit,load-store-vectorizer,-0.001082796997074753,-0.19094383133161366,0.8485774549913425,2469,2492,0.9870002285963028,False
hotcoldsplit,iroutliner,-0.0034311662641489105,-0.64351604269263,0.5199190371152589,2512,2454,0.9631045171917473,False
hotcoldsplit,global-merge,-0.010864725880425419,-1.9071593179691628,0.056558438832662525,2414,2569,0.754611189830786,False
hotcoldsplit,break-crit-edges,0.012720225774437988,2.3096594924377287,0.020948921089601513,2431,2426,0.5918038420417597,False
hotcoldsplit,unreachableblockelim,0.0022887092607317694,0.4180830161082363,0.6759042056154098,2545,2508,0.9754681153759602,False
irce,nary-reassociate,0.0005412236452830843,0.0981800366067436,0.9217932170055558,2540,2534,0.9897292090133071,False
irce,scalarizer,0.004567977119230238,0.7874160613992669,0.4310758986718768,2415,2557,0.9478344857939751,False
irce,vector-combine,-0.005064358866219365,-0.9265644869841084,0.3541968453403006,2541,2528,0.9362139119162718,False
irce,always-inline,-0.006114546520076702,-1.1054577453980987,0.26901373877900037,2515,2570,0.9261097314091098,False
irce,globalsplit,-0.0008189906906177491,-0.1462403695613456,0.8837375954943851,2519,2447,0.9878981187095685,False
irce,lowerswitch,-0.0005240552983881708,-0.0992129232663522,0.9209731644523832,2475,2570,0.9897292090133071,False
irce,early-cse-memssa,-0.00124272701297512,-0.2701150396517859,0.7870831320135785,2503,2397,0.9819797179926498,False
irce,simple-loop-unswitch,0.0028360365360409756,0.5346868673906713,0.5928899201768973,2500,2565,0.9663854998208667,False
irce,loop-versioning,0.006055193749148535,1.0857171713485145,0.2776559864076663,2487,2564,0.9261097314091098,False
irce,loop-flatten,-0.001421395272360626,-0.26182342763069594,0.7934681860385637,2503,2583,0.9819797179926498,False
irce,loop-reroll,0.006304381036944029,1.1581060501340654,0.2468770182692836,2486,2462,0.923462493379908,False
irce,loop-instsimplify,0.0027070004072712317,0.4863319368050238,0.626753497890375,2463,2469,0.9663854998208667,False
irce,loop-simplifycfg,0.002800624064982271,0.5299031232055792,0.5962024602837382,2496,2546,0.9663854998208667,False
irce,loop-predication,0.001710855964183966,0.3114383495665862,0.7554803768593332,2485,2523,0.9819797179926498,False
irce,speculative-execution,-0.0011326048550906465,-0.2068673196142531,0.8361218525354588,2570,2478,0.9862005430341109,False
irce,partially-inline-libcalls,-0.0069578348880896534,-1.283851901218788,0.19925433165976092,2423,2500,0.9004139838184037,False
irce,load-store-vectorizer,-0.004864656655622357,-0.8850465282398147,0.3761731096172998,2559,2563,0.9372979316317167,False
irce,iroutliner,-0.0011330896727189677,-0.21220988321515308,0.8319519611870159,2523,2472,0.9862005430341109,False
irce,global-merge,0.007286065081534121,1.3271036500226085,0.18453513789193143,2511,2503,0.8936246540017126,False
irce,break-crit-edges,-0.003916600418064686,-0.714016215796627,0.47525026913886176,2500,2536,0.9576122218629731,False
irce,unreachableblockelim,-0.0001965682916040823,-0.036743275463013855,0.9706911543677359,2603,2487,0.9932346158623248,False
nary-reassociate,scalarizer,-0.005040145561107157,-0.8619305757472696,0.38876714438974,2463,2602,0.9387788987599427,False
nary-reassociate,vector-combine,-0.003746634384430958,-0.6887742576469549,0.4909974490436723,2491,2512,0.959250210099802,False
nary-reassociate,always-inline,0.0012877932092397182,0.23352518550511214,0.8153630489915759,2580,2513,0.9862005430341109,False
nary-reassociate,globalsplit,-0.0046383732838079506,-0.8275398885240101,0.40797076294999035,2517,2470,0.938921317022563,False
nary-reassociate,lowerswitch,-0.004899756236808828,-0.9007292944832307,0.3677752948612058,2615,2429,0.9362139119162718,False
nary-reassociate,early-cse-memssa,-0.0017464594924800902,-0.41502204341908483,0.6781434862098816,2617,2466,0.9757415586496205,False
nary-reassociate,simple-loop-unswitch,0.007581443157206436,1.3761791020217906,0.16882793685222872,2491,2507,0.8936246540017126,False
nary-reassociate,loop-versioning,-0.014583719177041765,-2.5331289873284866,0.011335526273129328,2515,2455,0.4773109772642414,False
nary-reassociate,loop-flatten,0.006114863547194815,1.1024476393317588,0.2703199827373325,2447,2589,0.9261097314091098,False
nary-reassociate,loop-reroll,0.00329578074028114,0.606383956543043,0.5442875235277691,2513,2461,0.9656120029518516,False
nary-reassociate,loop-instsimplify,0.006453995683690095,1.1674150576132292,0.243098735534179,2522,2473,0.923462493379908,False
nary-reassociate,loop-simplifycfg,0.0013816091909059636,0.2533329408866088,0.8000212533722372,2581,2478,0.9836368063440127,False
nary-reassociate,loop-predication,-0.0022654350258319855,-0.4220614406830509,0.6729982235720848,2490,2548,0.9754681153759602,False
nary-reassociate,speculative-execution,-0.007970807352266074,-1.4560501932667653,0.14544106999774042,2534,2508,0.8825861989128816,False
nary-reassociate,partially-inline-libcalls,-0.004257665034742564,-0.7744128651285824,0.43872361148350075,2525,2437,0.9534082478187509,False
nary-reassociate,load-store-vectorizer,0.0008793328233323572,0.15713888469106027,0.8751418072197182,2482,2466,0.9878311966791359,False
nary-reassociate,iroutliner,0.0007055720096964535,0.13318449117116488,0.8940527325018095,2540,2560,0.9881490026644629,False
nary-reassociate,global-merge,0.002575424127537085,0.4753839828041556,0.6345338929031346,2509,2543,0.9663854998208667,False
nary-reassociate,break-crit-edges,0.004385734009258457,0.8108775849637619,0.41747427936259074,2529,2515,0.938921317022563,False
nary-reassociate,unreachableblockelim,-0.0006945151516027925,-0.13115957050374116,0.8956542919847291,2540,2522,0.9881490026644629,False
scalarizer,vector-combine,0.007752860743180212,1.4247199310607583,0.15429937425032722,2573,2540,0.8871198774506207,False
scalarizer,always-inline,-0.003886039955904974,-0.6767486638635969,0.4985964658860305,2477,2575,0.9596467930029289,False
scalarizer,globalsplit,-0.0032406461185049418,-0.5909365330295818,0.554589955565271,2442,2511,0.9656120029518516,False
scalarizer,lowerswitch,-0.0040369073140638645,-0.6950774210876818,0.4870389354910656,2478,2547,0.959250210099802,False
scalarizer,early-cse-memssa,0.000672045126777987,0.15892761715863327,0.8737323410396032,2545,2469,0.9878311966791359,False
scalarizer,simple-loop-unswitch,-0.00980621985584268,-1.8170816780000698,0.06926338693307889,2582,2510,0.7648169515258737,False
scalarizer,loop-versioning,-0.0024123160106734876,-0.4274796369619474,0.6690482883760581,2471,2571,0.975141818497267,False
scalarizer,loop-flatten,0.0018114185221652646,0.3247347367456511,0.7453952414032516,2510,2572,0.9819797179926498,False
scalarizer,loop-reroll,0.016576746644261398,2.9821370733867028,0.002876278108379607,2475,2528,0.22986745045743961,False
scalarizer,loop-instsimplify,-0.008862921924356226,-1.6145198754531382,0.10647632647675813,2564,2559,0.8039373143348778,False
scalarizer,loop-simplifycfg,0.009215558413851077,1.6555242288228822,0.09788175299718288,2474,2467,0.7990395200215817,False
scalarizer,loop-predication,0.007251152384951609,1.2897570371154148,0.19719407141314899,2577,2483,0.9004139838184037,False
scalarizer,speculative-execution,0.0006649595807893816,0.12118932821781347,0.9035459214269282,2572,2461,0.9889544369739047,False
scalarizer,partially-inline-libcalls,0.0034016881656586673,0.6261306876397509,0.5312569240041644,2612,2550,0.9656120029518516,False
scalarizer,load-store-vectorizer,-0.001435808103860181,-0.25832342419705534,0.7961679251467677,2510,2503,0.9821115305631047,False
scalarizer,iroutliner,-0.005242788802156451,-0.9392284843266545,0.3476597882147422,2448,2450,0.9362139119162718,False
scalarizer,global-merge,-0.00014307455160539329,-0.025815856093636753,0.9794052374062168,2500,2544,0.9946962299724714,False
scalarizer,break-crit-edges,0.002988162672049599,0.5412772122695366,0.5883402289367579,2521,2568,0.9663854998208667,False
scalarizer,unreachableblockelim,-0.008762056160216136,-1.6024800236596706,0.10911148975673939,2574,2524,0.8039373143348778,False
vector-combine,always-inline,-0.0018945348062530676,-0.3386771489451513,0.7348673003223041,2441,2523,0.9819797179926498,False
vector-combine,globalsplit,0.0026284195759195272,0.48100204368796173,0.6305361681346157,2457,2546,0.9663854998208667,False
vector-combine,lowerswitch,0.0021963428434421117,0.40654575226385287,0.6843589296110458,2520,2516,0.9780837840718449,False
vector-combine,early-cse-memssa,0.002743071169308997,0.6255475846523391,0.5316400646656979,2512,2529,0.9656120029518516,False
vector-combine,simple-loop-unswitch,-0.004082761921393452,-0.7341636152021233,0.46288327424494674,2532,2521,0.9576122218629731,False
vector-combine,loop-versioning,0.0035101872525420963,0.6309600817271985,0.5280948525979563,2644,2491,0.9656120029518516,False
vector-combine,loop-flatten,0.0036934674427006042,0.6871125212682236,0.4920431371837446,2552,2542,0.959250210099802,False
vector-combine,loop-reroll,-0.0007849496592923222,-0.14585840543566403,0.8840390587522249,2494,2500,0.9878981187095685,False
vector-combine,loop-instsimplify,0.0003341550691858819,0.06141985000740723,0.9510272605640369,2529,2553,0.9931662807812082,False
vector-combine,loop-simplifycfg,-0.004067813269264642,-0.7329281617270146,0.4636367741470449,2456,2543,0.9576122218629731,False
vector-combine,loop-predication,-0.002924004289397264,-0.5402180339697251,0.589069838452839,2584,2616,0.9663854998208667,False
vector-combine,speculative-execution,-0.007313585935553257,-1.3587250780673648,0.17429473183268634,2509,2517,0.8936246540017126,False
vector-combine,partially-inline-libcalls,-0.004956216065301222,-0.9245416754944892,0.355248115374922,2540,2561,0.9362139119162718,False
vector-combine,load-store-vectorizer,0.007447401497071904,1.3431920755662505,0.17927083629629148,2483,2524,0.8936246540017126,False
vector-combine,iroutliner,1.3159927251926717e-05,0.0024518347038530843,0.9980438181039389,2515,2523,0.9995364665178008,False
vector-combine,global-merge,-0.0006572731366100704,-0.11976390850975452,0.9046749501017236,2467,2579,0.9889544369739047,False
vector-combine,break-crit-edges,0.0013699140809904087,0.25387070288789954,0.7996058881844745,2513,2491,0.9836368063440127,False
vector-combine,unreachableblockelim,-0.010196818174260824,-1.8533081447745836,0.06389727851930864,2514,2477,0.7569390838893625,False
always-inline,globalsplit,-0.003143854894988918,-0.5838070959309667,0.5593757882241699,2561,2572,0.9656120029518516,False
always-inline,lowerswitch,0.004541125087013487,0.8449919749733769,0.39815544120688917,2521,2522,0.9387788987599427,False
always-inline,early-cse-memssa,0.0006221995150511583,0.14717125661260522,0.8830027035843673,2520,2552,0.9878981187095685,False
always-inline,simple-loop-unswitch,0.009511143120744303,1.7303060446909178,0.0836377602439006,2539,2465,0.7968989516182841,False
always-inline,loop-versioning,0.0019469945604357886,0.334817031916815,0.7377771613922092,2474,2551,0.9819797179926498,False
always-inline,loop-flatten,-0.002039878496702785,-0.3737376225598614,0.7086153370374797,2492,2528,0.9802307257169508,False
always-inline,loop-reroll,0.0004826680584264498,0.08752884571596327,0.930254770290327,2377,2477,0.9901814842231369,False
always-inline,loop-instsimplify,0.004209065381315047,0.7500811057785869,0.4532410714694725,2415,2602,0.9567344566921194,False
always-inline,loop-simplifycfg,0.006513106373015942,1.2399133734788137,0.2150645142237027,2572,2532,0.9053769260213016,False
always-inline,loop-predication,-0.005424442455280953,-0.9782996471677984,0.32797346907406943,2469,2542,0.9342495346719147,False
always-inline,speculative-execution,-0.00720760223411987,-1.3309165223592743,0.18327679142771205,2516,2518,0.8936246540017126,False
always-inline,partially-inline-libcalls,0.0005637648195686018,0.10262926492378131,0.9182613127307818,2478,2547,0.9897292090133071,False
always-inline,load-store-vectorizer,0.001863418639909964,0.35116408405584015,0.7254799706648185,2455,2592,0.9819797179926498,False
always-inline,iroutliner,0.004519434539153433,0.8534822642779438,0.39343238156444854,2534,2528,0.9387788987599427,False
always-inline,global-merge,-0.0014286871026564785,-0.2613354314619214,0.7938445976146443,2532,2482,0.9819797179926498,False
always-inline,break-crit-edges,0.00322460144943143,0.600943084053499,0.5479046877033197,2487,2601,0.9656120029518516,False
always-inline,unreachableblockelim,0.002261836960364083,0.41182374869241384,0.6804862926331882,2554,2465,0.9761793877768301,False
globalsplit,lowerswitch,0.007095804536596473,1.2829601408887918,0.19956462545402257,2566,2554,0.9004139838184037,False
globalsplit,early-cse-memssa,0.003101902434075543,0.7124261129966724,0.47623457424656807,2462,2488,0.9576122218629731,False
globalsplit,simple-loop-unswitch,0.0036071831499116525,0.6581892267048557,0.5104469045451036,2461,2538,0.9617601825968374,False
globalsplit,loop-versioning,0.001384585112507497,0.24238019190611004,0.8084955783892857,2493,2484,0.9858456523643213,False
globalsplit,loop-flatten,0.0041259295922904116,0.7624196645140744,0.44584502141222343,2559,2521,0.9546098137512568,False
globalsplit,loop-reroll,-0.00044877246427527107,-0.08369853399803233,0.9332994947870742,2516,2455,0.9901925823858527,False
globalsplit,loop-instsimplify,-0.0049547312052543035,-0.9182202918371459,0.35854679940558887,2537,2616,0.9362139119162718,False
globalsplit,loop-simplifycfg,0.003579806178064915,0.6538270775596462,0.51325317032895,2513,2509,0.9617601825968374,False
globalsplit,loop-predication,0.0033936957935752354,0.6180659749454717,0.5365600343600407,2496,2500,0.9656120029518516,False
globalsplit,speculative-execution,-0.004540568475052964,-0.8269811198706861,0.40828640054692544,2579,2530,0.938921317022563,False
globalsplit,partially-inline-libcalls,0.0023375679202712885,0.419380250465326,0.6749562576665643,2506,2502,0.9754681153759602,False
globalsplit,load-store-vectorizer,0.004417842238996994,0.8052392187412654,0.42072022905809336,2453,2512,0.940557415376642,False
globalsplit,iroutliner,-0.0004079978353646596,-0.076930717043454,0.9386817666181757,2465,2504,0.9908026409910448,False
globalsplit,global-merge,-0.002889555568107993,-0.5158370728367445,0.6059913899818061,2473,2455,0.9663854998208667,False
globalsplit,break-crit-edges,-0.004140201173315428,-0.7534124080363426,0.45123823875239655,2489,2426,0.9558625890978588,False
globalsplit,unreachableblockelim,-0.006106466903528229,-1.0914879521089602,0.27511049848402297,2501,2532,0.9261097314091098,False
lowerswitch,early-cse-memssa,0.00072458223066868,0.18081538109225948,0.8565197831070246,2524,2502,0.9870002285963028,False
lowerswitch,simple-loop-unswitch,0.004159236303364344,0.7714868483127951,0.4404546434176227,2569,2487,0.9539093340179844,False
lowerswitch,loop-versioning,-0.009174117062567266,-1.6238409449513616,0.10447239309581116,2538,2505,0.8039373143348778,False
lowerswitch,loop-flatten,-0.0031096114963275467,-0.5639574266968314,0.5728081416897731,2558,2498,0.9656120029518516,False
lowerswitch,loop-reroll,-0.0010035381627474527,-0.186101124399973,0.8523730417108225,2583,2416,0.9870002285963028,False
lowerswitch,loop-instsimplify,0.006133314161879011,1.1484952352532525,0.2508190880994662,2559,2450,0.923462493379908,False
lowerswitch,loop-simplifycfg,-0.010283272180343639,-1.9502354957051347,0.05120309598909188,2538,2535,0.7453952561088618,False
lowerswitch,loop-predication,-0.004385292238728189,-0.8141166092977973,0.41561658143940533,2504,2551,0.938921317022563,False
lowerswitch,speculative-execution,-0.0024426038767645375,-0.44345122694384137,0.6574583002927793,2524,2552,0.9715957741718303,False
lowerswitch,partially-inline-libcalls,-0.009993342804207772,-1.8581650356270565,0.06320348749371926,2552,2522,0.7569390838893625,False
lowerswitch,load-store-vectorizer,0.0035125029664587193,0.6538025900123683,0.5132691345677797,2453,2540,0.9617601825968374,False
lowerswitch,iroutliner,0.010717533681076141,2.0629573509940813,0.039167644167198326,2541,2517,0.6893372254732842,False
lowerswitch,global-merge,-0.003113656906348905,-0.5807991075906185,0.5614022122696861,2496,2472,0.9656120029518516,False
lowerswitch,break-crit-edges,0.0034510385284811096,0.6242821155334869,0.532470442053683,2553,2520,0.9656120029518516,False
lowerswitch,unreachableblockelim,-0.008896309723149975,-1.653230387557713,0.09834538152165974,2583,2536,0.7990395200215817,False
early-cse-memssa,simple-loop-unswitch,0.00020831859903525096,0.049194541766147126,0.960766189677104,2571,2528,0.9932346158623248,False
early-cse-memssa,loop-versioning,0.008484459939760991,1.8919726117891682,0.058552708642929226,2495,2499,0.754611189830786,False
early-cse-memssa,loop-flatten,0.0012964258649399985,0.2971237351321138,0.7663843613445209,2475,2542,0.9819797179926498,False
early-cse-memssa,loop-reroll,-0.006922802382858195,-1.6927734128546645,0.09056108325215931,2580,2455,0.7987384440285578,False
early-cse-memssa,loop-instsimplify,-0.004044631093465478,-0.9522967576284052,0.3409919130612772,2560,2515,0.9362139119162718,False
early-cse-memssa,loop-simplifycfg,-0.0015182409238338468,-0.3504395599855599,0.7260233286559304,2514,2583,0.9819797179926498,False
early-cse-memssa,loop-predication,-0.0015977947059948039,-0.3805096459050983,0.7035830511555183,2560,2526,0.9802307257169508,False
early-cse-memssa,speculative-execution,-0.002089433786721051,-0.48204261062117415,0.6297971948111828,2528,2417,0.9663854998208667,False
early-cse-memssa,partially-inline-libcalls,0.0032208366565324997,0.768672094228948,0.44212380415405966,2560,2519,0.9539093340179844,False
early-cse-memssa,load-store-vectorizer,0.0014938956026745442,0.3555784622495692,0.7221715509785397,2471,2451,0.9819797179926498,False
early-cse-memssa,iroutliner,0.009775558118125027,2.3399961768468636,0.019322111726517065,2523,2631,0.5918038420417597,False
early-cse-memssa,global-merge,0.0007431007179616311,0.17513129230863592,0.8609834968874075,2565,2490,0.9870002285963028,False
early-cse-memssa,break-crit-edges,-0.0031890229858009267,-0.7493325864866863,0.45369149286957755,2556,2534,0.9567344566921194,False
early-cse-memssa,unreachableblockelim,0.0005854820665753824,0.14125828037544333,0.8876715937859267,2501,2506,0.9878981187095685,False
simple-loop-unswitch,loop-versioning,-0.013299019830857184,-2.372268967100753,0.01771586077406719,2578,2559,0.5640269170020091,False
simple-loop-unswitch,loop-flatten,0.001463183969993176,0.26885202329081864,0.7880546160491828,2537,2494,0.9819797179926498,False
simple-loop-unswitch,loop-reroll,-0.0024822179414942247,-0.4356288032979875,0.6631250026659675,2486,2490,0.9736773567453801,False
simple-loop-unswitch,loop-instsimplify,0.008596373481849662,1.6009267014942994,0.10945627661098807,2477,2532,0.8039373143348778,False
simple-loop-unswitch,loop-simplifycfg,-0.0014743244200923766,-0.2699980573583646,0.7871727463347954,2582,2503,0.9819797179926498,False
simple-loop-unswitch,loop-predication,0.005521633926706626,0.9905492379885662,0.321953803742662,2481,2520,0.9342495346719147,False
simple-loop-unswitch,speculative-execution,-0.003668061594654659,-0.6820765575355007,0.49522177105531945,2551,2510,0.959250210099802,False
simple-loop-unswitch,partially-inline-libcalls,-0.005654771875656606,-1.0546606367834395,0.2916313516547542,2534,2485,0.9261097314091098,False
simple-loop-unswitch,load-store-vectorizer,-0.0029841831379024963,-0.5555285174972205,0.578557955290157,2494,2538,0.9658039733307087,False
simple-loop-unswitch,iroutliner,0.0039152323671607925,0.7303952719409532,0.4651827815787222,2522,2495,0.9576122218629731,False
simple-loop-unswitch,global-merge,-0.0023912700781871243,-0.44506890218200645,0.6562890800806799,2532,2509,0.9715957741718303,False
simple-loop-unswitch,break-crit-edges,-0.0012062799335942342,-0.21634555030541344,0.8287272787187007,2491,2488,0.9862005430341109,False
simple-loop-unswitch,unreachableblockelim,0.008705800716819867,1.5931388619313975,0.11119177256634633,2441,2636,0.807667048880857,False
loop-versioning,loop-flatten,-0.005842185238380815,-1.0084526305272414,0.31328586334965636,2541,2491,0.9266068284571407,False
loop-versioning,loop-reroll,-0.00281436816971381,-0.49577796476246516,0.6200726861479888,2498,2545,0.9663854998208667,False
loop-versioning,loop-instsimplify,-0.0009117429170377167,-0.16491491283864038,0.8690173763678812,2534,2659,0.9878311966791359,False
loop-versioning,loop-simplifycfg,0.0027588311568570445,0.5061969216437034,0.6127404242146175,2506,2572,0.9663854998208667,False
loop-versioning,loop-predication,0.0034241930755540273,0.5764720949174431,0.5643217801282717,2560,2500,0.9656120029518516,False
loop-versioning,speculative-execution,-0.002928482638907326,-0.5047224564724309,0.6137761203901455,2549,2463,0.9663854998208667,False
loop-versioning,partially-inline-libcalls,0.014440148599317915,2.5123381618029237,0.012025113495661096,2487,2450,0.48083712756606795,False
loop-versioning,load-store-vectorizer,-0.0023856850539669128,-0.414460294729329,0.6785548203781641,2453,2551,0.9757415586496205,False
loop-versioning,iroutliner,-0.009008353990808182,-1.6631882437438306,0.09633633000498884,2519,2573,0.7990395200215817,False
loop-versioning,global-merge,0.0035954207094525126,0.6235116174227611,0.5329768206652522,2542,2459,0.9656120029518516,False
loop-versioning,break-crit-edges,-0.01558273985237002,-2.745662657845776,0.006061222146557622,2430,2487,0.339082084655995,False
loop-versioning,unreachableblockelim,-0.0021466288912189158,-0.3687386319790842,0.7123380545304092,2528,2511,0.9809015575792357,False
loop-flatten,loop-reroll,-0.009582912613829042,-1.7849334915038348,0.0743325590942338,2488,2527,0.7762301371013854,False
loop-flatten,loop-instsimplify,-0.00621519968979789,-1.1794024818995457,0.23829209383573144,2637,2547,0.923462493379908,False
loop-flatten,loop-simplifycfg,0.002508306247835268,0.46251533127477673,0.6437319290128565,2479,2525,0.9675126877850944,False
loop-flatten,loop-predication,0.0010010809872041948,0.18635896841859673,0.8521706551897926,2565,2555,0.9870002285963028,False
loop-flatten,speculative-execution,1.7369320827798074e-05,0.0031386806916792807,0.9974958239853463,2486,2542,0.9995364665178008,False
loop-flatten,partially-inline-libcalls,0.005556754692914612,1.0284618774574392,0.30378226492165333,2464,2560,0.9261097314091098,False
loop-flatten,load-store-vectorizer,0.0013137152592280765,0.24205155754250599,0.8087502517341398,2481,2470,0.9858456523643213,False
loop-flatten,iroutliner,-0.0034790078988417017,-0.6695093212031157,0.5032009853514632,2491,2622,0.9612272139298115,False
loop-flatten,global-merge,0.00048052512480029064,0.09174003596867492,0.9269081354610178,2588,2595,0.9898271274249525,False
loop-flatten,break-crit-edges,-0.011452094662671275,-2.1670958611922564,0.030274235268429848,2552,2499,0.6358844367825872,False
loop-flatten,unreachableblockelim,-0.0042631403617376384,-0.789432170389287,0.4298969598364831,2510,2517,0.947727570442842,False
loop-reroll,loop-instsimplify,-0.0024315280338137457,-0.4437864529334547,0.6572163402480505,2507,2467,0.9715957741718303,False
loop-reroll,loop-simplifycfg,0.0052613357163525665,0.986916105389473,0.3237311249007933,2505,2539,0.9342495346719147,False
loop-reroll,loop-predication,-0.0024971146978212677,-0.4559008581054344,0.6484810210264443,2475,2543,0.9683336682524712,False
loop-reroll,speculative-execution,0.006293339743952464,1.1438385819235883,0.25274470074686217,2561,2508,0.923462493379908,False
loop-reroll,partially-inline-libcalls,0.0021476407736292225,0.3856972891854502,0.6997375372430951,2478,2449,0.9802307257169508,False
loop-reroll,load-store-vectorizer,-0.011528309523862912,-2.1025552706918305,0.03555422144307243,2506,2529,0.6661738333544097,False
loop-reroll,iroutliner,-0.0006039536418709357,-0.11212432701296361,0.9107293369640359,2599,2432,0.9897292090133071,False
loop-reroll,global-merge,0.0014239766633630246,0.2619233156450289,0.7933912138995942,2544,2527,0.9819797179926498,False
loop-reroll,break-crit-edges,-0.0035336001057498234,-0.6440721428940739,0.5195584484094898,2439,2531,0.9631045171917473,False
loop-reroll,unreachableblockelim,-0.002447076499868861,-0.4587735014775715,0.6464164788817415,2502,2575,0.9675808991214881,False
loop-instsimplify,loop-simplifycfg,0.0017307580695843372,0.3237791439911435,0.7461182045375447,2571,2666,0.9819797179926498,False
loop-instsimplify,loop-predication,0.0006128549403405237,0.1098662921412194,0.9125198444583524,2453,2528,0.9897292090133071,False
loop-instsimplify,speculative-execution,0.009830399960540581,1.7818704089307273,0.0748291912855329,2564,2607,0.7763213109381012,False
loop-instsimplify,partially-inline-libcalls,-0.00017521903784817328,-0.032645771500519505,0.9739583567189294,2491,2580,0.9932346158623248,False
loop-instsimplify,load-store-vectorizer,0.0037092418617777345,0.6981115145469493,0.4851388925515972,2633,2547,0.959012571040916,False
loop-instsimplify,iroutliner,-0.005634392597612059,-1.0734529146865448,0.28312027145624213,2467,2488,0.9261097314091098,False
loop-instsimplify,global-merge,-0.010459762939049932,-1.935806410168558,0.05294654711811771,2557,2555,0.7539588309619961,False
loop-instsimplify,break-crit-edges,-0.002125531198908459,-0.3921243341498789,0.6949830334892286,2487,2524,0.9802307257169508,False
loop-instsimplify,unreachableblockelim,-0.001770120114795437,-0.32485808705852665,0.7453020236920859,2454,2575,0.9819797179926498,False
loop-simplifycfg,loop-predication,-0.005646699902529695,-1.0279198648192502,0.3040374362806177,2452,2547,0.9261097314091098,False
loop-simplifycfg,speculative-execution,-0.0025683974493423967,-0.46883383323580075,0.6392086501962945,2470,2602,0.9663854998208667,False
loop-simplifycfg,partially-inline-libcalls,0.004128137395766729,0.7786140015228062,0.43624316078486985,2615,2516,0.9517148844755156,False
loop-simplifycfg,load-store-vectorizer,0.004731939855782463,0.8961643732485577,0.37020722739496986,2571,2537,0.9372979316317167,False
loop-simplifycfg,iroutliner,0.008573287713209865,1.6048337429412676,0.10859372626027552,2488,2508,0.8039373143348778,False
loop-simplifycfg,global-merge,0.004459737908163619,0.8244494574292225,0.4097239078511311,2428,2533,0.938921317022563,False
loop-simplifycfg,break-crit-edges,-0.008849126879136637,-1.6611424627019247,0.09674534669314831,2654,2538,0.7990395200215817,False
loop-simplifycfg,unreachableblockelim,0.007265791368315511,1.3482853787566447,0.1776277985118864,2540,2490,0.8936246540017126,False
loop-predication,speculative-execution,-0.0027162634089807347,-0.5102018175073902,0.6099327816136496,2458,2513,0.9663854998208667,False
loop-predication,partially-inline-libcalls,-0.006118950491928732,-1.1033784488476464,0.2699160458535742,2459,2579,0.9261097314091098,False
loop-predication,load-store-vectorizer,-0.01075064137502979,-1.9974838492946416,0.045827391076825756,2440,2516,0.7093283140586943,False
loop-predication,iroutliner,0.002663654585693176,0.5134470061109807,0.6076613559644175,2576,2453,0.9663854998208667,False
loop-predication,global-merge,0.010413064761427004,1.9426218349630664,0.05211819518470633,2496,2490,0.7531175363221772,False
loop-predication,break-crit-edges,-0.0014759632645138798,-0.2758881687073176,0.7826450015023105,2603,2567,0.9819797179926498,False
loop-predication,unreachableblockelim,0.010851071567429038,2.03695871936094,0.04170520253579963,2547,2606,0.6893372254732842,False
speculative-execution,partially-inline-libcalls,0.00020865199091241182,0.03922057815861623,0.9687160473050391,2604,2549,0.9932346158623248,False
speculative-execution,load-store-vectorizer,0.005842773076134844,1.0709469655733248,0.2842450720341029,2449,2543,0.9261097314091098,False
speculative-execution,iroutliner,-0.0015850091287473722,-0.2980042437291889,0.7657120638074221,2566,2536,0.9819797179926498,False
speculative-execution,global-merge,-0.008539763575332149,-1.5705346243700966,0.11635418921308566,2478,2514,0.8224602977589232,False
speculative-execution,break-crit-edges,-0.008722424192500522,-1.586042078126561,0.1127924098370057,2486,2570,0.8119394796355043,False
speculative-execution,unreachableblockelim,0.003679230573550407,0.6728537626730354,0.5010717719633816,2512,2435,0.9607276308387519,False
partially-inline-libcalls,load-store-vectorizer,0.012704193511684614,2.253281140929253,0.024285162353354418,2439,2588,0.6091003769661733,False
partially-inline-libcalls,iroutliner,-0.007771690970724221,-1.4385435775658584,0.15034130665019302,2600,2497,0.8841019812609446,False
partially-inline-libcalls,global-merge,-0.002903327939709044,-0.5399614423570256,0.5892474465681375,2519,2530,0.9663854998208667,False
partially-inline-libcalls,break-crit-edges,0.008820318746985578,1.5642836893301455,0.11781461464257927,2457,2538,0.8239376317623441,False
partially-inline-libcalls,unreachableblockelim,-0.0026389057874888766,-0.4827298700097923,0.6293087614364282,2499,2485,0.9663854998208667,False
load-store-vectorizer,iroutliner,-0.0032177403194734167,-0.6068841900004308,0.5439549994625469,2540,2532,0.9656120029518516,False
load-store-vectorizer,global-merge,-0.0004102327592074295,-0.07936998343716276,0.9367414275337681,2557,2606,0.9908026409910448,False
load-store-vectorizer,break-crit-edges,-0.0026099861782343803,-0.4748751396190753,0.6348964415801164,2486,2586,0.9663854998208667,False
load-store-vectorizer,unreachableblockelim,-0.0008783390456884588,-0.1558104882700548,0.876188595191734,2581,2500,0.9878311966791359,False
iroutliner,global-merge,0.008236198518877746,1.4825583475131126,0.1382549564361184,2431,2565,0.8688528143101889,False
iroutliner,break-crit-edges,-0.010087050498719607,-1.9223342858810022,0.05462053700104355,2497,2521,0.754611189830786,False
iroutliner,unreachableblockelim,-0.00036843813724379837,-0.07007788699647505,0.9441344753274077,2429,2574,0.993162990687176,False
global-merge,break-crit-edges,0.00330254878369185,0.6106198535459982,0.5414786292187831,2523,2556,0.9656120029518516,False
global-merge,unreachableblockelim,0.0013238242562003677,0.24216126329410567,0.808665198991264,2536,2441,0.9858456523643213,False
break-crit-edges,unreachableblockelim,-0.002504146891528669,-0.44588794776982377,0.6556976221359412,2468,2504,0.9715957741718303,False
