pass_a,pass_b,ate,t_stat,p_value,n_treatment,n_control,p_adj,significant
bdce,ipsccp,0.0019427535282112163,1.4297126484330487,0.15280424020881778,32953,33078,0.3691433711645468,False
bdce,correlated-propagation,0.0010241821514734295,0.7538457861571874,0.45094452026668774,32971,32953,0.7012118502017564,False
bdce,mem2reg,-0.0058002210575093804,-5.145873103697746,2.6704231539636337e-07,32919,32900,2.5948826478713625e-06,True
bdce,sroa,-0.006363716553999144,-5.653277718932613,1.5806526149788094e-08,32991,32962,1.7735918739991455e-07,True
bdce,instsimplify,0.001409177825231478,1.0532264113961816,0.2922410804219823,33268,32955,0.5531252155304412,False
bdce,constmerge,-0.0007349388598774098,-0.5433404737652187,0.5868972384367108,32960,33015,0.7891764339288315,False
bdce,function-attrs,0.0017837937829185413,1.3154035733049234,0.18837887115154467,33258,32837,0.4234510146619569,False
bdce,deadargelim,0.00027074369184720837,0.20034301045460082,0.8412129418161425,33281,32988,0.937065032756928,False
bdce,globaldce,0.0016406131088331777,1.2150417694523028,0.22435449507505045,33003,33191,0.4688218797832965,False
bdce,elim-avail-extern,0.0024714631926938124,1.8148389460794825,0.06955322176473723,32778,32918,0.21395947873582952,False
bdce,mergefunc,-0.000498486346133642,-0.3685749923678985,0.7124457185575346,33118,32997,0.8659913224667302,False
bdce,instcombine,0.009426694681384129,7.53639853339094,4.892658292422314e-14,32926,33160,1.303377542389509e-12,True
bdce,simplifycfg,0.00901213650966648,6.7079369023723485,1.98979226394307e-11,33058,33050,3.4026316618345253e-10,True
bdce,tailcallelim,0.0007142526265323523,0.5287915382663974,0.596951839916986,33168,33094,0.7954673202179557,False
bdce,reassociate,0.0021732076455181493,1.6000634620354113,0.10958928854280202,33269,32830,0.29481197012231597,False
bdce,memcpyopt,0.0025206481643849643,1.856937445520536,0.06332450834996536,33048,32938,0.19849006546886216,False
bdce,sccp,0.0030070325685244703,2.2213471585185895,0.02633083047373809,32896,33228,0.10059661671722767,False
bdce,dce,0.0036343347751260913,2.6716638098428764,0.00754948354282783,33029,32682,0.034658590332607014,True
bdce,adce,0.0034442863112147948,2.5318251641748573,0.011349347837140504,33484,32794,0.04930847363488036,True
bdce,dse,0.007952563317658645,5.9296021806993595,3.0517119668200202e-09,33064,33089,3.8180524159959105e-08,True
bdce,jump-threading,0.005472579021060464,4.095450679408199,4.218498682808008e-05,33138,32843,0.0003251897803518929,True
bdce,loop-idiom,0.00044545346976859745,0.32798367974513637,0.74292504500928,33047,32815,0.8814287834682767,False
bdce,loop-deletion,0.00019858099934882967,0.14674338820536742,0.8833350166479207,32873,33435,0.9517882420726813,False
bdce,gvn,-0.002780676297901463,-2.2266074878792317,0.02597688827580385,33182,32797,0.09943841103425989,False
bdce,gvn-hoist,0.0016374797350464099,1.218223536843362,0.22314339362168079,33142,32858,0.467538539016855,False
bdce,gvn-sink,0.0013815348599010013,1.0378916812136694,0.2993242710579407,33218,33104,0.5597790628943632,False
bdce,newgvn,-0.003561893923888948,-3.0150785931684254,0.0025701041670866944,32851,33075,0.013805936787807265,True
bdce,early-cse,0.0022948879912771947,1.7817685319418062,0.07479159440395867,33062,32778,0.22651499124973098,False
bdce,mergereturn,-0.0036720001094698307,-2.7159830683122044,0.006609640096519755,33333,33048,0.031072449721454214,True
bdce,globalopt,-2.4260179811330662e-05,-0.01785626010408646,0.9857535769087655,33081,32790,0.9938751305805164,False
bdce,strip-dead-prototypes,0.0001370037580562533,0.10116954725355684,0.9194161760822538,33257,33104,0.964229712249091,False
bdce,indvars,-0.0011986405664306532,-0.8858661314435046,0.3756928922306604,33197,32887,0.6333946786009086,False
bdce,mergeicmps,0.00048526815353527875,0.357566580019848,0.7206688378969143,33109,32778,0.8699565873009606,False
bdce,separate-const-offset-from-gep,-0.0012497565993510595,-0.9207281548083791,0.357195742259615,32922,33002,0.6152088206268832,False
bdce,libcalls-shrinkwrap,-7.396641435347684e-05,-0.054458945997548115,0.9565696805691705,33058,33201,0.9826051709009673,False
bdce,flattencfg,-0.001531632931689897,-1.1282655975283322,0.2592118863543778,32967,32768,0.51367616599438,False
bdce,loop-reduce,-0.0029735494299981124,-2.192683693466453,0.0283336306176597,33174,33286,0.10627825430915266,False
bdce,loop-unroll,-0.003693106137960034,-2.723909880826025,0.006453101045619962,33173,33112,0.030409559199335464,True
bdce,loop-rotate,-0.003695643051120412,-2.6710148769291746,0.007564084617781046,33155,32819,0.03468495944172199,True
bdce,partial-inliner,-0.0008065951671191729,-0.5990164527655202,0.5491639629175858,33051,33157,0.7661297038779004,False
bdce,lower-expect,0.0001981331704624112,0.14618733057836478,0.8837739537483624,32898,33040,0.9518313539270041,False
bdce,alignment-from-assumptions,-0.0014551348997437485,-1.074877677239172,0.28243342003954247,33023,33093,0.5384660530062553,False
bdce,rpo-function-attrs,0.0023369774139644917,1.7232047424390693,0.08485619620925608,32996,32926,0.24909809921697662,False
bdce,attributor,0.0002178932754401952,0.17091427798587544,0.8642916941594173,33252,32713,0.9440910109702311,False
bdce,inferattrs,0.0001863846898308985,0.1376674041756207,0.8905037003965786,33308,32919,0.9538294491896278,False
bdce,called-value-propagation,-0.0011118855057241084,-0.8195189178207343,0.41249336097189016,33341,32938,0.6658384177930429,False
bdce,licm,-0.0044044606493121585,-3.1200351432074482,0.001809074617247486,32804,33124,0.010149478798196497,True
bdce,loop-simplify,0.00045441284678870986,0.3352627232319491,0.7374279720015278,33211,33061,0.8783566001382519,False
bdce,div-rem-pairs,-0.0006602615139719159,-0.4876127058680982,0.6258258047207019,33225,33145,0.8109799186248876,False
bdce,float2int,0.00017054717805486952,0.12597782683859915,0.8997498595351094,33130,32968,0.957191102944713,False
bdce,inline,0.0014616672987243229,1.0749592582428498,0.28239692461638066,33029,32561,0.5384660530062553,False
bdce,sink,0.0013337819924569838,0.985625922018293,0.32432032602585464,33380,32680,0.5840311294857637,False
bdce,loop-vectorize,-0.0031932283672409523,-2.325348532213998,0.02005635292299128,32803,33110,0.08047200619511666,False
bdce,slp-vectorizer,1.710647314717706e-05,0.012628486771973856,0.9899242313804446,33010,32960,0.995005977948106,False
bdce,callsite-splitting,-0.0005079202347217926,-0.3735995890058933,0.7087034404361198,33030,32938,0.8644215684711433,False
bdce,dfa-jump-threading,-0.00199302734119311,-1.4701228883147057,0.14153322379558655,33196,33060,0.3534606181956814,False
bdce,consthoist,-0.0003374779507834824,-0.24839644812955652,0.8038284558449325,32802,33071,0.9181432446120997,False
bdce,mldst-motion,0.0012098178898856116,0.8914787111004372,0.3726756568967998,33087,32942,0.6301372506078878,False
bdce,slsr,0.00017311045020562688,0.12795314994913828,0.8981864373363878,33153,33132,0.9565673344055737,False
bdce,loop-interchange,0.0006992724346511769,0.5146699976584678,0.6067853630328307,33032,33070,0.8008666941815185,False
bdce,loop-fusion,0.001025060025683311,0.7581457984458059,0.4483663921025266,33260,33230,0.6995230244914319,False
bdce,loop-distribute,8.507251083095246e-05,0.06262423998350986,0.9500659161184901,33093,32972,0.980484766454491,False
bdce,loop-load-elim,-5.0611697127944666e-05,-0.03725465076163352,0.9702820768744108,32958,32821,0.9852859842873066,False
bdce,loop-sink,0.0010233394187526001,0.7539645120332231,0.45087323817812236,32814,32774,0.7012118502017564,False
bdce,loop-unroll-and-jam,-0.0037777664912841957,-2.791251060465173,0.005251984980389204,32942,32880,0.025422463761686186,True
bdce,hotcoldsplit,0.0002070063034816938,0.15237146033706336,0.8788944327266772,32825,32981,0.9504972655503088,False
bdce,irce,-0.0007440594165555869,-0.5495585642813633,0.582624046092176,33029,32943,0.7867433670679177,False
bdce,nary-reassociate,0.000804343997907575,0.5905302891629878,0.5548372130932653,32878,32935,0.7696026752232907,False
bdce,scalarizer,-0.0017377298890555726,-1.2780587107519232,0.20123324772008824,32831,32777,0.44147305214110116,False
bdce,vector-combine,-0.0029918924971567007,-2.205666149999495,0.027410826462764683,32988,32837,0.10401239963971559,False
bdce,always-inline,-0.00036829842267749324,-0.2712075647631733,0.7862322489580613,32728,32841,0.9076902968513467,False
bdce,globalsplit,-0.0005174496541385798,-0.3815627380774057,0.7027869552383437,32811,33233,0.8608302068771877,False
bdce,lowerswitch,-0.0007857508104782696,-0.5247900470718465,0.5997309219103569,32877,32829,0.79663355153511,False
bdce,early-cse-memssa,-0.003158063926619825,-2.6499126401126634,0.008053172935664613,33246,32948,0.03668846705131134,True
bdce,simple-loop-unswitch,-0.0010330711534835002,-0.764342619236321,0.4446658268440736,33038,32952,0.6956897235003564,False
bdce,loop-versioning,-0.00032671693904529064,-0.24085476657779184,0.8096684279127241,33216,32924,0.9203662013661037,False
bdce,loop-flatten,-0.0008173924813146827,-0.6021436056789197,0.5470806140498858,33054,33111,0.7648581523096584,False
bdce,loop-reroll,-0.0007462681822366646,-0.5509002546761488,0.5817039147264097,33276,32840,0.7864523982488959,False
bdce,loop-instsimplify,0.0003193228513989621,0.23722820533142464,0.812480486258217,33348,33213,0.9224916161748848,False
bdce,loop-simplifycfg,7.976652696434217e-05,0.0592643134782251,0.9527417628275755,33236,33309,0.98182545874547,False
bdce,loop-predication,-0.0006836895630133455,-0.5023393587440363,0.6154305061538697,33040,32865,0.8050821820628599,False
bdce,speculative-execution,-0.0013375933978862498,-0.9915543469318734,0.32141859300209746,33091,33112,0.58147326884187,False
bdce,partially-inline-libcalls,0.00031033797487128867,0.22798687402725343,0.8196571515511599,33030,32932,0.9268776798944102,False
bdce,load-store-vectorizer,-0.0009680688958115802,-0.7180553793866694,0.47272566574634156,33083,33367,0.7180735869133722,False
bdce,iroutliner,0.0017587986169878556,1.3116664954357884,0.18963722905069072,33343,32957,0.4241115870716761,False
bdce,global-merge,-0.0029010554916129583,-2.134521999950081,0.03280377405445082,32855,32684,0.11912666543514464,False
bdce,break-crit-edges,-0.012361672790443756,-8.828262916952738,1.0884491155748319e-18,33517,32667,6.539984930338534e-17,True
bdce,unreachableblockelim,-0.001847049789232058,-1.3632615573217506,0.1728047436906866,33148,32856,0.3989996322480712,False
ipsccp,correlated-propagation,0.00041885063105778775,0.3090854997731051,0.7572574635186522,32977,33104,0.8886485547315078,False
ipsccp,mem2reg,-0.004399128781919559,-3.8939620772752983,9.871666419647841e-05,33343,32957,0.0007225690784923542,True
ipsccp,sroa,-0.00526110832820903,-4.65457247886568,3.2528736505759262e-06,32882,32765,2.830722936812295e-05,True
ipsccp,instsimplify,0.002188891041954022,1.6337611144278241,0.10231378551746001,32969,33099,0.28195692053931976,False
ipsccp,constmerge,-0.001060955790995577,-0.7862644090034099,0.4317154091004408,33107,33196,0.6830697139544752,False
ipsccp,function-attrs,0.0007563828684696849,0.560007272936394,0.5754763782466131,32903,33074,0.7816737763488509,False
ipsccp,deadargelim,-0.0013144364848238776,-0.9687774369371677,0.33265980533414263,33026,32816,0.5924037279165542,False
ipsccp,globaldce,-0.0010728476965397582,-0.7929431606641751,0.42781379208046866,33130,32857,0.6810239064175265,False
ipsccp,elim-avail-extern,-0.0022193542003972055,-1.6346186334568036,0.10213379794444474,33111,32785,0.28165912165524337,False
ipsccp,mergefunc,0.000545189798336343,0.4038920592194002,0.6862933999047911,33149,33099,0.8534656885469829,False
ipsccp,instcombine,0.009486807833094801,7.622914263892011,2.5129529699661505e-14,33097,33239,7.079657431933413e-13,True
ipsccp,simplifycfg,0.008345189662414765,6.1799391479518935,6.45003400705151e-10,33077,32855,8.620591526148025e-09,True
ipsccp,tailcallelim,-1.2088013575217715e-05,-0.008940523356633171,0.9928666164494636,33248,32889,0.9969399153887434,False
ipsccp,reassociate,0.001299927434469772,0.9557667446548583,0.3391935864315513,32860,33286,0.5989469173279868,False
ipsccp,memcpyopt,-0.0017626258901418113,-1.2979578072434808,0.19430636774034096,33215,32848,0.4301321289266112,False
ipsccp,sccp,0.001002696639674172,0.73787953910588,0.4605902779766055,33151,32849,0.7070019787152207,False
ipsccp,dce,1.4043743575609113e-05,0.010303489926156316,0.9917791810994264,33097,32844,0.9963589720844931,False
ipsccp,adce,-0.0005065016088401375,-0.37021651243371206,0.7112223587301014,33159,33046,0.8659913224667302,False
ipsccp,dse,0.008669989027472125,6.4426296525925375,1.1822304595927102e-10,33252,33031,1.787495938133225e-09,True
ipsccp,jump-threading,0.0038483693238071104,2.8820105102428974,0.0039527323514652645,33272,33113,0.019844743446587147,True
ipsccp,loop-idiom,-0.0029217424456684515,-2.1546381761795925,0.03119374562849494,33448,32924,0.11437706730448144,False
ipsccp,loop-deletion,-0.0029958106597525735,-2.2068021307592662,0.027331322803818798,33164,32706,0.10381130950509643,False
ipsccp,gvn,-0.0008022283621944015,-0.6418455987458236,0.5209756686393692,33089,32982,0.7468933337100913,False
ipsccp,gvn-hoist,-5.432966019197627e-05,-0.040131594693768605,0.967988334881992,32978,32847,0.9845824206228262,False
ipsccp,gvn-sink,-0.00032195738803936225,-0.2410983283535031,0.8094796545433365,33330,32935,0.9203662013661037,False
ipsccp,newgvn,-0.0016208576226929838,-1.3636909291990928,0.1726695267876952,32915,32907,0.3989226353395955,False
ipsccp,early-cse,0.0021050631842082224,1.6375527696077368,0.10151976870868827,33204,33099,0.2805585139472288,False
ipsccp,mergereturn,-0.002257359024354866,-1.6584690663531567,0.09722759388574262,32950,32836,0.27215386537281494,False
ipsccp,globalopt,-0.0009451616140170871,-0.6947279026173017,0.4872282703765995,33518,32888,0.7271287754553215,False
ipsccp,strip-dead-prototypes,0.0003060217860955672,0.22611212739276693,0.8211149109334167,33285,32915,0.9269201473667511,False
ipsccp,indvars,-0.0013204319971794054,-0.976065403813764,0.329035634416979,32906,33046,0.5880892489168826,False
ipsccp,mergeicmps,-0.0005873377524833745,-0.43287917879954313,0.6651039596899613,33060,33029,0.8404475979818936,False
ipsccp,separate-const-offset-from-gep,-0.0024502694100063116,-1.8099353600595316,0.07031033317830113,33408,32986,0.21521207567283115,False
ipsccp,libcalls-shrinkwrap,-0.0023562850813537706,-1.7354939899770436,0.08265799368600765,33130,33146,0.24466266309478907,False
ipsccp,flattencfg,0.0003732293309108292,0.27569193104562245,0.7827855595557291,33014,32784,0.9055799855894344,False
ipsccp,loop-reduce,-0.000983553571700102,-0.7241315916730455,0.4689875057057082,33163,33156,0.7146128686161686,False
ipsccp,loop-unroll,-0.006233837948574739,-4.592486432682094,4.388010768783516e-06,33089,33100,3.7683004759991776e-05,True
ipsccp,loop-rotate,-0.0014777922076277261,-1.0713847006686321,0.2840004159004852,33002,32859,0.5409268621917802,False
ipsccp,partial-inliner,-0.002390664373913165,-1.7714714330220291,0.07648693663623175,33351,32910,0.23075719866524158,False
ipsccp,lower-expect,-0.0012956180308220655,-0.9546171303574439,0.3397748629271351,32807,32902,0.5990807578670243,False
ipsccp,alignment-from-assumptions,0.0006866731732275699,0.5063172726194036,0.6126356275985495,33129,32991,0.8039816078002412,False
ipsccp,rpo-function-attrs,0.0013545163170075591,1.0020195324292294,0.3163378287343292,33047,33037,0.576545004938995,False
ipsccp,attributor,0.0013629145010042865,1.0675610923411654,0.2857224532254813,33102,32813,0.5435513317449842,False
ipsccp,inferattrs,0.0007457047958127627,0.5504123378725275,0.5820384480193083,33129,32979,0.7864523982488959,False
ipsccp,called-value-propagation,-0.002015164112893375,-1.4805689065433274,0.1387262602787791,33049,32944,0.3484618571210385,False
ipsccp,licm,-0.00414898667475716,-2.9535376521207213,0.0031426463018306137,33099,33147,0.016386954617801177,True
ipsccp,loop-simplify,-0.00047623821171188796,-0.3517493884099893,0.7250273409484557,33182,32820,0.8720658252448785,False
ipsccp,div-rem-pairs,-0.001646391481888998,-1.2170314188855964,0.22359660947780105,33169,32909,0.46786792024029594,False
ipsccp,float2int,0.0001738572767187585,0.12847345584697775,0.8977746945062596,33116,32945,0.9563889291856672,False
ipsccp,inline,-0.001249355763168647,-0.9241459318463474,0.35541372612165767,32974,32916,0.6136987855109122,False
ipsccp,sink,-0.0007837789339554813,-0.5745580015989146,0.5655922240844663,32985,32926,0.7760212108806739,False
ipsccp,loop-vectorize,-0.0032170477142035026,-2.3305197143606313,0.019781703846869333,32842,33043,0.07953301053833707,False
ipsccp,slp-vectorizer,-0.0006154093183082243,-0.4529482801607229,0.6505874739392032,32874,33096,0.8286787867388291,False
ipsccp,callsite-splitting,-0.0006200798292398391,-0.45644828981466834,0.6480691500855772,32950,33025,0.8269858364005976,False
ipsccp,dfa-jump-threading,0.0011864479344432244,0.8758196579783598,0.3811312788986544,33168,32640,0.638916989797573,False
ipsccp,consthoist,2.1278054533002688e-05,0.015601791244639597,0.9875521237647329,32864,33201,0.9948667874228757,False
ipsccp,mldst-motion,0.001062068248691539,0.7857590965448307,0.4320114543724861,32968,33047,0.6832620578847559,False
ipsccp,slsr,0.00015733880620427687,0.1161104362377605,0.9075653699504651,33448,32793,0.958984658087901,False
ipsccp,loop-interchange,-0.0032049447600897008,-2.3527198071998776,0.018639599336707335,32932,32864,0.07556177122416761,False
ipsccp,loop-fusion,-0.0006564519167200911,-0.4822302295672599,0.6296440020627291,33133,32939,0.8132209472551607,False
ipsccp,loop-distribute,-0.0022955745125080584,-1.6944166939362308,0.09019082620465893,33266,33036,0.25988761988038583,False
ipsccp,loop-load-elim,-0.0021114284071828693,-1.5619338759013865,0.11830836493380108,32971,32989,0.312157081734659,False
ipsccp,loop-sink,-0.00104708244730628,-0.7695659698326148,0.4415601511188205,33190,32846,0.6924908096841415,False
ipsccp,loop-unroll-and-jam,-6.913136347669324e-05,-0.050827470347413174,0.9594631550262984,32968,32939,0.9826051709009673,False
ipsccp,hotcoldsplit,-0.0009971276154819853,-0.7324162541014407,0.46391714496186853,33133,32798,0.7090942777793432,False
ipsccp,irce,-0.0020459803967553536,-1.5044714020360042,0.1324648256721546,33033,32846,0.33771631336728997,False
ipsccp,nary-reassociate,-0.0015722611932503794,-1.1531874562914923,0.24883763432909736,33033,32859,0.4994423021852808,False
ipsccp,scalarizer,-0.0015727264633599303,-1.157510517108528,0.24706802849862627,33125,32962,0.49692778613283023,False
ipsccp,vector-combine,-0.0013289389442452393,-0.9781948323897937,0.3279815603870144,33255,32708,0.5867408818983776,False
ipsccp,always-inline,-0.0005427540584826973,-0.4004402463827274,0.6888335784588263,33184,33012,0.8557970473492271,False
ipsccp,globalsplit,-0.0004543496712756112,-0.335621736245723,0.7371571934439959,33214,33040,0.8783566001382519,False
ipsccp,lowerswitch,-0.0025180280019533874,-1.6778402810109438,0.09338302180000507,33187,32776,0.26556856453799554,False
ipsccp,early-cse-memssa,-0.004592640180782037,-3.864767709451172,0.00011130158850888924,33083,32772,0.00080864011243193,True
ipsccp,simple-loop-unswitch,-0.0011192000083338205,-0.8256347418285782,0.4090143066664361,32983,32991,0.6631733822689968,False
ipsccp,loop-versioning,0.000863165386015996,0.6357331356862689,0.5249525724903762,33328,32896,0.7488940888423727,False
ipsccp,loop-flatten,-0.0006680961066753976,-0.49177705650893483,0.6228785874612608,33136,33098,0.8090190873957868,False
ipsccp,loop-reroll,-0.00034785713144130925,-0.2553615219887279,0.7984446867508646,33369,32348,0.9142425126656099,False
ipsccp,loop-instsimplify,-0.0008960297021325392,-0.6594317928160383,0.5096208245287618,33260,32980,0.7418866724366658,False
ipsccp,loop-simplifycfg,-7.817291979017593e-05,-0.05814511528933213,0.9536332139777477,33278,32881,0.9822271609513046,False
ipsccp,loop-predication,-0.0008835080432945119,-0.6503221098103223,0.5154864417972704,33159,32871,0.7439027077132134,False
ipsccp,speculative-execution,-0.0008137394596946512,-0.6015279635443324,0.54749045103093,33224,33020,0.7651579608269529,False
ipsccp,partially-inline-libcalls,-0.0028220126167681214,-2.069052674286733,0.038545024158623147,33335,32748,0.1363525877192125,False
ipsccp,load-store-vectorizer,-0.002644186035436813,-1.9625248181988715,0.04970559127510366,33116,33161,0.1643978846565084,False
ipsccp,iroutliner,0.0007430414839192379,0.5533575925957842,0.5800204418264514,33071,33074,0.7856658769257641,False
ipsccp,global-merge,-0.00047260557062056563,-0.34906784882141634,0.7270394881753043,33066,32867,0.8728039962276185,False
ipsccp,break-crit-edges,-0.009692255154735374,-6.912748556465467,4.796544786902936e-12,33277,32686,9.074043181406715e-11,True
ipsccp,unreachableblockelim,-0.0016657638930972496,-1.2326686966032063,0.2177037689839611,33071,33190,0.4603282717825009,False
correlated-propagation,mem2reg,-0.0033217430643708856,-2.9249716883408157,0.0034460567709405365,32697,32806,0.01770965658136895,True
correlated-propagation,sroa,-0.0066445222623667255,-5.828634890682183,5.61441678468383e-09,32645,32743,6.723564565388953e-08,True
correlated-propagation,instsimplify,0.0005628742612810989,0.4209535983345099,0.6737903350045217,33344,32724,0.8465072030406503,False
correlated-propagation,constmerge,-0.0019512461786249657,-1.44357520549146,0.14886323020174796,33143,33140,0.3643427559187781,False
correlated-propagation,function-attrs,-0.0018216077260145846,-1.3470711518560603,0.17796193562863513,32921,33189,0.40786327061743954,False
correlated-propagation,deadargelim,-0.0017698020730997355,-1.3081794596901548,0.19081700784595318,33077,32857,0.4260201839935876,False
correlated-propagation,globaldce,-0.0007857752985624411,-0.5845857589217309,0.5588282883464967,33129,32737,0.7719123728976652,False
correlated-propagation,elim-avail-extern,-0.0017837248328277933,-1.310874837680916,0.18990461520595753,33142,32848,0.4244671650379736,False
correlated-propagation,mergefunc,0.00029259765017086714,0.21502686843234642,0.8297470367761955,33076,32740,0.9318294797865161,False
correlated-propagation,instcombine,0.008771973737846994,7.073640779555382,1.5241128930376461e-12,33124,33054,3.157897401658953e-11,True
correlated-propagation,simplifycfg,0.009805699831545334,7.290432234614919,3.1241344649738624e-13,33124,32793,7.505589303581377e-12,True
correlated-propagation,tailcallelim,-0.002836678561145445,-2.093101378194624,0.036343900357210426,32990,33246,0.1300938882987532,False
correlated-propagation,reassociate,4.553437420518058e-05,0.033421798968267205,0.9733383273675436,32952,33063,0.987459297920026,False
correlated-propagation,memcpyopt,-0.0011824886117904887,-0.8709433573715488,0.3837882406958756,33101,33086,0.641448890552731,False
correlated-propagation,sccp,-0.00025745482717898227,-0.19040700635053412,0.8489907943983237,33152,32747,0.9410477915278468,False
correlated-propagation,dce,-0.0008393245532281601,-0.6171084353353589,0.5371653456174188,32971,32673,0.7586660749887602,False
correlated-propagation,adce,-0.0007290922288056834,-0.5361199904775238,0.591877429229508,33167,32938,0.7914130327423754,False
correlated-propagation,dse,0.007696829085356349,5.727940244242441,1.0209808781434851e-08,33110,32828,1.179398560120911e-07,True
correlated-propagation,jump-threading,0.007479674793171576,5.589231462801133,2.2897532646301178e-08,33063,32904,2.518728591093129e-07,True
correlated-propagation,loop-idiom,0.0012852690165218172,0.9445020551485512,0.3449166091401131,33188,32833,0.6046076281972618,False
correlated-propagation,loop-deletion,-0.0026017788045025747,-1.9223345236407992,0.0545679773797727,32912,33121,0.1767478903384532,False
correlated-propagation,gvn,-0.00287417954633451,-2.2972518582774586,0.02160752696115788,32918,32984,0.0857295598580489,False
correlated-propagation,gvn-hoist,-0.0028154498559423424,-2.091964979069696,0.03644544342496892,33394,32899,0.13021930333227946,False
correlated-propagation,gvn-sink,-0.001627400257376399,-1.2165534559816376,0.2237785021986911,32988,33156,0.46786792024029594,False
correlated-propagation,newgvn,-0.0024578576459322043,-2.063009325101281,0.039115662004688315,32704,33003,0.13765375769959637,False
correlated-propagation,early-cse,2.5683803049514342e-05,0.019936624374429404,0.9840939887521949,33210,33270,0.9932247577199987,False
correlated-propagation,mergereturn,-0.0009302481824356446,-0.6863094014592408,0.4925204322273824,32925,33097,0.7313143425913605,False
correlated-propagation,globalopt,-0.001715325461989492,-1.2655430288627174,0.20568119937073195,33064,32974,0.4474708759643258,False
correlated-propagation,strip-dead-prototypes,-0.002339184678052497,-1.7248101918815144,0.08456635337009848,33086,33111,0.24843348822003422,False
correlated-propagation,indvars,-0.0015567021632120759,-1.1548319484724385,0.248163434960519,33078,32883,0.4983630827207141,False
correlated-propagation,mergeicmps,-0.002705276186032113,-1.9925782977188895,0.046311772741825845,33097,32631,0.15567116056393993,False
correlated-propagation,separate-const-offset-from-gep,-0.0020251690783876786,-1.4919918869103355,0.13570605829766702,33033,32880,0.34285478986688,False
correlated-propagation,libcalls-shrinkwrap,-0.0022061080687333923,-1.6219381012253913,0.10482138350135119,32717,33261,0.2864483864558906,False
correlated-propagation,flattencfg,-0.0009706943126903678,-0.7161757615291708,0.47388537849076556,32875,32691,0.7181121001519115,False
correlated-propagation,loop-reduce,-0.003032378593105456,-2.2346019657756564,0.025446816923310238,33154,33013,0.09779169290646016,False
correlated-propagation,loop-unroll,-0.007769861808790857,-5.72220017143734,1.0560517025239806e-08,33383,32893,1.2127561487049582e-07,True
correlated-propagation,loop-rotate,-0.003924736848759436,-2.833653709367941,0.004603312971216097,33135,32855,0.022646449240304317,True
correlated-propagation,partial-inliner,-0.001838544499791872,-1.3549458487264854,0.17543945698262015,32916,32960,0.40332393534574523,False
correlated-propagation,lower-expect,-0.002156984373182569,-1.5869626560656709,0.11252592109427993,32778,32851,0.2999669891117768,False
correlated-propagation,alignment-from-assumptions,0.00012846200599064828,0.09473020550747002,0.9245294129532757,33050,32942,0.9675192894508358,False
correlated-propagation,rpo-function-attrs,-0.001173959501177102,-0.8652211475317589,0.3869205758105494,32997,32788,0.6454910786365138,False
correlated-propagation,attributor,0.0005235109467285337,0.41041174191075586,0.6815052648539431,33178,32912,0.8507410319311576,False
correlated-propagation,inferattrs,-0.0016831004167296437,-1.238348412373431,0.21559131495622844,32944,32904,0.45884779236537304,False
correlated-propagation,called-value-propagation,-0.000966317054786614,-0.7159339249475503,0.4740346728530877,33129,33122,0.7181121001519115,False
correlated-propagation,licm,-0.007486099168623694,-5.325731818277177,1.0087771128263018e-07,32797,32831,1.0207677451751417e-06,True
correlated-propagation,loop-simplify,-0.001640561586226108,-1.2135091271943084,0.22493956837431245,33030,32992,0.469293207114442,False
correlated-propagation,div-rem-pairs,-0.0012186195843309489,-0.8976114118767592,0.3693960263308902,33182,32842,0.6271713222876261,False
correlated-propagation,float2int,0.0014608620136245531,1.0774100951914314,0.28130103960056085,32982,32926,0.5376158472795493,False
correlated-propagation,inline,-0.001807598940559818,-1.3333390276022958,0.18242520167632223,33249,32383,0.41462138962738826,False
correlated-propagation,sink,-0.0005072111180265959,-0.37395984852170355,0.7084353882637484,33269,32871,0.8644215684711433,False
correlated-propagation,loop-vectorize,-0.00515725220706692,-3.758011656383904,0.00017141588350623682,33272,32898,0.0012008311266733871,True
correlated-propagation,slp-vectorizer,-5.852478735157707e-05,-0.04319909014483166,0.9655429603948102,33044,33302,0.9836337684066798,False
correlated-propagation,callsite-splitting,-0.003293399938247732,-2.4367588861771505,0.01482217947651337,33015,33069,0.061880229029878844,False
correlated-propagation,dfa-jump-threading,-0.000783436460359499,-0.5776662684830475,0.563491445748618,32767,32631,0.7758258796444907,False
correlated-propagation,consthoist,-0.0036759153329620764,-2.693449082717437,0.007073485997124562,32815,33013,0.03285856603171979,True
correlated-propagation,mldst-motion,-0.0037481646471219654,-2.7726671704647976,0.005561452243229388,33051,33037,0.026722266238633476,True
correlated-propagation,slsr,-4.761004525355439e-05,-0.03523046751853959,0.9718960741894566,33360,32719,0.9862516264643462,False
correlated-propagation,loop-interchange,-0.002039240934975539,-1.4998007182130388,0.13367080826877115,32996,33098,0.3394649060833384,False
correlated-propagation,loop-fusion,-0.0017177449492285501,-1.2638297607166953,0.20629559862975796,33047,32984,0.4480607677393966,False
correlated-propagation,loop-distribute,-0.0022242674597394707,-1.649110751260355,0.09912971135538585,33151,32787,0.2760966925090263,False
correlated-propagation,loop-load-elim,-0.0017106748312867848,-1.254125805334045,0.20980075526417882,32931,32611,0.45241176080094947,False
correlated-propagation,loop-sink,-0.0012194505248163678,-0.8971063381811031,0.3696654766662613,33054,32412,0.6271713222876261,False
correlated-propagation,loop-unroll-and-jam,-0.0031834139439613773,-2.3563316505046465,0.0184593294359794,33211,32975,0.07490853271636821,False
correlated-propagation,hotcoldsplit,-0.0006442129788084006,-0.4741165059611927,0.6354184030613879,32912,32846,0.8169069160828611,False
correlated-propagation,irce,-0.0025711008716366446,-1.8899556396283603,0.058768279758250136,33273,32627,0.18710291344171345,False
correlated-propagation,nary-reassociate,-0.0008697302691731967,-0.6396748510162878,0.5223862245158818,33101,33037,0.7471382232301654,False
correlated-propagation,scalarizer,-0.003885258547852155,-2.866292080120498,0.004154421973473813,33196,32786,0.02067181251349867,True
correlated-propagation,vector-combine,-0.002093609942263819,-1.5476689666995096,0.12170682812703258,32720,33064,0.3194396373629086,False
correlated-propagation,always-inline,-0.0016404011495061988,-1.206577744449107,0.22759912789087172,32930,33058,0.47256221943917337,False
correlated-propagation,globalsplit,-0.0011401671175414463,-0.8399351055956691,0.40094783180525945,32921,32733,0.6572451607580438,False
correlated-propagation,lowerswitch,-0.0018106291327060209,-1.2090981240888707,0.22662949256404394,33006,32826,0.47131231698395964,False
correlated-propagation,early-cse-memssa,-0.00599817014026649,-5.0441692322082154,4.567006078684462e-07,32903,33110,4.3727129105448295e-06,True
correlated-propagation,simple-loop-unswitch,-0.0011209424863184436,-0.8263450527042755,0.4086113797593685,32850,32955,0.6631256374379142,False
correlated-propagation,loop-versioning,-0.0015631992118355087,-1.1488494466140662,0.25062224451897924,32935,32834,0.5015006180563734,False
correlated-propagation,loop-flatten,-0.0009797514808111973,-0.7207540012732568,0.4710634379893562,32929,32975,0.71610420153972,False
correlated-propagation,loop-reroll,-0.003818635520011382,-2.83047224264195,0.004649335038807011,33215,32944,0.0228441606172751,True
correlated-propagation,loop-instsimplify,-0.0017173549483022188,-1.2673131501873582,0.20504779160627992,33148,33153,0.4465890722637331,False
correlated-propagation,loop-simplifycfg,-0.0027344825202398337,-2.0260307039274337,0.04276563688153968,33157,33107,0.14729132280396603,False
correlated-propagation,loop-predication,-0.0042043013682525054,-3.0918738124351144,0.0019898031039957188,33087,32867,0.011052580078364871,True
correlated-propagation,speculative-execution,-0.0020525891528136997,-1.5218581450950563,0.12804940787185556,33176,32984,0.3294622084271921,False
correlated-propagation,partially-inline-libcalls,-0.002339977613728117,-1.72049100181225,0.0853479275056066,32998,32831,0.2500291680549059,False
correlated-propagation,load-store-vectorizer,-0.002392909639161833,-1.7733003205091487,0.07618353188935739,33148,33359,0.2301965361718546,False
correlated-propagation,iroutliner,-0.0003579686509493363,-0.26669700691871645,0.789703296881597,32940,32665,0.9094001636851008,False
correlated-propagation,global-merge,-0.0026501419237621726,-1.965613155192225,0.04934750343154427,33311,32639,0.16376679952366727,False
correlated-propagation,break-crit-edges,-0.012472802751885559,-8.914836164926845,5.006044177780602e-19,33367,32921,3.213716229539154e-17,True
correlated-propagation,unreachableblockelim,-0.0022183049005042865,-1.6348597975335142,0.10208323143568016,32743,32979,0.28165912165524337,False
mem2reg,sroa,-0.0008172253068048363,-0.7173045370043931,0.47318876135998666,32652,33025,0.7180912147055141,False
mem2reg,instsimplify,0.004675252807458563,4.141733169854087,3.4512023711680654e-05,32892,32999,0.00026922128457159653,True
mem2reg,constmerge,0.0029557980674052575,2.613839563031563,0.008955132599398147,33122,33091,0.04016987314919031,True
mem2reg,function-attrs,0.005287076905701682,4.68247052565501,2.8399965409943846e-06,33058,33082,2.48246126217277e-05,True
mem2reg,deadargelim,0.0033069633168622548,2.9505591857089817,0.0031731054370205906,33030,33042,0.016523777781080627,True
mem2reg,globaldce,0.003444205479775475,3.043273472479504,0.0023411164365724204,33138,32858,0.012768540342085792,True
mem2reg,elim-avail-extern,0.0038658208022732676,3.4120082763259685,0.0006452471429989194,33228,32977,0.0040820481615246665,True
mem2reg,mergefunc,0.003749419810086918,3.3301637339920336,0.0008684236646642096,32974,33184,0.0052918536076912714,True
mem2reg,instcombine,0.007589004983279857,6.847608150260672,7.574920798892794e-12,32865,33145,1.3733050855770454e-10,True
mem2reg,simplifycfg,0.01644300969058249,14.661836851358549,1.3499437052324135e-48,33127,32882,3.775985392635808e-46,True
mem2reg,tailcallelim,0.0043065525501539414,3.812625421900145,0.00013762326220491917,32892,33162,0.0009834538226176342,True
mem2reg,reassociate,0.0029586051420835147,2.606270852313525,0.009155466896577117,32925,32889,0.040927863432643825,True
mem2reg,memcpyopt,0.003497854962388247,3.1044744173269367,0.001906977715612236,33017,33199,0.010668178191910736,True
mem2reg,sccp,0.004367277045065676,3.872973604696015,0.0001076189933330011,33202,32890,0.0007833382488699485,True
mem2reg,dce,0.0071923483556100565,6.372204175721248,1.875577019202767e-10,33107,32764,2.736273235265721e-09,True
mem2reg,adce,0.005470283362611128,4.77218052270738,1.8263002550593693e-06,33106,33123,1.6291097491600205e-05,True
mem2reg,dse,0.0020502684235653157,1.8131130014789518,0.06981891304833392,33200,33126,0.2144398929390397,False
mem2reg,jump-threading,0.014353428894846365,12.952805472770114,2.522097042792414e-38,33080,33161,5.809724717397113e-36,True
mem2reg,loop-idiom,0.004016115399627096,3.555128896607527,0.00037805782725305865,33088,32909,0.002475709785155481,True
mem2reg,loop-deletion,0.0035131733660868636,3.1274103720201927,0.0017643031839395362,32950,32960,0.009912498232865458,True
mem2reg,gvn,0.01865039256967438,16.329261171439963,8.019191220041969e-60,33081,33020,2.854832074334941e-57,True
mem2reg,gvn-hoist,0.004156482854452803,3.6716011385253413,0.00024122613245365252,32940,32908,0.0016428548429365275,True
mem2reg,gvn-sink,0.003107860509581617,2.7762398397885812,0.005500712754480673,32812,33142,0.026462888386420535,True
mem2reg,newgvn,0.0037118027654986507,3.3474294284238866,0.0008161028091083092,33016,33015,0.00503287579419098,True
mem2reg,early-cse,0.009994495402487757,8.909923693200874,5.23303514630815e-19,32974,33104,3.305252521442374e-17,True
mem2reg,mergereturn,0.0032608521287235126,2.873953477824273,0.004054989761479355,32750,32791,0.020214441714524013,True
mem2reg,globalopt,0.0035234876928844083,3.102901676040332,0.001917142522378604,32771,33185,0.010709743391775483,True
mem2reg,strip-dead-prototypes,0.0038609793486101274,3.428159193027143,0.0006080583077014075,33207,33062,0.0038655135275303767,True
mem2reg,indvars,0.00448101537765444,3.9939919470866765,6.504006284808576e-05,32989,33355,0.00048606275975783173,True
mem2reg,mergeicmps,0.0015492328282207257,1.3689915945788989,0.17100656874086256,32820,33095,0.39761071357602906,False
mem2reg,separate-const-offset-from-gep,0.0037905702996057777,3.3321159792046693,0.0008623560474289065,33313,32790,0.005276541065205621,True
mem2reg,libcalls-shrinkwrap,0.0041397843960439,3.665458555586586,0.00024708896491947247,32902,33200,0.0016769504100947214,True
mem2reg,flattencfg,0.004258410731907691,3.7434054264090277,0.00018169778249857272,32946,32670,0.00126832177587239,True
mem2reg,loop-reduce,0.003011207433313845,2.6670596225176233,0.0076536623693768705,33328,33155,0.03505466881693547,True
mem2reg,loop-unroll,-0.0036478876948981553,-3.2162663817152355,0.0012993239626934816,33275,33135,0.007560405108332354,True
mem2reg,loop-rotate,0.0028848018556426047,2.498361202329132,0.012479324992063308,32997,32642,0.05359945230754812,False
mem2reg,partial-inliner,0.0022756578396515015,2.017653037447696,0.04363144061424819,32997,33130,0.14912958294954434,False
mem2reg,lower-expect,0.0032513720088825915,2.8797918468538506,0.0039806628902413965,32803,32927,0.019956511409234236,True
mem2reg,alignment-from-assumptions,0.004899683192152782,4.293775121312127,1.759115084256804e-05,32866,32944,0.0001432161054043585,True
mem2reg,rpo-function-attrs,0.004271702306516578,3.771348962312151,0.00016250905230403504,32878,33105,0.001143297743101323,True
mem2reg,attributor,0.0033860806367309038,3.005888159898034,0.002649057038977313,33317,32846,0.01415239749609162,True
mem2reg,inferattrs,0.0042390848833385175,3.7375167284280546,0.0001860025924068812,33215,33118,0.0012914648082718915,True
mem2reg,called-value-propagation,0.004709206620663264,4.173520601661744,3.0031175190267516e-05,32838,33248,0.00023655271691910745,True
mem2reg,licm,0.011948303082965295,10.401621617793346,2.549731919782413e-25,33012,33143,3.220887160602558e-23,True
mem2reg,loop-simplify,0.0032212552081924417,2.845077298270912,0.00444143448178975,32992,32842,0.02196042604884932,True
mem2reg,div-rem-pairs,0.0030808580571833333,2.7284312480257116,0.006365313290949422,33295,32953,0.030140951447833055,True
mem2reg,float2int,0.004304320939645168,3.8029484807708394,0.0001431131564321639,32986,32807,0.0010171163713037275,True
mem2reg,inline,0.003068290998425205,2.726328219598875,0.00640602009961707,32971,32946,0.030260524378890766,True
mem2reg,sink,0.003620346668738672,3.1839903387809305,0.0014532712494865088,33044,33108,0.008393820373140367,True
mem2reg,loop-vectorize,-0.002474055323228641,-2.136848252424619,0.032614011192555,32918,32956,0.11860878975972869,False
mem2reg,slp-vectorizer,0.004223373467097391,3.7315263588377183,0.00019048177647296554,33110,33209,0.0013178915842193164,True
mem2reg,callsite-splitting,0.0036393044521563778,3.2181185794925176,0.0012909684687686415,33073,32825,0.007534176637403875,True
mem2reg,dfa-jump-threading,0.0031127054667876575,2.752771331620557,0.005910939101711882,33025,32616,0.028125440488825915,True
mem2reg,consthoist,0.0008552202214018867,0.7535217089593917,0.45113916898743134,33024,32739,0.7012118502017564,False
mem2reg,mldst-motion,0.005528493350363817,4.890812071072348,1.0065693985007968e-06,32932,32974,9.188171945289323e-06,True
mem2reg,slsr,0.004954441168749435,4.375535089491025,1.2132023964534226e-05,33154,32955,0.00010065467340066957,True
mem2reg,loop-interchange,0.005594121919420658,4.912525874710606,9.012489132447164e-07,33067,33058,8.284720056963167e-06,True
mem2reg,loop-fusion,0.004684672857530547,4.148658308132842,3.348448255560757e-05,33163,33303,0.0002627760194143472,True
mem2reg,loop-distribute,0.004838419844982289,4.276393410436696,1.9021192693739244e-05,33228,32825,0.00015394927976212204,True
mem2reg,loop-load-elim,0.004566851845708264,3.993487195158296,6.517926536688657e-05,32984,32830,0.00048617524414614816,True
mem2reg,loop-sink,0.0033128081087351324,2.934891745384414,0.0033377923868335136,32976,32897,0.017266571977331623,True
mem2reg,loop-unroll-and-jam,0.0023335834069345696,2.0612662276252305,0.039281549735884935,33200,32916,0.1379610302831618,False
mem2reg,hotcoldsplit,0.003021627216698519,2.6483385737008467,0.008090781992352778,32851,32773,0.036798492778227034,True
mem2reg,irce,0.0044319297593252704,3.917602696963278,8.952436419846973e-05,33002,32716,0.000658980094363172,True
mem2reg,nary-reassociate,0.00438462862075617,3.8827819750343853,0.00010336861993900504,32986,33033,0.0007548156894898986,True
mem2reg,scalarizer,0.0023173087596112807,2.047259547188436,0.040636547729033926,33221,32964,0.1418295195248635,False
mem2reg,vector-combine,0.004516141920959671,3.994636695288958,6.486367261099483e-05,33301,32762,0.0004856713995117701,True
mem2reg,always-inline,0.004862336853744431,4.321199414752561,1.55409059526717e-05,33291,33002,0.00012785333552660163,True
mem2reg,globalsplit,0.003577248746695072,3.170377914723749,0.0015231035483531353,32910,33082,0.008745562309898647,True
mem2reg,lowerswitch,0.002530385294697457,1.9586838393419732,0.050154043691634,32865,32910,0.16560137866478816,False
mem2reg,early-cse-memssa,0.004513460040992234,4.051448729242417,5.0959825952868834e-05,32903,32909,0.0003874925794785133,True
mem2reg,simple-loop-unswitch,0.0028043267249806547,2.4963587766104283,0.01254997677807637,33112,33015,0.053828816060182985,False
mem2reg,loop-versioning,0.0019307517036408206,1.6951534364911809,0.09005106501506187,32947,32631,0.25967597245874985,False
mem2reg,loop-flatten,0.0035682960454149204,3.1376311967514074,0.0017039398159439728,33083,32871,0.009642526472885257,True
mem2reg,loop-reroll,0.0031771718696492757,2.7982250385486562,0.005139926600426332,32931,32737,0.02491083238523455,True
mem2reg,loop-instsimplify,0.001481522073294994,1.3148625811558037,0.18856064099683292,33171,33096,0.4234510146619569,False
mem2reg,loop-simplifycfg,0.0023425983278494433,2.080800324262937,0.03745600826718721,33280,33156,0.13310138690953277,False
mem2reg,loop-predication,0.0029577971374469825,2.6033602834764253,0.009233555458379561,33108,32870,0.04118291933372934,True
mem2reg,speculative-execution,0.0017140715816039154,1.5290407295801904,0.12625910352923816,33245,33271,0.3267882679580282,False
mem2reg,partially-inline-libcalls,0.003675393437738872,3.262094724828237,0.001106483149310423,33252,32751,0.006575095618664062,True
mem2reg,load-store-vectorizer,0.0022120660775685197,1.9684498457781452,0.04902045427392181,33072,33338,0.16300090859233524,False
mem2reg,iroutliner,0.008029449103837516,7.19489804643375,6.316773653708192e-13,33163,33004,1.421637105052947e-11,True
mem2reg,global-merge,0.0037956355445177836,3.3621904280364405,0.0007737060642670158,33091,33009,0.004801637001061227,True
mem2reg,break-crit-edges,-0.006924168360659455,-5.873072484255764,4.298306434793004e-09,32949,33167,5.24366604319296e-08,True
mem2reg,unreachableblockelim,0.003060372907429665,2.692072413788101,0.007102747260808837,33234,32640,0.03295540079778128,True
sroa,instsimplify,0.006174629813900989,5.526988458449971,3.270055629657025e-08,33158,32737,3.5374413938499746e-07,True
sroa,constmerge,0.00246768303524858,2.197353066099453,0.027998697197642055,33011,33092,0.10542586367881374,False
sroa,function-attrs,0.004783986436577958,4.263421450368702,2.015990312471158e-05,33050,33083,0.0001621071470972701,True
sroa,deadargelim,0.004930885225714721,4.373069080868912,1.2270034948122486e-05,32719,32883,0.00010158447538445594,True
sroa,globaldce,0.003446016075960845,3.0551325100828373,0.0022505112581511335,32971,32806,0.012325877044643132,True
sroa,elim-avail-extern,0.004009680266924054,3.5488478218586765,0.0003871910929985367,32644,32902,0.002527067200303783,True
sroa,mergefunc,0.004418139531870369,3.9309163215339176,8.470920439653478e-05,32799,33038,0.0006258891404091136,True
sroa,instcombine,0.007010838249553397,6.371871247847741,1.8796156799961158e-10,33148,32913,2.736273235265721e-09,True
sroa,simplifycfg,0.016070797449471652,14.331681080074276,1.631232557757627e-46,32955,32687,4.258604464119245e-44,True
sroa,tailcallelim,0.0033885950236705042,3.018026777795968,0.0025452293083614262,33281,33091,0.01371078945326266,True
sroa,reassociate,0.0050341698678635916,4.472194453727386,7.754971092126527e-06,32988,33118,6.587519912530907e-05,True
sroa,memcpyopt,0.004653523934173787,4.146496861887436,3.380214380543397e-05,33174,32962,0.0002642099703434719,True
sroa,sccp,0.004322879970659721,3.842693327816956,0.00012180563393276754,33220,32680,0.000878436210830051,True
sroa,dce,0.003722486753057308,3.316949767924477,0.0009105519586262875,32929,32954,0.005519692677988455,True
sroa,adce,0.0070710470819532745,6.198231768073847,5.743855611065555e-10,33374,32697,7.729532155646981e-09,True
sroa,dse,0.0028117640482275275,2.4982617835903853,0.012482814224842667,33103,32875,0.05359945230754812,False
sroa,jump-threading,0.013587135010370344,12.292188067611763,1.0893992063075829e-34,32914,32785,2.0314701390002356e-32,True
sroa,loop-idiom,0.004308703809255965,3.805243846805785,0.00014179263141787059,33125,32761,0.0010095635356952386,True
sroa,loop-deletion,0.003650012367967914,3.219015609378665,0.0012869402364142218,32755,32852,0.007521877560892677,True
sroa,gvn,0.017394346661141258,15.201096017130045,4.2729734419081446e-52,32656,32871,1.287151076808638e-49,True
sroa,gvn-hoist,0.003798984424385088,3.381038368669958,0.0007225457248144608,32843,32758,0.004519950572481515,True
sroa,gvn-sink,0.001449577674736524,1.2989737275795812,0.1939574962184057,32869,32954,0.4300892158501,False
sroa,newgvn,0.00549427402332725,4.942487003662059,7.732153076311564e-07,32787,32985,7.209312249246688e-06,True
sroa,early-cse,0.008457026837592807,7.567076341425022,3.866794536254382e-14,32766,32875,1.0443012002739422e-12,True
sroa,mergereturn,0.004847466838002856,4.2931454106817695,1.764111834731823e-05,32826,33005,0.0001433249366143116,True
sroa,globalopt,0.003139451068510435,2.7695185291807696,0.005615495583480622,32661,33054,0.026948873412880044,True
sroa,strip-dead-prototypes,0.0024448302024779878,2.173339869262411,0.029758271133811357,33163,33202,0.10983354360038197,False
sroa,indvars,0.003442266211626799,3.0774762954274046,0.0020884730639943593,32948,32821,0.01150275741012927,True
sroa,mergeicmps,0.004422710429028587,3.905972922133551,9.394052688955008e-05,32918,33007,0.000688897197190034,True
sroa,separate-const-offset-from-gep,0.003930224864853726,3.4383935219410584,0.0005855386658317008,32914,32904,0.0037344778752393163,True
sroa,libcalls-shrinkwrap,0.002563204195747293,2.266810642443395,0.023405025477956923,32752,33077,0.09146754906872227,False
sroa,flattencfg,0.001742054900784551,1.5368145807269233,0.12434354738764591,32815,32762,0.3241873046404936,False
sroa,loop-reduce,0.002454299240700397,2.1739365660892234,0.029713434523520314,32935,33196,0.10977151848500523,False
sroa,loop-unroll,-0.004224562245270569,-3.7230368021907267,0.0001970046830174188,33172,32717,0.0013582224272820635,True
sroa,loop-rotate,0.001421926782183336,1.2319729817872138,0.21796360500394,32818,32617,0.4603805162866392,False
sroa,partial-inliner,0.003156681249793958,2.8124007100078234,0.004918770135248384,32972,33095,0.024017336470863678,True
sroa,lower-expect,0.003166272304249207,2.8041195152153917,0.005046903657149682,32809,32730,0.02452068823994808,True
sroa,alignment-from-assumptions,0.003061014706844112,2.711158447929159,0.0067065964118091645,32821,33028,0.031490445501972046,True
sroa,rpo-function-attrs,0.004946751058620191,4.388067060626992,1.1454007869693416e-05,32821,33010,9.563730238319706e-05,True
sroa,attributor,0.0022716458954957774,2.0157497658088195,0.043830214182133925,32956,32716,0.1493813043840178,False
sroa,inferattrs,0.003278317438319467,2.8963309524598597,0.0037767818929678337,33077,32828,0.019084978092942084,True
sroa,called-value-propagation,0.0035497003273798344,3.16539566462277,0.0015494265946144566,32949,32955,0.00888368161714526,True
sroa,licm,0.011992170412606307,10.57773137628896,3.9669202656597585e-26,32784,33180,5.548021342972719e-24,True
sroa,loop-simplify,0.0031938698968004275,2.827845780406097,0.004687650306324598,33018,32915,0.023003557142314696,True
sroa,div-rem-pairs,0.0047394078039525445,4.197173323409774,2.7062126932213166e-05,33015,32825,0.00021452487665292864,True
sroa,float2int,0.004597437545650396,4.074716766299017,4.6124556969557607e-05,32970,32684,0.00035416424527997566,True
sroa,inline,0.005175759080682851,4.616223834287288,3.915223097832677e-06,33021,32816,3.3845504748593296e-05,True
sroa,sink,0.006421937664164767,5.719191359814673,1.0749264192503547e-08,33042,33018,1.2308221806387104e-07,True
sroa,loop-vectorize,0.0020053746685040896,1.730100676204078,0.08361700647663473,32635,32803,0.2465694257247753,False
sroa,slp-vectorizer,0.0037583484127899913,3.3416889332414677,0.000833165080709637,33091,32958,0.005129991283111538,True
sroa,callsite-splitting,0.004290084110883496,3.7890748113414845,0.00015134439764745276,33076,32551,0.001069791807197518,True
sroa,dfa-jump-threading,0.0028648882537741782,2.5394872546627387,0.011103795261405834,33126,32562,0.04842145015998357,True
sroa,consthoist,0.0029537723080882428,2.619139462378438,0.008817220703880404,32730,32772,0.03968762790390306,True
sroa,mldst-motion,0.003363500780185047,2.978602160392426,0.0028967165433214904,33193,32892,0.015287792430791047,True
sroa,slsr,0.005309028564353335,4.703768016319663,2.5591998525608877e-06,33109,32863,2.2470463279435956e-05,True
sroa,loop-interchange,0.006004598863723287,5.283314306066465,1.27271110159645e-07,32780,32855,1.2779324804747943e-06,True
sroa,loop-fusion,0.004487423262974355,3.9751623444180653,7.040619540196736e-05,33141,32782,0.000524164755121871,True
sroa,loop-distribute,0.005406964669389724,4.792003510999477,1.6548324269113286e-06,33054,32798,1.4897296054677614e-05,True
sroa,loop-load-elim,0.004608372060021126,4.059604120745958,4.921295775692929e-05,33014,32636,0.00037640223159401384,True
sroa,loop-sink,0.0027951426384722478,2.4778854552028644,0.013218851110123032,32783,32901,0.05626632711656717,False
sroa,loop-unroll-and-jam,0.003393819934825071,2.99428228334753,0.0027519383701177557,33042,32631,0.014642106871441754,True
sroa,hotcoldsplit,0.0033125565404641955,2.9335183072222613,0.003352596839779777,32832,32856,0.01727469634812843,True
sroa,irce,0.0035670275371726956,3.1744361271816617,0.0015019684773792908,33084,32947,0.008636870128366085,True
sroa,nary-reassociate,0.00408134141413119,3.6016456953740352,0.00031644174933200653,32833,32988,0.002103880968394121,True
sroa,scalarizer,0.004808855422714919,4.264709585346454,2.0044132334682258e-05,32937,32881,0.0001615078646555879,True
sroa,vector-combine,0.0034257944332701795,3.042724931398648,0.0023453844847636505,33236,32941,0.01277402731896308,True
sroa,always-inline,0.003007018468742184,2.673315383515141,0.007512409122856738,32890,33058,0.03452886634402228,True
sroa,globalsplit,0.002556258903486097,2.258269794008835,0.023932110198739597,32819,32895,0.09297434874827804,False
sroa,lowerswitch,0.004340423625546208,3.3871159370283763,0.0007067280645748373,32864,33032,0.004435171636017729,True
sroa,early-cse-memssa,0.004169093404945257,3.72389492712872,0.00019633668604379463,32730,32871,0.0013560043431172836,True
sroa,simple-loop-unswitch,0.0034506794246479955,3.054459125674534,0.002255570048002793,32771,32923,0.012336330039076727,True
sroa,loop-versioning,0.0038933143836529793,3.4564938673794283,0.0005475947503871839,32812,33419,0.0035096252741672863,True
sroa,loop-flatten,0.0027601614691150633,2.450501390135664,0.01426831833886243,32977,33018,0.05995143199032754,False
sroa,loop-reroll,0.0021972180893244375,1.9493008581982725,0.051263749815997454,32975,32830,0.1682649797653529,False
sroa,loop-instsimplify,0.0034879016650953276,3.0989612520189866,0.0019428195285192595,33119,32959,0.010837722612081794,True
sroa,loop-simplifycfg,0.0029072979145167155,2.5869779826396986,0.009684295634605176,32858,33161,0.04285164034476144,True
sroa,loop-predication,0.002913346073407763,2.589139997042725,0.00962370573148659,33050,33051,0.042679346956549624,True
sroa,speculative-execution,0.0017456669172027373,1.559172050841571,0.11896046002443351,32925,33060,0.31349203328107783,False
sroa,partially-inline-libcalls,0.003129061773691433,2.783367076780084,0.005381318543562045,33051,32997,0.02598427055066457,True
sroa,load-store-vectorizer,0.003917791001028181,3.5079310470355023,0.00045190546351646203,33079,33122,0.002920976660298658,True
sroa,iroutliner,0.00864266111045392,7.756210117770003,8.876670429854598e-15,32625,32665,2.6946543723496596e-13,True
sroa,global-merge,0.0036366757732804733,3.219467138592745,0.0012849132603259734,32767,33070,0.007521877560892677,True
sroa,break-crit-edges,-0.004611828193977041,-3.933323602006548,8.386480076333441e-05,32959,33142,0.0006208214740816967,True
sroa,unreachableblockelim,0.0026113744780307813,2.317409383710861,0.020484483850806198,32888,33139,0.08202171652326898,False
instsimplify,constmerge,-0.002916632102923866,-2.1753308980691073,0.02960885669868326,33107,33062,0.10948846348634905,False
instsimplify,function-attrs,-0.0024580724787502395,-1.8374438365131287,0.06614887853311156,33101,33119,0.20526070391098644,False
instsimplify,deadargelim,-0.0032034704377315038,-2.3984914626510725,0.016465507510054354,33293,32969,0.06787255516776089,False
instsimplify,globaldce,-0.0014633210159163967,-1.1016408530448798,0.2706218589209423,33147,32856,0.5286823106275719,False
instsimplify,elim-avail-extern,-0.0019114412933783353,-1.4275309049005496,0.1534316429227703,32994,33176,0.36985280945518006,False
instsimplify,mergefunc,-0.001966346740400471,-1.4756630839105676,0.1400391362552719,33030,32909,0.3508594098372647,False
instsimplify,instcombine,0.0065016007576045864,5.223511536899387,1.760894636536677e-07,33234,33216,1.723915849169407e-06,True
instsimplify,simplifycfg,0.007318833752294307,5.484563454684479,4.1600949299549393e-08,33238,32743,4.438945979755733e-07,True
instsimplify,tailcallelim,-0.001850403833884573,-1.3870874965407058,0.16541975343294799,33154,33060,0.38859253415922274,False
instsimplify,reassociate,-0.0002996238462819045,-0.2222931186873774,0.8240863942865011,32992,33228,0.9284623300668582,False
instsimplify,memcpyopt,-0.004286892661292341,-3.199319064039328,0.0013781769035473754,32977,33033,0.007995467784135589,True
instsimplify,sccp,-0.001641545759622498,-1.2289635321138075,0.21908984682150573,33257,32981,0.4622606897376166,False
instsimplify,dce,-0.0026558563705583182,-1.9813062516463633,0.0475610807002826,33053,32988,0.15892626176431027,False
instsimplify,adce,-0.0007447817549238733,-0.555897148284108,0.5782830411847902,33196,33197,0.7843977794525939,False
instsimplify,dse,0.004141569169834269,3.137866930910913,0.001702563838063637,33337,33193,0.009642526472885257,True
instsimplify,jump-threading,0.005044857455093088,3.8308846971830985,0.00012780055775415248,33281,33211,0.0009149305012161995,True
instsimplify,loop-idiom,-0.002595211785545004,-1.9490920903934228,0.05128864144959178,32939,33352,0.1682649797653529,False
instsimplify,loop-deletion,-0.0010154023864198947,-0.7612601327636096,0.4465044329604989,33165,32724,0.6977299918089839,False
instsimplify,gvn,-0.0032705811812996366,-2.631941694791452,0.008491818157403033,33037,33032,0.038399491806455285,True
instsimplify,gvn-hoist,-0.003772441912271829,-2.8373930011200903,0.0045497468597251265,33033,32877,0.022439305670886138,True
instsimplify,gvn-sink,-0.0033133189656647244,-2.519728242512767,0.011746879460051601,33116,33106,0.050775524320770565,False
instsimplify,newgvn,-0.005451333521305224,-4.614634543815815,3.945280935463333e-06,32933,32974,3.4030220579899586e-05,True
instsimplify,early-cse,0.0013458535278801365,1.0454361126825527,0.2958252900582475,32979,32906,0.5561458645550154,False
instsimplify,mergereturn,-0.0011354912970683029,-0.8552256391628836,0.3924293270968203,33325,33167,0.6497899555649677,False
instsimplify,globalopt,-0.0019249459685472536,-1.4338611267446941,0.15161661308721747,32779,33548,0.36795409556096437,False
instsimplify,strip-dead-prototypes,-0.0021936654303843506,-1.6463686892535223,0.09969261181287194,33084,33264,0.27727007660455005,False
instsimplify,indvars,-0.004293080235833913,-3.23147250791853,0.001232142598941473,33193,33110,0.007277632605512531,True
instsimplify,mergeicmps,-0.0011420147091230626,-0.8503891664200096,0.39511185317753755,32910,32860,0.6519267393636652,False
instsimplify,separate-const-offset-from-gep,-0.0035610194564756337,-2.6497427400213875,0.008057222079705759,33237,32966,0.03668846705131134,True
instsimplify,libcalls-shrinkwrap,-0.004926978268107396,-3.690113531669508,0.0002243343429238037,32951,32956,0.0015331470975385956,True
instsimplify,flattencfg,-0.003129243534027437,-2.336066314974872,0.019490782446862684,32779,32800,0.07856333268154776,False
instsimplify,loop-reduce,-0.003295520660584861,-2.4691922803009128,0.013544342689297972,32916,33430,0.05727823539016291,False
instsimplify,loop-unroll,-0.006593724230717468,-4.911422267410473,9.063373456112367e-07,33234,32867,8.311983712912418e-06,True
instsimplify,loop-rotate,-0.004852044557349722,-3.5415211885085327,0.00039810173932254187,33045,32767,0.002589645201307432,True
instsimplify,partial-inliner,-0.0033232744581405127,-2.487160166297576,0.012879184001897987,33228,32990,0.054999874101889334,False
instsimplify,lower-expect,0.0004861413438578821,0.36347825162282427,0.7162488221214072,32976,32950,0.8680997794575768,False
instsimplify,alignment-from-assumptions,-0.0013005619098031551,-0.973135668285183,0.3304894403823499,32943,33149,0.5898799674281141,False
instsimplify,rpo-function-attrs,-0.004701919570094915,-3.5228008651896805,0.0004273008073254743,33111,32805,0.002770380730938009,True
instsimplify,attributor,-0.0017768548625884395,-1.4027814634566345,0.1606867194920376,33288,32799,0.381371228463931,False
instsimplify,inferattrs,-0.003020912843398116,-2.262022824382693,0.02369921389687969,33052,33318,0.09234439962207051,False
instsimplify,called-value-propagation,-0.0016513854886144874,-1.2380154601654685,0.21571470524633599,33446,32975,0.45884779236537304,False
instsimplify,licm,-0.005949347560709917,-4.310417918939449,1.6318159702135348e-05,33115,33017,0.0001334069173143257,True
instsimplify,loop-simplify,-0.0011442085051883155,-0.857085303660374,0.3914008588760574,33091,32823,0.649319172267655,False
instsimplify,div-rem-pairs,-0.0020636553509167377,-1.544742368716715,0.12241338152336792,33074,33000,0.32086399065964444,False
instsimplify,float2int,-0.0026822021424736664,-1.9994729666786322,0.045561291934407465,33084,32981,0.15365337191497647,False
instsimplify,inline,-0.003125262184146438,-2.33966022885437,0.019304258161887692,33139,32805,0.07793347934221877,False
instsimplify,sink,-0.0012562251974458372,-0.9372216695002835,0.34864797057801916,33005,33080,0.6082359831411065,False
instsimplify,loop-vectorize,-0.00729999008026766,-5.381024493460541,7.431502961590237e-08,33078,32840,7.719301219519196e-07,True
instsimplify,slp-vectorizer,-0.002362874802758763,-1.7681265155076349,0.0770443699765623,32784,33333,0.23190296143598618,False
instsimplify,callsite-splitting,-0.0029219865136918544,-2.1789849946505186,0.02933631928623437,33098,32684,0.10905210957482402,False
instsimplify,dfa-jump-threading,-0.001497631015961065,-1.1184443765848222,0.2633813467112536,32745,32854,0.5176190535249806,False
instsimplify,consthoist,-0.0024034164690250326,-1.794537786893642,0.07273196264700738,32917,32872,0.22066269600619448,False
instsimplify,mldst-motion,-0.005518503632194693,-4.110361519528983,3.955169570465243e-05,32936,33089,0.00030549199285881444,True
instsimplify,slsr,-0.00024697858035477305,-0.1853799449366988,0.8529316055663276,33283,32897,0.9416978357879414,False
instsimplify,loop-interchange,-0.003410235329468825,-2.526312601365764,0.011529012151753778,33145,32673,0.049997355023552376,True
instsimplify,loop-fusion,-0.0006896135749576149,-0.5162647924979786,0.6056712039591657,33177,33144,0.7999353911312287,False
instsimplify,loop-distribute,-0.0025527454256606963,-1.9163237643068176,0.05532819086024337,33316,33026,0.1787666628784761,False
instsimplify,loop-load-elim,-0.004257576317277134,-3.164222167830684,0.00155568650112085,33062,32878,0.008906532658463813,True
instsimplify,loop-sink,-0.0021515885720924666,-1.6053568912815568,0.10842007610493587,33115,32805,0.29369304975832605,False
instsimplify,loop-unroll-and-jam,-0.004903076351772451,-3.6384599809627676,0.0002744828729018387,33135,32669,0.0018532326384200005,True
instsimplify,hotcoldsplit,-0.004188667557572023,-3.132556640294123,0.0017336667853544874,33010,33045,0.009782477134651546,True
instsimplify,irce,-0.00381929955177962,-2.854105205106963,0.004317165063074569,32981,33120,0.021427146244613452,True
instsimplify,nary-reassociate,-0.002948949525969413,-2.1976382254805578,0.02797835243706066,33049,33062,0.10542586367881374,False
instsimplify,scalarizer,-0.001748311728226426,-1.3076352750812286,0.19100158321198657,33113,33151,0.42618928766845554,False
instsimplify,vector-combine,0.0007272522494809475,0.5446284877419402,0.5860108974224535,32983,33033,0.7885974825794941,False
instsimplify,always-inline,-0.0012447363258209498,-0.927718368452295,0.35355709006380337,32739,32881,0.6135842403654217,False
instsimplify,globalsplit,0.0012884063596799167,0.9682090953914263,0.3329434844627496,33282,33034,0.5926344403011117,False
instsimplify,lowerswitch,-0.001366442736846718,-0.9249444925237782,0.3549981668617697,32905,33025,0.6135842403654217,False
instsimplify,early-cse-memssa,-0.007224071460812331,-6.088440441230924,1.1464321767408703e-09,32923,32999,1.4767856592490946e-08,True
instsimplify,simple-loop-unswitch,-0.005071693967479196,-3.8071325532380698,0.00014071377240519665,33457,32893,0.0010037069813091987,True
instsimplify,loop-versioning,-0.003852770709376563,-2.8753484608433433,0.00403710715202101,33061,33031,0.020164938274635558,True
instsimplify,loop-flatten,-0.00313152924013943,-2.3352658235864396,0.01953251241011678,33252,32900,0.07861183823023361,False
instsimplify,loop-reroll,-0.005675831248710017,-4.24115210788344,2.2267683323335892e-05,33317,32898,0.00017832361532552833,True
instsimplify,loop-instsimplify,-0.001531660600893825,-1.145325697240402,0.252078406958622,33281,32903,0.5031289712792884,False
instsimplify,loop-simplifycfg,-0.0038184741993975146,-2.8622378144135863,0.004207927413706253,33391,32977,0.0209114768427331,True
instsimplify,loop-predication,-0.0015994076178434402,-1.1924995993215053,0.23306966632819673,33446,33025,0.4778538289744599,False
instsimplify,speculative-execution,-0.001685312292554808,-1.270559487829957,0.20388986523465613,33229,33076,0.44480931045064814,False
instsimplify,partially-inline-libcalls,-0.0025184294626878767,-1.8735728989742855,0.060993727271766496,33038,33034,0.193102047424739,False
instsimplify,load-store-vectorizer,-0.000648808561134584,-0.48551589965139647,0.6273120393472066,32911,33483,0.8112793745322525,False
instsimplify,iroutliner,-0.0004694504728824933,-0.35580586293621974,0.7219870916743075,33243,32968,0.8710109214407235,False
instsimplify,global-merge,-0.0002754986143417848,-0.206968907117437,0.8360347766244773,33126,33200,0.9346023937372119,False
instsimplify,break-crit-edges,-0.013848234235286527,-10.036350938139591,1.0970059574018702e-23,33057,33225,1.263492743878154e-21,True
instsimplify,unreachableblockelim,-0.0018679818681676674,-1.398555941166274,0.16195086477538398,33255,33042,0.3829707647707752,False
constmerge,function-attrs,0.0016636224432903801,1.2381983977558009,0.21564689646445903,33206,32999,0.45884779236537304,False
constmerge,deadargelim,0.0011955820968046482,0.8824093921850844,0.3775586715412367,33177,32842,0.635375916525777,False
constmerge,globaldce,0.00019024198004324866,0.14057291586131904,0.8882077742719309,33104,32970,0.9525804245276579,False
constmerge,elim-avail-extern,0.0013944945865350666,1.0326299342685552,0.3017808834404199,33349,32927,0.5624816466219345,False
constmerge,mergefunc,0.000951634788811051,0.7031009089779257,0.48199534066774974,33213,32933,0.7232650601502163,False
constmerge,instcombine,0.00983466013392642,7.918354849214195,2.443751869617181e-15,33308,33112,8.699756655837166e-14,True
constmerge,simplifycfg,0.0108254894812011,8.029974648903243,9.909159559779294e-16,33362,32539,3.660780078876954e-14,True
constmerge,tailcallelim,1.8332901831175086e-05,0.013533404099674013,0.9892022762678163,33174,32932,0.995005977948106,False
constmerge,reassociate,0.00012482244217926208,0.09232629535151197,0.9264390750289614,33284,33219,0.9684824927425021,False
constmerge,memcpyopt,0.002669152433996125,1.9739749524850077,0.04838876039276272,33240,32684,0.16113128035549218,False
constmerge,sccp,0.0014794104700432964,1.0905564307454747,0.27547208717308547,33052,33018,0.5327154041332358,False
constmerge,dce,0.001333635869107841,0.9832900845664599,0.32546827692729874,33123,33180,0.5849168299436905,False
constmerge,adce,0.0005000553922732132,0.3669010000890295,0.7136940392338365,32956,33186,0.8666327249355621,False
constmerge,dse,0.008081704007024959,6.024985933006048,1.70007675170582e-09,33447,33218,2.1756537776731994e-08,True
constmerge,jump-threading,0.007154532505897371,5.34878322366759,8.88408659944441e-08,33324,32861,9.036385226863457e-07,True
constmerge,loop-idiom,0.002262932620675173,1.673563635407988,0.0942211283368229,33052,32961,0.2671769317068656,False
constmerge,loop-deletion,-0.001250434911093945,-0.9248989383400774,0.3550218613057002,33073,32918,0.6135842403654217,False
constmerge,gvn,-0.0008415268049379865,-0.6780940951540803,0.4977144096992337,32976,33147,0.7349357573085216,False
constmerge,gvn-hoist,-3.6602039953814725e-05,-0.02713027075971643,0.9783559129763154,33336,32768,0.9906435562843158,False
constmerge,gvn-sink,0.0013649619364626275,1.028654507978132,0.3036458080174068,33128,33156,0.5640683220997684,False
constmerge,newgvn,-0.004002199031679365,-3.3697346894775686,0.00075283665379411,33211,32776,0.004679537041678944,True
constmerge,early-cse,0.004144571941584407,3.2192332551315994,0.0012859575492433584,33273,33023,0.007521877560892677,True
constmerge,mergereturn,-0.0005065099084409774,-0.3736527466961812,0.7086638859219585,32944,33051,0.8644215684711433,False
constmerge,globalopt,0.0012031220087035943,0.8904672157103442,0.37321829915073895,32929,33318,0.6301983878907913,False
constmerge,strip-dead-prototypes,0.0010942052968566096,0.8112309120405885,0.4172359879988637,33176,33150,0.6701788880244258,False
constmerge,indvars,-0.0019810229669737223,-1.465584539606599,0.1427662605222608,33132,32995,0.35496677854296715,False
constmerge,mergeicmps,0.0007622442105365002,0.5634314264344539,0.5731430631680515,32880,32902,0.7793153595021145,False
constmerge,separate-const-offset-from-gep,0.0011169865962647463,0.8240570836014398,0.40991008164769865,33295,33152,0.6633090412117305,False
constmerge,libcalls-shrinkwrap,0.0024363063380120065,1.8058722632359898,0.0709428216475163,33103,33303,0.21653319530138257,False
constmerge,flattencfg,0.0022565558469263003,1.6678234893605366,0.09535551368073672,33066,32962,0.26881401862839144,False
constmerge,loop-reduce,0.00030836277882101415,0.22689526023336226,0.820505888650922,33133,33039,0.9269201473667511,False
constmerge,loop-unroll,-0.0034538207047568603,-2.5532196563601626,0.010675436350085298,33352,32907,0.046709506979814554,True
constmerge,loop-rotate,-0.0016386155890911192,-1.1850606064716396,0.23599775542356902,33053,32899,0.4813370886659876,False
constmerge,partial-inliner,-0.00023692304624212124,-0.17490279036394618,0.8611565539997094,33208,32819,0.9432719108463805,False
constmerge,lower-expect,0.00013646077412388102,0.10024405200741704,0.9201508789900011,33021,32804,0.9643656332652341,False
constmerge,alignment-from-assumptions,0.0008378340772011161,0.6197046993825196,0.5354543490123795,33237,33122,0.757528623819537,False
constmerge,rpo-function-attrs,0.0009005592311409072,0.6652414847732674,0.5058983756382393,33014,32974,0.7397677516801139,False
constmerge,attributor,0.0025446930580205196,2.0008125631364644,0.04541667178404624,33118,33047,0.15345270639027186,False
constmerge,inferattrs,0.0023977724335421113,1.7682170664163939,0.07702922570226546,33139,33083,0.23190296143598618,False
constmerge,called-value-propagation,0.001188778211803021,0.8802244590365405,0.37874093348282095,32887,33067,0.6365448478621145,False
constmerge,licm,-0.002836230551186314,-2.0213195480471433,0.043250718911979,33090,33019,0.14870045237867408,False
constmerge,loop-simplify,-0.0008539274667734853,-0.6302694990606413,0.5285204588382287,33163,32796,0.7523395553655048,False
constmerge,div-rem-pairs,0.000904012734480264,0.6678815066576337,0.5042115687611699,33038,32956,0.739228377592428,False
constmerge,float2int,0.001265742612441334,0.9334410379470448,0.3505957181239503,32995,32947,0.6107352456287319,False
constmerge,inline,0.0014538842176234357,1.075167023762254,0.2823038933973606,32921,32974,0.5384660530062553,False
constmerge,sink,0.0023237408219897726,1.716118658779053,0.08614498787912094,33510,32945,0.2515613516291108,False
constmerge,loop-vectorize,-0.002997745799203033,-2.1779748827304584,0.029411451780770485,32704,33025,0.10916009318691727,False
constmerge,slp-vectorizer,0.002553801797404609,1.8849050971787746,0.05944702695941227,32854,33395,0.18911011988063237,False
constmerge,callsite-splitting,-0.0003107196521519029,-0.23014624788329635,0.8179788392082828,33178,33077,0.9257818307339988,False
constmerge,dfa-jump-threading,0.002592489966784184,1.9228742546019533,0.05450014476352013,32960,33006,0.17667431034266956,False
constmerge,consthoist,0.0010929518389247161,0.805571929868536,0.42049262033005097,32835,33135,0.6740274667263526,False
constmerge,mldst-motion,-0.0008428622316292156,-0.6206618386469056,0.5348242747901641,33120,33237,0.757528623819537,False
constmerge,slsr,0.003402852726361816,2.5210240261830097,0.01170371473725983,33021,33191,0.05069883507866095,False
constmerge,loop-interchange,0.0019216368498822245,1.4149598236127705,0.157084989231897,32779,33302,0.37588257468941033,False
constmerge,loop-fusion,-0.0009592914354218385,-0.7091081799639231,0.4782598497548957,33109,32962,0.7197792358340398,False
constmerge,loop-distribute,0.0015093856596912758,1.119145735999368,0.2630820185628182,33433,32986,0.5174430862340513,False
constmerge,loop-load-elim,0.001246381576785971,0.9203264878622816,0.35740553292292115,33196,32861,0.6152088206268832,False
constmerge,loop-sink,0.0016880054716660875,1.2395940790870996,0.21513000260610074,32965,32693,0.45884779236537304,False
constmerge,loop-unroll-and-jam,0.00022035519954255456,0.16248896376465488,0.8709213140720682,33169,33073,0.946842827847368,False
constmerge,hotcoldsplit,0.00048776626674795764,0.36048088730099215,0.718488701651484,33026,32916,0.8685768266154963,False
constmerge,irce,0.0011643824719196338,0.8614667485889637,0.3889841600856461,33174,32770,0.6479208723502298,False
constmerge,nary-reassociate,-0.0007747406927835487,-0.5731018056117272,0.5665777090660095,33384,32915,0.7764966720713076,False
constmerge,scalarizer,0.00015807004386692025,0.1165846932978477,0.9071895218698836,33371,32797,0.9588540263542413,False
constmerge,vector-combine,-0.001070704235959341,-0.7917270766685789,0.42852267859596593,33014,32933,0.6815258863303958,False
constmerge,always-inline,-0.00022194766806221677,-0.164539320761964,0.869307098305037,32984,33111,0.9463308061571258,False
constmerge,globalsplit,0.0013658246343458136,1.006143759604359,0.3143501225263337,32842,32939,0.5752313457070668,False
constmerge,lowerswitch,0.0018392172281201935,1.2296503912632621,0.21883241305352102,33140,33190,0.46196643100678614,False
constmerge,early-cse-memssa,-0.0018122575137692887,-1.5228563614805877,0.12779944904494073,33034,32798,0.3292183539354683,False
constmerge,simple-loop-unswitch,-0.0013327818002917824,-0.9822299948735069,0.32599016246887275,32858,32997,0.5849613144656077,False
constmerge,loop-versioning,-0.0011361119356556038,-0.8362698760583337,0.4030061073401351,33174,33184,0.6581200651976519,False
constmerge,loop-flatten,-0.0006724667235996629,-0.4969123312612554,0.6192525302080939,33029,32983,0.8061811530235691,False
constmerge,loop-reroll,-0.0010252323504977845,-0.7570551483832044,0.4490195335542969,32935,32882,0.7001001390064131,False
constmerge,loop-instsimplify,-0.00043137057650782795,-0.31958937404942733,0.7492806345042823,33211,33297,0.885213235681129,False
constmerge,loop-simplifycfg,0.00016627890444237403,0.12398934138311361,0.9013240896561038,33362,33038,0.9572839124846,False
constmerge,loop-predication,0.0008411008080750348,0.6164384932845411,0.5376072839901818,32945,32952,0.7586660749887602,False
constmerge,speculative-execution,-0.000440247848720543,-0.3255380977307721,0.7447748824785182,33286,32917,0.8819287692125424,False
constmerge,partially-inline-libcalls,-0.001305653767229853,-0.9593609281461749,0.33738045745916884,33072,33105,0.5976831625039833,False
constmerge,load-store-vectorizer,-0.0013313962888559794,-0.9943004592973423,0.3200802149339752,33448,33336,0.58048658526936,False
constmerge,iroutliner,0.0030682202678317116,2.287861564115776,0.022148728346051624,33044,33027,0.08754792493078964,False
constmerge,global-merge,0.000850836495593088,0.6283049886475365,0.5298063368831334,32967,33084,0.7528017471822751,False
constmerge,break-crit-edges,-0.011351275513059922,-8.092290341293587,5.953623600573026e-16,33333,32970,2.2635330116353368e-14,True
constmerge,unreachableblockelim,-0.000885596433275404,-0.656473999248322,0.5115214793256981,32753,33296,0.7426905504161636,False
function-attrs,deadargelim,-0.00039421554451007923,-0.2911068806443495,0.7709704931099504,33027,32934,0.8988594932387683,False
function-attrs,globaldce,-0.0011935981842004506,-0.887081226829219,0.37503839301444075,33341,32881,0.6327661986404782,False
function-attrs,elim-avail-extern,-0.0012119269897965523,-0.8938897528694397,0.3713841361760174,33244,32859,0.6282247417992588,False
function-attrs,mergefunc,0.000382815024218941,0.28361564341039236,0.776705832434088,33131,33223,0.9025460058788987,False
function-attrs,instcombine,0.005548420858277059,4.44700665391047,8.721660127564314e-06,33039,33175,7.344950765492872e-05,True
function-attrs,simplifycfg,0.008497355090909375,6.310028027983051,2.8074528495773e-10,33197,32952,3.954670992426154e-09,True
function-attrs,tailcallelim,0.0006423340920721499,0.4769531539230913,0.6333970562180375,32982,33164,0.8153789849276248,False
function-attrs,reassociate,0.0008246612897662708,0.608493496931426,0.5428623042194185,33040,33203,0.7622261682765303,False
function-attrs,memcpyopt,-0.0008640584588862077,-0.6370634977175377,0.5240856931573697,32820,33222,0.7482025426191251,False
function-attrs,sccp,6.526498430892147e-05,0.04830821288997996,0.9614707552364496,33105,32985,0.9826051709009673,False
function-attrs,dce,-0.0003317297475747272,-0.24545072023461606,0.8061082218949273,33157,33021,0.9189868404484819,False
function-attrs,adce,0.0020308915181235787,1.5025706072265974,0.13295457360313914,33082,33176,0.3382918499596516,False
function-attrs,dse,0.0069916953973263585,5.23671193669589,1.6395933203266956e-07,33009,33398,1.6132280006028492e-06,True
function-attrs,jump-threading,0.008347261685294871,6.280111136688671,3.404210226378691e-10,33409,32950,4.761031159463912e-09,True
function-attrs,loop-idiom,-0.0007840457451070981,-0.5786976138757273,0.5627951975174862,33174,32950,0.775557791945927,False
function-attrs,loop-deletion,-0.0023640118261137877,-1.7526421404571138,0.07966808820929196,33022,33114,0.2376087078656415,False
function-attrs,gvn,0.0006835271943284593,0.5481135518259804,0.5836157918486797,33019,33062,0.7872681504923974,False
function-attrs,gvn-hoist,0.0002457631943156846,0.18290611300108495,0.8548722481626535,33013,32998,0.9417031379606203,False
function-attrs,gvn-sink,-0.0021246184307487925,-1.594485093883679,0.1108322114433236,33077,32986,0.2972586274307163,False
function-attrs,newgvn,-0.0010052647758053146,-0.8506903374828945,0.39494447643563096,33075,33024,0.6519267393636652,False
function-attrs,early-cse,0.0017705111452555045,1.376319997135799,0.16872723350287225,33292,33014,0.3935293903497604,False
function-attrs,mergereturn,-0.0008006527674574437,-0.5933269928119761,0.552964371895634,32859,33117,0.7692392470136066,False
function-attrs,globalopt,-0.001339787943428039,-0.990708818995798,0.3218314052078501,32792,33439,0.581852161954728,False
function-attrs,strip-dead-prototypes,-0.0006028466402790422,-0.44595333574225454,0.6556324077607637,33012,33411,0.8330488347797373,False
function-attrs,indvars,0.0003947517856918159,0.2934638121483453,0.7691685742241257,33405,32941,0.8977836472911106,False
function-attrs,mergeicmps,-0.0012958862658734582,-0.9638983243660322,0.3351004087851291,33405,33104,0.5956664551986226,False
function-attrs,separate-const-offset-from-gep,-0.0015345544581957804,-1.1327953554890058,0.2573043173785763,32957,33050,0.511473962870307,False
function-attrs,libcalls-shrinkwrap,-0.00044947196575134685,-0.3320398063033946,0.7398602524747163,32913,33341,0.8790587226370354,False
function-attrs,flattencfg,-0.0008058569693078499,-0.5948571613649548,0.5519410005694894,32790,33002,0.768501372002629,False
function-attrs,loop-reduce,-0.0022879314024387143,-1.6915358974308354,0.09073921333338396,33046,33031,0.2605093544087475,False
function-attrs,loop-unroll,-0.003849862386104297,-2.8463245518986278,0.004424065333029517,33285,33064,0.021902199550118313,True
function-attrs,loop-rotate,-0.003100062756368871,-2.2523574798834596,0.02430296056359521,32935,33115,0.09422811244261271,False
function-attrs,partial-inliner,0.0013719307239890566,1.0167333428061798,0.3092840323544995,32954,32948,0.5707616732800284,False
function-attrs,lower-expect,0.0012660833183518183,0.9371301683170775,0.34869504140750357,32864,32995,0.6082359831411065,False
function-attrs,alignment-from-assumptions,-0.00018949205355478504,-0.14037831166397205,0.8883615195033214,33187,33101,0.9525804245276579,False
function-attrs,rpo-function-attrs,-7.502296894273952e-05,-0.05555882015636227,0.9556934378969755,33080,33267,0.9826051709009673,False
function-attrs,attributor,0.003510983233533105,2.758034208876861,0.005816606873960573,32991,33175,0.027744010375675525,True
function-attrs,inferattrs,0.00021279898442522205,0.15764764779153342,0.8747349377753217,33000,33011,0.9491131413805867,False
function-attrs,called-value-propagation,-0.0005459565805810418,-0.40560666108405363,0.6850329435606022,33110,33147,0.8534656885469829,False
function-attrs,licm,-0.004158288612786498,-2.9703322203718994,0.0029758449472567948,33095,33172,0.015663183889055923,True
function-attrs,loop-simplify,-0.0009151544736065165,-0.682441283379186,0.49496234069821066,33175,33194,0.7336657770916652,False
function-attrs,div-rem-pairs,-0.00033230704182546367,-0.24644121041804087,0.8053414693210118,33234,33246,0.9186475950658556,False
function-attrs,float2int,0.0007138436365433098,0.528419636456855,0.5972098880083733,33005,33005,0.7954673202179557,False
function-attrs,inline,-0.002517536198069603,-1.860871273676459,0.06276678318401169,33276,32996,0.1975841824345577,False
function-attrs,sink,-0.000390716893304055,-0.28810236978086085,0.7732692825649937,33109,32950,0.9002963124103127,False
function-attrs,loop-vectorize,-0.0037090883314677137,-2.6972916057127305,0.006992381831101622,32738,33159,0.03255905737288223,True
function-attrs,slp-vectorizer,0.0018370222734298558,1.3569107599704642,0.17481419300287224,33045,33181,0.40245289817710034,False
function-attrs,callsite-splitting,-0.0019399221410481005,-1.435397492394573,0.15117859415398532,33344,32733,0.3677114128614948,False
function-attrs,dfa-jump-threading,0.0007174785612578116,0.529495806391603,0.5964633428634675,33024,32643,0.7954673202179557,False
function-attrs,consthoist,-0.00356187395412344,-2.6271627749241775,0.008612010088039785,32844,32943,0.03880855178914131,True
function-attrs,mldst-motion,-0.0014161785590871556,-1.0438925601823743,0.29653892970681767,32724,33222,0.5566857376471227,False
function-attrs,slsr,-0.001612135595757569,-1.1946406627034583,0.2322317481701076,32921,33081,0.4772898454114945,False
function-attrs,loop-interchange,-0.0010221360192404494,-0.7533547047878436,0.4512394950225807,32709,32953,0.7012118502017564,False
function-attrs,loop-fusion,-0.0024977190609236644,-1.859472572653784,0.06296462375606214,32947,33187,0.19778958846965178,False
function-attrs,loop-distribute,-1.9844895304488297e-05,-0.014712688263424688,0.9882614410303847,33234,32962,0.9948667874228757,False
function-attrs,loop-load-elim,0.001209225054818186,0.8966384640536382,0.36991513010457255,33035,33109,0.6271713222876261,False
function-attrs,loop-sink,-0.0001475057712185257,-0.10916041979035968,0.913075585223265,33180,32767,0.9600854193225851,False
function-attrs,loop-unroll-and-jam,-0.0039259827083484855,-2.918249629397737,0.0035212073924786257,33165,33091,0.018068020703159805,True
function-attrs,hotcoldsplit,-0.0011880276566166303,-0.8767837737908308,0.3806072924373427,32990,32869,0.638311844618687,False
function-attrs,irce,-0.0018720248726226685,-1.3908495701882022,0.1642757144347283,33214,33107,0.38683325178977507,False
function-attrs,nary-reassociate,-0.0005121263964632528,-0.37806765881943627,0.7053815485680092,32925,33101,0.8625347677842965,False
function-attrs,scalarizer,-0.0007307621354246119,-0.5388810940022309,0.5899707177672703,33098,33026,0.7901362551207615,False
function-attrs,vector-combine,0.00010642532592097798,0.07889600380319095,0.937115579808303,33261,33078,0.9736653251603381,False
function-attrs,always-inline,-0.002196428034084541,-1.6284686715663752,0.10343030224079335,33177,33073,0.2836365991421196,False
function-attrs,globalsplit,0.0010711423933625341,0.7964948378718407,0.42574733270098297,33151,33015,0.6797674980620817,False
function-attrs,lowerswitch,-0.00358799623892897,-2.401609397261601,0.016325877918697763,32997,32923,0.06751017732800468,False
function-attrs,early-cse-memssa,-0.002668135552071904,-2.253881749625643,0.024206867055329075,33192,32965,0.09394855439907697,False
function-attrs,simple-loop-unswitch,-0.0012401964863081871,-0.9171435387203093,0.35907076656248715,33007,33272,0.6172612475235733,False
function-attrs,loop-versioning,-0.0005449789757470125,-0.40439541857891104,0.6859232726512396,33124,33214,0.8534656885469829,False
function-attrs,loop-flatten,-0.0022118873749909507,-1.6327047071505116,0.10253589214345372,32989,32946,0.2821718577890125,False
function-attrs,loop-reroll,-0.002892621804039097,-2.1431415497392394,0.032105399216336504,32817,32832,0.11695324961039419,False
function-attrs,loop-instsimplify,-0.00023539012594298026,-0.17462613990929518,0.8613739410589011,33261,33011,0.9432719108463805,False
function-attrs,loop-simplifycfg,-0.0010440483229945396,-0.7780537697868364,0.4365400794718308,33256,33341,0.6890330315242601,False
function-attrs,loop-predication,-0.0014682094052222427,-1.0810643589981523,0.2796724270979486,33192,32969,0.5361770609002484,False
function-attrs,speculative-execution,-0.0014602860160147224,-1.083665797734792,0.27851695128964393,33038,33188,0.5356937039539518,False
function-attrs,partially-inline-libcalls,0.00040376834083660773,0.29682016008868606,0.7666047449529463,33154,33015,0.8958592006075016,False
function-attrs,load-store-vectorizer,-0.0009891672528651307,-0.7381753040550402,0.4604105428665191,32937,33317,0.7070019787152207,False
function-attrs,iroutliner,-0.00018176198564734403,-0.13552069085607446,0.8922006195204073,32907,33131,0.9548668013232892,False
function-attrs,global-merge,-6.116112203607971e-05,-0.04538535415505593,0.9638002906935882,33275,33343,0.9833325702444634,False
function-attrs,break-crit-edges,-0.011140211402609679,-7.965912454339146,1.6659770528923416e-15,33174,33090,6.040709388080009e-14,True
function-attrs,unreachableblockelim,0.000776758216322837,0.5754542899108911,0.564986061568005,33011,32881,0.7758258796444907,False
deadargelim,globaldce,0.0021216181293112757,1.5740850726352362,0.11547258236241596,33234,32713,0.3067779053807469,False
deadargelim,elim-avail-extern,0.0015582279992025772,1.1521983929044233,0.24924372710020648,33151,32929,0.4994423021852808,False
deadargelim,mergefunc,0.0007585673901857604,0.5619793893185383,0.5741319653383603,33014,33157,0.78025357367566,False
deadargelim,instcombine,0.009402583830735889,7.579984485900727,3.500730047417613e-14,33259,33048,9.586614591389773e-13,True
deadargelim,simplifycfg,0.008495247963689001,6.311603724228491,2.779042620444933e-10,33176,32908,3.9287837190116815e-09,True
deadargelim,tailcallelim,4.429797429927884e-06,0.0032775582831314366,0.9973849014096743,33145,33037,0.9984047223722609,False
deadargelim,reassociate,0.0006786644542533526,0.49956891973097206,0.6173803100228994,33120,32977,0.8057646016666877,False
deadargelim,memcpyopt,-0.0004382991254693325,-0.3240729761154366,0.7458838133342238,32865,33101,0.8824413936606708,False
deadargelim,sccp,0.0007330957176772679,0.5411246066408736,0.588423528245729,32814,33077,0.7891764339288315,False
deadargelim,dce,0.0022350990278416916,1.6465117710726698,0.09966322688037671,32715,32917,0.27727007660455005,False
deadargelim,adce,0.003324804357223432,2.439716421142804,0.01470139106756367,33111,33356,0.061441459360276764,False
deadargelim,dse,0.008218017684492651,6.1499751610584275,7.793608667870028e-10,33032,33270,1.0380874674618717e-08,True
deadargelim,jump-threading,0.0057467607404746435,4.309088009299805,1.6416635400496754e-05,32890,33008,0.00013393238380905267,True
deadargelim,loop-idiom,0.0013543681944078179,1.002811399705325,0.3159555167353928,33376,33124,0.576545004938995,False
deadargelim,loop-deletion,0.0011020430417839622,0.8160172012084217,0.4144932368780647,33034,33102,0.6675027998377489,False
deadargelim,gvn,-0.0012569322268865535,-1.0143938924849287,0.3103985369760013,33125,33243,0.571471871555252,False
deadargelim,gvn-hoist,0.00048327142089099606,0.3596871654633166,0.7190822451193664,33001,32814,0.8685768266154963,False
deadargelim,gvn-sink,-0.00015857504201899353,-0.11903975720839903,0.9052442198732956,33105,32975,0.9581207046183176,False
deadargelim,newgvn,-0.00025044447219446653,-0.21147308070385643,0.8325187891045346,33003,32983,0.9322686811934108,False
deadargelim,early-cse,0.004606056777918421,3.6032222077650813,0.0003145274103574692,33040,33001,0.002094709760135798,True
deadargelim,mergereturn,-0.002583623147722758,-1.9061760146098277,0.05663171397215855,32866,33122,0.18177851796309252,False
deadargelim,globalopt,0.001623554490866097,1.1981423131869278,0.23086592010648807,32953,33065,0.4768306662115017,False
deadargelim,strip-dead-prototypes,0.0008716869509282632,0.6432394248818175,0.5200709886393897,32997,33043,0.7462969555826203,False
deadargelim,indvars,-0.0011329654588395077,-0.8400220747243257,0.400899040450477,33165,33106,0.6572451607580438,False
deadargelim,mergeicmps,-0.0005741513161953704,-0.4248043076001051,0.6709807222374844,32889,33112,0.8450877968840743,False
deadargelim,separate-const-offset-from-gep,0.0006793097510489066,0.5019054003317207,0.6157357342385764,33073,33183,0.8050821820628599,False
deadargelim,libcalls-shrinkwrap,-0.0008416106096912346,-0.6227208718617252,0.5334701042361953,33194,33183,0.7563609443117092,False
deadargelim,flattencfg,0.0013488178621083868,0.9981830972262119,0.318194233056324,33260,32887,0.5784812519259818,False
deadargelim,loop-reduce,-0.003074494901759317,-2.2750609747254904,0.02290544254051288,33191,33282,0.0900579447677193,False
deadargelim,loop-unroll,-0.0052117365681381145,-3.845167169173687,0.00012058317952145581,33035,33023,0.0008712245959520683,True
deadargelim,loop-rotate,-0.00032914582338439136,-0.238815502652673,0.8112493910618057,33203,32717,0.921888124076783,False
deadargelim,partial-inliner,-0.0002164398193915673,-0.1600439623314536,0.8728469326708339,33087,33011,0.9481466264463205,False
deadargelim,lower-expect,-0.0005319519488987678,-0.39193494465972273,0.6951075551954937,32617,33006,0.8589590363349805,False
deadargelim,alignment-from-assumptions,0.0005473703318339407,0.4047265847720899,0.685679815629525,32609,33126,0.8534656885469829,False
deadargelim,rpo-function-attrs,-0.0005696585131572673,-0.42257336943632823,0.6726079358316577,33090,32938,0.8458357985602991,False
deadargelim,attributor,0.0019124487603483509,1.5022546915040509,0.13303612077064952,33239,32929,0.3382918499596516,False
deadargelim,inferattrs,0.00146608986190927,1.0893084199000063,0.2760218582726634,33168,33170,0.5335151021696692,False
deadargelim,called-value-propagation,-0.0004576325848113516,-0.3397031236943938,0.7340811859678597,33174,33081,0.8769560476663021,False
deadargelim,licm,-0.0028156082214312317,-2.010918575717102,0.04433810004654699,33322,32952,0.15045753880613347,False
deadargelim,loop-simplify,0.0013595771949196367,1.007847599101547,0.313531323582262,33026,33017,0.5750766572122425,False
deadargelim,div-rem-pairs,0.0005272211381831537,0.39032268463159825,0.6962992034995875,33364,33036,0.8590669532228229,False
deadargelim,float2int,-0.0012793634168803414,-0.9435099665205757,0.34542358817539376,32884,32841,0.6047434065987651,False
deadargelim,inline,0.001879285414350007,1.3972003412602507,0.162358026543242,33241,32845,0.38304046236905087,False
deadargelim,sink,0.0028864485132454876,2.1318095697104202,0.033026190202968,32873,33069,0.11975051929150247,False
deadargelim,loop-vectorize,0.0008040631746660254,0.5870314728439948,0.5571845794490804,32902,33044,0.7708902445236859,False
deadargelim,slp-vectorizer,0.0016156470551957347,1.1950046244618857,0.23208952825092827,32889,32946,0.4772898454114945,False
deadargelim,callsite-splitting,-0.0008668063145305105,-0.6416306846196828,0.5211152315496794,33209,32848,0.7468933337100913,False
deadargelim,dfa-jump-threading,-0.0009449554965526574,-0.6989829306926311,0.48456517551674777,32979,32651,0.7256432991677186,False
deadargelim,consthoist,0.00045451533386092757,0.33446292608571404,0.7380313299119207,32817,32892,0.8783566001382519,False
deadargelim,mldst-motion,0.0015997659178592638,1.1827700910559662,0.2369045423911345,33139,32805,0.4819315262356793,False
deadargelim,slsr,0.0020104675166796038,1.4889160201411336,0.13651428252244519,33002,32726,0.34389551760633585,False
deadargelim,loop-interchange,0.0004418837368778128,0.3262851511690079,0.7442096567713283,32828,33159,0.8816467180213007,False
deadargelim,loop-fusion,0.0002220795851142765,0.16378924483972254,0.8698975600890924,32981,33046,0.9463308061571258,False
deadargelim,loop-distribute,0.0010874413210730793,0.8068067124084405,0.4197807541184032,33479,32669,0.6731748110713736,False
deadargelim,loop-load-elim,0.0012300942142913218,0.9135805648864592,0.3609406223494602,32944,33009,0.6185748258732982,False
deadargelim,loop-sink,0.0023318760875706834,1.7271035192131916,0.08415374379519157,33023,33101,0.24759283298419998,False
deadargelim,loop-unroll-and-jam,0.0012576391388302022,0.9315164019231191,0.35158991815697527,32976,32902,0.6115102208392691,False
deadargelim,hotcoldsplit,0.0009175381493167212,0.6781757309114691,0.4976626628069422,32896,32916,0.7349357573085216,False
deadargelim,irce,-0.0011712655256645443,-0.8662525812214061,0.3863548089999686,33131,32963,0.6449128013827268,False
deadargelim,nary-reassociate,0.0003697142204909798,0.2730854786168075,0.7847883627027863,33071,32992,0.906825384580735,False
deadargelim,scalarizer,0.0002678289372443077,0.1977166886669975,0.8432673406746704,33032,32975,0.9373202602063361,False
deadargelim,vector-combine,9.47609418518458e-05,0.06989827287204249,0.9442748396312864,32947,33042,0.9774729770013528,False
deadargelim,always-inline,0.0023430890603384213,1.7371170874852206,0.08237116440647801,33011,33085,0.2441828007689386,False
deadargelim,globalsplit,0.001517503274161447,1.1212914462624273,0.2621679002598681,32891,33198,0.5166945727017754,False
deadargelim,lowerswitch,-0.001503972216188143,-1.0067966555390795,0.3140362079627438,32814,32928,0.5752313457070668,False
deadargelim,early-cse-memssa,-0.0015011375482948952,-1.261769069508509,0.20703635121891942,32827,33222,0.4491713858023758,False
deadargelim,simple-loop-unswitch,2.3196008016590497e-06,0.0017197103238556974,0.9986278755451077,33069,33089,0.9991381606118145,False
deadargelim,loop-versioning,0.0013392054566559453,0.9880757972444122,0.32311914320283275,33061,33071,0.5831034860747895,False
deadargelim,loop-flatten,0.0005189445260577741,0.38350194421785705,0.7013488649680335,32924,33039,0.8607557692195463,False
deadargelim,loop-reroll,-0.00014909083466091433,-0.11012724071666322,0.9123087988431352,32909,33227,0.9600249656603715,False
deadargelim,loop-instsimplify,-0.0009152006699067461,-0.6788536960014984,0.49723294128095136,33167,33009,0.7349357573085216,False
deadargelim,loop-simplifycfg,0.00011347420529000951,0.08466460531338278,0.9325282913875063,33429,32890,0.972957975224645,False
deadargelim,loop-predication,-0.00023901148343719036,-0.1770947523447779,0.859434506300243,33145,32970,0.9424658433692947,False
deadargelim,speculative-execution,0.0011950746380844923,0.8846834112290349,0.3763306312058998,32820,33136,0.6338540867966898,False
deadargelim,partially-inline-libcalls,0.0020253985604615776,1.4929213886213144,0.13546255571489224,33190,32680,0.34268176238986947,False
deadargelim,load-store-vectorizer,-0.0006805342856620045,-0.5049415470387864,0.6136015643143452,33027,33534,0.804171260326297,False
deadargelim,iroutliner,0.002556341205824264,1.9126376640828318,0.055798772999079954,33083,32994,0.17999011125568132,False
deadargelim,global-merge,-0.0006593145864031147,-0.4882294885750275,0.6253889279377551,32916,32824,0.8109347820543872,False
deadargelim,break-crit-edges,-0.008852236306894246,-6.3293141282680665,2.478235746426339e-10,33059,33165,3.529007702911107e-09,True
deadargelim,unreachableblockelim,-0.0003723866326654224,-0.2760594956679007,0.7825032338989042,32972,33064,0.9055799855894344,False
globaldce,elim-avail-extern,-0.0007092895951331113,-0.5229145851548115,0.6010354520292939,32838,33087,0.7973085467976676,False
globaldce,mergefunc,-0.002485217774338966,-1.8465576229199907,0.0648157261192988,33089,33350,0.20194182541888106,False
globaldce,instcombine,0.009538871062988119,7.719018786569131,1.188576898191154e-14,32979,33463,3.5803593333204297e-13,True
globaldce,simplifycfg,0.01053751473649428,7.866746465571165,3.69466626192672e-15,33064,32987,1.238457918868342e-13,True
globaldce,tailcallelim,0.0008957647433792126,0.6670474890097545,0.5047441187257129,33063,33334,0.739228377592428,False
globaldce,reassociate,0.0035981489605944605,2.66112823778467,0.007789812339288449,33060,32978,0.03559498847217452,True
globaldce,memcpyopt,-0.0011245044991876618,-0.8354309019070311,0.40347816070726045,33135,32876,0.6586162890077665,False
globaldce,sccp,0.00020887615258552428,0.15471094688312104,0.8770496727873425,33166,32818,0.9497864739092299,False
globaldce,dce,0.00141193713902521,1.0483157372553107,0.29449699731458506,32956,33095,0.5552480700452167,False
globaldce,adce,0.002838194593371368,2.085511352398365,0.037026735636868716,33004,33084,0.1319351198853302,False
globaldce,dse,0.006615476779246232,4.934890579383255,8.03894962924025e-07,33149,33239,7.4775597976496005e-06,True
globaldce,jump-threading,0.009598654752219382,7.19792175095889,6.178429844654637e-13,32945,33201,1.3985393798651769e-11,True
globaldce,loop-idiom,0.0012558103081822813,0.9258835379231473,0.3545098960167044,33111,32835,0.6135842403654217,False
globaldce,loop-deletion,0.002006343946388156,1.4892938609971942,0.1364147812956413,33078,32933,0.34389551760633585,False
globaldce,gvn,0.0006233780185647686,0.5054521446071156,0.6132429895324664,33053,33033,0.804171260326297,False
globaldce,gvn-hoist,-0.00010072594986176853,-0.07526973899632897,0.9400003256991892,33004,33112,0.9752047895711873,False
globaldce,gvn-sink,-0.001811430340839748,-1.3660518864285676,0.1719273321808992,32989,33023,0.3983830963434327,False
globaldce,newgvn,-0.003473283135341343,-2.956079223344076,0.0031168710741029193,32793,33294,0.016295950769275078,True
globaldce,early-cse,0.0021490262844067187,1.6824089478934234,0.09249428819630601,32950,33187,0.26380745271430034,False
globaldce,mergereturn,-0.0010435319383744757,-0.775466524003203,0.43806681315878604,32915,33226,0.6901522707461124,False
globaldce,globalopt,-0.0008585623583654001,-0.6354308564926844,0.5251496458995247,33132,33062,0.7489024083548939,False
globaldce,strip-dead-prototypes,-0.0007745904905704926,-0.5761913552963588,0.5644878013954385,33117,33263,0.7758258796444907,False
globaldce,indvars,-0.0016561806342071939,-1.2342932016426336,0.2170980463979387,32922,33355,0.4597922929661049,False
globaldce,mergeicmps,-0.0002340869922465294,-0.17299191658188814,0.8626583130140131,32968,32903,0.9432795701709255,False
globaldce,separate-const-offset-from-gep,-0.0005532449334306189,-0.40826066112826853,0.6830836381936041,33045,33131,0.8521680558031709,False
globaldce,libcalls-shrinkwrap,0.0011160985763197795,0.8257354784267632,0.4089571391626357,33058,33111,0.6631733822689968,False
globaldce,flattencfg,6.573249950991844e-05,0.04864096284991446,0.9612055723686654,32729,33175,0.9826051709009673,False
globaldce,loop-reduce,-0.002767513985158676,-2.036819101390847,0.041672157477967424,32838,33137,0.14454222204049638,False
globaldce,loop-unroll,-0.005098812531580121,-3.761500306245198,0.000169043050221855,32901,33115,0.0011863307968974627,True
globaldce,loop-rotate,0.0003685360301132201,0.2681222270697945,0.7886060760038092,33033,32909,0.9094001636851008,False
globaldce,partial-inliner,-0.00043996485852548783,-0.32626506736494265,0.7442248455151032,33084,33219,0.8816467180213007,False
globaldce,lower-expect,0.00035384916676639566,0.2598656874421928,0.7949681985229602,32471,32880,0.9123564056408238,False
globaldce,alignment-from-assumptions,0.001341094457002201,0.9931565572790259,0.3206373165491937,32970,32852,0.5810345819558735,False
globaldce,rpo-function-attrs,0.00042235035380633335,0.31397208392387116,0.7535432322633052,33003,33098,0.8872144610773011,False
globaldce,attributor,0.002155213102540132,1.6982173787119375,0.0894714280807605,33232,33159,0.25819462959783207,False
globaldce,inferattrs,-0.001722126803526125,-1.2767512711667275,0.20169456559095408,32940,33083,0.4414860591352406,False
globaldce,called-value-propagation,0.0020698609991686157,1.5332584645312186,0.12521698887731106,32818,33026,0.3249982152668849,False
globaldce,licm,-0.0016673809579999532,-1.189317121481069,0.23431917677019723,32806,33306,0.47916130351545294,False
globaldce,loop-simplify,0.0001740411215561677,0.12884132309043317,0.8974835980402266,32889,33406,0.9563889291856672,False
globaldce,div-rem-pairs,0.0003397018824609077,0.2523636090697244,0.8007608088602176,33064,33169,0.9160909516496091,False
globaldce,float2int,0.001275946021172203,0.9429179573861555,0.345726327288491,32894,32977,0.6049438327353578,False
globaldce,inline,0.00023897506459896745,0.17789600340296796,0.8588051953352315,33193,32837,0.9423034869523023,False
globaldce,sink,0.00017007682312319972,0.1260663721198425,0.8996797684213159,33185,33127,0.957191102944713,False
globaldce,loop-vectorize,-0.001388832011773089,-1.0134817685621262,0.31083382228857487,32894,32993,0.5717356731244994,False
globaldce,slp-vectorizer,-0.000507944259738935,-0.377921659648762,0.7054900054170331,32773,33364,0.8625347677842965,False
globaldce,callsite-splitting,0.0011343699828736953,0.8390753288118716,0.4014300788190003,33071,32926,0.6572451607580438,False
globaldce,dfa-jump-threading,0.0004375645159577224,0.3242753526341603,0.7457306082943477,32998,32842,0.8824413936606708,False
globaldce,consthoist,-0.000399200229422636,-0.29517822919668557,0.7678586580689959,32938,33253,0.896702882783534,False
globaldce,mldst-motion,-0.0015050662142945814,-1.1175557539465208,0.2637608343951054,33143,33000,0.517997706866215,False
globaldce,slsr,0.0006848028482656643,0.5085637690878549,0.6110597275250199,33158,32944,0.8027205276712438,False
globaldce,loop-interchange,0.0028105475423346182,2.0745819792441056,0.038029182406569384,32696,32935,0.1348343082724401,False
globaldce,loop-fusion,0.0014665302619435439,1.0860811324334756,0.2774470510516901,33040,33232,0.5347532919130433,False
globaldce,loop-distribute,-0.000249395428366328,-0.18456797578307552,0.8535684739792541,32990,32904,0.9416978357879414,False
globaldce,loop-load-elim,0.0004745087435487072,0.34979753413968584,0.7264917734537759,32527,33046,0.8724139174624307,False
globaldce,loop-sink,-0.0008140428286244061,-0.6058137673264719,0.5446404932796058,33371,33161,0.7631941456950767,False
globaldce,loop-unroll-and-jam,-0.00035680518988628895,-0.26392777069009093,0.7918364019645897,32786,33081,0.9101354124136581,False
globaldce,hotcoldsplit,-0.0018423482752125686,-1.3612542867406383,0.17343800704737702,32981,32796,0.4002258312301287,False
globaldce,irce,-0.0014441109411614805,-1.0736930978947454,0.28296416579352235,33071,33220,0.5392154127724738,False
globaldce,nary-reassociate,-0.0016157526352555962,-1.195597407539706,0.23185799711456176,32755,33331,0.4772898454114945,False
globaldce,scalarizer,0.0007557035738002815,0.5593020877675857,0.5759574638087804,32928,33268,0.7820559737431291,False
globaldce,vector-combine,-0.0015916608748914318,-1.179838294254837,0.23806877987466218,33045,33091,0.4832956671794594,False
globaldce,always-inline,0.002253684454811833,1.6713391434726521,0.09465943856395917,33087,33073,0.2680394244954154,False
globaldce,globalsplit,-0.0004498779457283719,-0.33427985233305724,0.7381694512397822,33042,33181,0.8783566001382519,False
globaldce,lowerswitch,-0.0013725755812959983,-0.9217037161923614,0.3566865204868297,32927,32885,0.6152088206268832,False
globaldce,early-cse-memssa,-0.000782351939164927,-0.6591191438027451,0.509821558988661,32956,33163,0.741903093645335,False
globaldce,simple-loop-unswitch,-0.0010676171553273828,-0.7898922892455298,0.42959350906325267,32995,33093,0.6824691931521351,False
globaldce,loop-versioning,-0.0016122614408113911,-1.1903101826055476,0.2339287724277739,32997,33157,0.47862344539526314,False
globaldce,loop-flatten,0.0008297693566827746,0.6138472783499672,0.5393183645594795,32904,33202,0.760069322765101,False
globaldce,loop-reroll,0.0010876574499084635,0.8026390730822152,0.422186266764632,32876,33150,0.6761887201023717,False
globaldce,loop-instsimplify,-0.0018888249781482402,-1.3992143145569886,0.1617534270649438,33060,32914,0.3829137342296743,False
globaldce,loop-simplifycfg,-0.0012474862233880502,-0.9295304242565419,0.3526176547060873,33221,32987,0.6126223317786326,False
globaldce,loop-predication,0.0003652329519990283,0.27123251405687954,0.7862130526184741,32955,33280,0.9076902968513467,False
globaldce,speculative-execution,-0.0006091937721366958,-0.45340427772934094,0.6502591382783981,33081,33366,0.8286413229737087,False
globaldce,partially-inline-libcalls,-0.0009508486480648282,-0.7043054840530857,0.4812450288406734,33007,33212,0.722882828131982,False
globaldce,load-store-vectorizer,-0.00026199202755916584,-0.19550378839577348,0.8449991692560336,33186,33351,0.9381958454229168,False
globaldce,iroutliner,0.0016776458142456208,1.2572819937958222,0.2086559853484348,32975,33126,0.45093644515699266,False
globaldce,global-merge,0.001371957649522637,1.015764332783698,0.30974535277295756,32839,33099,0.5713437595190305,False
globaldce,break-crit-edges,-0.009004283512422606,-6.453046042255108,1.1037840770362204e-10,33248,32950,1.6818748815851514e-09,True
globaldce,unreachableblockelim,-0.0018999593318245744,-1.407917929013968,0.15916007842963634,33166,32906,0.37888806512489726,False
elim-avail-extern,mergefunc,-0.001463599545765859,-1.0820006206560808,0.27925621242544896,32858,33026,0.5359707644785551,False
elim-avail-extern,instcombine,0.008868818667042422,7.0876073320025315,1.3781733991684558e-12,32863,32899,2.8707058676296133e-11,True
elim-avail-extern,simplifycfg,0.01107967867981452,8.167205532784163,3.2116312541796775e-16,32847,32843,1.2833416317722058e-14,True
elim-avail-extern,tailcallelim,0.0006360722894566684,0.4714874183622005,0.6372942578873324,32857,33278,0.8177078354806008,False
elim-avail-extern,reassociate,0.00015480332930556395,0.11353989550309178,0.9096028808843716,33039,32959,0.9599148820682553,False
elim-avail-extern,memcpyopt,-0.00023868131213333754,-0.1749737206926962,0.8611008207633988,32856,33015,0.9432719108463805,False
elim-avail-extern,sccp,-1.4634322381690268e-06,-0.0010799745337832002,0.9991383084211392,33008,33074,0.9991383084211392,False
elim-avail-extern,dce,-0.0017585769778253324,-1.2913728694365607,0.19657896373131628,32941,32663,0.4334477601192762,False
elim-avail-extern,adce,0.0013334470919159624,0.9727495684207402,0.33068136154892797,33104,32652,0.5899536272553995,False
elim-avail-extern,dse,0.007737982171526159,5.734508833080118,9.822052306783558e-09,32935,33108,1.1413399653817332e-07,True
elim-avail-extern,jump-threading,0.0072304974402299105,5.403682577967006,6.551145779706354e-08,33272,32871,6.859434992869005e-07,True
elim-avail-extern,loop-idiom,-0.0013962967202290621,-1.0313318871614854,0.3023889782831053,33045,33171,0.5628114253596199,False
elim-avail-extern,loop-deletion,-0.001800875430825355,-1.3287071259193146,0.183949220945476,33017,32784,0.4154040546671117,False
elim-avail-extern,gvn,-0.0014201161670418516,-1.1297870534715233,0.2585701062254028,32709,32810,0.5129750085988223,False
elim-avail-extern,gvn-hoist,0.002187187842767113,1.6179329879743185,0.10568183941726446,32822,32896,0.2883972704933851,False
elim-avail-extern,gvn-sink,1.6541512711243378e-06,0.001236195344008281,0.9990136628153015,33016,32873,0.9991383084211392,False
elim-avail-extern,newgvn,-0.0018974613264943763,-1.5965035359010473,0.11038122008498603,32770,33019,0.29642817965124435,False
elim-avail-extern,early-cse,0.0027484864910519713,2.128523978649471,0.03329737598708128,32758,32912,0.12062213169788188,False
elim-avail-extern,mergereturn,-0.0018180776809755272,-1.3321104674718574,0.1828285257982106,32820,32685,0.4152879971147289,False
elim-avail-extern,globalopt,0.0002809927742156715,0.20545016471056574,0.8372210663201899,32580,33214,0.9353944923565946,False
elim-avail-extern,strip-dead-prototypes,-0.00088833773946001,-0.657845392317797,0.5106397710848933,33136,33049,0.7422662745242918,False
elim-avail-extern,indvars,0.00015640953073914332,0.11494084636548188,0.9084923607516404,32834,32761,0.9594541760257346,False
elim-avail-extern,mergeicmps,0.0020342141731785057,1.4905470918344808,0.1360852526120045,32682,32919,0.34359113425442267,False
elim-avail-extern,separate-const-offset-from-gep,-0.0006724119876175827,-0.4922713395003853,0.6225291810597833,32996,32790,0.8088335345156308,False
elim-avail-extern,libcalls-shrinkwrap,-0.001233796362939743,-0.9067734807929984,0.36452989511587114,33033,33207,0.6217435977695401,False
elim-avail-extern,flattencfg,-0.0014878361176289268,-1.094706367730002,0.27364929914941927,32809,33113,0.5318167024660675,False
elim-avail-extern,loop-reduce,-0.0027177587804459447,-1.9913907905116774,0.0464420572642741,32854,33142,0.15597521118944888,False
elim-avail-extern,loop-unroll,-0.006308603866478635,-4.65227834876406,3.2892346343754205e-06,32876,33134,2.856018365457682e-05,True
elim-avail-extern,loop-rotate,-0.0030460606306326188,-2.2026427262790147,0.027623389411433153,32975,32922,0.104616240749683,False
elim-avail-extern,partial-inliner,-0.0014289543936195637,-1.0560221568215638,0.2909619558360895,32831,33202,0.5509705121151482,False
elim-avail-extern,lower-expect,-0.0012767898654773013,-0.9382235938925583,0.34813295804314137,32892,32940,0.6080680926391354,False
elim-avail-extern,alignment-from-assumptions,0.0006810399663089717,0.5019442744379689,0.6157083980711261,32881,32992,0.8050821820628599,False
elim-avail-extern,rpo-function-attrs,-0.0020693131456555047,-1.526901242812581,0.12679035643373707,33109,32977,0.32738804264607557,False
elim-avail-extern,attributor,0.0010852187112541656,0.8522371396512962,0.3940855780831236,33069,32965,0.6514306136654758,False
elim-avail-extern,inferattrs,-0.00016657055807489662,-0.12250578102147121,0.9024988425239393,32740,32975,0.9572839124846,False
elim-avail-extern,called-value-propagation,-0.0010716603511922163,-0.7941846765739279,0.4270907747375685,33254,32966,0.6807030825691162,False
elim-avail-extern,licm,-0.004215018000115089,-2.995071196138547,0.002744824103610912,32995,33121,0.01462412406767392,True
elim-avail-extern,loop-simplify,-0.001014247581276051,-0.7447879466161331,0.4564025888170842,32909,32741,0.7044826715836427,False
elim-avail-extern,div-rem-pairs,0.0002871283633052446,0.21147519384190347,0.8325171379891602,33087,33109,0.9322686811934108,False
elim-avail-extern,float2int,0.0011738940771847117,0.8571492949203208,0.3913655165481347,32859,32654,0.649319172267655,False
elim-avail-extern,inline,0.0019017206628227923,1.401562868441077,0.16105053375858497,32998,32868,0.3817638560524327,False
elim-avail-extern,sink,0.0014881866567348911,1.0963992506632652,0.2729080869156362,32842,33263,0.5311670319888824,False
elim-avail-extern,loop-vectorize,-0.002499447777685959,-1.8195883577630132,0.06882625071524583,32927,33012,0.21188962091265934,False
elim-avail-extern,slp-vectorizer,0.0020892611445273435,1.533183313596902,0.12523552268583485,32572,32960,0.3249982152668849,False
elim-avail-extern,callsite-splitting,-0.0013052086609280922,-0.955674744089397,0.3392401079247892,33063,32541,0.5989469173279868,False
elim-avail-extern,dfa-jump-threading,0.00019283942448622415,0.14141917274373342,0.8875392428893849,32875,32755,0.9525804245276579,False
elim-avail-extern,consthoist,-0.002618444449207058,-1.9181965272506198,0.055090436615287904,32616,32945,0.17814545812177326,False
elim-avail-extern,mldst-motion,-0.0025981182978626616,-1.9109181825590598,0.05601943218636114,32824,33056,0.18055316579571212,False
elim-avail-extern,slsr,-0.0006109565788470772,-0.4479792761962947,0.6541696297894027,32898,32825,0.8314600033285625,False
elim-avail-extern,loop-interchange,-0.0015705331105426712,-1.1472054229213295,0.25130090917420406,32732,32960,0.5020889593500933,False
elim-avail-extern,loop-fusion,-0.0019028300533181497,-1.4027700645180874,0.1606901243527799,32893,33077,0.381371228463931,False
elim-avail-extern,loop-distribute,-0.0008685190838618739,-0.6384935011119596,0.5231546974581571,33026,33018,0.7479173448720342,False
elim-avail-extern,loop-load-elim,6.480032801647884e-05,0.04760998399012266,0.9620272194989281,32888,32902,0.9826051709009673,False
elim-avail-extern,loop-sink,-0.0016874989637086224,-1.2401621992323848,0.21491984487216073,32658,32931,0.45884779236537304,False
elim-avail-extern,loop-unroll-and-jam,-0.002671527662317652,-1.9639142870887745,0.049544231657622756,32998,32877,0.164157800965631,False
elim-avail-extern,hotcoldsplit,0.001074392478356223,0.7879358919829128,0.43073704532238394,33051,32744,0.6824691931521351,False
elim-avail-extern,irce,-9.668040706622971e-06,-0.007090023335433277,0.9943430488581187,32604,32819,0.9974869892641777,False
elim-avail-extern,nary-reassociate,0.00042102827329365544,0.3101392929130766,0.7564560105927919,33100,33013,0.8882652645187369,False
elim-avail-extern,scalarizer,5.9005487234753407e-05,0.04319205285204203,0.9655485714390392,32587,33107,0.9836337684066798,False
elim-avail-extern,vector-combine,0.002074820667246957,1.5213926533078204,0.12816614311480107,32780,32934,0.32946805442153887,False
elim-avail-extern,always-inline,-6.87906855783571e-05,-0.050537634450150325,0.9596941131039595,32913,32914,0.9826051709009673,False
elim-avail-extern,globalsplit,-0.0018992370091343025,-1.406020262690445,0.15972281576399533,33122,32881,0.37976596632167925,False
elim-avail-extern,lowerswitch,-0.000973628027363227,-0.6491322731487189,0.5162551439752628,32839,33106,0.7440762398995691,False
elim-avail-extern,early-cse-memssa,-0.0036882521296072723,-3.0962033100827333,0.0019609801500360974,32962,33031,0.01092346837488102,True
elim-avail-extern,simple-loop-unswitch,-0.002408539367754814,-1.7625681526334318,0.07797800504823152,32606,33053,0.23381460012930674,False
elim-avail-extern,loop-versioning,-0.00013857848553416874,-0.1017402264199327,0.9189631817791989,32836,32961,0.9640128100314339,False
elim-avail-extern,loop-flatten,-0.00031601204482656353,-0.2323386538484389,0.8162757131865638,33104,32856,0.9244826779372539,False
elim-avail-extern,loop-reroll,-0.0007699628964096261,-0.5683927283100192,0.5697702610487441,33039,32953,0.7777440058585826,False
elim-avail-extern,loop-instsimplify,-0.003830449409693737,-2.826813064954772,0.0047027881201157,33149,32936,0.023048959046774817,True
elim-avail-extern,loop-simplifycfg,0.0011349500739499807,0.8387288149190933,0.4016245395405791,32798,33272,0.6572451607580438,False
elim-avail-extern,loop-predication,-0.0025002663618236,-1.8359541549302387,0.0663689307560934,32800,33249,0.20545512477538483,False
elim-avail-extern,speculative-execution,-0.002147564831683657,-1.5869833914243128,0.11252118620039465,32923,33236,0.2999669891117768,False
elim-avail-extern,partially-inline-libcalls,4.841739945515844e-05,0.03546936034060015,0.9717055856222583,33028,32696,0.9862516264643462,False
elim-avail-extern,load-store-vectorizer,-0.0004984412434297925,-0.3685914430384386,0.7124334502757774,33014,33367,0.8659913224667302,False
elim-avail-extern,iroutliner,0.003258867527875242,2.4202480110449125,0.015512610242009856,32857,33063,0.06428294360604296,False
elim-avail-extern,global-merge,-0.0020250220075702097,-1.493967330365295,0.1351889355218578,33117,32933,0.3423565386327945,False
elim-avail-extern,break-crit-edges,-0.009330330155022382,-6.628209930566582,3.423833032470271e-11,32933,33217,5.586554231313992e-10,True
elim-avail-extern,unreachableblockelim,-0.0001955939305518517,-0.14456431281388465,0.8850553158171008,33008,33147,0.951902394051021,False
mergefunc,instcombine,0.010539780951035305,8.465685880065756,2.5976446187126813e-17,33010,33310,1.2109971817712928e-15,True
mergefunc,simplifycfg,0.0075564766574451325,5.6101422612165255,2.0296999605670832e-08,33212,32673,2.251644488833059e-07,True
mergefunc,tailcallelim,0.001913381413787052,1.4164172162384188,0.1566580886909712,33083,33161,0.3756724282387282,False
mergefunc,reassociate,0.0008869794057309033,0.6557948588482362,0.5119584006758034,33197,33099,0.7426905504161636,False
mergefunc,memcpyopt,-0.0004596009976456372,-0.3381703798124938,0.7352358729476235,32861,33062,0.8772649842970425,False
mergefunc,sccp,0.0011901284491188657,0.8841392915568294,0.37662422627188086,33126,33278,0.6340758684783686,False
mergefunc,dce,0.0032909268101637967,2.436162787676961,0.014846635126902074,33062,32788,0.06189771481872967,False
mergefunc,adce,0.001612095259600932,1.1846167237279337,0.23617327170727448,33248,33013,0.48144431650478237,False
mergefunc,dse,0.008870743637468148,6.616550621458128,3.704529553921841e-11,33385,33195,6.019476237824867e-10,True
mergefunc,jump-threading,0.008510757887008058,6.3972117126065156,1.592933787678167e-10,33248,32919,2.336302888594645e-09,True
mergefunc,loop-idiom,0.0036511326062889093,2.698935991452242,0.00695792188548736,32985,33161,0.03247583087433672,True
mergefunc,loop-deletion,-0.0011509526358545186,-0.8526490068733923,0.393857066596151,32945,33154,0.6513278179014051,False
mergefunc,gvn,-0.0021347171767871487,-1.711457204548099,0.08700145218692139,33130,32844,0.25378183571700685,False
mergefunc,gvn-hoist,0.0009490024028182553,0.7092312734362252,0.4781834649761668,33194,33066,0.7197792358340398,False
mergefunc,gvn-sink,0.0005901617647230406,0.44473070725990443,0.6565158273282332,33095,33197,0.8331607650531011,False
mergefunc,newgvn,-0.0022227521286051766,-1.8735436820028792,0.06099776115025591,33129,32938,0.193102047424739,False
mergefunc,early-cse,0.0014986482355094366,1.171269911972986,0.24149450746591344,33169,33186,0.48847752646514314,False
mergefunc,mergereturn,-3.863028933209778e-05,-0.028578069708085088,0.9772011888370095,33056,33212,0.9901647878124893,False
mergefunc,globalopt,0.00044205852793499645,0.32753109276544334,0.7432672662004266,33207,32969,0.8814762611874231,False
mergefunc,strip-dead-prototypes,0.0009269417359428767,0.6851733899736036,0.4932369156817483,33142,32971,0.73163475826126,False
mergefunc,indvars,-0.0005863563779928138,-0.4341683236615753,0.6641676329604294,32776,33251,0.8395353294619242,False
mergefunc,mergeicmps,0.0003024269568689397,0.22362941171695958,0.8230463683108189,33034,32957,0.927907430823003,False
mergefunc,separate-const-offset-from-gep,0.001984494424724481,1.4693904962057063,0.14173164115338163,33026,33403,0.3534606181956814,False
mergefunc,libcalls-shrinkwrap,-0.0010501351843169582,-0.7762358794031025,0.43761249353586607,33297,33014,0.6901522707461124,False
mergefunc,flattencfg,0.0011788412955383576,0.8709582140478386,0.3837801377562113,33067,32921,0.641448890552731,False
mergefunc,loop-reduce,0.00017952079695504608,0.13257653968449437,0.894528690456668,33098,33057,0.9552697986987488,False
mergefunc,loop-unroll,-0.0024307827229424483,-1.794446042692664,0.07274656295811979,33287,32944,0.22066269600619448,False
mergefunc,loop-rotate,-0.0020057982318620327,-1.4572838187219854,0.1450428017394121,33055,33052,0.3590313600578621,False
mergefunc,partial-inliner,-0.0014715135106869726,-1.0917298088827336,0.2749558452449348,33052,33264,0.5325059792181823,False
mergefunc,lower-expect,0.00016177602376737932,0.11941822407137674,0.9049443880074127,33077,32817,0.9581207046183176,False
mergefunc,alignment-from-assumptions,0.0016800463469001103,1.2486025413752504,0.21181489781218274,33142,33070,0.455160062818462,False
mergefunc,rpo-function-attrs,0.002297120077460746,1.7027239454325502,0.08862444804866987,33037,33002,0.25686692697982016,False
mergefunc,attributor,0.0021731969538273943,1.720397261568029,0.0853649125866724,33186,33234,0.2500291680549059,False
mergefunc,inferattrs,0.0021297845632688994,1.5726335330893486,0.11580847814851283,33040,33151,0.3072533878249162,False
mergefunc,called-value-propagation,0.0008349461780855494,0.6199299006466279,0.535306071935365,33184,33054,0.757528623819537,False
mergefunc,licm,-0.002374615074175468,-1.6929130187331762,0.09047672887648754,33064,33172,0.2601349971476409,False
mergefunc,loop-simplify,-0.001645046666727823,-1.219989613059766,0.2224731745053712,32875,33089,0.46638380693952547,False
mergefunc,div-rem-pairs,0.0013843881862533047,1.0227809066739122,0.3064151731868764,33344,33078,0.5671607102300383,False
mergefunc,float2int,0.0012115073109181806,0.8961376528890858,0.37018250989271123,33225,32942,0.6271713222876261,False
mergefunc,inline,-0.0005745575945111381,-0.4254060943078462,0.6705420491535287,33220,32888,0.8450877968840743,False
mergefunc,sink,0.0014662274500689132,1.088531654416096,0.2763644408922592,33164,32913,0.5336504687051712,False
mergefunc,loop-vectorize,-0.0034510281955792976,-2.5176355057177795,0.011816896214732909,33113,32966,0.0510012562980064,False
mergefunc,slp-vectorizer,0.000912261440312756,0.6767085679487872,0.4985932438936939,32919,33283,0.735678652256106,False
mergefunc,callsite-splitting,-0.0015682768479562958,-1.159836341454061,0.24611962392773826,33098,33166,0.4959460522407215,False
mergefunc,dfa-jump-threading,0.0023461941311389567,1.749901577657387,0.0801399636220075,32917,32827,0.2388341686025733,False
mergefunc,consthoist,0.0026581222533747506,1.9609746452669894,0.04988617935167206,32992,33018,0.1648559310895762,False
mergefunc,mldst-motion,-0.00167042428840819,-1.236729784944585,0.21619181559809356,32950,33089,0.45911450644367374,False
mergefunc,slsr,0.00134203500793878,0.9947569133523493,0.31985814968836423,33010,33062,0.58048658526936,False
mergefunc,loop-interchange,-0.0006409062254300602,-0.4724035734876667,0.6366403222616739,32813,32932,0.8174044268776115,False
mergefunc,loop-fusion,0.004311747077873407,3.2008643816106033,0.0013708073411137407,33042,33077,0.007964512682197935,True
mergefunc,loop-distribute,-0.0022658095993507987,-1.6766467848483566,0.09361630994046781,33134,32852,0.2658458808751791,False
mergefunc,loop-load-elim,-0.0001360767196746937,-0.10007565382891703,0.920284568823335,32755,33011,0.9643656332652341,False
mergefunc,loop-sink,0.0007786529975964407,0.5752873326738527,0.5650989485150872,32989,33008,0.7758258796444907,False
mergefunc,loop-unroll-and-jam,-0.003791255745668687,-2.8080994443742004,0.004984942305039772,33155,33025,0.02431012959718026,True
mergefunc,hotcoldsplit,0.00022087197847375784,0.1632143130916731,0.870350195711891,33262,32893,0.9464846893662219,False
mergefunc,irce,-8.119509477844122e-05,-0.060070133829594884,0.9520999580585948,33155,33052,0.9816807361130746,False
mergefunc,nary-reassociate,0.00031059176610553907,0.22928442104829644,0.8186485693985891,33049,33164,0.9262721172392011,False
mergefunc,scalarizer,-0.000494147054918237,-0.3650598892060438,0.7150678659355975,33183,33118,0.8674284173993794,False
mergefunc,vector-combine,0.0018775329766629323,1.385229831630406,0.16598689417071963,32960,32889,0.3893159596426321,False
mergefunc,always-inline,-0.0006763475176216338,-0.5003869213319861,0.6168043223126094,33176,33096,0.8056723569633685,False
mergefunc,globalsplit,0.0015150371485914693,1.1205001792935456,0.2625047608779442,33067,32820,0.5170868428561517,False
mergefunc,lowerswitch,0.0003009672273677211,0.2017925907016096,0.8400794965552216,33163,32795,0.937065032756928,False
mergefunc,early-cse-memssa,-0.0036969956224208733,-3.0927755057168884,0.0019837671201848317,33146,32942,0.011034704606028126,True
mergefunc,simple-loop-unswitch,-0.0003919325908544047,-0.28974726396032574,0.7720105058482744,32934,33034,0.8992431543949538,False
mergefunc,loop-versioning,-0.00014716140077858375,-0.1089304779334578,0.9132579639879034,33019,32935,0.9600854193225851,False
mergefunc,loop-flatten,-0.0012024210387995282,-0.885605707736029,0.37583326293789715,33034,32949,0.6333946786009086,False
mergefunc,loop-reroll,0.000789759920096833,0.5848210922785448,0.5586700201147167,33003,32984,0.7719123728976652,False
mergefunc,loop-instsimplify,-0.0014826403442643188,-1.0951658231805028,0.2734479943441598,33129,32837,0.531689347493411,False
mergefunc,loop-simplifycfg,-0.0010902909733487287,-0.8097169415531991,0.4181057909210819,33187,32980,0.671300646677719,False
mergefunc,loop-predication,0.0006884475798441536,0.5076087044442893,0.6117294738397161,33225,33067,0.8031393753072282,False
mergefunc,speculative-execution,0.0014808757776838544,1.1047096919667398,0.26928941665129313,32934,33287,0.5264789593641857,False
mergefunc,partially-inline-libcalls,0.0013164169134772252,0.9701185621247297,0.3319909455093855,33171,32977,0.5914815935462937,False
mergefunc,load-store-vectorizer,0.0018031171979025484,1.339338556329249,0.18046504728302806,33267,33417,0.4113510623750512,False
mergefunc,iroutliner,0.001854074077177248,1.3828999870638554,0.16670021083448466,33142,32890,0.3897301645539355,False
mergefunc,global-merge,-0.0004933439837995768,-0.3674038269641024,0.7133189919280286,33109,33091,0.8666327249355621,False
mergefunc,break-crit-edges,-0.009388679703723701,-6.687614891930524,2.286370579004104e-11,32917,33145,3.859235856629341e-10,True
mergefunc,unreachableblockelim,0.001041683093487289,0.77074287466965,0.44086211252013835,32934,33062,0.6922277596747641,False
instcombine,simplifycfg,-0.0027213258771355275,-2.193883595424266,0.028247245910533493,33334,32816,0.10605581494309603,False
instcombine,tailcallelim,-0.010561403865090746,-8.494454148674718,2.0289905341383412e-17,33375,33184,9.809292508254004e-16,True
instcombine,reassociate,-0.010486460822360655,-8.403072911214606,4.4343120464960314e-17,33157,33119,1.951097300458254e-15,True
instcombine,memcpyopt,-0.00855734958448745,-6.896493947108587,5.377766285709721e-12,33056,33173,1.0076235777435056e-10,True
instcombine,sccp,-0.00804240504624354,-6.471370449572185,9.779322953665931e-11,32961,33293,1.4980970475036635e-09,True
instcombine,dce,-0.010091928671359385,-8.084851535228111,6.328292619383372e-16,33161,33027,2.3828455670678155e-14,True
instcombine,adce,-0.009543685459601714,-7.616005404790063,2.6510121438024398e-14,33347,32944,7.362669188035712e-13,True
instcombine,dse,-0.0007942268652321727,-0.640625224479967,0.5217684218832077,33279,32998,0.7470352242513495,False
instcombine,jump-threading,-0.005748175958725121,-4.692352390539053,2.7062032230788473e-06,33350,32876,2.370803539502632e-05,True
instcombine,loop-idiom,-0.011540921335338017,-9.271382464085457,1.89049887172315e-20,33465,32933,1.451606584640756e-18,True
instcombine,loop-deletion,-0.012027644150293282,-9.617710844733047,6.956863548257403e-22,33053,33179,6.335599454645579e-20,True
instcombine,gvn,-0.03645676220981314,-31.371926505691476,1.8494485430761223e-214,33162,33048,2.4141468315620315e-211,True
instcombine,gvn-hoist,-0.009507446284879817,-7.675714985086811,1.6674095191434552e-14,33077,33137,4.83672272367835e-13,True
instcombine,gvn-sink,-0.010436975046704433,-8.512071700383343,1.743565321365251e-17,33025,33367,8.534752248082903e-16,True
instcombine,newgvn,-0.021587722076913507,-18.92658065851198,1.1201556587904006e-79,33056,33069,6.266470799747441e-77,True
instcombine,early-cse,-0.009130810445419524,-7.4691163116786345,8.172542533392996e-14,33133,32925,2.078160815634219e-12,True
instcombine,mergereturn,-0.010812618775861538,-8.683661430628577,3.917615851366192e-18,33251,32952,2.1307477324930568e-16,True
instcombine,globalopt,-0.01136765559385916,-9.117953026546044,7.863391616246394e-20,33080,32956,5.598734830767432e-18,True
instcombine,strip-dead-prototypes,-0.011367417987933004,-9.151057409752283,5.79150316342659e-20,33451,33265,4.2791559222601e-18,True
instcombine,indvars,-0.011320590985083478,-9.108981244711353,8.540831411814426e-20,32960,33034,5.972481394404516e-18,True
instcombine,mergeicmps,-0.011689918173903191,-9.376893084138837,7.000855606410585e-21,32994,33028,5.711531365563303e-19,True
instcombine,separate-const-offset-from-gep,-0.009960541175308313,-8.007148866091676,1.1928444120281932e-15,33409,33040,4.3655875864508455e-14,True
instcombine,libcalls-shrinkwrap,-0.011315836515323807,-9.101385620660148,9.158157603478138e-20,33135,33103,6.291814943021121e-18,True
instcombine,flattencfg,-0.009038002828859082,-7.240576574456491,4.51641667786544e-13,33054,32821,1.0403698653247684e-11,True
instcombine,loop-reduce,-0.01124936673885113,-8.976797132272232,2.85890724336446e-19,32978,32861,1.865913460835871e-17,True
instcombine,loop-unroll,-0.015703134707642397,-12.534797580294006,5.291870393581792e-36,33355,32873,1.0906823400666473e-33,True
instcombine,loop-rotate,-0.010974427342286541,-8.659098523047641,4.860153448703093e-18,33165,32812,2.607172726728947e-16,True
instcombine,partial-inliner,-0.008880021642803881,-7.131929411417179,9.997978932444648e-13,33179,33097,2.1394582240138385e-11,True
instcombine,lower-expect,-0.010244965232900693,-8.213424343586828,2.1882782038430357e-16,33062,32733,8.834327264174564e-15,True
instcombine,alignment-from-assumptions,-0.009800633625121513,-7.880183618298398,3.3186242664975277e-15,33128,32870,1.1500648343012671e-13,True
instcombine,rpo-function-attrs,-0.009335189304985225,-7.499237428360715,6.498792923305884e-14,33127,33116,1.7080049052124726e-12,True
instcombine,attributor,-0.011709581641274447,-9.805339959986547,1.1064930913593736e-22,33325,33002,1.1402702488850808e-20,True
instcombine,inferattrs,-0.009748244927437089,-7.829654054580999,4.9641406242509475e-15,33213,33139,1.6335777045854377e-13,True
instcombine,called-value-propagation,-0.010944858141911373,-8.826846232700237,1.1022446511806516e-18,33345,32948,6.539984930338534e-17,True
instcombine,licm,-0.016632267884741203,-13.069432401570593,5.5024232000126885e-39,33104,33259,1.3467180782031055e-36,True
instcombine,loop-simplify,-0.0110548647369611,-8.855056377005429,8.566112672433675e-19,33037,32976,5.324586861150837e-17,True
instcombine,div-rem-pairs,-0.010622263036209278,-8.534321293113365,1.439028893683832e-17,33315,33046,7.318489802163489e-16,True
instcombine,float2int,-0.010323595217349213,-8.26813333155739,1.385753873214306e-16,33145,32780,5.772991667560875e-15,True
instcombine,inline,-0.009827537141635201,-7.878873122749793,3.3534210204885745e-15,33141,33065,1.1519295365116894e-13,True
instcombine,sink,-0.007877407335708408,-6.329521015619462,2.4749411159849825e-10,33471,32717,3.529007702911107e-09,True
instcombine,loop-vectorize,-0.013155362332757659,-10.376311847721114,3.3237628717684557e-25,33050,32859,4.067454814326648e-23,True
instcombine,slp-vectorizer,-0.009447242607723116,-7.573353537611096,3.6839400310993516e-14,33372,33101,1.0018270251239625e-12,True
instcombine,callsite-splitting,-0.011626773920586253,-9.31201096123351,1.2915001214389422e-20,32833,33034,1.0115028951109795e-18,True
instcombine,dfa-jump-threading,-0.007282455397778331,-5.833899705711646,5.439841783092191e-09,33326,32722,6.53448479220522e-08,True
instcombine,consthoist,-0.011708291472749044,-9.419803876690388,4.658817947422045e-21,33182,32959,3.9660719743705927e-19,True
instcombine,mldst-motion,-0.009665750240785864,-7.75845110367584,8.719623822093914e-15,33245,32941,2.667659913071857e-13,True
instcombine,slsr,-0.010968754849831563,-8.82184046903179,1.1524757602412605e-18,33267,33352,6.73596280164892e-17,True
instcombine,loop-interchange,-0.010599773379256272,-8.48899107203797,2.1269334885315403e-17,33111,32873,1.0157404318401843e-15,True
instcombine,loop-fusion,-0.010247768759595877,-8.240824281482086,1.7412556249633314e-16,33220,32858,7.102871903496257e-15,True
instcombine,loop-distribute,-0.007321660121871909,-5.891636357082561,3.8423223981504e-09,33412,32813,4.716781978419112e-08,True
instcombine,loop-load-elim,-0.008540030178904534,-6.8337721749181215,8.342669981684527e-12,33052,32828,1.498619066434707e-10,True
instcombine,loop-sink,-0.010920088690846097,-8.728450785502064,2.640708257603517e-18,33229,32780,1.4564807798275172e-16,True
instcombine,loop-unroll-and-jam,-0.008587587321451429,-6.881469475123411,5.976315242327013e-12,33111,33071,1.10915879094562e-10,True
instcombine,hotcoldsplit,-0.011445401384155174,-9.140765481107138,6.371397829900165e-20,33213,32721,4.6204433151646375e-18,True
instcombine,irce,-0.010293422551861608,-8.261757303656525,1.461560617502656e-16,33361,33047,6.024706713832001e-15,True
instcombine,nary-reassociate,-0.009834211118458613,-7.886072656276221,3.165853977856941e-15,32886,33233,1.1069182301149804e-13,True
instcombine,scalarizer,-0.010456571943311177,-8.368886728268201,5.928122373903931e-17,33284,33029,2.52331817567476e-15,True
instcombine,vector-combine,-0.008910361627565533,-7.172674226807068,7.431739170627211e-13,32860,33034,1.6349826175379864e-11,True
instcombine,always-inline,-0.007860757764783677,-6.304885607690175,2.902177904521436e-10,33279,32956,4.073451137672381e-09,True
instcombine,globalsplit,-0.009205634135049767,-7.381535786679385,1.5830991952292035e-13,33061,32859,3.874635280323476e-12,True
instcombine,lowerswitch,-0.010982616747111151,-7.815782708249466,5.5426146016500575e-15,33191,32735,1.7937916347158367e-13,True
instcombine,early-cse-memssa,-0.021157722985547855,-18.632409992861856,2.7685431840254114e-77,33355,32848,1.3552018885804388e-74,True
instcombine,simple-loop-unswitch,-0.011531615888915547,-9.235114902899465,2.653586049555409e-20,33061,33151,1.9983544173190347e-18,True
instcombine,loop-versioning,-0.010946017260252572,-8.770830871342623,1.8148138601743374e-18,33071,32831,1.029972619774305e-16,True
instcombine,loop-flatten,-0.011806250844574373,-9.490066022282493,2.3820941770464833e-21,33296,33051,2.0729512882920062e-19,True
instcombine,loop-reroll,-0.011639135291785285,-9.32985578508771,1.0916281145123244e-20,33184,32985,8.72411366618421e-19,True
instcombine,loop-instsimplify,-0.012119977213255528,-9.703391827567458,3.0179125316532605e-22,33185,32895,2.88247450584248e-20,True
instcombine,loop-simplifycfg,-0.013468289873309724,-10.82730330437176,2.694263082097535e-27,33325,32793,4.220293691797579e-25,True
instcombine,loop-predication,-0.010463712839954509,-8.38130748592528,5.335537256480241e-17,33120,33054,2.321551544041847e-15,True
instcombine,speculative-execution,-0.00849654264489419,-6.853065549784787,7.291284521857306e-12,33189,33122,1.328031171515963e-10,True
instcombine,partially-inline-libcalls,-0.009781968812402564,-7.813105132991841,5.661323306794609e-15,33011,33108,1.8171919729022697e-13,True
instcombine,load-store-vectorizer,-0.00892986705258697,-7.241247459901751,4.493553999710323e-13,33111,33580,1.0403698653247684e-11,True
instcombine,iroutliner,-0.006920051158284368,-5.60192427370851,2.1282964542388318e-08,33017,32787,2.354352800790753e-07,True
instcombine,global-merge,-0.00907981361782928,-7.261041419122227,3.8833162730789656e-13,33167,32946,9.106027859507322e-12,True
instcombine,break-crit-edges,-0.020331835807473997,-15.720871690442431,1.3728008123585144e-55,32960,33177,4.479906650996619e-53,True
instcombine,unreachableblockelim,-0.011296644265433697,-9.042724672148747,1.5683119484633482e-19,33176,32776,1.058880963824564e-17,True
simplifycfg,tailcallelim,-0.00907262048422125,-6.748428688244406,1.5067961737969773e-11,33015,33260,2.6342025966915017e-10,True
simplifycfg,reassociate,-0.007718689494414899,-5.680703183733271,1.3470248476857168e-08,33014,33261,1.5289708126194976e-07,True
simplifycfg,memcpyopt,-0.008653467226579226,-6.414310075767475,1.42414638684577e-10,32949,33123,2.09660047025866e-09,True
simplifycfg,sccp,-0.008853452578542698,-6.5804658599050025,4.7246846067277126e-11,32813,33263,7.582731524567918e-10,True
simplifycfg,dce,-0.008819604876305842,-6.527333949105033,6.743553009998969e-11,32831,32972,1.0691398213423465e-09,True
simplifycfg,adce,-0.006731815910887506,-4.972388677038954,6.629817720083793e-07,33060,33050,6.271102944890853e-06,True
simplifycfg,dse,-0.002082889841686808,-1.556647393549732,0.11955898934772266,32918,33514,0.3148539659952595,False
simplifycfg,jump-threading,-0.005748028397540739,-4.247925788334708,2.160556748704624e-05,32818,32820,0.0001733758243427727,True
simplifycfg,loop-idiom,-0.01051873977374218,-7.790601378314376,6.765938621458285e-15,32693,33270,2.1335804598951494e-13,True
simplifycfg,loop-deletion,-0.010079926539598993,-7.443403779119299,9.931451237784782e-14,32778,33091,2.50913309981711e-12,True
simplifycfg,gvn,-0.012816947392516487,-10.414519895487757,2.227964803275925e-25,32634,33002,2.9082367232095075e-23,True
simplifycfg,gvn-hoist,-0.009694460570470464,-7.25193569533801,4.1533697127389046e-13,32830,33339,9.681307020884256e-12,True
simplifycfg,gvn-sink,-0.013059192493704741,-9.88360017909544,5.0888526202175445e-23,32842,32862,5.693699103077687e-21,True
simplifycfg,newgvn,-0.013240933820774015,-11.187604740372707,4.9804214225814886e-29,32943,33035,8.479708822099613e-27,True
simplifycfg,early-cse,-0.006295506259249906,-4.9241122205344725,8.49476890613268e-07,32902,33356,7.845640338777257e-06,True
simplifycfg,mergereturn,-0.010469777787852352,-7.705448953766216,1.3220225562972769e-14,32769,32983,3.922000250348588e-13,True
simplifycfg,globalopt,-0.007751633856559914,-5.7383832330632245,9.600122115083499e-09,32730,33339,1.1222112896318501e-07,True
simplifycfg,strip-dead-prototypes,-0.009047488652129676,-6.747657069035744,1.5148526432096058e-11,33040,33069,2.635515381341241e-10,True
simplifycfg,indvars,-0.0105878699255475,-7.87014629871966,3.5956444678637885e-15,33044,33106,1.224395107491704e-13,True
simplifycfg,mergeicmps,-0.007659783875389903,-5.655037457492042,1.564557191731254e-08,32840,33017,1.7605764260975834e-07,True
simplifycfg,separate-const-offset-from-gep,-0.009583262335317866,-7.089913016878922,1.355351004638109e-12,33050,33066,2.838264456771569e-11,True
simplifycfg,libcalls-shrinkwrap,-0.009476371755974378,-7.0469439260416,1.846711661227334e-12,32898,33239,3.7666874201499384e-11,True
simplifycfg,flattencfg,-0.009834110973772348,-7.282803724041659,3.305968011099165e-13,32790,33006,7.846164079675351e-12,True
simplifycfg,loop-reduce,-0.010378860242874766,-7.691803709508979,1.47071314691125e-14,32931,33237,4.330310288198838e-13,True
simplifycfg,loop-unroll,-0.01680740476660425,-12.463818622253216,1.289942115524371e-35,33013,32974,2.5257066621967183e-33,True
simplifycfg,loop-rotate,-0.013625469861817896,-9.87770012908706,5.397297290226778e-23,32587,33043,5.871060052368906e-21,True
simplifycfg,partial-inliner,-0.009366985872444722,-6.918329703164052,4.6114331217475025e-12,32938,33131,8.766200050855931e-11,True
simplifycfg,lower-expect,-0.010961205079225822,-8.142752734718162,3.9310606856974076e-16,32763,32922,1.5549528934536413e-14,True
simplifycfg,alignment-from-assumptions,-0.008648312723748275,-6.4331733745113,1.2581908733267773e-10,32821,33216,1.8737813304149465e-09,True
simplifycfg,rpo-function-attrs,-0.008096362000646118,-6.000174911320879,1.9812884258419956e-09,32844,33155,2.5190667128562512e-08,True
simplifycfg,attributor,-0.00703221324543446,-5.545412682366394,2.9437931844407903e-08,33197,32926,3.202192808408371e-07,True
simplifycfg,inferattrs,-0.009376156362436605,-6.964369541020912,3.329400228943002e-12,32947,33281,6.454421433931086e-11,True
simplifycfg,called-value-propagation,-0.009829464187128656,-7.288105716758301,3.178440066847957e-13,32768,33313,7.589494696205245e-12,True
simplifycfg,licm,-0.014901972354012749,-10.68878410207979,1.2077636380341648e-26,32934,33249,1.7517045950154775e-24,True
simplifycfg,loop-simplify,-0.010484791022190632,-7.7790816044028,7.411394147567483e-15,32728,32815,2.3034142445931955e-13,True
simplifycfg,div-rem-pairs,-0.007251410250043777,-5.373739862443676,7.738017668173182e-08,33024,33111,7.995271026006908e-07,True
simplifycfg,float2int,-0.010629976393525087,-7.8665632486689665,3.700193475679163e-15,32862,33061,1.238457918868342e-13,True
simplifycfg,inline,-0.01009922817236708,-7.48656168678129,7.157972868044849e-14,32946,32881,1.8563325663088496e-12,True
simplifycfg,sink,-0.007045373308723679,-5.235879390884791,1.6470387484230657e-07,32913,32955,1.6164921651189787e-06,True
simplifycfg,loop-vectorize,-0.013323645999687217,-9.72791703036988,2.373282530623162e-22,32871,33070,2.3234435974800755e-20,True
simplifycfg,slp-vectorizer,-0.009234293223881695,-6.8621683328745995,6.8420821822938895e-12,32769,33048,1.2579152030921535e-10,True
simplifycfg,callsite-splitting,-0.008261476840327575,-6.1103127612802846,9.99903963673368e-10,32842,33163,1.309573217974886e-08,True
simplifycfg,dfa-jump-threading,-0.008367261432622342,-6.200190512616946,5.672932638624737e-10,32907,32770,7.686921872960024e-09,True
simplifycfg,consthoist,-0.009718697598416537,-7.18697192176965,6.694411118995883e-13,32646,33233,1.4980179395421646e-11,True
simplifycfg,mldst-motion,-0.010347236962859108,-7.663523424530966,1.833565567123071e-14,33146,32914,5.203074464386917e-13,True
simplifycfg,slsr,-0.008363296232540396,-6.199566983873698,5.695361936337093e-10,32867,32976,7.690702531964157e-09,True
simplifycfg,loop-interchange,-0.009416370014739162,-6.94409146846424,3.844333428386506e-12,32558,33066,7.343614490517833e-11,True
simplifycfg,loop-fusion,-0.00669841286187417,-4.957795738306147,7.147337721596188e-07,32911,33317,6.695926918126955e-06,True
simplifycfg,loop-distribute,-0.010409450083613103,-7.687224713845552,1.5244218328989945e-14,32560,33065,4.4549521624122854e-13,True
simplifycfg,loop-load-elim,-0.01099271869474644,-8.082089294988055,6.474065347403574e-16,32895,32761,2.4145180857554664e-14,True
simplifycfg,loop-sink,-0.00917168880955932,-6.807059262241909,1.0046194356239325e-11,32950,33050,1.7882225954106e-10,True
simplifycfg,loop-unroll-and-jam,-0.008606941332799878,-6.35748710655027,2.0642287831454067e-10,32874,32786,2.9828486770470155e-09,True
simplifycfg,hotcoldsplit,-0.009636736013598768,-7.111147326367749,1.1625202766018404e-12,32784,32903,2.4475426898778534e-11,True
simplifycfg,irce,-0.008965942381595482,-6.666323783103356,2.6434443472063845e-11,32882,33229,4.4049906653873203e-10,True
simplifycfg,nary-reassociate,-0.00971487203890642,-7.185513237707943,6.766101597685951e-13,32914,33081,1.5054576054851242e-11,True
simplifycfg,scalarizer,-0.009077924870524945,-6.733020012053398,1.6752796393415693e-11,33015,33215,2.89004188002713e-10,True
simplifycfg,vector-combine,-0.009763359465720933,-7.228201105686976,4.947417328092112e-13,32541,33127,1.1264003637679482e-11,True
simplifycfg,always-inline,-0.008687464572388282,-6.440327304995501,1.2003327519384224e-10,32993,32952,1.8078857909964854e-09,True
simplifycfg,globalsplit,-0.007997549178112184,-5.942906124829382,2.814139688592275e-09,32913,33053,3.5548938775894676e-08,True
simplifycfg,lowerswitch,-0.016900844890035682,-11.414034198181731,3.798965554454348e-30,32950,32823,6.76215868692874e-28,True
simplifycfg,early-cse-memssa,-0.012981006111391247,-10.929070392785835,8.847736958575475e-28,32502,32782,1.4436557470742317e-25,True
simplifycfg,simple-loop-unswitch,-0.011418440397321483,-8.486660979764427,2.1700490263998343e-17,32741,33152,1.0238448177568375e-15,True
simplifycfg,loop-versioning,-0.00881536866986693,-6.506920143647634,7.72560898679974e-11,32922,32848,1.2149993892493086e-09,True
simplifycfg,loop-flatten,-0.012246402336702544,-9.026396155709733,1.8206978247335169e-19,32806,32836,1.2084496070604157e-17,True
simplifycfg,loop-reroll,-0.01021476926724868,-7.546902811702421,4.514414671723496e-14,32923,32972,1.2108525927718639e-12,True
simplifycfg,loop-instsimplify,-0.011386248634336238,-8.451283324141086,2.93886849505574e-17,33141,32937,1.3539540031339151e-15,True
simplifycfg,loop-simplifycfg,-0.011748327260536928,-8.728870581076075,2.6310285070375715e-18,32830,33110,1.4564807798275172e-16,True
simplifycfg,loop-predication,-0.009996211956593948,-7.38777896562697,1.5105686503823985e-13,32982,33022,3.743915718289539e-12,True
simplifycfg,speculative-execution,-0.007738589693465692,-5.7656451520169885,8.170834347887068e-09,32811,33046,9.637646779013784e-08,True
simplifycfg,partially-inline-libcalls,-0.00904246537170239,-6.6964806998568855,2.1520699700799984e-11,32644,33210,3.648270996897521e-10,True
simplifycfg,load-store-vectorizer,-0.009960686564466803,-7.437856353417662,1.0355858430273199e-13,33091,33411,2.599586000830118e-12,True
simplifycfg,iroutliner,-0.007159923954381753,-5.352870452954612,8.685873123317547e-08,32779,33089,8.880908394493867e-07,True
simplifycfg,global-merge,-0.0075770932815389935,-5.644497479024325,1.663446355735185e-08,32816,32943,1.8611588368739953e-07,True
simplifycfg,break-crit-edges,-0.04552556357649906,-33.17265155879174,2.5465747709546083e-239,33028,33037,9.972386803058246e-236,True
simplifycfg,unreachableblockelim,-0.010036012646040204,-7.472773695161777,7.948612130463364e-14,32935,33187,2.034429091692453e-12,True
tailcallelim,reassociate,0.00015455135672148845,0.11377866398441812,0.909413597343341,33081,33148,0.9599148820682553,False
tailcallelim,memcpyopt,-0.0016459045554667595,-1.2242997619191072,0.22084351177581096,33065,33325,0.4644592868496647,False
tailcallelim,sccp,-0.00013013560167229876,-0.0962832654168638,0.9232958940739181,33074,32911,0.9664866937165099,False
tailcallelim,dce,0.001000394807958327,0.7404875075040283,0.45900686628853865,33054,33111,0.7068308644852211,False
tailcallelim,adce,0.0005241453028782539,0.38658709570616356,0.6990631549759557,33168,33049,0.8602288071786841,False
tailcallelim,dse,0.007390502587639847,5.535570656375295,3.11382567295128e-08,33281,33307,3.377767682902275e-07,True
tailcallelim,jump-threading,0.006863301111465214,5.162831167081253,2.4394381485146305e-07,33183,33065,2.376328305866491e-06,True
tailcallelim,loop-idiom,-0.0009263321636288624,-0.6870840745911753,0.4920321436372687,33283,33263,0.731048502737229,False
tailcallelim,loop-deletion,0.000288375964610621,0.2130970588594623,0.8312519167373402,33176,32836,0.9319159765082807,False
tailcallelim,gvn,-0.0011182997614272439,-0.8953501944765763,0.3706031881081563,33073,32870,0.6271746260291876,False
tailcallelim,gvn-hoist,-0.001210911481446919,-0.8978554869528589,0.3692658770138331,33095,32840,0.6271713222876261,False
tailcallelim,gvn-sink,-0.001450016374982377,-1.0905909741287148,0.27545686274812464,33212,33151,0.5327154041332358,False
tailcallelim,newgvn,-0.002689049033356594,-2.2721322569625753,0.02308171194076722,33173,33131,0.09056912220445333,False
tailcallelim,early-cse,0.0017055897681081955,1.3285806522357362,0.1839909170718797,33224,33287,0.4154040546671117,False
tailcallelim,mergereturn,-0.00271442312930259,-1.999430494171522,0.04556586947141026,33243,33046,0.15365337191497647,False
tailcallelim,globalopt,-0.0004996120493301892,-0.36940997690620186,0.7118233454795521,33094,33033,0.8659913224667302,False
tailcallelim,strip-dead-prototypes,8.544013423517072e-05,0.06316169813975733,0.9496379348365223,32948,33320,0.980484766454491,False
tailcallelim,indvars,-0.0007731828476386093,-0.5754837623488833,0.5649661236052852,33123,33137,0.7758258796444907,False
tailcallelim,mergeicmps,-0.0006543082668767353,-0.48381753902009167,0.6285169682282282,32958,33194,0.8123011378157563,False
tailcallelim,separate-const-offset-from-gep,-0.002940769392614173,-2.160360943819798,0.030748314749448512,33294,32935,0.11284948505983165,False
tailcallelim,libcalls-shrinkwrap,-0.0016778234388710733,-1.241224335799813,0.21452728782720687,33303,32862,0.45884779236537304,False
tailcallelim,flattencfg,-0.0012320297879113706,-0.9112805171740984,0.3621509197927995,32867,33104,0.6196170886239337,False
tailcallelim,loop-reduce,-0.0027541755652695232,-2.0265558429388726,0.04271184195481594,33182,33285,0.14723553969635497,False
tailcallelim,loop-unroll,-0.006154891867213241,-4.535993778109074,5.743317830907099e-06,33447,32874,4.8999635350396944e-05,True
tailcallelim,loop-rotate,-0.0015495734830399122,-1.122603901366459,0.26160984189387926,33051,32944,0.5163397334840691,False
tailcallelim,partial-inliner,-0.0015762126304322277,-1.1677842458127232,0.2428980000351442,33222,33142,0.49080937468401686,False
tailcallelim,lower-expect,-0.0027963280091523046,-2.077798754792352,0.03773175516001999,32898,33102,0.13395970372315347,False
tailcallelim,alignment-from-assumptions,-0.0014246772817224085,-1.0498950444841637,0.2937702185547946,32894,33053,0.5546789661815699,False
tailcallelim,rpo-function-attrs,0.002578650715678088,1.9189020698755155,0.055001009142674535,33083,33351,0.17800326595265578,False
tailcallelim,attributor,6.473321366190499e-05,0.050945317125044284,0.9593692480796873,33254,33021,0.9826051709009673,False
tailcallelim,inferattrs,-0.0005191613122971228,-0.3833491059572218,0.7014621632378562,33037,33249,0.8607557692195463,False
tailcallelim,called-value-propagation,-0.0004010468382537047,-0.2962144767195868,0.7670672245573452,33007,33087,0.8961322348945597,False
tailcallelim,licm,-0.004958433403035756,-3.5370875445468384,0.00040484081970260344,33388,33125,0.00262911550573034,True
tailcallelim,loop-simplify,0.00026642331477477743,0.19742893841907325,0.8434924915646395,33231,33001,0.9373202602063361,False
tailcallelim,div-rem-pairs,0.0003283941989408179,0.2430676148228831,0.8079537718365594,33193,32998,0.9200194738330812,False
tailcallelim,float2int,-0.001446569533940012,-1.0697562104470155,0.28473295725477693,32885,33353,0.5420584640786128,False
tailcallelim,inline,-0.0007386848275184321,-0.5471629019418256,0.5842686675422019,33250,32875,0.7878774456250903,False
tailcallelim,sink,0.001491264083428645,1.0988324046966194,0.27184518303028665,33236,32794,0.5298883707051283,False
tailcallelim,loop-vectorize,-0.0027290513974203012,-1.9878487523643744,0.046832536391235184,32956,33214,0.15688298760314542,False
tailcallelim,slp-vectorizer,1.718181641796601e-05,0.012699340362842497,0.9898677030832559,32960,33114,0.995005977948106,False
tailcallelim,callsite-splitting,-0.002317813886644038,-1.709661859981359,0.08733312030565116,33006,32991,0.25427249004976205,False
tailcallelim,dfa-jump-threading,-0.0008693583396357507,-0.6438954671613027,0.5196454559128206,33151,32937,0.7462162102510471,False
tailcallelim,consthoist,-0.0010436442811225244,-0.7725628625285714,0.4397838769119757,33235,33248,0.6916200724593938,False
tailcallelim,mldst-motion,-0.0026296340752347547,-1.9315171194660943,0.053423400907861136,32991,33177,0.17398393609123175,False
tailcallelim,slsr,-0.0011348252684012516,-0.8433004005122923,0.39906350031405363,33229,33094,0.6560590542526591,False
tailcallelim,loop-interchange,-0.00034967522401840867,-0.25746954834589214,0.796817119048236,32947,33378,0.9134472594241488,False
tailcallelim,loop-fusion,0.00028057132992498346,0.20825853915837966,0.8350277412473072,33114,33328,0.9340098928090416,False
tailcallelim,loop-distribute,-8.041532389330142e-05,-0.05938025944256728,0.952649415345909,33193,32969,0.98182545874547,False
tailcallelim,loop-load-elim,-0.001826337899304975,-1.3430024366958788,0.1792758145880811,32982,32856,0.41007248243395183,False
tailcallelim,loop-sink,0.0009031907358674207,0.6641713875213533,0.5065829434919108,33187,32839,0.7401963679626158,False
tailcallelim,loop-unroll-and-jam,-0.002964988655166201,-2.189143826267129,0.028589866316938467,33238,32987,0.10693210744711656,False
tailcallelim,hotcoldsplit,0.0026933405282414946,1.9906013609609658,0.046528839956802626,33236,32904,0.1561327654420215,False
tailcallelim,irce,-7.813502755626978e-05,-0.057626473995742104,0.9540463353342833,33278,32967,0.9823942806124253,False
tailcallelim,nary-reassociate,-0.000959038700037107,-0.7081586092342526,0.47884926172957004,33247,32911,0.7203894386988077,False
tailcallelim,scalarizer,-0.0016826318907424698,-1.2393390240049171,0.21522438056627924,33116,32870,0.45884779236537304,False
tailcallelim,vector-combine,0.0005388765288877329,0.3962027635030765,0.6919567385041414,33040,32715,0.8577722659013035,False
tailcallelim,always-inline,-0.00017422511767772875,-0.1285860061914501,0.8976856312706124,32983,33078,0.9563889291856672,False
tailcallelim,globalsplit,0.0011620844786368045,0.8606819525091736,0.3894163640826632,32970,32993,0.6480894525064638,False
tailcallelim,lowerswitch,-0.002770668413219657,-1.8555789669424476,0.06351804685706784,33239,32795,0.19880085390236793,False
tailcallelim,early-cse-memssa,-0.0026873185542072853,-2.264917258507444,0.023520975957747457,33170,33025,0.09174117714197115,False
tailcallelim,simple-loop-unswitch,-0.0038271691051798284,-2.8368606641715615,0.004557334752276364,33145,32933,0.022448456465300932,True
tailcallelim,loop-versioning,-0.001310899632921525,-0.9678350572489275,0.3331302759562586,33313,33118,0.5926344403011117,False
tailcallelim,loop-flatten,-0.0007416378450325611,-0.5506742184965463,0.5818588693237637,33238,33326,0.7864523982488959,False
tailcallelim,loop-reroll,-0.004270736452822832,-3.1524433944996857,0.0016198241015580037,33117,33109,0.009239838002232636,True
tailcallelim,loop-instsimplify,-0.0025886165340078815,-1.8983235923671269,0.05765783605073814,32937,32914,0.18492062733389888,False
tailcallelim,loop-simplifycfg,0.00016279903380717053,0.12154535089209446,0.9032594628780891,33384,33208,0.9572839124846,False
tailcallelim,loop-predication,-0.001662859107368353,-1.2276943713353419,0.21956607654163157,33259,33085,0.462766822248132,False
tailcallelim,speculative-execution,-0.0012401026133601056,-0.9241121699071837,0.3554312680129593,33149,33426,0.6136987855109122,False
tailcallelim,partially-inline-libcalls,-0.0012322412668747118,-0.9110833663706496,0.36225476336911006,33188,33094,0.6196170886239337,False
tailcallelim,load-store-vectorizer,-0.00016836793734464894,-0.1254224501904995,0.9001894950011037,33236,33249,0.9572839124846,False
tailcallelim,iroutliner,0.0009239930624242443,0.6876458596672702,0.4916782410824367,32767,33167,0.731048502737229,False
tailcallelim,global-merge,-0.0021810848136599725,-1.6101076769941742,0.10737911010460657,33342,32998,0.29201152442336065,False
tailcallelim,break-crit-edges,-0.010643822993441687,-7.618287658126495,2.6045537806230154e-14,33386,33006,7.285309003514091e-13,True
tailcallelim,unreachableblockelim,-0.0011207648097982248,-0.8283141378991405,0.4074956120954134,32969,33068,0.6618634661823471,False
reassociate,memcpyopt,-0.002243133598128111,-1.652107223704326,0.09851743576747521,33111,33120,0.2749781029689472,False
reassociate,sccp,-0.002183183957916335,-1.6091202435487268,0.10759482023371204,33052,33145,0.2923950839939045,False
reassociate,dce,-0.000807402797462442,-0.5947068732241162,0.5520414605320213,33193,32967,0.768501372002629,False
reassociate,adce,0.0008107201766793248,0.5918268982962426,0.5539685347451972,32969,33087,0.7695426683441619,False
reassociate,dse,0.00663168220214172,4.968217502880104,6.77372823323416e-07,33597,33375,6.3782477820268485e-06,True
reassociate,jump-threading,0.005913057350369566,4.437906545738916,9.098419040732025e-06,33257,33100,7.645795914915581e-05,True
reassociate,loop-idiom,-0.0026646484729289655,-1.9632011771133828,0.04962698891842733,33084,33020,0.16427665985170029,False
reassociate,loop-deletion,-0.003319876426894963,-2.4403428894023254,0.014675938895059588,33179,32821,0.061400616146424516,False
reassociate,gvn,-0.0030350043443738706,-2.431239356389125,0.015049914216759027,32749,33251,0.062493999733511205,False
reassociate,gvn-hoist,-0.0016475232695009612,-1.2218195923217716,0.221780209269207,33171,33019,0.46567898096419014,False
reassociate,gvn-sink,-0.0008507823089036193,-0.6380897560902756,0.5234174509062963,33524,33025,0.7479173448720342,False
reassociate,newgvn,-0.0039780372766698435,-3.3324283611342347,0.0008613871425719137,33208,33081,0.005276541065205621,True
reassociate,early-cse,0.003408419088175574,2.634278693717098,0.008433591309555954,32932,33111,0.03818028158175851,True
reassociate,mergereturn,-3.913187528886697e-05,-0.028793843545271338,0.9770290977826466,33137,33064,0.9901647878124893,False
reassociate,globalopt,-0.0008762152998632589,-0.6456432051002796,0.5185126852720988,33083,33212,0.7452213475857399,False
reassociate,strip-dead-prototypes,-0.0013881095318049042,-1.0236285363151314,0.3060145070850064,33068,33052,0.5668650944867005,False
reassociate,indvars,-0.0010138549843674016,-0.7487695510448064,0.45399877844905023,33055,33073,0.7034831881744824,False
reassociate,mergeicmps,0.0008550145799129383,0.6280079466401399,0.5300009163411343,33052,32683,0.7528050737728988,False
reassociate,separate-const-offset-from-gep,0.00010209807917588298,0.0749321069500422,0.9402689577560609,33127,32894,0.9752047895711873,False
reassociate,libcalls-shrinkwrap,-0.0010171214017899999,-0.7481028314499117,0.4544007753850249,33245,33376,0.7035093041677235,False
reassociate,flattencfg,0.0004875208704150924,0.3596881093327199,0.719081532672367,33106,33086,0.8685768266154963,False
reassociate,loop-reduce,-0.0011329185023996047,-0.8387169460505972,0.4016311720362612,33357,33358,0.6572451607580438,False
reassociate,loop-unroll,-0.004488954322048544,-3.3056194872896847,0.0009481678029986009,33248,33308,0.005721148099449185,True
reassociate,loop-rotate,-0.0034159082781566874,-2.4517890990909827,0.014217385166398009,32915,32627,0.059821920271964736,False
reassociate,partial-inliner,0.00018723803505721337,0.1373631159287774,0.8907442021671268,32796,33324,0.9538294491896278,False
reassociate,lower-expect,-0.001237996270842756,-0.9109217842871928,0.36233992159060474,32988,32856,0.6196170886239337,False
reassociate,alignment-from-assumptions,-0.0004893754693618413,-0.36074584177284286,0.7182905981124802,33275,33226,0.8685768266154963,False
reassociate,rpo-function-attrs,-0.0004349049589882359,-0.32182510770693384,0.7475862048593083,33079,33350,0.8840598451526801,False
reassociate,attributor,0.00028984257958358794,0.22713542320537095,0.8203191393118259,33378,33033,0.9269201473667511,False
reassociate,inferattrs,-0.00020575796034516536,-0.15164669232534522,0.8794660643872584,33301,33163,0.9505904245488557,False
reassociate,called-value-propagation,-0.00027239263462325303,-0.20016969969420528,0.8413484819135237,33040,32807,0.937065032756928,False
reassociate,licm,-0.00541432443062867,-3.8420797674513665,0.00012211027222828777,32900,33137,0.0008790143861139245,True
reassociate,loop-simplify,0.0016149519194926243,1.1937467567361195,0.23258131976070773,33370,32893,0.47757311108819317,False
reassociate,div-rem-pairs,-0.003211084574353207,-2.3492424700059407,0.018814570536294345,32938,33373,0.07603494140364155,False
reassociate,float2int,0.0008429453886487082,0.6216071994986444,0.5342023351697028,32834,33098,0.7571249889701616,False
reassociate,inline,-0.0007936289134901076,-0.5867622385330548,0.5573653961757667,33258,33140,0.7708902445236859,False
reassociate,sink,0.002149353009386734,1.5821696834128374,0.1136156292146507,33025,33003,0.3024600978956982,False
reassociate,loop-vectorize,-0.0037534330254900272,-2.725547088360694,0.006421190560154391,32965,33204,0.03029564124525855,True
reassociate,slp-vectorizer,-0.001224086404145286,-0.8971777404009468,0.3696273530580339,33001,33018,0.6271713222876261,False
reassociate,callsite-splitting,-0.0018102497917694138,-1.3250293451238975,0.18516600867565755,33089,32870,0.4172094879021145,False
reassociate,dfa-jump-threading,0.0002489793576245791,0.18373630405456912,0.8542208906736587,33139,32977,0.9416978357879414,False
reassociate,consthoist,-0.0003653972327146149,-0.26712793127031303,0.7893714967319562,32917,33143,0.9094001636851008,False
reassociate,mldst-motion,-0.0009290048552641483,-0.6824120264373004,0.49498084348217053,33031,33103,0.7336657770916652,False
reassociate,slsr,-0.0005095214147196048,-0.3757616818314636,0.7070952820420693,32984,33185,0.8634191220694554,False
reassociate,loop-interchange,-0.000601090558386197,-0.4393601617764518,0.6604020285582358,33037,32872,0.8371313919702859,False
reassociate,loop-fusion,-0.0007833380416515934,-0.5750970891253652,0.5652275880045281,33044,33268,0.7758258796444907,False
reassociate,loop-distribute,-0.0001494152998640086,-0.11051442385935804,0.9120017464133956,33224,32969,0.9600249656603715,False
reassociate,loop-load-elim,0.0010171556830529949,0.743297286392178,0.45730437502700616,32781,32847,0.7054872252534101,False
reassociate,loop-sink,-9.342012893825968e-05,-0.06853796262593585,0.9453576086568479,33083,33006,0.9780767227213254,False
reassociate,loop-unroll-and-jam,-0.0029288333679189926,-2.153663732805352,0.031270135144906154,33162,33336,0.11444284974528271,False
reassociate,hotcoldsplit,0.00042143692945822986,0.31025042895329114,0.756371502922409,33159,32932,0.8882652645187369,False
reassociate,irce,-0.0009360002091686193,-0.6881295599345696,0.4913736162070776,33038,32949,0.731048502737229,False
reassociate,nary-reassociate,-0.00016597181159905272,-0.12222813569367247,0.9027187143513644,33153,33252,0.9572839124846,False
reassociate,scalarizer,-0.0008746231392830484,-0.6402211990874107,0.5220310292563597,33054,32830,0.7470352242513495,False
reassociate,vector-combine,1.8092503118849468e-05,0.01327341201080237,0.9894097005066375,33197,32945,0.995005977948106,False
reassociate,always-inline,-0.0017440090669702535,-1.2811260577697576,0.20015389722136223,32863,33100,0.43935126766751936,False
reassociate,globalsplit,-0.002740733776370907,-2.019698867251523,0.04341864820275165,32933,33391,0.14901614930935625,False
reassociate,lowerswitch,-0.0012794734384460327,-0.8516964446635715,0.3943856754317931,33040,33164,0.6516516054813931,False
reassociate,early-cse-memssa,-0.0035389136166122936,-2.958233223663403,0.003095173179214286,33073,33117,0.016204141938239495,True
reassociate,simple-loop-unswitch,-0.0018450743412422588,-1.3547510077740208,0.17550152855698414,32906,33248,0.40332393534574523,False
reassociate,loop-versioning,-0.0010656414497165478,-0.7838293073999739,0.43314307310569444,33482,32884,0.6844989000330506,False
reassociate,loop-flatten,-0.0015423179938909293,-1.1323540954960807,0.2574896888189522,33143,33194,0.5115827607382124,False
reassociate,loop-reroll,-0.0018095108205183341,-1.3301788854761065,0.18346395297395005,32866,32887,0.4154040546671117,False
reassociate,loop-instsimplify,-0.0011563136194374657,-0.8506561781259844,0.39496346790576997,32979,32830,0.6519267393636652,False
reassociate,loop-simplifycfg,-0.003046452221655671,-2.248361013535709,0.02455644031833191,33240,33258,0.09494275664982654,False
reassociate,loop-predication,-0.0008082326763322878,-0.5918670156384577,0.5539416670141551,33088,33036,0.7695426683441619,False
reassociate,speculative-execution,-0.0019114225030498755,-1.4152435096815543,0.15700181247009914,33052,33203,0.37588257468941033,False
reassociate,partially-inline-libcalls,-0.0004836458416606626,-0.35479529326272596,0.7227440862455563,33101,33028,0.8716556334270398,False
reassociate,load-store-vectorizer,-0.003485945884455832,-2.58875492695761,0.009634459323184338,33119,33359,0.042679346956549624,True
reassociate,iroutliner,-0.0022569315547702473,-1.6783384103974797,0.09328578434829436,33013,33064,0.2654848339447098,False
reassociate,global-merge,-0.001140834745756325,-0.8422814968742336,0.3996334553435491,32931,33134,0.6564448872170043,False
reassociate,break-crit-edges,-0.011876964864894923,-8.408441243855405,4.2364106869965076e-17,32909,33272,1.885202755713446e-15,True
reassociate,unreachableblockelim,-0.0014765615747446281,-1.0918434531593453,0.27490589094601375,33066,33111,0.5325059792181823,False
memcpyopt,sccp,0.0027097642945892453,1.9988458666033353,0.04562912978150266,32885,33072,0.15365337191497647,False
memcpyopt,dce,0.00025795004217521456,0.18929832435626395,0.8498595907664283,32996,32993,0.9410477915278468,False
memcpyopt,adce,0.00338675590903037,2.489890121550269,0.012780700680863222,33151,32851,0.05469860531831735,False
memcpyopt,dse,0.007860159102299369,5.862451715603194,4.582322175315205e-09,33199,33183,5.555533634221159e-08,True
memcpyopt,jump-threading,0.008785466305937129,6.584137553995178,4.6095049891015814e-11,33157,32863,7.428321620297033e-10,True
memcpyopt,loop-idiom,-0.001250179276161556,-0.9206281279545008,0.35724797220258275,33367,32744,0.6152088206268832,False
memcpyopt,loop-deletion,-0.001852586437464998,-1.3640598008891416,0.17255342122140654,33005,32666,0.3989226353395955,False
memcpyopt,gvn,-0.0019097562956172376,-1.5247585028401858,0.12732413225553285,33161,32944,0.32845935567369344,False
memcpyopt,gvn-hoist,0.002923628256952915,2.1717817098338585,0.029875674378962856,33058,33064,0.11016303283240918,False
memcpyopt,gvn-sink,0.0004940744062433278,0.37181897788973634,0.710028828545782,33010,32880,0.8652460007367592,False
memcpyopt,newgvn,-0.002210978200373581,-1.8641066531145802,0.06231116981185212,33092,32844,0.19646581399614566,False
memcpyopt,early-cse,0.0037366239824085934,2.9017069260351547,0.003712577667228029,32957,33300,0.018839004159405336,True
memcpyopt,mergereturn,0.0007153329325327862,0.5276710062680127,0.5977294758751098,33066,32888,0.7955163425408095,False
memcpyopt,globalopt,0.00020810500832374457,0.15389280961510632,0.8776947222741769,32916,33365,0.9499868801618786,False
memcpyopt,strip-dead-prototypes,-7.23148997580636e-05,-0.0534379488789603,0.9573831307982613,32925,33282,0.9826051709009673,False
memcpyopt,indvars,-0.0006574665167452531,-0.4869890137622292,0.6262677263738606,33052,33259,0.8109799186248876,False
memcpyopt,mergeicmps,-6.852864145429072e-05,-0.05041472694721962,0.959792053558432,32889,33073,0.9826051709009673,False
memcpyopt,separate-const-offset-from-gep,0.0010634848481053671,0.7878059490716719,0.4308130351052293,33325,33032,0.6824691931521351,False
memcpyopt,libcalls-shrinkwrap,-0.0018756938887483643,-1.3851020050981762,0.16602595827456476,33118,32913,0.3893159596426321,False
memcpyopt,flattencfg,0.0012735973388673938,0.9399811588489921,0.34723067512943173,32957,32857,0.6067627504715996,False
memcpyopt,loop-reduce,-0.00025691529471905117,-0.18977887154336082,0.8494829956977449,33107,33008,0.9410477915278468,False
memcpyopt,loop-unroll,-0.005022043957006228,-3.7058866302892466,0.00021082331167637247,33297,33167,0.001448393137762587,True
memcpyopt,loop-rotate,-0.0008039439685894045,-0.582803615359722,0.5600275020906912,32903,33111,0.7730235101117894,False
memcpyopt,partial-inliner,-0.0010176831863165092,-0.7522767925213635,0.45188730267228994,33143,32898,0.7019399751149097,False
memcpyopt,lower-expect,-0.0005962014141732697,-0.44154007552542596,0.6588235051834203,32985,32875,0.8357476016515303,False
memcpyopt,alignment-from-assumptions,0.00016082864244165718,0.11838659322834309,0.9057617079920868,32799,33279,0.9581207046183176,False
memcpyopt,rpo-function-attrs,0.0020792909355894507,1.5374969388800355,0.12417644641052157,33236,32937,0.3239673312082628,False
memcpyopt,attributor,0.0046597518126842985,3.66146122821469,0.0002509757282877173,33134,33132,0.001700382269852424,True
memcpyopt,inferattrs,-0.00013627098516716396,-0.10048816701245585,0.9199570823733803,32985,32909,0.9643656332652341,False
memcpyopt,called-value-propagation,0.0008319137973421542,0.6120658408721105,0.5404963109732439,32903,32923,0.7604464838859526,False
memcpyopt,licm,-0.00569900968201259,-4.056539320296641,4.986250762266447e-05,32747,33153,0.00038062686130673303,True
memcpyopt,loop-simplify,-0.0008146171455211126,-0.6044531953244455,0.5455444493311636,33124,33091,0.7633132048229536,False
memcpyopt,div-rem-pairs,-0.002079031367182904,-1.5390852541129858,0.12378825366611383,33272,33073,0.32359986167181376,False
memcpyopt,float2int,0.002001525768289658,1.4774284095298968,0.13956561853840843,33000,32845,0.3498969028146014,False
memcpyopt,inline,0.0003398244102445491,0.2508838686068148,0.8019046779397079,33163,32813,0.9170570757588428,False
memcpyopt,sink,0.0016763129009634836,1.2331177620363747,0.21753624500617755,32858,32821,0.4602225475117187,False
memcpyopt,loop-vectorize,-0.002303066084079153,-1.6812111245316188,0.09272664638069911,32857,33153,0.2642776908492123,False
memcpyopt,slp-vectorizer,-0.0002762748273738569,-0.20352603319410273,0.8387245254904612,33053,33155,0.93677545752472,False
memcpyopt,callsite-splitting,-0.0005671970593786324,-0.41789974063767066,0.6760217860759712,32837,32964,0.8474680874060903,False
memcpyopt,dfa-jump-threading,-0.0010145049347254353,-0.7492960963098506,0.4536814424340788,32957,32767,0.7033319590545735,False
memcpyopt,consthoist,-0.002479067173141891,-1.8223426142350054,0.06840754817308282,32929,32946,0.2109322509021987,False
memcpyopt,mldst-motion,-0.0006919738014048993,-0.509026197742254,0.6107355682179406,32906,32888,0.8025639211884079,False
memcpyopt,slsr,0.0006742888735434271,0.4981017117175532,0.6184140140246138,33111,32885,0.8058932708553702,False
memcpyopt,loop-interchange,0.002498902683235882,1.8483795263797993,0.06455193268091372,32941,33000,0.201422604285624,False
memcpyopt,loop-fusion,0.0010832811700908773,0.7997275400599728,0.4238715409375564,33289,32958,0.6783330422196449,False
memcpyopt,loop-distribute,-0.0020501034119818073,-1.5174705970610896,0.1291527061537352,33103,32837,0.33142988027393644,False
memcpyopt,loop-load-elim,-0.0022831994759701657,-1.6792886969208651,0.09310053868740129,33072,32767,0.26515033418171885,False
memcpyopt,loop-sink,-0.0008963598544181051,-0.661351130528894,0.5083894659528312,33025,33011,0.7410396776634791,False
memcpyopt,loop-unroll-and-jam,-0.002805925211581628,-2.0743902220176675,0.03804696390220795,32833,32959,0.1348343082724401,False
memcpyopt,hotcoldsplit,0.0003377927471757691,0.24821352626900212,0.8039699754368472,33061,32788,0.9181432446120997,False
memcpyopt,irce,-0.0019863317589067786,-1.4690039710808434,0.14183649207841706,33003,32811,0.3534606181956814,False
memcpyopt,nary-reassociate,-0.0032172441424792586,-2.3627903284099854,0.01814082519534271,32687,33016,0.07384560443343248,False
memcpyopt,scalarizer,-0.0003217622533239761,-0.236656413761783,0.8129240814280349,33413,32980,0.9226094053976854,False
memcpyopt,vector-combine,0.0004969265092973907,0.36687886100645745,0.7137105561586281,33103,32907,0.8666327249355621,False
memcpyopt,always-inline,-0.00022776776541422183,-0.16728079090780787,0.8671496316003677,32773,33064,0.9463195130030735,False
memcpyopt,globalsplit,0.0020740164985200704,1.536368598976705,0.12445278576841841,33130,33032,0.3242562269255665,False
memcpyopt,lowerswitch,-0.0009983472838411278,-0.6658838443109023,0.505487673918149,33082,32962,0.7395906247791736,False
memcpyopt,early-cse-memssa,-0.0018822329822542616,-1.5779787738426376,0.11457530055898159,32863,32865,0.30462193272163973,False
memcpyopt,simple-loop-unswitch,-0.0027568718376173584,-2.03356900526034,0.04199905833161896,33062,32999,0.14533290141864152,False
memcpyopt,loop-versioning,-0.00015925065006094918,-0.11709467906600764,0.9067853835297567,32814,33012,0.9588540263542413,False
memcpyopt,loop-flatten,-0.000608553537058687,-0.4455742419391252,0.6559062868483354,33011,32767,0.8331265064216936,False
memcpyopt,loop-reroll,-0.0030113672620444842,-2.2115514797103115,0.027001101087510054,32902,32779,0.1028563344928885,False
memcpyopt,loop-instsimplify,-0.0017853719850169925,-1.3130971949870764,0.18915477653900362,33013,32816,0.423758641262436,False
memcpyopt,loop-simplifycfg,-0.0016717813274050308,-1.2400442252581205,0.21496342317922085,33033,33306,0.45884779236537304,False
memcpyopt,loop-predication,-0.001979870118145488,-1.4557832374893236,0.1454573157288897,33088,32815,0.35937592958632936,False
memcpyopt,speculative-execution,-5.129108858414888e-06,-0.0038166368536068163,0.9969547832991837,32980,33087,0.9982293355662499,False
memcpyopt,partially-inline-libcalls,-0.00036192739020640685,-0.2667730606480055,0.78964472802455,33240,32981,0.9094001636851008,False
memcpyopt,load-store-vectorizer,-0.0003634675624241135,-0.270725834072738,0.7866027449429812,33095,33495,0.9078503829050145,False
memcpyopt,iroutliner,0.003059472080936043,2.271552355728781,0.023116766962456712,32782,33221,0.09061587530028077,False
memcpyopt,global-merge,-0.0012272130599502717,-0.9045523512545116,0.36570588720145314,33208,32855,0.6229248604962551,False
memcpyopt,break-crit-edges,-0.008743619576915107,-6.2481484902228805,4.1786376303838007e-10,33024,33230,5.761811605839072e-09,True
memcpyopt,unreachableblockelim,-0.0010757802109220282,-0.7953558450626469,0.4264093969073465,33262,32759,0.6801707528672786,False
sccp,dce,-0.0011509159739497843,-0.8493569981633922,0.39568576299551556,32947,32872,0.6521420656286343,False
sccp,adce,-0.0008248414895734024,-0.6035799942887046,0.5461249980329022,32970,32829,0.7637948186774445,False
sccp,dse,0.008658662602509748,6.451991306675245,1.1114658947376055e-10,33429,33015,1.6870156758885517e-09,True
sccp,jump-threading,0.00541751989437439,4.053074304198209,5.060671690591323e-05,33218,32888,0.0003855562323026385,True
sccp,loop-idiom,-0.000902311149883317,-0.6681793185069789,0.5040214686862573,32832,33285,0.739228377592428,False
sccp,loop-deletion,-0.0009703023722542614,-0.7171446359543057,0.4732873915104525,33043,33037,0.7180912147055141,False
sccp,gvn,-0.001776715042866417,-1.428105291697186,0.15326630646439524,32678,33053,0.36980336174650136,False
sccp,gvn-hoist,-0.0019625513656043037,-1.4540005744761264,0.14595089073475936,32962,33225,0.3599141612829456,False
sccp,gvn-sink,-0.0032975538527793558,-2.4876931053838436,0.012859902416085908,33285,32976,0.054977486748245,False
sccp,newgvn,-0.0037568701317315933,-3.1758711363263936,0.0014945592437619647,32998,33057,0.008606902939076256,True
sccp,early-cse,0.0036521920765142935,2.8396850416016517,0.004517188720761854,32922,33127,0.02230682349369914,True
sccp,mergereturn,-0.0030724586058281655,-2.2683092940465777,0.02331358540072093,33010,32837,0.09129600042922316,False
sccp,globalopt,-0.0012252708792205858,-0.9018379792084936,0.36714624463226053,32672,33106,0.6245897693972335,False
sccp,strip-dead-prototypes,-0.001218044583461808,-0.9005006053475245,0.36785717177278365,33061,33294,0.6255009486158145,False
sccp,indvars,-0.0021091778004535544,-1.5692106033030766,0.11660364199690286,33335,33031,0.3089444262922,False
sccp,mergeicmps,-0.0008954616553790151,-0.6615216203651111,0.5082801636253705,33135,32867,0.7410396776634791,False
sccp,separate-const-offset-from-gep,-0.000660918229552443,-0.48662281714088923,0.6265272699849107,32991,32878,0.8109799186248876,False
sccp,libcalls-shrinkwrap,-0.0016787402605646373,-1.2351091856720195,0.2167942645166794,33162,32893,0.459693649729111,False
sccp,flattencfg,-0.0016014911767915918,-1.1867725798771107,0.23532160631420873,33093,32951,0.4802877870787703,False
sccp,loop-reduce,-0.0018104737677171467,-1.33956122131028,0.1803926324551415,32998,33267,0.4113510623750512,False
sccp,loop-unroll,-0.007637648874282199,-5.621915460955641,1.896118593475393e-08,33091,32941,2.1094319352413747e-07,True
sccp,loop-rotate,-0.0021936166609600183,-1.5911554796935523,0.11157939359754271,32790,33014,0.2984596347868697,False
sccp,partial-inliner,-0.0012948778311527298,-0.9594997895951376,0.33731053816423023,32943,33109,0.5976831625039833,False
sccp,lower-expect,-0.0009744699334003348,-0.7180740603126858,0.4727141795954382,33048,32586,0.7180735869133722,False
sccp,alignment-from-assumptions,0.00011985393681207546,0.08847376842974794,0.9295004014358194,32792,33046,0.9703875158684799,False
sccp,rpo-function-attrs,-0.0016102374209815973,-1.188155274009715,0.2347765338808232,32851,32886,0.47984598469587875,False
sccp,attributor,0.0005730401100290106,0.4516692037955238,0.6515087928363938,32856,33077,0.829154511780084,False
sccp,inferattrs,-0.0012828571585035142,-0.9471839336810094,0.3435485165977771,33162,33069,0.6038312347382833,False
sccp,called-value-propagation,-0.0013378193624677959,-0.9892613149068977,0.32253894006103856,33073,32815,0.5823247991143509,False
sccp,licm,-0.005711731516718499,-4.067825852442836,4.7508702005186674e-05,32948,33329,0.0003640784286737985,True
sccp,loop-simplify,-0.0001485662487225592,-0.10993028650437904,0.9124649954514562,33177,33172,0.9600249656603715,False
sccp,div-rem-pairs,-0.00018639749733223576,-0.13785693706494506,0.8903539054102421,33151,32819,0.9538294491896278,False
sccp,float2int,-0.001118002960484421,-0.8275659801541237,0.40791933003788217,32879,33211,0.6622769885689662,False
sccp,inline,0.0011472834731965365,0.8488275706755647,0.39598032622697416,33002,32972,0.6521420656286343,False
sccp,sink,-0.0006910540056654368,-0.5094909187545186,0.610409873866426,32850,32834,0.8025639211884079,False
sccp,loop-vectorize,-0.004216667687779951,-3.0860186036723953,0.002029398476958696,32894,33327,0.011224752027924086,True
sccp,slp-vectorizer,-0.000132380604785598,-0.09799488779851039,0.9219366507810481,32801,33113,0.9658383960563361,False
sccp,callsite-splitting,-0.001549468318296443,-1.1472824145854403,0.25126906544278493,33102,33114,0.5020889593500933,False
sccp,dfa-jump-threading,-0.0013700778523674795,-1.0138304589794622,0.31066737971709524,33055,32867,0.5716980540282636,False
sccp,consthoist,-0.002450868872064582,-1.8087449412534984,0.07049517882074315,33077,33034,0.21550282612180338,False
sccp,mldst-motion,-0.00010877705137063431,-0.08039762889890209,0.9359212549416792,33479,32938,0.9736653251603381,False
sccp,slsr,-0.00171865888400613,-1.272040395963572,0.20336323504503684,33172,33036,0.44440314086850685,False
sccp,loop-interchange,-0.00029526293453796537,-0.21698156177609854,0.828223387686353,32913,32817,0.930814866073308,False
sccp,loop-fusion,-0.0008485321173684057,-0.6268849364583026,0.5307368149488679,33300,33182,0.7530309301955677,False
sccp,loop-distribute,0.000569824813255515,0.42171438508736897,0.673234874634613,33076,33031,0.8460807988026778,False
sccp,loop-load-elim,-0.0010384160386233687,-0.7670187754097001,0.4430730994264131,32977,32951,0.6937522020607092,False
sccp,loop-sink,-0.0005307065881404727,-0.3932889178616247,0.6941073658145304,33200,33167,0.8585031625330285,False
sccp,loop-unroll-and-jam,-0.0019976032698352797,-1.472307433909691,0.1409426543170878,32854,33021,0.3524466374876857,False
sccp,hotcoldsplit,-0.00020137758078814239,-0.14868757859905823,0.8818006165633072,33098,33030,0.9514200642920805,False
sccp,irce,-0.002791320125896557,-2.063049429583686,0.03911183398047591,33102,32910,0.13765375769959637,False
sccp,nary-reassociate,-0.0031184302741645298,-2.3037343098588483,0.021240645310456437,33234,32957,0.08461685354602992,False
sccp,scalarizer,-0.000770985587684625,-0.5699352688249764,0.5687235321446837,33255,33108,0.7776261703486668,False
sccp,vector-combine,-0.001919333316679983,-1.4129098347449156,0.15768696241997848,33125,32775,0.3769854364082025,False
sccp,always-inline,-0.003920477741110873,-2.894533500093382,0.003798469161616716,33029,32899,0.019143893483772278,True
sccp,globalsplit,-0.0004895151465422742,-0.3618782613448832,0.7174441619764369,33046,33073,0.8685768266154963,False
sccp,lowerswitch,-0.002266793858586469,-1.5195698388493277,0.12862392243718418,32942,32936,0.33028936410754967,False
sccp,early-cse-memssa,-0.003122676872865937,-2.6305760938134832,0.008526014503410112,32764,33012,0.03850965720340715,True
sccp,simple-loop-unswitch,-0.001630881952523755,-1.2028856341347351,0.2290248850446538,32974,33202,0.47381326191010775,False
sccp,loop-versioning,-0.0012523658209545596,-0.925559208405533,0.3546784865325906,33050,32915,0.6135842403654217,False
sccp,loop-flatten,0.001741760319613428,1.2833849004026996,0.19936177475981526,32933,32962,0.4378579416485903,False
sccp,loop-reroll,-0.0003312309831663973,-0.2449128304287072,0.8065246909189147,32817,32967,0.919194030744607,False
sccp,loop-instsimplify,-0.000553475444508511,-0.408661985308249,0.6827890558411908,33026,33234,0.8520720021268652,False
sccp,loop-simplifycfg,-0.0009078448321442334,-0.6752450795576476,0.4995224239650715,33252,33091,0.7365802932009601,False
sccp,loop-predication,-0.00045384842275109083,-0.33475935708480303,0.7378076773685941,33327,33178,0.8783566001382519,False
sccp,speculative-execution,-0.002876476103397918,-2.136768906601948,0.032620446008995864,33165,33057,0.11860878975972869,False
sccp,partially-inline-libcalls,-0.0017435447272775018,-1.290127280756227,0.19701099436138514,32839,33090,0.4341559110406214,False
sccp,load-store-vectorizer,-0.002510315633524385,-1.8678465695824054,0.061787845667028024,33048,33612,0.19513000292909818,False
sccp,iroutliner,-0.0014488399797786267,-1.0789858641010421,0.2805979823467457,32881,32958,0.5367961401416005,False
sccp,global-merge,-0.0007037297265650166,-0.5209332076385719,0.6024150499228208,32957,33007,0.7980670907868355,False
sccp,break-crit-edges,-0.010964324360375088,-7.824316290291457,5.179385161194722e-15,33176,32971,1.6902060242698777e-13,True
sccp,unreachableblockelim,-0.0008282040778497812,-0.6115796076093097,0.540818043315214,32893,33017,0.7604464838859526,False
dce,adce,0.0017141325066126756,1.2600800789832336,0.2076449368117509,33044,32899,0.4494956177749124,False
dce,dse,0.009332853475520542,6.947331798687705,3.756929121142298e-12,32995,33018,7.21183060705551e-11,True
dce,jump-threading,0.007162164555023165,5.350833002607229,8.784180583758164e-08,32951,32941,8.958034157811711e-07,True
dce,loop-idiom,-3.755129571358928e-05,-0.027572004920971328,0.9780035935066957,32894,33006,0.9906435562843158,False
dce,loop-deletion,-0.002290090631473951,-1.6876112411198747,0.09149062361999626,32968,32775,0.2618985980233226,False
dce,gvn,-0.0021771288003702427,-1.7407459812287063,0.08173279532622134,32693,33055,0.2428419017431584,False
dce,gvn-hoist,-0.0021945754588675315,-1.6310788315876248,0.10287849765834682,32603,32873,0.28232109098113956,False
dce,gvn-sink,-0.0020146408842027785,-1.5075573170041343,0.13167264759346828,33013,33026,0.33613434679010545,False
dce,newgvn,-0.004277114671433824,-3.5952540773201522,0.0003243126000848311,32745,32895,0.0021525561727664387,True
dce,early-cse,0.002524076535649178,1.9568845981907663,0.050365241407383535,32942,33160,0.16615862287389546,False
dce,mergereturn,-0.0004560206115633014,-0.33602067043190714,0.7368563475036657,33041,32947,0.8783566001382519,False
dce,globalopt,0.0006323532719224034,0.4654415073763545,0.6416168597553366,32652,32994,0.8221765781419823,False
dce,strip-dead-prototypes,-0.0011904332409768403,-0.8727524910053538,0.38280117555522075,32871,33122,0.6408932892151536,False
dce,indvars,-0.0015425603590654702,-1.140210865634396,0.25420259360894104,32917,33189,0.5065940745916606,False
dce,mergeicmps,-2.50969456058181e-05,-0.018380177715959074,0.9853356215122013,32677,32984,0.9937095786355344,False
dce,separate-const-offset-from-gep,-0.0005792084519844476,-0.426514601895989,0.66973429859534,33116,33019,0.8447501602950537,False
dce,libcalls-shrinkwrap,-0.0008058708334534592,-0.594253715844528,0.5523444625073695,32905,33257,0.7686499343208453,False
dce,flattencfg,-0.0007339116357206188,-0.5412216264548523,0.5883566685114804,32714,32968,0.7891764339288315,False
dce,loop-reduce,-0.001444713732708769,-1.065603556871101,0.2866067786369264,32914,33261,0.5448311384185456,False
dce,loop-unroll,-0.002609830836900917,-1.9265018027091705,0.054046017860558605,32989,33290,0.17534731229655964,False
dce,loop-rotate,-0.00446820500924805,-3.2172672716426884,0.0012948052895720864,33139,32721,0.007545323681494479,True
dce,partial-inliner,-0.0019346958068754971,-1.4330714929451955,0.1518421395369046,32906,33161,0.36795409556096437,False
dce,lower-expect,-0.002799769905718452,-2.0637149696131347,0.039048673750589805,32704,32893,0.13765375769959637,False
dce,alignment-from-assumptions,-0.00043082736107907804,-0.31753474409121474,0.7508388888130078,32791,32966,0.8854719452661751,False
dce,rpo-function-attrs,0.0016378398100251879,1.2059226190061632,0.2278516651514237,32678,33125,0.4725991105577199,False
dce,attributor,0.002522921900952102,1.9768151447604128,0.04806669990073695,32918,32857,0.16033151346787552,False
dce,inferattrs,-0.00016704182411997337,-0.12321764372153109,0.9019351296328693,33089,32910,0.9572839124846,False
dce,called-value-propagation,-0.000690751973568493,-0.5106223503907665,0.6096172315451832,32874,33078,0.8023557014808871,False
dce,licm,-0.005062171794213255,-3.578741347943502,0.00034550165849072203,32751,32903,0.0022777516744943898,True
dce,loop-simplify,-0.00201529450248622,-1.4883300695346988,0.13666865228859224,32965,32957,0.34389551760633585,False
dce,div-rem-pairs,-0.0022941262943411145,-1.6928884196258613,0.09048142566086509,33134,32894,0.2601349971476409,False
dce,float2int,-0.000534936000222419,-0.3952393602297679,0.6926675262167312,33011,32902,0.8580388752214473,False
dce,inline,-9.85841349087635e-05,-0.07290179677827506,0.941884485046678,32931,33071,0.9757723924451828,False
dce,sink,0.00045943271016163356,0.3377419105960652,0.7355587684047973,32734,32921,0.8773829232632305,False
dce,loop-vectorize,-0.004732369990786522,-3.433548574563559,0.0005961028361212894,32635,33149,0.0037956726930910073,True
dce,slp-vectorizer,0.0008214130225766558,0.605291828883123,0.544987201976286,32782,32871,0.7632939495490473,False
dce,callsite-splitting,-0.0007058259030077174,-0.5181004482852747,0.604389933262998,32762,32910,0.7985156463438619,False
dce,dfa-jump-threading,-0.002652022368552831,-1.9550444296013108,0.050582069954794265,32800,32758,0.16659325983429296,False
dce,consthoist,-0.001014678256746504,-0.7485381834700219,0.45413827878066687,32599,33199,0.7034831881744824,False
dce,mldst-motion,-0.003111582578029237,-2.275332156585472,0.02288923354458143,32639,32743,0.0900579447677193,False
dce,slsr,0.0006743384909435046,0.49738184463081586,0.6189214644728827,32995,32949,0.8060181093700726,False
dce,loop-interchange,-0.0007096017899766438,-0.520630071179347,0.6026262480737161,32782,33047,0.7980670907868355,False
dce,loop-fusion,0.0011271474966334516,0.8312712424948631,0.40582343890332007,32683,32990,0.6594209903507889,False
dce,loop-distribute,0.0001567353998101484,0.11581073704097838,0.9078028926281535,32876,33233,0.958984658087901,False
dce,loop-load-elim,0.0007317962934107469,0.5388327470462111,0.5900040934416526,32758,32879,0.7901362551207615,False
dce,loop-sink,-0.0011779816824158407,-0.8680406959483324,0.3853752330822396,32562,32988,0.6435519883795524,False
dce,loop-unroll-and-jam,-0.0005264101852702208,-0.3884446726527071,0.6976882497979119,33173,32554,0.8594360447337599,False
dce,hotcoldsplit,0.00042497495240723104,0.3126653783958836,0.7545358943841564,32753,32938,0.8876392788148915,False
dce,irce,-0.0012450487109459951,-0.9187611684449022,0.3582238764758516,32808,32972,0.6160758455333486,False
dce,nary-reassociate,-0.0010132877561935816,-0.7464094151733746,0.45542280383310985,32956,32756,0.7038921413064407,False
dce,scalarizer,-0.0010026728980266908,-0.7386046531080548,0.4601497301593258,32885,32976,0.7070019787152207,False
dce,vector-combine,0.00029352738742871587,0.21584984442992494,0.8291054621346371,32949,32922,0.9313760727823405,False
dce,always-inline,-0.0003476730332348521,-0.2564563701747561,0.7975992669621184,32982,32858,0.9138088734416779,False
dce,globalsplit,0.00038091635706433147,0.2806054536078661,0.7790139150701887,32620,33178,0.9038285455024897,False
dce,lowerswitch,-0.0020293964682542853,-1.3510143004879527,0.17669551010541595,32743,32879,0.4058296877259876,False
dce,early-cse-memssa,-0.0034653735484997394,-2.9171147901010874,0.003534050909067208,32714,33105,0.018090644914911358,True
dce,simple-loop-unswitch,0.0007789556262515207,0.5767028855668075,0.56414213939261,33318,33040,0.7758258796444907,False
dce,loop-versioning,-0.0018944235280983213,-1.3971552097689623,0.16237159538626772,32748,33329,0.38304046236905087,False
dce,loop-flatten,-0.00018083960801018595,-0.1327692877091893,0.8943762513671115,32561,33042,0.9552697986987488,False
dce,loop-reroll,-0.00019621264402952532,-0.14515682078902456,0.8845874993814383,32860,33251,0.951902394051021,False
dce,loop-instsimplify,0.0005757697387218652,0.42442607757180556,0.6712564877409218,32883,33195,0.8450877968840743,False
dce,loop-simplifycfg,-0.0014859182668532922,-1.100339587368075,0.2711882048741328,33102,32872,0.5291345342735944,False
dce,loop-predication,7.322300754580846e-05,0.05390651016193651,0.9570098131198769,33002,32956,0.9826051709009673,False
dce,speculative-execution,-0.00010975294453946516,-0.08141135003366692,0.9351150689473674,33103,33159,0.9736653251603381,False
dce,partially-inline-libcalls,0.0019366816143520094,1.4226924390442512,0.15483007712888133,32630,33141,0.372429104445147,False
dce,load-store-vectorizer,0.0002021681769854844,0.14958885610611639,0.8810894567553769,32907,33256,0.9511153911323679,False
dce,iroutliner,0.0011813803933741207,0.8768919905843855,0.3805485222669682,32644,32888,0.638311844618687,False
dce,global-merge,-0.0025262478683089618,-1.8610668863817266,0.06273920416340444,32766,32814,0.1975841824345577,False
dce,break-crit-edges,-0.012007529832540997,-8.547927661756747,1.2795088665003355e-17,32946,32972,6.592837791072781e-16,True
dce,unreachableblockelim,-0.0014707334047970866,-1.087021079993824,0.2770314745648888,32994,32825,0.5346215395337048,False
adce,dse,0.007772589573192323,5.749799708715833,8.974078626545118e-09,33169,33050,1.055330087133654e-07,True
adce,jump-threading,0.006398514885174844,4.760706268464353,1.9332371723287095e-06,33099,33109,1.7205810833725515e-05,True
adce,loop-idiom,-0.0016067391474375858,-1.1810695244910596,0.2375793414117221,32921,33413,0.48280264710342696,False
adce,loop-deletion,-0.003520252527841272,-2.5924454629351716,0.009531725536485144,33002,33133,0.0423680331451485,True
adce,gvn,-0.0040528807167017344,-3.2207391306460065,0.0012792255678018298,32863,32982,0.007511574601326063,True
adce,gvn-hoist,-0.00322317417020046,-2.367044745218847,0.017933629067302333,33082,33017,0.0731542619037041,False
adce,gvn-sink,-0.0002299341938842292,-0.17166995367420648,0.8636975327732284,33099,33172,0.9437052283314626,False
adce,newgvn,-0.003944395447673499,-3.290130445979289,0.0010019331237472945,32983,33144,0.006026989420267904,True
adce,early-cse,0.00019422175343686288,0.15038169370440818,0.8804639415581171,33110,33121,0.950940204062526,False
adce,mergereturn,-0.001963959268272142,-1.4426355097103545,0.14912792184785598,32865,33118,0.36453492007253685,False
adce,globalopt,-0.0009435756207807344,-0.6882553102681306,0.49129443765326136,32834,33216,0.731048502737229,False
adce,strip-dead-prototypes,-0.0027728511426863833,-2.044288530715579,0.04092898285209748,33189,33304,0.14259599363773462,False
adce,indvars,-0.0007662787805657878,-0.563716500591105,0.5729489914963405,33197,33142,0.7793153595021145,False
adce,mergeicmps,-0.0016053848046170272,-1.1764979835665885,0.23940017082576218,33124,33041,0.4853440902120735,False
adce,separate-const-offset-from-gep,-0.0018102577500167527,-1.318915306954847,0.1872020063723079,33114,32859,0.4215543743266002,False
adce,libcalls-shrinkwrap,-0.004156221286864714,-3.035676617788237,0.002400900048803825,33122,32958,0.013058228598771916,True
adce,flattencfg,-0.0021905808048399145,-1.6030298425935414,0.10893285661378448,32786,33165,0.2939881521415294,False
adce,loop-reduce,-0.0008055020297902948,-0.5900026330264663,0.5551908982394781,33153,33049,0.7696026752232907,False
adce,loop-unroll,-0.005362934118691376,-3.9422165906153097,8.081474013589793e-05,33114,33285,0.0005993759893412429,True
adce,loop-rotate,-0.004299152444844578,-3.089841328081133,0.002003465861536674,33028,33057,0.011112708659741665,True
adce,partial-inliner,-0.002352412502228618,-1.7289774739919344,0.0838177756193628,33052,33362,0.246962799358939,False
adce,lower-expect,-0.001737330243063051,-1.2708415750446522,0.20378951446537347,32533,33198,0.44480931045064814,False
adce,alignment-from-assumptions,0.00015259612188250893,0.11185974100745114,0.9109349579417254,32960,33132,0.9599148820682553,False
adce,rpo-function-attrs,-0.0008694433247445343,-0.6379569193798382,0.5235039433846389,32717,33134,0.7479173448720342,False
adce,attributor,0.0004925564776367408,0.3831401733335677,0.7016170621421838,33144,33180,0.8607557692195463,False
adce,inferattrs,-0.00011462393467254195,-0.08389445328455583,0.9331406026366139,33157,33225,0.972957975224645,False
adce,called-value-propagation,-0.00017840094299392817,-0.1314797093482381,0.8953962355854487,33013,33324,0.955935566671924,False
adce,licm,-0.005737093133144189,-4.035662056612638,5.4509975694345816e-05,32715,33224,0.0004120869977201896,True
adce,loop-simplify,0.0006447791865954455,0.47573781668634835,0.6342627426015305,33175,33158,0.8162250739492585,False
adce,div-rem-pairs,-0.003114812487953922,-2.279676863348742,0.022630037316134707,33113,32878,0.08933389730845112,False
adce,float2int,0.0005485749679055019,0.40162454038221745,0.687961665384185,32914,33174,0.8549850465390253,False
adce,inline,-0.001900275090608805,-1.4008803311024995,0.16125456749167177,32991,32964,0.38201626515268405,False
adce,sink,0.00011224308098739533,0.08194349910815295,0.93469189164405,32938,33145,0.9736653251603381,False
adce,loop-vectorize,-0.0023099078420401598,-1.6735618546557334,0.09422148689662445,32689,33288,0.2671769317068656,False
adce,slp-vectorizer,-0.0010302392920020775,-0.7554073208480271,0.45000730152117085,33188,33215,0.7006873132234215,False
adce,callsite-splitting,-0.003343985103770597,-2.4461358432060654,0.014442253760842072,32938,32973,0.060617219429214955,False
adce,dfa-jump-threading,-0.0040866752720958854,-2.988034572988022,0.002808813512085495,32736,33111,0.014904219123749049,True
adce,consthoist,-0.001681999778526344,-1.2273520714614932,0.2196946861557858,32805,32953,0.4627888063399985,False
adce,mldst-motion,-0.0006023865873199807,-0.4403095960266501,0.6597143358562638,32937,32980,0.8366066512995884,False
adce,slsr,-0.0014778578595847636,-1.0833236538924187,0.27866872610619003,33222,33137,0.535722499475621,False
adce,loop-interchange,-0.0015457987502486836,-1.127329242062347,0.2596074258098395,32594,33032,0.5139649542322201,False
adce,loop-fusion,6.998609795860755e-06,0.005117363926233476,0.9959169675582411,33014,33269,0.9977003952310238,False
adce,loop-distribute,-0.0017392465846024496,-1.2770319200197033,0.20159547492782853,32846,33141,0.4414860591352406,False
adce,loop-load-elim,-0.0025180048172191993,-1.8348481067130196,0.06653270770323667,32947,32893,0.20579943393828976,False
adce,loop-sink,-0.0010022759309185059,-0.7378303680599508,0.4606201498715454,33005,33271,0.7070019787152207,False
adce,loop-unroll-and-jam,-0.0014180352767410587,-1.0378788196354074,0.2993302752044935,33125,32921,0.5597790628943632,False
adce,hotcoldsplit,-0.0013690955964822393,-0.9990820556991844,0.3177586059257038,32920,33094,0.5782261620841339,False
adce,irce,-0.0009475362630574913,-0.6963896235699104,0.4861873037548172,33246,32982,0.7264057541029624,False
adce,nary-reassociate,-0.004088833710938988,-2.9840881883814276,0.0028452877488904463,32944,33130,0.015077329938640038,True
adce,scalarizer,-0.0040624546052754895,-2.9803029639230583,0.0028806757994800083,33283,33196,0.015223652403189895,True
adce,vector-combine,-0.0013292711955021907,-0.9724370586217995,0.3308367257590154,32788,33254,0.5899620300875702,False
adce,always-inline,7.799868974756041e-06,0.0057036066884816215,0.9954492221768148,32794,33314,0.9974869892641777,False
adce,globalsplit,-0.0015769745369497157,-1.1595268980721298,0.2462456765046711,33022,32939,0.4959460522407215,False
adce,lowerswitch,-0.000797699546545183,-0.5287400105666561,0.5969875972744106,33013,32929,0.7954673202179557,False
adce,early-cse-memssa,-0.0029263194368392975,-2.435886128129256,0.01485798057446524,32931,33248,0.06189771481872967,False
adce,simple-loop-unswitch,-0.0009985339639022595,-0.7360302402577834,0.4617148925975147,33026,33448,0.7071648283701237,False
adce,loop-versioning,-0.0016242611185114941,-1.1866736412334558,0.23536063927583253,33108,33022,0.4802877870787703,False
adce,loop-flatten,-0.0017682539144173726,-1.2938829122225468,0.19571038899339913,32849,33250,0.4325067061501981,False
adce,loop-reroll,-0.0016842055696563718,-1.2375000032515833,0.21590592459559432,32914,32974,0.4590052121152809,False
adce,loop-instsimplify,-0.002588646153133922,-1.8919316405928446,0.05850446635052251,32963,32982,0.18653932240803714,False
adce,loop-simplifycfg,-0.0006190537625456183,-0.4556872090417123,0.6486164112231352,33193,33216,0.8270862475902954,False
adce,loop-predication,-0.002273406332313599,-1.6579725857265524,0.09732775725186121,32810,33127,0.2722396409987775,False
adce,speculative-execution,-0.00231413924198548,-1.7062636384059064,0.08796369835211539,32932,33309,0.2557281683347319,False
adce,partially-inline-libcalls,0.0004768946500446347,0.3508987390825019,0.7256654336207015,33124,33105,0.8722655966831339,False
adce,load-store-vectorizer,-0.005214328877458818,-3.8563192646889246,0.00011521543264302357,32927,33637,0.0008355252485742228,True
adce,iroutliner,-0.0003327536387714436,-0.24655633282311984,0.8052523675822513,33023,33179,0.9186475950658556,False
adce,global-merge,-0.0029517604893968263,-2.1670580116591203,0.030233982130378416,32916,33354,0.11137937349253235,False
adce,break-crit-edges,-0.0088333516435819,-6.251403711748036,4.0925891323551743e-10,33008,32996,5.663102135089351e-09,True
adce,unreachableblockelim,-0.0010577653435348555,-0.7749579156818869,0.43836730629496445,32907,33063,0.6902478373345721,False
dse,jump-threading,-0.0009680998381176864,-0.7307896378426415,0.4649102427665195,33180,32970,0.7097810957792164,False
dse,loop-idiom,-0.009080910719044655,-6.75031337856393,1.487386526941032e-11,33146,33001,2.611930780045328e-10,True
dse,loop-deletion,-0.009578165549376239,-7.1247815151798,1.0530264633128382e-12,33140,33196,2.2411150164853666e-11,True
dse,gvn,-0.026232200331554267,-21.553046410511225,1.1211550859774366e-102,32987,33101,1.0976108291719104e-99,True
dse,gvn-hoist,-0.00751378408198633,-5.670081354158033,1.4332216704779718e-08,32962,33270,1.617434023513469e-07,True
dse,gvn-sink,-0.008672051501662004,-6.610781424934524,3.8517127210067967e-11,33363,33240,6.232771493992817e-10,True
dse,newgvn,-0.020728983508055854,-17.80077919762989,1.019292384674427e-70,33013,33226,4.435054420427841e-68,True
dse,early-cse,-0.006396271040392976,-5.033707577891651,4.823382348078205e-07,33151,33239,4.595709312670134e-06,True
dse,mergereturn,-0.008673343014328982,-6.476093498031475,9.478324797583895e-11,33058,33274,1.461303933359785e-09,True
dse,globalopt,-0.008982488538291367,-6.703024628344454,2.057826280104449e-11,32993,33100,3.503672918647401e-10,True
dse,strip-dead-prototypes,-0.008336885082843415,-6.223542398046974,4.889367238306194e-10,33365,33265,6.694672064757711e-09,True
dse,indvars,-0.007760863495431813,-5.81393050280384,6.130174585041014e-09,33157,33104,7.318830388725797e-08,True
dse,mergeicmps,-0.007019291932695848,-5.212412199788869,1.8695968312061597e-07,32958,33143,1.8257708705743946e-06,True
dse,separate-const-offset-from-gep,-0.008207595213998886,-6.092088785507876,1.1205957509887515e-09,33063,33068,1.4578913491268938e-08,True
dse,libcalls-shrinkwrap,-0.009044405969668878,-6.722704648877335,1.79820755198974e-11,33103,33250,3.0885003392946593e-10,True
dse,flattencfg,-0.009418456916965967,-7.004603132916283,2.5003544515249386e-12,33098,33228,4.970247732066832e-11,True
dse,loop-reduce,-0.008064616766532695,-6.0119606704276025,1.8424492000608509e-09,33050,33447,2.3501729861362515e-08,True
dse,loop-unroll,-0.011398838313511628,-8.524714575285428,1.5633177311946994e-17,33260,33453,7.749306627036004e-16,True
dse,loop-rotate,-0.009975888998333071,-7.347831479803102,2.037511751589103e-13,33303,33130,4.925244456310449e-12,True
dse,partial-inliner,-0.007374070190337256,-5.509660049888173,3.6086345666736026e-08,33082,33046,3.87161998988872e-07,True
dse,lower-expect,-0.008006120324484944,-5.9629982463007085,2.489052532715745e-09,33069,32961,3.1544109120112805e-08,True
dse,alignment-from-assumptions,-0.00644064986180487,-4.789025120056922,1.679557115759165e-06,33111,33014,1.5085196480075437e-05,True
dse,rpo-function-attrs,-0.007815485713376147,-5.83557741436329,5.385346074365648e-09,32979,33262,6.488927762220271e-08,True
dse,attributor,-0.009021078801564442,-7.1220519784538165,1.074126095182289e-12,33133,32933,2.2736636695858614e-11,True
dse,inferattrs,-0.0072404484464823615,-5.406082736090959,6.463898063143825e-08,33293,33269,6.786226492029818e-07,True
dse,called-value-propagation,-0.00892007996921601,-6.656590882961731,2.8242276798145565e-11,33086,33351,4.666529786562787e-10,True
dse,licm,-0.02577844741322921,-18.976684379532696,4.357761150291754e-80,33017,33328,2.844165444090418e-77,True
dse,loop-simplify,-0.008712139440677447,-6.479546283997041,9.264142322029619e-11,33227,33048,1.433928115931541e-09,True
dse,div-rem-pairs,-0.01045816635956287,-7.758751108660562,8.698982512113854e-15,33281,32938,2.667659913071857e-13,True
dse,float2int,-0.0073392704073182435,-5.475249681872994,4.3847288074058176e-08,33302,33112,4.6532785934420546e-07,True
dse,inline,-0.009419656361166373,-7.037897841038857,1.9705314364383764e-12,33066,33044,3.998238914555794e-11,True
dse,sink,-0.006667901585465652,-4.959847817594021,7.072242636725875e-07,33195,33130,6.641463349021229e-06,True
dse,loop-vectorize,-0.010021794977559062,-7.384057084342949,1.5533013457258894e-13,33115,33236,3.825615138278354e-12,True
dse,slp-vectorizer,-0.007960526830745052,-5.937252807933076,2.9127181690121385e-09,33102,33369,3.6558347275165175e-08,True
dse,callsite-splitting,-0.008670074001041472,-6.4283673894548805,1.298575279636341e-10,33208,32875,1.926219998127239e-09,True
dse,dfa-jump-threading,-0.005875410280014093,-4.353505804858306,1.3417899823481321e-05,32911,33040,0.00011085336647416214,True
dse,consthoist,-0.008933491021584083,-6.660679345016332,2.7468305076506194e-11,33128,33252,4.5578763847287396e-10,True
dse,mldst-motion,-0.009415490118760306,-7.016433488008626,2.2977427461151647e-12,33061,33321,4.59079622131989e-11,True
dse,slsr,-0.008148784420309307,-6.0898149518456455,1.1365952586017421e-09,33282,33097,1.4694526339047373e-08,True
dse,loop-interchange,-0.009506584064501944,-7.065574749513316,1.6152586805630341e-12,33064,33097,3.32913315425518e-11,True
dse,loop-fusion,-0.006542215070278412,-4.880062912810042,1.062970133557143e-06,33354,33156,9.657983858491348e-06,True
dse,loop-distribute,-0.00709707272536203,-5.301835665370101,1.1500963343385091e-07,33317,33061,1.1577833535397434e-06,True
dse,loop-load-elim,-0.009575352793414316,-7.151583276630007,8.666911479944664e-13,32842,33236,1.8952607113365125e-11,True
dse,loop-sink,-0.008228789142148474,-6.099688824487644,1.0686421835611095e-09,32957,32958,1.3949342636084348e-08,True
dse,loop-unroll-and-jam,-0.01043429990880107,-7.789763337021616,6.8104585670810436e-15,33217,33036,2.1335804598951494e-13,True
dse,hotcoldsplit,-0.007246410887714605,-5.394616070707411,6.890526087230539e-08,33058,33094,7.176409616381593e-07,True
dse,irce,-0.008939133938761779,-6.654409373040259,2.8664718845047886e-11,33165,33061,4.716128741393e-10,True
dse,nary-reassociate,-0.007976828630416433,-5.925660939430708,3.1258469833942245e-09,33085,32783,3.8983492952139436e-08,True
dse,scalarizer,-0.010991471847018375,-8.125155252064626,4.544210847631653e-16,33153,33084,1.7795129679325552e-14,True
dse,vector-combine,-0.008705757527632363,-6.471152689462719,9.793484273772672e-11,33229,32958,1.4980970475036635e-09,True
dse,always-inline,-0.005618844837041448,-4.173129457596309,3.008254673792531e-05,33185,33323,0.00023655271691910745,True
dse,globalsplit,-0.007391177674241911,-5.497231068235129,3.872247044967602e-08,32746,33329,4.143092739916155e-07,True
dse,lowerswitch,-0.007112088480891232,-4.786839305569642,1.697934143935132e-06,33024,33193,1.5180616684132366e-05,True
dse,early-cse-memssa,-0.0204782986134871,-17.62500660450003,2.2783172494824002e-69,33378,33163,8.92189034897308e-67,True
dse,simple-loop-unswitch,-0.007685792174691508,-5.734786283333221,9.805788080000845e-09,33244,33120,1.1413399653817332e-07,True
dse,loop-versioning,-0.008325463154520651,-6.189611630792922,6.066330215873324e-10,33386,33154,8.13553052238354e-09,True
dse,loop-flatten,-0.006353811141621646,-4.738628608753388,2.1561476963572486e-06,33210,33088,1.9059761577731344e-05,True
dse,loop-reroll,-0.007405751843969133,-5.522936654609915,3.3462398120286805e-08,33428,33049,3.60988294873397e-07,True
dse,loop-instsimplify,-0.00815957831951103,-6.08975872826046,1.1369870992674552e-09,33286,33171,1.4694526339047373e-08,True
dse,loop-simplifycfg,-0.008660670767004386,-6.491955286481748,8.532514909991629e-11,33175,33159,1.3365331355010886e-09,True
dse,loop-predication,-0.00925552203862845,-6.886793002738822,5.757292383001112e-12,32844,33138,1.0735979510396358e-10,True
dse,speculative-execution,-0.00956170343584889,-7.133491500540363,9.885012177923752e-13,33087,33316,2.1269070158653527e-11,True
dse,partially-inline-libcalls,-0.007103341840082267,-5.276043989496383,1.3241533012244072e-07,33249,33158,1.3228021243864231e-06,True
dse,load-store-vectorizer,-0.008770701351072552,-6.570888210719199,5.0382269928404316e-11,33315,33472,8.052937511821687e-10,True
dse,iroutliner,-0.004344246008397279,-3.247146539193605,0.0011662649885517485,32997,33032,0.006909370189362552,True
dse,global-merge,-0.008654472447163108,-6.4890432390762856,8.698944379072918e-11,33166,33173,1.3571739517310576e-09,True
dse,break-crit-edges,-0.017927651963044244,-12.90525741534488,4.67321197993974e-38,33185,33057,1.0166832285246679e-35,True
dse,unreachableblockelim,-0.009895243877934501,-7.41447906126794,1.2355219260719598e-13,33313,33038,3.0817222054126083e-12,True
jump-threading,loop-idiom,-0.009076356509437111,-6.8242538148812555,8.913824963832309e-12,33156,33311,1.5939058702450832e-10,True
jump-threading,loop-deletion,-0.009543121148568423,-7.1460345244424355,9.02432280486978e-13,33105,32768,1.952444646622655e-11,True
jump-threading,gvn,-0.01040556259149339,-8.531492782452897,1.4747896267502083e-17,32932,33061,7.404200228658738e-16,True
jump-threading,gvn-hoist,-0.006367676689240542,-4.787543749074965,1.6919989464368374e-06,32933,33135,1.5162169048619348e-05,True
jump-threading,gvn-sink,-0.007706241577944861,-5.895204015945751,3.7602879321893756e-09,32953,33172,4.645201117493248e-08,True
jump-threading,newgvn,-0.01024120113254412,-8.774022641244713,1.7640936695848487e-18,33253,32764,1.0159104132491569e-16,True
jump-threading,early-cse,-0.0015301760274998855,-1.2028414116367154,0.22904200837482994,32818,33253,0.47381326191010775,False
jump-threading,mergereturn,-0.0071283411900934235,-5.340118754735321,9.319123553853789e-08,33035,33153,9.454323273806072e-07,True
jump-threading,globalopt,-0.00596233836706167,-4.4521146757976995,8.516791671594748e-06,32912,33093,7.203403063923333e-05,True
jump-threading,strip-dead-prototypes,-0.007677442970448478,-5.781796149430008,7.423692961463317e-09,33247,33218,8.782834331447235e-08,True
jump-threading,indvars,-0.007698345461901179,-5.799478526672519,6.682288732115875e-09,32892,33369,7.953751572937922e-08,True
jump-threading,mergeicmps,-0.007042758498434443,-5.277796714811292,1.3115938419778413e-07,32869,32985,1.313606517950186e-06,True
jump-threading,separate-const-offset-from-gep,-0.00790651469893977,-5.917241186922912,3.2899428872267692e-09,32974,33162,4.089973443295247e-08,True
jump-threading,libcalls-shrinkwrap,-0.0071750411564837635,-5.3779270868865,7.560202905289914e-08,33079,33411,7.832210205586059e-07,True
jump-threading,flattencfg,-0.008074500701184206,-6.042252035320512,1.527876273749483e-09,33012,33066,1.9616929468862214e-08,True
jump-threading,loop-reduce,-0.00725270346097423,-5.40907068725346,6.357093831313865e-08,33069,33329,6.692037484791693e-07,True
jump-threading,loop-unroll,-0.01276006783272754,-9.5731569598246,1.0709909393739066e-21,32955,33356,9.531819360427769e-20,True
jump-threading,loop-rotate,-0.014391561477069714,-10.566080763890767,4.4901347279281936e-26,33258,32877,6.063230205023036e-24,True
jump-threading,partial-inliner,-0.007656345272043008,-5.728614605747068,1.0169104615002623e-08,33204,33073,1.1781720021405407e-07,True
jump-threading,lower-expect,-0.006317542867191939,-4.7235243821655555,2.322697463070513e-06,32873,32920,2.0485773120234523e-05,True
jump-threading,alignment-from-assumptions,-0.006847212207138964,-5.116720913104895,3.11759560389257e-07,33080,33121,3.0144455271218033e-06,True
jump-threading,rpo-function-attrs,-0.006640560545490337,-4.968167160959235,6.77566669387939e-07,33225,33020,6.3782477820268485e-06,True
jump-threading,attributor,-0.004442244374516735,-3.5461666120286277,0.0003911478630345038,33337,33088,0.0025486439794394624,True
jump-threading,inferattrs,-0.005233605330159374,-3.9187111410341298,8.911312268334238e-05,33047,33179,0.000657188302124235,True
jump-threading,called-value-propagation,-0.007319536352182632,-5.512654842144671,3.547713990270955e-08,33414,33012,3.816716479643148e-07,True
jump-threading,licm,-0.010523856354717809,-7.603886998357864,2.9113187444055826e-14,33262,33116,8.028679016262157e-13,True
jump-threading,loop-simplify,-0.007917593280105995,-5.938252857492621,2.8950728488618997e-09,33100,33104,3.6453714714286815e-08,True
jump-threading,div-rem-pairs,-0.00716501511971962,-5.360870730704662,8.30993464177325e-08,33047,32887,8.563606330837907e-07,True
jump-threading,float2int,-0.007876232813004869,-5.909066919058654,3.4572761085755624e-09,33237,32988,4.284396595310728e-08,True
jump-threading,inline,-0.005650565454672407,-4.238524469246142,2.2529864360746976e-05,33061,33002,0.00018005499762588806,True
jump-threading,sink,-0.004831069869221938,-3.616343454845113,0.0002990160566111527,32831,33304,0.0020016185943406394,True
jump-threading,loop-vectorize,-0.011379599451841471,-8.41048088553486,4.163063267760077e-17,33123,33432,1.873856983511317e-15,True
jump-threading,slp-vectorizer,-0.008152428782496723,-6.129322641513844,8.875172432894468e-10,33028,33005,1.166281048564253e-08,True
jump-threading,callsite-splitting,-0.006096144882453747,-4.542559384837628,5.567391849691401e-06,32971,32800,4.760241590260158e-05,True
jump-threading,dfa-jump-threading,-0.008290328640909783,-6.212895575016161,5.232632161024235e-10,33203,32827,7.139716913787772e-09,True
jump-threading,consthoist,-0.007606162585558296,-5.695716203773143,1.2337615584274541e-08,32803,33152,1.4085744206419564e-07,True
jump-threading,mldst-motion,-0.007057821828875377,-5.26862928446539,1.3787549405172812e-07,33018,33148,1.3703564332653994e-06,True
jump-threading,slsr,-0.006099444546265376,-4.587841197019095,4.486720836858468e-06,33215,33058,3.8446386864634055e-05,True
jump-threading,loop-interchange,-0.0066185066898951095,-4.927045472501305,8.368426615804114e-07,32708,33249,7.76558261314903e-06,True
jump-threading,loop-fusion,-0.006316818894003373,-4.715720210347874,2.413468895689391e-06,32999,33295,2.123852628206664e-05,True
jump-threading,loop-distribute,-0.005750265986660674,-4.312027781572312,1.6199698616431583e-05,33135,33288,0.00013271552255637254,True
jump-threading,loop-load-elim,-0.007040236894966412,-5.253046485368289,1.5006662010536276e-07,33021,32998,1.4839921321530317e-06,True
jump-threading,loop-sink,-0.005917671944989378,-4.422093178053427,9.790567714815907e-06,32744,33063,8.209820807541562e-05,True
jump-threading,loop-unroll-and-jam,-0.00553678465307339,-4.119658033013169,3.79898694343185e-05,32927,32852,0.00029576208490018137,True
jump-threading,hotcoldsplit,-0.008583670593276527,-6.43846706063365,1.2150997989414447e-10,33082,33066,1.8231152538906888e-09,True
jump-threading,irce,-0.005546469943469412,-4.147191879394005,3.369993754334959e-05,32849,32986,0.000263937910839514,True
jump-threading,nary-reassociate,-0.007695459575847552,-5.740811286970343,9.463745822943025e-09,32919,32810,1.1095816958875714e-07,True
jump-threading,scalarizer,-0.00587158515699826,-4.3840221619879145,1.1668759557147805e-05,33126,32916,9.701669304838812e-05,True
jump-threading,vector-combine,-0.006753227497811876,-5.05450647730903,4.3265825553887e-07,33108,32740,4.152670903652488e-06,True
jump-threading,always-inline,-0.00674571398113849,-5.042804893478919,4.599775060499191e-07,32756,32811,4.3933461309548376e-06,True
jump-threading,globalsplit,-0.007731334076279517,-5.792233263958664,6.977059007443562e-09,32939,33101,8.279443355499694e-08,True
jump-threading,lowerswitch,-0.007131458181626915,-4.845958963296839,1.262873620359402e-06,32945,33041,1.1447715503072728e-05,True
jump-threading,early-cse-memssa,-0.012088447099305677,-10.340924272278631,4.807662672060283e-25,33079,33060,5.705093037511535e-23,True
jump-threading,simple-loop-unswitch,-0.008738685949669533,-6.544552082922622,6.01075840490862e-11,33085,33183,9.56834549334234e-10,True
jump-threading,loop-versioning,-0.008383209264932245,-6.246372943103262,4.2264402536672343e-10,33038,33023,5.807277204688031e-09,True
jump-threading,loop-flatten,-0.006771721775630846,-5.060364565827388,4.195771114790189e-07,32926,33045,4.037012207744074e-06,True
jump-threading,loop-reroll,-0.008868088959146037,-6.668649358472597,2.6018973719356908e-11,33195,33000,4.3542863711539167e-10,True
jump-threading,loop-instsimplify,-0.008648007531779245,-6.483485615900371,9.025766547381223e-11,33051,32938,1.4025754682359075e-09,True
jump-threading,loop-simplifycfg,-0.009279994763197907,-6.972169290370459,3.1499919535999037e-12,33330,32922,6.13699924890409e-11,True
jump-threading,loop-predication,-0.008469708623507322,-6.3501364249480154,2.1651316741508948e-10,33246,32987,3.1057346651922725e-09,True
jump-threading,speculative-execution,-0.00661843121629252,-4.977999580463829,6.440572343507273e-07,33117,33125,6.121670217760797e-06,True
jump-threading,partially-inline-libcalls,-0.006886425054245804,-5.136623952096059,2.805093856209438e-07,33296,32887,2.718996916068357e-06,True
jump-threading,load-store-vectorizer,-0.00712298278401291,-5.3564066640321935,8.517340483615082e-08,33438,33322,8.731388830847294e-07,True
jump-threading,iroutliner,-0.006962072644164596,-5.265434987207608,1.4029435929144358e-07,33235,32796,1.3908676227475775e-06,True
jump-threading,global-merge,-0.007808815090681098,-5.848054141549143,4.99691811975045e-09,32842,33220,6.03948498671073e-08,True
jump-threading,break-crit-edges,-0.044037473679218564,-32.30391000296065,3.7038271690540453e-227,33034,33062,7.252093597007821e-224,True
jump-threading,unreachableblockelim,-0.007283821149848102,-5.451546252506853,5.0111620391026424e-08,33100,33103,5.289409850438261e-07,True
loop-idiom,loop-deletion,0.00022372872854703463,0.1648671568767116,0.8690490471783546,32970,33209,0.9463308061571258,False
loop-idiom,gvn,-0.00016353776169253376,-0.13106410030203003,0.8957249993913723,32977,33104,0.9560259192195731,False
loop-idiom,gvn-hoist,0.0028075875622985413,2.0923791363214517,0.036408399149393415,33144,33286,0.13020574526851564,False
loop-idiom,gvn-sink,-0.0013127913038495365,-0.9813859687907205,0.32640603447414507,33089,33018,0.585141522682516,False
loop-idiom,newgvn,-0.0024625645227399073,-2.06481606365196,0.03894431426643192,32753,33076,0.13751662278390206,False
loop-idiom,early-cse,0.004145305902784835,3.220694223641313,0.0012794229466507876,33000,33138,0.007511574601326063,True
loop-idiom,mergereturn,-0.0019955898605872324,-1.4727547841571065,0.14082193831294307,32970,33024,0.3523697830245911,False
loop-idiom,globalopt,0.0001955120365502161,0.14422639836587148,0.885322135602836,33029,33085,0.9519279195553833,False
loop-idiom,strip-dead-prototypes,-0.0015639256485064368,-1.1588573944553695,0.2465184594790681,33312,33510,0.4960772288386592,False
loop-idiom,indvars,-0.00036103893274280763,-0.2681157333261733,0.7886110708922124,33295,32960,0.9094001636851008,False
loop-idiom,mergeicmps,0.0004287191346426522,0.31681510294872706,0.7513849014605465,33096,33183,0.8854719452661751,False
loop-idiom,separate-const-offset-from-gep,-0.0018313122403433302,-1.3504138886439851,0.17688786894991282,33321,32965,0.4060333498287565,False
loop-idiom,libcalls-shrinkwrap,0.0009431930718890591,0.6977188873126816,0.4853554641150603,32986,33229,0.7259938874998381,False
loop-idiom,flattencfg,0.00039090816104836446,0.28794414869845464,0.7733903970756619,33064,32842,0.9002963124103127,False
loop-idiom,loop-reduce,-0.0010476003070597484,-0.773541023692847,0.43920502326246025,33113,33062,0.6910111977082339,False
loop-idiom,loop-unroll,-0.003985658952760762,-2.938938118232011,0.003294525426798224,33162,33010,0.017087896120982576,True
loop-idiom,loop-rotate,-0.0024866940964572426,-1.800511166165764,0.071784524405494,33157,32872,0.21859113341517458,False
loop-idiom,partial-inliner,0.0007093391643764324,0.5245953959590617,0.5998662473766445,33038,33058,0.79663355153511,False
loop-idiom,lower-expect,-0.0009778814810683656,-0.7231746128702636,0.46957518218995276,32880,32979,0.7149519492441117,False
loop-idiom,alignment-from-assumptions,-0.0004522991623814865,-0.3330732554817022,0.7390800421039666,32996,33188,0.8789059960155279,False
loop-idiom,rpo-function-attrs,-0.000668518872808832,-0.4938337724808046,0.6214252175772794,33282,32950,0.8079353094397829,False
loop-idiom,attributor,-0.00043136966402218535,-0.34016514870163056,0.7337332386630299,33134,33240,0.8768078616430958,False
loop-idiom,inferattrs,0.0011912290959402716,0.8793134315541743,0.3792345398764511,33202,33152,0.637101011650014,False
loop-idiom,called-value-propagation,0.0003192616092604905,0.23587985793953853,0.8135266284060796,33115,33064,0.9226094053976854,False
loop-idiom,licm,-0.0037933370092942398,-2.694213217957916,0.0070572799677429635,33130,33088,0.03282221894736514,True
loop-idiom,loop-simplify,-0.0021631178814693897,-1.599954545905931,0.10961343935089174,33254,32951,0.29481197012231597,False
loop-idiom,div-rem-pairs,-0.001775679690992793,-1.3138502217034258,0.18890116004947385,33313,32974,0.4234510146619569,False
loop-idiom,float2int,0.0017039791951669048,1.2562896413972118,0.20901542745572166,32935,32999,0.4513310500125036,False
loop-idiom,inline,0.0004799269186224753,0.35416804701687316,0.723214084769811,32925,32796,0.8716855512337888,False
loop-idiom,sink,0.0029141080785751172,2.145480591615974,0.0319180700623089,33165,33029,0.11648756977073779,False
loop-idiom,loop-vectorize,-0.006386316079035281,-4.6580784399666175,3.197963306735832e-06,32916,33065,2.7891368171887567e-05,True
loop-idiom,slp-vectorizer,0.0003059582536233396,0.22664104725358702,0.8207035728761659,32856,33223,0.9269201473667511,False
loop-idiom,callsite-splitting,-0.0017619676941783569,-1.2995858452121836,0.19374748319109103,33164,32978,0.4300892158501,False
loop-idiom,dfa-jump-threading,0.0005659717894626604,0.41792653426795656,0.6760021924032618,33121,32834,0.8474680874060903,False
loop-idiom,consthoist,-0.001610214817453104,-1.1839106880367538,0.23645268888655172,32974,32935,0.48159356507814005,False
loop-idiom,mldst-motion,-0.00019305463433466619,-0.1423955052033051,0.886768045681143,33169,33070,0.9524365515324618,False
loop-idiom,slsr,-0.00024269638449680997,-0.17959028046751563,0.8574747861984301,32987,33114,0.9423034869523023,False
loop-idiom,loop-interchange,0.000773664737727886,0.5681507808261289,0.5699345249724086,32904,32991,0.7777440058585826,False
loop-idiom,loop-fusion,0.0006705381910491748,0.49536220224624,0.6203461178069954,32810,33271,0.8073364564081735,False
loop-idiom,loop-distribute,0.0001469211358336997,0.10846912334603423,0.913623901015215,33117,33033,0.9602123447062754,False
loop-idiom,loop-load-elim,-0.0006522651939977475,-0.4805111124597396,0.6308655961423585,33000,33004,0.8140355483645751,False
loop-idiom,loop-sink,0.0020871580431510717,1.5409707647904396,0.12332870183529174,32932,32985,0.32266061979733207,False
loop-idiom,loop-unroll-and-jam,-0.0032321019771357484,-2.387095354180717,0.016984870000522706,33265,33065,0.0697198646981624,False
loop-idiom,hotcoldsplit,0.0004320253660192175,0.3177782349001469,0.750654169440451,32913,32926,0.8854719452661751,False
loop-idiom,irce,-0.0019850425682983452,-1.4688076658843543,0.14188970679356772,33146,33183,0.3534606181956814,False
loop-idiom,nary-reassociate,-0.0017737742420726454,-1.3015226414784355,0.19308417110048737,33215,32690,0.42948143885048057,False
loop-idiom,scalarizer,0.001858880419574438,1.3687364172558885,0.17108632593861312,33299,32922,0.39761071357602906,False
loop-idiom,vector-combine,-0.001933744275942284,-1.4314694402899861,0.15230044967448972,33516,32610,0.36860850489820873,False
loop-idiom,always-inline,0.0007275813942773657,0.5350261665175099,0.5926335723117343,32781,32993,0.7917956564901916,False
loop-idiom,globalsplit,0.0006803063720005054,0.5013273163875099,0.6161424604061466,32768,33065,0.8052673927816354,False
loop-idiom,lowerswitch,-0.0010206489129126473,-0.6803808685751517,0.4962657202100265,33057,32892,0.7347840809090211,False
loop-idiom,early-cse-memssa,-0.0014754061625466552,-1.238675183592817,0.21547023013502428,32970,32851,0.45884779236537304,False
loop-idiom,simple-loop-unswitch,-0.0017829505954621294,-1.3138260260902697,0.18890932651032652,32986,32977,0.4234510146619569,False
loop-idiom,loop-versioning,-0.0014891786972225374,-1.0995622488350423,0.27152688789132273,33181,33166,0.5295315204095716,False
loop-idiom,loop-flatten,-5.377422996633019e-05,-0.039560661238010886,0.9684435097092906,33193,33143,0.984789608938349,False
loop-idiom,loop-reroll,-0.0003928815769973504,-0.2906164884565537,0.7713455647077667,33006,32749,0.8989848902963139,False
loop-idiom,loop-instsimplify,-0.0018171912902086862,-1.3399714651232928,0.18025923479614078,32937,33076,0.4113510623750512,False
loop-idiom,loop-simplifycfg,0.000925126379446084,0.6869844017367654,0.49209495740943193,33014,33384,0.731048502737229,False
loop-idiom,loop-predication,-0.001695712521018855,-1.2484004542240716,0.2118888647901063,32952,33150,0.455160062818462,False
loop-idiom,speculative-execution,-0.0007774732574326593,-0.5763564399004176,0.5643762386947984,33104,33165,0.7758258796444907,False
loop-idiom,partially-inline-libcalls,-0.001101646291044811,-0.8149302024854914,0.41511520049622025,32948,33148,0.6678681697383725,False
loop-idiom,load-store-vectorizer,-0.000490119238101272,-0.3628764731190672,0.7166983183367561,33135,33210,0.8683179039551273,False
loop-idiom,iroutliner,0.0017697128720319255,1.3168905823005939,0.1878798825286955,33068,32849,0.4225948420346764,False
loop-idiom,global-merge,0.0013821374943891462,1.025991115325031,0.3048995252535714,33153,32972,0.5656023405461799,False
loop-idiom,break-crit-edges,-0.009840650767686476,-7.018675712249679,2.2613280311500823e-12,33029,32959,4.5412105487096013e-11,True
loop-idiom,unreachableblockelim,-0.0010552125277448199,-0.7804475664836752,0.43513027381620634,32929,33174,0.6870847388162354,False
loop-deletion,gvn,-0.00018847731634463738,-0.15116461556045077,0.8798463251302265,33017,32973,0.9507390202014259,False
loop-deletion,gvn-hoist,0.000884094850098105,0.6552017266158624,0.5123401734796894,33089,32722,0.7426905504161636,False
loop-deletion,gvn-sink,-0.000681596253396255,-0.5108488412912295,0.6094586145720483,33010,33007,0.8023557014808871,False
loop-deletion,newgvn,-0.0008518786811157475,-0.7163973367045512,0.47374858089446803,32814,33004,0.7181121001519115,False
loop-deletion,early-cse,0.0048268139851647685,3.7354129613291684,0.00018756550684091028,32609,33227,0.0013000115482991233,True
loop-deletion,mergereturn,0.0012970962885054393,0.958908065001366,0.33760856880970663,32939,33172,0.5976831625039833,False
loop-deletion,globalopt,0.00023480979527884527,0.1737221386037294,0.8620843691091931,32993,33217,0.9432795701709255,False
loop-deletion,strip-dead-prototypes,0.002750589051551122,2.033446229090608,0.04201145158475541,32843,33190,0.14533290141864152,False
loop-deletion,indvars,0.0008510931461626625,0.6292600121396658,0.5291810281956402,32879,32995,0.7524002052270239,False
loop-deletion,mergeicmps,0.00037564697533065683,0.2774935034624504,0.781402066293403,32859,32868,0.9054410911752787,False
loop-deletion,separate-const-offset-from-gep,-7.688801805250112e-05,-0.05680284786595342,0.9547024169886343,33108,33008,0.9826051709009673,False
loop-deletion,libcalls-shrinkwrap,-0.0014310560382899684,-1.0572026446544835,0.29042296603053136,33074,33227,0.550482253134347,False
loop-deletion,flattencfg,0.002225074976576591,1.6397820987160363,0.10105524830627212,33106,32892,0.2801614536833391,False
loop-deletion,loop-reduce,-0.0018857462339950115,-1.387189427239127,0.16538868699295672,32905,33194,0.38859253415922274,False
loop-deletion,loop-unroll,-0.004729616986184237,-3.477372932545088,0.0005066793167023606,33119,32773,0.003263414809550073,True
loop-deletion,loop-rotate,0.001062173112796827,0.7684289373809794,0.44223515080994685,32890,32938,0.6927239141390287,False
loop-deletion,partial-inliner,0.0022345029955200824,1.6536676742277103,0.09819981411188047,33098,32849,0.2742870699444536,False
loop-deletion,lower-expect,-0.0006109517367953732,-0.4488122015658079,0.6535686168862866,32961,32727,0.8309658128982788,False
loop-deletion,alignment-from-assumptions,0.001537519861934733,1.136073772998377,0.2559298170480981,33071,32915,0.5095176225522888,False
loop-deletion,rpo-function-attrs,-0.0010750006322939876,-0.7960152441309414,0.42602604286774703,32760,33136,0.6798361792461685,False
loop-deletion,attributor,0.004232580789790497,3.3141758727660378,0.0009196313587642134,33120,32905,0.005557525310062746,True
loop-deletion,inferattrs,0.0025826042372126268,1.8964482090618981,0.05790517173076907,32884,33015,0.18525870302098993,False
loop-deletion,called-value-propagation,-0.0006917482086254423,-0.5104566070758287,0.6097333143584144,32876,33143,0.8023557014808871,False
loop-deletion,licm,-0.002833475912494221,-2.011261711882648,0.04430186366903921,33143,33100,0.15045753880613347,False
loop-deletion,loop-simplify,0.0012965880860640877,0.954781122307299,0.3396919093056842,32909,32784,0.5990807578670243,False
loop-deletion,div-rem-pairs,-0.0013490685075658315,-0.994534166629411,0.31996653313953444,32970,32907,0.58048658526936,False
loop-deletion,float2int,0.001908575978297744,1.4092022146205747,0.15878008265887386,33176,32995,0.37867405827780154,False
loop-deletion,inline,0.0008066456374135056,0.5960812099049286,0.551123025757045,32905,32923,0.7683153324544635,False
loop-deletion,sink,0.0028140489579959738,2.082583536287064,0.037293051763490334,32911,32930,0.1326426800234588,False
loop-deletion,loop-vectorize,-0.003024287260952996,-2.1833171825892266,0.02901598914458358,32768,32920,0.10821582237160886,False
loop-deletion,slp-vectorizer,0.0008969147117677267,0.664226222259865,0.5065478437928307,32938,33347,0.7401963679626158,False
loop-deletion,callsite-splitting,0.00218597231383888,1.6048917158262903,0.10852243181825787,33013,32847,0.29369304975832605,False
loop-deletion,dfa-jump-threading,0.0007896266229989735,0.5804962285320157,0.561582020638257,33086,32621,0.7746542134525761,False
loop-deletion,consthoist,0.0005018204856535591,0.3698879762308586,0.7114671530109904,32593,33119,0.8659913224667302,False
loop-deletion,mldst-motion,-0.0011589956054368078,-0.8573863574773021,0.39123452081394866,32719,33078,0.649319172267655,False
loop-deletion,slsr,0.00040681955039351125,0.30207486379242215,0.7625959433978104,33204,32946,0.8925061907787883,False
loop-deletion,loop-interchange,-0.0013039814362399982,-0.9608726595685451,0.33661973543479023,32791,32917,0.5976831625039833,False
loop-deletion,loop-fusion,0.0008084228408579697,0.5955281909068015,0.551492507567283,32845,33057,0.768501372002629,False
loop-deletion,loop-distribute,0.0010457517390309867,0.7701091811473242,0.44123789098123634,32816,33084,0.6924908096841415,False
loop-deletion,loop-load-elim,-0.000363049668966553,-0.26659326710349457,0.7897831770683347,32841,32841,0.9094001636851008,False
loop-deletion,loop-sink,0.00032612348840321825,0.24170741978048135,0.8090076304704541,33106,32924,0.9201807233047398,False
loop-deletion,loop-unroll-and-jam,0.0008894493456121921,0.6516380672087408,0.5146369655331101,32862,32789,0.7432780812301604,False
loop-deletion,hotcoldsplit,-0.0005150735467658873,-0.38004423302200635,0.7039138082183465,32926,32840,0.8611454148650561,False
loop-deletion,irce,0.00012783097305368862,0.0942378224242892,0.9249205264782642,33014,33009,0.9676699924362497,False
loop-deletion,nary-reassociate,0.0015962380860395364,1.1746568314882637,0.24013629107849438,32996,32762,0.486484074424927,False
loop-deletion,scalarizer,-0.0016402057631111355,-1.2114293598636612,0.22573524112838456,32968,32866,0.4702017043929542,False
loop-deletion,vector-combine,0.0017070657524985156,1.261201976401004,0.20724054009585807,33211,32860,0.44936542359655607,False
loop-deletion,always-inline,0.001916371732010036,1.4165712298004098,0.15661304287734276,32728,33311,0.3756724282387282,False
loop-deletion,globalsplit,0.00019897006980695853,0.14654594284619796,0.8834908733233392,32857,32922,0.9517882420726813,False
loop-deletion,lowerswitch,0.0004347465214730728,0.29105726925248193,0.7710084366161959,32892,32962,0.8988594932387683,False
loop-deletion,early-cse-memssa,-0.0026123001288810843,-2.1992096977715163,0.027866470497465445,33028,33001,0.10513015266673861,False
loop-deletion,simple-loop-unswitch,0.0004479812445063458,0.3321065517145495,0.7398098513711432,33102,33301,0.8790587226370354,False
loop-deletion,loop-versioning,0.00015292195691712918,0.11271907123626,0.9102536244865939,32832,33035,0.9599148820682553,False
loop-deletion,loop-flatten,0.0023349668095801746,1.730434084866381,0.0835574076316596,33198,33027,0.2465694257247753,False
loop-deletion,loop-reroll,0.0007269960573789147,0.5352153008998589,0.5925028032928414,32798,32733,0.7917956564901916,False
loop-deletion,loop-instsimplify,-0.0004569521972137558,-0.338778938220831,0.7347773427820757,33212,33031,0.8769850881848853,False
loop-deletion,loop-simplifycfg,-0.000649037464467983,-0.48263018887475095,0.6293599420196202,32941,33001,0.8131222477561308,False
loop-deletion,loop-predication,-0.0005237140989104438,-0.3858836306623399,0.69958410441794,32888,32784,0.8602288071786841,False
loop-deletion,speculative-execution,-0.0013784296292915221,-1.021677823456265,0.30693717021084965,32905,32847,0.5676848914712174,False
loop-deletion,partially-inline-libcalls,-0.00026627239646365153,-0.19630343803207698,0.8443732745776671,32886,33162,0.9377668018281748,False
loop-deletion,load-store-vectorizer,0.0016352390791984917,1.2107313144097807,0.22600271040034797,33019,33320,0.4705085666814262,False
loop-deletion,iroutliner,0.0006668223740744494,0.49891911739867967,0.6178380263988515,32902,33187,0.8057646016666877,False
loop-deletion,global-merge,0.0003708115250600774,0.2741199695099334,0.783993287406557,32778,33104,0.9067093069947069,False
loop-deletion,break-crit-edges,-0.00994861938073438,-7.150873227963757,8.711617161403785e-13,32979,33257,1.8952607113365125e-11,True
loop-deletion,unreachableblockelim,-0.00021280859173433697,-0.15737660631495032,0.8749485292093764,32915,33278,0.9491131413805867,False
gvn,gvn-hoist,-0.0005175800293188981,-0.41772160535360775,0.6761520321862078,33093,33059,0.8474680874060903,False
gvn,gvn-sink,-0.002752732540338143,-2.2451657604515987,0.024760805881065377,32844,32961,0.09562457182470613,False
gvn,newgvn,0.003637392980091636,3.023687652555823,0.0024981001692957667,33032,32961,0.013523370310289355,True
gvn,early-cse,0.001191425374192201,0.9594942703903567,0.33731333039328515,32796,33153,0.5976831625039833,False
gvn,mergereturn,-0.0010375728035809106,-0.8313793502104259,0.40576239141315856,32687,33028,0.6594209903507889,False
gvn,globalopt,0.0004922203205976472,0.3947234781117484,0.6930482539135439,32832,33061,0.8580388752214473,False
gvn,strip-dead-prototypes,0.0015340108400128671,1.2237904624243143,0.22103565160828925,33114,32953,0.4646138549103922,False
gvn,indvars,-0.0017250461977372789,-1.38390590135042,0.16639195721590455,32884,33209,0.38970747874251327,False
gvn,mergeicmps,-0.0005406345831111548,-0.43145271530637813,0.6661406416986997,32912,32940,0.8414860493200349,False
gvn,separate-const-offset-from-gep,0.0012768842166412386,1.0191744298375542,0.3081238977579222,33149,32907,0.5688888183026984,False
gvn,libcalls-shrinkwrap,-0.0003763396241855399,-0.3004279688213904,0.763851679254757,33054,33036,0.8931750301467987,False
gvn,flattencfg,-0.0004928490923123419,-0.3939785666678746,0.6935981404069852,32903,32995,0.8581874398607489,False
gvn,loop-reduce,-0.0027136424139920234,-2.161912993551161,0.030628455999308975,33274,32932,0.11251504098808063,False
gvn,loop-unroll,-0.009386929068601446,-7.479744125387889,7.53918905028915e-14,33039,32946,1.9423331790087047e-12,True
gvn,loop-rotate,-0.006164120290239772,-4.835136226911225,1.3335488209030463e-06,32992,32886,1.2060455387197064e-05,True
gvn,partial-inliner,0.001988752782429215,1.603934563960994,0.10873325198382991,33059,33166,0.29385742910191714,False
gvn,lower-expect,9.890544657048528e-05,0.07894703816825797,0.9370749901983535,32709,32876,0.9736653251603381,False
gvn,alignment-from-assumptions,-5.625257099961534e-05,-0.04507045741971063,0.9640512860912228,33033,32671,0.9833325702444634,False
gvn,rpo-function-attrs,0.0008820337621806007,0.707217233304284,0.4794339859742869,33260,32802,0.7207153508926324,False
gvn,attributor,0.023071420676239407,19.28350859696198,1.2528770833384215e-82,33053,32625,9.812533316706517e-80,True
gvn,inferattrs,0.0009845721114035144,0.7963879810423754,0.4258094159209107,33249,33090,0.6797674980620817,False
gvn,called-value-propagation,-0.0004783592140504278,-0.3840807588667627,0.7009198335093136,32865,33006,0.8607093345946918,False
gvn,licm,-0.013822960082182867,-10.764626396558718,5.3272423968875264e-27,33018,33072,8.023646625465982e-25,True
gvn,loop-simplify,0.001377980681839197,1.1091969188100301,0.2673492980278688,32936,32861,0.5237317914342842,False
gvn,div-rem-pairs,-0.0007524334487613582,-0.60443349936052,0.5455575563618575,32970,32799,0.7633132048229536,False
gvn,float2int,0.0012066900642693223,0.9623172043896527,0.3358938129830636,33260,32789,0.5968058854998535,False
gvn,inline,-0.0003942799475041836,-0.31682485185711523,0.7513775115480165,33053,32731,0.8854719452661751,False
gvn,sink,3.094453524182805e-05,0.024840793225118347,0.9801820278391892,33222,32853,0.990749021390264,False
gvn,loop-vectorize,-0.008753126348065132,-6.854640365781817,7.212286693321731e-12,32961,32990,1.319781060329341e-10,True
gvn,slp-vectorizer,-6.0097139092940566e-05,-0.04807876520630583,0.9616536162592837,32656,32979,0.9826051709009673,False
gvn,callsite-splitting,0.0007395238540558458,0.592667437484179,0.5534057699025023,33081,32893,0.7695426683441619,False
gvn,dfa-jump-threading,-0.0006197603480885827,-0.494238551552666,0.621139370101637,33001,32734,0.8079353094397829,False
gvn,consthoist,-0.00234814066086253,-1.8754668931589438,0.06073296781340064,32765,32783,0.19257514328524444,False
gvn,mldst-motion,-0.0005922868460267461,-0.47315213142622925,0.6361062137183007,33135,32795,0.8172545711682629,False
gvn,slsr,0.0015984829195785921,1.2881762076856715,0.1976891582187048,33052,32886,0.43516062033976843,False
gvn,loop-interchange,0.001329727542499548,1.0626755600938298,0.2879330055490039,32886,33088,0.5466515418431539,False
gvn,loop-fusion,0.002325082293876013,1.8597264639413118,0.0629287012817497,32848,32951,0.19778958846965178,False
gvn,loop-distribute,0.00026378438481172717,0.21171196130588996,0.8323324109487649,33103,32801,0.9322686811934108,False
gvn,loop-load-elim,0.002205328556813657,1.7560758769457496,0.07908011625429845,32864,32853,0.2364518787906598,False
gvn,loop-sink,0.0012809824037343098,1.0239785045981933,0.3058491882522683,33079,32871,0.5668390120634396,False
gvn,loop-unroll-and-jam,-0.002418753842309773,-1.9332318903047403,0.05321192594799706,32974,32878,0.17350366528922273,False
gvn,hotcoldsplit,-6.490655115010124e-05,-0.05202499205409379,0.9585089376031909,33122,32680,0.9826051709009673,False
gvn,irce,-0.0015229587193681393,-1.225461133162221,0.22040590001301108,33169,32894,0.46378801958675514,False
gvn,nary-reassociate,-0.00038783495730948525,-0.309789630583961,0.7567219214721642,32678,33102,0.8882862843180441,False
gvn,scalarizer,0.0008352624400220776,0.6663305406203254,0.5052021796172314,33211,32770,0.7395782188340478,False
gvn,vector-combine,-0.0001796620722204212,-0.1434092454181961,0.8859674201882154,32929,33100,0.952098907095788,False
gvn,always-inline,-0.00013960734743162506,-0.1116529884950184,0.9110988974180415,32832,32877,0.9599148820682553,False
gvn,globalsplit,0.0005193507768191941,0.41661333650745075,0.6769626117239976,32933,33013,0.847772813402998,False
gvn,lowerswitch,-0.002435004334605806,-1.7340891726991035,0.08290694745677013,33070,32794,0.24502913678544289,False
gvn,early-cse-memssa,-0.004395216740667007,-3.5761936515985115,0.00034888239628703266,33180,32888,0.0022961738888403697,True
gvn,simple-loop-unswitch,0.00033304870059674974,0.26589725247641277,0.7903191720329107,32947,33092,0.9094567385043888,False
gvn,loop-versioning,-0.0004302484339181456,-0.34435631759668184,0.7305794333502348,33306,32715,0.8751756075250902,False
gvn,loop-flatten,-0.0016657353863235858,-1.3333267928528436,0.18242917628396066,33147,33059,0.41462138962738826,False
gvn,loop-reroll,-0.0007809491451759576,-0.6271785072083951,0.5305443992045252,33123,33035,0.7530309301955677,False
gvn,loop-instsimplify,-0.0005687419533084714,-0.456230547951171,0.6482257038579786,33122,32829,0.8269858364005976,False
gvn,loop-simplifycfg,-0.00010286688308963621,-0.08254718810411556,0.9342118453930761,33258,32938,0.9734895121232799,False
gvn,loop-predication,-0.00021494464780652534,-0.17247189587143916,0.8630670837391282,33047,32909,0.9432795701709255,False
gvn,speculative-execution,0.0005613950139337076,0.45277567361396853,0.6507117643569712,33196,33214,0.8286787867388291,False
gvn,partially-inline-libcalls,0.0014739977465633158,1.1811802653328989,0.23753538444159014,32953,32991,0.48280264710342696,False
gvn,load-store-vectorizer,-0.0003541159608039801,-0.28467105691286054,0.7758970534857517,33292,33235,0.9021415859412718,False
gvn,iroutliner,0.001714318221315403,1.3939347705364424,0.1633419934272328,33066,33078,0.38486597247956894,False
gvn,global-merge,0.0018221890544881103,1.463531534397748,0.1433267477985822,33096,33009,0.35572499819369247,False
gvn,break-crit-edges,-0.006406929864361588,-4.945360516511403,7.618947902942295e-07,33072,33033,7.120715987570889e-06,True
gvn,unreachableblockelim,0.001075137584103547,0.8647198053882938,0.387195746608062,32960,32930,0.6454910786365138,False
gvn-hoist,gvn-sink,-0.0009159166210572778,-0.6902734591687026,0.4900246608849634,32946,33104,0.7304526549849734,False
gvn-hoist,newgvn,-0.00215604670049252,-1.823611374495185,0.06821536590697143,33072,32941,0.2105054159903074,False
gvn-hoist,early-cse,0.003805182275922192,2.9738526673182193,0.0029419252656166786,33069,32935,0.015505490363600154,True
gvn-hoist,mergereturn,-0.004497351992682641,-3.336082364498499,0.0008501488346008275,33085,32859,0.0052181549158257685,True
gvn-hoist,globalopt,0.000867063404229873,0.6425183375342232,0.5205389171356593,33035,33012,0.7466778020158394,False
gvn-hoist,strip-dead-prototypes,-0.0004638962791824741,-0.3456360313505108,0.7296173610510681,33302,32999,0.8744647833330483,False
gvn-hoist,indvars,-0.000151609012285725,-0.11316017937472365,0.9099039076344787,33064,33251,0.9599148820682553,False
gvn-hoist,mergeicmps,-0.0007631583894768257,-0.5670326962127106,0.5706939038475105,32931,32823,0.7779317748370008,False
gvn-hoist,separate-const-offset-from-gep,0.0009568613466930387,0.7105035452779135,0.47739443874058785,33202,32940,0.7197792358340398,False
gvn-hoist,libcalls-shrinkwrap,-0.0022157318997779174,-1.6385847968905294,0.10130455015720331,32700,33010,0.2801614536833391,False
gvn-hoist,flattencfg,-0.0012620760292999522,-0.9367467147186387,0.3488922837076409,32980,33109,0.6083090752444889,False
gvn-hoist,loop-reduce,-2.168283532366644e-05,-0.016024567123270272,0.9872148410126789,32861,33011,0.9948361599088138,False
gvn-hoist,loop-unroll,-0.004814842825082211,-3.5711266702044098,0.0003557012252307368,33189,32887,0.0023371241577241028,True
gvn-hoist,loop-rotate,-0.001714432375903463,-1.2409165896277246,0.21464099654974772,32916,32756,0.45884779236537304,False
gvn-hoist,partial-inliner,-0.0013130712347148021,-0.9786325967505671,0.32776511711941286,33121,33196,0.5866216629979986,False
gvn-hoist,lower-expect,-0.00022233081558509227,-0.16450758226042184,0.869332087239378,32769,32584,0.9463308061571258,False
gvn-hoist,alignment-from-assumptions,0.0014809287543925964,1.1012585511946233,0.2707881485924058,32861,33356,0.5286823106275719,False
gvn-hoist,rpo-function-attrs,-0.0006897918547579263,-0.5136278527316145,0.6075139230869185,32879,33077,0.801288151838455,False
gvn-hoist,attributor,0.001886552534203334,1.4880870420123524,0.13673271729138534,33004,33029,0.34389551760633585,False
gvn-hoist,inferattrs,0.0005270083596389252,0.39302784829519594,0.6943001827737746,33134,32854,0.8585031625330285,False
gvn-hoist,called-value-propagation,-0.0011515960003026793,-0.8559869474094912,0.3920081103815738,32926,33009,0.6496418790750077,False
gvn-hoist,licm,-0.0023001254247576597,-1.6439025811114345,0.10020108376452763,33133,32954,0.2784864755300853,False
gvn-hoist,loop-simplify,0.0009476715566874017,0.7092383060481313,0.47817910426748117,33041,33147,0.7197792358340398,False
gvn-hoist,div-rem-pairs,-0.0018392594215204117,-1.3647978292904772,0.17232127311176232,32942,32790,0.3989226353395955,False
gvn-hoist,float2int,-0.001113260272931682,-0.8248471817392592,0.4094613449467393,32741,33094,0.6631733822689968,False
gvn-hoist,inline,0.0005600025374492001,0.4169349127423546,0.6767273717735001,32967,33052,0.8477493243330219,False
gvn-hoist,sink,0.0006478753851201224,0.4804650601322057,0.6308983374071719,32902,32977,0.8140355483645751,False
gvn-hoist,loop-vectorize,-0.003608942149476435,-2.6419434341738195,0.008245130752004655,32907,32942,0.037370291695428506,True
gvn-hoist,slp-vectorizer,0.00317082984703021,2.352093347011118,0.01867101933770764,32763,33040,0.07561087045135793,False
gvn-hoist,callsite-splitting,0.0004478817988909922,0.3320111394333108,0.7398819075106406,32676,32994,0.8790587226370354,False
gvn-hoist,dfa-jump-threading,0.0021574343610268887,1.6051326166966196,0.10846944355075924,32888,32623,0.29369304975832605,False
gvn-hoist,consthoist,-0.003470477903011193,-2.57846138755567,0.009926284603452806,33206,32808,0.04382337148491678,True
gvn-hoist,mldst-motion,-0.0007262098070923706,-0.5367663088777258,0.591430859387852,32918,32958,0.791268618162907,False
gvn-hoist,slsr,0.0007345419753009841,0.5450473639292711,0.5857227820619386,33036,33049,0.7885795969697118,False
gvn-hoist,loop-interchange,0.0012285485280880137,0.9080032654093992,0.363879827893121,32687,32998,0.6214362869731626,False
gvn-hoist,loop-fusion,0.0009613219504022164,0.7129037862499791,0.47590780203689265,33103,33285,0.719280182468727,False
gvn-hoist,loop-distribute,0.0009324473526725052,0.6947298595615129,0.4872270597569186,33056,32883,0.7271287754553215,False
gvn-hoist,loop-load-elim,9.780382178009583e-05,0.07235766107616778,0.9423174982353,33004,32718,0.9759627937290226,False
gvn-hoist,loop-sink,-0.0005763254243332794,-0.4271421473163948,0.6692771947525358,32846,32903,0.844630839397657,False
gvn-hoist,loop-unroll-and-jam,-0.0006437435293440985,-0.477617778422758,0.6329238521707433,33172,33020,0.8153789849276248,False
gvn-hoist,hotcoldsplit,-0.001507120331587175,-1.119534586963814,0.26291620983679614,33120,33019,0.5174430862340513,False
gvn-hoist,irce,-0.0005623548011138291,-0.4178407347062291,0.6760649314483758,32745,32963,0.8474680874060903,False
gvn-hoist,nary-reassociate,-0.0005354572077696518,-0.39624571964053745,0.6919250509191772,32967,32847,0.8577722659013035,False
gvn-hoist,scalarizer,-0.0033930419301904657,-2.5315713476277,0.011357569769831993,33079,32983,0.04930847363488036,True
gvn-hoist,vector-combine,0.00037810717872155397,0.27997179415171664,0.7795000219392363,32932,33095,0.9039153348871927,False
gvn-hoist,always-inline,-0.00013822108532085542,-0.10275979020400582,0.9181539330952083,32771,32840,0.9639385528152374,False
gvn-hoist,globalsplit,0.0005374758649991374,0.39877522048318786,0.6900601296074524,32705,33195,0.8565697590020094,False
gvn-hoist,lowerswitch,-0.0009380196145809538,-0.6290299815443089,0.529331605056295,32891,33116,0.7524002052270239,False
gvn-hoist,early-cse-memssa,-0.00373100056780995,-3.1446841301215445,0.0016633993392217378,32970,33065,0.00944039393100337,True
gvn-hoist,simple-loop-unswitch,-0.002696054750061516,-2.0063034013428624,0.044827951632672405,33083,33054,0.15198810267839405,False
gvn-hoist,loop-versioning,-0.0024190320476112914,-1.797639051932486,0.07223879554912085,32980,33010,0.21980351466228223,False
gvn-hoist,loop-flatten,-0.0013949379163691877,-1.0326539613410486,0.3017696531648195,33078,32886,0.5624816466219345,False
gvn-hoist,loop-reroll,-0.000759407353752628,-0.5643366233643076,0.5725269811515059,32853,33086,0.779018644263133,False
gvn-hoist,loop-instsimplify,-0.0004658779396825019,-0.3471282107632094,0.72849610468379,32896,33270,0.8740167726537137,False
gvn-hoist,loop-simplifycfg,-0.00047020515994278256,-0.35166792058649204,0.7250884389676517,33238,33064,0.8720658252448785,False
gvn-hoist,loop-predication,-0.0005271650854637433,-0.3908303347778918,0.6959239075161363,33236,33032,0.8590669532228229,False
gvn-hoist,speculative-execution,0.0002652271787976779,0.19760119643912133,0.8433577053639892,32873,33356,0.9373202602063361,False
gvn-hoist,partially-inline-libcalls,-0.0006444464613886702,-0.47795595103361627,0.63268314215561,32953,32961,0.8153789849276248,False
gvn-hoist,load-store-vectorizer,0.00018843363338783004,0.14088068805665643,0.8879646253022148,33183,33341,0.9525804245276579,False
gvn-hoist,iroutliner,0.003351747413340711,2.517375448577421,0.011825623268281361,33142,32902,0.0510012562980064,False
gvn-hoist,global-merge,0.00018936102260191934,0.1410043487832369,0.8878669363578637,33185,32944,0.9525804245276579,False
gvn-hoist,break-crit-edges,-0.010265785898319224,-7.367781253686692,1.7550832609119857e-13,32990,33084,4.268885745174743e-12,True
gvn-hoist,unreachableblockelim,0.0004691620057305501,0.3487528196694691,0.7272760041003176,32964,32736,0.8728203591960907,False
gvn-sink,newgvn,-0.0012740369738705182,-1.0936890304843698,0.27409537014168794,32871,33275,0.5320842667299361,False
gvn-sink,early-cse,0.003964384230031315,3.1314020979447506,0.0017404958157502231,32818,33334,0.009806880020831472,True
gvn-sink,mergereturn,-0.003055568044014134,-2.288815469441378,0.022093224799362245,33114,32804,0.08747934106602887,False
gvn-sink,globalopt,0.00048326100670670336,0.36008288673598293,0.718786306134122,32814,32968,0.8685768266154963,False
gvn-sink,strip-dead-prototypes,0.0012115239161269442,0.9113833944802824,0.3620967019283743,33234,33300,0.6196170886239337,False
gvn-sink,indvars,-0.00431407091274455,-3.263662742600779,0.0011003773458588433,33102,33117,0.006548750283257189,True
gvn-sink,mergeicmps,-0.0006521944047696016,-0.48980197559328265,0.6242756568228315,33154,33001,0.81024046831929,False
gvn-sink,separate-const-offset-from-gep,0.0008913357882832096,0.6678304213309626,0.504244178385635,33254,32842,0.739228377592428,False
gvn-sink,libcalls-shrinkwrap,0.0024767804602235377,1.8593387200025755,0.0629835589432216,32984,33478,0.19778958846965178,False
gvn-sink,flattencfg,0.0009223405884143387,0.6930053524657639,0.48830863216555026,33027,32944,0.7284634680229695,False
gvn-sink,loop-reduce,-0.001110397486873138,-0.8325067603259977,0.40512596534140755,33128,33114,0.6594209903507889,False
gvn-sink,loop-unroll,-0.007029266297375603,-5.252326405819623,1.5065365585870788e-07,32960,33180,1.4860446255483628e-06,True
gvn-sink,loop-rotate,-0.001129067212961965,-0.8324691844424588,0.405147180283162,33018,32916,0.6594209903507889,False
gvn-sink,partial-inliner,0.0013931806972147798,1.0464454712909643,0.29535922508255913,33342,32929,0.555607982793141,False
gvn-sink,lower-expect,0.0006568102604251336,0.49272478972962286,0.6222087004886996,32990,32927,0.8086854534064878,False
gvn-sink,alignment-from-assumptions,0.0016033912570443953,1.203121402025246,0.22893366087679504,32834,33176,0.47381326191010775,False
gvn-sink,rpo-function-attrs,0.0004553038448009139,0.342801692940497,0.7317487459115881,32750,33163,0.8757726433342845,False
gvn-sink,attributor,0.003840157503934516,3.058250022972434,0.0022272289735622212,33091,32890,0.012215446303178792,True
gvn-sink,inferattrs,0.002387505492280728,1.7957665106699412,0.07253621536953417,33255,32978,0.2203660352110906,False
gvn-sink,called-value-propagation,0.0003414967731272811,0.25747813645673207,0.7968104908062803,33312,32936,0.9134472594241488,False
gvn-sink,licm,-0.004065891234100227,-2.9361790541493242,0.003323966240860706,32984,33335,0.017217793385199107,True
gvn-sink,loop-simplify,0.0007283202074126471,0.5482172484219056,0.5835445918441526,33160,32926,0.7872681504923974,False
gvn-sink,div-rem-pairs,-0.00014854982775525105,-0.11160778929556281,0.9111347335668296,33199,33091,0.9599148820682553,False
gvn-sink,float2int,0.001507955171579034,1.1233367103978535,0.26129860499716223,33046,32945,0.5162690903980259,False
gvn-sink,inline,0.0016609238287238481,1.2497733126117763,0.21138678231716396,33360,32900,0.45469902109477917,False
gvn-sink,sink,-0.0005364611239567774,-0.40462135482169875,0.6857571638822236,33173,33152,0.8534656885469829,False
gvn-sink,loop-vectorize,-0.0025270421911440244,-1.8723581202472876,0.06116150269983931,32960,32938,0.19346401015554987,False
gvn-sink,slp-vectorizer,0.00011845469075993931,0.08897602696168194,0.9291012305623882,33096,33353,0.9703875158684799,False
gvn-sink,callsite-splitting,0.0016614966621022464,1.2384180687849664,0.21556551501441704,32978,32638,0.45884779236537304,False
gvn-sink,dfa-jump-threading,0.0008780025780888989,0.657012820600989,0.5111749818862451,32707,32780,0.7424930374875874,False
gvn-sink,consthoist,0.000759649277928931,0.5703240210351922,0.5684598901019061,32924,33182,0.7775766227879412,False
gvn-sink,mldst-motion,5.69982395791091e-05,0.042830632885682327,0.9658366745814215,33085,32847,0.983671370002821,False
gvn-sink,slsr,0.0033779994307215344,2.5399624571530475,0.01108870161700592,32966,33264,0.04840953794001692,True
gvn-sink,loop-interchange,-0.00032424853739554393,-0.24167171785879216,0.809035298860628,32898,32933,0.9201807233047398,False
gvn-sink,loop-fusion,0.00057896924816081,0.434448178471727,0.6639644314686498,33164,33174,0.8395353294619242,False
gvn-sink,loop-distribute,0.0003088789910479228,0.23223165481574665,0.816358810088617,33240,33035,0.9244826779372539,False
gvn-sink,loop-load-elim,-0.0006779557942950265,-0.5075242087196555,0.6117887529472579,33065,32845,0.8031393753072282,False
gvn-sink,loop-sink,0.0010571708807225466,0.7895357357798121,0.42980178766828536,33097,32923,0.6824691931521351,False
gvn-sink,loop-unroll-and-jam,-0.0015372438211400663,-1.1570246469110506,0.2472664645025147,33121,33101,0.4970715990717903,False
gvn-sink,hotcoldsplit,-0.0005847434001923224,-0.4391480876318611,0.6605556693534687,33306,32953,0.8371313919702859,False
gvn-sink,irce,0.0004822277180261403,0.36048151834830033,0.7184882304584075,33278,32635,0.8685768266154963,False
gvn-sink,nary-reassociate,0.0002191722072876212,0.16370099726200538,0.8699670332394415,33059,33002,0.9463308061571258,False
gvn-sink,scalarizer,0.0008701080660819538,0.6517113674898873,0.5145896518003763,33171,32991,0.7432780812301604,False
gvn-sink,vector-combine,0.00016253600766574783,0.1219374781079412,0.9029489051170176,33109,32887,0.9572839124846,False
gvn-sink,always-inline,0.0016104779215991294,1.2062817327919026,0.2277132043109602,32988,32989,0.47256221943917337,False
gvn-sink,globalsplit,0.0016394796387754207,1.2322786093136364,0.2178494044096587,33000,33198,0.4603805162866392,False
gvn-sink,lowerswitch,-0.001743908456606047,-1.1960749607063885,0.23167159566140877,33000,33143,0.4772898454114945,False
gvn-sink,early-cse-memssa,-0.0012806202442344206,-1.0907361495482215,0.2753929835316339,33181,32825,0.5327154041332358,False
gvn-sink,simple-loop-unswitch,0.0005219483199079833,0.3910057923881596,0.6957942134955483,32983,33178,0.8590669532228229,False
gvn-sink,loop-versioning,-0.0009945244815730558,-0.7449417678840637,0.4563095720850357,33202,32910,0.7044826715836427,False
gvn-sink,loop-flatten,0.0028557839465008783,2.1276657665286063,0.033368504062452745,32930,33018,0.12076807939793434,False
gvn-sink,loop-reroll,0.0005202092532849978,0.39146947805012283,0.695451505550841,33295,32889,0.8590669532228229,False
gvn-sink,loop-instsimplify,-0.0020306965411256983,-1.5267609683276409,0.12682524532535666,33246,32858,0.32738804264607557,False
gvn-sink,loop-simplifycfg,-0.0003358600476888185,-0.2539538051298479,0.7995320320120245,33256,33214,0.9152199466118351,False
gvn-sink,loop-predication,0.0007972561794648003,0.5998830177332023,0.548586257107697,33058,33052,0.7658133867003213,False
gvn-sink,speculative-execution,0.0019434435260498595,1.4684019005663658,0.14199984559950074,33007,33076,0.353510105128827,False
gvn-sink,partially-inline-libcalls,0.0005397215729592286,0.40525597960956616,0.6852906697004566,33199,33021,0.8534656885469829,False
gvn-sink,load-store-vectorizer,-3.3056300575373676e-05,-0.024922730595619128,0.9801166713436881,33085,33336,0.990749021390264,False
gvn-sink,iroutliner,0.002130922811924174,1.6025179625561519,0.1090459010397564,33047,33001,0.2939881521415294,False
gvn-sink,global-merge,-0.0003297841527978851,-0.24752329179546156,0.8045040366334435,32962,33154,0.9182272828494796,False
gvn-sink,break-crit-edges,-0.009665594098378083,-6.977312545854312,3.0368998597998466e-12,33155,33146,5.9462499254881e-11,True
gvn-sink,unreachableblockelim,0.0007096158854189571,0.5330040550787347,0.5940325640893953,33175,32967,0.7933941067442264,False
newgvn,early-cse,0.004456595045709166,3.7711794889089414,0.00016261921422559676,32871,33257,0.001143297743101323,True
newgvn,mergereturn,0.0014502805030790489,1.226048018393612,0.22018499373044378,33141,32654,0.4635722771228053,False
newgvn,globalopt,0.0010262587394642142,0.8649223731860359,0.3870845169727073,33277,33241,0.6454910786365138,False
newgvn,strip-dead-prototypes,0.002235781476790988,1.8937555813479743,0.05826181703575117,33174,33023,0.1862475718465319,False
newgvn,indvars,0.001225046616128822,1.035164263277708,0.3005959910540527,33164,32956,0.5613418697986029,False
newgvn,mergeicmps,0.0021140481860160154,1.7703008767252202,0.07668168501030127,32703,32783,0.231166650115735,False
newgvn,separate-const-offset-from-gep,0.0013726184280497544,1.1519676196060087,0.24933853441578752,33234,33055,0.4994423021852808,False
newgvn,libcalls-shrinkwrap,0.0046945314190761644,3.960503143036795,7.487030608736969e-05,33119,33003,0.0005563417810970393,True
newgvn,flattencfg,0.002589327412586162,2.1794086800566532,0.02930484450905149,33136,32875,0.10905210957482402,False
newgvn,loop-reduce,0.0017285224406886623,1.45627296872143,0.1453219296961651,32812,33278,0.3593428633897469,False
newgvn,loop-unroll,-0.002473402953233561,-2.083972001795191,0.03716654383153765,33071,33101,0.13231289604027402,False
newgvn,loop-rotate,-0.0011097195785384484,-0.9156352954965051,0.3598615665466716,33013,32844,0.6178381354713114,False
newgvn,partial-inliner,0.0016371186653138525,1.3797633209655469,0.16766419529795515,33174,32949,0.39151639164388335,False
newgvn,lower-expect,0.0025597060786033965,2.166663530894963,0.0302641158550327,32759,32687,0.11138559933111658,False
newgvn,alignment-from-assumptions,0.002784588969927837,2.3492739425026983,0.01881299059330386,33050,33013,0.07603494140364155,False
newgvn,rpo-function-attrs,0.0021814760993949522,1.836202572267701,0.06633220317143526,32935,33001,0.20545512477538483,False
newgvn,attributor,0.011332171256345558,9.758020480484928,1.7650844660069203e-22,33187,33021,1.7723258381751538e-20,True
newgvn,inferattrs,0.005007386889132048,4.215867431119636,2.4914931470960807e-05,33017,33274,0.000198306649675371,True
newgvn,called-value-propagation,0.002406308796478629,2.0320581473644324,0.0421517491853365,33025,33277,0.14557118100888602,False
newgvn,licm,-0.004998727685201987,-4.012702651367915,6.009358448922305e-05,32947,33356,0.0004516822972356957,True
newgvn,loop-simplify,0.003237393398906774,2.7415692794689113,0.0061162964794047895,32898,32955,0.02899687289751714,True
newgvn,div-rem-pairs,0.0037683196355003945,3.189419957539954,0.001426250995788933,32795,33315,0.008249924519216339,True
newgvn,float2int,0.0018411467712364238,1.5556160864894828,0.11980421765903432,32942,32917,0.31507946027721856,False
newgvn,inline,0.0022899577349482225,1.9290718984341235,0.053726215330156084,33200,32874,0.17459905330530393,False
newgvn,sink,0.0012872278588850206,1.0845967554324927,0.2781042507587214,32980,33103,0.5354493017083785,False
newgvn,loop-vectorize,-0.004860731965151133,-4.036459524651836,5.4324707561951335e-05,33327,33149,0.00041148076366073777,True
newgvn,slp-vectorizer,0.0017401323337616348,1.464050918289897,0.14318479930024272,33031,32996,0.35572499819369247,False
newgvn,callsite-splitting,0.001998177799873102,1.6850300941488923,0.09198748334930154,33184,32966,0.26293648525245605,False
newgvn,dfa-jump-threading,0.0017093462350161737,1.4466048832309149,0.14801237509928963,32880,33039,0.3630896501629249,False
newgvn,consthoist,0.001579487631338028,1.329676527931892,0.1836294805832508,32851,32965,0.4154040546671117,False
newgvn,mldst-motion,0.0001862212667615437,0.15597382893043021,0.876054129399744,32588,33208,0.9495233796649315,False
newgvn,slsr,0.0019679208628754497,1.6694400606566093,0.09503491727032978,33150,33211,0.2683177620984942,False
newgvn,loop-interchange,0.0011942159159441523,1.0016004975932757,0.3165402861641571,32775,32649,0.576545004938995,False
newgvn,loop-fusion,0.0015849692438734686,1.3405737930487642,0.18006345108968777,33417,33073,0.4111536294269489,False
newgvn,loop-distribute,0.0010691153483019522,0.9047184178549584,0.365617877274756,33164,32965,0.6229248604962551,False
newgvn,loop-load-elim,0.0020897028020698816,1.7545820685876743,0.07933546974220379,33152,32726,0.23679702706590705,False
newgvn,loop-sink,0.0026532875626482655,2.235129582724165,0.025412183302045407,33039,32801,0.09775452830138488,False
newgvn,loop-unroll-and-jam,-0.00020463475062704184,-0.1724769671001002,0.8630630946102674,33197,33036,0.9432795701709255,False
newgvn,hotcoldsplit,0.0041004838910891905,3.446760680326227,0.0005677049605736908,32999,32846,0.0036325696496839434,True
newgvn,irce,0.0006149324261132127,0.5191574886462166,0.6036526614628146,33235,32800,0.7983464445418379,False
newgvn,nary-reassociate,0.0009391825861924108,0.7906336272406771,0.42916066691170035,32738,33089,0.6820589170560951,False
newgvn,scalarizer,0.0027378760413915293,2.3043419722428555,0.02120654504053245,32965,33020,0.08461685354602992,False
newgvn,vector-combine,0.0014546158194499448,1.2280134605949977,0.21944629434146207,33064,32941,0.46276342953213,False
newgvn,always-inline,0.0007762247613385953,0.6526615020325404,0.5139768047225134,33018,32851,0.7432780812301604,False
newgvn,globalsplit,0.0004607677266242338,0.3900360805291034,0.6965111278045104,32940,32990,0.8590669532228229,False
newgvn,lowerswitch,-0.0008139487975840076,-0.6057248501146419,0.5446995569599026,33304,32876,0.7631941456950767,False
newgvn,early-cse-memssa,0.0003592411435213161,0.3046667879214188,0.7606209101081899,32908,32933,0.8909935638599077,False
newgvn,simple-loop-unswitch,0.0034885388464617195,2.9408139863027385,0.0032746424996327158,32888,33386,0.01700729446758848,True
newgvn,loop-versioning,0.0004880361232544872,0.4113653730990197,0.680805971494787,33272,32967,0.8506816159456241,False
newgvn,loop-flatten,0.00025855318385981096,0.21754748674304666,0.8277823786550157,33094,32694,0.930814866073308,False
newgvn,loop-reroll,0.0011359430111794189,0.957187679962761,0.3384760485606622,33011,32847,0.5984073165523942,False
newgvn,loop-instsimplify,-2.4829780005009017e-05,-0.020876058661355324,0.9833445880129824,32859,33138,0.9927242605462333,False
newgvn,loop-simplifycfg,0.0011831450033620294,1.0063542894652682,0.3142488442664137,33270,33073,0.5752313457070668,False
newgvn,loop-predication,0.0017476150215867126,1.4736784613863751,0.14057295469973796,33034,32961,0.3519716691842544,False
newgvn,speculative-execution,0.0034255941109664345,2.917911707362511,0.0035250173179811263,33371,33320,0.018068020703159805,True
newgvn,partially-inline-libcalls,0.0023111801030089585,1.944038107393917,0.05189511008880282,32964,32883,0.1699174340365818,False
newgvn,load-store-vectorizer,0.0032571452855589267,2.7681259465673227,0.005639527412985661,33056,33418,0.027031076314873746,True
newgvn,iroutliner,0.0037136185074429506,3.1522350031475055,0.0016209828160198725,33085,32926,0.009239838002232636,True
newgvn,global-merge,0.0018896407675207394,1.596440991974246,0.11039514979524821,33193,32922,0.29642817965124435,False
newgvn,break-crit-edges,-0.008290418845381287,-6.682933910925103,2.360619925363751e-11,32888,33121,3.967462501169291e-10,True
newgvn,unreachableblockelim,0.0021466254419716946,1.8118120974874259,0.07001978305612712,33070,32871,0.21472002384322147,False
early-cse,mergereturn,-0.003837450462252423,-2.980663355777453,0.002877294283711174,33189,32926,0.015223652403189895,True
early-cse,globalopt,-0.002209443699987379,-1.718867108409635,0.08564323551446822,33084,33290,0.2506568836133464,False
early-cse,strip-dead-prototypes,-0.00481039216431095,-3.7414856213072607,0.00018308923976331773,33440,33081,0.0012734946055295777,True
early-cse,indvars,-0.004228549688827188,-3.2876681729024724,0.0010107366860605217,33096,32829,0.0060706209549279185,True
early-cse,mergeicmps,-0.005642073498607791,-4.387522189887053,1.148267061505511e-05,33227,32792,9.567263431607619e-05,True
early-cse,separate-const-offset-from-gep,-0.004344466616337805,-3.358363119515487,0.000784497518125194,33040,33122,0.0048609055078769935,True
early-cse,libcalls-shrinkwrap,-0.0017624634018107432,-1.367729510726558,0.1714014068365839,32909,33233,0.397665353819658,False
early-cse,flattencfg,-0.004179576373307459,-3.2578185124846413,0.001123289952882231,33026,32853,0.00666485372043457,True
early-cse,loop-reduce,-0.0056497375670124805,-4.38840911170452,1.1435823848845184e-05,33288,33268,9.563730238319706e-05,True
early-cse,loop-unroll,-0.0072011754157766394,-5.57408237499379,2.4980421390994552e-08,33113,33103,2.7401493044015315e-07,True
early-cse,loop-rotate,-0.006404700414421538,-4.880780109496864,1.059124584222508e-06,33183,33011,9.645422957710095e-06,True
early-cse,partial-inliner,-0.00214187254010606,-1.6624305408949966,0.096431213105157,33282,32940,0.2710873155203121,False
early-cse,lower-expect,-0.0029535317950586393,-2.299393747363844,0.021485698945017808,32908,33063,0.08533265422788007,False
early-cse,alignment-from-assumptions,-0.0027616888581435406,-2.143657998066732,0.03206393080192392,33150,33076,0.11691094322191255,False
early-cse,rpo-function-attrs,-0.002170184363778971,-1.6925682620638525,0.0905423904780987,33112,32976,0.2601349971476409,False
early-cse,attributor,-0.002590422660098013,-2.11955982527361,0.034046902677668175,33059,33000,0.12276949436993423,False
early-cse,inferattrs,-0.0036198065632378484,-2.8013891568666205,0.005089785894062575,33062,33234,0.024698391029924466,True
early-cse,called-value-propagation,-0.00403425111431277,-3.1463664425786844,0.001653853931970458,33565,33162,0.009399843247599876,True
early-cse,licm,-0.011559632609147108,-8.644098823890372,5.542295983939452e-18,33079,32910,2.932923117987418e-16,True
early-cse,loop-simplify,-0.0020153083025837293,-1.5644135645351804,0.11772526777026061,33169,32894,0.3111764820341073,False
early-cse,div-rem-pairs,-0.0033351780177398593,-2.590962281563188,0.009572901711912643,33212,32843,0.04250281531048743,True
early-cse,float2int,-0.003690183803272351,-2.8532688292920034,0.004328548981523315,33112,32712,0.02145645292613329,True
early-cse,inline,-0.0009757585217531339,-0.7582395925566637,0.4483102653051333,33062,33065,0.6995230244914319,False
early-cse,sink,-0.002968616932190693,-2.303071621445737,0.021277907359577866,33187,32824,0.08467915164645014,False
early-cse,loop-vectorize,-0.006496698200267881,-4.976805583038756,6.48049128716464e-07,33002,32906,6.144698276159014e-06,True
early-cse,slp-vectorizer,-0.002652699027901273,-2.065765182267316,0.038854529226672985,33168,33205,0.1373234083498659,False
early-cse,callsite-splitting,-0.002640371021950527,-2.0374581221159382,0.04160814708005098,33037,32761,0.14444814181336846,False
early-cse,dfa-jump-threading,-0.0025248062064819887,-1.9638717016410743,0.049549162599942756,33057,32955,0.164157800965631,False
early-cse,consthoist,-0.0018546949662058831,-1.4335245301133688,0.15171274292955012,32898,32938,0.36795409556096437,False
early-cse,mldst-motion,-0.002961594250510402,-2.3009443462437145,0.02139786479833194,33144,33149,0.08507008989874912,False
early-cse,slsr,-0.000985556859015746,-0.7688985562345034,0.4419562802236973,33117,33037,0.6927239141390287,False
early-cse,loop-interchange,-0.004253102266460085,-3.2985025708884317,0.0009725333389967104,33133,32943,0.005859139316170951,True
early-cse,loop-fusion,-0.003733616573191434,-2.910400622903127,0.0036108620112909337,33250,32831,0.018411634942988666,True
early-cse,loop-distribute,-0.0037923284001999957,-2.943446021695641,0.003246931378308191,33270,32892,0.01688576796474751,True
early-cse,loop-load-elim,-0.0032437698379168545,-2.5115314994125613,0.012023229485110134,33009,32830,0.05179644297435785,False
early-cse,loop-sink,-0.002951586883897017,-2.28774968250318,0.022155258837183996,33045,32780,0.08754792493078964,False
early-cse,loop-unroll-and-jam,-0.004627590066479892,-3.59031068275349,0.0003305228225928027,33325,32861,0.0021900632373492647,True
early-cse,hotcoldsplit,-0.006074942088447444,-4.741479693747026,2.1260364939143142e-06,33005,33202,1.883610613160284e-05,True
early-cse,irce,-0.006791039255260423,-5.275194992284887,1.3303332328612405e-07,33072,32742,1.3255941322861622e-06,True
early-cse,nary-reassociate,-0.00388710175640411,-3.0081200099360665,0.0026296820588856376,33165,32943,0.01408732550286752,True
early-cse,scalarizer,-0.002443201034667719,-1.89650916584112,0.05789709352906982,33343,32967,0.18525870302098993,False
early-cse,vector-combine,-0.001587009270565154,-1.2350488827362642,0.21681669332218284,33043,33192,0.459693649729111,False
early-cse,always-inline,-0.0026244630369667288,-2.0386254262541503,0.04149139634917875,33184,32922,0.14429867504741029,False
early-cse,globalsplit,-0.0020997733166366883,-1.631151035429922,0.10286322399047564,32897,33141,0.28232109098113956,False
early-cse,lowerswitch,-0.005130873613735321,-3.563733246294802,0.00036587560861535645,32927,32996,0.0023999478782876647,True
early-cse,early-cse-memssa,-0.004327173538771989,-3.6577825333609613,0.00025460389694382905,32923,33285,0.0017219842149085226,True
early-cse,simple-loop-unswitch,-0.003745212292259048,-2.908609999271502,0.0036316002071891717,32950,33301,0.01846928105370493,True
early-cse,loop-versioning,-0.002721076698167957,-2.1062424159134827,0.03518705355064687,33294,32928,0.1266475199488356,False
early-cse,loop-flatten,-0.003984685245327357,-3.089402496896731,0.0020064286706156084,32989,33021,0.011113401236394232,True
early-cse,loop-reroll,-0.004296616732148095,-3.337720143861664,0.0008451558203159921,33163,32651,0.005195651793339757,True
early-cse,loop-instsimplify,-0.00346007083385802,-2.682291446255712,0.007313792227187766,33079,32944,0.033734758965450286,True
early-cse,loop-simplifycfg,-0.004363151588157144,-3.410697002953632,0.000648357004329036,33290,32973,0.004088957620480113,True
early-cse,loop-predication,-0.004939531956216436,-3.8391805218437534,0.00012356072836696235,33023,32995,0.0008878235087798616,True
early-cse,speculative-execution,-0.0021335653963848733,-1.6614498212762498,0.09662785651809938,33162,33284,0.27125067105725964,False
early-cse,partially-inline-libcalls,-0.0021216093148240245,-1.6497806565051185,0.09899253362328653,33369,33075,0.27591086239771534,False
early-cse,load-store-vectorizer,-0.0035992498081889868,-2.804238170592072,0.005045025787665933,33310,33175,0.02452068823994808,True
early-cse,iroutliner,-0.0038140552663049054,-2.991316563753951,0.002778796861134298,33032,33148,0.014764950486027018,True
early-cse,global-merge,-0.002178250814087568,-1.6938710394648064,0.09029452611461478,32936,32837,0.25999512078296433,False
early-cse,break-crit-edges,-0.012495968890093745,-9.388688254682243,6.259733567227021e-21,33362,32970,5.215556733885322e-19,True
early-cse,unreachableblockelim,-0.001940157194056935,-1.5047824022185872,0.13238478554475802,33189,33220,0.33771631336728997,False
mergereturn,globalopt,-0.00025770153692006303,-0.18968431773086805,0.8495570936965595,32895,33103,0.9410477915278468,False
mergereturn,strip-dead-prototypes,0.001169657167871263,0.8690388199283895,0.384829038744253,33286,33130,0.6429140425437264,False
mergereturn,indvars,-0.0005670871083852114,-0.4196106211999595,0.6747712945394402,33015,32953,0.8471960209735325,False
mergereturn,mergeicmps,0.001040594448919241,0.7684216524271883,0.4422394753185832,32948,32929,0.6927239141390287,False
mergereturn,separate-const-offset-from-gep,0.0015534754709538579,1.1412744815814013,0.2537598565307675,32916,33122,0.5059692455063571,False
mergereturn,libcalls-shrinkwrap,-0.0009672974862559025,-0.7092477276497469,0.47817327070692983,32735,33154,0.7197792358340398,False
mergereturn,flattencfg,0.0007909427841366612,0.5850763057913158,0.5584984084149895,33004,33068,0.7719123728976652,False
mergereturn,loop-reduce,0.0001743480691645538,0.12893882271535848,0.8974064458317126,33270,33424,0.9563889291856672,False
mergereturn,loop-unroll,-0.003933895152165634,-2.8956636261598416,0.003784818310188176,33098,32903,0.01909967590553724,True
mergereturn,loop-rotate,-0.0010704024668304335,-0.7753589327155159,0.438130374125341,33088,32882,0.6901522707461124,False
mergereturn,partial-inliner,0.00101485545945168,0.7505023074682422,0.45295490518189013,33057,33067,0.7030405900484668,False
mergereturn,lower-expect,-6.725634235099642e-05,-0.04943892951818201,0.9605696551030523,32733,32967,0.9826051709009673,False
mergereturn,alignment-from-assumptions,0.001252786055115196,0.9258362531417378,0.3545344666097565,32883,33166,0.6135842403654217,False
mergereturn,rpo-function-attrs,0.0011618669564007478,0.8596398580276684,0.389990722982859,33003,32916,0.6487696139341018,False
mergereturn,attributor,-0.0006842758228693957,-0.5360251261685451,0.5919429961446419,33171,32699,0.7914130327423754,False
mergereturn,inferattrs,0.0025495107999956024,1.8761218036835532,0.0606429699396326,33046,32902,0.19244559990567361,False
mergereturn,called-value-propagation,0.00031971640473182905,0.23623815186285785,0.813248608700729,33131,32940,0.9226094053976854,False
mergereturn,licm,-0.003355275227205856,-2.388296876857127,0.016929455283682452,33117,32900,0.06956531677953881,False
mergereturn,loop-simplify,0.0009763449881026731,0.720767796601421,0.47105494092431405,33157,32952,0.71610420153972,False
mergereturn,div-rem-pairs,0.001288236819531663,0.9519136829992114,0.34114424753450895,33042,32922,0.600918283497031,False
mergereturn,float2int,0.0034450218338714644,2.535774412192327,0.011222195708183832,33030,32697,0.04888333525389087,True
mergereturn,inline,0.0014256063077582315,1.0522292900580492,0.29269823289351626,33023,32711,0.5537228405850289,False
mergereturn,sink,0.002399539705039866,1.7724951871677108,0.07631700031617195,33171,32922,0.23042203025299102,False
mergereturn,loop-vectorize,-0.0030986653095512184,-2.261439782898126,0.02373526845537248,33084,33120,0.092392953549939,False
mergereturn,slp-vectorizer,0.001973584715678822,1.4561634980526335,0.14535216946102122,32971,33253,0.3593428633897469,False
mergereturn,callsite-splitting,0.0007358494177927555,0.5416467743441861,0.5880637028404249,32971,32616,0.7891764339288315,False
mergereturn,dfa-jump-threading,0.0020805233064609685,1.5349816385003057,0.12479314308116105,32956,32895,0.32492682733100176,False
mergereturn,consthoist,0.0003113229683164853,0.2288619808617405,0.8189769005733836,32957,33020,0.9263759510818516,False
mergereturn,mldst-motion,0.0012306758475509327,0.9088447373946003,0.36343539409174214,33195,33056,0.620948081702994,False
mergereturn,slsr,0.0021862112193483108,1.6115408899433876,0.10706665382905514,33086,33066,0.29136415315815145,False
mergereturn,loop-interchange,0.0014635545810232076,1.0757289578038807,0.2820524408377962,32703,33039,0.5384660530062553,False
mergereturn,loop-fusion,0.0015800219799690929,1.1718017270886245,0.24128087920876848,33359,32972,0.4882976346157816,False
mergereturn,loop-distribute,0.0014718157302330837,1.088656439688509,0.27630939348228667,33143,32867,0.5336504687051712,False
mergereturn,loop-load-elim,0.0016450621317082303,1.2127333944494632,0.2252361201304368,33069,32772,0.46966168606538367,False
mergereturn,loop-sink,0.0020905883322979713,1.5379194262244424,0.12407311876650245,32783,33112,0.3239135553930824,False
mergereturn,loop-unroll-and-jam,-0.0008663263727476944,-0.6372723496040602,0.5239496715675258,33136,32791,0.7482025426191251,False
mergereturn,hotcoldsplit,0.0018599774203075237,1.3677625580560047,0.1713910535028076,33124,33088,0.397665353819658,False
mergereturn,irce,0.0008791056982712098,0.6493304518900744,0.5161270752026462,33331,32470,0.7440762398995691,False
mergereturn,nary-reassociate,0.00016486152206107718,0.12170574701540475,0.9031324313391809,33151,32999,0.9572839124846,False
mergereturn,scalarizer,0.0013801935454940129,1.0150033005057986,0.31010797369030835,33039,32990,0.571471871555252,False
mergereturn,vector-combine,-0.0006772979321032491,-0.4994424460295385,0.617469387936711,33068,32930,0.8057646016666877,False
mergereturn,always-inline,0.0015302573964992572,1.1225408889288127,0.2616366243876371,33027,32849,0.5163397334840691,False
mergereturn,globalsplit,0.0018733744430954324,1.384653296490705,0.16616316558200975,33151,33156,0.3894045220940455,False
mergereturn,lowerswitch,0.0007916139217222784,0.5297714760897403,0.5962721628978432,32996,33126,0.7954673202179557,False
mergereturn,early-cse-memssa,-0.0022257022296517937,-1.8667627190194405,0.0619391623227167,33048,32963,0.19545024952115922,False
mergereturn,simple-loop-unswitch,-0.0030244232677348326,-2.2327408028774482,0.025569384729129202,32989,32964,0.09816638294046075,False
mergereturn,loop-versioning,0.002209114109626542,1.6205905533277871,0.10511025558765065,33128,32895,0.2870374901542817,False
mergereturn,loop-flatten,0.0006027081466918882,0.4446536403880731,0.6565715324192722,32941,33172,0.8331607650531011,False
mergereturn,loop-reroll,0.004217036881294212,3.108387729204833,0.0018819124285384403,32941,32882,0.010543017267748974,True
mergereturn,loop-instsimplify,0.002203900252523816,1.627275733433754,0.10368330057118266,33335,32996,0.283932730794931,False
mergereturn,loop-simplifycfg,0.000574607733737853,0.4264200577968614,0.6698031786813436,33065,32964,0.8447501602950537,False
mergereturn,loop-predication,-0.0008994535890326505,-0.6617082348177824,0.5081605350372422,33071,32969,0.7410396776634791,False
mergereturn,speculative-execution,0.002586810497345604,1.9150428414951237,0.05549135759836676,32867,33139,0.17914604810816506,False
mergereturn,partially-inline-libcalls,0.0013879674011337273,1.0226782082112968,0.3064637545573956,33131,33088,0.5671607102300383,False
mergereturn,load-store-vectorizer,0.00027224772063949576,0.2018772260922041,0.8400133234899466,33105,33467,0.937065032756928,False
mergereturn,iroutliner,0.005002560147068291,3.7034743909498484,0.00021283991458081997,33020,32959,0.0014596866996470946,True
mergereturn,global-merge,-0.0009043418387856828,-0.6671389895576201,0.5046856915434053,33160,32798,0.739228377592428,False
mergereturn,break-crit-edges,-0.007880466372968076,-5.6267969074644055,1.8432704216215303e-08,33012,33119,2.0564806185384365e-07,True
mergereturn,unreachableblockelim,0.0026992376219805436,1.9950538439864076,0.04604112127983304,33052,32809,0.15489435647064106,False
globalopt,strip-dead-prototypes,-0.0005395991211553652,-0.3972081404999483,0.6912152630426515,33077,32983,0.8576043254473674,False
globalopt,indvars,-0.002000572654566657,-1.4785186763582874,0.13927376199962893,33318,32859,0.34961285384009416,False
globalopt,mergeicmps,-0.002042094455118826,-1.501668590188865,0.13318751196361958,33073,32820,0.3384570388381144,False
globalopt,separate-const-offset-from-gep,0.001961924458186326,1.4460575237971103,0.14816579697659704,32966,33312,0.3630896501629249,False
globalopt,libcalls-shrinkwrap,-0.0009027023039229198,-0.662704429164204,0.5075221808878208,33098,33072,0.7407591727009714,False
globalopt,flattencfg,0.0005350047080153186,0.39396717600754955,0.6936065493256564,32956,32878,0.8581874398607489,False
globalopt,loop-reduce,-0.0030652613177653,-2.2605003768456733,0.02379345812899101,32802,33197,0.09252748960588758,False
globalopt,loop-unroll,-0.0056920732771481575,-4.190833641804247,2.78292290250107e-05,33138,32918,0.0002197162517377861,True
globalopt,loop-rotate,-0.0013211416425154554,-0.9542890983383417,0.33994081536088067,33200,32886,0.599103615190463,False
globalopt,partial-inliner,-0.001086589751652156,-0.7989924685688546,0.42429765936560737,32955,32931,0.678737595619166,False
globalopt,lower-expect,-0.00214091117728471,-1.5779440195994292,0.11458327551046357,32997,32840,0.30462193272163973,False
globalopt,alignment-from-assumptions,0.0006917248180564051,0.5091719136984292,0.6106334303682227,32761,33276,0.8025639211884079,False
globalopt,rpo-function-attrs,0.0021674462410317674,1.6041302246614741,0.10869014471342792,32816,33068,0.29385742910191714,False
globalopt,attributor,0.0037842125231735135,2.961283210287419,0.0030646942523943044,32985,32863,0.016066054474399058,True
globalopt,inferattrs,0.002209838385490659,1.6351578020447155,0.1020207395962554,33176,32839,0.28165912165524337,False
globalopt,called-value-propagation,-0.0011537580089364674,-0.8499837730520301,0.39533718565236065,33149,32976,0.6519267393636652,False
globalopt,licm,-0.0034904124641152445,-2.471498461795476,0.013457320784613194,32852,33087,0.05703340713478925,False
globalopt,loop-simplify,0.0005614155726890169,0.41343459627343265,0.67928957708316,32959,32941,0.8490577669510547,False
globalopt,div-rem-pairs,-0.0024963636556918356,-1.837840940940488,0.06609035127674551,33034,32792,0.20524172529717322,False
globalopt,float2int,0.0006399948075015427,0.47252795723025776,0.6365515518035555,33093,32994,0.8174044268776115,False
globalopt,inline,0.0013547393239296546,1.003158404612364,0.3157881137323625,33257,32805,0.576545004938995,False
globalopt,sink,0.0013446411150802584,0.9903710082167141,0.3219964511301248,32760,33066,0.581881911686926,False
globalopt,loop-vectorize,-0.0017896311041004642,-1.2993143805272782,0.19384058679793847,33128,33085,0.4300892158501,False
globalopt,slp-vectorizer,-0.0017389554895902437,-1.2882196980289011,0.19767399090176566,33221,33110,0.43516062033976843,False
globalopt,callsite-splitting,-0.002731193582342084,-2.001855444162349,0.045304398925790225,33042,32432,0.1532055493898053,False
globalopt,dfa-jump-threading,-0.00062426772576335,-0.46101531567015114,0.6447891408480936,32993,32806,0.8244342013934955,False
globalopt,consthoist,-0.0015683958779951768,-1.1524305192851805,0.24914837932704517,33012,32999,0.4994423021852808,False
globalopt,mldst-motion,-0.0018581221636206346,-1.3645530279700715,0.17239823130241594,33065,32909,0.3989226353395955,False
globalopt,slsr,-0.0009311831569536744,-0.6853435689097136,0.49312955758214944,32919,32921,0.73163475826126,False
globalopt,loop-interchange,-0.0020339380004578134,-1.497668071905742,0.1342242943923755,32890,33099,0.3406496026186276,False
globalopt,loop-fusion,0.0005214449471490079,0.38215129014847204,0.7023503827240353,33057,32801,0.8608302068771877,False
globalopt,loop-distribute,-0.0006745556292832577,-0.4985422043574553,0.6181035919054707,33193,32799,0.8057646016666877,False
globalopt,loop-load-elim,-0.0011262078023905886,-0.8249984604135037,0.4093754595126711,32871,32849,0.6631733822689968,False
globalopt,loop-sink,0.00027420811990197524,0.20119548022876507,0.8405463472611359,32871,32944,0.937065032756928,False
globalopt,loop-unroll-and-jam,-0.0020811759123997575,-1.5284091122969747,0.12641578312327437,33070,32974,0.32697767946548373,False
globalopt,hotcoldsplit,-0.0018072227414706044,-1.3299214352698054,0.1835487668254645,32959,32860,0.4154040546671117,False
globalopt,irce,-0.0028046218570209613,-2.062027737992831,0.039209012132430464,33075,32733,0.13782988465942342,False
globalopt,nary-reassociate,-0.0007830118863894064,-0.5762339165220413,0.5644590489125692,33204,32773,0.7758258796444907,False
globalopt,scalarizer,-0.0007688210365094372,-0.5669722849083331,0.5707349308239794,33224,33085,0.7779317748370008,False
globalopt,vector-combine,-0.0018856983820766948,-1.3864443771200718,0.16561594195007684,33028,32904,0.3888201610770389,False
globalopt,always-inline,0.00047872290732270395,0.3524114103181556,0.7245308674393233,33053,33175,0.8719308165004271,False
globalopt,globalsplit,-0.00047502256585568725,-0.35021252747071124,0.7261803250083934,33005,32914,0.8723321137947038,False
globalopt,lowerswitch,-0.001506023319146843,-1.009054297789365,0.3129522807358162,32962,33276,0.5742835667110855,False
globalopt,early-cse-memssa,-0.005688001347348259,-4.744721127269824,2.0923045490555727e-06,33253,32725,1.8579284839232705e-05,True
globalopt,simple-loop-unswitch,-0.002056982770193283,-1.5144126617826534,0.12992598465633198,33056,33139,0.33276007581046174,False
globalopt,loop-versioning,-0.0014973205844868165,-1.1047643994923424,0.2692657182196197,33035,32959,0.5264789593641857,False
globalopt,loop-flatten,-0.0005775775153470386,-0.4252908491494071,0.6706260476441908,33153,32972,0.8450877968840743,False
globalopt,loop-reroll,-0.0014507049955153617,-1.0674009434980691,0.2857947375032999,33036,32791,0.5435513317449842,False
globalopt,loop-instsimplify,-0.00043739975983514423,-0.3216705395767883,0.7477033215387325,33112,32632,0.8840598451526801,False
globalopt,loop-simplifycfg,-0.0009349669079660727,-0.6958252617566516,0.4865407001999721,33201,33257,0.7266565148676929,False
globalopt,loop-predication,-0.0025043528825315353,-1.8404570683559738,0.06570563969068162,33088,33048,0.2043711557019136,False
globalopt,speculative-execution,0.0002560327596071721,0.1891168926648362,0.8500017809107537,33214,33080,0.9410477915278468,False
globalopt,partially-inline-libcalls,-0.0011705363546890002,-0.8626313169249361,0.3883433327791995,33065,33103,0.6471287196439768,False
globalopt,load-store-vectorizer,0.0005278600896803098,0.3900477905797971,0.696502458058634,33227,33251,0.8590669532228229,False
globalopt,iroutliner,0.0019134882742316006,1.4240289774726513,0.15444282231593148,33007,32846,0.37193933129426887,False
globalopt,global-merge,-0.0017501990629295028,-1.2860232398051907,0.1984394642699578,32892,33091,0.4363216968451178,False
globalopt,break-crit-edges,-0.010852734133555975,-7.706546515848723,1.3107021981236126e-14,32938,32871,3.9180990899634103e-13,True
globalopt,unreachableblockelim,-0.0012415640209079148,-0.9122010888882808,0.3616662216302416,33089,32550,0.6195472108066605,False
strip-dead-prototypes,indvars,-0.00415098540895098,-3.0701731321417665,0.0021402126182808855,33204,33042,0.011771169400544871,True
strip-dead-prototypes,mergeicmps,-0.0001627475962233671,-0.11990759973926078,0.9045567083062983,32942,33232,0.9581207046183176,False
strip-dead-prototypes,separate-const-offset-from-gep,-0.00027225090954385855,-0.200527306401501,0.8410688207739425,33224,32924,0.937065032756928,False
strip-dead-prototypes,libcalls-shrinkwrap,-0.0005706602238282343,-0.42026042427539834,0.6742965755629977,33187,33311,0.8468715169675108,False
strip-dead-prototypes,flattencfg,0.0019822456502970875,1.4597752818869192,0.1443566178313995,32999,32819,0.357653185156169,False
strip-dead-prototypes,loop-reduce,-0.0035278494473998667,-2.604971749330128,0.00919023073773854,33170,33256,0.041036423681851904,True
strip-dead-prototypes,loop-unroll,-0.005252389942687508,-3.882454071956311,0.00010350766732790489,33173,33140,0.0007548156894898986,True
strip-dead-prototypes,loop-rotate,-0.0028468128237073564,-2.0553444524452287,0.03984967318816301,33177,32820,0.13933153589718425,False
strip-dead-prototypes,partial-inliner,0.0007437062005252737,0.5516395942728343,0.5811971561004903,33291,33246,0.7864523982488959,False
strip-dead-prototypes,lower-expect,-0.001729311090188368,-1.2764446468514146,0.20180287177019424,33035,32997,0.4414860591352406,False
strip-dead-prototypes,alignment-from-assumptions,0.0007733956646641116,0.5702814875859439,0.56848873111386,32790,33419,0.7775766227879412,False
strip-dead-prototypes,rpo-function-attrs,0.0009897920398783122,0.7364025630157509,0.4614883413077516,33217,33331,0.7071648283701237,False
strip-dead-prototypes,attributor,0.002443192626186863,1.9306656183933832,0.05352866863124664,33489,32952,0.17410155013285866,False
strip-dead-prototypes,inferattrs,0.0006204409584774639,0.45860815877989786,0.64651707635993,33240,33220,0.8257537087493432,False
strip-dead-prototypes,called-value-propagation,0.00016479837831689936,0.12229951109041684,0.9026621882190582,33217,33382,0.9572839124846,False
strip-dead-prototypes,licm,-0.00305117797920762,-2.175373513313971,0.02960567153208454,32958,33143,0.10948846348634905,False
strip-dead-prototypes,loop-simplify,0.0009734905130254767,0.7224917342396902,0.46999475163812693,33026,33337,0.7153126495977089,False
strip-dead-prototypes,div-rem-pairs,0.0006564923392944899,0.4864266575978644,0.6266663007555949,33190,33160,0.8109799186248876,False
strip-dead-prototypes,float2int,9.950113368889513e-05,0.07354092213271823,0.9413759029036161,33213,33093,0.9756036797340113,False
strip-dead-prototypes,inline,-0.0006004343393953282,-0.4450062941855766,0.6563166623136637,33347,32775,0.8331607650531011,False
strip-dead-prototypes,sink,0.0018900123150736303,1.3977340575429806,0.16219760351096923,33211,33324,0.38304046236905087,False
strip-dead-prototypes,loop-vectorize,-0.002074590428461587,-1.5155021536860966,0.1296500554065066,32990,33295,0.3322706917355234,False
strip-dead-prototypes,slp-vectorizer,1.917235728426947e-05,0.014224841149296466,0.9886506441966757,33375,33276,0.9950028071637579,False
strip-dead-prototypes,callsite-splitting,-0.0003391214628317707,-0.2506653005428178,0.8020736681496519,33003,33225,0.9170570757588428,False
strip-dead-prototypes,dfa-jump-threading,-0.0012487302604545225,-0.9257905279611376,0.35455821847844077,33133,33207,0.6135842403654217,False
strip-dead-prototypes,consthoist,-0.0017579604461449572,-1.2925204847728218,0.19618147887602763,32997,33045,0.432815026072408,False
strip-dead-prototypes,mldst-motion,0.0008108695560566925,0.5996498431599004,0.5487416657510473,33192,33280,0.7658133867003213,False
strip-dead-prototypes,slsr,0.0006940941721532701,0.5142683065664817,0.6070661355848959,33183,32944,0.8009673136625513,False
strip-dead-prototypes,loop-interchange,-3.6546038822804494e-05,-0.026948569020948686,0.9785008364932924,32906,33169,0.9906435562843158,False
strip-dead-prototypes,loop-fusion,0.0007739179948679786,0.571788307464344,0.5674673374601386,32954,33425,0.7767221578098227,False
strip-dead-prototypes,loop-distribute,-0.0002906865835898831,-0.21679575455146044,0.8283681839288759,33433,33251,0.930814866073308,False
strip-dead-prototypes,loop-load-elim,0.00025111435007046934,0.18567415889804517,0.8527008626136517,33192,33055,0.9416978357879414,False
strip-dead-prototypes,loop-sink,-0.0007667546092159916,-0.5666769245845298,0.5709356313461262,32937,32960,0.7779345624048123,False
strip-dead-prototypes,loop-unroll-and-jam,-0.0011491768352809295,-0.8536654392778684,0.39329347183598307,33262,33069,0.6506705685296619,False
strip-dead-prototypes,hotcoldsplit,0.00359580276161392,2.647189907331254,0.008118304284336821,33146,32837,0.0368808347766392,True
strip-dead-prototypes,irce,0.00018269233210854718,0.13492122638405343,0.8926745641549144,33452,33207,0.9551130036149303,False
strip-dead-prototypes,nary-reassociate,-0.0018193330949794473,-1.3412328843630137,0.17984944245786685,33214,33158,0.41114443471395595,False
strip-dead-prototypes,scalarizer,0.0014105687497121266,1.0397036239203572,0.29848142098367286,33190,32908,0.5589924651229378,False
strip-dead-prototypes,vector-combine,-0.0017646743963539713,-1.303141041321721,0.1925311439975732,33095,33159,0.4286763158660356,False
strip-dead-prototypes,always-inline,0.0017918141081046945,1.3264146534602985,0.1847069553462845,32964,33358,0.41665462968666483,False
strip-dead-prototypes,globalsplit,-0.0037317233453548204,-2.765596639953233,0.005683453195114473,32914,33218,0.027208316273922097,True
strip-dead-prototypes,lowerswitch,-0.00030896595341733946,-0.2070056549452336,0.836006077914651,33366,32948,0.9346023937372119,False
strip-dead-prototypes,early-cse-memssa,-0.0015612506065491027,-1.3121491064746995,0.18947436518094363,33242,33176,0.423989493742043,False
strip-dead-prototypes,simple-loop-unswitch,-0.0012917946495412114,-0.9575100629420551,0.338313340005495,33398,33308,0.5983898100548863,False
strip-dead-prototypes,loop-versioning,-0.0014861715000991649,-1.0981779120011825,0.2721307862406814,33475,33012,0.5301811735912977,False
strip-dead-prototypes,loop-flatten,-0.00020553474762663448,-0.15194712442401634,0.8792291023409712,33202,33084,0.9505904245488557,False
strip-dead-prototypes,loop-reroll,1.2234994166915314e-05,0.009063608822507245,0.9927684127289447,33192,33130,0.9969399153887434,False
strip-dead-prototypes,loop-instsimplify,0.00015050265967014864,0.11175732372816957,0.9110161639546365,33182,33237,0.9599148820682553,False
strip-dead-prototypes,loop-simplifycfg,-0.0014350305644553196,-1.0642562161271085,0.28721651462225156,33156,33287,0.5457253135665876,False
strip-dead-prototypes,loop-predication,-0.0006452553383242687,-0.47777519636629817,0.6328117894596685,33387,33033,0.8153789849276248,False
strip-dead-prototypes,speculative-execution,-0.0013912809339445276,-1.0355988849628355,0.3003930703767205,33163,33482,0.5612305646923842,False
strip-dead-prototypes,partially-inline-libcalls,-0.0014574555168631598,-1.0751221664241488,0.28232394893257673,33057,33266,0.5384660530062553,False
strip-dead-prototypes,load-store-vectorizer,-0.0008857139199849318,-0.6587215386609193,0.5100768782922495,33111,33451,0.741998906163614,False
strip-dead-prototypes,iroutliner,-0.0002524377853569959,-0.1879975644061823,0.8508791367350219,33035,33165,0.941520966220499,False
strip-dead-prototypes,global-merge,0.0008939983559276277,0.6608832712591524,0.5086894722099661,33297,32981,0.7410396776634791,False
strip-dead-prototypes,break-crit-edges,-0.007986856135554832,-5.692330419590962,1.258438204075339e-08,33233,33139,1.432570932313671e-07,True
strip-dead-prototypes,unreachableblockelim,-0.002209604902645823,-1.6319792575423118,0.10268861941339653,33017,33104,0.28232109098113956,False
indvars,mergeicmps,0.0019642730591507007,1.4481800321677782,0.14757146113572678,33130,32829,0.3628927469480004,False
indvars,separate-const-offset-from-gep,0.0002740500704457305,0.20222847801138577,0.8397387314303741,33197,33091,0.937065032756928,False
indvars,libcalls-shrinkwrap,0.0008803347927522909,0.6542412935051044,0.5129586284353493,33306,33070,0.7428705508379735,False
indvars,flattencfg,-0.0019059628454912714,-1.4068916057810326,0.1594642641925748,32828,32870,0.3793815665723712,False
indvars,loop-reduce,-0.00010724666388478576,-0.07931883336440672,0.9367792666609327,33134,33005,0.9736653251603381,False
indvars,loop-unroll,-0.005110015092319453,-3.7977523375922835,0.00014614393662496942,33262,33179,0.0010367747388104714,True
indvars,loop-rotate,-0.0016677314863974835,-1.2119235110582813,0.2255460019835131,32969,33007,0.47005755389432535,False
indvars,partial-inliner,-0.0003876246461435584,-0.2864343224775859,0.7745463900808335,32930,32989,0.9011062577411003,False
indvars,lower-expect,-0.000360757806426415,-0.2667262183740877,0.7896807992373355,32858,33127,0.9094001636851008,False
indvars,alignment-from-assumptions,0.0019401265465958661,1.437632206206172,0.15054319206964034,32738,33085,0.36678968889101804,False
indvars,rpo-function-attrs,0.00044580233289026605,0.330506060686325,0.7410186639681298,32948,33002,0.8798754057305022,False
indvars,attributor,0.0035820457047670007,2.8222451553865175,0.004770292645993306,33194,32995,0.023350582502137236,True
indvars,inferattrs,-0.0003797632372178339,-0.2805691775990872,0.7790417359993796,33149,33073,0.9038285455024897,False
indvars,called-value-propagation,0.0007424329953930053,0.5526209595422086,0.5805248499867107,33393,32924,0.786077217340235,False
indvars,licm,-0.001063378726052,-0.7614148854666142,0.4464120020548176,33197,33255,0.6977299918089839,False
indvars,loop-simplify,0.0007719433169471324,0.572153439378839,0.5672199703788797,33042,33174,0.7766550363649276,False
indvars,div-rem-pairs,0.0008249417828657957,0.610746515838821,0.5413695077138574,33091,32962,0.7609486691340508,False
indvars,float2int,0.002756836376337557,2.046556921371356,0.04070553351315191,33272,33194,0.14194378382680578,False
indvars,inline,0.002148189689063107,1.5941703249744097,0.11090266973347203,33221,32925,0.2972586274307163,False
indvars,sink,0.0016761057999785112,1.2409881953829605,0.21461450288473738,33131,33138,0.45884779236537304,False
indvars,loop-vectorize,-0.0009568365820060709,-0.6970597377916727,0.48576785917401133,33050,33136,0.7260560826432932,False
indvars,slp-vectorizer,0.0014835344422683971,1.1011820924143898,0.2708214287841954,33122,32897,0.5286823106275719,False
indvars,callsite-splitting,0.0012596058019623824,0.931741339504507,0.35147362382741587,33170,32860,0.6115102208392691,False
indvars,dfa-jump-threading,-0.0007456201088895664,-0.5544086698905513,0.5793010720413857,32720,33363,0.7850707284103509,False
indvars,consthoist,0.0013918054776241306,1.028053302118955,0.3039285392314891,32820,32898,0.5640683220997684,False
indvars,mldst-motion,-0.0008851710109230027,-0.6555520581517237,0.5121146585217227,33245,32972,0.7426905504161636,False
indvars,slsr,0.0008186073828011509,0.6059839866934719,0.5445274722908787,32963,32992,0.7631941456950767,False
indvars,loop-interchange,-0.00026635781040468265,-0.19672019232726262,0.8440471136743868,32989,32981,0.9376704956450777,False
indvars,loop-fusion,0.0010629048732610502,0.7872945764054692,0.4311122635251393,33062,33121,0.6826670537664559,False
indvars,loop-distribute,-6.18756274650134e-05,-0.04580870802144209,0.9634628569048577,32881,33021,0.9832995954233575,False
indvars,loop-load-elim,0.0013297373805880586,0.9854096564553302,0.3244265072283501,32913,32969,0.5840311294857637,False
indvars,loop-sink,0.000771400926706578,0.5729097722396305,0.5667077346220115,33151,33010,0.7764966720713076,False
indvars,loop-unroll-and-jam,0.0003139742298483017,0.23242816872671446,0.8162061911839964,33269,32913,0.9244826779372539,False
indvars,hotcoldsplit,0.0002476618563478361,0.1839771390689759,0.8540319534308022,33309,32840,0.9416978357879414,False
indvars,irce,-1.4607720110138e-05,-0.010859922248340249,0.9913352386433796,33161,33257,0.9961685384981972,False
indvars,nary-reassociate,-0.0018550740293043488,-1.3676877846909574,0.1714144834646534,32657,33377,0.397665353819658,False
indvars,scalarizer,-0.0014717916966482947,-1.086774653335086,0.27714037927819735,33285,32776,0.5346215395337048,False
indvars,vector-combine,0.0015221314579311196,1.1241269147639816,0.2609632666137728,33151,33025,0.5158668107317185,False
indvars,always-inline,-0.0022125814204002614,-1.638824309980468,0.10125460564502924,33163,33055,0.2801614536833391,False
indvars,globalsplit,0.001611084013083408,1.197506771341255,0.23111337562631531,33196,33039,0.4770319376635287,False
indvars,lowerswitch,0.0007091584441188958,0.4774516532508956,0.6330421209977497,33095,32915,0.8153789849276248,False
indvars,early-cse-memssa,-0.0020113088216201502,-1.6898222711399535,0.09106668316169766,33106,32969,0.26106671395403225,False
indvars,simple-loop-unswitch,-0.0010406724026304492,-0.7709510338198591,0.44073871040568097,33094,33041,0.6922277596747641,False
indvars,loop-versioning,-0.00022130180286050738,-0.16373417659736234,0.8699409104119366,33206,33132,0.9463308061571258,False
indvars,loop-flatten,0.00046339637538150846,0.34186745863260365,0.7324517302894441,33037,32866,0.8760784898636113,False
indvars,loop-reroll,0.00019602224697906623,0.14572157099066133,0.8841416346053487,33338,33019,0.951902394051021,False
indvars,loop-instsimplify,-0.001278106512699717,-0.9491844304106491,0.34253027425575305,33182,33208,0.6023118787541666,False
indvars,loop-simplifycfg,0.001093641595265371,0.8138372164636041,0.4157411358208925,33249,33022,0.6686005289012793,False
indvars,loop-predication,-0.0010813123298670235,-0.798041135719874,0.4248494785124117,33080,33204,0.6793428166004918,False
indvars,speculative-execution,0.0007882706992193844,0.587967255419444,0.5565562677836272,33057,33475,0.7704045049984745,False
indvars,partially-inline-libcalls,-0.0004967635345053956,-0.3654174884052728,0.7148009580702402,33025,33071,0.8674188260932942,False
indvars,load-store-vectorizer,-0.0009612262885233536,-0.7143556594738945,0.4750097846077484,33147,33507,0.7184775266604645,False
indvars,iroutliner,0.0036028492140965374,2.7018861397533445,0.006896490266773416,33147,33163,0.03226601658863166,True
indvars,global-merge,0.0015532272482881027,1.1523767957077138,0.24917043395176677,33024,33168,0.4994423021852808,False
indvars,break-crit-edges,-0.0066721577937375875,-4.7946876019810984,1.6328126303380834e-06,33194,33126,1.4732936083880034e-05,True
indvars,unreachableblockelim,-0.00033618011598368636,-0.2494643740802808,0.8030023703401542,33207,32910,0.9178509288534863,False
mergeicmps,separate-const-offset-from-gep,0.0005745488461332826,0.42274444588727533,0.6724831039889952,33141,32741,0.8458357985602991,False
mergeicmps,libcalls-shrinkwrap,-0.0017646737742266771,-1.30485529564969,0.19194664041439832,33398,33119,0.42781049736071936,False
mergeicmps,flattencfg,-8.596414199285585e-05,-0.06343054543708555,0.9494238571796619,33006,32786,0.980484766454491,False
mergeicmps,loop-reduce,-0.0013036906031312356,-0.9598966185457706,0.3371107609455392,32896,33187,0.5976831625039833,False
mergeicmps,loop-unroll,-0.00498282931737265,-3.669806718541123,0.00024292493446853718,32820,33219,0.0016515521586437354,True
mergeicmps,loop-rotate,-0.0011350009659235605,-0.8205837340930804,0.4118863888342937,32917,32882,0.6656264626647361,False
mergeicmps,partial-inliner,-0.0006459408139903311,-0.4737947783118119,0.6356478314559295,33007,32757,0.8169336750841548,False
mergeicmps,lower-expect,-0.0014211546036194678,-1.048916102513181,0.29422059340442314,32940,32751,0.5552480700452167,False
mergeicmps,alignment-from-assumptions,0.000924883066431792,0.6816679588007505,0.495451320059668,33059,33059,0.7340852702813696,False
mergeicmps,rpo-function-attrs,0.00012607904373801437,0.0925555905102866,0.9262569091867009,32672,32773,0.9684824927425021,False
mergeicmps,attributor,0.0020681578238206932,1.6069561606232712,0.10806878304764911,33010,32828,0.2932760598853735,False
mergeicmps,inferattrs,8.497871791496303e-05,0.06267668715866556,0.9500241516661326,33115,32877,0.980484766454491,False
mergeicmps,called-value-propagation,0.00010305175769875774,0.07650873136421354,0.9390145991922753,33277,32855,0.9748624523957979,False
mergeicmps,licm,-0.005395423298860391,-3.8471796756428405,0.00011959784659200646,32811,33090,0.0008657027121151521,True
mergeicmps,loop-simplify,0.0004650337722701403,0.34320106357175817,0.7314483006053234,32806,33028,0.8756806925009009,False
mergeicmps,div-rem-pairs,-0.0019068253346498643,-1.4116202504905002,0.15806653457579742,32969,32839,0.3776623242213683,False
mergeicmps,float2int,0.002450474964350746,1.80971137024909,0.07034511155802449,32994,32919,0.21521207567283115,False
mergeicmps,inline,-8.668490666374762e-05,-0.06432707628485636,0.9487099892952552,33032,32924,0.980484766454491,False
mergeicmps,sink,0.0013811398114006446,1.014578573021585,0.3103105032537579,32706,32833,0.571471871555252,False
mergeicmps,loop-vectorize,-0.0021663771543702914,-1.569461213783885,0.11654533664695428,32788,32782,0.3089444262922,False
mergeicmps,slp-vectorizer,0.002962754589285521,2.189312085271126,0.02857766397755224,32919,32904,0.10693210744711656,False
mergeicmps,callsite-splitting,-0.0008348264602119349,-0.614722576287876,0.538740079509214,32965,32647,0.7597069324299899,False
mergeicmps,dfa-jump-threading,0.00022308478444155178,0.16391752735368115,0.8697965760645594,32885,32447,0.9463308061571258,False
mergeicmps,consthoist,-0.0002364638891921289,-0.17325100383659978,0.86245466838437,32854,32827,0.9432795701709255,False
mergeicmps,mldst-motion,-0.002265932590832298,-1.6697546123060485,0.09497265952905645,33041,33051,0.2683177620984942,False
mergeicmps,slsr,6.434655612597151e-05,0.04760689654052863,0.9620296795797519,33167,32874,0.9826051709009673,False
mergeicmps,loop-interchange,-0.001061097174238801,-0.775814542052031,0.43786128927984824,32907,32794,0.6901522707461124,False
mergeicmps,loop-fusion,-0.00030163148167278164,-0.22222333242868994,0.8241407199469865,33078,32851,0.9284623300668582,False
mergeicmps,loop-distribute,0.00042059994672288825,0.3117165351638429,0.7552569455439825,33259,32727,0.8878973877965282,False
mergeicmps,loop-load-elim,0.0009667052941541021,0.713325184235878,0.4756470912360056,33030,32658,0.7191637101467947,False
mergeicmps,loop-sink,0.0009651430109154369,0.7108229213924817,0.47719649429271116,32798,33014,0.7197792358340398,False
mergeicmps,loop-unroll-and-jam,-0.0007642098966128552,-0.5618332295173725,0.5742315626489407,33012,32811,0.78025357367566,False
mergeicmps,hotcoldsplit,0.00017558791780686311,0.12928455218003612,0.8971328882252562,33128,32900,0.9563889291856672,False
mergeicmps,irce,0.0017571057670864865,1.3030739645934515,0.19255404484380914,33064,33123,0.4286763158660356,False
mergeicmps,nary-reassociate,-0.0014715173728752085,-1.0818000696945498,0.2793453346018209,33006,32889,0.5359707644785551,False
mergeicmps,scalarizer,-0.0034797877489529117,-2.564707936736017,0.010328457350157257,33051,33009,0.04534331724575764,True
mergeicmps,vector-combine,0.0004179136312743581,0.3080060009999452,0.7580787393841419,32938,32972,0.8890794679330039,False
mergeicmps,always-inline,-0.0007128713491511007,-0.5249484140908323,0.5996208236272311,32911,32790,0.79663355153511,False
mergeicmps,globalsplit,-0.0002447433992209258,-0.18006696734545427,0.8571005501601605,33008,32711,0.9423034869523023,False
mergeicmps,lowerswitch,-0.0007287988629328668,-0.4875780296853041,0.6258503872130449,32948,32768,0.8109799186248876,False
mergeicmps,early-cse-memssa,-0.00309329751443449,-2.58187856389232,0.009828556150540879,33041,32816,0.043440887003970745,True
mergeicmps,simple-loop-unswitch,0.00033549704215907195,0.24807573308631728,0.8040765838195848,32941,32978,0.9181432446120997,False
mergeicmps,loop-versioning,-0.0006822002621388323,-0.50246752217848,0.6153403721681302,32989,32889,0.8050821820628599,False
mergeicmps,loop-flatten,0.0015386967440649824,1.1279849339527153,0.2593303830875611,33050,32941,0.51367616599438,False
mergeicmps,loop-reroll,-0.001325009056868942,-0.9757162581796723,0.3292086844987311,33249,32485,0.5881301133654337,False
mergeicmps,loop-instsimplify,-0.0011323923175785566,-0.8336448959587899,0.40448414383783343,32984,32831,0.6591593455135063,False
mergeicmps,loop-simplifycfg,-0.0007511747965824322,-0.5587143555765924,0.57635857216212,33466,32696,0.7823293478637303,False
mergeicmps,loop-predication,-0.0016537023405158169,-1.2167259405965578,0.2237128582093586,33074,32909,0.46786792024029594,False
mergeicmps,speculative-execution,-0.0016129070445738414,-1.1874319314183481,0.23506158789671494,32707,32954,0.48017797506705046,False
mergeicmps,partially-inline-libcalls,0.0005371401114198648,0.3947608193136017,0.6930206916518411,32947,32904,0.8580388752214473,False
mergeicmps,load-store-vectorizer,0.0004874580984751131,0.3626436375374667,0.7168722634031989,33102,33238,0.8683179039551273,False
mergeicmps,iroutliner,0.0016136943988098174,1.2032577160121833,0.22888094817812524,32930,32681,0.47381326191010775,False
mergeicmps,global-merge,-0.0007324700355915703,-0.540324948228181,0.5889747828641584,32917,32959,0.7896012494680056,False
mergeicmps,break-crit-edges,-0.01141618842875991,-8.121576373546137,4.680613841312847e-16,32929,32911,1.814780574512981e-14,True
mergeicmps,unreachableblockelim,0.0017478754166597166,1.2852778164333862,0.1986997501541255,33023,32682,0.43664883367202884,False
separate-const-offset-from-gep,libcalls-shrinkwrap,-0.0011222105003262928,-0.8245027913700494,0.4096568977805677,33194,33082,0.6631733822689968,False
separate-const-offset-from-gep,flattencfg,0.0005497013049552968,0.4068596504341456,0.6841123883860519,32901,33311,0.8529080270359055,False
separate-const-offset-from-gep,loop-reduce,-0.0008418670207567813,-0.6202187233094169,0.5351159298642586,33064,33181,0.757528623819537,False
separate-const-offset-from-gep,loop-unroll,-0.0049144567056680355,-3.6200293188120503,0.0002947891658366793,33135,33081,0.0019767026942062262,True
separate-const-offset-from-gep,loop-rotate,-0.0010441450342316694,-0.7501918271745955,0.45314185758844877,32976,32960,0.7030521055136155,False
separate-const-offset-from-gep,partial-inliner,0.0005175882671495935,0.3812129325694005,0.7030464787812284,33086,33018,0.8608302068771877,False
separate-const-offset-from-gep,lower-expect,-0.0009158591449743847,-0.6748041673055275,0.49980255524057876,32784,33276,0.7366303373436607,False
separate-const-offset-from-gep,alignment-from-assumptions,-0.0005461984391834651,-0.4038375321598159,0.6863335036114924,32894,33095,0.8534656885469829,False
separate-const-offset-from-gep,rpo-function-attrs,0.00011375097154930902,0.0841405362062287,0.9329449505246258,32973,33117,0.972957975224645,False
separate-const-offset-from-gep,attributor,0.0015218616441395327,1.194447995517041,0.23230705958996642,33076,33004,0.4772898454114945,False
separate-const-offset-from-gep,inferattrs,0.0002719033816734884,0.20058135147859224,0.841026557924403,33072,33059,0.937065032756928,False
separate-const-offset-from-gep,called-value-propagation,0.0022772985072966323,1.6841520656301203,0.09215700634483992,33190,32927,0.2632289109018185,False
separate-const-offset-from-gep,licm,-0.004339073562898199,-3.081188307021378,0.0020626079769133967,32790,33471,0.011392345328057633,True
separate-const-offset-from-gep,loop-simplify,0.000737630141572243,0.5461703196261116,0.5849507066107734,33101,33105,0.7879831328131368,False
separate-const-offset-from-gep,div-rem-pairs,0.00023765622394672503,0.1757759785380904,0.8604704776320541,33258,33209,0.9430737168785681,False
separate-const-offset-from-gep,float2int,-7.241723758449892e-05,-0.05300863936806664,0.9577251848248526,32914,32999,0.9826051709009673,False
separate-const-offset-from-gep,inline,-0.0003530009585716587,-0.2607891442904712,0.794255929276083,32913,33163,0.9120477031677858,False
separate-const-offset-from-gep,sink,0.0006938241390074817,0.5105792730986946,0.6096473976908008,33000,33096,0.8023557014808871,False
separate-const-offset-from-gep,loop-vectorize,-0.004173925101336795,-3.0346037585294003,0.0024094560913786303,32948,33071,0.013086588146794337,True
separate-const-offset-from-gep,slp-vectorizer,0.0007312523161671081,0.5417499395608936,0.5879925931417956,33310,33331,0.7891764339288315,False
separate-const-offset-from-gep,callsite-splitting,-0.00010748941152255442,-0.07951483717905689,0.9366233708111464,33229,33016,0.9736653251603381,False
separate-const-offset-from-gep,dfa-jump-threading,0.0014313458262800172,1.0578111915920891,0.29014541144359957,32998,32835,0.5502232015983681,False
separate-const-offset-from-gep,consthoist,-0.0006803615108320615,-0.5011195531907079,0.6162886558137286,33008,33071,0.8052673927816354,False
separate-const-offset-from-gep,mldst-motion,0.00035991679792080067,0.26499556804174285,0.791013700547995,33096,33148,0.9094567385043888,False
separate-const-offset-from-gep,slsr,0.00028878946127969263,0.2135386298747214,0.830907520375425,32877,33232,0.9319159765082807,False
separate-const-offset-from-gep,loop-interchange,-0.001856451824248151,-1.3661577947059858,0.1718940829181935,33034,33156,0.3983830963434327,False
separate-const-offset-from-gep,loop-fusion,0.0022451547930500415,1.6594941917647437,0.09702098309399615,33125,33130,0.27215386537281494,False
separate-const-offset-from-gep,loop-distribute,0.0023776955898374696,1.755964594372342,0.07909907079054247,33081,33238,0.2364518787906598,False
separate-const-offset-from-gep,loop-load-elim,-0.00037845463776020605,-0.27735367555855567,0.7815094198601742,33014,32776,0.9054410911752787,False
separate-const-offset-from-gep,loop-sink,-0.00015841079807982217,-0.11661347925483945,0.9071667104903582,33050,32957,0.9588540263542413,False
separate-const-offset-from-gep,loop-unroll-and-jam,0.00043361452608298157,0.3181997769273635,0.7503344077372229,32953,33117,0.8854719452661751,False
separate-const-offset-from-gep,hotcoldsplit,0.0015806362369379934,1.1638697042154154,0.24448102382274345,33066,32972,0.4934988089123007,False
separate-const-offset-from-gep,irce,-0.00024723376615054526,-0.18137130693184106,0.8560766978739295,32676,33126,0.9421247282552125,False
separate-const-offset-from-gep,nary-reassociate,3.35845218994435e-05,0.024597596576681726,0.9803760106964436,32960,33081,0.990749021390264,False
separate-const-offset-from-gep,scalarizer,-0.0018235307193246175,-1.3433097234019602,0.1791763034407457,33185,33110,0.41007248243395183,False
separate-const-offset-from-gep,vector-combine,5.1727694563241666e-05,0.03809072625113574,0.9696154600431571,33250,33032,0.9852859842873066,False
separate-const-offset-from-gep,always-inline,0.002294332825206691,1.6906717685932715,0.09090421283528766,32844,33423,0.2607918662732502,False
separate-const-offset-from-gep,globalsplit,0.0003830980473094603,0.2821526905502343,0.7778273115834612,32963,33483,0.9031865246985106,False
separate-const-offset-from-gep,lowerswitch,-0.0020505389393834506,-1.373564925326684,0.16958144378029133,32987,33215,0.39505112066842407,False
separate-const-offset-from-gep,early-cse-memssa,-0.002939824204771291,-2.463043881829583,0.013778846854587978,32941,32852,0.05820708121096712,False
separate-const-offset-from-gep,simple-loop-unswitch,-0.001832454106289183,-1.3551410530666863,0.17537725752067,33120,32903,0.40332393534574523,False
separate-const-offset-from-gep,loop-versioning,-0.00024418615605453775,-0.17930156839625525,0.8577014667034909,32819,33082,0.9423034869523023,False
separate-const-offset-from-gep,loop-flatten,-0.001703970467421212,-1.2521294512609293,0.21052711917231157,33097,33138,0.4537282326245306,False
separate-const-offset-from-gep,loop-reroll,-0.0012876418368901743,-0.9549417657160325,0.3396106337502564,33242,32970,0.5990807578670243,False
separate-const-offset-from-gep,loop-instsimplify,-0.00195609635562638,-1.4419495672847884,0.14932132599598552,33137,33155,0.3647799829072235,False
separate-const-offset-from-gep,loop-simplifycfg,0.0002339512858085535,0.17358807779522056,0.8621897322039609,33426,32890,0.9432795701709255,False
separate-const-offset-from-gep,loop-predication,0.0004353154638840895,0.3191905698715091,0.7495830157095567,33052,33079,0.885213235681129,False
separate-const-offset-from-gep,speculative-execution,0.0002625254300386848,0.19464688749729706,0.8456699890538388,33130,33348,0.9384085228492017,False
separate-const-offset-from-gep,partially-inline-libcalls,-0.00010627644318805807,-0.07821542505366309,0.9376569286282167,33011,33178,0.973887978238602,False
separate-const-offset-from-gep,load-store-vectorizer,-0.0009062234292485094,-0.671724189029392,0.5017616308204349,32922,33648,0.7376447028837965,False
separate-const-offset-from-gep,iroutliner,0.003054945722094249,2.2730803902647665,0.02302453519243198,32940,33081,0.09043538597147807,False
separate-const-offset-from-gep,global-merge,-0.00010155686572721478,-0.07484222488715826,0.9403404712514819,32958,33333,0.9752047895711873,False
separate-const-offset-from-gep,break-crit-edges,-0.01081346106696135,-7.670193628257301,1.740774056296675e-14,32833,33284,4.975818397414437e-13,True
separate-const-offset-from-gep,unreachableblockelim,0.00025281656367659444,0.18675929696909843,0.8518499352602275,33108,32944,0.9416978357879414,False
libcalls-shrinkwrap,flattencfg,-0.0005513174139015198,-0.40792023513185666,0.6833335484822373,33274,33286,0.852208336260013,False
libcalls-shrinkwrap,loop-reduce,-0.0015673086228915056,-1.1601702082544674,0.2459836852669861,33239,33164,0.4959460522407215,False
libcalls-shrinkwrap,loop-unroll,-0.004449441797830023,-3.2689573722100205,0.0010799975655140764,32917,33106,0.006447058638038297,True
libcalls-shrinkwrap,loop-rotate,-0.0009330456265280174,-0.6718948159748298,0.5016530131360804,33179,32839,0.7376447028837965,False
libcalls-shrinkwrap,partial-inliner,0.0009782503075133064,0.7232681221687941,0.4695177270670227,33324,32929,0.7149519492441117,False
libcalls-shrinkwrap,lower-expect,0.0017827531819739617,1.3126263377669238,0.18931345747245157,33140,32840,0.42387164063014315,False
libcalls-shrinkwrap,alignment-from-assumptions,0.0005655201111181007,0.4180780535738207,0.6758914049523952,33201,33068,0.8474680874060903,False
libcalls-shrinkwrap,rpo-function-attrs,0.002359595779315049,1.743647385310183,0.08122522706171831,33237,33109,0.24170059967605537,False
libcalls-shrinkwrap,attributor,0.003722007436135044,2.9265800143890095,0.0034282745128788616,33300,33148,0.017641423117521184,True
libcalls-shrinkwrap,inferattrs,0.002188965484255845,1.6127367738665623,0.10680647574005463,33192,32991,0.29085824686930034,False
libcalls-shrinkwrap,called-value-propagation,0.001870965248305878,1.3798641602655295,0.16763314413397404,33037,33015,0.39151639164388335,False
libcalls-shrinkwrap,licm,-0.005288679857684164,-3.777134136548368,0.00015878128940059432,33268,33287,0.0011203378906175269,True
libcalls-shrinkwrap,loop-simplify,-0.0005230418027690198,-0.3857000021435826,0.6997201009566105,33293,32895,0.8602288071786841,False
libcalls-shrinkwrap,div-rem-pairs,0.001650033363654213,1.2201378230531517,0.2224169839393053,33145,32985,0.46638380693952547,False
libcalls-shrinkwrap,float2int,0.0011677031851817232,0.8611140044391399,0.38917837816214873,33214,32947,0.6479687622801762,False
libcalls-shrinkwrap,inline,0.0012597560057721058,0.9312835497179224,0.3517103203044769,32855,33055,0.6115102208392691,False
libcalls-shrinkwrap,sink,0.0019460084786689924,1.4369484792025156,0.15073734714807235,33276,33125,0.3668660356941276,False
libcalls-shrinkwrap,loop-vectorize,-0.002234831036036944,-1.6315664240155763,0.10277561125804646,33335,32889,0.28232109098113956,False
libcalls-shrinkwrap,slp-vectorizer,-7.992076158092054e-06,-0.005917751678803564,0.9952783626205814,33058,33410,0.9974869892641777,False
libcalls-shrinkwrap,callsite-splitting,0.002742258294832378,2.013561158872503,0.04405967803468738,33114,32903,0.1497723083193019,False
libcalls-shrinkwrap,dfa-jump-threading,0.0008760991129777018,0.6467122518813855,0.5178204457962452,33047,32823,0.7448868923363235,False
libcalls-shrinkwrap,consthoist,0.00047009909486905865,0.34544261452275193,0.7297627456415735,32973,33044,0.8744647833330483,False
libcalls-shrinkwrap,mldst-motion,0.001270222028992296,0.9408171627941748,0.34680199377548376,33093,33171,0.6062841998324975,False
libcalls-shrinkwrap,slsr,0.0022987116283885167,1.7050554283935142,0.08818876107085617,33287,33171,0.2560023634940495,False
libcalls-shrinkwrap,loop-interchange,-0.000858002874944086,-0.6339808582070151,0.5260955042911905,33189,33032,0.7497052382839526,False
libcalls-shrinkwrap,loop-fusion,0.0009958230120546419,0.7318213427200121,0.46428021219092963,33085,33093,0.7093723413732659,False
libcalls-shrinkwrap,loop-distribute,0.0019384542538786187,1.433177970515055,0.15181170904013966,33378,32801,0.36795409556096437,False
libcalls-shrinkwrap,loop-load-elim,0.002447458635065014,1.8009491799647244,0.07171544289140103,33115,33040,0.21855071934842524,False
libcalls-shrinkwrap,loop-sink,0.0009668746998625077,0.7148514330240637,0.47470336935055846,33003,33239,0.7183336906635484,False
libcalls-shrinkwrap,loop-unroll-and-jam,-0.0007079996726582216,-0.5202035892054527,0.6029234287381378,33218,32796,0.7981762443159824,False
libcalls-shrinkwrap,hotcoldsplit,0.0009887177189980556,0.7263195912659968,0.46764544234654526,33155,32990,0.7128452908637879,False
libcalls-shrinkwrap,irce,0.0005756403173056701,0.4247239728212831,0.6710392869113201,33157,33015,0.8450877968840743,False
libcalls-shrinkwrap,nary-reassociate,0.0013608044519497486,1.0030585371520067,0.3158362805902703,33267,33015,0.576545004938995,False
libcalls-shrinkwrap,scalarizer,0.000422646383049452,0.31093045476042835,0.7558544770870042,33241,32575,0.8882652645187369,False
libcalls-shrinkwrap,vector-combine,0.0017287688667833034,1.2765081761003776,0.20178042296541587,33147,32971,0.4414860591352406,False
libcalls-shrinkwrap,always-inline,0.0012848257543667807,0.9446022311251142,0.34486543314653806,33354,32920,0.6046076281972618,False
libcalls-shrinkwrap,globalsplit,6.919636270452667e-05,0.05102981966306478,0.9593019124293352,33259,33114,0.9826051709009673,False
libcalls-shrinkwrap,lowerswitch,0.002114289745338782,1.410300811571481,0.15845558453777767,33099,33012,0.3783341778669808,False
libcalls-shrinkwrap,early-cse-memssa,-0.002394756459167424,-2.004618928364716,0.045007891295910284,33219,32607,0.15246617847299712,False
libcalls-shrinkwrap,simple-loop-unswitch,-3.2182171915862146e-05,-0.02383937600904371,0.9809808032321671,33035,33235,0.9911044441323958,False
libcalls-shrinkwrap,loop-versioning,0.0014142705016253476,1.038565796724452,0.2990105177916256,33208,32915,0.5597156728833679,False
libcalls-shrinkwrap,loop-flatten,-0.0008860820005653913,-0.6484909778516029,0.5166696987245291,32735,33334,0.744182379711531,False
libcalls-shrinkwrap,loop-reroll,0.0012412933083880695,0.914126127914002,0.3606539270138024,32880,32872,0.6183541060359239,False
libcalls-shrinkwrap,loop-instsimplify,3.5684838711469435e-05,0.0263912881216696,0.9789453220798685,33431,33016,0.990749021390264,False
libcalls-shrinkwrap,loop-simplifycfg,0.0004606256862271785,0.3415341582930357,0.7327025729400377,33521,33032,0.8761109238574619,False
libcalls-shrinkwrap,loop-predication,0.00020185575945858014,0.14838516699163196,0.8820392576307735,33124,33057,0.9514200642920805,False
libcalls-shrinkwrap,speculative-execution,0.0012431860495635827,0.9193189577927451,0.35793210768488093,33101,33233,0.615844522712651,False
libcalls-shrinkwrap,partially-inline-libcalls,0.0015071356592881724,1.107240438716181,0.26819402238927725,32970,33051,0.5250979174594025,False
libcalls-shrinkwrap,load-store-vectorizer,-0.00034164725473395663,-0.25324885889089177,0.8000766965919258,33178,33264,0.9155757872162424,False
libcalls-shrinkwrap,iroutliner,0.0038599501372553746,2.8737694650727095,0.004057341978451449,33286,32794,0.020214441714524013,True
libcalls-shrinkwrap,global-merge,0.0023156252904282804,1.7080403577311374,0.08763355235610991,33257,32836,0.2549576456363495,False
libcalls-shrinkwrap,break-crit-edges,-0.00808436328049339,-5.725185446298935,1.037687514093141e-08,32985,32826,1.1951718544672764e-07,True
libcalls-shrinkwrap,unreachableblockelim,-5.598979618870459e-05,-0.04131960032681117,0.967041232346039,32992,33145,0.9841303185725282,False
flattencfg,loop-reduce,-0.0019790876223382825,-1.4668154056093212,0.14243101867740746,33077,33277,0.3543582396065614,False
flattencfg,loop-unroll,-0.004694643103292984,-3.4612944508974484,0.0005379227350807677,33154,33182,0.0034532875911086657,True
flattencfg,loop-rotate,0.00010502581159965718,0.07579629224033134,0.9395813977757486,32799,32623,0.9751923545427594,False
flattencfg,partial-inliner,-2.066253519206196e-05,-0.015267952403352167,0.9878184559738254,32902,33037,0.9948667874228757,False
flattencfg,lower-expect,-2.3360764294377834e-05,-0.01715107486415091,0.9863161451953885,32744,32867,0.9941863641145795,False
flattencfg,alignment-from-assumptions,0.0007208866816824644,0.5321205069961528,0.5946443211666899,33230,32969,0.79394038925631,False
flattencfg,rpo-function-attrs,-8.330805927364571e-05,-0.06162428877206014,0.9508622211134123,33088,32758,0.9806627489808066,False
flattencfg,attributor,0.0030125260971383683,2.3586134707055684,0.01834626548133641,32997,32633,0.07452694566899729,False
flattencfg,inferattrs,0.000934772931948602,0.6909342759116577,0.4896092760796579,33038,32933,0.7301256379009673,False
flattencfg,called-value-propagation,-0.0008325982285636302,-0.6122207315241451,0.5403938514289076,32898,32643,0.7604464838859526,False
flattencfg,licm,-0.0032884633668396335,-2.3592295817329902,0.01831580627202314,33174,33113,0.07448047493379296,False
flattencfg,loop-simplify,-0.0011953610616941002,-0.8854891002468629,0.3758961269327149,33071,32827,0.6333946786009086,False
flattencfg,div-rem-pairs,-0.0015192469556490895,-1.1192407761730294,0.26304150279435284,33330,32746,0.5174430862340513,False
flattencfg,float2int,-0.000572406911854284,-0.4228460596361859,0.6724089620690958,32998,32789,0.8458357985602991,False
flattencfg,inline,0.001614430619968188,1.1916149032652619,0.23341657872056426,33029,32764,0.478314663668095,False
flattencfg,sink,0.0002742851680003211,0.20325605555889323,0.8389355284829401,33234,32700,0.93677545752472,False
flattencfg,loop-vectorize,-0.003944229276013289,-2.8784136829750144,0.0039980906999167905,33070,32877,0.01999555961797465,True
flattencfg,slp-vectorizer,0.000681564439520832,0.5040447238496852,0.6142316348865435,32781,33095,0.8047276956225174,False
flattencfg,callsite-splitting,-0.001651318161998927,-1.2101747908900526,0.2262161867753811,32824,32831,0.47070275632964526,False
flattencfg,dfa-jump-threading,-5.906348883383261e-05,-0.043547569992694664,0.9652651777924118,33032,32500,0.9836337684066798,False
flattencfg,consthoist,-5.697329321252553e-05,-0.04198510609389061,0.9665106981282097,33190,32885,0.9841018964820772,False
flattencfg,mldst-motion,-0.0014803784949627974,-1.0926787728775924,0.27453885467389194,33130,32829,0.5324884372971574,False
flattencfg,slsr,-0.00040999967284194305,-0.3034399218310352,0.761555587769117,32893,32723,0.8915550617948766,False
flattencfg,loop-interchange,0.0011118079627961408,0.8156249172399292,0.41471764862238075,32922,32824,0.6675027998377489,False
flattencfg,loop-fusion,0.002739184572830178,2.016820769880764,0.04371827406181739,32658,33185,0.14912958294954434,False
flattencfg,loop-distribute,-0.0017520447732681244,-1.2991141722317647,0.1939092825279141,33206,32889,0.4300892158501,False
flattencfg,loop-load-elim,-3.93121499847604e-05,-0.028947769194912633,0.9769063352650964,32901,32742,0.9901647878124893,False
flattencfg,loop-sink,0.002228245626615666,1.6388576681797722,0.10124768650547358,32772,33031,0.2801614536833391,False
flattencfg,loop-unroll-and-jam,0.0011232661225641372,0.8312889177938456,0.40581344649572243,32983,32898,0.6594209903507889,False
flattencfg,hotcoldsplit,-0.0005330636483551476,-0.3921325032343544,0.6949615827826469,33051,32750,0.8589590363349805,False
flattencfg,irce,0.00022667343328991452,0.16709165000821583,0.8672984505025615,32810,32857,0.9463195130030735,False
flattencfg,nary-reassociate,-0.0009654209132176073,-0.7119123340460443,0.47652158329108896,32932,32993,0.7196523409826087,False
flattencfg,scalarizer,-0.00039281902105675615,-0.2897264559119646,0.7720264262195696,33203,32735,0.8992431543949538,False
flattencfg,vector-combine,-0.00046826781740005874,-0.34585658183700435,0.7294516018570496,32975,33053,0.8744647833330483,False
flattencfg,always-inline,0.0010900359347547073,0.8042694758443334,0.42124426436523876,33101,32781,0.6749560307914382,False
flattencfg,globalsplit,-0.00032124916955766913,-0.2382169789468207,0.8117135474506506,32979,33110,0.921888124076783,False
flattencfg,lowerswitch,-0.002097413147682581,-1.4016378519343866,0.16102812840254815,32830,33058,0.3817638560524327,False
flattencfg,early-cse-memssa,-0.0037247019929295133,-3.130562243621635,0.0017454791090363586,33098,33077,0.009820827860612615,True
flattencfg,simple-loop-unswitch,-0.0008823123515567244,-0.6514592659925129,0.5147523381757393,32694,33143,0.7432780812301604,False
flattencfg,loop-versioning,0.00029030936900503734,0.21327818592799147,0.8311106489912877,33074,32634,0.9319159765082807,False
flattencfg,loop-flatten,6.813513667186522e-05,0.050097268768846265,0.9600450279587533,33091,32857,0.9826051709009673,False
flattencfg,loop-reroll,-0.0010716684212564997,-0.7887263139371454,0.43027482855383453,33308,32467,0.6824691931521351,False
flattencfg,loop-instsimplify,-0.002850205624453539,-2.1028365661018857,0.03548385056699512,32923,32807,0.12759849294798248,False
flattencfg,loop-simplifycfg,-0.0016355744486400425,-1.2137467187976574,0.22484880890491163,32927,32962,0.469293207114442,False
flattencfg,loop-predication,-0.002787970693620856,-2.062923981279202,0.039123756976417456,33034,32916,0.13765375769959637,False
flattencfg,speculative-execution,0.0003740069038412619,0.27685241506310965,0.7818943016435167,32865,32945,0.9055799855894344,False
flattencfg,partially-inline-libcalls,0.0023248760377741484,1.7098343815334458,0.08730119502015521,33053,33070,0.25427249004976205,False
flattencfg,load-store-vectorizer,-0.001768665389794588,-1.3051100452446724,0.1918599281058822,33118,32895,0.42781049736071936,False
flattencfg,iroutliner,0.001847149023623873,1.3737538672575786,0.16952280096354216,32779,32848,0.39505112066842407,False
flattencfg,global-merge,-0.00018093092327003957,-0.13355736547706798,0.893753009778215,32783,32720,0.9552697986987488,False
flattencfg,break-crit-edges,-0.010491372019504341,-7.50116948933765,6.404278563605933e-14,32875,32980,1.6945374902081642e-12,True
flattencfg,unreachableblockelim,-5.0517232883795504e-05,-0.0372826980104584,0.9702597142731375,32865,32775,0.9852859842873066,False
loop-reduce,loop-unroll,-0.0014260421868486084,-1.047711283533891,0.294775447002264,33530,33131,0.5555056065740451,False
loop-reduce,loop-rotate,-0.00039354067271502036,-0.28552959147067464,0.7752393282264183,33530,32840,0.901644552816945,False
loop-reduce,partial-inliner,0.0011650158101417785,0.8591990516827447,0.3902337985753029,33403,33209,0.6488983249345588,False
loop-reduce,lower-expect,2.006194551218421e-05,0.01479141306421482,0.988198634902599,33131,32903,0.9948667874228757,False
loop-reduce,alignment-from-assumptions,0.0011152468943687044,0.8245941316611416,0.4096050274486423,33098,33054,0.6631733822689968,False
loop-reduce,rpo-function-attrs,0.004906675783283798,3.6274881472954235,0.0002864064802126644,33343,33017,0.0019254703104502398,True
loop-reduce,attributor,0.002519752999393998,1.9812778196566856,0.04756424381710205,33372,33067,0.15892626176431027,False
loop-reduce,inferattrs,0.0031501899003226197,2.322946774717116,0.020185028021120106,32803,33379,0.08090539378782635,False
loop-reduce,called-value-propagation,0.0010122854339300602,0.7476214955803404,0.45469114562152807,33245,33094,0.7035093041677235,False
loop-reduce,licm,0.00037044297271388027,0.2628959223320422,0.7926316160216179,33411,32918,0.9107821033863427,False
loop-reduce,loop-simplify,0.00010670258900968843,0.07904354132973797,0.9369982290702639,33270,33002,0.9736653251603381,False
loop-reduce,div-rem-pairs,0.0007364774250869788,0.5426943357658489,0.5873420992747795,33163,33130,0.7891764339288315,False
loop-reduce,float2int,-6.280343909403907e-05,-0.046196147969173554,0.963154052672032,33185,32713,0.983240685678748,False
loop-reduce,inline,-0.000764830611062528,-0.5680523433571293,0.5700013526083075,33297,32938,0.7777440058585826,False
loop-reduce,sink,0.0017659599357486289,1.296774388372772,0.19471335175982873,33193,32928,0.4307895398257002,False
loop-reduce,loop-vectorize,-0.0013393225003874298,-0.9742205818917515,0.3299505839396049,33154,33115,0.5891867244448212,False
loop-reduce,slp-vectorizer,0.0022281929483634055,1.6548881746668578,0.0979519190843245,33094,33178,0.2737899465626087,False
loop-reduce,callsite-splitting,-0.00017155739303914563,-0.12633670773113886,0.8994657857447471,33178,32752,0.957191102944713,False
loop-reduce,dfa-jump-threading,0.00125551484569697,0.9255182053526464,0.3546997990714153,33228,32858,0.6135842403654217,False
loop-reduce,consthoist,-0.0009152769088818236,-0.6711393537463929,0.5021341071430813,32964,33049,0.7376447028837965,False
loop-reduce,mldst-motion,0.0010301762362278089,0.7566326847867134,0.4492726377229612,33232,33192,0.7001001390064131,False
loop-reduce,slsr,-0.0012609883480029227,-0.9252555254354112,0.35483638025368447,32935,33263,0.6135842403654217,False
loop-reduce,loop-interchange,0.0036905194043703737,2.7000387377520916,0.006934902753797852,33096,33078,0.03240701573254461,True
loop-reduce,loop-fusion,0.0017639205078894271,1.2981741907426108,0.1942319850349857,33448,33086,0.4301321289266112,False
loop-reduce,loop-distribute,0.001368821248408203,1.013117946650536,0.3110075240780238,33277,33027,0.5717866029528362,False
loop-reduce,loop-load-elim,0.003007292334007927,2.217409326598478,0.026598525145742492,33231,32818,0.10152029675509512,False
loop-reduce,loop-sink,0.001933948286268361,1.4154510455081104,0.1569410135935234,33233,32729,0.37588257468941033,False
loop-reduce,loop-unroll-and-jam,0.0001809166121818917,0.13301521662405386,0.8941817512950768,33356,32766,0.9552697986987488,False
loop-reduce,hotcoldsplit,0.0003011103862758935,0.2208459305731004,0.8252130825715985,33110,32852,0.9291358342007993,False
loop-reduce,irce,-0.001522598862669755,-1.1212778328296853,0.2621736761895883,33181,33173,0.5166945727017754,False
loop-reduce,nary-reassociate,-0.0002426891274537324,-0.17837703947154568,0.8584274274582223,33119,32904,0.9423034869523023,False
loop-reduce,scalarizer,-0.0009216957522663605,-0.6792474600847713,0.49698345180248843,33330,32967,0.7349357573085216,False
loop-reduce,vector-combine,0.0009092573071045051,0.6714815375046739,0.5019161584010435,33230,33021,0.7376447028837965,False
loop-reduce,always-inline,0.0015567874303569207,1.1439789581818178,0.2526365102487999,33082,32956,0.5039860285961795,False
loop-reduce,globalsplit,0.00011225359674899016,0.08288190094970774,0.93394569586611,33080,33173,0.973471212406624,False
loop-reduce,lowerswitch,0.0009650994563739634,0.645551560255375,0.5185720562234784,33161,32989,0.7452213475857399,False
loop-reduce,early-cse-memssa,-0.001494693128603397,-1.2559372244584888,0.20914316219557755,33183,33061,0.4513310500125036,False
loop-reduce,simple-loop-unswitch,0.0007981575947402231,0.5912940481098863,0.5543254297064394,33253,33149,0.7696026752232907,False
loop-reduce,loop-versioning,0.0005218382032789459,0.3843883762918894,0.7006918464907154,33205,33139,0.8607093345946918,False
loop-reduce,loop-flatten,-3.995292191194544e-05,-0.029354456975151443,0.9765819840745338,32972,32948,0.9901647878124893,False
loop-reduce,loop-reroll,0.0013186485218806832,0.97128110149658,0.3314118750434087,33075,32956,0.5907186630268495,False
loop-reduce,loop-instsimplify,0.0023103008739865927,1.7179893398447916,0.0858031987190877,33381,33353,0.2509375102195276,False
loop-reduce,loop-simplifycfg,0.0009098152728432285,0.675153634491784,0.49958050529666753,33557,33048,0.7365802932009601,False
loop-reduce,loop-predication,-0.0005268237958561128,-0.38906828104615115,0.6972268846875409,33390,33005,0.8592091353960101,False
loop-reduce,speculative-execution,0.00019238926405668044,0.14246997951829118,0.8867092229746011,33214,33131,0.9524365515324618,False
loop-reduce,partially-inline-libcalls,0.001060341853775404,0.7806114151933732,0.43503386274173794,33226,33079,0.6870847388162354,False
loop-reduce,load-store-vectorizer,0.0007681764073363961,0.5689900868125487,0.569364792238662,33164,33228,0.7777440058585826,False
loop-reduce,iroutliner,0.004795929264356236,3.548992877222075,0.00038697583855410936,33034,33009,0.002527067200303783,True
loop-reduce,global-merge,0.001480202567801736,1.0953423109702507,0.2733706805093369,33212,33024,0.531689347493411,False
loop-reduce,break-crit-edges,-0.010061918869661735,-7.180379876975982,7.024201996902563e-13,33482,33096,1.5540550858683863e-11,True
loop-reduce,unreachableblockelim,0.0026807378835709827,1.983529747018543,0.047312419331475064,33004,33083,0.15835507188209944,False
loop-unroll,loop-rotate,-3.936650845404177e-05,-0.02849256633719563,0.9772693832725411,32821,32957,0.9901647878124893,False
loop-unroll,partial-inliner,0.003672239842141878,2.7047430034007154,0.006837476077133722,32979,33108,0.0320454728666723,True
loop-unroll,lower-expect,0.003693531362608471,2.726498079538372,0.006402718750465275,33124,33013,0.030260524378890766,True
loop-unroll,alignment-from-assumptions,0.006047006277456413,4.4712568972285816,7.78902367888161e-06,33136,33053,6.60212483257584e-05,True
loop-unroll,rpo-function-attrs,0.004963745406132092,3.6724319095195574,0.00024044123577481125,33201,33331,0.0016403621590490606,True
loop-unroll,attributor,0.007793270018925658,6.131072510247791,8.778076636975721e-10,33108,33010,1.1574056602827247e-08,True
loop-unroll,inferattrs,0.004424527006513301,3.2636706189471876,0.0011003473748259337,33204,32941,0.006548750283257189,True
loop-unroll,called-value-propagation,0.004043009335596093,2.9984677327878564,0.0027144137139008895,33234,33143,0.014481803955907197,True
loop-unroll,licm,0.007841414668642188,5.547757467225525,2.904618666737055e-08,32913,33196,3.168380696084208e-07,True
loop-unroll,loop-simplify,0.00717443514514482,5.315848199749793,1.0650434630656372e-07,33154,33106,1.0749253096301636e-06,True
loop-unroll,div-rem-pairs,0.005876684652862063,4.3366027898149015,1.4491511545541487e-05,33154,33118,0.00011947107202597992,True
loop-unroll,float2int,0.005888750426524314,4.320163920188676,1.56142128898746e-05,32716,32915,0.00012818712301205227,True
loop-unroll,inline,0.004838238008471385,3.5824966855046902,0.00034057065560916895,32948,33064,0.002249029826923281,True
loop-unroll,sink,0.004862650371995347,3.587589668800357,0.00033398944193728134,33075,33144,0.002209295024706746,True
loop-unroll,loop-vectorize,0.0012019224163820619,0.874168147461076,0.38202985812507545,33051,33212,0.6401493044149745,False
loop-unroll,slp-vectorizer,0.006677703654038081,4.926386849560488,8.396618798108517e-07,32751,33302,7.773323691109445e-06,True
loop-unroll,callsite-splitting,0.0029175019239315314,2.1456511671847758,0.03190446113757198,33121,32795,0.11648756977073779,False
loop-unroll,dfa-jump-threading,0.004621084659185648,3.4091831352866504,0.0006519676724993881,32973,32855,0.004104671069947916,True
loop-unroll,consthoist,0.003336875048369159,2.4516664040216734,0.014222218532481913,32912,32994,0.059821920271964736,False
loop-unroll,mldst-motion,0.003056466424006754,2.2495457498684,0.024481075398454392,33187,32851,0.09482481825949299,False
loop-unroll,slsr,0.005488189926069198,4.04354920644166,5.2707741556071955e-05,33147,32955,0.0004000068138247631,True
loop-unroll,loop-interchange,0.0058146916681937055,4.267508090726713,1.9794342916376512e-05,32943,33157,0.00015982401414542353,True
loop-unroll,loop-fusion,0.0038266502946334713,2.815470927659976,0.004872020470903664,33143,33001,0.023818766746640133,True
loop-unroll,loop-distribute,0.005687373370097615,4.196230292890458,2.717480182557051e-05,33153,32992,0.00021498287666451334,True
loop-unroll,loop-load-elim,0.003733341101047727,2.752038179213529,0.005924171845630011,33003,33254,0.028154195324620292,True
loop-unroll,loop-sink,0.004581241722483587,3.3726616119943884,0.0007448807220215299,33028,33064,0.004637445003873308,True
loop-unroll,loop-unroll-and-jam,0.004994061130977667,3.693998193958925,0.00022093292779411713,33286,32940,0.001512540813359725,True
loop-unroll,hotcoldsplit,0.004009051151158516,2.9627946708112574,0.0030496819208260775,33203,33013,0.016030274365040162,True
loop-unroll,irce,0.0034695536709237196,2.5690846815312307,0.01019892679260151,32862,33256,0.04482491281686589,True
loop-unroll,nary-reassociate,0.0035491705434350096,2.6014441912331967,0.009285280189336418,33272,32994,0.04136650423372174,True
loop-unroll,scalarizer,0.001691411555136968,1.2417293062638333,0.21434086085997198,33071,33010,0.45884779236537304,False
loop-unroll,vector-combine,0.0036763709180935855,2.697770521558707,0.00698232465457207,33153,32973,0.032550932556314555,True
loop-unroll,always-inline,0.004589428606849633,3.3862066591726294,0.0007090717849256529,33222,32998,0.0044427601756301715,True
loop-unroll,globalsplit,0.004511216418923214,3.3305279382173936,0.0008672888558061472,33034,33086,0.0052918536076912714,True
loop-unroll,lowerswitch,0.006147825885459479,4.110486382358311,3.953025036119927e-05,33112,32997,0.00030549199285881444,True
loop-unroll,early-cse-memssa,0.0017222443161835077,1.4376494281847536,0.15053827375018136,32970,33263,0.36678968889101804,False
loop-unroll,simple-loop-unswitch,0.00206611544956925,1.5338213769962805,0.12507837448364284,33108,33194,0.3249982152668849,False
loop-unroll,loop-versioning,0.004468395952294424,3.2741501193571594,0.0010603464941384333,33006,33203,0.0063492918973089086,True
loop-unroll,loop-flatten,0.007451747056996361,5.483370518229591,4.188178414633691e-08,32993,33227,4.4567681173112864e-07,True
loop-unroll,loop-reroll,0.005161787329314382,3.79447922754382,0.0001480857864857965,33099,32863,0.00104865088585602,True
loop-unroll,loop-instsimplify,0.005685871979013601,4.203785005876335,2.6283253109342627e-05,33121,33053,0.00020877326404905827,True
loop-unroll,loop-simplifycfg,0.0046766976652619086,3.4701147910556633,0.0005205663293282425,33354,33022,0.0033473526201139533,True
loop-unroll,loop-predication,0.003956274529603676,2.9141894028582884,0.003567330906309236,32918,33139,0.018237164267763666,True
loop-unroll,speculative-execution,0.004498674864453156,3.3163813791610957,0.0009124013547008915,33112,33378,0.005522355030925334,True
loop-unroll,partially-inline-libcalls,0.003938301130383626,2.8886850110805704,0.003869823352667075,32888,33028,0.019453438060390585,True
loop-unroll,load-store-vectorizer,0.0045412211490937215,3.3728179949254824,0.000744453693860552,33142,33612,0.004637445003873308,True
loop-unroll,iroutliner,0.0057588406601500886,4.276320081582792,1.902743907172295e-05,32920,33153,0.00015394927976212204,True
loop-unroll,global-merge,0.0042928040784393495,3.189850902630623,0.0014241246239331726,33202,33064,0.008249810691305183,True
loop-unroll,break-crit-edges,-0.005785234782742121,-4.116448242253794,3.852214323234228e-05,33163,33031,0.0002987182433620839,True
loop-unroll,unreachableblockelim,0.005433074381727632,4.024082137858217,5.726147847640124e-05,32946,33257,0.00043122298021843706,True
loop-rotate,partial-inliner,-0.0009658135357502595,-0.7001466480835966,0.48383819944705914,32998,32864,0.7248655716118768,False
loop-rotate,lower-expect,0.002554358589983763,1.8368302651321768,0.06623947999919497,32750,32827,0.2053791002983749,False
loop-rotate,alignment-from-assumptions,0.002937568790510492,2.120282072038878,0.033985994145898375,32830,33004,0.12266281389432077,False
loop-rotate,rpo-function-attrs,0.0006842258636785004,0.4974838483854805,0.6188495499310755,32943,32956,0.8060181093700726,False
loop-rotate,attributor,0.0023630265233836045,1.8143468490476304,0.06962888340979326,32869,33108,0.21402410316542417,False
loop-rotate,inferattrs,0.0034930094784522137,2.519714329113999,0.011747350621710452,33116,32933,0.050775524320770565,False
loop-rotate,called-value-propagation,0.0025974166197178516,1.8822908003775212,0.0598009491723292,32872,32973,0.19008158844061782,False
loop-rotate,licm,0.00038217098821069495,0.26570786576443706,0.7904650370020988,32710,33175,0.9094567385043888,False
loop-rotate,loop-simplify,0.0010404122565972895,0.7568781470825416,0.4491255502864852,33336,33174,0.7001001390064131,False
loop-rotate,div-rem-pairs,0.0006395857670197236,0.46352466098029343,0.6429898713881658,33040,32945,0.823163476188077,False
loop-rotate,float2int,0.0038261233697435837,2.7637155168801666,0.005716322137659257,32837,32979,0.027332255788856716,True
loop-rotate,inline,0.0015925963160350332,1.1513569033172175,0.24958963827807581,32889,32629,0.499689684814389,False
loop-rotate,sink,0.0046173880981937865,3.327992799332781,0.0008752215326133403,32730,32970,0.005321999257319628,True
loop-rotate,loop-vectorize,-0.0013782510553080884,-0.9798359950523743,0.32717067693299906,32721,33273,0.5858255010835045,False
loop-rotate,slp-vectorizer,0.001664857716586976,1.206652870747531,0.22757017731230827,32937,33125,0.47256221943917337,False
loop-rotate,callsite-splitting,0.0002057125711932839,0.1482102644763751,0.8821772863750112,32889,32794,0.9514200642920805,False
loop-rotate,dfa-jump-threading,0.00024432420752190653,0.17623011685066134,0.8601137067378413,32716,32703,0.9429466057069951,False
loop-rotate,consthoist,-9.024277597707853e-05,-0.06496443535261497,0.9482025138952264,32806,33122,0.9802431479444843,False
loop-rotate,mldst-motion,0.0017944430226137786,1.2928054288431887,0.196082901624536,32812,32990,0.432815026072408,False
loop-rotate,slsr,0.002680303974961995,1.9393398175823455,0.05246421078277501,33018,33279,0.1713510003547514,False
loop-rotate,loop-interchange,0.002462782335432512,1.7864897556452524,0.07402458795375846,32649,33292,0.2243655467700605,False
loop-rotate,loop-fusion,0.0009671606542185907,0.7001105609976717,0.48386072630067567,32902,33171,0.7248655716118768,False
loop-rotate,loop-distribute,0.003998509730954225,2.9015942332901004,0.0037139201253986007,33221,32692,0.018839004159405336,True
loop-rotate,loop-load-elim,0.002698445477912259,1.9489597919443462,0.051304490766044784,32577,32909,0.1682649797653529,False
loop-rotate,loop-sink,0.0014392931194688874,1.0407646156289416,0.2979886351281776,32815,32907,0.5583366005559538,False
loop-rotate,loop-unroll-and-jam,0.0025471342938774844,1.8386055577231901,0.06597772078299044,33083,32821,0.20505456713189726,False
loop-rotate,hotcoldsplit,0.000709647397717339,0.5130116685481281,0.607944874181436,33183,32885,0.8015865748466341,False
loop-rotate,irce,5.655989309683029e-06,0.00407408260920811,0.996749373725297,33008,32818,0.9982293355662499,False
loop-rotate,nary-reassociate,0.0016349794943338325,1.1827881721886429,0.23689738806284516,32919,32808,0.4819315262356793,False
loop-rotate,scalarizer,0.001296288878284535,0.9357183199161901,0.3494216606181802,33061,32928,0.6089609359060052,False
loop-rotate,vector-combine,0.0025551972176228177,1.8465183041989686,0.06482146949732724,32984,32856,0.20194182541888106,False
loop-rotate,always-inline,0.0020017962646474152,1.446174494247358,0.14813302465542139,32930,32934,0.3630896501629249,False
loop-rotate,globalsplit,0.001227893978220207,0.8904914160262908,0.3732053383254212,32697,32966,0.6301983878907913,False
loop-rotate,lowerswitch,0.001071132993877899,0.7031583094527272,0.48195958071874734,32925,32995,0.7232650601502163,False
loop-rotate,early-cse-memssa,-0.001143176543050295,-0.9419374523101598,0.3462281058830682,32942,33206,0.6055512562028116,False
loop-rotate,simple-loop-unswitch,0.00018409307884398318,0.13343433367930643,0.893850300670116,32897,33101,0.9552697986987488,False
loop-rotate,loop-versioning,-0.0016223379387751424,-1.1653405629886093,0.2438853810548144,33091,32861,0.4925503621509299,False
loop-rotate,loop-flatten,0.0009769550501798618,0.7048349791305507,0.4809154296416602,32897,32980,0.7226649357163244,False
loop-rotate,loop-reroll,-0.0009404326765251603,-0.6791298121495911,0.49705800101259284,32819,33051,0.7349357573085216,False
loop-rotate,loop-instsimplify,0.001357502682816536,0.9838628428392852,0.3251865679766935,32835,33058,0.5846788797964793,False
loop-rotate,loop-simplifycfg,-0.0009234670702189529,-0.6732027251792765,0.5008206716284879,33159,33217,0.7376447028837965,False
loop-rotate,loop-predication,0.001903704242016413,1.37117572675788,0.17032484454932287,32925,33084,0.3963114030036532,False
loop-rotate,speculative-execution,0.001044549484329027,0.7582506990141661,0.44830362814503627,32769,33117,0.6995230244914319,False
loop-rotate,partially-inline-libcalls,0.0022951274914816966,1.6616834900819646,0.09658100663190419,32869,33075,0.27125067105725964,False
loop-rotate,load-store-vectorizer,0.0021384762382673506,1.556314619163249,0.11963807492363282,32916,33317,0.3148539659952595,False
loop-rotate,iroutliner,0.004627181537097735,3.3877221629655176,0.0007051681921204479,32935,32972,0.0044324857790428145,True
loop-rotate,global-merge,-0.0007266952122180204,-0.52452339174222,0.5999163287735033,32627,32904,0.79663355153511,False
loop-rotate,break-crit-edges,-0.011992807990957699,-8.375522735703624,5.604346085791922e-17,33048,32913,2.411716403512216e-15,True
loop-rotate,unreachableblockelim,0.0016024243277716343,1.1593282584769384,0.24632662707053202,32814,32791,0.4959460522407215,False
partial-inliner,lower-expect,2.5187590867559173e-05,0.018604690546334086,0.9851565174409476,32689,33044,0.9937095786355344,False
partial-inliner,alignment-from-assumptions,0.0008774441249400078,0.6484304214382618,0.5167088586403608,32813,33099,0.744182379711531,False
partial-inliner,rpo-function-attrs,-0.00010932690479947826,-0.08086645029227268,0.9355484060947574,32984,33145,0.9736653251603381,False
partial-inliner,attributor,0.004607983250712211,3.635124640979679,0.0002780559323454549,33357,33073,0.001874125698906715,True
partial-inliner,inferattrs,0.0027564753957222132,2.0358444869734207,0.04176995544660112,33015,33042,0.14475322613176106,False
partial-inliner,called-value-propagation,-0.000794571012287526,-0.5890274247553655,0.5558448921219932,32902,33131,0.7699641307215158,False
partial-inliner,licm,-0.0030906488012977795,-2.195346712589947,0.02814220667883605,32925,33062,0.10576284199071206,False
partial-inliner,loop-simplify,0.0018110012263229391,1.3337851593766774,0.1822788785010291,32994,33013,0.41462138962738826,False
partial-inliner,div-rem-pairs,0.0007388768471480178,0.5449405649625004,0.5857962327847016,33086,33071,0.7885795969697118,False
partial-inliner,float2int,0.0006821155891933994,0.5033342302429212,0.6147309866129211,33215,32696,0.8050059043260409,False
partial-inliner,inline,0.002299519513203563,1.7112753079166985,0.08703498604901436,33102,33115,0.25378183571700685,False
partial-inliner,sink,0.00106997617901472,0.792040786804921,0.42833974067146613,33246,32788,0.6815258863303958,False
partial-inliner,loop-vectorize,-0.0039765932566607765,-2.912745291798002,0.0035838621080096426,33301,33004,0.018297788806995778,True
partial-inliner,slp-vectorizer,0.00044973069895165585,0.3333836176009225,0.7388457811847833,33241,33120,0.878894313219809,False
partial-inliner,callsite-splitting,0.0017077176693100493,1.2558236967540668,0.20918433497770533,33001,33131,0.4513310500125036,False
partial-inliner,dfa-jump-threading,-0.0014538830689288518,-1.0783346398132136,0.28088839085893946,32922,32979,0.5370893254900424,False
partial-inliner,consthoist,0.0013580239156301133,0.9919781655759986,0.3212118233470479,32795,33026,0.58147326884187,False
partial-inliner,mldst-motion,-0.0008523753156541303,-0.6295423111055966,0.5289962547287653,32932,33143,0.7524002052270239,False
partial-inliner,slsr,0.0025748598821041524,1.9089350065130612,0.05627479256184915,33236,33019,0.18092946442709465,False
partial-inliner,loop-interchange,-0.0013340994129854566,-0.9852029205278964,0.32452802292160926,32997,32914,0.5840311294857637,False
partial-inliner,loop-fusion,0.00070190979832363,0.5192461958006062,0.603590806258756,33096,33026,0.7983464445418379,False
partial-inliner,loop-distribute,9.903729370097647e-05,0.07341952978723054,0.9414724989057275,33316,32876,0.9756036797340113,False
partial-inliner,loop-load-elim,0.0002454224669597993,0.18116777914764534,0.8562364422523752,33102,32741,0.9421247282552125,False
partial-inliner,loop-sink,0.0002111806047428999,0.15625328363742919,0.8758338544477591,33400,32863,0.9495233796649315,False
partial-inliner,loop-unroll-and-jam,-0.001081013848101664,-0.79717883189306,0.42535003974914454,33148,32994,0.6797674980620817,False
partial-inliner,hotcoldsplit,-0.00011872434198773041,-0.08742381201292354,0.9303349074696394,33229,32865,0.9709998661117025,False
partial-inliner,irce,-0.00142504704780827,-1.0563970139584202,0.2907907137462191,33399,33016,0.5509126439430063,False
partial-inliner,nary-reassociate,0.00013213634826952925,0.09671546340027339,0.9229526542562326,32866,32865,0.9664866937165099,False
partial-inliner,scalarizer,0.0008363039379476467,0.6164275648640072,0.5376144938952526,33041,32886,0.7586660749887602,False
partial-inliner,vector-combine,0.0013409096531806775,0.9898821049002811,0.32223538396325213,32897,32964,0.5820450939114831,False
partial-inliner,always-inline,-0.000581192464172875,-0.4309061670300869,0.6665380050480795,33264,32831,0.8417164875099257,False
partial-inliner,globalsplit,0.000424057292371105,0.31437966199386835,0.7532336931356799,32981,33135,0.8871167345321271,False
partial-inliner,lowerswitch,-0.0011063252320883676,-0.7431166454969949,0.4574137040138938,33047,33050,0.7054872252534101,False
partial-inliner,early-cse-memssa,-0.002097368553689638,-1.7628722444401819,0.07792665735148807,33070,33063,0.23381460012930674,False
partial-inliner,simple-loop-unswitch,0.0008553705496560648,0.6304998218087285,0.5283697937007039,32954,33314,0.7523395553655048,False
partial-inliner,loop-versioning,0.0015117392772177607,1.1160294470558672,0.26441357326077497,33245,33083,0.5190193247564886,False
partial-inliner,loop-flatten,-0.0035410062371176165,-2.616378686554742,0.008888816417326025,33099,32946,0.03991812510349623,True
partial-inliner,loop-reroll,-0.0010185677353479194,-0.7518292904370608,0.45215639726071916,33194,33029,0.7020794812343284,False
partial-inliner,loop-instsimplify,5.8601895329191134e-05,0.043346087544563615,0.9654257839520426,33385,32815,0.9836337684066798,False
partial-inliner,loop-simplifycfg,-0.0017748510094625636,-1.3170828205412157,0.18781542257208975,33113,33106,0.4225948420346764,False
partial-inliner,loop-predication,-0.0022090904510905784,-1.625316123840124,0.1040999944081305,33041,32931,0.28482857225121583,False
partial-inliner,speculative-execution,-0.0005214235912275877,-0.3854983007171547,0.6998695045125862,33033,33134,0.8602288071786841,False
partial-inliner,partially-inline-libcalls,0.0019327258288541205,1.4283949995036982,0.1531829112020592,33257,33024,0.36980336174650136,False
partial-inliner,load-store-vectorizer,0.0012861121657761765,0.9583339514519604,0.33789787700679846,33062,33362,0.597925027726445,False
partial-inliner,iroutliner,0.0022788404320363553,1.699192658814087,0.0892876095942854,32942,32955,0.2580598604190632,False
partial-inliner,global-merge,-0.001969235984242923,-1.4548591490122629,0.1457130162365832,32988,33014,0.359780688261324,False
partial-inliner,break-crit-edges,-0.007114801372220814,-5.098906654069142,3.425588150708929e-07,33097,33202,3.304089457678859e-06,True
partial-inliner,unreachableblockelim,-0.0011364841595896125,-0.8400365845755954,0.40089092097469425,32892,33043,0.6572451607580438,False
lower-expect,alignment-from-assumptions,0.0015835968841808046,1.1691168644390542,0.24236079993271845,32724,32854,0.48997671271890836,False
lower-expect,rpo-function-attrs,0.0017432178944606358,1.2860907885634747,0.1984159209788944,33026,32534,0.4363216968451178,False
lower-expect,attributor,0.0008921074856373945,0.6977945125335888,0.4853081847210344,33057,32589,0.7259938874998381,False
lower-expect,inferattrs,0.0010638996541830203,0.784716385979115,0.4326226925384846,32891,33048,0.6839525490434823,False
lower-expect,called-value-propagation,-0.00043040394076343524,-0.3174642346182028,0.7508923828263665,32661,33019,0.8854719452661751,False
lower-expect,licm,-0.003030791008811373,-2.1522342941557127,0.031382526813569525,33016,32882,0.11474694211198717,False
lower-expect,loop-simplify,0.0009838823996878854,0.7293532856115761,0.46578817202785555,33081,32960,0.7108443030635551,False
lower-expect,div-rem-pairs,0.0010920024896587388,0.8019999950004426,0.4225558636257984,33036,32642,0.6765039909888089,False
lower-expect,float2int,0.00035063281646491307,0.25831499328434926,0.7961646279225645,33046,32441,0.913233943451893,False
lower-expect,inline,-0.00016497020157202336,-0.1217131844248602,0.9031265433933269,32728,32996,0.9572839124846,False
lower-expect,sink,-0.00045799125505824323,-0.33905478918036425,0.7345695391505254,32810,32937,0.8769850881848853,False
lower-expect,loop-vectorize,-0.0029355245090088022,-2.1267963197467976,0.0334407622639872,32590,32474,0.12080629614923788,False
lower-expect,slp-vectorizer,-0.000735099695035768,-0.5417674689113412,0.5879805439541186,32784,32858,0.7891764339288315,False
lower-expect,callsite-splitting,-0.0006416517134547051,-0.4745697290414748,0.6350952620278231,33141,32652,0.8167596210512168,False
lower-expect,dfa-jump-threading,0.001248898484268679,0.9154130480338117,0.3599782051673585,32753,32669,0.6178381354713114,False
lower-expect,consthoist,0.00014891972014674515,0.1091921121869742,0.9130504498436872,32918,32803,0.9600854193225851,False
lower-expect,mldst-motion,-6.285282647872092e-05,-0.046321489002634754,0.9630541518110012,33037,33098,0.983240685678748,False
lower-expect,slsr,0.0006225290320138743,0.4590739777994954,0.6461825572439821,33103,32789,0.8256676353575259,False
lower-expect,loop-interchange,-0.0007186132897866182,-0.5254234576431803,0.599290633257257,32667,32668,0.79663355153511,False
lower-expect,loop-fusion,-0.0003311136969229578,-0.24345024485294142,0.8076573814530753,33041,32942,0.9199494781181626,False
lower-expect,loop-distribute,0.0007354312145658182,0.5417796710808299,0.5879721399903876,32809,32708,0.7891764339288315,False
lower-expect,loop-load-elim,-0.0014839494814414267,-1.0939895438364993,0.2739635625226238,33094,32813,0.5320842667299361,False
lower-expect,loop-sink,0.001192205943618796,0.8769616176878668,0.38051069682480093,32867,32750,0.638311844618687,False
lower-expect,loop-unroll-and-jam,0.0007334544145381483,0.5371169856993875,0.5911886374084239,32858,32515,0.7912148681105222,False
lower-expect,hotcoldsplit,-0.00021849904821119592,-0.16122841163613816,0.8719140016861311,32856,32668,0.9476589593679959,False
lower-expect,irce,-0.00038964829355353503,-0.28654605104760217,0.7744608293071673,33003,32849,0.9011062577411003,False
lower-expect,nary-reassociate,-0.0011212259421062853,-0.8219595315171552,0.4111029173975506,32827,32762,0.6646899358087565,False
lower-expect,scalarizer,-0.0007144053267304495,-0.5232114778415917,0.6008288598918531,32761,32947,0.7973045799174845,False
lower-expect,vector-combine,0.0012934148283398894,0.9589523021800878,0.33758628953286723,32968,32995,0.5976831625039833,False
lower-expect,always-inline,0.0021529973128538993,1.59264101434474,0.11124555779616484,32818,32891,0.2977700644769525,False
lower-expect,globalsplit,-0.0006303022039138573,-0.467812349199901,0.639920331898088,32992,33071,0.8207785590854199,False
lower-expect,lowerswitch,-0.0010772738127681758,-0.7208446523332032,0.47100765863822797,33005,32836,0.71610420153972,False
lower-expect,early-cse-memssa,-0.0020048828443461897,-1.6826840886063201,0.09244101797814462,32947,32727,0.26380745271430034,False
lower-expect,simple-loop-unswitch,-0.002171692533261327,-1.6031331216629154,0.10891008149530662,32896,32704,0.2939881521415294,False
lower-expect,loop-versioning,-0.001796253757985422,-1.3258070292423703,0.1849082133002799,33101,32897,0.41686848778577784,False
lower-expect,loop-flatten,0.0007884236421409896,0.5804628406079219,0.5616045229805576,33053,32864,0.7746542134525761,False
lower-expect,loop-reroll,-0.0027610950506320453,-2.0320296531559423,0.042154678055177926,33042,32522,0.14557118100888602,False
lower-expect,loop-instsimplify,-0.0008221811969470472,-0.608760638217043,0.5426852160046668,32739,32850,0.7622261682765303,False
lower-expect,loop-simplifycfg,-0.0016062700220335069,-1.1931605387220472,0.2328107939395712,33036,32983,0.47757311108819317,False
lower-expect,loop-predication,0.0001913796482601593,0.1405487614087511,0.8882268615476457,32699,32713,0.9525804245276579,False
lower-expect,speculative-execution,-0.0019961620880956654,-1.4822414887418547,0.1382808111019228,33289,32917,0.34756588977864555,False
lower-expect,partially-inline-libcalls,-0.00020334581040365451,-0.14949165949603488,0.8811661488836136,32972,32752,0.9511153911323679,False
lower-expect,load-store-vectorizer,-0.0006738668533344816,-0.4985337923325976,0.6181095156809832,33056,33069,0.8057646016666877,False
lower-expect,iroutliner,0.002797203636444423,2.07200678105545,0.03826872179627135,32627,32731,0.13549757192965517,False
lower-expect,global-merge,-0.00024053702421805712,-0.1779563066058846,0.8587578358954171,33152,32908,0.9423034869523023,False
lower-expect,break-crit-edges,-0.010791007686539456,-7.67461775945871,1.6818485788983263e-14,32975,32935,4.842734584533709e-13,True
lower-expect,unreachableblockelim,-0.0005289501054523416,-0.38959902053290113,0.6968343405837186,32910,32744,0.8591949866894969,False
alignment-from-assumptions,rpo-function-attrs,-0.0009197262448554233,-0.6782836272414371,0.49759425574586175,32952,33051,0.7349357573085216,False
alignment-from-assumptions,attributor,0.0004344228356578106,0.34210812342082747,0.7322706130950801,33214,32846,0.8760784898636113,False
alignment-from-assumptions,inferattrs,-0.0004959067340524204,-0.366156046286401,0.7142498118091323,33301,32722,0.8670186804229888,False
alignment-from-assumptions,called-value-propagation,0.00025443989799195377,0.18913050569702852,0.8499911115281906,33165,33170,0.9410477915278468,False
alignment-from-assumptions,licm,-0.0027977981772451255,-2.0029277653658153,0.045189116422223105,32995,33187,0.15294777865983206,False
alignment-from-assumptions,loop-simplify,-0.0009783299632232234,-0.7281020325946078,0.466553707309251,33061,33082,0.7114580676880946,False
alignment-from-assumptions,div-rem-pairs,-0.0024440518179593695,-1.8102136382015377,0.07026719423434463,33203,33021,0.21521207567283115,False
alignment-from-assumptions,float2int,-0.002080922017620057,-1.5317524413446777,0.1255883362063441,32887,33018,0.3256577383460632,False
alignment-from-assumptions,inline,-0.0009021366012815779,-0.6670000581897354,0.5047744335245538,32888,32965,0.739228377592428,False
alignment-from-assumptions,sink,0.0011558788833890832,0.8498985669866483,0.3953845776273506,33119,32629,0.6519267393636652,False
alignment-from-assumptions,loop-vectorize,-0.002439135861423858,-1.7780561696336785,0.07539924310273609,32961,32902,0.22800265327437413,False
alignment-from-assumptions,slp-vectorizer,0.0005171029269621097,0.38274704977612045,0.7019085533615214,33199,33047,0.8608302068771877,False
alignment-from-assumptions,callsite-splitting,-0.0019143178910895342,-1.4100117346243182,0.1585409565576393,32718,32938,0.3783341778669808,False
alignment-from-assumptions,dfa-jump-threading,0.0011318659017013344,0.8314515299105973,0.40572163545239703,32856,32536,0.6594209903507889,False
alignment-from-assumptions,consthoist,-0.0006380377650376245,-0.4714930730623516,0.6372902264554856,32909,32976,0.8177078354806008,False
alignment-from-assumptions,mldst-motion,-0.004094811639301976,-3.0180080501938975,0.0025453891553937572,33296,32893,0.01371078945326266,True
alignment-from-assumptions,slsr,-0.00013862875640324734,-0.10244895516785929,0.9184006375419071,33262,32991,0.9639391306926047,False
alignment-from-assumptions,loop-interchange,0.0015223671474176026,1.1183166915039506,0.2634358461887861,32914,32844,0.5176190535249806,False
alignment-from-assumptions,loop-fusion,0.0012912850312084,0.9504874557190768,0.3418680944462533,33221,33002,0.6016878462254058,False
alignment-from-assumptions,loop-distribute,-0.00044067261486291365,-0.32492120075389236,0.7452417434223365,32949,32885,0.8822148329026209,False
alignment-from-assumptions,loop-load-elim,0.0002964468228106032,0.2177302004448243,0.8276400083857983,32892,32758,0.930814866073308,False
alignment-from-assumptions,loop-sink,-0.0011680465238288473,-0.8569389447684632,0.3914817583564692,33087,32535,0.649319172267655,False
alignment-from-assumptions,loop-unroll-and-jam,-0.0017202243869683387,-1.2651471949505204,0.2058230381170936,33066,32880,0.4475308258004101,False
alignment-from-assumptions,hotcoldsplit,0.00012063070218071292,0.08872408446729341,0.9293014613130834,32821,33005,0.9703875158684799,False
alignment-from-assumptions,irce,-0.0028388481153490686,-2.1019140357769657,0.03556457363950249,33183,33042,0.12777144070852453,False
alignment-from-assumptions,nary-reassociate,-0.0010722369747738214,-0.7892875998769983,0.42994676039462826,33275,32904,0.6824691931521351,False
alignment-from-assumptions,scalarizer,-0.0036598775043744647,-2.6874407304917995,0.00720199522729473,33115,32805,0.03333689516558648,True
alignment-from-assumptions,vector-combine,-0.002355774650764364,-1.7313366410090734,0.08339642887944701,32825,32957,0.24628990610249962,False
alignment-from-assumptions,always-inline,0.0005164467433640407,0.3816277210504593,0.702738750687776,33124,32764,0.8608302068771877,False
alignment-from-assumptions,globalsplit,-0.001969845170355089,-1.454508981678122,0.14581001813711927,32980,32782,0.35979334028037746,False
alignment-from-assumptions,lowerswitch,-0.002409054690142798,-1.613231271613813,0.10669907540812668,33143,32569,0.29085824686930034,False
alignment-from-assumptions,early-cse-memssa,-0.002405460179230323,-2.0182996991955697,0.04356410379163968,32849,33017,0.14912958294954434,False
alignment-from-assumptions,simple-loop-unswitch,-0.00139445938685262,-1.0299769668514245,0.303024604928271,32996,32800,0.5637265334437573,False
alignment-from-assumptions,loop-versioning,0.0012065303848303732,0.8909259637350458,0.3729721229622818,33242,33074,0.6301983878907913,False
alignment-from-assumptions,loop-flatten,-0.00030347117375989496,-0.22396232622694612,0.8227873099267231,33200,32923,0.927907430823003,False
alignment-from-assumptions,loop-reroll,-3.3724215376229605e-05,-0.0248796657545601,0.9801510220615779,32828,32952,0.990749021390264,False
alignment-from-assumptions,loop-instsimplify,-0.002527496716746014,-1.8697956731207497,0.061516615927753746,33093,32989,0.19443024049482135,False
alignment-from-assumptions,loop-simplifycfg,-0.0017510134479295503,-1.2986213789272327,0.19407844608188018,33090,32749,0.43011386239764726,False
alignment-from-assumptions,loop-predication,-0.0016269911870940845,-1.1969539598606214,0.23132881757483173,32808,32921,0.4770319376635287,False
alignment-from-assumptions,speculative-execution,-0.0013269950632269212,-0.9828001016801727,0.32570943252267587,33045,32993,0.5849613144656077,False
alignment-from-assumptions,partially-inline-libcalls,-0.00012688196052629275,-0.0935625408803232,0.9254569519293749,33014,32793,0.9679726024987799,False
alignment-from-assumptions,load-store-vectorizer,-0.001571092627372539,-1.1719236160011202,0.24123191777870637,33434,33154,0.4882976346157816,False
alignment-from-assumptions,iroutliner,-0.00020415279205038273,-0.15239899530232726,0.8788727157889578,33282,32661,0.9504972655503088,False
alignment-from-assumptions,global-merge,-0.0013502864874803122,-0.9982529583793366,0.3181603684352231,33102,32966,0.5784812519259818,False
alignment-from-assumptions,break-crit-edges,-0.011770340525984635,-8.367102771395485,6.019320316625423e-17,33004,32799,2.5345869204199097e-15,True
alignment-from-assumptions,unreachableblockelim,-0.0018597601562144184,-1.3724813424703062,0.16991831066417412,33072,32881,0.39560053778888576,False
rpo-function-attrs,attributor,0.00250904587962536,1.9683368458818906,0.04903347046010493,32816,33210,0.16300090859233524,False
rpo-function-attrs,inferattrs,-0.0006334648749352079,-0.46755182147535496,0.6401066699302534,32946,33014,0.8207785590854199,False
rpo-function-attrs,called-value-propagation,0.00013028121927810554,0.09632267106985802,0.923264597923348,32860,33239,0.9664866937165099,False
rpo-function-attrs,licm,-0.005647156158394007,-4.0283097572678885,5.624210787061054e-05,32973,33045,0.00042436241699674536,True
rpo-function-attrs,loop-simplify,-0.0001507873677226157,-0.11200361805749835,0.9108208779455189,32996,33102,0.9599148820682553,False
rpo-function-attrs,div-rem-pairs,-0.0018222265223535872,-1.3490677390195667,0.17731981545967312,33266,33052,0.4067864073462683,False
rpo-function-attrs,float2int,-0.0013749818378692158,-1.0214671465739904,0.3070369254688556,32934,32810,0.5676848914712174,False
rpo-function-attrs,inline,-0.0002094640966874839,-0.15522035553086708,0.8766480750390387,33279,32890,0.9496530681230065,False
rpo-function-attrs,sink,-7.91471650498643e-05,-0.05840797166024888,0.953423841531583,32977,33192,0.9822271609513046,False
rpo-function-attrs,loop-vectorize,-0.0037275042277061243,-2.721368741962512,0.006502916741883968,33117,33181,0.03060747831877118,True
rpo-function-attrs,slp-vectorizer,0.0005624250314303358,0.41502098821235783,0.6781278889723559,33066,32884,0.8484181511871391,False
rpo-function-attrs,callsite-splitting,-0.000966954050370783,-0.7121237714445683,0.47639065880391,32961,32877,0.7196523409826087,False
rpo-function-attrs,dfa-jump-threading,0.0006670844803843279,0.49393116029554157,0.6213564440835498,33181,32715,0.8079353094397829,False
rpo-function-attrs,consthoist,0.0001965667087308609,0.14386079389736878,0.8856108376346996,32914,32667,0.9519769531093835,False
rpo-function-attrs,mldst-motion,-0.0008788431868857471,-0.6493269675805441,0.5161293093556234,33046,33210,0.7440762398995691,False
rpo-function-attrs,slsr,-0.001384435062234679,-1.0284307553758738,0.30375100906482305,33073,33068,0.5640683220997684,False
rpo-function-attrs,loop-interchange,0.0003084516234873047,0.22639261596249563,0.8208967715430029,33128,32881,0.9269201473667511,False
rpo-function-attrs,loop-fusion,-0.0007258311614383173,-0.538725358719974,0.5900781744440328,33348,33234,0.7901362551207615,False
rpo-function-attrs,loop-distribute,0.0007689691164131096,0.5692947713259248,0.5691580468071018,33136,33043,0.7777440058585826,False
rpo-function-attrs,loop-load-elim,0.0016912895204383993,1.2501744936959929,0.21124025113841788,33115,32792,0.45469902109477917,False
rpo-function-attrs,loop-sink,-0.000327714230891174,-0.24207048311061846,0.8087263008349226,32864,33189,0.9201807233047398,False
rpo-function-attrs,loop-unroll-and-jam,-0.001411352027021695,-1.0425976915550421,0.2971384749830095,33174,32878,0.5572769482918895,False
rpo-function-attrs,hotcoldsplit,-0.0009957348459274096,-0.7367864022972953,0.4612548827138961,33144,32606,0.7071648283701237,False
rpo-function-attrs,irce,-0.00110172421101562,-0.8162469474576373,0.4143618530654276,33166,32919,0.6675027998377489,False
rpo-function-attrs,nary-reassociate,-0.0025937479469819724,-1.9097494090614924,0.05616983462789049,32677,33049,0.18074040460379553,False
rpo-function-attrs,scalarizer,0.0019546211543261527,1.4482593458067636,0.14754925247426423,33317,33124,0.3628927469480004,False
rpo-function-attrs,vector-combine,-0.0012788162201804454,-0.9441062669817619,0.34511879438793647,33028,33144,0.6046913641266931,False
rpo-function-attrs,always-inline,0.000477930628407508,0.3530351088862783,0.7240632435070504,33287,32949,0.8719308165004271,False
rpo-function-attrs,globalsplit,0.0008040222383508544,0.5919914604049562,0.5538583365158322,32969,32973,0.7695426683441619,False
rpo-function-attrs,lowerswitch,0.0012473335538989994,0.8346123334856329,0.403939037763907,33003,32975,0.6588193552200999,False
rpo-function-attrs,early-cse-memssa,-0.0040252131112442635,-3.3765738852424865,0.0007343700318241392,32964,33015,0.004586591777708659,True
rpo-function-attrs,simple-loop-unswitch,-6.6020236824893e-05,-0.04890791816927497,0.9609928263805102,33182,32927,0.9826051709009673,False
rpo-function-attrs,loop-versioning,-0.0008918028377773446,-0.6578671428382779,0.5106257881872721,33229,33111,0.7422662745242918,False
rpo-function-attrs,loop-flatten,0.001340961865769763,0.99144215982014,0.3214733470486845,33085,33100,0.58147326884187,False
rpo-function-attrs,loop-reroll,1.7327730152227883e-05,0.012776129363806043,0.9898064395827177,33066,32914,0.995005977948106,False
rpo-function-attrs,loop-instsimplify,-0.0007412267096808534,-0.551295480531519,0.5814330026462693,33111,32902,0.7864523982488959,False
rpo-function-attrs,loop-simplifycfg,-0.0017632447834829978,-1.309449704053865,0.19038662590527672,33124,32836,0.42530178382490796,False
rpo-function-attrs,loop-predication,-0.002241623517651059,-1.658748142209353,0.09717129974647634,33290,32814,0.27215386537281494,False
rpo-function-attrs,speculative-execution,7.17532633933704e-05,0.053175778250103216,0.9575920150014903,32967,33213,0.9826051709009673,False
rpo-function-attrs,partially-inline-libcalls,0.001530470702718889,1.1248581700180127,0.2606532243303405,33240,32869,0.5155141547866734,False
rpo-function-attrs,load-store-vectorizer,0.0001077762168142371,0.07973213647071901,0.9364505403790081,33098,33167,0.9736653251603381,False
rpo-function-attrs,iroutliner,-0.0008636200805230421,-0.6432211630307891,0.5200828375344665,33072,32936,0.7462969555826203,False
rpo-function-attrs,global-merge,-0.0028354663195913066,-2.1013960529961424,0.03560997928369025,33162,33126,0.12781730419333734,False
rpo-function-attrs,break-crit-edges,-0.008999272421887028,-6.433139864763258,1.2584384318159626e-10,32974,33275,1.8737813304149465e-09,True
rpo-function-attrs,unreachableblockelim,-0.000861103264576335,-0.6407096772053734,0.5217135527574235,32986,32938,0.7470352242513495,False
attributor,inferattrs,-0.0024681558293010997,-1.9279081908282516,0.05387082394886425,33021,33107,0.17492383630493566,False
attributor,called-value-propagation,-0.0017882681132670442,-1.4079231555347256,0.1591585206582834,32885,33381,0.37888806512489726,False
attributor,licm,-0.005879104337747076,-4.448116406935926,8.676763023722815e-06,32862,33401,7.3228887932971e-05,True
attributor,loop-simplify,0.0009390725774198749,0.7414257214453434,0.45843798818363973,32896,33231,0.7065104926120161,False
attributor,div-rem-pairs,-0.003528521027458764,-2.782886605210893,0.005389285897824278,33071,33294,0.025990694058965362,True
attributor,float2int,-0.0021144548507897043,-1.6591098515655682,0.09709840103302837,32805,33384,0.27215386537281494,False
attributor,inline,-0.0018326060452541482,-1.4407378094919658,0.1496635377037411,32882,32777,0.36538803843382184,False
attributor,sink,0.00023578906179017034,0.18566262388990548,0.8527099102413087,32789,33336,0.9416978357879414,False
attributor,loop-vectorize,-0.005264480853252929,-4.079372561183233,4.521047354002119e-05,32783,33206,0.00034782753316841446,True
attributor,slp-vectorizer,-0.0020716433405238432,-1.625053684891803,0.10415590282526584,32645,33314,0.28482857225121583,False
attributor,callsite-splitting,-0.0021359055614573186,-1.6709768571706505,0.09473099170113762,33210,32776,0.2680394244954154,False
attributor,dfa-jump-threading,-0.001383051360155707,-1.0860026493820878,0.2774817898792911,32780,33179,0.5347532919130433,False
attributor,consthoist,-0.002583593167972409,-2.0173697558464765,0.0436609895538086,32767,33106,0.14912958294954434,False
attributor,mldst-motion,-0.0011578918638760483,-0.9057128112910554,0.3650911845514391,32807,33272,0.6224192767537812,False
attributor,slsr,-0.0018238050882256052,-1.4273780746086366,0.15347569340262196,32723,33114,0.36985280945518006,False
attributor,loop-interchange,-0.0029908605352794715,-2.326052730334774,0.020018762920691952,32676,33097,0.0804035647153125,False
attributor,loop-fusion,-0.0015488242118820161,-1.2138162927738723,0.22482221361469112,33070,33176,0.469293207114442,False
attributor,loop-distribute,-0.003143202225296071,-2.477224288502408,0.013243347373792196,33036,33070,0.05630939013655835,False
attributor,loop-load-elim,-0.0021291409379572968,-1.6676951626256935,0.09538101146730338,32947,32901,0.26881401862839144,False
attributor,loop-sink,-0.0018541594670953288,-1.4473100884975147,0.14781486604827593,32719,33004,0.3630896501629249,False
attributor,loop-unroll-and-jam,-0.004731243673262553,-3.711742800181082,0.0002060064225940385,33145,32744,0.0014177876113853334,True
attributor,hotcoldsplit,-0.0019001383175142328,-1.4883746883736926,0.13665687776781996,33015,33099,0.34389551760633585,False
attributor,irce,-0.0036834053135375577,-2.8928344635720564,0.003819073769791365,32863,33085,0.019222998563628513,True
attributor,nary-reassociate,-0.0028103023508413427,-2.2010688942643553,0.027734598882552863,32935,33059,0.10481562099641392,False
attributor,scalarizer,-0.002575374726454749,-2.021481849652824,0.043233937621430026,33025,32970,0.14870045237867408,False
attributor,vector-combine,-0.0014677676771143733,-1.1480941541257499,0.25093387185341515,32988,32804,0.5018677437068303,False
attributor,always-inline,-0.002134426577413029,-1.676896238516545,0.09356750612661657,32909,33149,0.2658458808751791,False
attributor,globalsplit,-0.0018354702278839952,-1.4336922490325081,0.15166484360397528,32841,33159,0.36795409556096437,False
attributor,lowerswitch,-0.004458970759998293,-3.1559779378441966,0.0016003295435261244,32996,32889,0.009148745244450078,True
attributor,early-cse-memssa,-0.011445733329577934,-9.840843434026842,7.785207489206295e-23,32989,32958,8.239695277765365e-21,True
attributor,simple-loop-unswitch,-0.0043564189907324136,-3.4271596937601103,0.0006103020791796889,32834,33176,0.0038734893712603917,True
attributor,loop-versioning,-0.004329547382475485,-3.4106673418220135,0.0006484276512559116,32974,33289,0.004088957620480113,True
attributor,loop-flatten,-0.003402468248182744,-2.6774788297603687,0.007419682757258144,33018,33206,0.03418291491461516,True
attributor,loop-reroll,-0.0026189004078908673,-2.0558171639682445,0.03980405873721769,33165,32985,0.1392964200312283,False
attributor,loop-instsimplify,-0.0002334721011683083,-0.18285341514858328,0.854913596600087,33101,33007,0.9417031379606203,False
attributor,loop-simplifycfg,-0.0032707932222855174,-2.577159846460182,0.009963728047109108,33136,33163,0.043939143054593774,True
attributor,loop-predication,-0.0032601386238698127,-2.562457035241035,0.010395634700684171,32958,33337,0.04558712820591177,True
attributor,speculative-execution,-0.0028063794905512363,-2.2107346878716387,0.02705761296199484,33014,33385,0.10297144058228551,False
attributor,partially-inline-libcalls,-0.002042388178504384,-1.6060769357080071,0.10826179221771089,32974,33055,0.29359638388127135,False
attributor,load-store-vectorizer,-0.00294474639226755,-2.3358808518625622,0.019500398203897963,33263,33481,0.07856333268154776,False
attributor,iroutliner,-0.0009319460720769168,-0.7390630816724587,0.4598713247925948,32975,32969,0.7070019787152207,False
attributor,global-merge,-0.00020473495656875285,-0.16025104758155262,0.8726838092682795,32955,33043,0.9481466264463205,False
attributor,break-crit-edges,-0.012767618508287892,-9.663904345123076,4.4392163474193e-22,32754,33258,4.1390407658319e-20,True
attributor,unreachableblockelim,0.0017757886419751956,1.3947669903489026,0.16309081920820653,32876,33002,0.3845055075372286,False
inferattrs,called-value-propagation,0.0013405587843887123,0.9871880196903485,0.32355409494328213,33040,32929,0.5833507531297849,False
inferattrs,licm,-0.002938614574300169,-2.0958333851918045,0.03610075991035657,33003,33242,0.12934178939520252,False
inferattrs,loop-simplify,0.0009047501093483734,0.6718297972965954,0.5016943923568414,33142,33314,0.7376447028837965,False
inferattrs,div-rem-pairs,0.0003269141251185381,0.2420980385602499,0.8087049444227875,33271,33244,0.9201807233047398,False
inferattrs,float2int,-0.0005248151702019199,-0.38667359154802683,0.6989991184435638,32917,32947,0.8602288071786841,False
inferattrs,inline,-0.0005573127899810015,-0.4134762441394444,0.6792590613969184,33324,32981,0.8490577669510547,False
inferattrs,sink,-0.0002254737358837744,-0.16609055950491908,0.868086193593175,32566,33266,0.9463308061571258,False
inferattrs,loop-vectorize,-0.004450226633890775,-3.2350332126228927,0.0012168841297243728,32934,33135,0.007198365939578013,True
inferattrs,slp-vectorizer,-8.178381473822327e-06,-0.006025389358092402,0.9951924821314071,32951,33164,0.9974869892641777,False
inferattrs,callsite-splitting,-0.00258753515704252,-1.906955223231732,0.056530732959226705,32996,32861,0.1816032405810761,False
inferattrs,dfa-jump-threading,-0.0011072154688984148,-0.8160533363448278,0.4144725743680792,33198,32847,0.6675027998377489,False
inferattrs,consthoist,0.0016893964432881936,1.240865842953765,0.2146597048396842,33105,33179,0.45884779236537304,False
inferattrs,mldst-motion,-0.003210470130731724,-2.3678417816940183,0.01789504894054683,33098,32956,0.07307300485003274,False
inferattrs,slsr,8.530890127644852e-06,0.0063358391771385,0.9949447846333169,33343,32938,0.9974869892641777,False
inferattrs,loop-interchange,-0.0032999386136392528,-2.4435447731896036,0.014546364282776607,33202,32833,0.06092359629021732,False
inferattrs,loop-fusion,0.0002888957617658283,0.21369618201706042,0.8307846449088302,33110,33311,0.9319159765082807,False
inferattrs,loop-distribute,0.0006471805193633551,0.4780315524686057,0.6326293329076349,33114,32827,0.8153789849276248,False
inferattrs,loop-load-elim,-0.0004220535428700045,-0.31011145302855947,0.7564771851813042,32998,32806,0.8882652645187369,False
inferattrs,loop-sink,-0.0002692289329431774,-0.1990408292325723,0.8422314171214982,33229,33035,0.9372588133154215,False
inferattrs,loop-unroll-and-jam,-0.0021516608295561457,-1.587966961193056,0.11229860105132991,33068,32927,0.29976913545808315,False
inferattrs,hotcoldsplit,0.0005072767052559102,0.3734709055746301,0.708799197232084,33080,32802,0.8644215684711433,False
inferattrs,irce,-0.0001386551980517292,-0.10209769980472008,0.9186794371688117,33293,32680,0.9639733858395142,False
inferattrs,nary-reassociate,-0.0013724457626945186,-1.0097073728110306,0.31263920810358375,32983,33081,0.5739780304423976,False
inferattrs,scalarizer,-0.0027938956875838694,-2.0602013360681815,0.039383193194255886,33250,33020,0.13807035322176012,False
inferattrs,vector-combine,-0.0004895014206304782,-0.35971338736040204,0.7190626298605967,33098,32943,0.8685768266154963,False
inferattrs,always-inline,0.001959257472186615,1.443110492735876,0.14899408384499133,33093,33051,0.3644352481805035,False
inferattrs,globalsplit,0.0007657343395391369,0.567048429322161,0.5706831968050299,33097,33271,0.7779317748370008,False
inferattrs,lowerswitch,-0.0001206744056650999,-0.08096542528462555,0.9354696934246518,33040,33205,0.9736653251603381,False
inferattrs,early-cse-memssa,-0.004463616135539528,-3.745473671433013,0.00018020690871123,32953,32972,0.0012601611687735298,True
inferattrs,simple-loop-unswitch,-0.0030069099366443752,-2.222045285557351,0.026283620202646563,33092,32953,0.10051431319683979,False
inferattrs,loop-versioning,-0.0018015377706456226,-1.3305388564375684,0.18334537761817263,33365,32832,0.4154040546671117,False
inferattrs,loop-flatten,0.0002481692527371293,0.18257525878137784,0.8551318586792558,32874,33220,0.9417031379606203,False
inferattrs,loop-reroll,-0.0011330084237186622,-0.8374561539180057,0.4023392328285894,33343,32949,0.6575794806998148,False
inferattrs,loop-instsimplify,-0.0007825512403140666,-0.5781597652574235,0.5631582299031971,33128,32968,0.775704406718579,False
inferattrs,loop-simplifycfg,0.0007117979998558233,0.527516583328968,0.5978366682589096,33321,33019,0.7955163425408095,False
inferattrs,loop-predication,-0.0025671484721614957,-1.8972380906840163,0.05780089211924798,33184,32708,0.1852277361202742,False
inferattrs,speculative-execution,0.0004660810710146457,0.34599640086165473,0.7293465161506734,33282,33099,0.8744647833330483,False
inferattrs,partially-inline-libcalls,-0.001020332150935388,-0.7494584956552065,0.4535835805159797,33023,32884,0.7033319590545735,False
inferattrs,load-store-vectorizer,-0.0012253691346604811,-0.9161287371661634,0.3596026873054717,33205,33532,0.6178381354713114,False
inferattrs,iroutliner,0.0008722448046976639,0.6524724665260742,0.5140986944368292,32887,33351,0.7432780812301604,False
inferattrs,global-merge,-0.002991241427410085,-2.2015362385906947,0.027701535904828302,33027,32897,0.10481083536551461,False
inferattrs,break-crit-edges,-0.00972576643969697,-6.959445009230074,3.4477754283015487e-12,33217,33019,6.650979594694021e-11,True
inferattrs,unreachableblockelim,-0.00143130914828965,-1.057810313778895,0.29014578940261243,33009,33222,0.5502232015983681,False
called-value-propagation,licm,-0.0017114705637292782,-1.2169530390278058,0.22362642651448916,33059,33123,0.46786792024029594,False
called-value-propagation,loop-simplify,-3.1203840952342965e-05,-0.023117694142861737,0.9815564613876956,33064,33008,0.9912201465161168,False
called-value-propagation,div-rem-pairs,-0.0015081512188751534,-1.1223212828633278,0.2617299210842383,33324,33036,0.5163397334840691,False
called-value-propagation,float2int,0.0018078467817422839,1.3352347957146908,0.18180409872529135,33123,33146,0.4139214247722331,False
called-value-propagation,inline,-0.003382168479889869,-2.51047746330381,0.012059172952916739,33047,32980,0.05189419921277137,False
called-value-propagation,sink,0.0020360436260564163,1.5029814217099933,0.13284863463741206,32661,33133,0.3382918499596516,False
called-value-propagation,loop-vectorize,-0.0012441881161269763,-0.9093782912898012,0.3631538004248132,33044,32925,0.6207377924328104,False
called-value-propagation,slp-vectorizer,0.003137152339459104,2.316864090589267,0.02051418472269659,32804,33166,0.08205673889078637,False
called-value-propagation,callsite-splitting,-0.0007627988099756511,-0.5646039713242342,0.5723450770829213,33288,32893,0.779018644263133,False
called-value-propagation,dfa-jump-threading,0.0015633259355025686,1.1555051808877226,0.24788781083752298,32873,32885,0.4980649908875013,False
called-value-propagation,consthoist,-0.001988603005068257,-1.469016752601693,0.14183301763302938,32994,32925,0.3534606181956814,False
called-value-propagation,mldst-motion,-0.000617262033206889,-0.45609037783353534,0.6483264856358107,33152,33035,0.8269858364005976,False
called-value-propagation,slsr,0.002959249267533881,2.1898124896215676,0.028541308058784288,33152,33197,0.10693210744711656,False
called-value-propagation,loop-interchange,-0.00017514691221204304,-0.12906466382743134,0.8973068753394033,32826,33228,0.9563889291856672,False
called-value-propagation,loop-fusion,0.001689228706792667,1.245176912046776,0.2130711450835795,32934,33120,0.457198139258793,False
called-value-propagation,loop-distribute,0.002375675724111792,1.7675590521439004,0.07713924735201047,33273,33037,0.23201020939360445,False
called-value-propagation,loop-load-elim,0.0004427802502923184,0.32615046114319224,0.7443115551017416,33224,32719,0.8816467180213007,False
called-value-propagation,loop-sink,0.001022950041820625,0.755506741594171,0.44994768686844927,32896,33060,0.7006873132234215,False
called-value-propagation,loop-unroll-and-jam,0.0002553642028618186,0.18884969014957528,0.8502112069523804,32932,32967,0.9410477915278468,False
called-value-propagation,hotcoldsplit,0.0015955730319384687,1.1763741549951579,0.23944963796979724,33261,32753,0.4853440902120735,False
called-value-propagation,irce,-0.000506663159840659,-0.3763863705727398,0.7066308854825508,33117,32965,0.8633266267642886,False
called-value-propagation,nary-reassociate,-0.0007433461965187793,-0.5501654851234882,0.582207738131652,32919,33026,0.7864523982488959,False
called-value-propagation,scalarizer,0.0025145556961266857,1.8574214518832508,0.06325565384618373,33251,32959,0.1984848881904291,False
called-value-propagation,vector-combine,-0.0018223343753325238,-1.3433059788804873,0.1791775380215389,32813,33161,0.41007248243395183,False
called-value-propagation,always-inline,0.0013447097972817401,0.9920326535423548,0.32118523873432164,32800,33127,0.58147326884187,False
called-value-propagation,globalsplit,-0.0009976522005714084,-0.7405201223086768,0.45898708381127606,33019,33154,0.7068308644852211,False
called-value-propagation,lowerswitch,0.002277176175412454,1.521178143866669,0.12821994763494005,32843,32908,0.32946805442153887,False
called-value-propagation,early-cse-memssa,0.0010158265690121127,0.856124665949359,0.3919319314718106,33029,33078,0.6496418790750077,False
called-value-propagation,simple-loop-unswitch,-0.001789283988744228,-1.3284123794859146,0.1840464848946473,32929,33392,0.4154040546671117,False
called-value-propagation,loop-versioning,-0.0012440188385015594,-0.9204333732111735,0.3573496807085706,33184,33191,0.6152088206268832,False
called-value-propagation,loop-flatten,-0.0006225585767219433,-0.4589955975961307,0.6462388412591462,32949,32958,0.8256676353575259,False
called-value-propagation,loop-reroll,-0.00019879798732908016,-0.14680010274248234,0.8832902509403492,32935,33222,0.9517882420726813,False
called-value-propagation,loop-instsimplify,-0.000751536579673362,-0.5542924529625212,0.5793805937451261,32972,32988,0.7850707284103509,False
called-value-propagation,loop-simplifycfg,-0.0009020045237213559,-0.671982759544719,0.5015970161814823,33434,32815,0.7376447028837965,False
called-value-propagation,loop-predication,-0.001704814664755805,-1.261876353537872,0.20699773582271258,32978,33111,0.4491713858023758,False
called-value-propagation,speculative-execution,0.0010376744480782296,0.7696826236000295,0.4414909238893364,33182,33079,0.6924908096841415,False
called-value-propagation,partially-inline-libcalls,-0.0007747182273875053,-0.5737609026185163,0.5661315526707758,33153,33269,0.7762504062530664,False
called-value-propagation,load-store-vectorizer,-0.001364218069853207,-1.0100287441501736,0.312485217832835,32995,33077,0.5739780304423976,False
called-value-propagation,iroutliner,0.0009786542622379213,0.7281434393613071,0.4665283796340169,33006,32706,0.7114580676880946,False
called-value-propagation,global-merge,-0.0023352222375965237,-1.7286494217638932,0.08387653808666723,32872,33101,0.246962799358939,False
called-value-propagation,break-crit-edges,-0.0077978083122410835,-5.560556439673469,2.6995496733647394e-08,32924,32991,2.952915229300648e-07,True
called-value-propagation,unreachableblockelim,0.0008400151172384129,0.6234766988738953,0.532973460488974,33200,32934,0.7559304857931265,False
licm,loop-simplify,0.0030319283060774027,2.178778665186072,0.029351614783417905,33229,33251,0.10905210957482402,False
licm,div-rem-pairs,0.002164427436818883,1.5486194887314644,0.12147799050477538,33150,33168,0.3190528576906106,False
licm,float2int,0.004392361275357914,3.133838023723717,0.0017261143622262335,32999,33148,0.009753916078611731,True
licm,inline,0.0024253198897187245,1.726009609733776,0.08435037115738005,33203,32727,0.24798502511433954,False
licm,sink,0.002839822265023939,2.020663609803862,0.04331864162203912,32998,32838,0.1488033338525484,False
licm,loop-vectorize,-0.006584114253410545,-4.599225411497233,4.248487287177504e-06,32956,33350,3.656500267381781e-05,True
licm,slp-vectorizer,0.004138013219200765,2.9540551486672606,0.0031373844709149737,32811,33268,0.016381330117470717,True
licm,callsite-splitting,0.0036287152860914884,2.574810082217353,0.010031680124973687,33253,32562,0.04418904316017656,True
licm,dfa-jump-threading,0.0029963533090333616,2.1342779343562306,0.03282371603792673,33111,32808,0.11912666543514464,False
licm,consthoist,0.0030717535272148377,2.176813495142788,0.02949802873750145,32911,32899,0.109285033619731,False
licm,mldst-motion,0.0028791622068642386,2.0417629521840657,0.041179015256493916,33278,32823,0.1433395766617157,False
licm,slsr,0.0049377565315023575,3.506309896511614,0.0004546680029772853,32912,32969,0.0029332453042158965,True
licm,loop-interchange,0.0033895054077837106,2.3993916470731107,0.016425104125361908,32772,32989,0.0678488478427397,False
licm,loop-fusion,0.003754463606841729,2.6733993034146897,0.007510517076786647,33140,33272,0.03452886634402228,True
licm,loop-distribute,0.005259322845684811,3.7421258078271493,0.00018262449218769757,33091,32992,0.0012725222622900778,True
licm,loop-load-elim,0.004124472296653303,2.934178419459151,0.0033454693120158314,33097,32945,0.017268589362389192,True
licm,loop-sink,0.0019924324942279803,1.408464727991078,0.15899823295443877,32866,32884,0.37888806512489726,False
licm,loop-unroll-and-jam,-0.00034404679597677124,-0.24548635007475347,0.8060806367380403,33083,33144,0.9189868404484819,False
licm,hotcoldsplit,0.004238141173147858,3.0075913723720538,0.0026342664716118404,32755,32913,0.014092605878185747,True
licm,irce,0.001382455593559928,0.9820262010430317,0.32609053868192583,33278,32786,0.5849613144656077,False
licm,nary-reassociate,0.005526871052422888,3.912884471078292,9.129179019885842e-05,32993,32862,0.0006707291752696615,True
licm,scalarizer,0.003339773474241914,2.3836618701970775,0.01714414811349576,33561,32720,0.0702999832591093,False
licm,vector-combine,0.003700873189082854,2.6272595784326622,0.008609558579820984,33040,32835,0.03880855178914131,True
licm,always-inline,0.0030634561803745686,2.180366733339468,0.029233826249458517,32939,32760,0.10892451340901955,False
licm,globalsplit,0.005076125371872464,3.6145423714315426,0.00030110210358216057,32942,33130,0.002012143067624131,True
licm,lowerswitch,0.0025467174728605046,1.6516126353868417,0.09861829807226008,33059,32984,0.27506357211607585,False
licm,early-cse-memssa,0.005301176807885555,4.231158948735091,2.3280349714236466e-05,33153,33058,0.00018567382786344194,True
licm,simple-loop-unswitch,0.0011501324581517647,0.8200828031255096,0.41217186716573595,32887,33103,0.6656264626647361,False
licm,loop-versioning,0.0023899519561552673,1.7026807134887736,0.08863253192188482,33288,32901,0.25686692697982016,False
licm,loop-flatten,0.004246425189673442,3.02449684331015,0.0024914271054607287,33404,32695,0.013513058926570932,True
licm,loop-reroll,0.004047225576047475,2.8794330096507896,0.0039851869055212395,33192,32966,0.019956511409234236,True
licm,loop-instsimplify,0.0014172190790737726,1.0064485982158389,0.314203514641762,33250,32828,0.5752313457070668,False
licm,loop-simplifycfg,0.0011776041114676117,0.8438260656453874,0.39876965661168373,33155,33062,0.6558513125961165,False
licm,loop-predication,0.0018231742686711239,1.2944934081057264,0.19549956375942001,33052,33103,0.43228474967921443,False
licm,speculative-execution,0.0037370177733998533,2.6666532257843696,0.007662930101106083,32935,33252,0.035056114808331096,True
licm,partially-inline-libcalls,0.0026459226562210447,1.8788999759905545,0.06026254608896994,33025,33119,0.1913934553807026,False
licm,load-store-vectorizer,0.00405405348493193,2.897369062737778,0.003764300625991723,33187,33074,0.019069859316149528,True
licm,iroutliner,0.00502427129146521,3.606062896072874,0.00031110763281212516,33007,32795,0.002075464207993666,True
licm,global-merge,0.004330742631244833,3.0787701063984465,0.0020794224875377377,32977,33076,0.011469040086194057,True
licm,break-crit-edges,-0.004886320973649383,-3.357717307068965,0.0007863309801172631,33137,33216,0.004864568907012958,True
licm,unreachableblockelim,0.0016796664287778706,1.194936974616538,0.2321159606917184,33254,32622,0.4772898454114945,False
loop-simplify,div-rem-pairs,0.0008812789497335549,0.6539563565862295,0.5131421961227575,33268,32929,0.7428705508379735,False
loop-simplify,float2int,0.0004071452823983801,0.3008326467664202,0.7635430596034772,33016,33013,0.8931750301467987,False
loop-simplify,inline,0.002355533388897324,1.7491553880643669,0.08026879044041195,33131,33173,0.23903618506817734,False
loop-simplify,sink,0.003308469895019095,2.4455700236957427,0.014464938919639882,32818,32955,0.060647431273350934,False
loop-simplify,loop-vectorize,-0.0030032251360191387,-2.196933577197632,0.028028647070593913,33020,33152,0.1054372544941842,False
loop-simplify,slp-vectorizer,0.002663192517969093,1.966215511902835,0.049277891902175776,33023,33209,0.16367449083029714,False
loop-simplify,callsite-splitting,-0.0017156348962465984,-1.264579533733824,0.20602656710899717,33009,32873,0.4477247706985754,False
loop-simplify,dfa-jump-threading,-0.001013074193870589,-0.7456548143877744,0.4558786209132653,32969,32936,0.7042290648900777,False
loop-simplify,consthoist,0.0004992397731011788,0.3684768213931008,0.7125189073002566,32839,33146,0.8659913224667302,False
loop-simplify,mldst-motion,0.0013809156809775347,1.0204226244204186,0.3075318089687362,33072,32935,0.5683315544698306,False
loop-simplify,slsr,0.0005569984227251634,0.4137406519105864,0.6790653922318972,33039,33167,0.8490577669510547,False
loop-simplify,loop-interchange,-0.0003987645608131696,-0.29497532419149924,0.7680136539468777,33150,33121,0.896702882783534,False
loop-simplify,loop-fusion,0.0030102032292875225,2.2398078678485986,0.02510669974459484,33157,33137,0.09676952381873366,False
loop-simplify,loop-distribute,-0.0006492169943621562,-0.4839107275532384,0.6284508289417435,33102,33039,0.8123011378157563,False
loop-simplify,loop-load-elim,0.00235223476663593,1.739493618281964,0.08195265140742138,32934,32855,0.2433105253309038,False
loop-simplify,loop-sink,-0.0024795104022029557,-1.8303146063455693,0.0672074278293042,32896,32931,0.2077224051930191,False
loop-simplify,loop-unroll-and-jam,-0.0006422046360321509,-0.47720054511220444,0.6332209011459032,33200,32895,0.8153789849276248,False
loop-simplify,hotcoldsplit,-0.0012052547794634272,-0.8902115722382579,0.37335553113039727,33075,33045,0.6301983878907913,False
loop-simplify,irce,-3.1147083406068976e-05,-0.023061149882699302,0.9816015649104957,33244,32897,0.9912201465161168,False
loop-simplify,nary-reassociate,0.0002500478411266438,0.18481106263828076,0.8533777974614128,33054,33063,0.9416978357879414,False
loop-simplify,scalarizer,-0.0025597384797702016,-1.8917511389907422,0.05852850609923571,33295,32921,0.18653932240803714,False
loop-simplify,vector-combine,0.0002463310858538126,0.18173876905528344,0.8557882996596102,33009,32727,0.9421247282552125,False
loop-simplify,always-inline,0.001879885833985795,1.3890147157068085,0.16483297461465546,32919,32908,0.38791221670131654,False
loop-simplify,globalsplit,0.0013026430895019536,0.9676087095885821,0.33324337015910316,32769,33281,0.5926344403011117,False
loop-simplify,lowerswitch,-0.0031064748876105663,-2.0875896649670533,0.03683868601585144,33072,33007,0.1315043704996119,False
loop-simplify,early-cse-memssa,-0.0058330040331286415,-4.921294660111331,8.618021604537018e-07,33019,33021,7.940746494909873e-06,True
loop-simplify,simple-loop-unswitch,8.376340154103712e-06,0.006197166229328376,0.9950554270831528,32961,33187,0.9974869892641777,False
loop-simplify,loop-versioning,-0.0021576030202118957,-1.593742310835523,0.11099852862777758,33249,33075,0.2973120643682469,False
loop-simplify,loop-flatten,-0.0005748505320825048,-0.42427628831063874,0.6713657140210304,32895,33049,0.8450877968840743,False
loop-simplify,loop-reroll,-0.0005557498112511161,-0.41059811768627313,0.6813685726411296,32941,33300,0.8507410319311576,False
loop-simplify,loop-instsimplify,-0.001711441020796678,-1.2714621951820417,0.20356873169745066,33361,32911,0.4446041011306284,False
loop-simplify,loop-simplifycfg,-0.0019020340179490836,-1.418690007294278,0.15599410298975952,33135,33301,0.3745845034125995,False
loop-simplify,loop-predication,-0.0004967941387778452,-0.3648133954591871,0.7152518794133289,32693,33005,0.8674284173993794,False
loop-simplify,speculative-execution,-0.0012785515447828466,-0.9457754683267644,0.3442665800416483,32965,33091,0.604550640109011,False
loop-simplify,partially-inline-libcalls,0.0005385366367721689,0.39870515767488,0.6901117440376251,33358,33310,0.8565697590020094,False
loop-simplify,load-store-vectorizer,-0.0015936526996613298,-1.1902969983290206,0.23393393117633648,32952,33523,0.47862344539526314,False
loop-simplify,iroutliner,0.00024910040847281323,0.1863685593106287,0.8521563167251506,33096,33207,0.9416978357879414,False
loop-simplify,global-merge,-0.0008260246853017406,-0.6122707352772437,0.5403607533346697,33320,32820,0.7604464838859526,False
loop-simplify,break-crit-edges,-0.010444712365791642,-7.490832840339605,6.928545480180072e-14,33044,33144,1.808812273359011e-12,True
loop-simplify,unreachableblockelim,0.001524900443658439,1.1310724409992083,0.2580286836573321,33207,33263,0.5123936740375824,False
div-rem-pairs,float2int,0.0007082295675353012,0.5209567798524272,0.6023986227155121,32891,33297,0.7980670907868355,False
div-rem-pairs,inline,-0.0010049125098955947,-0.746313413272647,0.4554807676380288,33060,32974,0.7038921413064407,False
div-rem-pairs,sink,0.0004647233749500157,0.34378057056115985,0.7310124110766731,32960,32883,0.8754264837236244,False
div-rem-pairs,loop-vectorize,-0.0035921344179671855,-2.6171053204131804,0.008869915143569636,33130,33027,0.03987897554789747,True
div-rem-pairs,slp-vectorizer,0.0014633913443810598,1.084260742137781,0.27825314835969106,32982,33338,0.5354493017083785,False
div-rem-pairs,callsite-splitting,0.0007673713233058432,0.5661278815525724,0.5713087733664682,33086,33001,0.7781722283489008,False
div-rem-pairs,dfa-jump-threading,0.00018091798599328968,0.13369454107386794,0.8936445297808698,32946,33032,0.9552697986987488,False
div-rem-pairs,consthoist,-0.0005965944261168143,-0.43825408078296674,0.6612035505670436,32787,32885,0.8376813665546886,False
div-rem-pairs,mldst-motion,-0.0020822962240392706,-1.5387491270342863,0.12387032498622289,33306,33012,0.32359986167181376,False
div-rem-pairs,slsr,0.002968090274244717,2.187803169256584,0.028687436380129487,32974,33051,0.1070924698423137,False
div-rem-pairs,loop-interchange,0.0018874247666398336,1.3873026138486977,0.16535419343411234,32615,33390,0.38859253415922274,False
div-rem-pairs,loop-fusion,0.0006292033934501284,0.46299465257499167,0.6433697239516403,33015,33103,0.8233450454230795,False
div-rem-pairs,loop-distribute,-0.0006607228756721484,-0.4895702291941712,0.6244396663400452,33361,32973,0.81024046831929,False
div-rem-pairs,loop-load-elim,0.0034739074879036047,2.56111668856227,0.010435840053918125,32884,32914,0.04571224793192772,True
div-rem-pairs,loop-sink,-7.056282843831418e-05,-0.051970523100690134,0.9585523384954979,32843,33005,0.9826051709009673,False
div-rem-pairs,loop-unroll-and-jam,-0.001730239409535872,-1.2756314752754199,0.20209031898579394,32818,33096,0.4418680564759179,False
div-rem-pairs,hotcoldsplit,0.0021537695447857996,1.5858015675102555,0.11278912624504478,32946,32985,0.3004640941330581,False
div-rem-pairs,irce,0.00041261537343229016,0.30507376668383906,0.7603109327276909,33224,32800,0.8908969516940867,False
div-rem-pairs,nary-reassociate,-0.00031690684108764966,-0.23226326015068788,0.8163342673023627,32886,33044,0.9244826779372539,False
div-rem-pairs,scalarizer,0.00038528665288967145,0.28406583544785496,0.7763608196039137,33250,32742,0.902412873128206,False
div-rem-pairs,vector-combine,0.0018068621346896685,1.3371052741709333,0.18119288323411747,32796,33233,0.41276982591320766,False
div-rem-pairs,always-inline,9.140988387668081e-05,0.06722745028980859,0.9464008362624841,32750,33175,0.9788974312741383,False
div-rem-pairs,globalsplit,-0.0006292327450689306,-0.4650178861643228,0.6419201759123635,32933,33357,0.8222961756208098,False
div-rem-pairs,lowerswitch,-0.001226843702641367,-0.8200473573547272,0.4121920765990769,32754,33155,0.6656264626647361,False
div-rem-pairs,early-cse-memssa,-0.0021623394346280134,-1.811990693303306,0.06999216906856989,33341,32830,0.21472002384322147,False
div-rem-pairs,simple-loop-unswitch,0.0013784913745488736,1.0196568813521791,0.30789495670858985,33020,32975,0.5687342690900178,False
div-rem-pairs,loop-versioning,-0.0010420570696451081,-0.766606464277803,0.4433182729002422,33138,32866,0.6938586557463423,False
div-rem-pairs,loop-flatten,0.0004456638824299475,0.32855049706038203,0.7424965110842617,33015,33079,0.8813629394986265,False
div-rem-pairs,loop-reroll,-0.0008214977112851463,-0.6088393834926127,0.5426329955728405,32982,33220,0.7622261682765303,False
div-rem-pairs,loop-instsimplify,-0.0006220065159626142,-0.4609271410382735,0.6448523899050759,33089,33243,0.8244342013934955,False
div-rem-pairs,loop-simplifycfg,0.0005601231412864505,0.4155229675925122,0.6777604537289423,32981,33138,0.8482294460858224,False
div-rem-pairs,loop-predication,0.00031325968351619826,0.23062799184698293,0.817604535293327,32775,33139,0.9256257184760533,False
div-rem-pairs,speculative-execution,-0.0021053742223854366,-1.5537249753680256,0.120254832957414,32956,32978,0.31605229923572703,False
div-rem-pairs,partially-inline-libcalls,-0.002700643968869265,-1.990186954692678,0.046574438671383896,33181,33214,0.15615197075097548,False
div-rem-pairs,load-store-vectorizer,0.0004727554139026813,0.35294040330717474,0.724134234891999,33422,33307,0.8719308165004271,False
div-rem-pairs,iroutliner,0.001453899642223866,1.0828305638849447,0.2788876036192028,32912,32906,0.5358802040102052,False
div-rem-pairs,global-merge,-0.001337853207955042,-0.9873333541133014,0.3234828639919122,33015,32989,0.5833507531297849,False
div-rem-pairs,break-crit-edges,-0.009576668513703868,-6.839218463034117,8.031400364835015e-12,32897,33406,1.4493531718292127e-10,True
div-rem-pairs,unreachableblockelim,-0.001354619587965289,-0.9997834442313237,0.3174189944885187,32898,32935,0.5778767003333516,False
float2int,inline,0.0020254356948468666,1.4965413585516891,0.1345174572936014,32686,32814,0.34095169110792434,False
float2int,sink,-0.0013582616896066768,-1.002474712440163,0.31611804992469655,32996,32992,0.576545004938995,False
float2int,loop-vectorize,-0.003504965360292711,-2.5512934902865037,0.010734623698818713,32698,33457,0.046916056255105,True
float2int,slp-vectorizer,-0.00029081722996532333,-0.21445433818438753,0.8301934343289346,32962,33033,0.9319159765082807,False
float2int,callsite-splitting,0.00044501718668182866,0.32647067540162505,0.7440693173955932,32708,32686,0.8816467180213007,False
float2int,dfa-jump-threading,-0.0002840245748148007,-0.2098120187263991,0.8338150412064013,33089,32780,0.9334516837991108,False
float2int,consthoist,0.0012656717475864054,0.9310688295822335,0.3518213808863313,32948,32784,0.6115102208392691,False
float2int,mldst-motion,-0.0007683623164914666,-0.5645294872849422,0.5723957576852193,32900,33069,0.779018644263133,False
float2int,slsr,0.0013299384474647624,0.9812159432087162,0.3264898434783701,33061,33255,0.585141522682516,False
float2int,loop-interchange,-0.0006785147157407079,-0.49891407899722917,0.6178415804326125,32814,33092,0.8057646016666877,False
float2int,loop-fusion,-8.554810852540173e-05,-0.0630203332304471,0.949750502512155,33265,33191,0.980484766454491,False
float2int,loop-distribute,0.0016139513594978228,1.1933032922460791,0.2327549124794681,32997,32863,0.47757311108819317,False
float2int,loop-load-elim,-0.000251954325723891,-0.1844651376734874,0.853649144134616,32761,32848,0.9416978357879414,False
float2int,loop-sink,0.0009255228138051463,0.6777950586915971,0.49790404202017313,32484,32940,0.7349386462687516,False
float2int,loop-unroll-and-jam,0.0010970891447774078,0.8068474439232249,0.41975729388028876,33006,32879,0.6731748110713736,False
float2int,hotcoldsplit,0.0019282633488289513,1.4148074497356782,0.1571296666921769,32955,33205,0.37588257468941033,False
float2int,irce,-0.00016022808151694434,-0.11855700596819557,0.9056266904105089,32966,32981,0.9581207046183176,False
float2int,nary-reassociate,-0.0010168931966282324,-0.746316926709045,0.455478669420719,32563,32888,0.7038921413064407,False
float2int,scalarizer,0.0012834073081522401,0.9449227961678435,0.34470173119157677,33294,33103,0.6046076281972618,False
float2int,vector-combine,0.0007432557078858038,0.5492075747628016,0.5828648662112325,32976,32975,0.7867972478742455,False
float2int,always-inline,-0.0008217163058544807,-0.6071886802654495,0.5437277874022518,32994,33169,0.7628943086589818,False
float2int,globalsplit,-0.0013241378957103977,-0.9760698561300917,0.329033432820923,33043,32827,0.5880892489168826,False
float2int,lowerswitch,-0.00041806906332986227,-0.28037020209640456,0.7791943742636377,33012,33019,0.9038285455024897,False
float2int,early-cse-memssa,-0.00359188897534507,-3.011611096964861,0.0025996395350802053,33043,32783,0.013945463588183675,True
float2int,simple-loop-unswitch,-0.002870842347980185,-2.1158446819635306,0.03436175124788721,32825,33229,0.12379081682311528,False
float2int,loop-versioning,-0.001888144885780596,-1.3829023742875135,0.16669950554317592,32886,32779,0.3897301645539355,False
float2int,loop-flatten,-0.0006945499539194877,-0.5093541519017863,0.6105057124628832,32948,32955,0.8025639211884079,False
float2int,loop-reroll,0.00023466443900999057,0.17403480346580444,0.8618386453647401,32965,32887,0.9432795701709255,False
float2int,loop-instsimplify,0.0009118459576926696,0.6710577308324237,0.502186102627222,33090,32878,0.7376447028837965,False
float2int,loop-simplifycfg,-0.0010699732891658598,-0.7934189779029683,0.42753660402416377,33099,33035,0.6808594312153824,False
float2int,loop-predication,-0.0014194366622752863,-1.0483911969490565,0.29446223760645784,33168,32993,0.5552480700452167,False
float2int,speculative-execution,-0.0009261439217586598,-0.6861080011374292,0.4926474044320759,33025,33302,0.7313143425913605,False
float2int,partially-inline-libcalls,0.0014140807862107474,1.0360072838504188,0.30020254707681854,32863,33023,0.561142326660058,False
float2int,load-store-vectorizer,-0.0003727282341003946,-0.2759763491822521,0.782567091839473,33035,33272,0.9055799855894344,False
float2int,iroutliner,0.0017789218991157707,1.3295989710130194,0.18365503135947844,33108,32913,0.4154040546671117,False
float2int,global-merge,-0.0011130823183039817,-0.822971010535719,0.4105274431314629,33127,33089,0.6640336502696442,False
float2int,break-crit-edges,-0.008303432913731978,-5.89442916382835,3.778026740136969e-09,32934,32998,4.6524379604957143e-08,True
float2int,unreachableblockelim,-0.0009457329044416651,-0.6972698815570103,0.4856363833490012,32875,32750,0.7260560826432932,False
inline,sink,-0.00018595675611926543,-0.1373708638806764,0.890738079315591,32826,33137,0.9538294491896278,False
inline,loop-vectorize,-0.0045339193623388785,-3.3186227355437388,0.000905115825150452,32482,33517,0.005495245846959954,True
inline,slp-vectorizer,-0.001397213703717426,-1.032777995873259,0.3017115834008058,32792,33291,0.5624816466219345,False
inline,callsite-splitting,-0.00018428999008729408,-0.13671830391820544,0.8912538775822046,33076,32988,0.9541143205609387,False
inline,dfa-jump-threading,0.0015994708368293753,1.178101475531271,0.23876043200572605,32765,32768,0.4844486278416701,False
inline,consthoist,-0.00030321543324646205,-0.22346506364552743,0.8231742631969132,32729,33219,0.927907430823003,False
inline,mldst-motion,-0.0004240763930325464,-0.3131992616676997,0.7541302764233199,32629,32888,0.8876387623906584,False
inline,slsr,-0.0010912513932695433,-0.8067927650679654,0.41978878667933966,33226,32975,0.6731748110713736,False
inline,loop-interchange,0.0024519176276297516,1.8072830144617558,0.0707227172295523,32686,33288,0.21602976651398345,False
inline,loop-fusion,0.003918975243049794,2.896309967879841,0.003777032181315147,32947,33048,0.019084978092942084,True
inline,loop-distribute,0.0005090723986182488,0.37725728943835113,0.7059836225225917,32953,33038,0.8628688719720566,False
inline,loop-load-elim,-0.00022819030579129818,-0.1682231157053752,0.8664082726760646,32941,32954,0.945875326400744,False
inline,loop-sink,0.00025988882352789844,0.19163921191908467,0.8480254133659062,33041,33104,0.9407556710314132,False
inline,loop-unroll-and-jam,-0.0010655864341803656,-0.7879839919959706,0.43070889353388103,33054,33088,0.6824691931521351,False
inline,hotcoldsplit,-0.0018439965727527485,-1.359076224327717,0.1741270889933575,32779,33095,0.4013429549723296,False
inline,irce,-0.00206825785002851,-1.5314784731302977,0.12565598637408107,33051,32803,0.3256577383460632,False
inline,nary-reassociate,0.001028592947814877,0.7596979136771327,0.4474378957530941,32808,33046,0.6989097725445219,False
inline,scalarizer,-0.0012715325362959162,-0.9372489366950885,0.34863396498379123,32999,32765,0.6082359831411065,False
inline,vector-combine,0.000788150895286277,0.5833697176117367,0.5596464337624387,32858,33100,0.7727698993701375,False
inline,always-inline,-0.0004148688310143256,-0.30743500106152344,0.7585132599892945,32871,33167,0.8893227323706819,False
inline,globalsplit,7.079101330614845e-05,0.052412037001143365,0.9582005415023009,33068,33052,0.9826051709009673,False
inline,lowerswitch,-0.002628726294306105,-1.7600759273353643,0.0783995707299545,32844,33088,0.23471920411200445,False
inline,early-cse-memssa,-0.002678813339763275,-2.248305354035424,0.024560013403032252,32870,33095,0.09494275664982654,False
inline,simple-loop-unswitch,-0.0020156478835803293,-1.4937468308079744,0.13524656927092266,32964,33243,0.3423565386327945,False
inline,loop-versioning,0.0022592010488914904,1.6701383309791307,0.09489672737470672,33146,33031,0.2683145013713729,False
inline,loop-flatten,0.0008382014289035622,0.6165928764140413,0.5375054168241508,33060,33075,0.7586660749887602,False
inline,loop-reroll,0.001235912957067875,0.9153001139361127,0.36003744258057524,33008,33015,0.6178381354713114,False
inline,loop-instsimplify,-0.0019240555375256707,-1.4237227050870385,0.15453148417154633,33138,32887,0.37193933129426887,False
inline,loop-simplifycfg,0.0007955923180498203,0.590765882252905,0.5546793195963138,32902,33139,0.7696026752232907,False
inline,loop-predication,-0.0011374765786900665,-0.839471958614435,0.401207560210007,32828,33152,0.6572451607580438,False
inline,speculative-execution,-0.0006806357194747426,-0.5051364644681299,0.613464673813612,32988,33212,0.804171260326297,False
inline,partially-inline-libcalls,-0.00019979589135010745,-0.14760690657104802,0.8826534562323772,32725,33114,0.9516715128320455,False
inline,load-store-vectorizer,0.0009899814115072458,0.7368562255768298,0.46121237787787284,33132,33585,0.7071648283701237,False
inline,iroutliner,0.0029301174061820423,2.1776393426944525,0.029436429623438367,32692,33292,0.10916009318691727,False
inline,global-merge,-0.001250468265276472,-0.9233301394242922,0.35583857553556825,32996,32730,0.6141312744809543,False
inline,break-crit-edges,-0.008214953385704604,-5.865077889340733,4.510538155489528e-09,32793,33236,5.485486775433848e-08,True
inline,unreachableblockelim,0.0009616915443619867,0.7148063127350496,0.47473125419746254,33103,33111,0.7183336906635484,False
sink,loop-vectorize,-0.005652080316215502,-4.119190348898498,3.806691109537412e-05,32942,33054,0.00029577385684421634,True
sink,slp-vectorizer,-0.002308003237549261,-1.7052862319543272,0.08814576437538513,32907,33031,0.2560023634940495,False
sink,callsite-splitting,0.0006953238021800145,0.5104220182919434,0.6097575504614708,32780,32881,0.8023557014808871,False
sink,dfa-jump-threading,-0.000818323321594594,-0.6043911371249974,0.5455857150917893,32849,32820,0.7633132048229536,False
sink,consthoist,-0.001966661234590772,-1.451462634165636,0.14665582043708902,33131,33044,0.3614249168229331,False
sink,mldst-motion,-0.0009967096173735257,-0.7335433007876754,0.46322973423114994,32875,33133,0.7083200465635232,False
sink,slsr,0.0003942319732416766,0.2919168694606142,0.7703511006776425,33034,33104,0.8986282127654596,False
sink,loop-interchange,-0.0008858544859904893,-0.6502007316214332,0.5155648490126816,32832,32672,0.7439027077132134,False
sink,loop-fusion,-0.0026206574780195946,-1.936292146805852,0.05283618865705002,32659,33494,0.17242209565083988,False
sink,loop-distribute,-0.0022481564452502822,-1.6675157309132516,0.09541662050394895,33231,33090,0.26881401862839144,False
sink,loop-load-elim,-0.0009968409378684484,-0.7339063856608923,0.4630084047219229,33097,32836,0.7083067061181444,False
sink,loop-sink,-0.0018498487587779167,-1.360511974504721,0.17367263960508425,32746,32899,0.4005312465803945,False
sink,loop-unroll-and-jam,-0.0015754739155888209,-1.161521699396899,0.24543401130206421,32990,32911,0.4951672273358493,False
sink,hotcoldsplit,0.0007470013288246591,0.5513622306127131,0.5813872500574427,33325,32795,0.7864523982488959,False
sink,irce,-0.000967085841505122,-0.7148513550551189,0.47470342979985086,33042,32877,0.7183336906635484,False
sink,nary-reassociate,-0.0027409430848086003,-2.0168875672773927,0.04371128913698682,33085,32918,0.14912958294954434,False
sink,scalarizer,-0.0008881344208498398,-0.6547382858098719,0.5126385489721375,33178,32928,0.7426905504161636,False
sink,vector-combine,0.0009499362961419844,0.7015944332112762,0.48293460586728537,32891,32932,0.7240321273262976,False
sink,always-inline,0.0008921147660900242,0.6606333608801,0.5088497684466535,33222,32965,0.7410396776634791,False
sink,globalsplit,-0.000422910686611655,-0.3122737716390436,0.7548334556183462,33093,33057,0.8876660096701032,False
sink,lowerswitch,-0.00402750179820166,-2.6869140847954696,0.007213354081617711,33017,33061,0.03335005263708968,True
sink,early-cse-memssa,-0.00272431528691619,-2.2889512094408984,0.02208531790910942,33121,33156,0.08747934106602887,False
sink,simple-loop-unswitch,-0.002088117373250764,-1.5448224972031601,0.1223939898367926,33142,32981,0.32086399065964444,False
sink,loop-versioning,-0.002482484738313695,-1.828643919987452,0.06745745564598785,33164,33185,0.2083307541874514,False
sink,loop-flatten,-0.0024419311749359074,-1.802933691731329,0.07140318925360237,33005,32985,0.21776860523139166,False
sink,loop-reroll,9.409896374762416e-05,0.06912882483857606,0.9448872884625532,32651,32716,0.9778484729438051,False
sink,loop-instsimplify,-0.002748138653549226,-2.0304544513371403,0.04231434337199294,33328,33080,0.14599380497332543,False
sink,loop-simplifycfg,-0.0037748484902837,-2.8075191438135234,0.004993928614680796,33294,33021,0.02432366225757462,True
sink,loop-predication,-0.0014635842952446243,-1.0800194639562695,0.2801374531669837,33136,32971,0.5361770609002484,False
sink,speculative-execution,0.0006984681426304706,0.5183942103958395,0.604184986762848,32840,33374,0.7985156463438619,False
sink,partially-inline-libcalls,-0.001538203992530296,-1.138460489435437,0.25493237750586556,32999,33095,0.507790025591541,False
sink,load-store-vectorizer,0.001412480924643189,1.046362951430075,0.2953972983083043,33185,33247,0.555607982793141,False
sink,iroutliner,0.0008766063150951742,0.6524064872092189,0.5141412661581669,32742,32871,0.7432780812301604,False
sink,global-merge,-0.0017080094538932666,-1.260476545480937,0.2075019667526416,32847,33058,0.4494754823487537,False
sink,break-crit-edges,-0.010168023621212663,-7.233216761420448,4.767965138938294e-13,32953,32944,1.0918918996539392e-11,True
sink,unreachableblockelim,-0.002034107430596621,-1.4972267027693602,0.13433907200366843,32970,32902,0.3407200815844337,False
loop-vectorize,slp-vectorizer,0.004433786188721867,3.2288648272443554,0.0012434338494959319,32969,33035,0.007333263485882635,True
loop-vectorize,callsite-splitting,0.003299883075519816,2.3967222943323234,0.0165452349534641,32981,32709,0.06812948483466394,False
loop-vectorize,dfa-jump-threading,0.005285016289348743,3.8328455394567853,0.00012678743496472044,33046,32699,0.0009093399181718777,True
loop-vectorize,consthoist,0.004157330609074195,3.016352214592127,0.0025593352615388785,32936,32906,0.013766973742014077,True
loop-vectorize,mldst-motion,0.0022510988626224804,1.633144806397183,0.10244332828425971,33041,32822,0.28211538225116806,False
loop-vectorize,slsr,0.0033887468545487076,2.4706276746087195,0.01349010786782161,33390,33073,0.057110553957177755,False
loop-vectorize,loop-interchange,0.0026888668723107356,1.9500550270218449,0.051173798854147384,32739,33104,0.16825910689575244,False
loop-vectorize,loop-fusion,0.004421173265272638,3.22388415452093,0.0012652570696200208,33214,33113,0.00745074689418346,True
loop-vectorize,loop-distribute,0.004015648855882958,2.9340357461803013,0.003347001870800152,33459,32964,0.017268589362389192,True
loop-vectorize,loop-load-elim,0.004508296954516211,3.2695458840569622,0.0010777581228474215,32997,32585,0.0064435126856038204,True
loop-vectorize,loop-sink,0.0021534671661349036,1.5616546173226407,0.1183741742533117,33169,32813,0.312157081734659,False
loop-vectorize,loop-unroll-and-jam,0.006187210271775601,4.524969769904954,6.050911388634459e-06,33346,32895,5.1511671734549e-05,True
loop-vectorize,hotcoldsplit,0.004339720162051641,3.1483028940497166,0.001642949466247544,33283,32442,0.009351439113118287,True
loop-vectorize,irce,0.00497082570163343,3.627263540178193,0.00028665709678051324,32997,32909,0.0019254703104502398,True
loop-vectorize,nary-reassociate,0.0008546018451551785,0.6199667727536576,0.5352818117300167,33077,32685,0.757528623819537,False
loop-vectorize,scalarizer,0.0022510243793976703,1.6392571961606424,0.1011644519599449,33369,32934,0.2801614536833391,False
loop-vectorize,vector-combine,0.0023307649456096313,1.698476175110433,0.08942265137219932,33019,32844,0.25819462959783207,False
loop-vectorize,always-inline,0.006695951825822777,4.897811980809192,9.713768963030112e-07,33204,33056,8.887644686735028e-06,True
loop-vectorize,globalsplit,0.0033299541833077817,2.4330500665934025,0.01497486861498096,33017,32984,0.062252213902617246,False
loop-vectorize,lowerswitch,0.003675874093075626,2.4308778961300885,0.015064947841786153,32933,32767,0.062493999733511205,False
loop-vectorize,early-cse-memssa,0.001224161141045843,1.004632509813603,0.31507753508698555,33176,32759,0.5762931468475644,False
loop-vectorize,simple-loop-unswitch,0.003290870819009084,2.3989414283756094,0.016445291355942613,33243,33013,0.06786065432020155,False
loop-vectorize,loop-versioning,0.002935078007296643,2.1268511492240356,0.03343614371637498,33225,32927,0.12080629614923788,False
loop-vectorize,loop-flatten,0.001556041479073067,1.129123105985713,0.25885001177704214,33116,32873,0.5132438714526061,False
loop-vectorize,loop-reroll,0.004486828029077572,3.2741428264491574,0.0010603771452604765,33066,32764,0.0063492918973089086,True
loop-vectorize,loop-instsimplify,0.002875724337115637,2.0960529421197047,0.03608129493042436,32989,33007,0.12934178939520252,False
loop-vectorize,loop-simplifycfg,0.003676269888007566,2.688790682391323,0.007172939468106178,33117,32837,0.033241693440359515,True
loop-vectorize,loop-predication,0.0033028124906022693,2.3955857147534525,0.016596606880525562,33046,32872,0.06826923586569128,False
loop-vectorize,speculative-execution,0.0030568818800001396,2.2286427687859884,0.025841047486519154,33125,32708,0.09911218605015573,False
loop-vectorize,partially-inline-libcalls,0.0031366213968144763,2.278111075819221,0.022723134822014223,33265,32922,0.08961107347734913,False
loop-vectorize,load-store-vectorizer,0.002649001905977777,1.9423172538717197,0.05210291920266754,33087,33461,0.1704553313263543,False
loop-vectorize,iroutliner,0.009006148793181623,6.653803789048234,2.87833189272964e-11,33163,32942,4.716128741393e-10,True
loop-vectorize,global-merge,0.002443778061670676,1.7784557536131198,0.07533364476049374,32888,32973,0.22798033453021135,False
loop-vectorize,break-crit-edges,-0.007755591982554322,-5.453737011492867,4.9499157792037056e-08,33002,32814,5.238883835503165e-07,True
loop-vectorize,unreachableblockelim,0.00329486581650551,2.4082534546633663,0.016031775390107736,33172,32782,0.06636409347532969,False
slp-vectorizer,callsite-splitting,-0.002393359179477139,-1.7657587435505544,0.07744095194622228,33195,32859,0.2327388855114401,False
slp-vectorizer,dfa-jump-threading,-0.00024303512198753374,-0.17865146987400266,0.8582119300305019,32862,32637,0.9423034869523023,False
slp-vectorizer,consthoist,-0.002500721391884786,-1.8406317227274898,0.06568002895937873,33173,32891,0.2043711557019136,False
slp-vectorizer,mldst-motion,-0.0023823059841074357,-1.7607949280519026,0.07827773345577312,33267,32959,0.23453374461576704,False
slp-vectorizer,slsr,0.0014636666560133293,1.0809307074909376,0.2797318781415558,33223,32950,0.5361770609002484,False
slp-vectorizer,loop-interchange,-0.0004609727441540201,-0.33938019670865877,0.7343244155846038,32914,33060,0.8769790824731041,False
slp-vectorizer,loop-fusion,0.0004175196899999789,0.3080919621214728,0.7580133253199947,33254,33035,0.8890794679330039,False
slp-vectorizer,loop-distribute,-0.000909838735350943,-0.6730777195411319,0.5009002000301993,33206,32924,0.7376447028837965,False
slp-vectorizer,loop-load-elim,-0.001967288963707403,-1.4510942919638457,0.14675835375295854,33208,32862,0.36145013414879595,False
slp-vectorizer,loop-sink,0.0010986899610171963,0.811536694729235,0.41706045414877707,33213,32823,0.6701718253781744,False
slp-vectorizer,loop-unroll-and-jam,-0.0014711594526601868,-1.08436919776724,0.2782050984880455,33241,32748,0.5354493017083785,False
slp-vectorizer,hotcoldsplit,-0.002339096015785691,-1.720772961906177,0.08529672781515575,33025,32837,0.2500291680549059,False
slp-vectorizer,irce,-0.002150170822784403,-1.5962333750134339,0.11044144895586454,33377,33158,0.29642817965124435,False
slp-vectorizer,nary-reassociate,0.0003046910195403374,0.22408767851576072,0.8226897734295482,33211,32801,0.927907430823003,False
slp-vectorizer,scalarizer,-0.0018522194803539116,-1.3637473387057306,0.17265174778036488,33264,32788,0.3989226353395955,False
slp-vectorizer,vector-combine,-0.0014713839165078069,-1.0922643597880084,0.2747208879163606,33387,32949,0.5325059792181823,False
slp-vectorizer,always-inline,-0.0010604956828814682,-0.7882657773283114,0.4305440657023675,33382,33244,0.6824691931521351,False
slp-vectorizer,globalsplit,-0.000902603830089721,-0.6657263026213938,0.5055883816480714,33118,32974,0.7395906247791736,False
slp-vectorizer,lowerswitch,-0.003711213876737618,-2.4853494673472905,0.01294488906260025,32930,33048,0.05522024571802024,False
slp-vectorizer,early-cse-memssa,-0.0041638411137858156,-3.507862831848037,0.00045202039227297926,33434,33010,0.002920976660298658,True
slp-vectorizer,simple-loop-unswitch,-0.002306351213516633,-1.7024093088229137,0.08868337213399308,33191,32869,0.25686692697982016,False
slp-vectorizer,loop-versioning,-0.0008900304745592114,-0.657225392301849,0.5110382875125343,33029,33118,0.7424930374875874,False
slp-vectorizer,loop-flatten,0.00028330814272220506,0.2092031228834933,0.8342903200451706,33139,32891,0.9334516837991108,False
slp-vectorizer,loop-reroll,-0.0037407630310027917,-2.759803200468821,0.00578521697553312,33056,32815,0.02762793862949719,True
slp-vectorizer,loop-instsimplify,-0.002216255034261594,-1.6427420564831825,0.10044103317669766,33508,33108,0.27895538008506954,False
slp-vectorizer,loop-simplifycfg,-0.002657149585374441,-1.9794304125229782,0.04777168092265467,33405,33156,0.15948329283300572,False
slp-vectorizer,loop-predication,-0.002309798914903405,-1.7012755690907542,0.08889596334514652,33011,33000,0.25729238171440777,False
slp-vectorizer,speculative-execution,-0.0013359942730169494,-0.9960139279677285,0.31924700352522867,33502,32981,0.5801258774036173,False
slp-vectorizer,partially-inline-libcalls,-0.0008944877843976018,-0.6610888417818259,0.5085576422881054,33222,32962,0.7410396776634791,False
slp-vectorizer,load-store-vectorizer,-0.001926025178640045,-1.4304358739558578,0.1525966420802789,33293,33418,0.36886941381874827,False
slp-vectorizer,iroutliner,-6.846205567262453e-05,-0.05117502391997352,0.9591862087700171,33038,32917,0.9826051709009673,False
slp-vectorizer,global-merge,-0.0030084397899111104,-2.2267509770123817,0.025967255307359185,33376,33159,0.09943841103425989,False
slp-vectorizer,break-crit-edges,-0.009861072855235575,-7.025473849734174,2.1539369078578497e-12,33242,32884,4.347843778954298e-11,True
slp-vectorizer,unreachableblockelim,0.0033340778530245863,2.46063768065821,0.013871580786793345,33080,32814,0.05853567926840812,False
callsite-splitting,dfa-jump-threading,0.0014239301209218458,1.0471675834054108,0.2950261608549862,32717,32728,0.555607982793141,False
callsite-splitting,consthoist,0.0004894251803839178,0.3589000182162753,0.7196710391012905,32835,32878,0.8690199781438956,False
callsite-splitting,mldst-motion,0.00043320997020818153,0.3199144562736013,0.749034192226965,32930,33024,0.885213235681129,False
callsite-splitting,slsr,0.0036322931735579544,2.6858270416806294,0.007236862811923033,33148,32843,0.03341928628713514,True
callsite-splitting,loop-interchange,0.0014232633421604746,1.0468783829168922,0.29515952023716724,32603,33192,0.555607982793141,False
callsite-splitting,loop-fusion,0.001560265200995059,1.1467711495510557,0.2514803835111313,32687,33167,0.5021913216877053,False
callsite-splitting,loop-distribute,-0.0007389532447598102,-0.5461726226108231,0.5849491287342676,32899,33129,0.7879831328131368,False
callsite-splitting,loop-load-elim,0.0011344897001878684,0.8342426432275097,0.4041473074108349,32806,32712,0.6588846194091712,False
callsite-splitting,loop-sink,0.00017276796275073059,0.12707034861749103,0.8988851092212973,32564,33020,0.9570511385836324,False
callsite-splitting,loop-unroll-and-jam,5.6122274445180587e-05,0.041454624325511856,0.9669335917634978,33076,32878,0.9841303185725282,False
callsite-splitting,hotcoldsplit,0.0003020159827967217,0.22172716845537846,0.8245269674381838,32994,32786,0.9286303147793867,False
callsite-splitting,irce,7.307676479834102e-05,0.05407571015774743,0.9568750085728877,32873,32938,0.9826051709009673,False
callsite-splitting,nary-reassociate,-0.0011525146498958527,-0.8455001953476151,0.3978347065747193,32700,32943,0.6548636868207653,False
callsite-splitting,scalarizer,-0.0021736633473823375,-1.6014355844745445,0.10928528721007699,32773,32892,0.2943336896249391,False
callsite-splitting,vector-combine,0.0005277749075732752,0.38899022622197466,0.6972846354158632,32860,32931,0.8592091353960101,False
callsite-splitting,always-inline,-0.0005517076746107685,-0.4046564865147708,0.685731350359313,32752,32871,0.8534656885469829,False
callsite-splitting,globalsplit,-0.0011066448611750657,-0.8187811430444805,0.41291425623555883,32929,32894,0.6662431921790064,False
callsite-splitting,lowerswitch,-0.0017732258385831368,-1.1838102873506522,0.23649244781544007,32756,33018,0.48159356507814005,False
callsite-splitting,early-cse-memssa,-0.001618184424021618,-1.3580438039056202,0.1744544576592935,32701,32901,0.4018609742316431,False
callsite-splitting,simple-loop-unswitch,0.0006297151354029418,0.4634859188206875,0.6430176388302674,32792,33010,0.823163476188077,False
callsite-splitting,loop-versioning,-0.00030771688634662064,-0.2263609662332559,0.8209213865411285,33038,32869,0.9269201473667511,False
callsite-splitting,loop-flatten,0.00019820677980003643,0.14535751278063638,0.8844290545780881,32706,32928,0.951902394051021,False
callsite-splitting,loop-reroll,0.000800043173227516,0.5879906857292679,0.556540573095383,32495,32976,0.7704045049984745,False
callsite-splitting,loop-instsimplify,-0.004102008293071113,-3.023429288611905,0.0025002349603292884,33197,32746,0.013523370310289355,True
callsite-splitting,loop-simplifycfg,0.0012343591111178553,0.9144232427843257,0.3604978286325393,33083,33030,0.6183541060359239,False
callsite-splitting,loop-predication,-0.00035442581185185507,-0.26056117894870984,0.7944317455325121,32896,32926,0.9120477031677858,False
callsite-splitting,speculative-execution,-0.00193719198625103,-1.4345596112360113,0.15141736389248878,33067,33005,0.36795409556096437,False
callsite-splitting,partially-inline-libcalls,0.0017160723189384441,1.2663984541494668,0.20537493363532092,32885,33116,0.44705294058694645,False
callsite-splitting,load-store-vectorizer,-0.0010473779968271368,-0.77636125714709,0.43753847445659527,32999,33517,0.6901522707461124,False
callsite-splitting,iroutliner,0.0005409552045075317,0.40358235052956953,0.6865211743930021,32836,33163,0.8534656885469829,False
callsite-splitting,global-merge,0.0016523521716948486,1.222034154978879,0.22169907397922642,33060,32967,0.46567898096419014,False
callsite-splitting,break-crit-edges,-0.008619613165259665,-6.131960123176638,8.729244612691063e-10,33102,33028,1.1548554697060205e-08,True
callsite-splitting,unreachableblockelim,0.002509965550199389,1.8552891195165255,0.06355941498615032,33036,32847,0.19880085390236793,False
dfa-jump-threading,consthoist,-0.0011844382947557297,-0.8722005272067614,0.3831021670727485,32908,33048,0.6411231137849929,False
dfa-jump-threading,mldst-motion,-0.0021593643116070704,-1.5907576327342086,0.1116689622211062,32742,32695,0.2984953283671344,False
dfa-jump-threading,slsr,-0.0006621184070047526,-0.4882871692763795,0.6253480786723472,32865,32811,0.8109347820543872,False
dfa-jump-threading,loop-interchange,0.0010001341910620964,0.7376285045896721,0.46074286253351465,32620,33114,0.7070019787152207,False
dfa-jump-threading,loop-fusion,0.0015035327633642348,1.1098138349069548,0.2670833019876498,32869,33101,0.523472577869688,False
dfa-jump-threading,loop-distribute,-0.0007177236644393958,-0.5286754633147436,0.5970323838410594,32861,32959,0.7954673202179557,False
dfa-jump-threading,loop-load-elim,-0.0002506699653839206,-0.18488759638448024,0.8533177721787681,32612,32917,0.9416978357879414,False
dfa-jump-threading,loop-sink,0.0011395780874608463,0.838295574851483,0.4018677761270621,32747,32830,0.6573576488360798,False
dfa-jump-threading,loop-unroll-and-jam,-0.000424367555333649,-0.31260199137707073,0.7545840549475928,32958,32892,0.8876392788148915,False
dfa-jump-threading,hotcoldsplit,-0.0003478683734053911,-0.25590150688554353,0.7980276925874915,32651,33021,0.9140323030630643,False
dfa-jump-threading,irce,-0.0013878849836732043,-1.0239648117177251,0.30585567734679464,32745,32756,0.5668390120634396,False
dfa-jump-threading,nary-reassociate,-0.0024790843419722486,-1.8199856117528888,0.06876574778617109,32823,32827,0.21186992000837607,False
dfa-jump-threading,scalarizer,-0.0016182477260866523,-1.1948343367510499,0.23215606551667423,32812,33037,0.4772898454114945,False
dfa-jump-threading,vector-combine,-0.0016348583172932085,-1.2029176853798196,0.22901250866569273,33016,32724,0.47381326191010775,False
dfa-jump-threading,always-inline,-0.0008866183211768686,-0.6549564243535946,0.5124981043910903,33014,32672,0.7426905504161636,False
dfa-jump-threading,globalsplit,0.0016805618682741441,1.2496222604827216,0.21144201159693382,32725,33093,0.45469902109477917,False
dfa-jump-threading,lowerswitch,0.0015637765731311148,1.0449301826472324,0.2960590939903105,32917,32627,0.5563183359242111,False
dfa-jump-threading,early-cse-memssa,-0.003100145302808166,-2.6077254321320886,0.009116665639044124,32804,32852,0.04080098587713919,True
dfa-jump-threading,simple-loop-unswitch,-0.0017631324376115032,-1.3013739647944635,0.19313503927877843,32861,32913,0.42948143885048057,False
dfa-jump-threading,loop-versioning,-0.003944155667003457,-2.9092451151560117,0.003624234854074007,33060,32982,0.01845579153257973,True
dfa-jump-threading,loop-flatten,0.00025526608635279,0.18725690298077927,0.8514597906231977,32787,32834,0.9416978357879414,False
dfa-jump-threading,loop-reroll,-0.0010810582833769011,-0.7946299236353802,0.426831690599481,32455,32936,0.6805671418516155,False
dfa-jump-threading,loop-instsimplify,9.721591218980752e-05,0.07203167316927946,0.9425769203657176,32999,32910,0.9759733527636568,False
dfa-jump-threading,loop-simplifycfg,-0.003339072744250715,-2.473964611975902,0.013364794872254,32808,33047,0.056764139609269695,False
dfa-jump-threading,loop-predication,-0.0020292873527381627,-1.4924811396642406,0.135577870414837,32710,32845,0.34275205974467504,False
dfa-jump-threading,speculative-execution,0.0018675743196097105,1.3832655854194589,0.16658813048647955,32838,33091,0.3897301645539355,False
dfa-jump-threading,partially-inline-libcalls,0.0011351007536331004,0.8364888738081778,0.4028829867645575,32578,32888,0.6581200651976519,False
dfa-jump-threading,load-store-vectorizer,-7.1291048964639e-05,-0.05293727613490969,0.9577820433151896,33028,33331,0.9826051709009673,False
dfa-jump-threading,iroutliner,0.001800375331152293,1.3469606586340344,0.17799753051205416,33121,32858,0.40786327061743954,False
dfa-jump-threading,global-merge,-0.003214050513794253,-2.374585282397234,0.017571530455322282,32682,33081,0.07190189473672107,False
dfa-jump-threading,break-crit-edges,-0.01099480698539168,-7.837898019853858,4.649939782176976e-15,32655,33005,1.5431495073733083e-13,True
dfa-jump-threading,unreachableblockelim,-0.003024997502104776,-2.2160882786887615,0.026688895109598744,32702,32524,0.10176603042764235,False
consthoist,mldst-motion,-0.0010571334684642553,-0.7743777646922485,0.43871020470479377,32965,32994,0.690510113192915,False
consthoist,slsr,0.0029904330979012017,2.206845013737074,0.02732831848823738,32830,33178,0.10381130950509643,False
consthoist,loop-interchange,0.001167954867072385,0.8586636742432735,0.3905292222393903,32965,32905,0.6489793052340082,False
consthoist,loop-fusion,0.0013406961947508012,0.9845490261085078,0.32484925193300174,33165,32762,0.5843406846897725,False
consthoist,loop-distribute,0.0005640133565750771,0.41606456291181193,0.6773641162781455,33142,32708,0.8480044371308241,False
consthoist,loop-load-elim,0.0005936230720134938,0.4368244713182224,0.6622400837430138,32970,32835,0.8381810497536012,False
consthoist,loop-sink,0.0018174736603115416,1.3286045840164815,0.18398307529403848,32873,32805,0.4154040546671117,False
consthoist,loop-unroll-and-jam,-0.0007840921784388333,-0.5743007998785632,0.565766230098142,33007,32837,0.7760212108806739,False
consthoist,hotcoldsplit,0.0016592405269902355,1.2209637209729693,0.22210412651751948,33051,32829,0.46610919584276866,False
consthoist,irce,-0.0019875471680222967,-1.4596654285019257,0.1443868332480927,32951,32692,0.357653185156169,False
consthoist,nary-reassociate,-0.0008227359075461127,-0.6009839344976531,0.5478527697875849,32504,32911,0.7652891232613803,False
consthoist,scalarizer,-0.0008200813515724104,-0.6008001804248755,0.5479751536325104,33082,32719,0.7652891232613803,False
consthoist,vector-combine,0.001008684458141229,0.7380530622910633,0.46048484644505705,32812,32760,0.7070019787152207,False
consthoist,always-inline,0.001402875676259907,1.0283153066052317,0.30380531739252237,33025,32710,0.5640683220997684,False
consthoist,globalsplit,-0.000318342305464403,-0.23510619691221166,0.814127038720256,32892,33090,0.9230230120522648,False
consthoist,lowerswitch,0.002264637418837645,1.5085247954490217,0.13142507262296832,32929,32793,0.3359403292373002,False
consthoist,early-cse-memssa,-0.0003826745253390773,-0.3192260433454831,0.7495561287279131,32721,32715,0.885213235681129,False
consthoist,simple-loop-unswitch,-0.0007556677961838565,-0.5543718656106233,0.5793262651834375,32962,32679,0.7850707284103509,False
consthoist,loop-versioning,0.0012596188262083974,0.9248418648704974,0.35505155481819345,32867,33083,0.6135842403654217,False
consthoist,loop-flatten,0.0026846599158351636,1.974639174283734,0.048313275531809634,33083,32868,0.161016839985163,False
consthoist,loop-reroll,0.0008408095991811471,0.6189368191255751,0.5359601294716804,33060,32607,0.7579703383933191,False
consthoist,loop-instsimplify,-6.730400820087468e-05,-0.0494635437333342,0.9605500398042448,33116,32633,0.9826051709009673,False
consthoist,loop-simplifycfg,-0.00040569247881866444,-0.3007054489900628,0.76364005819717,33102,33066,0.8931750301467987,False
consthoist,loop-predication,0.0008539174333566102,0.6271253823618531,0.530579222112844,33073,32863,0.7530309301955677,False
consthoist,speculative-execution,-0.0003701192927608177,-0.2732451213960493,0.7846656514402423,33374,32714,0.906825384580735,False
consthoist,partially-inline-libcalls,8.91186186074977e-06,0.0065508171667765114,0.994773261244111,33023,33185,0.9974869892641777,False
consthoist,load-store-vectorizer,0.0006808329059617146,0.5031576326294933,0.6148551225329898,32928,33317,0.8050059043260409,False
consthoist,iroutliner,-0.0002938494456415919,-0.2178654483589613,0.8275346268432775,32908,32647,0.930814866073308,False
consthoist,global-merge,0.0013667296537959728,1.0064642621751718,0.3141960000109009,32826,32904,0.5752313457070668,False
consthoist,break-crit-edges,-0.009742693348970377,-6.908352689776662,4.9475030407932086e-12,33029,32784,9.314625917185675e-11,True
consthoist,unreachableblockelim,0.0002704709067701816,0.19782153408359887,0.8431853097865986,32813,32849,0.9373202602063361,False
mldst-motion,slsr,0.0035274018258767414,2.607828228048593,0.00911390869487686,33204,33092,0.04080098587713919,True
mldst-motion,loop-interchange,0.0011901980777355159,0.8713247930369382,0.38358001756973564,32941,32829,0.641448890552731,False
mldst-motion,loop-fusion,-0.0005163186952570897,-0.3814670871139596,0.702857910754606,33007,33348,0.8608302068771877,False
mldst-motion,loop-distribute,0.0017634465068173122,1.299017323124373,0.19394253010524212,33012,32891,0.4300892158501,False
mldst-motion,loop-load-elim,0.0016396929513593506,1.2084554266413856,0.22687647723947463,32935,32815,0.47157552275466175,False
mldst-motion,loop-sink,0.00048456388736078937,0.35675310698835816,0.7212777863341381,33027,32892,0.8704233624913665,False
mldst-motion,loop-unroll-and-jam,-2.9298230702634598e-06,-0.002154433092608467,0.9982810189578338,33048,32768,0.9990463762430047,False
mldst-motion,hotcoldsplit,0.0010123154220292307,0.7476166345422068,0.4546940880614168,33040,33060,0.7035093041677235,False
mldst-motion,irce,0.001462524421623257,1.080503411234211,0.2799220122962869,33127,32958,0.5361770609002484,False
mldst-motion,nary-reassociate,-0.0005241550830036301,-0.3862619523135374,0.6993039231000236,33067,32825,0.8602288071786841,False
mldst-motion,scalarizer,-0.0017123423514183722,-1.2583449492639762,0.20827147891081166,33314,32752,0.4503540096160897,False
mldst-motion,vector-combine,-0.00011376915344807337,-0.08381365985389837,0.9332048403840058,33102,33175,0.972957975224645,False
mldst-motion,always-inline,0.0003332633941464658,0.2444706353684473,0.8068671042095921,32888,32897,0.9193167239117725,False
mldst-motion,globalsplit,0.002262497917796369,1.6710331111263599,0.0947198646274226,33060,33142,0.2680394244954154,False
mldst-motion,lowerswitch,0.0011107213622073009,0.7421172665392676,0.45801893420257483,33016,32891,0.706142577298143,False
mldst-motion,early-cse-memssa,-0.0022180222884949363,-1.8530936218029934,0.06387339939621833,33090,32961,0.19962348925426257,False
mldst-motion,simple-loop-unswitch,-0.0019598458920841444,-1.445301216847484,0.1483780536294518,32873,33000,0.36338240025824464,False
mldst-motion,loop-versioning,-0.0014015632873778938,-1.031944160757368,0.3021020460820454,33086,33128,0.5627269523782926,False
mldst-motion,loop-flatten,0.001293176286081943,0.9496529974551233,0.3422920871312631,32882,32933,0.6021634380979454,False
mldst-motion,loop-reroll,-0.0006403598834889279,-0.4746042181078222,0.6350706717626211,33140,32766,0.8167596210512168,False
mldst-motion,loop-instsimplify,-0.0010019372540986393,-0.7397957935465707,0.459426529488756,33258,33095,0.7070019787152207,False
mldst-motion,loop-simplifycfg,-0.00038042885221029055,-0.282903879945917,0.7772514009159679,33285,33211,0.9029120397469387,False
mldst-motion,loop-predication,-0.0021259132462205232,-1.566308303749156,0.11728125347645847,32991,32998,0.3103605671274506,False
mldst-motion,speculative-execution,-0.0014821128051963894,-1.0969824834658837,0.27265303051397227,33119,33236,0.5309344940291971,False
mldst-motion,partially-inline-libcalls,-0.0002643106887663671,-0.19515421486995627,0.8452728208049793,33022,33093,0.9382336639093818,False
mldst-motion,load-store-vectorizer,0.000993428678903563,0.7359694193835412,0.46175190657364823,33086,33361,0.7071648283701237,False
mldst-motion,iroutliner,0.004277091187025905,3.175873083340412,0.0014945519777215465,32708,33097,0.008606902939076256,True
mldst-motion,global-merge,-0.0008559207051961892,-0.6312162716609739,0.5279013115460515,32857,33105,0.7520049239775692,False
mldst-motion,break-crit-edges,-0.008723522568473863,-6.202260146783387,5.598601700556506e-10,32868,33340,7.612543145617806e-09,True
mldst-motion,unreachableblockelim,-0.0008205447057790805,-0.6056924978458887,0.5447210513834881,32852,33096,0.7631941456950767,False
slsr,loop-interchange,-0.0021217774224988606,-1.5625909413745935,0.11815362825919122,32876,33232,0.311995689995275,False
slsr,loop-fusion,0.001438583615609279,1.062564964145704,0.2879831794745727,32886,32973,0.5466515418431539,False
slsr,loop-distribute,-0.003563253429722524,-2.6454101420230054,0.008161128661626773,33113,32878,0.037032421597833654,True
slsr,loop-load-elim,-0.0008711412412086839,-0.6414057125403827,0.5212613587920529,32894,32842,0.7468933337100913,False
slsr,loop-sink,-0.0008622615886770268,-0.6362949551460286,0.5245864062510583,32848,32941,0.7486444485711168,False
slsr,loop-unroll-and-jam,-0.00020637608449641798,-0.15262420249470696,0.8786951039102352,33219,32856,0.9504972655503088,False
slsr,hotcoldsplit,-0.0016014495537174378,-1.1802009525453083,0.23792456584689411,32936,32884,0.48325342316205255,False
slsr,irce,-0.00027004517119999516,-0.19965404567344683,0.8417517728816238,33008,32834,0.9372476379313162,False
slsr,nary-reassociate,-0.0013590715214873428,-1.0039448592146103,0.3154088612145416,33270,32947,0.5763823087010168,False
slsr,scalarizer,-0.0016112109479918257,-1.1907933227355794,0.2337389979891848,32988,33257,0.47862344539526314,False
slsr,vector-combine,-0.00204761680651111,-1.515553617787939,0.12963703609302968,33049,33177,0.3322706917355234,False
slsr,always-inline,0.00016474784927972275,0.1223144784801657,0.9026503375814487,33298,32855,0.9572839124846,False
slsr,globalsplit,-0.00014697920451339774,-0.10806735122551431,0.9139425948197838,32794,33227,0.9602895630035614,False
slsr,lowerswitch,-0.0016620278264316002,-1.1135931740719172,0.26545781674424707,33100,32823,0.5205472260242722,False
slsr,early-cse-memssa,-0.004779465175569209,-3.999448916252976,6.355946916578232e-05,32849,32939,0.00047681778017855087,True
slsr,simple-loop-unswitch,-0.000271081446888255,-0.20043852027472972,0.84113825306422,32952,33093,0.937065032756928,False
slsr,loop-versioning,-0.0010765387556493367,-0.7936600362980509,0.42739622120263127,33001,33101,0.6808594312153824,False
slsr,loop-flatten,-0.0020703799454729332,-1.5268859429585404,0.12679417759408695,32886,32979,0.32738804264607557,False
slsr,loop-reroll,-0.0019844259690316446,-1.4693540612479374,0.14174154605685338,33050,32965,0.3534606181956814,False
slsr,loop-instsimplify,-0.0021748604345115385,-1.6080092822094063,0.10783789401810014,33423,33078,0.29285242231267694,False
slsr,loop-simplifycfg,-0.00410045868498049,-3.0582514281104562,0.00222721061293459,33326,33238,0.012215446303178792,True
slsr,loop-predication,-0.0021284093725237874,-1.573594966590842,0.11558590364726143,33071,33040,0.30687077876791574,False
slsr,speculative-execution,-0.0019458859724292843,-1.4479988707744473,0.1476221005843117,33072,33153,0.3628927469480004,False
slsr,partially-inline-libcalls,-0.00021042490881739706,-0.15520675764090483,0.8766587950114068,33172,32928,0.9496530681230065,False
slsr,load-store-vectorizer,-0.002762043404781034,-2.0515098233968634,0.04022124221151966,33121,33208,0.14050524933123193,False
slsr,iroutliner,-0.0017068473138392992,-1.2683757458536082,0.20466828983684376,32757,33006,0.4460105859772288,False
slsr,global-merge,-0.002109501644104228,-1.564248880477379,0.11776392910483836,33068,32901,0.3111764820341073,False
slsr,break-crit-edges,-0.00946779053485547,-6.747066549124341,1.5210073446964264e-11,33067,33133,2.635515381341241e-10,True
slsr,unreachableblockelim,-0.0013653122466046885,-1.009961443963427,0.31251745229277966,33234,33000,0.5739780304423976,False
loop-interchange,loop-fusion,0.0005926250935862076,0.4364875172095675,0.662484479210256,33180,32946,0.8382194573787923,False
loop-interchange,loop-distribute,-0.0014597703047152244,-1.0802445042236246,0.28003726875931234,33145,32779,0.5361770609002484,False
loop-interchange,loop-load-elim,-0.0003371903682365951,-0.2479214645283367,0.8041959471449188,32760,32915,0.9181432446120997,False
loop-interchange,loop-sink,0.00038127987412506226,0.2795211158808391,0.7798458127414336,33091,32806,0.904048609442112,False
loop-interchange,loop-unroll-and-jam,-0.0003219587420973946,-0.23609226192500937,0.8133618124016888,33006,32865,0.9226094053976854,False
loop-interchange,hotcoldsplit,-0.0006141742411990281,-0.44912513233840257,0.6533428735147173,32923,32759,0.8309485848274222,False
loop-interchange,irce,-8.458733013289033e-05,-0.062469814609180975,0.9501888888393242,32771,33173,0.980484766454491,False
loop-interchange,nary-reassociate,-0.002094510343667144,-1.5345775594479876,0.12489242899932436,33102,32815,0.3249692704062154,False
loop-interchange,scalarizer,-0.0020205424460176258,-1.4781260431909384,0.1393788419705579,33000,32652,0.34965249529577497,False
loop-interchange,vector-combine,-0.00027996941571678535,-0.20623593862705072,0.8366072563410842,32875,32732,0.9349754611391797,False
loop-interchange,always-inline,0.0012237417358794689,0.8982915470465445,0.3690334260178584,33163,32644,0.6271713222876261,False
loop-interchange,globalsplit,-0.00022938042436615458,-0.16854821149506763,0.8661525357677775,32915,33031,0.9458598243353644,False
loop-interchange,lowerswitch,-0.00027542728590407295,-0.18350084407165604,0.854405620672767,32883,33069,0.9416978357879414,False
loop-interchange,early-cse-memssa,-0.0009988999286735245,-0.834875069103294,0.40379107628820177,33077,32922,0.6588193552200999,False
loop-interchange,simple-loop-unswitch,-0.0009669999818627817,-0.7106193459948379,0.47732266159075565,33027,32999,0.7197792358340398,False
loop-interchange,loop-versioning,-0.0005252023350561519,-0.3865667213272054,0.6990782479161125,33321,32594,0.8602288071786841,False
loop-interchange,loop-flatten,0.0007010338422212548,0.515824858008085,0.6059784615294498,33153,33086,0.800071360535848,False
loop-interchange,loop-reroll,-0.001129749151233761,-0.8323482997493895,0.4052153869684661,33298,32729,0.6594209903507889,False
loop-interchange,loop-instsimplify,0.00024068095934887124,0.17728492491193193,0.859285135859748,33040,32920,0.9424658433692947,False
loop-interchange,loop-simplifycfg,-7.263323912132247e-05,-0.054041349961709124,0.9569023827160067,33332,32962,0.9826051709009673,False
loop-interchange,loop-predication,-0.0008051773825674124,-0.5906728644769511,0.5547416561270693,33085,32897,0.7696026752232907,False
loop-interchange,speculative-execution,-0.0007390463986078344,-0.5462982979256594,0.5848627533257974,33009,32974,0.7879831328131368,False
loop-interchange,partially-inline-libcalls,-0.0014045485066554453,-1.033680643642408,0.30128927123820176,33144,32880,0.5623683442177303,False
loop-interchange,load-store-vectorizer,0.000592084766757428,0.43719359399491947,0.6619723784168134,33040,33295,0.8381131050372589,False
loop-interchange,iroutliner,0.0026412738067041475,1.9521583106376252,0.050923660676116846,33025,32578,0.16757735731737275,False
loop-interchange,global-merge,-0.0007568592961270104,-0.5583080955335725,0.5766359143344749,33306,32663,0.7824345947795578,False
loop-interchange,break-crit-edges,-0.008921033171428061,-6.322371205038218,2.5922113362078743e-10,32993,32981,3.67793463499639e-09,True
loop-interchange,unreachableblockelim,-2.6143048259208435e-05,-0.01921869267492671,0.9846667040237796,32940,32870,0.9935467181028398,False
loop-fusion,loop-distribute,-0.0012761306188442956,-0.9452538986644183,0.34453271445916855,33237,33048,0.6046076281972618,False
loop-fusion,loop-load-elim,0.0003615049542771698,0.2665670492148936,0.7898033597275351,33159,32989,0.9094001636851008,False
loop-fusion,loop-sink,-0.0008677860672203219,-0.6400790208368681,0.522123444529097,33189,32955,0.7470352242513495,False
loop-fusion,loop-unroll-and-jam,-0.0008553196120857365,-0.6295886845742376,0.5289659098744601,32958,32991,0.7524002052270239,False
loop-fusion,hotcoldsplit,-5.021671587063237e-05,-0.037054983703107815,0.9704412771695969,33033,33009,0.9852859842873066,False
loop-fusion,irce,-0.0026154366402562634,-1.9313173484173565,0.05344807842639218,33424,32865,0.17398393609123175,False
loop-fusion,nary-reassociate,0.0008262488460123452,0.607581683162117,0.5434670394194149,33170,32947,0.7628017657227343,False
loop-fusion,scalarizer,-0.002077228173618162,-1.530258088706994,0.12595763719047948,33163,33028,0.3262236158980937,False
loop-fusion,vector-combine,0.001726958956350444,1.2688790452496221,0.20448868663413702,33082,32863,0.4458673145096217,False
loop-fusion,always-inline,-0.00028375487814474853,-0.2093854502502277,0.8341479944135766,33057,33140,0.9334516837991108,False
loop-fusion,globalsplit,-0.0010700864450382541,-0.7915066628821388,0.4286512405596948,32716,33140,0.6815258863303958,False
loop-fusion,lowerswitch,-0.002148195031944966,-1.4321733526754294,0.1520989569750508,33089,32856,0.3683484944429801,False
loop-fusion,early-cse-memssa,-0.0028247040069856455,-2.3731801908859835,0.017638513418452056,33259,32693,0.07210064566457021,False
loop-fusion,simple-loop-unswitch,-0.0013531927632573493,-1.0039203853869094,0.3154206556553317,33267,33004,0.5763823087010168,False
loop-fusion,loop-versioning,-0.003219236637705458,-2.3757429326922512,0.01751649376082741,33028,33056,0.071751662727406,False
loop-fusion,loop-flatten,-0.0002953558731282335,-0.21702600364866168,0.8281887489354491,33081,33098,0.930814866073308,False
loop-fusion,loop-reroll,5.51697749090474e-05,0.040766148434324204,0.967482449840486,33299,32740,0.9843235317161193,False
loop-fusion,loop-instsimplify,-0.002731831738603585,-2.0144527433967747,0.04396605736368482,33123,33088,0.14958391019651587,False
loop-fusion,loop-simplifycfg,-0.002773384126258327,-2.0582679201045506,0.03956829789938108,33245,33460,0.13859521876026504,False
loop-fusion,loop-predication,-0.001419525594714921,-1.041954086555862,0.29743677179012445,32947,33247,0.5575693625323731,False
loop-fusion,speculative-execution,-0.0002850205120364935,-0.21167754041892803,0.8323592622390543,32836,33443,0.9322686811934108,False
loop-fusion,partially-inline-libcalls,-0.0006164126856252339,-0.45483945258097797,0.6492262329218292,33259,33107,0.8275943776438422,False
loop-fusion,load-store-vectorizer,-0.001963055692470461,-1.4596364775891653,0.14439471035033277,33601,33246,0.357653185156169,False
loop-fusion,iroutliner,0.00020184334759193456,0.1503129491330071,0.8805181766932377,33000,32977,0.950940204062526,False
loop-fusion,global-merge,-0.0011938355270820766,-0.8818731260882872,0.3778486205183899,33305,32962,0.6355907207689067,False
loop-fusion,break-crit-edges,-0.008947138840406654,-6.358838061767463,2.0461113541140838e-10,33119,32824,2.9676192824854637e-09,True
loop-fusion,unreachableblockelim,-0.0007101632813337755,-0.5232135010334588,0.6008274481234626,33094,32770,0.7973045799174845,False
loop-distribute,loop-load-elim,-0.001354012661646975,-1.0018615813392586,0.31641412824892806,32879,33030,0.576545004938995,False
loop-distribute,loop-sink,-0.0005674994096347974,-0.4175377890249985,0.6762864589233993,32645,32860,0.8474680874060903,False
loop-distribute,loop-unroll-and-jam,-0.001673621369715217,-1.2338688091118095,0.21725618703591298,33191,32825,0.4598785018554785,False
loop-distribute,hotcoldsplit,0.0019485556995533782,1.4373887392707585,0.1506123135180687,33145,32774,0.36678968889101804,False
loop-distribute,irce,0.00019525870776804233,0.14457753583488522,0.8850448734018477,33366,33068,0.951902394051021,False
loop-distribute,nary-reassociate,5.050831545061474e-05,0.03733701023406157,0.970216409211819,32916,33016,0.9852859842873066,False
loop-distribute,scalarizer,-0.0013773669101122543,-1.014486842989277,0.31035422054565864,33165,32886,0.571471871555252,False
loop-distribute,vector-combine,-0.0005212871314141942,-0.3842288182090193,0.7008100983616269,33023,32993,0.8607093345946918,False
loop-distribute,always-inline,-0.0008346264737383868,-0.6168878512691677,0.5373108351675647,32855,32940,0.7586660749887602,False
loop-distribute,globalsplit,-0.0017046509085225092,-1.260424103663455,0.20752085599758596,32861,33335,0.4494754823487537,False
loop-distribute,lowerswitch,0.00018077070870403666,0.12168942078298847,0.9031453621688417,32745,33313,0.9572839124846,False
loop-distribute,early-cse-memssa,-0.003292114993314943,-2.777199889182442,0.005484488751553142,32914,33194,0.026417291452745514,True
loop-distribute,simple-loop-unswitch,-0.0023419338178902738,-1.7347989660549965,0.08278107612738006,33157,33011,0.24484191398400326,False
loop-distribute,loop-versioning,-0.0010981543946816386,-0.8156445540935914,0.4147063741091459,33381,33270,0.6675027998377489,False
loop-distribute,loop-flatten,-0.0003228883947483663,-0.2384634351877692,0.8115224088296038,33226,33082,0.921888124076783,False
loop-distribute,loop-reroll,-0.0018667372456290798,-1.3763775379426433,0.16870944867872592,32931,33072,0.3935293903497604,False
loop-distribute,loop-instsimplify,-0.0005016662399263683,-0.3708616668598432,0.7107417529038186,33020,33271,0.8657121942057088,False
loop-distribute,loop-simplifycfg,0.0001744896637823068,0.12955903368171875,0.896915709224567,33257,33077,0.9563889291856672,False
loop-distribute,loop-predication,-0.0029290850856411588,-2.165456403866314,0.03035631073018228,33052,33147,0.1116200120369895,False
loop-distribute,speculative-execution,-0.0005010483775905739,-0.3716722728187751,0.7101380608702614,32925,33302,0.8652460007367592,False
loop-distribute,partially-inline-libcalls,-0.0004977644673448967,-0.3687866464258569,0.7122879378439951,32861,33372,0.8659913224667302,False
loop-distribute,load-store-vectorizer,-0.003059271147774212,-2.2755494478234835,0.022876165069647864,32894,33451,0.0900579447677193,False
loop-distribute,iroutliner,0.0016732393148010671,1.2517980457085502,0.21064789487343577,32935,33136,0.4537388098593919,False
loop-distribute,global-merge,-0.001322910881265127,-0.9803081017164303,0.32693764172888895,32949,33233,0.5856760315692264,False
loop-distribute,break-crit-edges,-0.00749697272319888,-5.357598070680244,8.46162647663259e-08,33081,33167,8.697041806428667e-07,True
loop-distribute,unreachableblockelim,0.0005142453021141913,0.38054350693311345,0.7035432318725879,32943,33073,0.8609610300040795,False
loop-load-elim,loop-sink,-0.0016905824449132134,-1.2458877600596707,0.21281004743161075,33000,32702,0.456888237797252,False
loop-load-elim,loop-unroll-and-jam,-0.002388672043940221,-1.764143433685142,0.07771246278213494,33233,32735,0.23337577013408006,False
loop-load-elim,hotcoldsplit,-0.0001428997064060744,-0.1053682018937573,0.9160839679297653,32842,32968,0.9620232819557418,False
loop-load-elim,irce,-0.0005386065936248685,-0.395587294607295,0.6924107915094432,32869,33072,0.8580388752214473,False
loop-load-elim,nary-reassociate,-0.0021100833596999213,-1.540899818879006,0.12334600302262667,32505,32967,0.32266061979733207,False
loop-load-elim,scalarizer,0.0009620629143389237,0.7027111354770771,0.48223827171915595,33287,32565,0.7232650601502163,False
loop-load-elim,vector-combine,0.0005128921449417123,0.3761601276154044,0.7067990718606509,32890,32732,0.8633266267642886,False
loop-load-elim,always-inline,0.000951835764926523,0.6980814436487469,0.48512873934556866,32864,32677,0.7259938874998381,False
loop-load-elim,globalsplit,0.0004800385664451845,0.3532656275248022,0.723890446966337,32633,32976,0.8719308165004271,False
loop-load-elim,lowerswitch,-0.0015639311884500517,-1.043894335634481,0.2965381083601409,32954,32951,0.5566857376471227,False
loop-load-elim,early-cse-memssa,-0.00397388731085957,-3.3300078041337184,0.0008689126327235668,32909,32894,0.0052918536076912714,True
loop-load-elim,simple-loop-unswitch,-0.0036046748340592405,-2.6557259368003847,0.007915695285761434,32750,33126,0.03612804515039834,True
loop-load-elim,loop-versioning,0.0006949464837698871,0.5111836009469951,0.6092242163641031,32698,33089,0.8023557014808871,False
loop-load-elim,loop-flatten,-0.0011567625310760499,-0.8449313465279567,0.398152250820467,32689,32971,0.6551110143751886,False
loop-load-elim,loop-reroll,-0.0006626906747919104,-0.48612413624322437,0.6268807786479235,32585,33039,0.8109894711546972,False
loop-load-elim,loop-instsimplify,0.0001498968126880662,0.11086481803968169,0.9117238826705246,32869,32969,0.9600249656603715,False
loop-load-elim,loop-simplifycfg,-0.0010480343691872673,-0.7712877228093352,0.44053917718527674,32890,32918,0.6922277596747641,False
loop-load-elim,loop-predication,0.0009734244603880615,0.7099052341506665,0.4777654363228254,32669,32715,0.7197792358340398,False
loop-load-elim,speculative-execution,0.0013975072744524808,1.0317353430069136,0.30219989296515565,32928,33141,0.5627269523782926,False
loop-load-elim,partially-inline-libcalls,-0.0017080353535616766,-1.2594056487530851,0.2078883118931305,32949,32936,0.44977382838314867,False
loop-load-elim,load-store-vectorizer,0.0007856792633878507,0.579563560125891,0.5622109513352571,32870,33116,0.7752176357143897,False
loop-load-elim,iroutliner,0.000917036295470075,0.6800331580115206,0.4964858728511925,32995,32427,0.7347840809090211,False
loop-load-elim,global-merge,0.0002498157337919582,0.18436471152332737,0.8537279205984354,32764,32916,0.9416978357879414,False
loop-load-elim,break-crit-edges,-0.011828311644608458,-8.416301279609161,3.9625855446232585e-17,32651,33053,1.8043587200865907e-15,True
loop-load-elim,unreachableblockelim,-0.0004917396751179526,-0.3636431419537409,0.7161256721343847,32841,33117,0.8680997794575768,False
loop-sink,loop-unroll-and-jam,-0.0026283778324732165,-1.9394184202729288,0.05245467459236354,32905,32955,0.1713510003547514,False
loop-sink,hotcoldsplit,0.0008120088230805234,0.5977978107583494,0.5499769128935241,33044,32667,0.7669905950466669,False
loop-sink,irce,0.00024347145568892614,0.1798998917780504,0.8572317124011134,32957,33053,0.9423034869523023,False
loop-sink,nary-reassociate,-0.00045715075516139514,-0.334365090495024,0.738105146395911,32665,33023,0.8783566001382519,False
loop-sink,scalarizer,-0.0023347274529365025,-1.7174639722094602,0.0858991236047156,33018,32973,0.2510305731612435,False
loop-sink,vector-combine,0.0002698015877520832,0.19822787806907466,0.8428673906574976,32990,32659,0.9373202602063361,False
loop-sink,always-inline,0.0011699366400699795,0.8585101633638526,0.39061394852823217,33046,32759,0.6489793052340082,False
loop-sink,globalsplit,0.0017242252201686847,1.276976618157581,0.20161498120359303,33140,33064,0.4414860591352406,False
loop-sink,lowerswitch,0.0007931866906181195,0.5308876749981422,0.5954984081207696,32962,32956,0.7948097362648037,False
loop-sink,early-cse-memssa,-0.002576484601343354,-2.1542401134086506,0.031224976820795516,32641,32955,0.11438448010311995,False
loop-sink,simple-loop-unswitch,-0.0019871908996434984,-1.4634695304348044,0.1433437301199302,32871,32827,0.35572499819369247,False
loop-sink,loop-versioning,-0.002090979460598663,-1.5342253037879872,0.12497902745889503,33043,32966,0.3249786663539395,False
loop-sink,loop-flatten,-0.0033498156855095162,-2.452800653274603,0.014177466675205143,32790,32927,0.05976206620032653,False
loop-sink,loop-reroll,6.088428549061442e-05,0.04482305323092364,0.9642484856329774,32829,33031,0.9833325702444634,False
loop-sink,loop-instsimplify,-0.0007098405006493724,-0.5224806928944009,0.601337447676826,32855,32842,0.7974390264485102,False
loop-sink,loop-simplifycfg,-0.0001632465715739606,-0.12107535322363612,0.9036317185722156,33068,33090,0.9574193208681808,False
loop-sink,loop-predication,-0.0019315148289710815,-1.4214440242355348,0.1551924321835994,32984,33136,0.3730715558201199,False
loop-sink,speculative-execution,-0.0009086394692312538,-0.6693487699879167,0.5032753616028364,33040,33045,0.7389674975765681,False
loop-sink,partially-inline-libcalls,-0.0007993969453602978,-0.5892567297443985,0.5556910901219467,32880,32910,0.7699641307215158,False
loop-sink,load-store-vectorizer,0.0012822284785145022,0.9516511707999182,0.3412773908318174,33212,33077,0.600918283497031,False
loop-sink,iroutliner,0.0012257852383832923,0.9067618535864419,0.36453608285977124,32937,32562,0.6217435977695401,False
loop-sink,global-merge,-0.0032929679059118255,-2.434769933422007,0.014903891525248578,33091,32923,0.06202299597542341,False
loop-sink,break-crit-edges,-0.00908344971982028,-6.427241724419867,1.3082655244539212e-10,32812,32941,1.933270865570398e-09,True
loop-sink,unreachableblockelim,-0.00020992504881173213,-0.15443526117461337,0.8772670265908286,32896,32881,0.9497864739092299,False
loop-unroll-and-jam,hotcoldsplit,0.0007069586205332157,0.5206538178528708,0.6026096973798697,32926,33097,0.7980670907868355,False
loop-unroll-and-jam,irce,0.0012229911039214891,0.9018086631623409,0.36716181030450246,32990,32964,0.6245897693972335,False
loop-unroll-and-jam,nary-reassociate,0.0017836696098286753,1.3143015134623361,0.18874931757633373,33032,33089,0.4234510146619569,False
loop-unroll-and-jam,scalarizer,0.001531615709016998,1.1297553852098468,0.2585834185327056,33121,32885,0.5129750085988223,False
loop-unroll-and-jam,vector-combine,-0.0002905005124673177,-0.2139019911881699,0.830624148645533,32824,33149,0.9319159765082807,False
loop-unroll-and-jam,always-inline,0.002051266278446928,1.5023690662053952,0.1330066141218039,32869,33008,0.3382918499596516,False
loop-unroll-and-jam,globalsplit,0.0005582399094957169,0.41076251857945856,0.6812480181587628,32792,32952,0.8507410319311576,False
loop-unroll-and-jam,lowerswitch,0.0005926962860021145,0.39698031121604305,0.6913832623690855,32870,33180,0.8576043254473674,False
loop-unroll-and-jam,early-cse-memssa,-0.0033308046420598147,-2.7901682252052575,0.005269578680342597,32898,33035,0.025476135941014333,True
loop-unroll-and-jam,simple-loop-unswitch,0.0008892254719538584,0.6554222773205903,0.5121981933646844,33031,33080,0.7426905504161636,False
loop-unroll-and-jam,loop-versioning,-0.00037140111753786176,-0.2724806078733147,0.7852533528431338,33012,32962,0.9070950235202689,False
loop-unroll-and-jam,loop-flatten,0.0008779042393455838,0.6464983848676507,0.5179588886189502,32840,33228,0.7448868923363235,False
loop-unroll-and-jam,loop-reroll,0.0008336532404488728,0.613746089832851,0.5393852522891256,32939,32742,0.760069322765101,False
loop-unroll-and-jam,loop-instsimplify,-0.0009618799763870811,-0.7099961912923081,0.47770899753380075,32962,33285,0.7197792358340398,False
loop-unroll-and-jam,loop-simplifycfg,0.0006481493718071274,0.48128227512712485,0.6303174779214007,33188,33250,0.813822368460338,False
loop-unroll-and-jam,loop-predication,0.00043257361193815846,0.31729715367860944,0.7510191446413701,32966,32783,0.8854719452661751,False
loop-unroll-and-jam,speculative-execution,0.0008755074137498653,0.6478682075406355,0.5170724481733857,32830,33216,0.7444322452378598,False
loop-unroll-and-jam,partially-inline-libcalls,0.0012569292364524864,0.9254139591778219,0.3547540108659682,32865,33004,0.6135842403654217,False
loop-unroll-and-jam,load-store-vectorizer,-0.00219879975291426,-1.6276935306738554,0.10359462434723324,33176,33307,0.28388841773531515,False
loop-unroll-and-jam,iroutliner,0.003409554593719999,2.5327778538064316,0.011318562187069904,32822,33160,0.04924832169396194,True
loop-unroll-and-jam,global-merge,-0.0017979259037496642,-1.3285993092007244,0.18398481037253284,32875,32888,0.4154040546671117,False
loop-unroll-and-jam,break-crit-edges,-0.008803088952509142,-6.2769511138456835,3.474053134660096e-10,33132,33162,4.8414206673768456e-09,True
loop-unroll-and-jam,unreachableblockelim,-0.0005035719746284695,-0.3730683490078116,0.7090987754655671,32853,33004,0.8645176851566503,False
hotcoldsplit,irce,-3.336286107508135e-05,-0.024628209610899107,0.9803515925401531,33149,32873,0.990749021390264,False
hotcoldsplit,nary-reassociate,-0.00022346394894889876,-0.16455314548396063,0.8692962176831337,32761,33132,0.9463308061571258,False
hotcoldsplit,scalarizer,-0.0011075228494743516,-0.81569450887338,0.41467782576601564,32994,32972,0.6675027998377489,False
hotcoldsplit,vector-combine,-0.00015050950753248138,-0.11078324670652857,0.9117885694216785,32988,32666,0.9600249656603715,False
hotcoldsplit,always-inline,-0.0014857655843557582,-1.0934629529560143,0.27419459914734706,32916,32732,0.5320842667299361,False
hotcoldsplit,globalsplit,-0.00038100052078959834,-0.28199403742045115,0.7779489652216742,33023,33073,0.9031865246985106,False
hotcoldsplit,lowerswitch,0.00023693952411968366,0.1585786793203623,0.8740013156848981,32849,32769,0.948702626357335,False
hotcoldsplit,early-cse-memssa,-0.0023829006485100446,-1.9988100092759116,0.045633011117752205,33111,32846,0.15365337191497647,False
hotcoldsplit,simple-loop-unswitch,-0.00021586071422335928,-0.15922748378829676,0.8734901375055094,33008,33113,0.9485821903692665,False
hotcoldsplit,loop-versioning,0.0007354004963748273,0.5410769441713401,0.588456380764093,32889,32912,0.7891764339288315,False
hotcoldsplit,loop-flatten,-0.0011624496004199458,-0.8556780733733284,0.3921789822714669,33089,32842,0.6496501246087413,False
hotcoldsplit,loop-reroll,-0.002182901567124862,-1.6023551027959941,0.10908191651216603,32750,32932,0.2939881521415294,False
hotcoldsplit,loop-instsimplify,-0.00037049814213058196,-0.27356388521571284,0.7844206439138609,33130,33112,0.906825384580735,False
hotcoldsplit,loop-simplifycfg,-0.0014931667885840771,-1.10696094526571,0.2683148449530808,33168,32901,0.5250979174594025,False
hotcoldsplit,loop-predication,0.000271097520428365,0.19902923343558238,0.8422404913322186,32631,33256,0.9372588133154215,False
hotcoldsplit,speculative-execution,0.00014475776007460972,0.10696875875750013,0.914814090395532,32819,33012,0.9609474189884397,False
hotcoldsplit,partially-inline-libcalls,0.0006119699612482932,0.45044569153752595,0.6523905872520913,32978,32918,0.8300069979464554,False
hotcoldsplit,load-store-vectorizer,0.0006230597521054149,0.46132195897649647,0.6445691478226465,32989,33243,0.8244342013934955,False
hotcoldsplit,iroutliner,0.0021797679654246838,1.6128171874649666,0.10678903625486641,32732,32952,0.29085824686930034,False
hotcoldsplit,global-merge,-0.0013313790924973645,-0.982394833692996,0.32590895932889263,33086,33143,0.5849613144656077,False
hotcoldsplit,break-crit-edges,-0.01023425409629386,-7.266247667765215,3.736989405808749e-13,32721,32997,8.815693080209072e-12,True
hotcoldsplit,unreachableblockelim,-0.000777531633001316,-0.5724738502156842,0.5670029651204973,32540,32850,0.7766294548485021,False
irce,nary-reassociate,0.00044828114379008577,0.33103069372503524,0.7406223491268645,32955,33239,0.8796715557114958,False
irce,scalarizer,-0.00048067196779494337,-0.35436422186223104,0.7230670767650225,33256,32720,0.8716855512337888,False
irce,vector-combine,0.0002255580763739773,0.1663992883624275,0.8678432438924883,33170,32812,0.9463308061571258,False
irce,always-inline,0.0009227160951286173,0.680237822699691,0.49635627081109374,32785,33304,0.7347840809090211,False
irce,globalsplit,0.00016853300074110011,0.1243225769397562,0.9010602514385891,32920,32989,0.9572839124846,False
irce,lowerswitch,0.0010936012513879656,0.733854329718166,0.4630401347452629,32947,32964,0.7083067061181444,False
irce,early-cse-memssa,-0.0026760956951439874,-2.2401049242254665,0.025087428583237713,32699,33259,0.09676952381873366,False
irce,simple-loop-unswitch,-0.0002409799856680772,-0.17805941354356003,0.8586768634176538,32918,32960,0.9423034869523023,False
irce,loop-versioning,-0.0006313106491581122,-0.46635944199592044,0.6409597726622609,33060,33110,0.8216034270852418,False
irce,loop-flatten,-7.38147538449363e-05,-0.05437830619035762,0.9566339267032927,32933,33211,0.9826051709009673,False
irce,loop-reroll,-0.002091590429155299,-1.5440834015974063,0.122572927719937,33023,32930,0.3210672809038617,False
irce,loop-instsimplify,0.0014102428135108203,1.0432440900663846,0.29683908698579914,32921,32948,0.5569822063423046,False
irce,loop-simplifycfg,0.0008289583476634999,0.6156118131045465,0.5381528721708446,32998,33111,0.7591522505118976,False
irce,loop-predication,0.0015129371590397178,1.1138598452033046,0.2653433832653462,32791,33076,0.5205472260242722,False
irce,speculative-execution,-0.0011504820444244723,-0.8541826073440629,0.3930069181259847,32795,33249,0.6504712981324413,False
irce,partially-inline-libcalls,-0.0002145455822112341,-0.15847174524082835,0.87408556585732,33074,33247,0.948702626357335,False
irce,load-store-vectorizer,0.0009529787233718001,0.7076372280320388,0.47917304080501766,33233,33463,0.7205997034533215,False
irce,iroutliner,0.0037013284148599834,2.7502702069197467,0.0059562370493933346,32773,33172,0.028272271861120364,True
irce,global-merge,-0.0004142407398556869,-0.30619223490246805,0.7594592497950123,32984,33041,0.8901653463625467,False
irce,break-crit-edges,-0.011999183749585252,-8.564940054966245,1.1041642403447041e-17,33049,33010,5.765209553586482e-16,True
irce,unreachableblockelim,0.002034838144426565,1.5079184364490463,0.1315801891119694,32807,33209,0.3361174302429694,False
nary-reassociate,scalarizer,0.0019015496073160332,1.398962377704055,0.16182896581974232,32943,33048,0.3829137342296743,False
nary-reassociate,vector-combine,0.00018130915592962094,0.13365664303566496,0.893674500128773,32854,32935,0.9552697986987488,False
nary-reassociate,always-inline,0.0023131526082806886,1.6991644626730253,0.08929292923080455,32860,32925,0.2580598604190632,False
nary-reassociate,globalsplit,-0.00016149277016752617,-0.11877764636953549,0.9054518816908896,32907,32861,0.9581207046183176,False
nary-reassociate,lowerswitch,0.0018565465236143885,1.238881937892235,0.2153936275806523,33087,32945,0.45884779236537304,False
nary-reassociate,early-cse-memssa,-0.003106994874982616,-2.5937924128540986,0.009494478447850644,33095,32813,0.04225042909293537,True
nary-reassociate,simple-loop-unswitch,-0.0002242405004508341,-0.16513441819794442,0.8688386890956263,33114,32859,0.9463308061571258,False
nary-reassociate,loop-versioning,-0.0008420608412860742,-0.617846702838326,0.53667852926717,32886,33025,0.7586660749887602,False
nary-reassociate,loop-flatten,0.00039817935542441063,0.29197008197504465,0.7703104155766551,32986,33090,0.8986282127654596,False
nary-reassociate,loop-reroll,0.0008339360563289211,0.6123116288225648,0.5403337156335829,33158,32607,0.7604464838859526,False
nary-reassociate,loop-instsimplify,-0.0020484084536278035,-1.5137876539226767,0.13008448968954192,33066,32988,0.3329482755714027,False
nary-reassociate,loop-simplifycfg,-0.0019355148355494345,-1.438181147290804,0.15038739639827528,33252,32872,0.36678968889101804,False
nary-reassociate,loop-predication,0.0005758903875370258,0.42220872857688535,0.6728740496462744,32915,32934,0.845898805269602,False
nary-reassociate,speculative-execution,-0.001100332110635649,-0.8127014004203325,0.41639219675950784,32987,33318,0.6693726775493566,False
nary-reassociate,partially-inline-libcalls,0.0009973519445766188,0.7312492080262827,0.46462954079365126,33117,32980,0.7096292050498979,False
nary-reassociate,load-store-vectorizer,0.0006177378289952129,0.4568195476629491,0.6478022392015886,33470,33367,0.8269858364005976,False
nary-reassociate,iroutliner,0.003185935312465138,2.363184487237502,0.01812153405616665,33014,32889,0.07384383700723059,False
nary-reassociate,global-merge,-0.0012810022093706075,-0.9434438887141232,0.34545735458667964,33084,32962,0.6047434065987651,False
nary-reassociate,break-crit-edges,-0.011178171205602216,-7.945895597152201,1.958095465786625e-15,33031,33153,7.03477233396369e-14,True
nary-reassociate,unreachableblockelim,0.001394364559554162,1.0286706979092917,0.3036382084147528,33149,32958,0.5640683220997684,False
scalarizer,vector-combine,-0.0004893167238088636,-0.36024281679485387,0.718666707899832,32912,33272,0.8685768266154963,False
scalarizer,always-inline,0.0011924234260106137,0.8813259515151532,0.37814463055084624,32882,33178,0.6358155316604182,False
scalarizer,globalsplit,0.0007334126095667748,0.538576492748897,0.5901809362176269,32866,32830,0.7901362551207615,False
scalarizer,lowerswitch,-0.0013392404823592274,-0.8953709323095871,0.37059210365085976,32794,33130,0.6271746260291876,False
scalarizer,early-cse-memssa,-0.0024607562309472697,-2.0604659418955125,0.03935792158309758,32890,33235,0.13807035322176012,False
scalarizer,simple-loop-unswitch,-0.0017796442384160338,-1.3141749743201827,0.18879189259530127,32859,33192,0.4234510146619569,False
scalarizer,loop-versioning,0.00010581493944844533,0.07800129036395907,0.937827264029052,32695,33030,0.973887978238602,False
scalarizer,loop-flatten,0.0012691473473548376,0.9317470207682442,0.35147069396006425,32841,33050,0.6115102208392691,False
scalarizer,loop-reroll,0.0012317645961297252,0.9072544034886348,0.36427559627744055,32920,33016,0.6217435977695401,False
scalarizer,loop-instsimplify,-0.0012238481953120717,-0.9019908116454565,0.3670650332238302,32744,33418,0.6245897693972335,False
scalarizer,loop-simplifycfg,-0.0011750972460341513,-0.8732701755685116,0.3825189961401431,32920,33373,0.6406947771106931,False
scalarizer,loop-predication,-0.0008882899006681932,-0.6515528565926011,0.5146919407329426,32922,32978,0.7432780812301604,False
scalarizer,speculative-execution,-0.00044191148483818665,-0.32788169755459917,0.743002148679464,32900,33372,0.8814287834682767,False
scalarizer,partially-inline-libcalls,0.0025202569565897504,1.8493962494061489,0.06440508245681159,32813,33222,0.20112464346162215,False
scalarizer,load-store-vectorizer,-0.0008548713038184497,-0.6341850526098733,0.5259622528469733,32868,33332,0.7497052382839526,False
scalarizer,iroutliner,0.00223564961320738,1.664709912700799,0.09597538163213028,32952,33182,0.27019381342302096,False
scalarizer,global-merge,-0.0002991864721637594,-0.21976202313832696,0.8260571779086082,32883,33067,0.9298188872348692,False
scalarizer,break-crit-edges,-0.008603283499375891,-6.145378357531833,8.022703958943081e-10,33157,32956,1.0649799560413933e-08,True
scalarizer,unreachableblockelim,0.0033575396378634492,2.4801483402222892,0.01313524417714901,32675,33484,0.05597129074833027,False
vector-combine,always-inline,7.381545737389361e-05,0.054058269779308034,0.9568889035989824,32771,33046,0.9826051709009673,False
vector-combine,globalsplit,-0.0019306707038406201,-1.4186250126776039,0.15601310650305153,32838,32961,0.3745845034125995,False
vector-combine,lowerswitch,-0.0033922011510556516,-2.2672010757413994,0.023381178754164445,32995,32734,0.09146754906872227,False
vector-combine,early-cse-memssa,-0.0036367011142919847,-3.047519323901314,0.0023083025984695924,32870,32862,0.012607131067792083,True
vector-combine,simple-loop-unswitch,-0.0022926377260164,-1.6887910015014367,0.0912642245073603,32907,32931,0.26144162631369633,False
vector-combine,loop-versioning,0.0007164223782260004,0.5274885736696804,0.5978561277062314,32652,33175,0.7955163425408095,False
vector-combine,loop-flatten,-8.392065502321744e-05,-0.06203236427451855,0.9505372469148105,32778,33081,0.9805858427076917,False
vector-combine,loop-reroll,-0.000996987655667858,-0.7351169218363838,0.46227091225232436,32902,32833,0.7076829133620415,False
vector-combine,loop-instsimplify,-0.0009649431504108463,-0.7163413856578261,0.4737830998524524,33207,33134,0.7181121001519115,False
vector-combine,loop-simplifycfg,-0.0006790809872071479,-0.5049793352179661,0.613575028535662,33145,33164,0.804171260326297,False
vector-combine,loop-predication,0.0005418051883888664,0.39917114911457396,0.6897683905285266,32758,33295,0.8565697590020094,False
vector-combine,speculative-execution,0.002266765449693564,1.685584022421097,0.09188066054971948,33198,33028,0.26282298518093605,False
vector-combine,partially-inline-libcalls,-0.00037375921585641736,-0.27583127939734575,0.7826785176586616,33291,33001,0.9055799855894344,False
vector-combine,load-store-vectorizer,0.0007998076741871363,0.5951364552833505,0.5517542915541543,32869,33524,0.768501372002629,False
vector-combine,iroutliner,0.0007885182265013335,0.5865652424278512,0.5574977457842386,32838,32917,0.7708902445236859,False
vector-combine,global-merge,0.0009546671010920438,0.702772678428285,0.48219991213640584,32765,33052,0.7232650601502163,False
vector-combine,break-crit-edges,-0.009676010314894512,-6.879672792903861,6.052289809243697e-12,32948,33029,1.1179607024999207e-10,True
vector-combine,unreachableblockelim,0.00018660381883128796,0.138222142331356,0.8900652777989958,32985,33009,0.9538294491896278,False
always-inline,globalsplit,-0.0016222119526574375,-1.197028138501657,0.23129988781968552,32978,33010,0.4770319376635287,False
always-inline,lowerswitch,-0.003402535238767823,-2.2664436414345874,0.023427464687417885,32940,32898,0.09146754906872227,False
always-inline,early-cse-memssa,-0.0032881664009694056,-2.75735419331255,0.00582872748963654,32917,32831,0.02776800103335364,True
always-inline,simple-loop-unswitch,-0.0022448184556062567,-1.6632106124814736,0.09627502097817492,33059,33111,0.27084265959090015,False
always-inline,loop-versioning,-0.0024524007611950727,-1.796918836088415,0.07235309485392823,33000,32733,0.21998037224222278,False
always-inline,loop-flatten,-3.536114788149636e-05,-0.02607806951934641,0.9791951477037093,33202,33008,0.990749021390264,False
always-inline,loop-reroll,-0.0008017747588068835,-0.5900317963192474,0.5551713606637437,32654,33112,0.7696026752232907,False
always-inline,loop-instsimplify,-0.00272493925049061,-2.0181121800155766,0.04358361151411032,33081,33014,0.14912958294954434,False
always-inline,loop-simplifycfg,-0.0011442602744120567,-0.8487656645922294,0.39601476814731673,33134,33092,0.6521420656286343,False
always-inline,loop-predication,0.0015398355719870582,1.1354062959371438,0.2562092393501316,32882,33230,0.5098147262678432,False
always-inline,speculative-execution,0.0009296201950662053,0.687248876938346,0.4919283254689916,32922,33026,0.731048502737229,False
always-inline,partially-inline-libcalls,-0.003030371107582752,-2.2373683882536524,0.025265583469862924,33023,33253,0.09728616014550955,False
always-inline,load-store-vectorizer,0.000349464948423861,0.259608478181869,0.7951666017497782,33092,33226,0.9123564056408238,False
always-inline,iroutliner,0.0018720529067886016,1.3979626167595058,0.16212897405112506,33114,33135,0.38304046236905087,False
always-inline,global-merge,-0.002013434687865301,-1.490185648908016,0.1361802000943274,33012,33097,0.3436093193101715,False
always-inline,break-crit-edges,-0.007981467313268042,-5.672835728243675,1.4104010435737162e-08,32866,33009,1.5962804874666684e-07,True
always-inline,unreachableblockelim,0.0016835154570418176,1.2415828128269562,0.21439493132782653,33125,32987,0.45884779236537304,False
globalsplit,lowerswitch,-0.001068310992276389,-0.7174216378346108,0.47311651052275466,32871,33155,0.7180912147055141,False
globalsplit,early-cse-memssa,-0.002961776053359566,-2.4943992732337725,0.012619476020307907,33167,32932,0.054067689382413305,False
globalsplit,simple-loop-unswitch,0.00011988320829697807,0.08859701896885819,0.9294024448203588,33203,33119,0.9703875158684799,False
globalsplit,loop-versioning,-0.0015285857344091713,-1.1265655264323966,0.2599303229808061,33038,32883,0.5143441863531262,False
globalsplit,loop-flatten,-0.0020687517103450404,-1.5231386998379162,0.12772879863241451,33151,32869,0.3292183539354683,False
globalsplit,loop-reroll,-0.0005927549012268996,-0.43747228732018417,0.6617703043763713,33108,32748,0.8381131050372589,False
globalsplit,loop-instsimplify,-0.002723624943463121,-2.0147584435996206,0.04393399931364308,33186,33037,0.14958391019651587,False
globalsplit,loop-simplifycfg,0.0008896795047375616,0.6628360004643881,0.5074378870510697,33407,33238,0.7407591727009714,False
globalsplit,loop-predication,0.0008766425117046617,0.6467445422011642,0.5177995340666159,33127,33026,0.7448868923363235,False
globalsplit,speculative-execution,5.226686592602059e-05,0.038836986450568066,0.969020473613535,33204,32815,0.9851205022509354,False
globalsplit,partially-inline-libcalls,0.0003486336890333175,0.25682117469384874,0.7973176270393177,32993,32743,0.9137535345291099,False
globalsplit,load-store-vectorizer,-0.0036479181908320446,-2.7045633305026096,0.0068411683647952104,33183,33137,0.0320454728666723,True
globalsplit,iroutliner,0.002356062007947135,1.7553096653843072,0.0792110151219196,32811,32878,0.23660590024213357,False
globalsplit,global-merge,-0.0009026609395652585,-0.6671863196532202,0.5046554636109208,32980,32947,0.739228377592428,False
globalsplit,break-crit-edges,-0.011083208826997148,-7.914195547874908,2.527096923097573e-15,33099,32736,8.915415811576663e-14,True
globalsplit,unreachableblockelim,-0.00030423851231098364,-0.224932817844241,0.822032236313293,33141,32744,0.9276882528538488,False
lowerswitch,early-cse-memssa,-0.002118047178570559,-1.5662425841899001,0.11729663926165139,33059,32847,0.3103605671274506,False
lowerswitch,simple-loop-unswitch,-0.0012523245493453738,-0.8392908446871917,0.4013091423004778,33162,33218,0.6572451607580438,False
lowerswitch,loop-versioning,0.00011029767392767287,0.07380143392215185,0.941168609416001,33183,32902,0.9756036797340113,False
lowerswitch,loop-flatten,0.003047362747790827,2.0379240486251713,0.04156149853382908,33139,33021,0.1444142220572091,False
lowerswitch,loop-reroll,-0.0018594567650918048,-1.236923805084953,0.21611980067878395,32823,32781,0.45911450644367374,False
lowerswitch,loop-instsimplify,0.001251272153801053,0.8379485519721384,0.4020626302521232,33256,32840,0.657401778733743,False
lowerswitch,loop-simplifycfg,0.000983790409266494,0.6638970154784448,0.5067585450734864,33047,32972,0.7401963679626158,False
lowerswitch,loop-predication,-0.0011297079447989966,-0.7544761495283794,0.4505660589052929,32858,33027,0.7012118502017564,False
lowerswitch,speculative-execution,8.036444030934398e-05,0.0539109761206999,0.9570062548842407,32795,33225,0.9826051709009673,False
lowerswitch,partially-inline-libcalls,0.0005103634647898869,0.34025062672309875,0.7336688799507896,32898,33005,0.8768078616430958,False
lowerswitch,load-store-vectorizer,0.0014067070064600617,0.945864114710495,0.34422133139003774,33330,33252,0.604550640109011,False
lowerswitch,iroutliner,0.0005654015898808873,0.3809837917658508,0.703216504545486,33060,32793,0.8608302068771877,False
lowerswitch,global-merge,0.0002846496402452159,0.19000781749868556,0.8493035918605133,32885,32795,0.9410477915278468,False
lowerswitch,break-crit-edges,-0.010940801849275178,-6.995461045375589,2.668986380752015e-12,32925,33141,5.2786619530428746e-11,True
lowerswitch,unreachableblockelim,0.001336999394350502,0.8961247712791345,0.370189401838094,33098,32804,0.6271713222876261,False
early-cse-memssa,simple-loop-unswitch,0.0020773981201607228,1.7425363633642044,0.08141930446384493,32906,32930,0.24209415055460648,False
early-cse-memssa,loop-versioning,0.0008218653617964589,0.689992013606851,0.4902016285241343,33143,33074,0.7304526549849734,False
early-cse-memssa,loop-flatten,0.003075934358263366,2.5719000189001076,0.01011637765629653,33044,32935,0.04451206168770473,True
early-cse-memssa,loop-reroll,0.0035466981404170816,2.9616586819008144,0.0030609646817228147,32754,32837,0.016066054474399058,True
early-cse-memssa,loop-instsimplify,0.0023371658454093835,1.9555334121496208,0.0505243522800582,33169,32907,0.1665432352935252,False
early-cse-memssa,loop-simplifycfg,0.0003521652488437388,0.29803702401093457,0.7656758413119812,33149,33049,0.8950407745008114,False
early-cse-memssa,loop-predication,0.0016758318493306223,1.403176965394322,0.16056878744843894,32927,32989,0.381371228463931,False
early-cse-memssa,speculative-execution,0.0015376336102646548,1.2927727405526384,0.19609419027500435,32835,33311,0.432815026072408,False
early-cse-memssa,partially-inline-libcalls,0.0012581001427653948,1.0505328196450272,0.293477070922596,32873,32888,0.5543927688050584,False
early-cse-memssa,load-store-vectorizer,0.004063262124884226,3.439901371570091,0.0005822833957847154,33339,33108,0.003719774515322913,True
early-cse-memssa,iroutliner,0.0039375934350999175,3.347428380436836,0.0008161072853195283,32969,32877,0.00503287579419098,True
early-cse-memssa,global-merge,0.0011826929096790395,0.9946193029853218,0.31992509842502515,32903,33187,0.58048658526936,False
early-cse-memssa,break-crit-edges,-0.005762673308590538,-4.628552686282674,3.689317313372639e-06,32779,33173,3.196320044063552e-05,True
early-cse-memssa,unreachableblockelim,0.004064381450129884,3.420560174412747,0.0006253017569443008,33024,32887,0.003962268090928612,True
simple-loop-unswitch,loop-versioning,0.0010657021761026897,0.7868449493130523,0.4313754643228857,32984,32969,0.6828077276832742,False
simple-loop-unswitch,loop-flatten,0.0014253968750932433,1.0511533668702047,0.2931920025270531,33093,32962,0.5543891269415451,False
simple-loop-unswitch,loop-reroll,0.001341283959876427,0.9864146185127222,0.32393333970654564,33060,32456,0.5837657424256019,False
simple-loop-unswitch,loop-instsimplify,0.00214620572089963,1.5900163832149232,0.11183589379422602,33007,33116,0.298737626260702,False
simple-loop-unswitch,loop-simplifycfg,-0.0023335706172151194,-1.737535079858785,0.08229740655251462,33425,32962,0.24414897277246003,False
simple-loop-unswitch,loop-predication,0.0010524093607521823,0.7722903465360343,0.43994525038211185,33072,32852,0.6916200724593938,False
simple-loop-unswitch,speculative-execution,0.002629239285662277,1.9448440595511167,0.051797985052699926,33027,33070,0.16974134683378486,False
simple-loop-unswitch,partially-inline-libcalls,0.00195667049700049,1.4464253697430163,0.14806266635528237,32967,33222,0.3630896501629249,False
simple-loop-unswitch,load-store-vectorizer,-0.000472575582675383,-0.3508526214279525,0.7257000291097165,33040,33454,0.8722655966831339,False
simple-loop-unswitch,iroutliner,0.0025571973031933704,1.9097790129121441,0.056165989376297146,33279,32950,0.18074040460379553,False
simple-loop-unswitch,global-merge,0.0012607422026552628,0.9278166744603634,0.35350608185100457,33027,32697,0.6135842403654217,False
simple-loop-unswitch,break-crit-edges,-0.009164370861634186,-6.5231893011084505,6.932192929839356e-11,32938,33299,1.0946156255343113e-09,True
simple-loop-unswitch,unreachableblockelim,0.0006574441032670686,0.4865703333660015,0.6265644674293606,32988,33001,0.8109799186248876,False
loop-versioning,loop-flatten,0.0019485163517447002,1.4311147662368862,0.15240205995988682,32934,33079,0.3686266008665329,False
loop-versioning,loop-reroll,0.00036047666445021553,0.2653501262478051,0.7907405823592415,33094,32850,0.9094567385043888,False
loop-versioning,loop-instsimplify,0.0016749312296200913,1.234652520045726,0.21696423922870844,32929,33228,0.45975755455607265,False
loop-versioning,loop-simplifycfg,-0.0014562895540619625,-1.0822687650656875,0.27913704422896485,33269,33250,0.5359707644785551,False
loop-versioning,loop-predication,0.0013482659556156573,0.994081821228085,0.3201866762466337,33234,32837,0.58048658526936,False
loop-versioning,speculative-execution,0.0007758478059263219,0.5762916002000789,0.5644200445661637,33237,33451,0.7758258796444907,False
loop-versioning,partially-inline-libcalls,0.001299968905041804,0.9561002658965814,0.3390250689781824,33028,33232,0.5989469173279868,False
loop-versioning,load-store-vectorizer,0.0018047114347274906,1.3406844138481173,0.18002752118114262,33007,33431,0.4111536294269489,False
loop-versioning,iroutliner,0.0029631908614408675,2.2007619829853775,0.027756332730664256,33088,32836,0.10481562099641392,False
loop-versioning,global-merge,0.0012142022563200738,0.8959533911210793,0.37028092367951776,33010,33010,0.6271713222876261,False
loop-versioning,break-crit-edges,-0.009508976771144706,-6.800232329529831,1.0533355632667122e-11,33097,33104,1.8664534234173957e-10,True
loop-versioning,unreachableblockelim,0.00012244753947704412,0.09050955519192973,0.9278825748929995,33162,33067,0.9697326296453125,False
loop-flatten,loop-reroll,0.0020440437504381515,1.509209748391547,0.1312499850384577,32933,32958,0.3357119147032007,False
loop-flatten,loop-instsimplify,-0.00016520896723976053,-0.12175191662669116,0.9030958663133463,32923,33061,0.9572839124846,False
loop-flatten,loop-simplifycfg,-0.0012420755515662463,-0.9212821935523359,0.3569064737967117,33240,32937,0.6152088206268832,False
loop-flatten,loop-predication,-0.0016315837352706697,-1.200076977669929,0.2301137569053384,32866,33090,0.4755279535838022,False
loop-flatten,speculative-execution,-0.0007317269989961517,-0.5423067279107429,0.5876090494398609,32977,33145,0.7891764339288315,False
loop-flatten,partially-inline-libcalls,-0.0010823053997091603,-0.796508616161581,0.4257393413795601,32861,33006,0.6797674980620817,False
loop-flatten,load-store-vectorizer,0.0011281201592920898,0.8399267585577872,0.4009524681909539,32989,33625,0.6572451607580438,False
loop-flatten,iroutliner,0.002806007490714524,2.0871457898564683,0.036878793128718,33123,32747,0.13152764471043688,False
loop-flatten,global-merge,-0.0002408382445800994,-0.17809266132584975,0.8586507499843741,33252,32984,0.9423034869523023,False
loop-flatten,break-crit-edges,-0.00896774473299694,-6.353553615138128,2.1176545266263487e-10,32991,32896,3.0487996787752874e-09,True
loop-flatten,unreachableblockelim,0.0025639466095440655,1.8916379456201358,0.05854362289057141,32962,32853,0.18653932240803714,False
loop-reroll,loop-instsimplify,0.002227981165441595,1.6389264163059547,0.10123335756168603,33005,32923,0.2801614536833391,False
loop-reroll,loop-simplifycfg,0.0011810229090167268,0.8779362916903839,0.3799814732768919,33238,33092,0.6380820966347808,False
loop-reroll,loop-predication,8.893260300757433e-05,0.06557414412601423,0.9477170731325801,33063,33029,0.9800000154177935,False
loop-reroll,speculative-execution,-0.00021058762778281004,-0.15605808178805125,0.8759877146112359,33069,33220,0.9495233796649315,False
loop-reroll,partially-inline-libcalls,0.0006136846040616928,0.45227546880095915,0.6510720343853178,32850,33079,0.828868038573766,False
loop-reroll,load-store-vectorizer,0.0029623914657896933,2.2032797587910884,0.02757845468917498,33176,33287,0.1045471718904252,False
loop-reroll,iroutliner,0.0009233415595593653,0.6875520258980927,0.49173735662485535,32901,32762,0.731048502737229,False
loop-reroll,global-merge,-0.004090540517847685,-3.020077844381257,0.002528062308534988,32968,33109,0.013655023448583468,True
loop-reroll,break-crit-edges,-0.008260809350954468,-5.87815409439364,4.168557335262199e-09,32812,33153,5.101272039027116e-08,True
loop-reroll,unreachableblockelim,-0.0004289306122576275,-0.31626105071724797,0.7518053731213,32998,32949,0.8857009149046362,False
loop-instsimplify,loop-simplifycfg,-0.0005737391217496834,-0.4289163701742335,0.6679854781878042,33400,32996,0.8432724476413415,False
loop-instsimplify,loop-predication,-0.00047812625351706384,-0.35249344368538177,0.7244693601014739,33086,32930,0.8719308165004271,False
loop-instsimplify,speculative-execution,0.0017938042938334675,1.3310051460560581,0.18319192516103402,32999,32868,0.4154040546671117,False
loop-instsimplify,partially-inline-libcalls,0.000826466555164107,0.6118194681017214,0.54065930534804,33275,33040,0.7604464838859526,False
loop-instsimplify,load-store-vectorizer,0.0007808121982401106,0.5786108564976356,0.5628537397115231,32976,33443,0.775557791945927,False
loop-instsimplify,iroutliner,0.003315364218032024,2.47285709747319,0.01340626553444305,33020,33176,0.05687858703453844,False
loop-instsimplify,global-merge,-0.0004563404989008646,-0.3368888035023238,0.7362017971808059,33043,32959,0.8778825328136529,False
loop-instsimplify,break-crit-edges,-0.00785820547946825,-5.597512797623778,2.1830802266195696e-08,33069,33076,2.408152723223165e-07,True
loop-instsimplify,unreachableblockelim,0.0007050472970266952,0.5199268182361593,0.6031163194410092,33168,33105,0.7981762443159824,False
loop-simplifycfg,loop-predication,0.0009957681594354728,0.7389637314292834,0.45993163527766817,33102,33244,0.7070019787152207,False
loop-simplifycfg,speculative-execution,0.0006574154319959336,0.4906172415012016,0.6236988129527145,33075,33246,0.8098158327330338,False
loop-simplifycfg,partially-inline-libcalls,0.0008717318118044992,0.6449586811220949,0.518956195910609,32969,33287,0.7454998030762822,False
loop-simplifycfg,load-store-vectorizer,-8.785008273060058e-06,-0.006555722216705293,0.9947693476109186,32902,33565,0.9974869892641777,False
loop-simplifycfg,iroutliner,0.0015145790769145462,1.1350007043827086,0.25637915944332473,32764,33056,0.5098937472727575,False
loop-simplifycfg,global-merge,0.0016085441183368854,1.200642277234532,0.22989428811619847,33160,33076,0.47532525462673353,False
loop-simplifycfg,break-crit-edges,-0.0075124323873764776,-5.39938499188459,6.709739549858469e-08,33323,33431,7.006757353932204e-07,True
loop-simplifycfg,unreachableblockelim,0.0011339252137121947,0.8429299659831817,0.39927066010639045,33002,33184,0.6561241733011436,False
loop-predication,speculative-execution,-0.00041168462897833713,-0.30390538954087654,0.7612009302459224,32842,33145,0.8914063525248301,False
loop-predication,partially-inline-libcalls,-0.00035432911176896953,-0.2614435368374249,0.7937513016822202,33300,32777,0.9118011432641755,False
loop-predication,load-store-vectorizer,-0.0005896981614942343,-0.43562342952126154,0.663111386387353,33152,33183,0.8387416631436933,False
loop-predication,iroutliner,0.0030869895217724985,2.3040721732372895,0.021221672287606318,33194,33034,0.08461685354602992,False
loop-predication,global-merge,0.0004778464144123973,0.3501851207236195,0.7262008914634153,32920,33004,0.8723321137947038,False
loop-predication,break-crit-edges,-0.011361972130719378,-8.097416683826937,5.708655980475049e-16,33172,32912,2.19167615877846e-14,True
loop-predication,unreachableblockelim,0.0031224111224382733,2.307374797019485,0.021037021978411948,32836,32989,0.08406222251781753,False
speculative-execution,partially-inline-libcalls,0.002348613285562795,1.7367173473558244,0.08244171916999975,33106,33192,0.2442070894627224,False
speculative-execution,load-store-vectorizer,-0.0009233412709281907,-0.6888124208965636,0.4909437129962523,33260,33473,0.731048502737229,False
speculative-execution,iroutliner,0.0029295985622082577,2.188247571812352,0.028655059134602836,33031,33116,0.10707367516326785,False
speculative-execution,global-merge,-0.0007655027278794524,-0.5688219783681498,0.5694788924975211,33018,33011,0.7777440058585826,False
speculative-execution,break-crit-edges,-0.009745012181104129,-6.98384627072474,2.898989913822645e-12,33030,33272,5.704745981170592e-11,True
speculative-execution,unreachableblockelim,0.0010282457147969826,0.762190700525518,0.44594891877636106,33079,32936,0.6974185167445007,False
partially-inline-libcalls,load-store-vectorizer,-0.0016626213026768588,-1.2351078494931733,0.2167947159893076,33183,33572,0.459693649729111,False
partially-inline-libcalls,iroutliner,0.002042067211878884,1.5225721522880609,0.1278705608620652,33129,33032,0.3292183539354683,False
partially-inline-libcalls,global-merge,-0.00035938995825218756,-0.2652473151522147,0.7908197726759949,32976,33296,0.9094567385043888,False
partially-inline-libcalls,break-crit-edges,-0.009878277277667658,-7.046933088846963,1.846792606406507e-12,32990,33393,3.7666874201499384e-11,True
partially-inline-libcalls,unreachableblockelim,0.0007117796843481572,0.5265246067638386,0.598525529771257,32887,33099,0.7961365402799736,False
load-store-vectorizer,iroutliner,0.0024796036085520945,1.8566972355606859,0.06335867769052035,33343,32896,0.19849006546886216,False
load-store-vectorizer,global-merge,-0.001406969273399561,-1.0507003328581206,0.29340005328967106,33715,32946,0.5543927688050584,False
load-store-vectorizer,break-crit-edges,-0.00877549564978175,-6.272580195726569,3.5729645737174103e-10,33425,32877,4.9616061243536806e-09,True
load-store-vectorizer,unreachableblockelim,0.0006954376285295827,0.5180969768187821,0.6043923329323816,33474,33068,0.7985156463438619,False
iroutliner,global-merge,-0.0012878311462684033,-0.9605340926352884,0.33678999351927685,32974,33167,0.5976831625039833,False
iroutliner,break-crit-edges,-0.012321903598790374,-8.836842863743975,1.0082462564790622e-18,32877,32993,6.169206781831262e-17,True
iroutliner,unreachableblockelim,-0.0025393731358868132,-1.8921354898138472,0.05847730224203411,33003,33018,0.18653932240803714,False
global-merge,break-crit-edges,-0.010959268384048149,-7.797782982619471,6.392219619890632e-15,32818,33158,2.0351164253245297e-13,True
global-merge,unreachableblockelim,0.0027437188237799393,2.017031304248423,0.0436963074637451,32731,32947,0.14912958294954434,False
break-crit-edges,unreachableblockelim,0.009457237582427391,6.773470995090142,1.2677535791533279e-11,33176,33029,2.2362716288128074e-10,True
