pass_a,pass_b,ate,t_stat,p_value,n_treatment,n_control,p_adj,significant
bdce,ipsccp,-0.0012762296451636623,-1.354214299765772,0.1756705939751298,59308,59494,0.35866842857487397,False
bdce,correlated-propagation,-0.0004041763352505834,-0.4301532273871455,0.6670849609673851,59834,59377,0.8235384063610651,False
bdce,mem2reg,-0.0037365687136473036,-5.108448823817392,3.253143334397182e-07,59628,59408,2.2428361439259445e-06,True
bdce,sroa,-0.00281806636449794,-3.824838815824528,0.00013092449789375136,59129,59710,0.000724153013773913,True
bdce,instsimplify,0.0016500705140132799,1.773622303118471,0.07612820490475927,59340,59569,0.19651816111208786,False
bdce,constmerge,-0.00020537615006183119,-0.21845390931323685,0.8270758408297517,59587,59383,0.9136330021690572,False
bdce,function-attrs,8.01929101467147e-05,0.08513968058380446,0.9321504874940705,59721,59298,0.9712316797204904,False
bdce,deadargelim,-0.0003426486619471647,-0.366338433367847,0.7141132025753589,59700,59833,0.8510247417179262,False
bdce,globaldce,-0.00042936930570375287,-0.45823440957991285,0.646784876865035,59533,59616,0.8088794706125393,False
bdce,elim-avail-extern,-0.0005906895221083341,-0.6295117155482429,0.5290153109473114,59410,59478,0.7250326866360398,False
bdce,mergefunc,-0.0020019749203747383,-2.132863747475174,0.03293795331486088,59466,59072,0.10100628440171902,False
bdce,instcombine,0.011016313939725353,12.767617971537236,2.6304506884266197e-37,59746,59657,6.732578363319374e-36,True
bdce,simplifycfg,0.009698794626637086,10.586129167701566,3.5494599462028585e-26,59779,59758,5.072877791726421e-25,True
bdce,tailcallelim,-0.0036771291521246474,-3.9453237809454467,7.97377264447097e-05,59637,59812,0.0004505814383224865,True
bdce,reassociate,-0.0014366433715609639,-1.5268020047149384,0.12681290870084774,59536,59556,0.2900376483383179,False
bdce,memcpyopt,0.0006556975421055933,0.6950250584938957,0.4870409548435953,59518,59494,0.6923223804834108,False
bdce,sccp,0.0014242924941585966,1.5195142955121288,0.12863573933997247,59647,59798,0.29255088420141273,False
bdce,dce,-0.0003550096485797072,-0.37786594738325335,0.7055308516720155,59825,59631,0.8470981318050271,False
bdce,adce,-0.0006252862909020274,-0.6655614878329185,0.5056927146057357,59814,59655,0.7059866917633016,False
bdce,dse,0.005559626823104402,6.069596369438587,1.2861755474017494e-09,59649,59486,9.539135309896308e-09,True
bdce,jump-threading,0.005988717078759809,6.47234927673366,9.686512147379634e-11,59299,59342,7.3228535847758e-10,True
bdce,loop-idiom,-0.0026841020911428926,-2.8480673131109406,0.004399316120710943,59613,59301,0.017797233397421543,True
bdce,loop-deletion,-0.001685603486334064,-1.8065021248390045,0.07084245574855082,59431,60141,0.18595997193813554,False
bdce,gvn,0.0008762854540140808,1.0356770875202794,0.3003549178655384,59609,59566,0.5147439205082925,False
bdce,gvn-hoist,-0.0015367401547843884,-1.6415200865072677,0.1006921562200332,58879,59564,0.24280202201825743,False
bdce,gvn-sink,-0.0005111894485276824,-0.5527187334298282,0.580457062079861,59467,59501,0.7612784702986176,False
bdce,newgvn,-0.00084528792178451,-1.0418657025454312,0.29747606361624096,59693,59340,0.5113597531528602,False
bdce,early-cse,0.0016569055788077658,1.8686731051411445,0.061670756302356404,59752,59601,0.1674612376463609,False
bdce,mergereturn,-0.0029306537312721592,-3.1189154594746276,0.0018156136367817235,59743,59195,0.008052030579430611,True
bdce,globalopt,0.00017594141296162213,0.18687656785813217,0.8517577317152639,59351,59121,0.9268292801513031,False
bdce,strip-dead-prototypes,-0.0013097430165395219,-1.3938260053939626,0.16337274330539572,59764,59816,0.3423047954970196,False
bdce,indvars,1.7686233905966908e-05,0.01887964233417348,0.9849371511727983,60063,59667,0.993755778211414,False
bdce,mergeicmps,-0.0009154175861189051,-0.968905532365739,0.3325942955927078,59274,59638,0.5502489486865415,False
bdce,separate-const-offset-from-gep,-0.001465673531053313,-1.5635520605847784,0.1179254578957672,59350,59734,0.2745517795004901,False
bdce,libcalls-shrinkwrap,-0.0018385020069142666,-1.9561973342722774,0.05044424273915457,59876,59412,0.14221717391398797,False
bdce,flattencfg,0.00010712667420487154,0.11413703446381591,0.9091293579054953,59309,59344,0.9595479315439909,False
bdce,loop-reduce,-0.0026771924320179163,-2.8630917719781706,0.004196019730903878,59923,59609,0.01704524197740621,True
bdce,loop-unroll,-0.002475259373937555,-2.5920800428873756,0.009540927584980805,59146,59414,0.034918011610079285,True
bdce,loop-rotate,-0.0017858242304651384,-1.8301545923176874,0.06722932356713145,59853,59303,0.17873050311533384,False
bdce,partial-inliner,-0.00019491787101705293,-0.20758749517571784,0.8355514244557042,59308,59648,0.9180184066937491,False
bdce,lower-expect,-0.000847611867683784,-0.9024979288370802,0.3667942454765436,59413,59746,0.5829614098543003,False
bdce,alignment-from-assumptions,-0.002605814857368882,-2.7761751275754487,0.00550111556347474,59382,59760,0.02165062165484129,True
bdce,rpo-function-attrs,-0.0011505127451199026,-1.2282983713570355,0.21933740626265982,59343,59931,0.41634768925088506,False
bdce,attributor,0.0005130593796109362,0.5970274622316385,0.5504901826687012,59467,59489,0.7403503078441293,False
bdce,inferattrs,-0.0029354179585376894,-3.147517572211517,0.0016470384401554529,59662,59309,0.007396562536294442,True
bdce,called-value-propagation,-0.0012179018753867843,-1.2941175038141515,0.1956273538773376,59622,59118,0.3867121240704967,False
bdce,licm,-0.0027288148394625233,-2.770501293788114,0.005597876657303263,59319,59552,0.021921284989999578,True
bdce,loop-simplify,0.00040647413302608015,0.4305369195507601,0.6668058961895609,59534,59466,0.8234663795264334,False
bdce,div-rem-pairs,-0.0012965585765349341,-1.3818823829716333,0.16701040824612876,59642,59537,0.3471405300912103,False
bdce,float2int,-0.0007009420428371049,-0.7491718925271896,0.4537550874939293,59286,59836,0.6621494428924705,False
bdce,inline,-0.0011800228390139167,-1.2586447961488763,0.20816112277383447,59639,59634,0.4029866529840867,False
bdce,sink,-0.0006070647782662197,-0.6459118673152173,0.5183376774112495,60049,59134,0.7165319546079113,False
bdce,loop-vectorize,-0.01642095426447665,-17.580695333264053,4.2360388160843283e-69,59411,59687,4.60786888994062e-67,True
bdce,slp-vectorizer,-0.0013557149762649656,-1.4485214572292149,0.14747390388680304,59379,59647,0.32065952671888986,False
bdce,callsite-splitting,-0.0003420596878118687,-0.36371236368294474,0.7160734567996693,59208,59658,0.8520992582959559,False
bdce,dfa-jump-threading,-0.0012234523383319318,-1.3061913549046713,0.19149000521696144,59642,59907,0.38200451371860467,False
bdce,consthoist,-0.001173924061471432,-1.2464463217908033,0.21260302990728017,59488,59902,0.40811444368475935,False
bdce,mldst-motion,-0.0011263865538351236,-1.1990896765782584,0.23049545932323706,59810,59505,0.43022889356996963,False
bdce,slsr,-6.154639737382395e-05,-0.0655934951392425,0.947701578100812,59537,59653,0.9766261680775056,False
bdce,loop-interchange,-0.001369012357463617,-1.4540821293976063,0.14592617583157547,59359,59597,0.3183548214799162,False
bdce,loop-fusion,-0.0012291591065198837,-1.307357045038258,0.19109399773043304,59533,59794,0.3816033121429759,False
bdce,loop-distribute,0.0002837304415788666,0.3008334867786083,0.763541997665785,59419,59519,0.8795932588779696,False
bdce,loop-load-elim,0.00014011419752135712,0.14887324326253043,0.8816539072490096,59259,59605,0.9425489218638061,False
bdce,loop-sink,-0.0006874678544744883,-0.731725699885266,0.46433744766597423,59362,59654,0.6697404954180314,False
bdce,loop-unroll-and-jam,-0.0019134413623468904,-2.035412375883182,0.041811612102095566,59350,59434,0.12283141259700393,False
bdce,hotcoldsplit,0.0004264878019005769,0.4544884641976437,0.6494781210400412,59371,59768,0.8097282145790518,False
bdce,irce,-0.0012209407364379143,-1.300247223498154,0.19351876137467913,59588,59745,0.38352599704842105,False
bdce,nary-reassociate,-0.0011722771686309419,-1.2506129692230656,0.21107816705721338,59531,59903,0.40638254778566746,False
bdce,scalarizer,-0.003809622485296482,-4.0040810216063845,6.229697498589097e-05,59191,59256,0.0003587572853599251,True
bdce,vector-combine,-0.0030848871987814164,-3.286303030719467,0.0010154106510238228,59796,59365,0.004790780854709987,True
bdce,always-inline,1.6242738042904215e-06,0.0017246088827168888,0.9986239647791189,59323,59388,0.9990925656340707,False
bdce,globalsplit,-0.0010127721920331623,-1.0770906346617002,0.281441958310672,59403,59712,0.4951153228861597,False
bdce,lowerswitch,-0.0022075957913197386,-2.1926066622649945,0.028337659357427426,59368,59660,0.08891848881705593,False
bdce,early-cse-memssa,-0.002326161763400947,-2.8341662883381047,0.004595314035866338,59501,59652,0.01855180388087895,True
bdce,simple-loop-unswitch,-0.0014704411155742614,-1.5643775702902705,0.11773158919075238,59240,59538,0.2742634760684035,False
bdce,loop-versioning,-0.002367075898684623,-2.507586973734186,0.012157185318776452,59467,59691,0.043161865556054925,True
bdce,loop-flatten,0.0003198824320140292,0.3418256967583508,0.7324826701918631,59962,59719,0.8598327747216234,False
bdce,loop-reroll,-0.0014219111823172148,-1.5124285956017849,0.13042751612567738,59475,59720,0.29552757987162437,False
bdce,loop-instsimplify,-0.001909782448855868,-2.038855368229487,0.041466673742342815,59383,59398,0.12246081644220172,False
bdce,loop-simplifycfg,0.0005145109523623792,0.5512565708498541,0.5814588327598634,59779,60072,0.7617908294036886,False
bdce,loop-predication,-0.00190513243644308,-2.0148831183097538,0.04391914599420469,59174,59615,0.12731614708934838,False
bdce,speculative-execution,-0.0009889629010019219,-1.0531724379895822,0.2922641064901105,59484,59521,0.5068672457995008,False
bdce,partially-inline-libcalls,-0.0007551206869362281,-0.8022863724378645,0.4223889241504512,59361,59754,0.6341883421303794,False
bdce,load-store-vectorizer,-0.0009576007091225969,-1.0212340439513437,0.3071456398052941,59224,59942,0.5221910523663478,False
bdce,iroutliner,-0.0006431496365956191,-0.6906543900160697,0.48978409631936365,60145,59672,0.6932410109230864,False
bdce,global-merge,-0.0017258989417701653,-1.838230858734151,0.06603089712273176,59329,59127,0.1765030669847219,False
bdce,break-crit-edges,-0.011676424291315546,-11.995569667244098,3.9168327276338005e-33,59670,59561,8.072798400744191e-32,True
bdce,unreachableblockelim,-0.002507757439786207,-2.6605664050835234,0.007801980099254949,59545,59487,0.02933391370309761,True
ipsccp,correlated-propagation,0.0003013342184331469,0.3229525787977616,0.7467317232651695,59592,59416,0.8690048821118584,False
ipsccp,mem2reg,-0.004105178693610878,-5.622023635915187,1.891530616121043e-08,59681,59793,1.3492229312805108e-07,True
ipsccp,sroa,-0.002623574225234182,-3.5906915514883897,0.00032993457981994536,59411,59440,0.0016911306473493535,True
ipsccp,instsimplify,0.0024540400075627744,2.6396255989699218,0.00830085201209807,59316,59280,0.030811503771920417,True
ipsccp,constmerge,0.00035543205172305914,0.37946008380691826,0.7043469165810473,59340,59800,0.8470981318050271,False
ipsccp,function-attrs,-0.0011071362821634123,-1.1792961968159363,0.23828261782193327,59473,59134,0.43952648675962824,False
ipsccp,deadargelim,-0.0010920387088135808,-1.1656773203302948,0.24374726863015442,59582,59466,0.447134450234772,False
ipsccp,globaldce,-0.00032635870281844115,-0.3490151461074174,0.7270785567332659,59785,59144,0.8563126701255548,False
ipsccp,elim-avail-extern,-0.0012371190307066682,-1.3255507915760347,0.18499108263861264,59794,59084,0.37154711978075744,False
ipsccp,mergefunc,0.0011388999284048795,1.213881163546078,0.2247955191105865,59645,59212,0.42240847065117887,False
ipsccp,instcombine,0.009845987503009968,11.396041147199576,4.536602030497554e-30,59306,59229,8.002402500643433e-29,True
ipsccp,simplifycfg,0.009024351092216443,9.807838744961217,1.062602371839524e-22,59504,59622,1.2686435634523098e-21,True
ipsccp,tailcallelim,-0.003078668142607821,-3.2909403454799837,0.0009988217026673993,59537,59265,0.004723895878798956,True
ipsccp,reassociate,0.00031961386003359626,0.34017701695216684,0.7337238277670165,59156,59408,0.8610316180808021,False
ipsccp,memcpyopt,-0.0002538861882768195,-0.27032297456400906,0.7869122617170596,59368,59385,0.890999157031082,False
ipsccp,sccp,0.0014640378171493218,1.557183041087997,0.11942969888218213,59618,59162,0.2773942472257564,False
ipsccp,dce,-0.0010046658155831723,-1.0729503432419392,0.2832955701337654,59942,59191,0.49703649311999337,False
ipsccp,adce,-0.000649482959738712,-0.6940591295426101,0.48764648388687143,59650,59272,0.6924721596750325,False
ipsccp,dse,0.007316772874743527,7.976792020720537,1.515090540267897e-15,59614,59371,1.3453729151222414e-14,True
ipsccp,jump-threading,0.006248253222193301,6.771573724685791,1.279773260192694e-11,59460,59531,9.963403751321252e-11,True
ipsccp,loop-idiom,-0.0025009980603281634,-2.653508824823929,0.007967028042495154,59492,59377,0.029746190892779446,True
ipsccp,loop-deletion,-0.0009834394287478454,-1.0520445140545707,0.2927812668124815,59691,59122,0.5069299863789025,False
ipsccp,gvn,0.001476380059784843,1.7511841150804555,0.07991676525357037,59761,59792,0.20309244616378963,False
ipsccp,gvn-hoist,-5.863983880405321e-05,-0.06284802576574897,0.9498876279771994,59901,59090,0.9770843055315768,False
ipsccp,gvn-sink,-2.2163006325848222e-05,-0.023924008607195957,0.9809132638975219,59412,59235,0.9925973161465084,False
ipsccp,newgvn,0.0015403298922093134,1.899534555451239,0.057496649013808784,59318,59434,0.1585611813648417,False
ipsccp,early-cse,0.0027704653678843894,3.124465742909982,0.0017817099203986215,59889,59259,0.007928609145773865,True
ipsccp,mergereturn,-0.0009603328282257184,-1.0222272995382307,0.30667541682195437,59395,59268,0.5219213091155034,False
ipsccp,globalopt,-0.00038603223244521034,-0.41141235218435374,0.6807709394028931,59694,59236,0.8315343102625482,False
ipsccp,strip-dead-prototypes,0.0008447681358446646,0.8998906621339479,0.36818026204823556,59733,59239,0.5841952618236995,False
ipsccp,indvars,-0.0010067907526839504,-1.0782395927333965,0.280929027519543,59812,59474,0.4946574063698428,False
ipsccp,mergeicmps,-0.0011597434828952702,-1.2365471795697438,0.21625767909714508,59562,59506,0.41230430879398267,False
ipsccp,separate-const-offset-from-gep,-0.0005718277792428061,-0.6121963006232266,0.5404090573479626,60003,59148,0.733024547479952,False
ipsccp,libcalls-shrinkwrap,-0.001501828660064486,-1.5995972158631293,0.10969061298247179,59688,59690,0.25957551291813113,False
ipsccp,flattencfg,-0.0007087232947887157,-0.7574099985164547,0.44880577342046957,59363,59174,0.6580020249773714,False
ipsccp,loop-reduce,-0.002598890816623456,-2.7738472578635647,0.005540631221337263,59688,59274,0.02176239905993653,True
ipsccp,loop-unroll,-0.0037905775579125667,-3.9801425640856833,6.891482359145436e-05,59704,59145,0.00039282452574109937,True
ipsccp,loop-rotate,-0.002047175510046406,-2.115475256878974,0.03439152860343665,59806,59483,0.10464430925490127,False
ipsccp,partial-inliner,-0.0003403030026066234,-0.36300705112645876,0.7166002633005085,59418,59316,0.8524321479601432,False
ipsccp,lower-expect,0.0006638579628465702,0.7100101803050963,0.4776992149980347,59431,59528,0.6829755844951821,False
ipsccp,alignment-from-assumptions,-0.0007939649572461516,-0.8507370901041471,0.394917122851942,59887,59379,0.608616864654941,False
ipsccp,rpo-function-attrs,-0.00043536682361711154,-0.4649775919171138,0.6419483550993907,59510,59397,0.8083182503437988,False
ipsccp,attributor,0.0015770466629492774,1.8369379326760835,0.06622155465460558,59550,59283,0.1767713756151571,False
ipsccp,inferattrs,-0.0027377719417556734,-2.9411472756555384,0.0032706214846002185,59437,59236,0.013647640564293774,True
ipsccp,called-value-propagation,-0.001287749520081205,-1.3736867592389583,0.16954154440408112,59455,59204,0.3501712488852224,False
ipsccp,licm,-0.0017747992947754199,-1.803187053731968,0.07136137185490375,59724,59261,0.18704895059156834,False
ipsccp,loop-simplify,-0.00044128259910808376,-0.46966707351183534,0.6385937583500748,59601,59124,0.8061680069951299,False
ipsccp,div-rem-pairs,-0.001109519366638445,-1.1904579114307559,0.23386883571281328,59894,59225,0.4348672177831799,False
ipsccp,float2int,-0.0008160946232981248,-0.8738058478272694,0.3822257611807546,59670,59182,0.5980008313159548,False
ipsccp,inline,-0.0011032985375541426,-1.1816386908731777,0.23735145018204273,59649,59645,0.43915703774466397,False
ipsccp,sink,0.00026495617679517247,0.28291204141797677,0.7772447549716356,59801,59439,0.8840227884022436,False
ipsccp,loop-vectorize,-0.016435632884485407,-17.656902023404474,1.1055681541994658e-69,59609,59374,1.2369728262414594e-67,True
ipsccp,slp-vectorizer,-0.0009731624862464594,-1.0402927045724468,0.29820604344400015,59722,59432,0.5115204596604808,False
ipsccp,callsite-splitting,-0.00030618818037841944,-0.3266500839904788,0.7439331329686978,59520,59392,0.8685874027147945,False
ipsccp,dfa-jump-threading,-0.00019888862634698246,-0.21243479674535656,0.831768205631838,59741,59129,0.9152138068531759,False
ipsccp,consthoist,-6.010528767153023e-05,-0.06403375710467668,0.9489434549374128,59746,59576,0.9766261680775056,False
ipsccp,mldst-motion,0.001199851453122791,1.2785707482895574,0.20105074953800345,59520,59496,0.3933106663345167,False
ipsccp,slsr,-0.0007445404611223783,-0.7958456336484693,0.4261233535267706,59618,59240,0.6378819007686674,False
ipsccp,loop-interchange,-0.0007545895322231266,-0.8048167700263471,0.42092703666785375,59483,59082,0.6330815406317198,False
ipsccp,loop-fusion,-0.002127602156562658,-2.259021981229213,0.02388382706032752,59286,59202,0.07685215017932832,False
ipsccp,loop-distribute,-0.0013423977491042738,-1.4281564119980708,0.15324946857287167,59645,59322,0.32793711417014504,False
ipsccp,loop-load-elim,-0.0002784945765975655,-0.2981570164296024,0.7655838466302541,59525,59572,0.8796392388100126,False
ipsccp,loop-sink,-0.00040917230312453867,-0.4348637924289641,0.6636620883437865,59578,59078,0.8206191152365859,False
ipsccp,loop-unroll-and-jam,-0.0010573486543403732,-1.1275558750343113,0.25950980289202374,59958,59104,0.4685294551061157,False
ipsccp,hotcoldsplit,-0.0014665193698964463,-1.5660422270282721,0.11734139498672669,59543,59270,0.27384320784745037,False
ipsccp,irce,-0.0031737304153229284,-3.376418137718474,0.0007345974958336728,59534,59239,0.0035646639326947487,True
ipsccp,nary-reassociate,-0.000348191358944816,-0.3712877210223656,0.7104239035757881,59549,59459,0.8485799617335136,False
ipsccp,scalarizer,-0.0030545423681004324,-3.230130760554384,0.0012376727127944517,59485,59302,0.00571977429564187,True
ipsccp,vector-combine,-0.0009479614865128272,-1.008575331027898,0.3131803964453235,59669,59186,0.5289990553846744,False
ipsccp,always-inline,2.7131159561044615e-05,0.02887077352822151,0.9769677036084171,59918,59221,0.9911413283239796,False
ipsccp,globalsplit,-0.00208593451116873,-2.224740612631881,0.026100527002802194,59314,59507,0.08276086133034283,False
ipsccp,lowerswitch,-0.0038245338768854165,-3.7892072118276796,0.0001512034840803678,59268,59287,0.0008292896970010089,True
ipsccp,early-cse-memssa,-0.0013608588051845505,-1.6638268540349976,0.09614967661453962,59427,59227,0.23497121154831035,False
ipsccp,simple-loop-unswitch,-0.0009785409780329046,-1.045648756096354,0.2957253607060849,59386,59241,0.5096698290049134,False
ipsccp,loop-versioning,-0.0018703022150325932,-1.9883224023634865,0.04677833053980331,59682,59382,0.13351599299844735,False
ipsccp,loop-flatten,-0.0006428270796859925,-0.6869278164647133,0.4921295535519714,60042,59161,0.6943993938769794,False
ipsccp,loop-reroll,-0.002828904631668794,-3.0123376835165376,0.002592987926898554,59589,58762,0.011195303993092324,True
ipsccp,loop-instsimplify,-0.0013606171975649728,-1.447991200448516,0.1476221630970718,59090,59159,0.320803768417388,False
ipsccp,loop-simplifycfg,-0.0007815189522631383,-0.8390998091010033,0.4014149920407322,59498,59291,0.6154820316489849,False
ipsccp,loop-predication,0.0001298946838365067,0.13887269245610726,0.8895509852717655,59779,59148,0.9477418283301086,False
ipsccp,speculative-execution,-0.001313149292867244,-1.3983256855267143,0.16201789044289344,59707,59471,0.340380808451701,False
ipsccp,partially-inline-libcalls,-0.002518203426427168,-2.6809148598053585,0.007343127087224393,59942,59533,0.02781014088353068,True
ipsccp,load-store-vectorizer,-0.0018980153994384574,-2.026677321203182,0.0426976512303005,59553,59314,0.12487229441214097,False
ipsccp,iroutliner,0.0016120146829436965,1.7388179116590012,0.08206937375237741,59873,59566,0.20734430168665158,False
ipsccp,global-merge,0.0002795478764893722,0.29794093984767495,0.7657487634324983,59260,59134,0.8796392388100126,False
ipsccp,break-crit-edges,-0.01149681094341054,-11.824365784763582,3.045589594866501e-32,59433,59161,6.054075560150873e-31,True
ipsccp,unreachableblockelim,0.0004246898659543974,0.45314826205711284,0.6504428113867211,59577,59383,0.8104149059466751,False
correlated-propagation,mem2reg,-0.0036491206840676416,-4.983130483700615,6.265126981337327e-07,59576,59404,4.289202317992477e-06,True
correlated-propagation,sroa,-0.0031710707216061063,-4.327487037709625,1.5094321627108841e-05,59179,59654,9.23718551882415e-05,True
correlated-propagation,instsimplify,0.0010504018737825804,1.1317635884161394,0.2577361149480436,59847,59438,0.46618689428939436,False
correlated-propagation,constmerge,-0.00020754817981677443,-0.2219404409611543,0.8243606273969004,59637,59875,0.912177512542035,False
correlated-propagation,function-attrs,-0.0007759323121335204,-0.8264288442319894,0.40856252351448497,59310,59721,0.6215737537228916,False
correlated-propagation,deadargelim,-0.0014805575075042543,-1.5848742074534456,0.11299756983989227,59424,59825,0.2659245694068618,False
correlated-propagation,globaldce,-0.0011509586061574928,-1.2382217432638147,0.21563628174821056,59716,59894,0.41171705476645176,False
correlated-propagation,elim-avail-extern,-0.0021406605760292408,-2.28757765471991,0.022163873420416473,59373,59741,0.07208781421457718,False
correlated-propagation,mergefunc,-0.0023309826660584676,-2.4838798388401995,0.012997336505185926,59026,59486,0.0458536664453226,True
correlated-propagation,instcombine,0.010331555292881822,12.039123419462015,2.3141221906875125e-33,59283,59717,4.8202672865597336e-32,True
correlated-propagation,simplifycfg,0.010136194691534539,11.08192230676513,1.5855306383088237e-28,59326,59874,2.5656768510815512e-27,True
correlated-propagation,tailcallelim,-0.0039131848877022035,-4.186046152445867,2.8405885072095668e-05,59734,59545,0.00017060957966614514,True
correlated-propagation,reassociate,-0.001466576346198456,-1.565239351477706,0.11752944645853418,59499,59993,0.2741187089527218,False
correlated-propagation,memcpyopt,-0.0017011888966605437,-1.8119469805136792,0.06999690939417452,59230,59777,0.184336178337315,False
correlated-propagation,sccp,-0.0004514824001959905,-0.4824915245772348,0.629457703408769,59516,59733,0.7987544933728903,False
correlated-propagation,dce,-0.0008806515693870476,-0.9412228516182278,0.3465925748539978,59742,59528,0.563878904498652,False
correlated-propagation,adce,0.0002771614548407464,0.2966162838150894,0.7667599942027101,59639,59563,0.8796392388100126,False
correlated-propagation,dse,0.005324541961532814,5.797509677577671,6.747692776719002e-09,59143,59368,4.8933268358577056e-08,True
correlated-propagation,jump-threading,0.00738538653049664,8.004855945014409,1.2067641763263654e-15,59294,59514,1.0813932527446332e-14,True
correlated-propagation,loop-idiom,-0.0011023606679667064,-1.1763739076455226,0.239447846118155,59579,59459,0.4414678744814948,False
correlated-propagation,loop-deletion,-0.0022239236413609254,-2.3731975447698823,0.01763640612931405,59328,59885,0.05958944469576689,False
correlated-propagation,gvn,0.0003600782183984519,0.4263193517133578,0.6698759271289328,59694,59772,0.8242921880495955,False
correlated-propagation,gvn-hoist,-0.0021164558698986147,-2.272201599593683,0.023076108383698682,59538,59780,0.07468267804178846,False
correlated-propagation,gvn-sink,-0.0020723125848099433,-2.235443902947539,0.02539007057419901,58982,59896,0.08076971272832113,False
correlated-propagation,newgvn,-0.0003099694892175209,-0.3826605881652255,0.7019721224660521,59618,59602,0.8453022237321833,False
correlated-propagation,early-cse,0.001571171761281298,1.770145634502708,0.07670544183687758,59552,59514,0.19735775968016595,False
correlated-propagation,mergereturn,-0.0010769155326245117,-1.1477045347116934,0.25109286732997516,59289,59650,0.45776520878220794,False
correlated-propagation,globalopt,0.0004351009016735907,0.4631750080439636,0.643239776679028,59611,59247,0.8086584185320692,False
correlated-propagation,strip-dead-prototypes,-0.002195797184423587,-2.348165400822768,0.018867767721309752,59250,59926,0.06304281433161177,False
correlated-propagation,indvars,-0.0012174535965999156,-1.3044323927570833,0.1920887076504204,59870,59691,0.38241961319727824,False
correlated-propagation,mergeicmps,-0.002924809713240717,-3.1089104181847977,0.0018782302892449516,59462,59273,0.00827350935059981,True
correlated-propagation,separate-const-offset-from-gep,-0.0010263435957302836,-1.097821872033099,0.2722844916507303,59829,59629,0.4844461923236074,False
correlated-propagation,libcalls-shrinkwrap,-0.0001894161029605823,-0.2023357284663948,0.8396546158724714,59368,59758,0.9200020917058193,False
correlated-propagation,flattencfg,0.00038386984693056236,0.4093490863625126,0.6822842365850229,59248,59395,0.8322767476311135,False
correlated-propagation,loop-reduce,-0.0030154791502629563,-3.2420880231081424,0.00118689815636129,59926,59808,0.0055004653021429725,True
correlated-propagation,loop-unroll,-0.0036031567213345994,-3.8080415371538883,0.00014014189966418973,59951,59205,0.0007740418604865542,True
correlated-propagation,loop-rotate,-0.0017139688287517996,-1.7665597892922913,0.07730453370198584,59750,59703,0.198377820430522,False
correlated-propagation,partial-inliner,-0.0008177539927490263,-0.8685900945993161,0.38507313226248313,59015,59615,0.6002971281607817,False
correlated-propagation,lower-expect,-0.0014477653583509498,-1.5475208192216419,0.12174037061699032,59208,59676,0.2804802073792663,False
correlated-propagation,alignment-from-assumptions,-0.0007525238366006826,-0.8028816275718617,0.42204475564126187,59611,59700,0.6341883421303794,False
correlated-propagation,rpo-function-attrs,-0.0017207101279728687,-1.8375980062162314,0.06612415526565009,59741,59226,0.17663178173280064,False
correlated-propagation,attributor,-0.00046998716894036674,-0.5499736299391186,0.5823384888864078,59718,59740,0.762688134608419,False
correlated-propagation,inferattrs,-0.0018807943648119774,-2.0199077599844326,0.04339519427612513,59458,59471,0.12606497090898072,False
correlated-propagation,called-value-propagation,-0.0004308920257622417,-0.460166298397306,0.6453976991988606,59656,59474,0.8088794706125393,False
correlated-propagation,licm,-0.005708204013134377,-5.819996526910772,5.899894145196567e-09,59556,59630,4.2944210915594346e-08,True
correlated-propagation,loop-simplify,-0.0012529484967334081,-1.3369242439471751,0.1812499253782998,59504,59340,0.3660089964888263,False
correlated-propagation,div-rem-pairs,-0.002255716705460542,-2.4099317259412447,0.015957009603184434,59624,59697,0.054861852156339104,False
correlated-propagation,float2int,-0.0006835605115022569,-0.7322508439722379,0.46401691920516797,59424,59523,0.6697404954180314,False
correlated-propagation,inline,-0.0033235630440203168,-3.55507586921078,0.00037801579088956986,59911,59634,0.0019174997890201498,True
correlated-propagation,sink,-0.00020095334183262148,-0.21430360737098814,0.8303106713164514,59794,59543,0.9152138068531759,False
correlated-propagation,loop-vectorize,-0.01688298917958342,-18.144030127815988,1.799131557311926e-73,59521,59476,2.272709412397904e-71,True
correlated-propagation,slp-vectorizer,-0.0012244572486416194,-1.304604859148492,0.1920299549063565,59649,59395,0.38241961319727824,False
correlated-propagation,callsite-splitting,-0.001158159703495254,-1.239818359777324,0.21504502465349035,59244,60108,0.4109889294988132,False
correlated-propagation,dfa-jump-threading,-0.0010441126155005809,-1.1190536597445633,0.26311951059916694,59160,59650,0.4728664541102973,False
correlated-propagation,consthoist,-0.001778137075495012,-1.8904519936973452,0.058699967501741064,59418,59365,0.16107857832528177,False
correlated-propagation,mldst-motion,-0.0006876467676171227,-0.7361281665480024,0.4616541490545169,59618,59779,0.6690969406661188,False
correlated-propagation,slsr,0.00045254621987167454,0.4853216749630211,0.6274490736498475,59846,59486,0.7976064031365084,False
correlated-propagation,loop-interchange,-7.15498890118127e-05,-0.0761570126538833,0.9392943103491589,59379,59573,0.9737333090424388,False
correlated-propagation,loop-fusion,-0.002639239383949832,-2.8130586482231363,0.004908073521649412,59400,59692,0.01957231762808462,True
correlated-propagation,loop-distribute,-0.001637097943086252,-1.746724690133306,0.08068769132053646,59481,59266,0.20438098267219973,False
correlated-propagation,loop-load-elim,-0.002766823226730608,-2.9425132641827267,0.0032562270985779756,59460,59378,0.013608735664921401,True
correlated-propagation,loop-sink,-3.608904970786586e-05,-0.038479368414373515,0.9693055455655384,59357,59465,0.987979683361407,False
correlated-propagation,loop-unroll-and-jam,-0.00142282669562116,-1.5199719858651621,0.12852067250805213,59728,59313,0.29255088420141273,False
correlated-propagation,hotcoldsplit,-0.0007986476309602142,-0.8525917649572692,0.39388744608261617,59235,59829,0.6083329722588907,False
correlated-propagation,irce,-0.0028147329241949848,-3.0140554594408955,0.0025783483838477906,59488,59746,0.01115669864215243,True
correlated-propagation,nary-reassociate,-0.001872948944394437,-2.0020735936118847,0.045279078114255245,59431,59833,0.12999477265060377,False
correlated-propagation,scalarizer,-0.0040920209405063135,-4.327454988980549,1.509652383056041e-05,59455,59360,9.23718551882415e-05,True
correlated-propagation,vector-combine,-0.001748412350520201,-1.870294218642113,0.06144542872481847,59183,59642,0.1670974297822147,False
correlated-propagation,always-inline,-0.0008020832354503349,-0.8529764197842089,0.39367409812888327,59353,59623,0.6083329722588907,False
correlated-propagation,globalsplit,-0.0021047130141189085,-2.244732927457361,0.024787116879135058,59176,59532,0.07923783648872888,False
correlated-propagation,lowerswitch,-0.002368210577168961,-2.352247445383679,0.018661977579623436,59341,59603,0.062461798463081517,False
correlated-propagation,early-cse-memssa,-0.002262526852637836,-2.75790211952122,0.005818250761876677,59136,59614,0.022716121618653107,True
correlated-propagation,simple-loop-unswitch,-0.00019371408763019238,-0.20650659241956995,0.8363955696583059,59439,59347,0.9184871146331817,False
correlated-propagation,loop-versioning,-0.0017435826331030357,-1.8537920769056166,0.06377137771626928,59629,59760,0.17145360333774118,False
correlated-propagation,loop-flatten,-0.0011442954896451751,-1.219745146616072,0.22256391645334156,59805,59322,0.42004813302313593,False
correlated-propagation,loop-reroll,-0.0018921012519045322,-2.0266875768040857,0.042696590098588755,59769,59721,0.12487229441214097,False
correlated-propagation,loop-instsimplify,-0.0015130790861264676,-1.6136315214264343,0.10661003454110934,59234,59459,0.25379020988631257,False
correlated-propagation,loop-simplifycfg,-0.0018880230824887545,-2.020253533380738,0.043359334382656656,59460,59419,0.12605430842055193,False
correlated-propagation,loop-predication,-0.004064884316758555,-4.329177043646937,1.4978977965664803e-05,59427,59432,9.208426642628473e-05,True
correlated-propagation,speculative-execution,-0.0009061254122804674,-0.9671201686382659,0.333485931563882,59525,59361,0.5510256995798152,False
correlated-propagation,partially-inline-libcalls,-0.0011136921748633455,-1.1913878453963007,0.2335037317991455,59528,59827,0.43439459084344595,False
correlated-propagation,load-store-vectorizer,-0.0015444981410827618,-1.6533298859266046,0.09826637556351535,59440,59861,0.2387165798428822,False
correlated-propagation,iroutliner,-0.0008268398925020404,-0.8893980306574352,0.3737909935956325,59976,59523,0.589752429863214,False
correlated-propagation,global-merge,-0.0015242025431475015,-1.6247600555324793,0.10421634699342736,59588,59264,0.249761906910633,False
correlated-propagation,break-crit-edges,-0.010559033464014156,-10.835188942112232,2.414934047837175e-27,59401,59473,3.737897917521888e-26,True
correlated-propagation,unreachableblockelim,-0.0010883491585360061,-1.1581559265756503,0.24680274381212816,59173,59368,0.4520484306680514,False
mem2reg,sroa,-7.414291314672417e-05,-0.10055521408391131,0.9199037198555662,59387,59604,0.9649156931138765,False
mem2reg,instsimplify,0.005329688977059044,7.3132214987305995,2.624446794091541e-13,59557,59305,2.1545772842059696e-12,True
mem2reg,constmerge,0.0025756949772681725,3.5116839268644933,0.0004454416842251343,59592,59658,0.00224209464707664,True
mem2reg,function-attrs,0.0018044169814148692,2.4457778578163323,0.01445543687330371,59760,59564,0.05013949583335458,False
mem2reg,deadargelim,0.002422503025401812,3.3019733537880795,0.0009603532173465007,59811,59753,0.004558476605004723,True
mem2reg,globaldce,0.0016720978073485049,2.2911000038860023,0.021959367679346573,59700,59462,0.07160106896945977,False
mem2reg,elim-avail-extern,0.0019878890710119945,2.7321422797885315,0.006293323848290324,59725,59343,0.024419404085274765,True
mem2reg,mergefunc,0.001931073361793656,2.6337288899544897,0.008446380889098111,59333,59726,0.03126278597514953,True
mem2reg,instcombine,0.007288512978403494,10.18513003975557,2.364339477166362e-24,59539,59450,3.0456425633498264e-23,True
mem2reg,simplifycfg,0.01579954822803692,22.568720710294894,1.5150626765203458e-112,59824,59615,3.296103022918708e-110,True
mem2reg,tailcallelim,0.002998915186492035,4.085575542922309,4.399635249100625e-05,59715,59726,0.0002598638255728212,True
mem2reg,reassociate,0.001833331019981066,2.4972202086450004,0.012518465162512303,59182,59418,0.044283929156637925,True
mem2reg,memcpyopt,0.001785844392052538,2.4160566250042526,0.015691117890761414,59430,59501,0.054042583694126387,False
mem2reg,sccp,0.0029877856542326886,4.066927621912089,4.766754702667785e-05,59848,59595,0.0002802794506853911,True
mem2reg,dce,0.0033638763014894324,4.593054128978599,4.3725168578814815e-06,59705,59473,2.8681366860073507e-05,True
mem2reg,adce,0.003365468728065535,4.59998993090966,4.22943463441405e-06,59805,59865,2.7789372530814462e-05,True
mem2reg,dse,0.0013732974148052968,1.8747120077239212,0.06083479085459553,59594,59927,0.1661401912252168,False
mem2reg,jump-threading,0.013794734806849118,19.27913387081105,1.0760299037559879e-82,59416,59573,1.5049046796815887e-80,True
mem2reg,loop-idiom,0.0013025307820667131,1.7725145618993385,0.07631174261644683,59249,59552,0.1967325767518142,False
mem2reg,loop-deletion,0.0012712369735256024,1.7374048019667825,0.08231831901147157,59961,59617,0.2074379261576079,False
mem2reg,gvn,0.0156346666934295,21.255667648408643,4.4838938735998426e-100,59874,59842,7.981331095007719e-98,True
mem2reg,gvn-hoist,0.00272822634974601,3.7193119591903976,0.0001998578317276425,59582,59491,0.0010706474268747579,True
mem2reg,gvn-sink,0.002388135778300493,3.283053765496231,0.001027186722459925,59427,59588,0.004840509272145688,True
mem2reg,newgvn,0.0034533042743611353,4.855037156823872,1.2051632099004186e-06,59515,59609,8.10896757726811e-06,True
mem2reg,early-cse,0.006665903756266189,9.260575187996249,2.0657260959110955e-20,59483,59513,2.234636296018743e-19,True
mem2reg,mergereturn,0.0016473193449405565,2.2371101437248493,0.025280996803133584,58952,59380,0.08055360738899195,False
mem2reg,globalopt,0.0025902495261313496,3.5280995674803433,0.0004187116446986114,59630,59885,0.0021129829905151575,True
mem2reg,strip-dead-prototypes,0.0023970838387066817,3.2726952655674024,0.0010655750569548204,59858,59547,0.004997355596449194,True
mem2reg,indvars,0.004283375845757775,5.851390581953889,4.88742490448376e-09,59939,59897,3.5640886268078964e-08,True
mem2reg,mergeicmps,0.0014379197681594902,1.951009146370381,0.051058291334104035,59582,59926,0.1435350099528725,False
mem2reg,separate-const-offset-from-gep,0.002612864865806641,3.5572703588349848,0.00037487356671777347,59887,59457,0.001906499853593248,True
mem2reg,libcalls-shrinkwrap,0.002080820851835974,2.8385958264921722,0.004532015375765108,59585,59867,0.01831514160113123,True
mem2reg,flattencfg,0.002394662588154517,3.2612383458959324,0.0011095805628120112,59350,59238,0.005178924295556419,True
mem2reg,loop-reduce,-0.0012992448143013258,-1.7926714478746142,0.07302799870806706,60121,59617,0.19077894792581093,False
mem2reg,loop-unroll,-0.0033637854465912165,-4.441681117141681,8.933906798688651e-06,59693,59597,5.651886756650203e-05,True
mem2reg,loop-rotate,0.002508223185463565,3.2561552815483745,0.001129634640991619,59871,59448,0.005261382114876312,True
mem2reg,partial-inliner,0.0010071638404290928,1.374859331348831,0.1691776409083598,59705,59646,0.3496040326106264,False
mem2reg,lower-expect,0.0032262365547602867,4.405735796973251,1.0551706616180213e-05,59483,59847,6.615558157024507e-05,True
mem2reg,alignment-from-assumptions,0.001017386334760284,1.3820878412272166,0.1669473190787667,59450,59907,0.3471405300912103,False
mem2reg,rpo-function-attrs,0.0010370397700996126,1.414982956767067,0.15707611005407948,59257,59785,0.3333037268488904,False
mem2reg,attributor,0.0017111895510275033,2.3343137505098275,0.019580954270296835,59639,59367,0.06503733411576115,False
mem2reg,inferattrs,0.001643165174014194,2.2500039313984437,0.024450513642483424,59253,59849,0.07828962504003686,False
mem2reg,called-value-propagation,0.0032209075614726412,4.413618073466022,1.0174604249377801e-05,59780,59802,6.416062840670446e-05,True
mem2reg,licm,0.011616584338043578,15.600586464870334,8.179168105090225e-55,59459,59337,4.2144239867807e-53,True
mem2reg,loop-simplify,0.00275946173230579,3.743971482613334,0.00018121938486405226,59557,59513,0.0009734638012724674,True
mem2reg,div-rem-pairs,0.0027680513839361542,3.7801534095794804,0.0001568077491440921,59925,59794,0.0008564283760784724,True
mem2reg,float2int,0.00231835435193134,3.1724212369400036,0.001512119810077002,59520,59393,0.006853543028080485,True
mem2reg,inline,0.0019344757655573308,2.6569923696043407,0.007885170651943567,59732,59756,0.029548639495704316,True
mem2reg,sink,0.002634779271412091,3.5681162478325104,0.0003596983441339723,59853,59075,0.001834086869308119,True
mem2reg,loop-vectorize,-0.031037241188855813,-42.32524703373577,0.0,59596,59674,0.0,True
mem2reg,slp-vectorizer,0.0020683243090932057,2.8214852850486674,0.004780972458817304,59942,59476,0.01922206175434144,True
mem2reg,callsite-splitting,0.001637449682498071,2.2252322685551644,0.026067520191498474,59349,59425,0.08272318401127068,False
mem2reg,dfa-jump-threading,0.00130926966125261,1.7929216728218083,0.07298797836531873,59552,59967,0.19077894792581093,False
mem2reg,consthoist,0.0014656051850461815,1.9964197457151243,0.045890524250214705,59626,59547,0.13165369447900424,False
mem2reg,mldst-motion,0.0026672002747741286,3.639876312030963,0.00027288415430687423,59363,60024,0.0014229219018185347,True
mem2reg,slsr,0.0022012890511784455,2.9929298950190417,0.0027636957372369013,59584,60141,0.01178936002943323,True
mem2reg,loop-interchange,0.0026556163008438216,3.630647410532949,0.00028282963894138327,59673,59382,0.0014669680345621946,True
mem2reg,loop-fusion,0.001552056005384217,2.1175295386791193,0.034216995431455226,59563,59664,0.10419421003855263,False
mem2reg,loop-distribute,0.003181990152025971,4.312366520248203,1.61646395164784e-05,59785,59038,9.859926533727324e-05,True
mem2reg,loop-load-elim,0.002393702164778466,3.2460386886218506,0.00117055187996215,59690,59648,0.0054311388174547144,True
mem2reg,loop-sink,0.00120059697751973,1.6348031010528203,0.10209296912492398,59706,59605,0.24557497978697929,False
mem2reg,loop-unroll-and-jam,0.0017416691447031396,2.3779737668225245,0.017409626649283725,59960,59589,0.059026924639476244,False
mem2reg,hotcoldsplit,0.001683206513716451,2.3011418335332694,0.021385332367867462,59714,59481,0.07025584022866525,False
mem2reg,irce,0.0021563475977627866,2.9619243951451626,0.003057830089488197,59736,59701,0.012848135869566287,True
mem2reg,nary-reassociate,0.001269900040752503,1.7290724323553117,0.08379872080303716,59479,59776,0.21062630979762098,False
mem2reg,scalarizer,-0.0014875610775066939,-1.971275634937973,0.04869467697739684,59514,59435,0.13788022779716996,False
mem2reg,vector-combine,0.0026615011534836808,3.6339554141573154,0.0002792261234369453,59850,59553,0.0014521241691621218,True
mem2reg,always-inline,0.003553316003826912,4.82106175505377,1.4297111755354538e-06,59916,59699,9.58689890992609e-06,True
mem2reg,globalsplit,0.003371658144055323,4.591511385230299,4.404954262393996e-06,59469,59954,2.879766425965758e-05,True
mem2reg,lowerswitch,0.0010552155827079912,1.274332510110781,0.20254809187707648,59586,59246,0.39520594309448503,False
mem2reg,early-cse-memssa,0.003816558864906172,5.329978178399441,9.840229909417211e-08,59546,59796,6.905795757218244e-07,True
mem2reg,simple-loop-unswitch,0.0017596161348761297,2.4001692089640523,0.016389013836689323,59854,59708,0.056149937169269803,False
mem2reg,loop-versioning,-7.081728954350108e-05,-0.09628060013292036,0.9232978804339135,59408,59721,0.9664887729963125,False
mem2reg,loop-flatten,0.0003936817880334509,0.5373967626840044,0.5909945776684671,60142,59607,0.7688905506502771,False
mem2reg,loop-reroll,0.0026740755955476647,3.634239849224583,0.0002789186209617008,59540,59561,0.0014521241691621218,True
mem2reg,loop-instsimplify,0.0029776382233769327,4.069852282349017,4.707321767865055e-05,59509,59795,0.0002772010833527753,True
mem2reg,loop-simplifycfg,0.002039752564459596,2.7937741278709916,0.005210517064053475,59702,59410,0.020631329446747632,True
mem2reg,loop-predication,0.0020648766020957,2.8208932089513894,0.004789806026412427,59923,59202,0.019232330251066646,True
mem2reg,speculative-execution,0.0029727918370451856,4.0631879266194595,4.8437877034610664e-05,60013,59625,0.0002839561773466098,True
mem2reg,partially-inline-libcalls,0.0017395290724691592,2.3861547502380938,0.017027130404962225,59736,59905,0.05798108057898441,False
mem2reg,load-store-vectorizer,0.0026772025589448245,3.648168989450446,0.00026422841905749517,59383,59847,0.0013851653132920365,True
mem2reg,iroutliner,0.01032945524083273,14.104320913881482,3.884110853791668e-45,59554,59736,1.346033460482139e-43,True
mem2reg,global-merge,0.0021876638037517937,2.984371568818257,0.002842192268199452,59382,59482,0.012045481517607202,True
mem2reg,break-crit-edges,-0.007055505699210873,-9.021688961826978,1.8787409322821703e-19,59243,59672,1.9310103650438267e-18,True
mem2reg,unreachableblockelim,0.00150597169366129,2.0495713555334536,0.040408465636668944,59538,59447,0.11978769979802845,False
sroa,instsimplify,0.004644004190128892,6.411099339006442,1.4501606675060183e-10,59617,58679,1.092082533452609e-09,True
sroa,constmerge,0.002267478699318093,3.079267443941337,0.0020755772019984864,59369,59208,0.009101859264306913,True
sroa,function-attrs,0.0017817879092700828,2.418965012103554,0.015566225835967583,59499,59600,0.05365963061060656,False
sroa,deadargelim,0.0019250148308233017,2.61360829584197,0.008960296718667198,59522,59401,0.033071179972008244,True
sroa,globaldce,0.0013636835677006687,1.857530117301889,0.06323824392450728,59489,59275,0.1706691683034945,False
sroa,elim-avail-extern,0.0013714221323569697,1.8745830230279557,0.06085257534904679,58972,59200,0.1661401912252168,False
sroa,mergefunc,0.0013949044493442586,1.913224177398463,0.05572175388755691,59398,59756,0.15464662524711045,False
sroa,instcombine,0.006424931615388485,9.006912984626917,2.1497509799768964e-19,59514,58928,2.192298134788939e-18,True
sroa,simplifycfg,0.014000043983190325,19.927345522823785,3.287486645076323e-88,60032,58949,5.039290701976388e-86,True
sroa,tailcallelim,-0.00019379961901122567,-0.264226337428628,0.7916059762960974,59760,58979,0.8940944790551533,False
sroa,reassociate,0.0022851084941847843,3.1120373847485774,0.0018584506927190137,59472,59177,0.008204839811372782,True
sroa,memcpyopt,0.002118063534106207,2.876807131250014,0.004017924561503621,59447,59492,0.01647559432758972,True
sroa,sccp,0.0022949953810654233,3.137241651538896,0.0017058687824503306,60049,59536,0.007617083411716642,True
sroa,dce,0.0017270860971496105,2.3614864190756917,0.018203441156782966,59528,59426,0.0611885627209975,False
sroa,adce,0.0021174631926670906,2.8728700661065836,0.004068331680155674,59761,59426,0.016630048913872254,True
sroa,dse,0.0009309043935485928,1.2782182021980661,0.20117499097753755,59576,59521,0.3933106663345167,False
sroa,jump-threading,0.01223487079156338,17.137905176296147,9.285957961092976e-66,59505,59450,8.658050327533356e-64,True
sroa,loop-idiom,0.0007972113290897198,1.0858756822134776,0.2775361950978668,59619,59491,0.49106049045286715,False
sroa,loop-deletion,0.0009336028160401577,1.279072090121086,0.20087416272203668,59395,59716,0.3933106663345167,False
sroa,gvn,0.013335249684133355,18.13906389183499,1.968354718711913e-73,59478,59799,2.4087740870237033e-71,True
sroa,gvn-hoist,0.00033218001473656056,0.4565495122220159,0.6479957098219207,59390,59430,0.8089559639304624,False
sroa,gvn-sink,0.0016488397969643964,2.2699606384628437,0.023211757995643397,59402,59189,0.07499772632915803,False
sroa,newgvn,0.0043562379046966915,6.111683092592575,9.88920683858216e-10,59328,59063,7.362382885910215e-09,True
sroa,early-cse,0.005852205894907314,8.139432718127809,4.009362562730326e-16,59380,59193,3.676970443946594e-15,True
sroa,mergereturn,0.0013191492485782885,1.7957454712846586,0.07253755906949433,59230,58999,0.18987772815249984,False
sroa,globalopt,0.001541119005975422,2.106164253112694,0.03519217822422039,59616,59263,0.10666607579415406,False
sroa,strip-dead-prototypes,0.0018819340348803504,2.557781786522553,0.010535444377330824,59551,59499,0.03809492168201986,True
sroa,indvars,0.0031934151148215184,4.3666526957304725,1.262709537720035e-05,59878,59649,7.824004034353888e-05,True
sroa,mergeicmps,0.0001702136956530098,0.22894247187605457,0.8189140237183999,59302,59408,0.9100894612489406,False
sroa,separate-const-offset-from-gep,0.0006438742261925534,0.878442014809857,0.3797056596275475,59671,59750,0.5950089488201185,False
sroa,libcalls-shrinkwrap,0.0013605695695569353,1.8490772784153648,0.06444913807583721,59200,59600,0.1728649484280675,False
sroa,flattencfg,0.001063479697103853,1.4516859900536982,0.1465915786304621,59548,59194,0.319450540855253,False
sroa,loop-reduce,-0.0019602824941620245,-2.673508937106729,0.007507250726310597,59546,59580,0.028376828034973257,True
sroa,loop-unroll,-0.004394236645057559,-5.80938604232865,6.286188871873696e-09,59673,59229,4.567108649769461e-08,True
sroa,loop-rotate,0.0021064721581916523,2.7255075825968675,0.006421210245101835,59596,59248,0.024773851546619492,True
sroa,partial-inliner,0.0019329952294666053,2.628573242007494,0.008575493012757441,59434,59289,0.03171069937484244,True
sroa,lower-expect,0.0007055160545019756,0.9618883067660159,0.3361076743500269,59279,59317,0.5539552410583777,False
sroa,alignment-from-assumptions,0.0018078223702828744,2.4698646146918537,0.01351781085430939,59467,59598,0.04730629786012115,True
sroa,rpo-function-attrs,0.0026119781950918464,3.574189096255126,0.0003514541114693057,59530,59294,0.0017943863109697537,True
sroa,attributor,0.00033476060627929405,0.4560801256157625,0.6483331952260196,59503,59261,0.8089559639304624,False
sroa,inferattrs,0.0019901352536477734,2.7185251823008842,0.0065583211575841825,59357,59039,0.02522827667298591,True
sroa,called-value-propagation,0.002055308444347037,2.8186687748187427,0.004823121148460462,59601,59363,0.01929248459384185,True
sroa,licm,0.011546658715961888,15.605836512628711,7.53545952430461e-55,59218,59398,3.93451459962358e-53,True
sroa,loop-simplify,0.0022084876427222455,2.996991585515923,0.002727144657716463,59528,59449,0.011671583037833519,True
sroa,div-rem-pairs,0.0013225695793661618,1.806494361014135,0.07084367462893608,59876,59347,0.18595997193813554,False
sroa,float2int,0.0013528801936498747,1.8560283810736662,0.06345199051794523,59461,59184,0.171012593997482,False
sroa,inline,0.0017022653849844693,2.332867741782831,0.019656744447895825,59311,59772,0.06517850233527522,False
sroa,sink,0.0027255779196261876,3.7155651595530186,0.00020284268234733275,59718,59328,0.001084987806818012,True
sroa,loop-vectorize,-0.031552954400345,-43.04287860407881,0.0,59502,59560,0.0,True
sroa,slp-vectorizer,0.0023828393968608474,3.266283306714362,0.0010899991227041092,59728,59572,0.005105785364245563,True
sroa,callsite-splitting,0.0003631850464604902,0.49495674447199567,0.6206315693683507,59568,59267,0.7929504814507214,False
sroa,dfa-jump-threading,0.0012404531557643206,1.7029832973718764,0.0885738059880568,59470,59517,0.21938964215637596,False
sroa,consthoist,0.0010514817469835513,1.4382753101898464,0.15035858760473894,59210,59672,0.3244100435593155,False
sroa,mldst-motion,2.0922508442822174e-05,0.028506747356140717,0.9772580344687066,59827,59051,0.991179089090768,False
sroa,slsr,0.0016682669811516337,2.277443689141093,0.02276150352461933,59895,59538,0.07384759552809386,False
sroa,loop-interchange,0.001481011690930456,2.0248164458988476,0.04288844794804771,59592,59212,0.125278496810154,False
sroa,loop-fusion,0.0013937059058695134,1.8969621879581657,0.057835354816623885,59349,59299,0.1592709208592821,False
sroa,loop-distribute,0.0022924980234670933,3.111510563606919,0.0018617694920789712,59392,59307,0.008210235733086994,True
sroa,loop-load-elim,0.002370557999419931,3.2299157603701456,0.0012386028096793426,59819,59254,0.00571977429564187,True
sroa,loop-sink,0.0008402055556074872,1.144963747486078,0.25222647906953144,59306,59647,0.4591905588267248,False
sroa,loop-unroll-and-jam,0.0009780582748124544,1.333777057253818,0.18227949060990561,59831,58908,0.36718440598168234,False
sroa,hotcoldsplit,0.0012483114281624519,1.7107366175730727,0.08713235431804761,59363,59537,0.21719306143187425,False
sroa,irce,0.0007459148921693526,1.018032191049406,0.30866472797849603,59363,59631,0.5234868231978305,False
sroa,nary-reassociate,0.001983945337701909,2.701853381441434,0.006896396319943684,59339,59289,0.026371734931789362,True
sroa,scalarizer,-0.0021790036408006475,-2.9016996223152534,0.003712127001607994,59290,59564,0.015334060483435554,True
sroa,vector-combine,0.0009529144309022852,1.2969621664873243,0.1946467181507013,59736,59320,0.38522489068156096,False
sroa,always-inline,0.0016751029184730037,2.2860727778994065,0.022251754344191795,59625,59109,0.0723135850720789,False
sroa,globalsplit,0.0004948869101908948,0.6715217758924259,0.5018895000103273,59153,59474,0.7029325043063096,False
sroa,lowerswitch,1.8821526352463813e-06,0.002284579661529073,0.9981771745904666,59410,59122,0.9990925656340707,False
sroa,early-cse-memssa,0.002919154068007246,4.071521826046373,4.673718686354231e-05,59312,59549,0.0002756367827675176,True
sroa,simple-loop-unswitch,0.001340597554884304,1.8271778163140087,0.06767555341920335,59201,59241,0.17955112953224955,False
sroa,loop-versioning,-0.0009797035324287107,-1.3212568622579348,0.18641827194094332,59521,59688,0.3739825578487367,False
sroa,loop-flatten,0.000436384945676771,0.5948525017900022,0.5519432007170509,59465,59584,0.7415405894087103,False
sroa,loop-reroll,-6.70594136356617e-05,-0.09115871661972233,0.9273666315254253,59250,59467,0.9691060087910431,False
sroa,loop-instsimplify,0.002186792911265112,3.0017875851474694,0.0026845517477280035,59122,59614,0.011514462917965894,True
sroa,loop-simplifycfg,9.677008384573194e-05,0.1316701988297909,0.8952453802113006,59483,59852,0.9502841917332528,False
sroa,loop-predication,0.0013146277184495347,1.7892321674975455,0.07357997928785676,59641,59182,0.19170938049983172,False
sroa,speculative-execution,9.378962785561162e-05,0.128095479370012,0.8980736303959006,59642,59129,0.9520455702843387,False
sroa,partially-inline-libcalls,0.0008240830751196082,1.132558849362952,0.2574018366007065,59609,59560,0.46584174992460364,False
sroa,load-store-vectorizer,0.002460594869994448,3.3638821239161367,0.0007687862023158513,59635,59265,0.0037167490966282394,True
sroa,iroutliner,0.009420693676462755,12.846763411514212,9.502898390645954e-38,59536,59442,2.5315204148142556e-36,True
sroa,global-merge,0.0017298939165318328,2.3412679498467117,0.019220017411141935,59251,59210,0.06405581972938879,False
sroa,break-crit-edges,-0.008755194961651613,-11.217796521413394,3.4496007169235706e-29,59299,59452,5.797698028958241e-28,True
sroa,unreachableblockelim,0.0014979482635548158,2.0342189068987486,0.041931744890783565,59527,59344,0.12306326640590054,False
instsimplify,constmerge,-0.002498334013194159,-2.6835010535381514,0.007286584452499601,59376,59337,0.027622715117123366,True
instsimplify,function-attrs,-0.003746262425008251,-4.024425968186129,5.7149765362101534e-05,59531,59409,0.0003305738274120969,True
instsimplify,deadargelim,-0.002131351483485644,-2.2948045618555852,0.02174605921729693,59633,59364,0.07120197984526319,False
instsimplify,globaldce,-0.0024607341375227354,-2.6534561622885375,0.00796827227950093,59711,59046,0.029746190892779446,True
instsimplify,elim-avail-extern,-0.002972901568749353,-3.210901962743879,0.0013235426992173518,59317,59446,0.0060904738074443595,True
instsimplify,mergefunc,-0.0024084937663566564,-2.5907304670874454,0.009578421164574117,59236,59140,0.03502249979502543,True
instsimplify,instcombine,0.007499390194929845,8.70320521787231,3.266596282624168e-18,59710,59173,3.2221639906187007e-17,True
instsimplify,simplifycfg,0.008504645440571779,9.341308532704097,9.67180738247972e-21,60029,59126,1.066895710134946e-19,True
instsimplify,tailcallelim,-0.0057225036362547055,-6.210597413774358,5.29568989143307e-10,59578,59652,3.9651857772183374e-09,True
instsimplify,reassociate,-0.0015423303295123425,-1.6508370967969084,0.09877448314132299,59493,59465,0.23965357867498194,False
instsimplify,memcpyopt,-0.0027897908920007652,-2.992140392838585,0.0027708582807782116,59406,59143,0.011789446354075087,True
instsimplify,sccp,-0.00020597694839646907,-0.22294373338152837,0.8235796805863865,59792,59400,0.9120776040772854,False
instsimplify,dce,-0.000860150494694123,-0.9244160882674548,0.35527159066421676,59935,59408,0.572198615836446,False
instsimplify,adce,-0.0014988898213195712,-1.6221149597360585,0.10478137488890396,59619,59835,0.25065599515268655,False
instsimplify,dse,0.0047958738133103695,5.285766602671748,1.2539983077382375e-07,59344,59420,8.769031023398104e-07,True
instsimplify,jump-threading,0.0054888819859984506,5.99630025468945,2.024433655029274e-09,59471,59408,1.487370017466161e-08,True
instsimplify,loop-idiom,-0.0011866427117180334,-1.2807630674554589,0.2002793942102686,59442,59661,0.3927361581008572,False
instsimplify,loop-deletion,-0.0026709602134423194,-2.8752759486033996,0.00403746291734587,59551,59150,0.016538394125864463,True
instsimplify,gvn,-0.00024007656869634575,-0.2856947144405423,0.7751124491770349,59547,59806,0.8831365583291443,False
instsimplify,gvn-hoist,-0.0019575093209855954,-2.1197955388451697,0.034025356295709186,59515,59466,0.1038529191379557,False
instsimplify,gvn-sink,-0.0039154510861608705,-4.27928556787661,1.8764025978858284e-05,59558,59611,0.00011374601506688705,True
instsimplify,newgvn,-0.0017878121095182276,-2.216177260386625,0.02668124153696813,59951,59512,0.08446543400062022,False
instsimplify,early-cse,0.0010359056606815686,1.1684530515060725,0.24262640905589294,59557,59353,0.44585876014212894,False
instsimplify,mergereturn,-0.002537049932933022,-2.726100858306914,0.006409680936118345,59306,59444,0.024773851546619492,True
instsimplify,globalopt,-0.0008305007924704344,-0.8920705907166848,0.37235690620468437,59276,59373,0.5882007441297071,False
instsimplify,strip-dead-prototypes,-0.0023232445504601795,-2.5096588545093717,0.012086098592002149,59405,59860,0.042948422945807994,True
instsimplify,indvars,-0.0024339880289618865,-2.6249291187148702,0.00866780680163451,59714,59443,0.032021822108679945,True
instsimplify,mergeicmps,-0.0028608195777234946,-3.0706316429446847,0.0021365489761022037,58965,59381,0.009337863605375255,True
instsimplify,separate-const-offset-from-gep,-0.0029735034441509267,-3.19261726490804,0.0014102643120644325,59121,59603,0.006436590962755615,True
instsimplify,libcalls-shrinkwrap,-0.0037662229547158477,-4.063310702417623,4.841262055914411e-05,59548,59237,0.0002839561773466098,True
instsimplify,flattencfg,-0.0021709515936134127,-2.3335799883044746,0.019619390615077364,59174,59200,0.06510977427851099,False
instsimplify,loop-reduce,-0.004959478563524133,-5.347397726909286,8.93919914357734e-08,59379,59464,6.28472241404827e-07,True
instsimplify,loop-unroll,-0.0036934336165855286,-3.920337548711013,8.847455628022764e-05,59651,59250,0.0004977964976916257,True
instsimplify,loop-rotate,-0.005113483005722508,-5.30938670967581,1.1019199318566217e-07,59787,58838,7.719353225671791e-07,True
instsimplify,partial-inliner,-0.0024242888691544118,-2.6030649436068547,0.009240592541857235,59583,59263,0.033973110177432146,True
instsimplify,lower-expect,-0.00037772844665784344,-0.40618295828728085,0.684608905275533,59608,59367,0.8338813291007736,False
instsimplify,alignment-from-assumptions,-0.0027786684164639586,-2.991932093793106,0.0027727477252561684,59563,59336,0.011789446354075087,True
instsimplify,rpo-function-attrs,-0.0034335739984490687,-3.695422654379043,0.00021961991541975354,59413,59248,0.0011701110051479658,True
instsimplify,attributor,0.0010709758829553495,1.258586146719419,0.2081823286483165,59525,59195,0.4029866529840867,False
instsimplify,inferattrs,-0.005425156037732026,-5.874614246567968,4.249555271722682e-09,59362,59234,3.104712396280974e-08,True
instsimplify,called-value-propagation,-0.0014301188610468252,-1.5489709391542248,0.1213913640229331,59512,59556,0.2801229119114944,False
instsimplify,licm,-0.005604606513871624,-5.741864813886503,9.3867186412621e-09,59222,59433,6.769500957492151e-08,True
instsimplify,loop-simplify,-0.0009692835503988251,-1.0445780108454752,0.2962201738779786,59731,59003,0.5101135448136166,False
instsimplify,div-rem-pairs,-0.0026099342113197754,-2.8206559286259876,0.004793348908335303,59727,59498,0.019232330251066646,True
instsimplify,float2int,-0.002091116883978339,-2.251313327377463,0.024367519579944933,59482,59281,0.078087730503326,False
instsimplify,inline,-0.002731580890241947,-2.9440082180059455,0.0032405389324273973,59702,59487,0.013572139528754747,True
instsimplify,sink,0.00013830949554144434,0.14853242214664591,0.8819228521109278,59620,59446,0.9425791181403912,False
instsimplify,loop-vectorize,-0.01832436014164368,-19.92645764192608,3.345800772507305e-88,59272,59640,5.039290701976388e-86,True
instsimplify,slp-vectorizer,-0.003126310111183417,-3.374144150077683,0.0007406918760014536,59410,59654,0.003585351528333365,True
instsimplify,callsite-splitting,-0.0027311900514799814,-2.940968629004424,0.0032725062537977156,59618,59418,0.013647640564293774,True
instsimplify,dfa-jump-threading,-0.002134026029725289,-2.297396510984484,0.02159789348510231,59306,59300,0.07083530225097207,False
instsimplify,consthoist,-0.0023568107036080477,-2.530150922498527,0.011402628518113175,59458,59299,0.04081599019829177,True
instsimplify,mldst-motion,-0.0033526957570842453,-3.6031098120005183,0.0003145606395955576,59527,59567,0.001618685236079111,True
instsimplify,slsr,-0.0012943259793659623,-1.3942919665479108,0.1632320542174229,59580,59653,0.3421931072352399,False
instsimplify,loop-interchange,-0.0027469281390455347,-2.946139748550249,0.0032182956828536156,59339,59191,0.013501762243346125,True
instsimplify,loop-fusion,-0.0014452026747406865,-1.5545258703110467,0.12006169157040854,59407,59525,0.27803760153147244,False
instsimplify,loop-distribute,-0.0028238685614548897,-3.0341532230945067,0.002412639868691381,59460,59363,0.010474387722611361,True
instsimplify,loop-load-elim,-0.002101841571424068,-2.2539957701960915,0.024198245564730478,59520,59476,0.07760878757697343,False
instsimplify,loop-sink,-0.002927933264952165,-3.1453404109545424,0.0016593448436980564,59497,59558,0.007434776210436601,True
instsimplify,loop-unroll-and-jam,-0.0048242924358644634,-5.183276564350909,2.1837715015680953e-07,59608,59171,1.5216457651495838e-06,True
instsimplify,hotcoldsplit,-0.003859718793010891,-4.162836409593353,3.145397763999367e-05,59528,59249,0.00018747911177810535,True
instsimplify,irce,-0.0037347630895508965,-4.0362909258613815,5.433685642008293e-05,59330,59480,0.00031664156211464996,True
instsimplify,nary-reassociate,-0.0010842215777366326,-1.1656029865731838,0.2437773368874459,59384,59575,0.447134450234772,False
instsimplify,scalarizer,-0.005843805874807595,-6.230332536301823,4.67002354520634e-10,59328,59284,3.503412299430657e-09,True
instsimplify,vector-combine,-0.0007195624391667099,-0.7756144458976683,0.43797821658812985,59163,59311,0.6486848321327975,False
instsimplify,always-inline,-0.0006669182900621573,-0.7151496391670341,0.4745179886635845,59537,59318,0.6794685690418513,False
instsimplify,globalsplit,-0.003609966888696081,-3.9016887509004796,9.557641520445279e-05,59434,59614,0.0005346817742009102,True
instsimplify,lowerswitch,-0.002187489498503392,-2.1907649472338617,0.028470745172265593,59632,59002,0.08926456212537394,False
instsimplify,early-cse-memssa,-0.003755965889723878,-4.576867860813722,4.72466518971711e-06,59362,59391,3.0785006460785694e-05,True
instsimplify,simple-loop-unswitch,-0.00399738738044686,-4.304940534007699,1.671642933153329e-05,59476,59196,0.00010164834978615584,True
instsimplify,loop-versioning,-0.003298820755311016,-3.5371038961551116,0.0004046945501544879,59287,59607,0.002044882397941903,True
instsimplify,loop-flatten,-0.002759509083447964,-2.9704796349931706,0.002973944282863049,59959,59142,0.012563069915525025,True
instsimplify,loop-reroll,-0.0032129056463692796,-3.4565446676386635,0.0005473390685919628,59408,59828,0.002709708966632271,True
instsimplify,loop-instsimplify,-0.0015303742044137092,-1.6434262754093518,0.10029741994195979,59465,59060,0.2422977769850182,False
instsimplify,loop-simplifycfg,-0.003190724211899143,-3.4461338411287583,0.0005688652054119819,59468,59311,0.002798588121097137,True
instsimplify,loop-predication,-0.0015924615608992054,-1.7060699311794412,0.08799768467149735,59183,59134,0.2187685654688765,False
instsimplify,speculative-execution,-0.0016580089727782354,-1.7878196020813253,0.07380766399323462,59581,59279,0.1920470512940244,False
instsimplify,partially-inline-libcalls,-0.002113638929182593,-2.2749149329504643,0.02291280266095047,59480,59626,0.07427693312937256,False
instsimplify,load-store-vectorizer,-0.0025573716404984626,-2.743346434757126,0.006082561452354406,59247,59421,0.023677247164433254,True
instsimplify,iroutliner,-0.0011072081728792371,-1.2042567628869487,0.22849274334911152,59650,59597,0.42748670095110347,False
instsimplify,global-merge,-0.0013638831547502783,-1.4715247757369674,0.141151898645004,59425,59486,0.31158446172144066,False
instsimplify,break-crit-edges,-0.013082737738503658,-13.565451451201149,6.896949257913535e-42,59427,59450,2.2138076470483116e-40,True
instsimplify,unreachableblockelim,-0.0011380188744447017,-1.2252178815379853,0.22049556373912305,59625,59386,0.4179383483070696,False
constmerge,function-attrs,0.0003028762733456869,0.3238613677496904,0.7460435608177107,59792,59519,0.8690048821118584,False
constmerge,deadargelim,-0.00020525928297898677,-0.21875152068327908,0.8268439868398717,59690,59749,0.9136330021690572,False
constmerge,globaldce,-0.0002867480462869221,-0.3060068674739917,0.7595999529990647,59565,59275,0.8777200991278659,False
constmerge,elim-avail-extern,0.0003750384214732949,0.4007839817122677,0.6885798930089176,59298,59674,0.8366363205159546,False
constmerge,mergefunc,0.0013108797272169403,1.3949917028682761,0.16302095622574317,59005,59501,0.34211686204716524,False
constmerge,instcombine,0.01053374472875146,12.227061362134299,2.3366142140176123e-34,60000,59565,5.140551270838747e-33,True
constmerge,simplifycfg,0.010200517508827334,11.074537664461763,1.721741462887738e-28,59921,59171,2.7746253369005686e-27,True
constmerge,tailcallelim,-0.0035289737210171257,-3.7704898763226713,0.00016300580719966505,59905,59583,0.0008865704736026227,True
constmerge,reassociate,-0.0008443365071432174,-0.9031003550628115,0.3664744612536141,59676,59480,0.5829057637161466,False
constmerge,memcpyopt,-0.0012843177409058715,-1.3660341965056448,0.17193081587296227,59290,59536,0.3534119123248807,False
constmerge,sccp,0.0015117478279413898,1.6183752710745967,0.10558438770075772,59961,59524,0.25211491599766295,False
constmerge,dce,0.0007697667912686668,0.8219880096816577,0.4110853597836199,60052,59553,0.6227505875871008,False
constmerge,adce,0.0006574588091388667,0.7011976285468814,0.483181058227445,59550,59687,0.6885598920483882,False
constmerge,dse,0.00597516493646183,6.53133378476301,6.544710183788793e-11,59798,59559,4.976521374702313e-10,True
constmerge,jump-threading,0.007074506816020731,7.660351236722723,1.8681760362057934e-14,59702,59268,1.5973313008257394e-13,True
constmerge,loop-idiom,-0.00028007190875151133,-0.2983945517340636,0.7654025685551474,59354,59489,0.8796392388100126,False
constmerge,loop-deletion,-0.0010268902954818082,-1.097529226713759,0.27241233125088793,59443,59640,0.4844535373199261,False
constmerge,gvn,0.0012364922862269645,1.4612815521804698,0.14394082593846202,59736,59522,0.31649622556793233,False
constmerge,gvn-hoist,-0.00012901355389827174,-0.13873784131867192,0.8896575487593154,59577,59530,0.9477418283301086,False
constmerge,gvn-sink,0.0009772677898535753,1.056316777140395,0.2908256566068708,59664,59412,0.5052676447526646,False
constmerge,newgvn,-0.00044419869974199333,-0.5481103703409286,0.5836171471106723,59599,59558,0.7635966415253567,False
constmerge,early-cse,0.004255447429977577,4.787889917695268,1.6874562101200804e-06,59846,59516,1.1276584503123267e-05,True
constmerge,mergereturn,-0.0013326206135149121,-1.4166979832932518,0.15657387402659173,59167,59416,0.3326876238134201,False
constmerge,globalopt,0.000658083473114246,0.7024793649234568,0.48238163541134527,59622,59785,0.6884134417896604,False
constmerge,strip-dead-prototypes,0.00033199826136454114,0.3539651580863295,0.7233656188329289,59763,59827,0.8550255850738756,False
constmerge,indvars,-0.0021921247755611883,-2.3368595722099594,0.019448128535088212,60044,59565,0.06476094501990258,False
constmerge,mergeicmps,0.00036957545963678395,0.3924296646590852,0.6947414766806567,59192,59345,0.8404719254499388,False
constmerge,separate-const-offset-from-gep,-0.00021996325161821595,-0.2345883452251474,0.8145286597974769,59605,59434,0.9077103676058393,False
constmerge,libcalls-shrinkwrap,0.0005755474087602019,0.6135718386498918,0.5394994715512826,59358,59522,0.7322980695302679,False
constmerge,flattencfg,-0.0004864006328828552,-0.5186772468741423,0.6039867978654914,59403,59323,0.7791034713947563,False
constmerge,loop-reduce,-0.001960439444471218,-2.100044372338995,0.03572703329100572,59839,59403,0.10803634159658564,False
constmerge,loop-unroll,-0.0028485117040588648,-3.0119034155532756,0.0025966962148890795,59883,59295,0.011198967376107528,True
constmerge,loop-rotate,0.0002822395302428671,0.29055925395044424,0.771388932700211,59749,59352,0.8809817864171146,False
constmerge,partial-inliner,-0.0015867666532220492,-1.688527223408211,0.0913126909126629,59514,59345,0.22461086533541955,False
constmerge,lower-expect,0.00016731371572442644,0.17787909616641343,0.8588182310253011,59341,59524,0.9292987545440948,False
constmerge,alignment-from-assumptions,-0.0003680471905656568,-0.3937261491475197,0.6937839365341361,59754,59629,0.8400921136263688,False
constmerge,rpo-function-attrs,0.0006267526238372678,0.669055814723882,0.5034611713181092,59625,59468,0.7043779731624564,False
constmerge,attributor,0.003667689025731391,4.268084440875128,1.9731063704499447e-05,59694,59591,0.0001194232541991033,True
constmerge,inferattrs,-0.0010848401625672133,-1.1667335414181306,0.24332033059952266,59397,59631,0.44671468102565903,False
constmerge,called-value-propagation,0.0004564362999515126,0.4862128900092,0.62681713123753,59233,59417,0.7972120447957673,False
constmerge,licm,0.00018222389824751328,0.18470691122632404,0.8534592400984675,59644,59267,0.9268292801513031,False
constmerge,loop-simplify,-0.0007170604969259364,-0.7630849802350426,0.4454142317325217,59426,59410,0.6554523606566464,False
constmerge,div-rem-pairs,0.0006984069366428036,0.7454306985617009,0.45601286228076837,59788,59336,0.6648348357004799,False
constmerge,float2int,0.00015862566738839012,0.16948091390726197,0.8654186714660069,59615,59514,0.9328322371210799,False
constmerge,inline,0.0005031270370944307,0.5368799491943351,0.5913515464319972,59277,59646,0.7688905506502771,False
constmerge,sink,-0.0008041207038602671,-0.8577319897036916,0.3910421964045975,59828,59367,0.6062091863164786,False
constmerge,loop-vectorize,-0.01339028981066731,-14.372192079966679,8.46562807156267e-47,59576,59507,3.1876345700230205e-45,True
constmerge,slp-vectorizer,-3.638349492790516e-05,-0.03868985464776356,0.969137727266854,59387,59274,0.987979683361407,False
constmerge,callsite-splitting,-0.0010018132085953257,-1.0661324533811598,0.2863659337320525,59366,59661,0.5002930604886083,False
constmerge,dfa-jump-threading,-0.0003451626923096085,-0.3686274653221234,0.7124060761005164,59561,59528,0.8495083355807538,False
constmerge,consthoist,0.00039081448653000006,0.4171476877960686,0.6765711369697643,59463,59767,0.8287308640517977,False
constmerge,mldst-motion,-0.0010871213128943458,-1.1595434825799522,0.2462370455052895,59711,59504,0.4512233365459587,False
constmerge,slsr,0.0008967346792644326,0.9612982368121771,0.33640418524887455,59630,59506,0.554127039895979,False
constmerge,loop-interchange,0.00036463989569091027,0.3879916071909518,0.6980229412454066,59055,59490,0.8428793826447772,False
constmerge,loop-fusion,-0.0018822096603408611,-2.0115068505340403,0.04427419748528516,59682,59325,0.12804856525286312,False
constmerge,loop-distribute,0.00039774204056347573,0.42224340796467735,0.6728481228534561,59583,59504,0.8259790749511391,False
constmerge,loop-load-elim,-0.00027065901682787885,-0.2880262393452528,0.7733271547720759,59860,59184,0.8818722009573237,False
constmerge,loop-sink,-0.0011290575775747547,-1.201035362225515,0.22973987429460432,59404,59633,0.4293958041967913,False
constmerge,loop-unroll-and-jam,-0.0008079880968546727,-0.8604013354844768,0.3895695842839272,59533,59404,0.6048196601884132,False
constmerge,hotcoldsplit,-0.0013230841253245584,-1.4183474933870008,0.1560919449990747,59713,59786,0.33217348397003754,False
constmerge,irce,-0.00021296568588458076,-0.22837752405270323,0.8193531518467961,60135,59344,0.9100894612489406,False
constmerge,nary-reassociate,7.40525750423382e-05,0.07909343474677005,0.936958438034998,59913,59473,0.9729857447215731,False
constmerge,scalarizer,-0.004151516726371818,-4.385596882359924,1.157676009869706e-05,59412,59244,7.207407400079124e-05,True
constmerge,vector-combine,-0.0006782003339887988,-0.7250103187437581,0.4684471250305966,59663,59398,0.6736830487035682,False
constmerge,always-inline,5.679815645254216e-05,0.06049531344684122,0.9517612500823983,59405,59435,0.9775245399572909,False
constmerge,globalsplit,-0.0002243576783039769,-0.23915394897457842,0.8109866227791835,59531,59202,0.9053088981765345,False
constmerge,lowerswitch,-2.006422928230167e-05,-0.019823729353220847,0.9841840217044652,59250,59206,0.993755778211414,False
constmerge,early-cse-memssa,-0.00018683314325662614,-0.22708255677757153,0.8203599387184355,59457,59184,0.9100894612489406,False
constmerge,simple-loop-unswitch,9.079723075178237e-06,0.009670154239253359,0.9922844697371167,59293,59382,0.9971223976111236,False
constmerge,loop-versioning,-0.002811361037924509,-2.980830047753738,0.0028752648390888455,59184,59679,0.012172472551212886,True
constmerge,loop-flatten,-0.001306875889747483,-1.3934797799481409,0.163477365730368,59576,59072,0.342340836470653,False
constmerge,loop-reroll,-0.001117124050510232,-1.1891290050015588,0.23439128812394822,59339,59212,0.43536940234150656,False
constmerge,loop-instsimplify,0.00023792594601329542,0.2538723269680129,0.7995946332973242,59494,59432,0.8989987321252717,False
constmerge,loop-simplifycfg,-0.0006088324415540192,-0.6511971411991391,0.5149204902326057,59544,59749,0.7138017796383691,False
constmerge,loop-predication,0.001301279690193391,1.378875058642374,0.16793588304187163,59510,58949,0.3483246387669329,False
constmerge,speculative-execution,0.00020245953334285804,0.21545389648023813,0.8294138235404127,59762,58893,0.9152138068531759,False
constmerge,partially-inline-libcalls,-0.0025680659233405234,-2.7318890794566286,0.006298160910655647,59282,59919,0.024419404085274765,True
constmerge,load-store-vectorizer,-9.576751682821572e-05,-0.10245255421436288,0.9183976427043128,60138,59417,0.9649156931138765,False
constmerge,iroutliner,-0.00022596391978485508,-0.24267528545264933,0.8082573717600008,59781,59529,0.9035500621787506,False
constmerge,global-merge,-0.001614880188113288,-1.7249924841105655,0.08453142359697448,59626,59370,0.21205961230349268,False
constmerge,break-crit-edges,-0.011908635080889018,-12.205172290414096,3.0581620418573454e-34,59589,59201,6.653201419951868e-33,True
constmerge,unreachableblockelim,-2.3918544681866827e-05,-0.025500061923374603,0.9796561418865097,59529,59384,0.9920696797588757,False
function-attrs,deadargelim,0.0005907759114027744,0.6288798996119094,0.529428890102629,59680,59645,0.7250326866360398,False
function-attrs,globaldce,1.0231446892050577e-05,0.010915005084809023,0.9912912771905151,59697,59249,0.9971223976111236,False
function-attrs,elim-avail-extern,-0.000810790150957641,-0.864900469014545,0.3870951701392976,59294,59266,0.6017724042340173,False
function-attrs,mergefunc,0.0009015643336592327,0.9602062151228326,0.33695339585059625,59289,59389,0.5542005379006314,False
function-attrs,instcombine,0.010780192303790903,12.53648316137007,4.9684192340150845e-36,59558,59630,1.2160206075251919e-34,True
function-attrs,simplifycfg,0.00957547364115735,10.450934781123246,1.4881861990937177e-25,59777,59781,2.0165180469380618e-24,True
function-attrs,tailcallelim,-0.0023079923394017654,-2.4655334296225977,0.013682345499732575,59184,59450,0.0477966681328749,True
function-attrs,reassociate,0.001395138377409788,1.4819773241898493,0.13834897020053033,59557,59733,0.3073026473654434,False
function-attrs,memcpyopt,0.000341072064862058,0.3613305692501218,0.7178529852503673,59591,59501,0.8528019079025578,False
function-attrs,sccp,-0.0005032953862613154,-0.5339853779403728,0.593352645863652,59654,59608,0.7708960976165701,False
function-attrs,dce,0.0013210037005917385,1.4063844619791457,0.15961259617358353,59733,59584,0.33695036475242757,False
function-attrs,adce,0.0006192781753510124,0.6626944557941989,0.5075275417358325,59621,59667,0.7072874923265196,False
function-attrs,dse,0.007323628102349655,7.993926951191435,1.318633077747211e-15,59364,60134,1.1735834391950177e-14,True
function-attrs,jump-threading,0.007954379467343342,8.622906020054673,6.6056421325674396e-18,59489,59886,6.48313147647471e-17,True
function-attrs,loop-idiom,-0.0002789748739825404,-0.29606505249051607,0.7671809204815598,59254,59409,0.8796392388100126,False
function-attrs,loop-deletion,-0.0012141531189865384,-1.2912499880026698,0.1966195148558857,59338,59668,0.38828140200486555,False
function-attrs,gvn,0.0026296660162800634,3.1201923841269665,0.001807760591379716,59635,59649,0.008030632195048687,True
function-attrs,gvn-hoist,0.0009779003936508657,1.046771360621017,0.2952071577047505,59851,59748,0.5094313804697183,False
function-attrs,gvn-sink,0.0008531300918283025,0.9234057796116762,0.3557976530080026,59298,59724,0.5724336931714619,False
function-attrs,newgvn,0.0010210211419872661,1.2532136371146987,0.2101304371433604,59351,59364,0.4051554858953222,False
function-attrs,early-cse,0.003270473186487266,3.6855235662125065,0.00022833398865643273,59799,59431,0.001211593359862589,True
function-attrs,mergereturn,5.0101225345267064e-05,0.05328760044614362,0.9575028492909597,59231,59419,0.981308860984925,False
function-attrs,globalopt,0.0002157683479768746,0.2301142337557667,0.8180034003789441,59305,59668,0.9100894612489406,False
function-attrs,strip-dead-prototypes,1.728981607390656e-05,0.018377881753950952,0.9853374280565463,59531,59553,0.993755778211414,False
function-attrs,indvars,0.0006340235054185239,0.6766971801961971,0.4985994145544556,59834,59779,0.7001071672088933,False
function-attrs,mergeicmps,0.0005149522951516383,0.5464009320599321,0.5847913954804056,59298,59529,0.7644086245105777,False
function-attrs,separate-const-offset-from-gep,0.0008144459820659811,0.8680841041286455,0.3853500411651329,59611,59516,0.6004897577408119,False
function-attrs,libcalls-shrinkwrap,0.0008815199691138975,0.9413943138525311,0.34650473150609157,59270,60147,0.563878904498652,False
function-attrs,flattencfg,9.764540885298656e-05,0.10436393423693502,0.9168807188350272,59206,59622,0.9641527644892498,False
function-attrs,loop-reduce,-0.001612466860720696,-1.7211353129689932,0.08522886615534338,59685,59580,0.21285474481143152,False
function-attrs,loop-unroll,-0.0019957904503483115,-2.0834660434790466,0.03721089614635933,59529,59307,0.11170041453530757,False
function-attrs,loop-rotate,-0.0007408600907619634,-0.7584992725309659,0.44815365430307225,59302,59404,0.6575382953356429,False
function-attrs,partial-inliner,-0.00047518764535314784,-0.5072830559152204,0.6119571650051682,59360,59752,0.785712871527947,False
function-attrs,lower-expect,0.0006178264254214638,0.6559587000902758,0.5118519675532056,59219,59649,0.7113174136492343,False
function-attrs,alignment-from-assumptions,0.000670750418302779,0.7154250566396452,0.4743478345635187,59565,59715,0.6794685690418513,False
function-attrs,rpo-function-attrs,0.0005482938760054679,0.5830338882302372,0.5598715906042699,59399,59786,0.7456841853543471,False
function-attrs,attributor,0.003332953348579082,3.885047127159911,0.0001023652293752779,59508,59790,0.0005710288293925759,True
function-attrs,inferattrs,-0.001909255602109916,-2.038543423334373,0.04149783029080738,59321,59285,0.12246081644220172,False
function-attrs,called-value-propagation,0.000614732086980041,0.6564179505153923,0.5115565113850453,59403,59761,0.7113174136492343,False
function-attrs,licm,0.0006725449150658536,0.6805562960867918,0.49615361000404024,59520,59737,0.6981450006380961,False
function-attrs,loop-simplify,0.0014026310342403203,1.4935160876719937,0.1353047953116917,59582,59526,0.30328265804084475,False
function-attrs,div-rem-pairs,-1.2835534327071407e-05,-0.013679817530916688,0.9890854480734714,59646,59769,0.9962084914237948,False
function-attrs,float2int,0.0005894429338600959,0.6294659200851686,0.529045283448828,59491,59356,0.7250326866360398,False
function-attrs,inline,-0.0006093662631971308,-0.6501594666732677,0.5155904698099703,59806,59728,0.7142031410597254,False
function-attrs,sink,0.0028173510319571826,2.9993354079104066,0.0027062519682540817,59659,59376,0.011594838848668474,True
function-attrs,loop-vectorize,-0.012895628623579458,-13.76005836927245,4.781966241548525e-43,59211,59722,1.5869643899918664e-41,True
function-attrs,slp-vectorizer,0.0012038915455368504,1.2817829280574824,0.1999213049947093,59564,59294,0.3926237865392586,False
function-attrs,callsite-splitting,-0.0005869301883534295,-0.6246725488476684,0.5321871900953078,59387,59719,0.7269079303848013,False
function-attrs,dfa-jump-threading,0.00046619429485666997,0.49676963977420285,0.6193524260268024,59421,59417,0.7920914762641927,False
function-attrs,consthoist,0.00029279080326127804,0.3097371289924482,0.7567614090839746,59252,59473,0.8759540327308748,False
function-attrs,mldst-motion,0.00010384376148026009,0.11044467252227931,0.9120569117333127,59701,59799,0.9611450124724576,False
function-attrs,slsr,6.450971782900883e-05,0.06857666571024898,0.9453267083505902,59319,59761,0.9759819113896417,False
function-attrs,loop-interchange,-0.0008971307170045906,-0.9543646813202137,0.3399010233696181,59180,59382,0.5566927676768818,False
function-attrs,loop-fusion,-0.00012366617425374482,-0.13142234309513953,0.8954414370520181,58894,60056,0.9502841917332528,False
function-attrs,loop-distribute,-0.0001768500309290988,-0.18831454774746462,0.8506304024205038,59511,59717,0.9265217284038805,False
function-attrs,loop-load-elim,0.0010305663035393153,1.0996645101929803,0.27148054129213006,59424,59934,0.48345511582536665,False
function-attrs,loop-sink,0.00031713341777994675,0.33671888082443774,0.7363294220114603,59745,59396,0.8627623619502457,False
function-attrs,loop-unroll-and-jam,-0.0017434614872262055,-1.8665012671769066,0.06197372320204506,59686,59383,0.16761911842104063,False
function-attrs,hotcoldsplit,-0.0006958166233992924,-0.7427331794769091,0.4576447053157239,59139,59755,0.6664664082112974,False
function-attrs,irce,-5.6512758376370265e-05,-0.06041439874398952,0.9518256919170885,59911,59800,0.9775245399572909,False
function-attrs,nary-reassociate,-0.00021348621428773917,-0.22763964701071213,0.8199267857843701,59436,59729,0.9100894612489406,False
function-attrs,scalarizer,-0.0022790376760965514,-2.392579469062307,0.016731950163507644,59210,59633,0.057124949294067945,False
function-attrs,vector-combine,0.0007115868830800398,0.7539370953056982,0.4508884888749047,59347,59472,0.6600670364239727,False
function-attrs,always-inline,-0.0007570021498648494,-0.8056985654271486,0.42041828585472146,59578,59495,0.6329603773984586,False
function-attrs,globalsplit,-1.9426626535812286e-05,-0.020679415349662916,0.9835014243017719,59485,59690,0.993755778211414,False
function-attrs,lowerswitch,-0.001752852642260827,-1.7337385356914168,0.08296707697892866,59598,59349,0.20880403177987447,False
function-attrs,early-cse-memssa,0.00020811262914471884,0.25430824765121063,0.7992578668875058,59556,59730,0.8988781753967469,False
function-attrs,simple-loop-unswitch,-0.0001415870913474282,-0.15056378891693545,0.880320083448876,59010,59898,0.941637106469762,False
function-attrs,loop-versioning,-0.0012451479152174594,-1.3192806943619193,0.18707781999495604,59493,59945,0.37492156760503986,False
function-attrs,loop-flatten,0.0008963318383672925,0.9495331162837861,0.34235147399035126,59637,58930,0.5590693795438764,False
function-attrs,loop-reroll,-0.001091004531971862,-1.1618888213981924,0.2452829674389187,59159,59408,0.44968544030468427,False
function-attrs,loop-instsimplify,0.001491692495080743,1.5875521192514779,0.11239031330775343,59327,59503,0.26465452009210005,False
function-attrs,loop-simplifycfg,-0.0006724677366343745,-0.7197706051666228,0.4716676550476276,59491,59935,0.6773195955872789,False
function-attrs,loop-predication,-0.0004020753529092591,-0.4270324772815059,0.6693564472843365,59360,59322,0.8242921880495955,False
function-attrs,speculative-execution,0.0012418734967111211,1.321582273369022,0.18630983066038306,59410,59573,0.3739565847596412,False
function-attrs,partially-inline-libcalls,0.0002980925157853864,0.31696141175676956,0.7512734357890126,59721,59909,0.8722166541801878,False
function-attrs,load-store-vectorizer,0.0010392010027154286,1.10939389059473,0.2672625363640429,59491,59643,0.47789958557150325,False
function-attrs,iroutliner,0.0014196817275486384,1.5202394970243427,0.12845344152912505,59494,59988,0.29255088420141273,False
function-attrs,global-merge,-0.00017676397730342908,-0.1883670761609288,0.850589227300791,59847,59541,0.9265217284038805,False
function-attrs,break-crit-edges,-0.009088324664187186,-9.304102369552774,1.373200352660908e-20,59689,59402,1.497897654880255e-19,True
function-attrs,unreachableblockelim,-0.0006894078704298146,-0.7345575570931024,0.4626104458618847,59263,59446,0.6694815708834607,False
deadargelim,globaldce,0.0005807790279312441,0.6209305568549709,0.5346465020781603,59643,59573,0.7284884141051065,False
deadargelim,elim-avail-extern,-0.0009297462139591928,-0.9915892905111149,0.32139993450393706,59409,59442,0.5371754773868619,False
deadargelim,mergefunc,-9.276532113217106e-05,-0.09861348157257432,0.9214453316699368,59328,59587,0.9655819959377769,False
deadargelim,instcombine,0.010689928274745353,12.438312880443863,1.7033119918346616e-35,59979,59259,4.0181745542316475e-34,True
deadargelim,simplifycfg,0.009654763455845039,10.527210723547391,6.643784565163546e-26,59655,59865,9.291807270421588e-25,True
deadargelim,tailcallelim,-0.0023505427556601566,-2.5133713660176786,0.011959648224158813,59461,59501,0.042576347678005375,True
deadargelim,reassociate,-7.502219261562582e-05,-0.07976603967280983,0.9364234689749829,59412,59412,0.9729462203518261,False
deadargelim,memcpyopt,-0.00029455539470146785,-0.31478239375028494,0.7529274310645859,59500,59790,0.8733601362704142,False
deadargelim,sccp,0.002502728843956248,2.665065874320568,0.007698359613821943,59667,59709,0.02898728485358339,True
deadargelim,dce,-0.0007582838070636089,-0.8079159314147933,0.4191405946078067,59751,59235,0.6312902186477581,False
deadargelim,adce,0.0013550272507835137,1.445291273912682,0.1483787127015604,59713,59674,0.3216198947133778,False
deadargelim,dse,0.007054192978919627,7.710345957440981,1.264401311210249e-14,59689,59721,1.0930232968431204e-13,True
deadargelim,jump-threading,0.006032311817569691,6.524239833897811,6.861937710834962e-11,59419,59861,5.20762559605227e-10,True
deadargelim,loop-idiom,-0.001136810368798813,-1.215448572235781,0.22419745348177264,59598,59898,0.42240847065117887,False
deadargelim,loop-deletion,0.0004609013441886911,0.4917630511462679,0.6228877659581623,59832,59276,0.7935030876682381,False
deadargelim,gvn,0.0023562520036987666,2.7967772282150767,0.005162334083551332,59881,59855,0.020481965826937197,True
deadargelim,gvn-hoist,-0.0009919074024602459,-1.0659923120451542,0.2864292751827017,59770,59503,0.5002930604886083,False
deadargelim,gvn-sink,0.000432311173247768,0.4672571870704887,0.64031673769351,59471,59680,0.807409546099884,False
deadargelim,newgvn,0.0011454687813310938,1.4148360732710454,0.15711917256461996,59816,59656,0.3333037268488904,False
deadargelim,early-cse,0.0036340627789045454,4.108738200535068,3.9809248148303925e-05,59709,59394,0.00023620153901326996,True
deadargelim,mergereturn,-0.0007891700729770745,-0.8373085289260875,0.4024208466254469,59634,59462,0.6156976854413247,False
deadargelim,globalopt,0.0019016228730206475,2.0292534814683587,0.04243470885429736,59707,58874,0.12428894530548128,False
deadargelim,strip-dead-prototypes,-0.0007730218051840154,-0.8221406873750535,0.41099847537602835,59645,59572,0.6227505875871008,False
deadargelim,indvars,8.840637405460594e-05,0.09428944354344132,0.9248793931656462,59930,59808,0.9676269579579669,False
deadargelim,mergeicmps,-2.859808067090519e-05,-0.030438938716125383,0.975717041610624,59595,59555,0.9901290321189955,False
deadargelim,separate-const-offset-from-gep,0.0009208376373484595,0.9823079268513399,0.32595016137345156,59799,59591,0.5424652919415369,False
deadargelim,libcalls-shrinkwrap,-0.0004999543782745475,-0.5364284217256905,0.5916634861979643,59967,60181,0.7689857988553694,False
deadargelim,flattencfg,0.00014027480599282383,0.149821897187339,0.8809053869428681,59709,59235,0.9420058698165679,False
deadargelim,loop-reduce,-0.004022866921017443,-4.311589545092,1.6221453140690694e-05,60001,59659,9.8791929236306e-05,True
deadargelim,loop-unroll,-0.001174143664124827,-1.2320338080214615,0.2179388895464726,59831,59186,0.4142517696763596,False
deadargelim,loop-rotate,-0.0008714779046016807,-0.8972941546542297,0.3695637841140845,59521,59873,0.5856785829990915,False
deadargelim,partial-inliner,-3.078717586796342e-05,-0.03274402959034907,0.9738787671814009,59439,59351,0.9900595151304169,False
deadargelim,lower-expect,0.0005856562346305827,0.6230687882202708,0.5332405127372387,59514,59542,0.7280915785655899,False
deadargelim,alignment-from-assumptions,-0.0007833029904743549,-0.8363512810173199,0.40295898847214,59531,59668,0.6159201400690477,False
deadargelim,rpo-function-attrs,0.0005069792322222044,0.5433717072857077,0.5868749139873755,59859,59785,0.7660673877248542,False
deadargelim,attributor,0.0029927203588341333,3.496325025147893,0.00047188528065768856,59535,59623,0.0023570188253259038,True
deadargelim,inferattrs,-0.0016572193859203388,-1.78051123713293,0.07499488106116561,59595,59494,0.19423277396529398,False
deadargelim,called-value-propagation,0.00039859605201203463,0.4261253327942477,0.6700172912134276,59741,59469,0.8242921880495955,False
deadargelim,licm,-0.0009099912409379907,-0.9237096211667978,0.3556393913843832,59946,59263,0.5724142444148149,False
deadargelim,loop-simplify,6.966299011573751e-05,0.07428289033158017,0.9407854156367084,59627,59544,0.9741183732504891,False
deadargelim,div-rem-pairs,0.00024272611217052154,0.25964639658676514,0.7951369914009477,59868,59659,0.8965610303271269,False
deadargelim,float2int,0.0002807615474973435,0.3001347442858255,0.7640749022480174,59499,59516,0.8796392388100126,False
deadargelim,inline,0.0001855692659664121,0.198492000652843,0.8426604798659956,59673,60040,0.9217481673617984,False
deadargelim,sink,0.0011024471593757412,1.172002011318905,0.2411985996661847,59089,59677,0.44406850789505375,False
deadargelim,loop-vectorize,-0.013335382366360005,-14.293550973255314,2.6229562088575993e-46,59283,59483,9.337724103533053e-45,True
deadargelim,slp-vectorizer,-0.0007755685315614658,-0.829669794277847,0.4067271679737882,59433,59592,0.6195035355057779,False
deadargelim,callsite-splitting,0.00011883543831664456,0.12648972607867712,0.8993444949044533,59516,59445,0.9528769053154327,False
deadargelim,dfa-jump-threading,-0.00034663544156154913,-0.3709674403196061,0.7106624414379792,59914,59465,0.8485799617335136,False
deadargelim,consthoist,-4.91308962491388e-06,-0.005238785492814124,0.9958200818299139,59705,59448,0.9981412848865369,False
deadargelim,mldst-motion,0.00019481953512739958,0.20824808297095154,0.835035620772643,60062,59717,0.9180184066937491,False
deadargelim,slsr,-0.001154291095140314,-1.231812178968696,0.21802167959728733,59778,59588,0.4142517696763596,False
deadargelim,loop-interchange,-0.0003026493446315892,-0.32231734154200203,0.7472128637648796,59383,59490,0.8693064689552195,False
deadargelim,loop-fusion,0.0005958367771234374,0.6349173863036185,0.5254835172237493,59412,59651,0.7228160494383704,False
deadargelim,loop-distribute,-0.0005310013357477938,-0.5680040823256519,0.5700332647030804,59969,59370,0.7543934655550061,False
deadargelim,loop-load-elim,0.0008278649318914089,0.8862805750551017,0.3754681433776372,59634,59489,0.5914453939930923,False
deadargelim,loop-sink,-0.00014193175881149767,-0.15146930681819007,0.8796057776409956,59434,59657,0.941387325838245,False
deadargelim,loop-unroll-and-jam,0.0006317332537337239,0.6762781062602571,0.49886540107311544,60014,59357,0.7001071672088933,False
deadargelim,hotcoldsplit,-9.243092676974873e-05,-0.09896913121465338,0.9211629454788982,59900,59602,0.9655444578413719,False
deadargelim,irce,-0.00022851687265346143,-0.2447575370329358,0.8066445948526276,59813,59668,0.9028704595294148,False
deadargelim,nary-reassociate,0.0006472275698630181,0.6920442042539774,0.4889109167556786,59468,59839,0.6928471658595053,False
deadargelim,scalarizer,-0.00023932341154753178,-0.25286973741174856,0.8003693121458021,59678,59410,0.8996114312178418,False
deadargelim,vector-combine,0.0012178405868085718,1.2964845469139112,0.19481111878332039,59653,59188,0.3852931015936781,False
deadargelim,always-inline,0.001732398411232683,1.8484972970240512,0.06453291674166826,59262,59616,0.17297118546226758,False
deadargelim,globalsplit,-0.0011461731301011246,-1.220541858428797,0.22226194367441493,59636,59687,0.41986385500675777,False
deadargelim,lowerswitch,-0.0003023490246225058,-0.2999309618373749,0.7642303410760468,59280,59633,0.8796392388100126,False
deadargelim,early-cse-memssa,-0.0011166184167568094,-1.3609356792115135,0.17353659497118978,59532,59454,0.35517327874400817,False
deadargelim,simple-loop-unswitch,0.0005619199252341889,0.6010525287152667,0.5478061421057967,59757,59565,0.7380942878892821,False
deadargelim,loop-versioning,-0.0005918257705745944,-0.6264298068824555,0.5310342634152616,59658,59559,0.7258395028042458,False
deadargelim,loop-flatten,-0.0008581266603352455,-0.9163673336431258,0.35947611660804996,59941,59322,0.5755145023046294,False
deadargelim,loop-reroll,0.0002817986314231913,0.3006370521967179,0.7636917978000758,59637,59739,0.8795932588779696,False
deadargelim,loop-instsimplify,-0.0007378690112130881,-0.7870467581867453,0.4312560677360411,59260,59330,0.6431069159384375,False
deadargelim,loop-simplifycfg,0.0008065219381024336,0.8667199474018525,0.38609721377856254,59879,59608,0.6010759911841214,False
deadargelim,loop-predication,-0.0017377848213283031,-1.8524430204690374,0.0639647134204515,59697,58999,0.17180097239676823,False
deadargelim,speculative-execution,0.0008240752441652233,0.8802355487078554,0.3787334949829767,59771,59371,0.5944796976263371,False
deadargelim,partially-inline-libcalls,0.0004436721008136413,0.47263382830923106,0.6364753076138244,59816,59572,0.8042714761586759,False
deadargelim,load-store-vectorizer,-7.226249184422162e-06,-0.007705948424514717,0.9938516164598081,59562,59753,0.9976731427984128,False
deadargelim,iroutliner,6.859531217545678e-05,0.07377062109290078,0.9411930273696235,59722,60179,0.9742828165951481,False
deadargelim,global-merge,-0.00026357106470914493,-0.28116526624951205,0.7785841336019578,59836,59049,0.8845185573499468,False
deadargelim,break-crit-edges,-0.010397723130790515,-10.695930492999585,1.093671240032275e-26,59404,59407,1.6222790060478748e-25,True
deadargelim,unreachableblockelim,-0.0020254815491989597,-2.15848441830306,0.03089218423106112,59546,59305,0.09578289267524573,False
globaldce,elim-avail-extern,-0.0005666075595252562,-0.6051205285618163,0.5451000713814872,59124,59663,0.7363269677578144,False
globaldce,mergefunc,-0.0002534144224053958,-0.27130800778159886,0.7861546158846651,59797,59917,0.8908318291000725,False
globaldce,instcombine,0.010292279896885859,11.96482526634666,5.672559910437021e-33,59464,59932,1.1509712232783095e-31,True
globaldce,simplifycfg,0.00984178424559512,10.761070682741122,5.407651894281432e-27,59602,59886,8.144755699233111e-26,True
globaldce,tailcallelim,-0.0016518013698194056,-1.7743323329344016,0.0760107472276282,59722,59489,0.19634438399959897,False
globaldce,reassociate,0.0019929182093039732,2.125229409045467,0.03356953386418557,59079,59685,0.10262161952548844,False
globaldce,memcpyopt,-0.0003345819711199627,-0.3564829989166915,0.7214795141875424,59567,59382,0.8544573978443188,False
globaldce,sccp,-0.00045364633682887234,-0.4834415687085135,0.6287831283576573,59583,59417,0.7984159308199046,False
globaldce,dce,0.0006162424899555652,0.6622043939220994,0.5078415121135341,59960,59873,0.7074732698102453,False
globaldce,adce,0.0009727016895798579,1.0417737669122427,0.29751868988180863,59408,59941,0.5113597531528602,False
globaldce,dse,0.007146703053217018,7.798388850839573,6.320697342070285e-15,59681,59500,5.524966694541794e-14,True
globaldce,jump-threading,0.008078400189913959,8.768814311855365,1.8287650933284277e-18,59240,59541,1.8222504085175886e-17,True
globaldce,loop-idiom,0.00014280935925309324,0.1524909563913169,0.878799982069541,59417,59238,0.9413627755635673,False
globaldce,loop-deletion,0.0003460489380349152,0.3702487958695402,0.7111977817997462,59553,59297,0.8488419730349912,False
globaldce,gvn,0.0027285669801563883,3.256079869174137,0.0011299342080211894,59564,59968,0.005261382114876312,True
globaldce,gvn-hoist,-0.0004454703280030725,-0.479002118912377,0.6319380026763978,59264,59565,0.8009774366661871,False
globaldce,gvn-sink,-0.0005084929584467379,-0.5515010626845557,0.5812912765312246,59396,59308,0.7617908294036886,False
globaldce,newgvn,-0.0006210670689760223,-0.7690550972491088,0.44186212676433045,59534,59674,0.6519713972905494,False
globaldce,early-cse,0.002896746581338261,3.2863547217337694,0.001015223739713123,59677,59725,0.004790780854709987,True
globaldce,mergereturn,-0.000234595498680934,-0.2503871451673721,0.8022884040492311,59280,59160,0.9011707109299385,False
globaldce,globalopt,0.0001617735547574939,0.17343358970768097,0.862310918496191,59944,59409,0.9310200046404974,False
globaldce,strip-dead-prototypes,-0.0013677719120961385,-1.4608043818492922,0.14407176663807136,59745,59557,0.31649622556793233,False
globaldce,indvars,0.0005797802501012472,0.6219705877183799,0.533962394179317,59751,59823,0.7283165223288768,False
globaldce,mergeicmps,0.0010281735032243722,1.0942803800205687,0.2738342510620176,59143,59400,0.4867612016154611,False
globaldce,separate-const-offset-from-gep,0.0007481272928777094,0.8006401294590272,0.4233416018200254,59887,59754,0.6346882514269601,False
globaldce,libcalls-shrinkwrap,7.134975211986472e-05,0.0762447372745404,0.9392245192201747,59514,59497,0.9737333090424388,False
globaldce,flattencfg,0.0013793611349147694,1.4710873632518398,0.14127015313270247,58947,59300,0.31166981389727483,False
globaldce,loop-reduce,-0.00221841523735683,-2.3749564401467596,0.017552600163933237,59108,59636,0.05940880055485096,False
globaldce,loop-unroll,-0.0035025857685040407,-3.6768039180811507,0.00023627816943183486,59507,59628,0.001245550493602815,True
globaldce,loop-rotate,-0.0009294409146797245,-0.9587095664518341,0.3377070265143939,59445,59503,0.555189217393101,False
globaldce,partial-inliner,-0.0012297337047623702,-1.3120033390518528,0.18952154007225197,59518,59426,0.37904308014450394,False
globaldce,lower-expect,0.0003381530248683928,0.3606242738225254,0.7183809814759058,59217,59704,0.8528019079025578,False
globaldce,alignment-from-assumptions,-0.0004317194620038767,-0.46136963621067817,0.6445342781349545,59206,59418,0.8088794706125393,False
globaldce,rpo-function-attrs,0.0018081448200499284,1.9385704536236252,0.05255602435764818,59369,59706,0.14700670813182162,False
globaldce,attributor,0.0028674357357827973,3.3539004380899535,0.0007970586628357854,59434,59642,0.0038344984320208054,True
globaldce,inferattrs,-0.0014742900666601666,-1.5841458030709663,0.11316321894795214,58879,59345,0.26615445369380214,False
globaldce,called-value-propagation,0.0024151622132023154,2.586594993500027,0.009694123487287242,59097,59589,0.03534654336705479,True
globaldce,licm,0.0009653495535144052,0.9782867234094029,0.32793452299078396,59237,59780,0.5446105140084436,False
globaldce,loop-simplify,0.0008433678683424373,0.8987008943470987,0.3688138238745504,59280,59397,0.5847266940456436,False
globaldce,div-rem-pairs,-5.178110175518835e-05,-0.05549518620190062,0.9557440578121832,59709,59627,0.9805328085911735,False
globaldce,float2int,-9.853881547711163e-05,-0.10545199130449519,0.9160173415237854,59107,59305,0.9637624689433487,False
globaldce,inline,-0.000537842434399638,-0.5779236774607304,0.5633167413085456,59740,59384,0.7484835527286622,False
globaldce,sink,-0.00025125377056745,-0.2682426833356771,0.7885129879774311,59569,59160,0.891659503586376,False
globaldce,loop-vectorize,-0.013804562627822092,-14.824158620917588,1.1327166707248894e-49,59284,59648,4.821433133215942e-48,True
globaldce,slp-vectorizer,0.0008670272757688169,0.9319122305649707,0.3513837732973359,59354,59905,0.5684507027436713,False
globaldce,callsite-splitting,0.0004287765667462251,0.4568082550291106,0.6478097082373592,59385,59263,0.8089559639304624,False
globaldce,dfa-jump-threading,0.0009565173014599027,1.026957805973255,0.30444242495920865,59326,59404,0.519023306983135,False
globaldce,consthoist,-0.0011630046189073928,-1.2394576380027122,0.21517850836554195,59326,59848,0.41104343354120115,False
globaldce,mldst-motion,-0.0009771560041611504,-1.045933450311814,0.29559387820258,59839,59475,0.5096698290049134,False
globaldce,slsr,0.0005350482823441305,0.5708243976338898,0.5681197597308889,59674,59457,0.7526789858184476,False
globaldce,loop-interchange,0.00031337069596204525,0.3335179139802848,0.7387439604288133,59121,59195,0.8645909590673141,False
globaldce,loop-fusion,0.0009567761652950479,1.0193636759606306,0.30803242105536516,59218,59533,0.5227952930428241,False
globaldce,loop-distribute,0.00015699448802791727,0.1674238586002744,0.8670368385107999,59326,59531,0.934284112313499,False
globaldce,loop-load-elim,0.00026002271160263657,0.2771037586731571,0.781700919735565,58805,59569,0.8865163051504409,False
globaldce,loop-sink,-0.00021414728883817347,-0.22952687618562578,0.8184598275714565,59467,59798,0.9100894612489406,False
globaldce,loop-unroll-and-jam,-0.0006474211916736583,-0.6925651109969019,0.48858386536619325,59716,59100,0.6928471658595053,False
globaldce,hotcoldsplit,-0.0013596894132996695,-1.4577908341971022,0.14490083881814791,59571,59684,0.3173555284182703,False
globaldce,irce,-0.0016913482840351102,-1.817375512478276,0.06916213606909102,59774,59816,0.18262907946497672,False
globaldce,nary-reassociate,0.0006022390266945954,0.6453585271271146,0.5186961137735205,59553,59795,0.7167304098578358,False
globaldce,scalarizer,-0.0014304702354310805,-1.5164664019163323,0.12940412295517578,59316,59427,0.29359591279980785,False
globaldce,vector-combine,-0.0017129719742278726,-1.8292842192784065,0.06735954399603794,59657,59270,0.17895520643723514,False
globaldce,always-inline,0.0015713090638960758,1.6828768880832006,0.09240154112384467,59775,59651,0.22686171475923242,False
globaldce,globalsplit,-0.0011332416157727732,-1.2094158446987817,0.22650552221095677,59811,59433,0.42500988259612205,False
globaldce,lowerswitch,-0.0008136807515867761,-0.8095289702393806,0.4182125693630997,59158,59496,0.6311061355013096,False
globaldce,early-cse-memssa,0.00023728108828546812,0.2905166942674259,0.7714214876466511,59569,59380,0.8809817864171146,False
globaldce,simple-loop-unswitch,5.229416443663926e-05,0.05586380741958681,0.9554503971429361,59474,59432,0.9804884054538097,False
globaldce,loop-versioning,-0.00019085391842155186,-0.20263883438972005,0.8394176811097388,59378,59470,0.9200020917058193,False
globaldce,loop-flatten,0.0005371735205806916,0.5752470193569398,0.5651253304005533,59891,59620,0.7499257180103582,False
globaldce,loop-reroll,0.00023231635527992678,0.2479422039921124,0.8041795522547579,59490,59720,0.9018233466866071,False
globaldce,loop-instsimplify,-0.0005052676805805678,-0.5398538807333267,0.5892988204094762,59188,59264,0.7679514744504189,False
globaldce,loop-simplifycfg,-0.0003135708948602822,-0.33749124045730233,0.7357472088686464,59738,59420,0.8626305598591675,False
globaldce,loop-predication,0.0010046523896331538,1.0723133686657687,0.2835814801961194,59591,59339,0.49731530517151973,False
globaldce,speculative-execution,0.0010897419878246328,1.169598999264813,0.24216471952295898,59523,59664,0.4454283896908912,False
globaldce,partially-inline-libcalls,-0.00012116831524960903,-0.12946473934084668,0.8969901425705612,59367,59790,0.951669845111438,False
globaldce,load-store-vectorizer,0.0008974778929625171,0.9624239689305474,0.33583863281726933,59220,59861,0.553744878363127,False
globaldce,iroutliner,0.00041929573229460004,0.4524566016007116,0.6509409003730253,59741,59740,0.8107059432144672,False
globaldce,global-merge,-0.0006947906729274367,-0.7392761321558677,0.459740805009368,59076,59329,0.6679088098997485,False
globaldce,break-crit-edges,-0.009067823307798872,-9.33291331302107,1.0469158129167452e-20,59468,59582,1.15160739420842e-19,True
globaldce,unreachableblockelim,-0.0018639971669232036,-1.98962891168256,0.04663411768618059,59805,59000,0.133201462333394,False
elim-avail-extern,mergefunc,-4.010925149910971e-05,-0.04299583449211205,0.9657049266802641,59228,59504,0.98590112914712,False
elim-avail-extern,instcombine,0.010870226522527782,12.602904954506576,2.147599807103999e-36,59606,59060,5.356688436063223e-35,True
elim-avail-extern,simplifycfg,0.011899396868638834,12.96476043413125,2.0585364800477382e-38,59548,59150,5.717183585721236e-37,True
elim-avail-extern,tailcallelim,-0.0029520226204771682,-3.1712505346150226,0.001518226198030575,59469,59691,0.006873264498829747,True
elim-avail-extern,reassociate,0.0016952158342289914,1.8061436886627729,0.07089842648203176,59620,59247,0.18595997193813554,False
elim-avail-extern,memcpyopt,-0.00014488912608684457,-0.15363194259083318,0.8779002107753212,59209,59392,0.9408476259978539,False
elim-avail-extern,sccp,0.0009517027839597847,1.0210475961121408,0.30723395930849473,59644,59680,0.5221910523663478,False
elim-avail-extern,dce,0.00039761286205569624,0.42585947891517323,0.6702110129596303,59600,59452,0.8242921880495955,False
elim-avail-extern,adce,0.0007229233981598804,0.770155780447395,0.4412090247393486,59268,59359,0.6515138670755625,False
elim-avail-extern,dse,0.006658709292880538,7.254944614363202,4.042674720814453e-13,59298,59334,3.2912919348668185e-12,True
elim-avail-extern,jump-threading,0.006327626653188145,6.889475145819422,5.6275212723498714e-12,59830,59264,4.4163072750545284e-11,True
elim-avail-extern,loop-idiom,-0.00104392802015707,-1.114442284596048,0.26509174896804477,59137,59542,0.4749342527792407,False
elim-avail-extern,loop-deletion,0.0005961034989070413,0.6374611610358999,0.5238257287576089,59361,59492,0.7218416621209182,False
elim-avail-extern,gvn,0.0028294262331466924,3.3562324454177297,0.0007903685178879574,59443,59541,0.003806990302643593,True
elim-avail-extern,gvn-hoist,0.0015526174839036178,1.661041775308659,0.0967076985068568,59192,59482,0.2355145194980418,False
elim-avail-extern,gvn-sink,0.0010493790515785362,1.1360894610520476,0.25592142729815454,59381,58897,0.46440607474493656,False
elim-avail-extern,newgvn,0.0012548400069150034,1.5472026189600445,0.12181706255488943,59206,59410,0.2804802073792663,False
elim-avail-extern,early-cse,0.004856288259956987,5.45973868773111,4.7779453274871644e-08,58799,59111,3.377334639429555e-07,True
elim-avail-extern,mergereturn,0.0003775118487880369,0.40286351757796485,0.6870493601101327,59206,58924,0.8358140087577757,False
elim-avail-extern,globalopt,0.0028977632703566236,3.088519010445129,0.00201203342828124,59041,59406,0.008833097427297463,True
elim-avail-extern,strip-dead-prototypes,0.00047240370932294384,0.5053084059886812,0.6133431724552747,59627,59776,0.7864609899590228,False
elim-avail-extern,indvars,0.0006812564725255932,0.7277696908089448,0.46675601077380857,59871,59317,0.6718641787693868,False
elim-avail-extern,mergeicmps,-0.00034645099310637306,-0.3681132962855935,0.7127894133005592,59234,59483,0.8497057359162831,False
elim-avail-extern,separate-const-offset-from-gep,-0.0002474300627589576,-0.26365354631572013,0.7920473517810801,59288,59365,0.8941070710794781,False
elim-avail-extern,libcalls-shrinkwrap,0.001129132429747659,1.2081938044668346,0.226975124194894,59565,59490,0.4254839186789505,False
elim-avail-extern,flattencfg,-0.0005234691375125555,-0.5582784583639393,0.5766553077930648,59124,59316,0.7599114441606472,False
elim-avail-extern,loop-reduce,-0.004234653277783718,-4.529261608367692,5.924768366227918e-06,59308,59406,3.8223052590030526e-05,True
elim-avail-extern,loop-unroll,-0.003098333718217827,-3.2652941721060587,0.0010938137860196642,59458,59388,0.005117532599824379,True
elim-avail-extern,loop-rotate,-0.0003610912980318015,-0.37207512075346555,0.709837584042234,59726,58926,0.8485293329574394,False
elim-avail-extern,partial-inliner,0.0017006097417449073,1.8176525992160093,0.06911975804453925,59440,59675,0.18262907946497672,False
elim-avail-extern,lower-expect,0.0003301199949934941,0.351897949766934,0.724915421537464,59329,59369,0.8555662419351142,False
elim-avail-extern,alignment-from-assumptions,-4.587327852789702e-05,-0.04897671816592677,0.960937932125147,59526,59403,0.9835423267647871,False
elim-avail-extern,rpo-function-attrs,-0.0013073880849315822,-1.3991190845755637,0.16177987660185866,59513,59752,0.340380808451701,False
elim-avail-extern,attributor,0.0034290342247287886,4.000367440202945,6.328235827246632e-05,59599,59552,0.00036283120789894305,True
elim-avail-extern,inferattrs,-0.000869538846055562,-0.9300654464828113,0.3523391024428529,59099,58911,0.5694428085704547,False
elim-avail-extern,called-value-propagation,0.00034860763356203694,0.373502973141705,0.7087747978977342,59880,59216,0.8485293329574394,False
elim-avail-extern,licm,-0.0003190292775061554,-0.3249351122087528,0.7452307538347229,59689,59156,0.8690048821118584,False
elim-avail-extern,loop-simplify,6.132304845229974e-05,0.06549315338382691,0.9477814677800139,59507,59148,0.9766261680775056,False
elim-avail-extern,div-rem-pairs,0.002333545363085887,2.4914911575014234,0.01272216275820224,59539,59599,0.044963889315090225,True
elim-avail-extern,float2int,-0.00045308649065994855,-0.48309023165870607,0.6290325620001936,59394,59128,0.7984737480689653,False
elim-avail-extern,inline,0.00016102287446351227,0.17238795258897446,0.8631328360752566,59547,59425,0.9316505474285295,False
elim-avail-extern,sink,0.000988076210356903,1.0544301384263086,0.2916881790092898,59271,59275,0.506316892287402,False
elim-avail-extern,loop-vectorize,-0.013411118181074544,-14.43874459867993,3.23681022373538e-47,59525,59310,1.2426812584458574e-45,True
elim-avail-extern,slp-vectorizer,0.00038339202026282937,0.4093395243981878,0.6822912547477105,58912,59418,0.8322767476311135,False
elim-avail-extern,callsite-splitting,0.0003559628542836868,0.37773695815967523,0.7056266869121549,59191,59202,0.8470981318050271,False
elim-avail-extern,dfa-jump-threading,0.0011894353800203095,1.2725197181778314,0.2031910143374931,59604,59151,0.3958686627590164,False
elim-avail-extern,consthoist,-0.0010020596276434368,-1.0702220816999763,0.28452152813151166,59425,59566,0.4978491082050937,False
elim-avail-extern,mldst-motion,-0.0004860567139738925,-0.5183623503935268,0.6042064420231738,59640,59329,0.7791034713947563,False
elim-avail-extern,slsr,-0.0017136163384484093,-1.831473611465297,0.06703238169048989,59494,59503,0.17833714100912315,False
elim-avail-extern,loop-interchange,0.0006956808409140369,0.7384758153668862,0.460226821895729,59387,59033,0.6682418370573506,False
elim-avail-extern,loop-fusion,-0.0010725599622891657,-1.1434505704104334,0.2528538767449364,58876,59661,0.4601188574968267,False
elim-avail-extern,loop-distribute,-0.0005534567297765802,-0.5887619102902425,0.5560221195037772,59328,59541,0.7435931406396529,False
elim-avail-extern,loop-load-elim,2.343080647110307e-05,0.02498714336967737,0.9800652605556999,58875,59748,0.992227394088966,False
elim-avail-extern,loop-sink,0.0004854072398138287,0.5166274801743951,0.6054171918210901,59439,59196,0.7801295568184893,False
elim-avail-extern,loop-unroll-and-jam,-0.0012487241215334288,-1.3370716433806569,0.1812018038606824,59748,59454,0.3660089964888263,False
elim-avail-extern,hotcoldsplit,0.0006594344659213713,0.7028759625365198,0.48213443011037993,59305,59458,0.6883114940985227,False
elim-avail-extern,irce,0.001343781752999762,1.431932605410497,0.15216574553360138,59283,59302,0.3268687047673362,False
elim-avail-extern,nary-reassociate,0.0014591514539757378,1.5672281302819366,0.11706403093667729,59671,59576,0.2734218604014359,False
elim-avail-extern,scalarizer,-0.0009089699750863822,-0.9611177704809043,0.33649491850680235,59082,59386,0.554127039895979,False
elim-avail-extern,vector-combine,0.0018014204745994689,1.9217515370317164,0.054639426843549145,59156,59224,0.15207391294906783,False
elim-avail-extern,always-inline,0.0013167761196999361,1.4067862070446366,0.15949340187164399,59771,59387,0.33688034613233975,False
elim-avail-extern,globalsplit,-0.0004915916527746256,-0.5222050101257082,0.6015285740817249,59179,59336,0.7785276383215919,False
elim-avail-extern,lowerswitch,-0.0006365212171681178,-0.6323521981832684,0.5271579831036184,59248,59170,0.7240835033997891,False
elim-avail-extern,early-cse-memssa,-0.0009355240177575941,-1.147758441600178,0.25107060768495876,59774,59112,0.45776520878220794,False
elim-avail-extern,simple-loop-unswitch,0.000776417368554605,0.827515601065334,0.40794654901374455,59266,59278,0.6208778414060722,False
elim-avail-extern,loop-versioning,-0.0008819999505276233,-0.936559464058662,0.3489871134146028,59370,59570,0.5657392928631899,False
elim-avail-extern,loop-flatten,-0.0013986842682778278,-1.4916173651625315,0.13580214236546756,59709,58923,0.303423761294431,False
elim-avail-extern,loop-reroll,-0.000533469827997457,-0.5707633432321767,0.5681611547700028,59277,59422,0.7526789858184476,False
elim-avail-extern,loop-instsimplify,-0.002184949660404112,-2.335984873712358,0.01949369517732816,59184,58838,0.06485752787970865,False
elim-avail-extern,loop-simplifycfg,0.0007386374593500444,0.7915362723423726,0.42863269816810895,59413,59419,0.6408005127742611,False
elim-avail-extern,loop-predication,-0.0014504080180542944,-1.5517648855469561,0.12072115938608048,59101,59520,0.2787406015070113,False
elim-avail-extern,speculative-execution,0.0003885468146726523,0.41593930846663235,0.6774551640272088,59791,59323,0.8292949116381837,False
elim-avail-extern,partially-inline-libcalls,0.0010191914189032758,1.0855949232426696,0.2776604488168678,59615,59240,0.49106049045286715,False
elim-avail-extern,load-store-vectorizer,0.0006070301300405423,0.6477656430668932,0.5171377922652253,59397,59364,0.7155581507346532,False
elim-avail-extern,iroutliner,0.00015880357880448948,0.17070503417381966,0.8644559944753127,59523,59481,0.9322836643755097,False
elim-avail-extern,global-merge,0.0009379829771614112,0.9987306795064774,0.3179272088993954,59730,59093,0.5341067996782636,False
elim-avail-extern,break-crit-edges,-0.009558067247873614,-9.818640411680857,9.548434396750341e-23,59288,59529,1.1434761191949339e-21,True
elim-avail-extern,unreachableblockelim,0.0007862737169454515,0.8399310704868548,0.4009487184281468,59408,59928,0.6152488955190528,False
mergefunc,instcombine,0.01101819726914921,12.752614904613381,3.189571917426258e-37,59343,59233,8.110625732883914e-36,True
mergefunc,simplifycfg,0.008274937353707601,9.011742413300848,2.0571790902766588e-19,59626,58931,2.103371623374255e-18,True
mergefunc,tailcallelim,-0.0026769981378502172,-2.8709984290594344,0.004092499536704943,59506,59136,0.016676616218248237,True
mergefunc,reassociate,0.001547070257163663,1.6487090325313183,0.09920989905970938,59503,59477,0.24056096886552442,False
mergefunc,memcpyopt,-0.001281420749966733,-1.3604350473650666,0.17369487641219028,59562,59190,0.35519014936299587,False
mergefunc,sccp,0.0015201298328176294,1.626029970709132,0.10394592171829015,59953,59349,0.249266521401607,False
mergefunc,dce,0.0014270564133888053,1.52318065438882,0.1277161719537149,59788,59218,0.29145485394565707,False
mergefunc,adce,0.0019336312339408024,2.0679751610823014,0.03864451628113759,59601,59323,0.11525660758334715,False
mergefunc,dse,0.006817677484060591,7.447206371728495,9.597874846623926e-14,59591,59239,8.013918528652301e-13,True
mergefunc,jump-threading,0.0095291778398639,10.341640469598088,4.679751991895761e-25,59587,59349,6.254576382342593e-24,True
mergefunc,loop-idiom,0.0007072500033286078,0.752750705835154,0.4516012268981644,59264,59397,0.6601233312927256,False
mergefunc,loop-deletion,-0.0009740614744354614,-1.041323995298872,0.29772733329635376,59013,59216,0.5113597531528602,False
mergefunc,gvn,0.0017866261808150985,2.122260712723301,0.033817914205794504,59588,59321,0.10330027459429897,False
mergefunc,gvn-hoist,0.00018607102476597692,0.20019397286651075,0.8413292227919583,59690,59326,0.9208063824631942,False
mergefunc,gvn-sink,0.0002698914795719598,0.2921068068133604,0.7702054736388851,59187,59361,0.8809109089457295,False
mergefunc,newgvn,0.0011291253812807378,1.3946862152365964,0.16311309365958063,59756,58991,0.34212687454253765,False
mergefunc,early-cse,0.002141088904758115,2.4229697133272983,0.015395692588569345,59455,59510,0.05311853055227978,False
mergefunc,mergereturn,0.0001281765271291535,0.1360551665287226,0.8917779006854311,59524,59100,0.9484035438250207,False
mergefunc,globalopt,-0.0011750251597473782,-1.2541516042701284,0.20978937532113942,59643,59110,0.40469713978206007,False
mergefunc,strip-dead-prototypes,-0.0009163369942042365,-0.977083800136457,0.32852965489036556,59428,59483,0.5449095804368755,False
mergefunc,indvars,0.00044011582899539103,0.4696722768526739,0.6385900356602032,59438,59928,0.8061680069951299,False
mergefunc,mergeicmps,-0.0002290179959580918,-0.24468295574667936,0.8067023486547193,59397,59473,0.9028704595294148,False
mergefunc,separate-const-offset-from-gep,-0.000665120929330687,-0.7111020873316101,0.4770223686074103,59422,59737,0.6825062460601456,False
mergefunc,libcalls-shrinkwrap,0.0012608076861109763,1.3435603464556258,0.17909316191742905,59590,59388,0.36375976248374076,False
mergefunc,flattencfg,-0.0008005614082083334,-0.8507515946315055,0.3949090773213827,59253,59079,0.608616864654941,False
mergefunc,loop-reduce,-0.0002925480375606804,-0.3130878431118362,0.7542144737300507,59700,59307,0.8744701088696912,False
mergefunc,loop-unroll,-0.0019138446066563897,-2.010040844835123,0.04442912561923712,59549,59083,0.12830712088859333,False
mergefunc,loop-rotate,-0.0008245391623754594,-0.8518321906447854,0.39430895111300257,59470,59538,0.6083978930490616,False
mergefunc,partial-inliner,1.4465170984412357e-05,0.015474407616782856,0.9876537277667746,59338,59615,0.9953552821433972,False
mergefunc,lower-expect,0.0006968397929100201,0.7424557368334898,0.4578127267845736,59783,59176,0.6664664082112974,False
mergefunc,alignment-from-assumptions,0.0011149929752199417,1.193572370927703,0.23264766594942404,59668,59364,0.4332136280827126,False
mergefunc,rpo-function-attrs,0.001284400387157214,1.3707269989321746,0.17046266351869477,59512,59356,0.35188813407443786,False
mergefunc,attributor,0.0034208916455212846,4.004872934332337,6.208854403058747e-05,59588,59198,0.00035808356174341755,True
mergefunc,inferattrs,-0.001965604743624505,-2.107035090065035,0.0351166292675901,59137,59640,0.10651953540811994,False
mergefunc,called-value-propagation,0.000594233283702339,0.635501543204849,0.5251025861845012,59507,59156,0.7227774086110744,False
mergefunc,licm,-0.00025108419118186065,-0.2543524460786854,0.7992237260936844,59403,59319,0.8988781753967469,False
mergefunc,loop-simplify,0.0004746112010338699,0.5059955338115445,0.6128607249403717,59184,59484,0.7860997703460516,False
mergefunc,div-rem-pairs,3.272978251084302e-05,0.034786146113540035,0.9722503262722839,59516,59135,0.9891713856865858,False
mergefunc,float2int,0.0006123619606041575,0.6539655258162601,0.5131352835761958,59180,59490,0.7120615770674636,False
mergefunc,inline,-5.6879961508549126e-05,-0.060783171089745534,0.9515319950966735,59628,59426,0.9775245399572909,False
mergefunc,sink,0.001870957918957472,2.0046797403003054,0.04499955757875745,60008,59017,0.12945858788404505,False
mergefunc,loop-vectorize,-0.014350573189907734,-15.454398284233848,7.953215905995025e-54,59218,59457,3.9423789225160154e-52,True
mergefunc,slp-vectorizer,0.00020700855920202654,0.22072951400154195,0.825303429666853,59018,59481,0.912704950741428,False
mergefunc,callsite-splitting,0.0008393820429759558,0.8945897365871264,0.37100825280105554,59322,59473,0.5872547768669901,False
mergefunc,dfa-jump-threading,0.0012251786532512798,1.3171010346728145,0.18780729391069897,59703,59416,0.3761909784932466,False
mergefunc,consthoist,0.0023047060775511774,2.4619620100284005,0.013819334865041052,59859,59390,0.04823218835249622,True
mergefunc,mldst-motion,-0.0004797346288255011,-0.5110138384308464,0.6093423163726062,59463,59343,0.7841552779872251,False
mergefunc,slsr,0.0011567265898668189,1.2371727253939349,0.21602540750170274,59718,59253,0.4122590135363879,False
mergefunc,loop-interchange,0.0009278047924902721,0.9898760561526541,0.32223672143137944,59491,59239,0.5381147126333824,False
mergefunc,loop-fusion,-0.0001743460217003001,-0.1860142288592346,0.8524339219992845,58891,59407,0.9268292801513031,False
mergefunc,loop-distribute,0.0004275295626761655,0.4558520609233217,0.6484971967478763,59561,59355,0.8089559639304624,False
mergefunc,loop-load-elim,0.00016762763381439338,0.178379015117697,0.8584256332410641,59178,59409,0.9292987545440948,False
mergefunc,loop-sink,-0.00023605070028326347,-0.25214300976993115,0.8009309622996936,59412,59540,0.8999844041221235,False
mergefunc,loop-unroll-and-jam,-0.000369349563770327,-0.39454639797246066,0.6931783857095933,59639,59389,0.8397576201290506,False
mergefunc,hotcoldsplit,-0.0003337800103258015,-0.35606310181074996,0.7217939407734951,59579,59359,0.8544573978443188,False
mergefunc,irce,-0.0010277324297070511,-1.0991783989686947,0.271692480542597,59670,59439,0.4836126153658226,False
mergefunc,nary-reassociate,-0.00025011556948778546,-0.2664494766902575,0.7898935265866092,59471,59563,0.8927050649677234,False
mergefunc,scalarizer,-0.00187879270247171,-1.9867086216871446,0.046956988442632984,59401,59453,0.13383083460069198,False
mergefunc,vector-combine,0.00033266857636315983,0.354832942126355,0.7227153782597253,59194,59513,0.8548942629658688,False
mergefunc,always-inline,0.00042675911955869505,0.4558665715182199,0.6484867616487174,59433,59479,0.8089559639304624,False
mergefunc,globalsplit,-0.000421072208299178,-0.4489970842920684,0.6534345790202021,59523,59278,0.8128493683110265,False
mergefunc,lowerswitch,-0.0011337377158636697,-1.120868723830715,0.26234602167871723,59175,59093,0.47212638827842685,False
mergefunc,early-cse-memssa,0.0007672650594161556,0.9310340430603609,0.3518378530036648,59446,58991,0.5688674782668669,False
mergefunc,simple-loop-unswitch,0.0001993419682229658,0.21248057849200913,0.831732493346132,59417,59122,0.9152138068531759,False
mergefunc,loop-versioning,-0.0014624714408644213,-1.5550390446552094,0.11993943021528268,59304,59707,0.27803760153147244,False
mergefunc,loop-flatten,-0.00014594932817180162,-0.15596283982721137,0.8760625771643112,59562,59285,0.9396011499989481,False
mergefunc,loop-reroll,-0.0016679374359804267,-1.78218482713593,0.07472164992115282,59375,59414,0.1937814444312811,False
mergefunc,loop-instsimplify,-0.0013151398674000614,-1.3995637046732408,0.16164662448323538,59330,59281,0.34032697928836014,False
mergefunc,loop-simplifycfg,-0.0013560929027521818,-1.454662105934167,0.14576546172251065,59803,59382,0.3181814649416676,False
mergefunc,loop-predication,8.070411328275906e-05,0.08591029074270866,0.9315378758853157,59204,59451,0.9712200005236677,False
mergefunc,speculative-execution,0.00035496010632374286,0.3782554094578867,0.7052415427777992,59664,59159,0.8470981318050271,False
mergefunc,partially-inline-libcalls,0.0004168792310724201,0.44470909625726707,0.6565308013471965,59840,59507,0.815405841444853,False
mergefunc,load-store-vectorizer,0.0015994786977411857,1.7047728782789833,0.08823939996349078,59382,59714,0.21897686328075405,False
mergefunc,iroutliner,0.0018938055700259415,2.0425475789478007,0.04109943947772721,59722,59521,0.1216518556271956,False
mergefunc,global-merge,-0.0010341276456504733,-1.1040111635600567,0.2695905300632682,59229,59637,0.48035188689718744,False
mergefunc,break-crit-edges,-0.010746039972143961,-11.033111622119435,2.730411555945641e-28,59672,59451,4.3288630174425624e-27,True
mergefunc,unreachableblockelim,0.0017532551246158823,1.8669420300237556,0.06191214992572787,59355,59208,0.16761911842104063,False
instcombine,simplifycfg,-0.0011906197771490157,-1.4190655152919929,0.15588252648613943,59892,59561,0.3321196810226997,False
instcombine,tailcallelim,-0.01749728415197016,-20.54609056956627,1.2145747751896217e-93,59502,59592,1.9817811748510661e-91,True
instcombine,reassociate,-0.009659886294963893,-11.24925386900397,2.41660783183607e-29,59478,59810,4.096725657779242e-28,True
instcombine,memcpyopt,-0.008946431476237027,-10.344090152200334,4.561701803032909e-25,59419,59463,6.1176795413276965e-24,True
instcombine,sccp,-0.010028687146240056,-11.644952530359292,2.5318837143056634e-31,59439,59510,4.766757992894701e-30,True
instcombine,dce,-0.010460707625628451,-12.112269237813557,9.520552501997748e-34,59635,59369,2.0152693836661178e-32,True
instcombine,adce,-0.010264264044137883,-11.9491609234969,6.84916525386578e-33,59504,59569,1.3825428419658965e-31,True
instcombine,dse,-0.0033452310154828413,-3.9383915420182007,8.207612619453372e-05,59779,59828,0.0004631269599103661,True
instcombine,jump-threading,-0.005146803977298775,-6.071929731213242,1.26764555015524e-09,59484,59042,9.419544543468538e-09,True
instcombine,loop-idiom,-0.012624399330881941,-14.589352924016808,3.6144286840823144e-48,59281,59529,1.4442961966190147e-46,True
instcombine,loop-deletion,-0.012564114828676698,-14.565551452630098,5.119095991587928e-48,59235,59479,2.0248868588947806e-46,True
instcombine,gvn,-0.030387801892239663,-39.084330593181186,0.0,59318,59385,0.0,True
instcombine,gvn-hoist,-0.010321587301767021,-12.077019368937977,1.4614579915387353e-33,59943,59339,3.0769190832611224e-32,True
instcombine,gvn-sink,-0.011972985838522354,-14.077457305078406,5.67992874700053e-45,59352,59567,1.951105348531059e-43,True
instcombine,newgvn,-0.016696003969724815,-21.743788234813138,1.2673023722979976e-104,59564,59444,2.4813780449594794e-102,True
instcombine,early-cse,-0.009526731881013606,-11.398007130964208,4.4350245953735874e-30,59207,59630,7.858622767186863e-29,True
instcombine,mergereturn,-0.011139593176285545,-12.87512478543858,6.588590861443044e-38,59391,59241,1.779373918166273e-36,True
instcombine,globalopt,-0.00884180022514941,-10.279825835971744,8.89862880394768e-25,59325,59705,1.1693634361160777e-23,True
instcombine,strip-dead-prototypes,-0.010708391044593812,-12.41514111048372,2.2750047747778189e-35,59780,59388,5.302927796446392e-34,True
instcombine,indvars,-0.010046140757085542,-11.68559406526223,1.5713875870339214e-31,59429,59639,3.00173355649992e-30,True
instcombine,mergeicmps,-0.01066512037510814,-12.380823858878893,3.4896031146153916e-35,59353,59434,7.991395202826827e-34,True
instcombine,separate-const-offset-from-gep,-0.010925089442696878,-12.716240961800251,5.077517221509477e-37,59559,60028,1.2828101573826527e-35,True
instcombine,libcalls-shrinkwrap,-0.010586771539453532,-12.26940501607103,1.3877524465882066e-34,59150,59448,3.087749193658759e-33,True
instcombine,flattencfg,-0.011542293841597107,-13.423400979388271,4.725025853479896e-41,59559,59308,1.456944979702935e-39,True
instcombine,loop-reduce,-0.014746674358857015,-17.216146798315904,2.419194308809448e-66,59585,59331,2.4291192085378974e-64,True
instcombine,loop-unroll,-0.014830801119967263,-16.93110697574484,3.158211054611446e-64,59403,59570,2.6313945723103027e-62,True
instcombine,loop-rotate,-0.010385291809860142,-11.695745423326253,1.3943001397951773e-31,59892,59631,2.7030095779395614e-30,True
instcombine,partial-inliner,-0.009270092389854823,-10.7163580632259,8.773686365190907e-27,59248,59642,1.3113647254231905e-25,True
instcombine,lower-expect,-0.010475415037138225,-12.140072922029756,6.783929323319915e-34,59391,59353,1.451686733886382e-32,True
instcombine,alignment-from-assumptions,-0.010803389734137636,-12.555960764301565,3.8864078066736994e-36,59795,59451,9.632387956287472e-35,True
instcombine,rpo-function-attrs,-0.009990802215018635,-11.600272439788577,4.269016485468735e-31,59696,59484,7.922970880140079e-30,True
instcombine,attributor,-0.00967721572534569,-12.034625826981221,2.443345954261693e-33,59709,59588,5.062509395179254e-32,True
instcombine,inferattrs,-0.012815335575908415,-14.977438552678839,1.1474101389758602e-50,59216,59532,5.2247187258482194e-49,True
instcombine,called-value-propagation,-0.010580259781848123,-12.309286908043667,8.478106743465502e-35,59639,59132,1.90806126479373e-33,True
instcombine,licm,-0.014024214539587077,-15.731358521492993,1.050512076648588e-55,59060,59649,5.794091960782917e-54,True
instcombine,loop-simplify,-0.008961787083122674,-10.367641828440448,3.567357836705969e-25,59362,59341,4.8006093775053515e-24,True
instcombine,div-rem-pairs,-0.010701493722427236,-12.452106906096077,1.432898096753272e-35,59995,59927,3.4007448162944316e-34,True
instcombine,float2int,-0.009717389868336979,-11.298054098553008,1.3890037564273643e-29,59570,59461,2.396184453819189e-28,True
instcombine,inline,-0.010048990306304906,-11.687763463257955,1.5315031052339013e-31,59801,59875,2.9398853725960573e-30,True
instcombine,sink,-0.009002778398320532,-10.453843801148057,1.443489737327487e-25,59424,59411,1.9627450733939026e-24,True
instcombine,loop-vectorize,-0.030023287165288404,-35.27410632685207,3.7161161575960726e-271,59439,59716,2.0789015533066028e-268,True
instcombine,slp-vectorizer,-0.009568282738353528,-11.102772012171295,1.2561892896955417e-28,59554,59491,2.049682191019892e-27,True
instcombine,callsite-splitting,-0.009916039971333446,-11.467100704421885,2.0029639329801896e-30,59297,59233,3.631299426643714e-29,True
instcombine,dfa-jump-threading,-0.008859719748455841,-10.298683061560514,7.317562112655818e-25,59391,59446,9.680936903094656e-24,True
instcombine,consthoist,-0.010749951008624192,-12.478135447910427,1.034581299755798e-35,59664,59340,2.5008767715084597e-34,True
instcombine,mldst-motion,-0.011782593510628714,-13.63703513716904,2.5958354414799805e-42,59453,59239,8.471076324029669e-41,True
instcombine,slsr,-0.010116528038727146,-11.754144110641409,7.001697509237376e-32,59698,59831,1.3641118132424658e-30,True
instcombine,loop-interchange,-0.011033761043156731,-12.777589267240273,2.3154670271062593e-37,59482,59057,6.004880051753716e-36,True
instcombine,loop-fusion,-0.009516563098695474,-11.099550498297088,1.3021650252914937e-28,59609,59674,2.115883086739207e-27,True
instcombine,loop-distribute,-0.010686805338962269,-12.39067125168716,3.0867119768734966e-35,59606,59360,7.152404793749475e-34,True
instcombine,loop-load-elim,-0.009127429963281086,-10.590421296798606,3.3908089558494374e-26,59729,59482,4.881767599671469e-25,True
instcombine,loop-sink,-0.012886907738146713,-14.916032095728514,2.87847461428076e-50,59572,59608,1.2524562877248285e-48,True
instcombine,loop-unroll-and-jam,-0.010579286012149747,-12.327597064220589,6.756537905461825e-35,59969,59398,1.5293989848432663e-33,True
instcombine,hotcoldsplit,-0.011602012910087722,-13.43150324313959,4.235855176348013e-41,59326,59712,1.3164768944903825e-39,True
instcombine,irce,-0.011640523969193961,-13.515599922153656,1.3577631028865593e-41,59515,59863,4.287903476535295e-40,True
instcombine,nary-reassociate,-0.010619303740686203,-12.362183354693958,4.3999978257472297e-35,59301,59453,1.0017669468387297e-33,True
instcombine,scalarizer,-0.012370769619007127,-14.252520256852407,4.718614876347762e-46,59722,59489,1.6646933203403455e-44,True
instcombine,vector-combine,-0.011232089082433061,-13.02144960848815,9.826651681046757e-39,59041,59044,2.8088443783196426e-37,True
instcombine,always-inline,-0.010513420066734835,-12.19554048121326,3.4414881396984823e-34,59560,59376,7.404872282999591e-33,True
instcombine,globalsplit,-0.011041563303016533,-12.77115563818191,2.5149240533724695e-37,58914,59599,6.479238548030651e-36,True
instcombine,lowerswitch,-0.01090882551538297,-11.63538377571518,2.8322469959499335e-31,59432,59376,5.306736476621981e-30,True
instcombine,early-cse-memssa,-0.018429062339424207,-23.92389806752051,3.4489007090785085e-126,59623,59136,9.647067983393886e-124,True
instcombine,simple-loop-unswitch,-0.011867925472267615,-13.743562720133026,6.005451534960473e-43,59309,59486,1.976247748815564e-41,True
instcombine,loop-versioning,-0.011360995896494253,-13.121851541324254,2.6284991312672583e-39,59604,59604,7.62459451706858e-38,True
instcombine,loop-flatten,-0.010474423192222582,-12.197675750513318,3.351629374321269e-34,60287,59326,7.251370513724911e-33,True
instcombine,loop-reroll,-0.012323061664438695,-14.342825311277478,1.2917069289076599e-46,59759,59908,4.817451746287996e-45,True
instcombine,loop-instsimplify,-0.01153188389054055,-13.325306911013925,1.7642308375749435e-40,59242,59244,5.273838137361434e-39,True
instcombine,loop-simplifycfg,-0.012285020076052033,-14.313788565161666,1.9620187759543236e-46,59355,59406,7.180621987511339e-45,True
instcombine,loop-predication,-0.010613936821021297,-12.28823814895536,1.0998913510464939e-34,59235,59362,2.4612425889703257e-33,True
instcombine,speculative-execution,-0.009012656943352848,-10.488019346612912,1.0063147405646525e-25,59544,59490,1.3924835774032436e-24,True
instcombine,partially-inline-libcalls,-0.010250794587553902,-11.916059028457965,1.018936670733664e-32,59413,59789,2.035793878873994e-31,True
instcombine,load-store-vectorizer,-0.00850971586016569,-9.87423769724185,5.494694136825708e-23,59564,59639,6.661678712015316e-22,True
instcombine,iroutliner,-0.007472278642098373,-8.698039058261138,3.4187038640705348e-18,59372,59395,3.363729731582968e-17,True
instcombine,global-merge,-0.01067697644925708,-12.382579165486442,3.4140281345250705e-35,59373,59545,7.864314220470692e-34,True
instcombine,break-crit-edges,-0.0204928635026565,-22.897833813600368,8.714051228624376e-116,59503,59346,2.132764038205816e-113,True
instcombine,unreachableblockelim,-0.010987939552839443,-12.690839500731972,7.024727693834062e-37,59447,59247,1.7633867723752684e-35,True
simplifycfg,tailcallelim,-0.013385256135233503,-14.687146884414913,8.595586298606785e-49,59468,60145,3.5062829109733515e-47,True
simplifycfg,reassociate,-0.008334370366543997,-9.053735116879428,1.4016643226877209e-19,59493,59769,1.444451970432925e-18,True
simplifycfg,memcpyopt,-0.00923951704794479,-10.01278603182273,1.3684688656835708e-23,59263,59489,1.7012457390529725e-22,True
simplifycfg,sccp,-0.008970413791544896,-9.761839713203305,1.67369378745703e-22,59498,59778,1.9861166277823422e-21,True
simplifycfg,dce,-0.00955007357073645,-10.424244431096014,1.9707293666373141e-25,59944,59571,2.6611642068109387e-24,True
simplifycfg,adce,-0.009937577383896945,-10.84825597964478,2.093506801721577e-27,59711,59604,3.2532431093419424e-26,True
simplifycfg,dse,-0.0029591185027157962,-3.3021548073974323,0.0009597330679030078,59257,59946,0.004558476605004723,True
simplifycfg,jump-threading,-0.003809784458094323,-4.1394937404299315,3.483122357353922e-05,59399,59702,0.00020697886420937718,True
simplifycfg,loop-idiom,-0.010689590290283102,-11.6316119740694,2.959972210302812e-31,59237,59690,5.519643416926577e-30,True
simplifycfg,loop-deletion,-0.010780400273546653,-11.691874095212857,1.4595383339916708e-31,59407,59564,2.8155429142420608e-30,True
simplifycfg,gvn,-0.010615903505452606,-12.990976234184018,1.462149549827376e-38,59597,59807,4.119264487139571e-37,True
simplifycfg,gvn-hoist,-0.010222778444076819,-11.206688586877872,3.909846845789255e-29,59496,59732,6.543145405175522e-28,True
simplifycfg,gvn-sink,-0.011982495678150018,-13.256964271390588,4.391202973919512e-40,59565,59238,1.29292863502773e-38,True
simplifycfg,newgvn,-0.012322748470911138,-15.59642888351464,8.72478121735694e-55,59475,59501,4.437174447684387e-53,True
simplifycfg,early-cse,-0.008549995236956931,-9.897039425341202,4.3762645924829546e-23,59614,60169,5.322190106882996e-22,True
simplifycfg,mergereturn,-0.01126414723512592,-12.240837390593382,1.9728416073460535e-34,59445,59528,4.364772731280873e-33,True
simplifycfg,globalopt,-0.00881430707153441,-9.594443435568767,8.59195964912117e-22,59392,59559,9.86689559705528e-21,True
simplifycfg,strip-dead-prototypes,-0.011867899572343688,-12.93405108558984,3.0683610848635665e-38,59415,59894,8.402588817010997e-37,True
simplifycfg,indvars,-0.010435264186963888,-11.36393640960723,6.550795206568161e-30,60060,59472,1.1401295123964853e-28,True
simplifycfg,mergeicmps,-0.009938524774718016,-10.816919502080037,2.947225694112532e-27,59460,59612,4.5260140463312446e-26,True
simplifycfg,separate-const-offset-from-gep,-0.010628511387173245,-11.576844065538834,5.610381953564149e-31,59604,59407,1.0363328174602457e-29,True
simplifycfg,libcalls-shrinkwrap,-0.010117764743374558,-11.044431502837918,2.4074142704803676e-28,59644,59699,3.8637025750824256e-27,True
simplifycfg,flattencfg,-0.009766127475974329,-10.635146346525008,2.101705082860669e-26,59442,59650,3.059582566722074e-25,True
simplifycfg,loop-reduce,-0.01347084363706541,-14.732387618439628,4.410744670811463e-49,59842,59596,1.8374974607337967e-47,True
simplifycfg,loop-unroll,-0.013513362604338441,-14.560025085340014,5.546609625553114e-48,59519,59742,2.1720523293665994e-46,True
simplifycfg,loop-rotate,-0.0159822238654318,-16.835851426122,1.579393444021956e-63,59363,59486,1.2622254544469348e-61,True
simplifycfg,partial-inliner,-0.009633363848541854,-10.471430925701029,1.198996030649265e-25,59660,59571,1.641702257350532e-24,True
simplifycfg,lower-expect,-0.011049182749158448,-12.057310687383236,1.8563626065900395e-33,59723,59457,3.887441693800318e-32,True
simplifycfg,alignment-from-assumptions,-0.009747987969972005,-10.674165327586284,1.3824223404864474e-26,59296,59688,2.0351751448665144e-25,True
simplifycfg,rpo-function-attrs,-0.010305424713700106,-11.201374092689631,4.1517643550772737e-29,59391,59518,6.918429452971321e-28,True
simplifycfg,attributor,-0.007741117966982514,-9.255941413174279,2.1572295128872478e-20,59588,59525,2.327193050266243e-19,True
simplifycfg,inferattrs,-0.012319568465650577,-13.474164342673633,2.3808129915583e-41,59493,59408,7.458610939953841e-40,True
simplifycfg,called-value-propagation,-0.009628861838988811,-10.494712894390283,9.375912678615074e-26,59231,59582,1.3066218522938302e-24,True
simplifycfg,licm,-0.010884020757517321,-11.259666187041558,2.1479129260869627e-29,59441,59378,3.67302489893299e-28,True
simplifycfg,loop-simplify,-0.010370576342533022,-11.23800325239204,2.74514575990272e-29,59542,59210,4.633616722318557e-28,True
simplifycfg,div-rem-pairs,-0.008653218123342299,-9.455008831609033,3.285490374017139e-21,59996,59742,3.6865273079229564e-20,True
simplifycfg,float2int,-0.009220102051118728,-10.079606311484088,6.951254023443808e-24,59506,59886,8.781003469614823e-23,True
simplifycfg,inline,-0.009981641976126776,-10.904401441692345,1.1315953043772055e-27,59871,59793,1.7654690087414885e-26,True
simplifycfg,sink,-0.007793970986924803,-8.512341202400567,1.7239419886541732e-17,59819,59435,1.6627972481698874e-16,True
simplifycfg,loop-vectorize,-0.027622116240355765,-30.445927988865623,8.163844265461422e-203,59293,60025,3.5521793492829927e-200,True
simplifycfg,slp-vectorizer,-0.010374724118030976,-11.366978745167893,6.326383310673246e-30,59648,60067,1.1059873680623407e-28,True
simplifycfg,callsite-splitting,-0.009489076319821654,-10.323921845395565,5.628084071741763e-25,59618,59620,7.496454838415219e-24,True
simplifycfg,dfa-jump-threading,-0.009686114702537718,-10.55211999435719,5.0999322159727454e-26,59398,59414,7.183933294154414e-25,True
simplifycfg,consthoist,-0.010810389285124344,-11.756004849558916,6.849042316794927e-32,59776,59811,1.3410424856284468e-30,True
simplifycfg,mldst-motion,-0.011843725610757139,-12.883678417863544,5.896518479141655e-38,59816,59435,1.6035254419665777e-36,True
simplifycfg,slsr,-0.009382173920679027,-10.234473181132511,1.4224074329141722e-24,59423,59900,1.8505473446152487e-23,True
simplifycfg,loop-interchange,-0.01071843955610019,-11.654299339208425,2.269375254909577e-31,59428,59222,4.2931756030076826e-30,True
simplifycfg,loop-fusion,-0.011018127417865953,-11.969777136018468,5.344478217512429e-33,59289,60075,1.0900508697801392e-31,True
simplifycfg,loop-distribute,-0.00974665271256503,-10.588747246411428,3.4520357040815134e-26,59241,59831,4.951711288345497e-25,True
simplifycfg,loop-load-elim,-0.010334285614998717,-11.253199128949115,2.3109080868509657e-29,59771,59535,3.9345722035253835e-28,True
simplifycfg,loop-sink,-0.010727664780482982,-11.671473758321689,1.854848255054145e-31,59310,59885,3.526012508151472e-30,True
simplifycfg,loop-unroll-and-jam,-0.011399976264332479,-12.471787630284911,1.1200700075130551e-35,59725,59719,2.690916656086579e-34,True
simplifycfg,hotcoldsplit,-0.011438993754940563,-12.504109186033487,7.465993421226285e-36,59363,60024,1.815952188665971e-34,True
simplifycfg,irce,-0.01110523394377283,-12.116032700989573,9.091304664685316e-34,59729,60016,1.9348667971145487e-32,True
simplifycfg,nary-reassociate,-0.009913701264270047,-10.829755298346718,2.5620752000408355e-27,59568,59910,3.9500340485668944e-26,True
simplifycfg,scalarizer,-0.012302667908499043,-13.33303307439325,1.5901865227045366e-40,59616,59701,4.8272638937294303e-39,True
simplifycfg,vector-combine,-0.010487329120477729,-11.400019467251608,4.333647458297054e-30,59134,59771,7.713892475768755e-29,True
simplifycfg,always-inline,-0.008562361281929776,-9.314099255883903,1.2499278209178237e-20,59679,59517,1.3710692847938928e-19,True
simplifycfg,globalsplit,-0.011772736208384926,-12.780044556327299,2.242883692473026e-37,59204,60017,5.8554216931495794e-36,True
simplifycfg,lowerswitch,-0.014993245451943082,-15.251338885964195,1.8091736465192658e-52,59422,59233,8.746572839221537e-51,True
simplifycfg,early-cse-memssa,-0.01207366928761261,-15.186239843317479,4.883377253210832e-52,59082,59657,2.332110405313856e-50,True
simplifycfg,simple-loop-unswitch,-0.011413048032975603,-12.460188322515632,1.2956485581009344e-35,59325,59454,3.09375594727028e-34,True
simplifycfg,loop-versioning,-0.009965662695548605,-10.776191760445727,4.59002091286201e-27,59500,59485,6.966868951460324e-26,True
simplifycfg,loop-flatten,-0.011435102271979913,-12.427368859053358,1.953094983664198e-35,59349,59567,4.579832308999401e-34,True
simplifycfg,loop-reroll,-0.010199123506406838,-11.10318015628284,1.2503514035262233e-28,59560,59813,2.0486929272839707e-27,True
simplifycfg,loop-instsimplify,-0.011981954637742931,-13.08573367544612,4.2283550169593704e-39,59356,59609,1.2175175181185952e-37,True
simplifycfg,loop-simplifycfg,-0.010802728946943452,-11.782958585651816,4.978637457191951e-32,59247,59891,9.846638526446304e-31,True
simplifycfg,loop-predication,-0.010863344052976509,-11.780556735641056,5.123206851820673e-32,59552,59087,1.0081647252125505e-30,True
simplifycfg,speculative-execution,-0.008329947927266879,-9.081652990834316,1.085174654829191e-19,59256,59502,1.1212517014013488e-18,True
simplifycfg,partially-inline-libcalls,-0.0104795643294609,-11.416748513651656,3.575651988940708e-30,59496,59967,6.423051921418262e-29,True
simplifycfg,load-store-vectorizer,-0.010519087725814058,-11.478728318875115,1.750926007995682e-30,59475,59742,3.189128487121437e-29,True
simplifycfg,iroutliner,-0.0120252259807615,-13.204754142791478,8.784559832709234e-40,59442,59889,2.5671892764842804e-38,True
simplifycfg,global-merge,-0.0095939760596494,-10.465158484590011,1.2811780103316473e-25,59724,59028,1.748116058696422e-24,True
simplifycfg,break-crit-edges,-0.046904261140209236,-50.22771320864952,0.0,59588,59908,0.0,True
simplifycfg,unreachableblockelim,-0.009667271789762122,-10.557110746092818,4.83555268487539e-26,59548,59916,6.860878374627546e-25,True
tailcallelim,reassociate,0.003536103659775358,3.773984487831211,0.00016073877708064685,59229,59581,0.0008766755585624137,True
tailcallelim,memcpyopt,0.002657703008218215,2.848074729709887,0.0043992122003160385,59437,59695,0.017797233397421543,True
tailcallelim,sccp,0.0034874306758104767,3.7331052014538493,0.00018922148008393522,59712,59405,0.0010150565972721784,True
tailcallelim,dce,0.0033790366830270813,3.629798686788452,0.0002837603475348681,59949,59856,0.001469848572680613,True
tailcallelim,adce,0.004521946190646553,4.869989013346465,1.1174675109321854e-06,59932,59576,7.531846424802818e-06,True
tailcallelim,dse,0.010387213680749241,11.411077796866007,3.816512692570934e-30,59434,59892,6.824412650277523e-29,True
tailcallelim,jump-threading,0.01027580142772716,11.178211546330292,5.389890085815377e-29,59494,59261,8.905826825338826e-28,True
tailcallelim,loop-idiom,0.004205204624972592,4.497689220000479,6.876082573059589e-06,59794,59271,4.414219566573992e-05,True
tailcallelim,loop-deletion,0.003213900205532416,3.451514863378616,0.000557641791453404,59897,59540,0.0027537518982743126,True
tailcallelim,gvn,0.015089037659731797,18.061169811643712,8.067178989193507e-73,59389,59692,9.573052400509629e-71,True
tailcallelim,gvn-hoist,0.0034134720273440444,3.682263501762182,0.00023127442305931914,59637,59416,0.0012238792441895863,True
tailcallelim,gvn-sink,0.0024688812211573485,2.676670892836248,0.007436783995409719,59231,59573,0.02813762910727001,True
tailcallelim,newgvn,0.011404202246046657,14.293885781700242,2.610091419838363e-46,59775,59419,9.337724103533053e-45,True
tailcallelim,early-cse,0.006976086164183326,7.9300966699182105,2.208583748097571e-15,59284,59792,1.9567452392647258e-14,True
tailcallelim,mergereturn,0.0005064711703680058,0.5406469135971494,0.5887519894418579,59664,59097,0.7674942711898521,False
tailcallelim,globalopt,0.002302657298932531,2.4682689310141788,0.013578222411585378,59929,59103,0.04747528478907888,True
tailcallelim,strip-dead-prototypes,0.003522141507771248,3.7722873696615005,0.0001618359608259062,59403,59788,0.0008814320202979815,True
tailcallelim,indvars,0.0037770875368821066,4.062331928218038,4.86158312844607e-05,60013,59760,0.0002845733861135248,True
tailcallelim,mergeicmps,0.0017487101252205983,1.86651678640199,0.06197155357953042,59607,59482,0.16761911842104063,False
tailcallelim,separate-const-offset-from-gep,0.0022487823131059903,2.4041354070547962,0.016212286663936207,59506,59452,0.05569062682102999,False
tailcallelim,libcalls-shrinkwrap,0.0034315798837819544,3.6800186736950513,0.00023331940040500202,59769,59598,0.0012330347800080807,True
tailcallelim,flattencfg,0.0019693527476097317,2.118529715593512,0.03413230051143013,59326,59514,0.10409820000214984,False
tailcallelim,loop-reduce,0.0007347626678960162,0.7884893538325021,0.4304120906150786,59740,59536,0.6428275159605826,False
tailcallelim,loop-unroll,-0.0008565480728726649,-0.9021231416407086,0.3669932795665951,59826,59410,0.5830205609666477,False
tailcallelim,loop-rotate,0.002497202998484105,2.5806647486056513,0.009862213882885447,59432,59720,0.03572657684123905,True
tailcallelim,partial-inliner,0.0019129081090602518,2.05176017934677,0.04019515830548081,59397,59615,0.11933604239898624,False
tailcallelim,lower-expect,0.0030055736262589727,3.2267574937035692,0.0012523538013761418,59276,59709,0.005776463470187245,True
tailcallelim,alignment-from-assumptions,0.0007236116129510362,0.7744794302148467,0.4386488699896488,59385,59351,0.6490823084487797,False
tailcallelim,rpo-function-attrs,0.003381183580947744,3.640173139491915,0.0002725695888445441,59695,59850,0.0014229219018185347,True
tailcallelim,attributor,0.0017344766973323433,2.016583500511564,0.043741230756797915,59420,59987,0.126976026422254,False
tailcallelim,inferattrs,0.001163571923096629,1.2519195302450774,0.21060165229097738,59193,59619,0.4058642078599742,False
tailcallelim,called-value-propagation,0.002386826211705606,2.5623918322714814,0.010396616449260132,59451,59474,0.03762768023595441,True
tailcallelim,licm,0.0026408057955633057,2.6935250352206697,0.00707106847105954,59841,59868,0.026883790420067145,True
tailcallelim,loop-simplify,0.004161254396717218,4.44398120236404,8.83890489434954e-06,59648,59170,5.600833586775533e-05,True
tailcallelim,div-rem-pairs,0.0031888540798595266,3.420899920465594,0.0006243527320834651,59496,59363,0.0030447886660508712,True
tailcallelim,float2int,0.0016704909121339484,1.7944724536593848,0.07274032649190355,59419,59688,0.19028130831148585,False
tailcallelim,inline,0.003722263817659277,3.9828346232974083,6.813847763460525e-05,59736,59620,0.00038896542043311103,True
tailcallelim,sink,0.005040533369220945,5.3850195921647295,7.257368480358683e-08,59694,59191,5.120694589024253e-07,True
tailcallelim,loop-vectorize,-0.012562974925953041,-13.562439872845609,7.184075798639764e-42,59381,59873,2.2872228315018957e-40,True
tailcallelim,slp-vectorizer,0.002743246036986169,2.9328453771223235,0.003359351375294404,59395,59571,0.013994914878354135,True
tailcallelim,callsite-splitting,0.0030861344349356057,3.298934444161631,0.0009708105738684741,59516,59452,0.0046025353598897634,True
tailcallelim,dfa-jump-threading,0.0021276542531709075,2.291202914447124,0.021953419273344512,59528,59496,0.07160106896945977,False
tailcallelim,consthoist,0.0035157206803344554,3.756194144396074,0.00017259875890035474,59653,59758,0.0009335590329472226,True
tailcallelim,mldst-motion,0.0028683912713595716,3.0740234153388197,0.0021124052208026313,59636,59640,0.009252996470540386,True
tailcallelim,slsr,0.0027892734899873095,2.992197525483945,0.0027703355114961394,59924,59522,0.011789446354075087,True
tailcallelim,loop-interchange,0.003086459923143603,3.294961774469381,0.000984638008021238,59473,59613,0.004662445513193674,True
tailcallelim,loop-fusion,0.0035820250676416032,3.845146900410997,0.00012054266516398205,59446,60016,0.0006686190889265633,True
tailcallelim,loop-distribute,0.0027435521464314605,2.9315909655552375,0.0033729448912710085,60095,59387,0.014036612321166066,True
tailcallelim,loop-load-elim,0.0025830828556301366,2.7588138661646777,0.0058020427767963055,59215,59770,0.02267544861670093,True
tailcallelim,loop-sink,0.00335699628806696,3.574448847531814,0.0003511052619235217,59557,59394,0.0017943863109697537,True
tailcallelim,loop-unroll-and-jam,0.002702150416783511,2.8881088393569203,0.0038763548273359474,59799,59372,0.015911745811160973,True
tailcallelim,hotcoldsplit,0.0028809930608028056,3.0994205769067027,0.001939446463785447,59436,59876,0.008523986927254557,True
tailcallelim,irce,0.0024838314699072717,2.6685575845635467,0.007618801002537128,59721,59678,0.028715326973951294,True
tailcallelim,nary-reassociate,0.0021437798234746896,2.297557309063752,0.02158872446167178,59535,59466,0.07083530225097207,False
tailcallelim,scalarizer,0.0006886659791582317,0.730011415265953,0.46538464474607705,59372,59607,0.6707568159093256,False
tailcallelim,vector-combine,0.0023144155512277997,2.470636915784018,0.013488660178593867,59233,59619,0.04728880327607304,True
tailcallelim,always-inline,0.003242133391636315,3.4722714542312727,0.0005162569762060637,59747,59504,0.0025688212437394477,True
tailcallelim,globalsplit,0.003156236457934003,3.375485747701272,0.0007370911932524332,59400,59244,0.00357233801086204,True
tailcallelim,lowerswitch,0.0007866896072121765,0.7799825414717445,0.43540270805899955,59361,59241,0.6467720198342934,False
tailcallelim,early-cse-memssa,0.007335344686774159,9.111111214266769,8.275719336778725e-20,59605,59721,8.59621138536485e-19,True
tailcallelim,simple-loop-unswitch,0.0021931279899446987,2.355326731133249,0.018508041932011013,59368,59436,0.06199956561655699,False
tailcallelim,loop-versioning,0.0006555952459171288,0.6973426870660004,0.4855897219737166,59352,59738,0.6914797640905724,False
tailcallelim,loop-flatten,0.0015425639396076662,1.6585222308194163,0.09721472313483526,59944,59812,0.23645518993541295,False
tailcallelim,loop-reroll,0.0017798660594136595,1.9021788726548061,0.05715018538426729,59546,59479,0.15782801548997935,False
tailcallelim,loop-instsimplify,0.0014005835551943457,1.4912659349801771,0.1358943526737118,58912,59503,0.303423761294431,False
tailcallelim,loop-simplifycfg,0.0029365499726085043,3.1610493466698033,0.0015724104535789069,59600,60079,0.007102144563108419,True
tailcallelim,loop-predication,0.00277956310654065,2.9669383991519633,0.0030084109512105647,59528,59283,0.012681310317481778,True
tailcallelim,speculative-execution,0.004330190666297695,4.649574743230253,3.329777369135077e-06,59334,59281,2.198888394187683e-05,True
tailcallelim,partially-inline-libcalls,0.003078243867463082,3.309252313166063,0.0009357311028148665,59569,60080,0.004460911114041667,True
tailcallelim,load-store-vectorizer,0.0036078961854559277,3.8695725361846702,0.00010908433029503668,59577,59637,0.0006076447189692229,True
tailcallelim,iroutliner,0.005284330982922358,5.677062522438377,1.3734338504867294e-08,59740,59895,9.850488934992733e-08,True
tailcallelim,global-merge,0.002032407603681119,2.1761557563206377,0.02954556892011303,59900,59546,0.09226510996105472,False
tailcallelim,break-crit-edges,-0.006595570693826325,-6.7773234435045175,1.2298917395855606e-11,59551,59585,9.594135562185369e-11,True
tailcallelim,unreachableblockelim,0.002936361167278856,3.1428479164097176,0.0016735381890406772,59440,59507,0.0074898006266094766,True
reassociate,memcpyopt,-0.0006786317478790771,-0.7182294738327621,0.47261722019799196,59669,59120,0.6784343967358272,False
reassociate,sccp,0.0002643154814663262,0.28131326253094585,0.7784706268371531,59845,59444,0.8845185573499468,False
reassociate,dce,-0.0011730761127112799,-1.2515867034177361,0.21072296158120124,60067,59007,0.4058982378514432,False
reassociate,adce,2.4264703234466722e-05,0.025832061791174466,0.9793913320864573,59532,59468,0.9920696797588757,False
reassociate,dse,0.006061593692260392,6.65057421231764,2.932039220893437e-11,59797,59614,2.251346193925235e-10,True
reassociate,jump-threading,0.006473171108959397,7.005349144537289,2.476724608370832e-12,59893,59053,1.9793578706898323e-11,True
reassociate,loop-idiom,-0.0021824577992748395,-2.323197155312193,0.020170244152752308,59299,59419,0.06680732772968104,False
reassociate,loop-deletion,-0.0013833318916043336,-1.4743218514528245,0.14039760964300715,59343,59219,0.3104444039311214,False
reassociate,gvn,6.099803009301796e-05,0.0724564827797427,0.9422387577307771,59454,59740,0.974928296334986,False
reassociate,gvn-hoist,-0.0011035552618837707,-1.1810117416087136,0.23760041787014388,59451,59628,0.43915703774466397,False
reassociate,gvn-sink,-0.0003023582064349273,-0.326323546682631,0.7441801489956351,59810,59133,0.8686168296473642,False
reassociate,newgvn,-0.001157154075650757,-1.4208957287791915,0.1553496983742948,59640,59224,0.3317063352419512,False
reassociate,early-cse,0.0033486929364397455,3.7652698986994793,0.00016644919354179836,59435,59624,0.0009015422433052314,True
reassociate,mergereturn,-0.0003381821153320974,-0.3589247175283448,0.7196520469600615,59165,59461,0.8534698412766809,False
reassociate,globalopt,0.00033338255693665664,0.3545122908464999,0.7229556237689801,59534,59294,0.8548942629658688,False
reassociate,strip-dead-prototypes,-0.00039398027239950784,-0.4200924650437568,0.6744186644390922,59951,59247,0.8271291857010601,False
reassociate,indvars,6.638347930620903e-05,0.07103211790951201,0.9433723125799818,59995,59446,0.9755072553639316,False
reassociate,mergeicmps,0.0008718066704127558,0.9262008903497412,0.35434347394437676,59039,59608,0.5717383782308114,False
reassociate,separate-const-offset-from-gep,-0.0006010506146386096,-0.6406985339511369,0.5217197993040922,59495,59632,0.7204001177978931,False
reassociate,libcalls-shrinkwrap,-0.0010251379564231167,-1.0897296876194147,0.2758344396768494,59700,59391,0.4892903334372021,False
reassociate,flattencfg,-0.00024150816929024987,-0.257133427966749,0.7970762186270355,59584,59183,0.8978022100517061,False
reassociate,loop-reduce,-0.002509598711670946,-2.6864387451028464,0.007222817498087618,59653,59815,0.027407512909409994,True
reassociate,loop-unroll,-0.0023561006795074224,-2.4769775301775105,0.013251401872664305,59542,59567,0.0466659080335912,True
reassociate,loop-rotate,-0.001180511968604192,-1.213894989561412,0.22479023863929848,59470,59389,0.42240847065117887,False
reassociate,partial-inliner,-0.00010986193356549157,-0.11683784474609829,0.9069887501754861,59514,59696,0.957866220519742,False
reassociate,lower-expect,-0.0028256206321873867,-3.0112214421179457,0.002602537893953102,59309,59290,0.01121042594369085,True
reassociate,alignment-from-assumptions,-0.00020210071496079562,-0.21504720603276184,0.829730881260011,59854,59672,0.9152138068531759,False
reassociate,rpo-function-attrs,0.0009457377308630388,1.008397360336009,0.3132657838194739,59819,59557,0.5289990553846744,False
reassociate,attributor,0.0007064345245152981,0.8225743008225885,0.41075176617697073,59598,59428,0.6227270291711255,False
reassociate,inferattrs,-0.004251806955744786,-4.559956231393119,5.121513035181402e-06,59513,59590,3.326010787026596e-05,True
reassociate,called-value-propagation,-0.0001325494691656326,-0.14147796541481666,0.8874926065952333,59434,59021,0.9462077450114168,False
reassociate,licm,-0.0008011572373138875,-0.8125469684281005,0.41647947251783934,59402,59634,0.6289755551021439,False
reassociate,loop-simplify,-0.0008165292951444192,-0.8697156125667719,0.38445759255066975,59614,59378,0.5996829009293386,False
reassociate,div-rem-pairs,-0.0009067443746539894,-0.9653845699842294,0.3343541885452641,59911,59124,0.5517619057493697,False
reassociate,float2int,-0.0003790784894120436,-0.4049842404625135,0.6854898250388315,59326,59370,0.8344352361989631,False
reassociate,inline,-0.00011030137701012466,-0.11764607551732749,0.9063482935941549,59831,59426,0.9574480490193447,False
reassociate,sink,0.0013654687305612034,1.4537332415887816,0.14602291956468588,59591,59239,0.3183885039060746,False
reassociate,loop-vectorize,-0.015587390173846805,-16.71309139199638,1.2412860136613148e-62,59548,59293,9.171464206599451e-61,True
reassociate,slp-vectorizer,-0.002357999496638785,-2.51428367602053,0.011928753390003054,59640,59343,0.042505002980211065,True
reassociate,callsite-splitting,-0.00037387618319917326,-0.39620188999930867,0.6919568106424077,59349,59146,0.8389877675611822,False
reassociate,dfa-jump-threading,-0.00041495423282161825,-0.44303674725973713,0.6577399630078513,59650,58997,0.8161310821098687,False
reassociate,consthoist,-0.0012011306736258165,-1.274696654905191,0.20241911648565963,59518,59668,0.39520594309448503,False
reassociate,mldst-motion,-0.00029694903716326326,-0.31616503717466404,0.7518777975419799,59791,59428,0.8724010237553758,False
reassociate,slsr,-0.0017122981975439266,-1.8259987114979142,0.06785294720436799,59899,59736,0.1797781740543336,False
reassociate,loop-interchange,-0.00022059523978135154,-0.23358515150659276,0.8153074588831781,59737,59070,0.9083197749606047,False
reassociate,loop-fusion,-0.00032442388214520834,-0.34502533296576327,0.7300759341988224,59673,59613,0.8584722195410694,False
reassociate,loop-distribute,-0.0007846285662279073,-0.8367105033470932,0.4027569936898307,59523,59499,0.6158517716865979,False
reassociate,loop-load-elim,9.46900719983601e-06,0.01004344955601897,0.9919866382182477,59519,59480,0.9971223976111236,False
reassociate,loop-sink,-0.001856060232401091,-1.9706665957348781,0.04876433623603237,59468,59623,0.13797770281813784,False
reassociate,loop-unroll-and-jam,-0.0002659623589559845,-0.28409036837089646,0.7763416215997424,59683,59472,0.8837880309528414,False
reassociate,hotcoldsplit,-0.0011382317259207575,-1.2141450577139405,0.22469474467669148,59705,59377,0.42240847065117887,False
reassociate,irce,-0.0017807161738178645,-1.9086368389625121,0.0563113486349372,59870,59672,0.15606174186441193,False
reassociate,nary-reassociate,0.00013423316153904352,0.14359082094042996,0.8858238314841933,59739,59763,0.9452005787716896,False
reassociate,scalarizer,-0.002329218826623014,-2.458055346402118,0.01397058444929153,59237,59379,0.04863005218082279,True
reassociate,vector-combine,0.00017246341592846992,0.1828354544012562,0.8549274410241992,59813,58997,0.9273949748063058,False
reassociate,always-inline,-0.0011202597335691067,-1.193081670198284,0.2328397609591897,59384,59993,0.43336525851529795,False
reassociate,globalsplit,-0.002075783745197901,-2.2093332313509637,0.027153366325190654,59379,59782,0.08582129340552591,False
reassociate,lowerswitch,-0.002136951903394857,-2.118064972538317,0.03417163052476426,59829,59307,0.10413704679764736,False
reassociate,early-cse-memssa,-0.0008903707245753734,-1.0848311477500823,0.27799865563732434,59201,59242,0.4912647723266074,False
reassociate,simple-loop-unswitch,-0.0016427776926608573,-1.748694690100408,0.08034639181904678,59459,59306,0.2040444036079035,False
reassociate,loop-versioning,-0.0029486063308528654,-3.1278133213794885,0.0017615447116143058,59513,59460,0.00784779191203825,True
reassociate,loop-flatten,-0.001300980357469339,-1.3850181891988962,0.16604949999089275,59981,59179,0.3463686711128066,False
reassociate,loop-reroll,-0.0012139892397330931,-1.2899844288187547,0.19705857480688832,59351,59491,0.38875636218829956,False
reassociate,loop-instsimplify,-2.2396955778769545e-05,-0.023893508074386123,0.9809375928209876,59083,59488,0.9925973161465084,False
reassociate,loop-simplifycfg,-0.0018600256047313635,-1.985787365833586,0.04705922986863806,59497,59517,0.1340246866658812,False
reassociate,loop-predication,-8.203753330149333e-05,-0.08731600748853123,0.9304204777836771,59720,59023,0.9705718143316141,False
reassociate,speculative-execution,-0.0008335991416143496,-0.8930621079508294,0.3718257176593527,59654,59469,0.5878358943698123,False
reassociate,partially-inline-libcalls,-0.0012090595960592698,-1.2886140912568822,0.19753478107754324,59740,59560,0.3893035745846298,False
reassociate,load-store-vectorizer,-0.002986181737513638,-3.186966037665632,0.001438108073941954,59686,59266,0.006548408392507781,True
reassociate,iroutliner,-0.0021677589389053065,-2.3217696196107886,0.020247023541062715,59618,59377,0.06690915121249079,False
reassociate,global-merge,-0.000742959947087285,-0.7900409145422199,0.4295054501349784,59512,59384,0.6417181773096434,False
reassociate,break-crit-edges,-0.010568351024454303,-10.79978675988996,3.551720276464817e-27,59468,59572,5.433022110404774e-26,True
reassociate,unreachableblockelim,-0.0010020863218995202,-1.0651460360600853,0.28681201812533624,59506,59088,0.5004136342994073,False
memcpyopt,sccp,0.0019242563087575881,2.0415313771098895,0.04120023718134966,59808,59313,0.12185810332489823,False
memcpyopt,dce,-0.0010670373949683842,-1.1334911237309981,0.25701034685355023,59544,59631,0.46573462206316646,False
memcpyopt,adce,0.0012544734828928705,1.3367863822754766,0.18129492875123818,59758,59353,0.3660089964888263,False
memcpyopt,dse,0.007474626471699997,8.146945169287429,3.768042383090354e-16,59390,59703,3.4719185816898415e-15,True
memcpyopt,jump-threading,0.008340654442986983,9.012405976790655,2.044686599709656e-19,59623,59290,2.0960713938384848e-18,True
memcpyopt,loop-idiom,-0.0012848143383032418,-1.3628758130035195,0.17292423152086517,59896,59137,0.35459327103991434,False
memcpyopt,loop-deletion,-0.000953895160788254,-1.0142994888378694,0.310441942190631,59130,59180,0.5258177532952036,False
memcpyopt,gvn,0.0007903557712868325,0.9324264319329721,0.3511180782420758,59683,59586,0.5684077694898589,False
memcpyopt,gvn-hoist,-1.0601089222017634e-06,-0.001137302947065001,0.9990925656340707,59550,59797,0.9990925656340707,False
memcpyopt,gvn-sink,0.0002997649915344458,0.32310466852143394,0.7466165447812213,59104,59425,0.8690048821118584,False
memcpyopt,newgvn,0.0004238003708895155,0.5192399811618881,0.6035943697702371,59261,59419,0.7791034713947563,False
memcpyopt,early-cse,0.0035324573302429885,3.962769949726524,7.412844898442808e-05,59615,59113,0.00042192878811485513,True
memcpyopt,mergereturn,0.0009477874069819259,1.0020854804507662,0.3163043544753204,59396,59206,0.5322938771488418,False
memcpyopt,globalopt,0.0004670213402006018,0.49619250140358045,0.6197595186247753,59408,59449,0.7923533382091479,False
memcpyopt,strip-dead-prototypes,0.0008728397552971168,0.9283214255157247,0.35324273801984396,59647,59878,0.570197263844068,False
memcpyopt,indvars,0.0014752126029856094,1.5678406161375564,0.11692097701542932,60036,59681,0.2733507737268186,False
memcpyopt,mergeicmps,-0.0010544643520734587,-1.1143785737963983,0.265119069605572,59124,59478,0.4749342527792407,False
memcpyopt,separate-const-offset-from-gep,-0.0011597175877416932,-1.234589311158823,0.21698583393784238,59315,59345,0.4128846091839605,False
memcpyopt,libcalls-shrinkwrap,-0.0005494291081927227,-0.5835647590378141,0.5595142791144576,59763,59530,0.7455113701981,False
memcpyopt,flattencfg,0.0006976447773571204,0.7437441961439563,0.4570327157630188,59417,59488,0.6658259356130883,False
memcpyopt,loop-reduce,-0.0030878378918374194,-3.3049030724475292,0.0009503724243100949,59808,59502,0.004522063686024705,True
memcpyopt,loop-unroll,-0.0025325349090491445,-2.646251720028643,0.008139994292735793,59843,59048,0.030300587120107764,True
memcpyopt,loop-rotate,-0.0002719808218356601,-0.2790091831377815,0.7802382627765846,59563,59310,0.8854345440584516,False
memcpyopt,partial-inliner,-0.00014884767370787477,-0.15777685319910578,0.8746329076075379,59233,59214,0.9388877374427408,False
memcpyopt,lower-expect,-0.001159788537433315,-1.2364063493761768,0.2163100012521395,59210,59621,0.41230430879398267,False
memcpyopt,alignment-from-assumptions,-0.000681830890861268,-0.7242243497552108,0.46892943184647823,59721,59609,0.6741290951214423,False
memcpyopt,rpo-function-attrs,0.0013985680419016377,1.4892535272819003,0.13642327054058412,59631,59369,0.30388710320644335,False
memcpyopt,attributor,0.0034012991224216527,3.947727660098908,7.894181947673051e-05,59383,59582,0.00044672856224115123,True
memcpyopt,inferattrs,-0.0035495279750574205,-3.7931180237120845,0.00014884116216063147,59341,59270,0.0008174782482763434,True
memcpyopt,called-value-propagation,-0.0001607454441100442,-0.17094800774047847,0.8642649385807883,59374,59448,0.9322836643755097,False
memcpyopt,licm,-0.0013630368950107719,-1.37531838749533,0.1690353549935687,59181,59481,0.3494944298599868,False
memcpyopt,loop-simplify,0.0007537491692067855,0.7998579664834685,0.4237946924673999,59497,59343,0.6348814138111469,False
memcpyopt,div-rem-pairs,-0.001190181601000151,-1.265216610633518,0.20579616021627167,59800,59534,0.3995526838903916,False
memcpyopt,float2int,0.0014815411623030905,1.5711626970589432,0.11614753442869276,59255,59154,0.2720297516882541,False
memcpyopt,inline,0.000730683881605354,0.7791065604321014,0.43591849249518616,59741,59470,0.6467720198342934,False
memcpyopt,sink,0.0007107455884234337,0.7558722665583266,0.449727287568721,59256,59107,0.6588597299360687,False
memcpyopt,loop-vectorize,-0.014811892972971752,-15.782567160355248,4.678992030055458e-56,59203,59353,2.617561827099596e-54,True
memcpyopt,slp-vectorizer,-0.0008535327644232926,-0.9077460942804173,0.3640142199986182,59716,59480,0.579934778484373,False
memcpyopt,callsite-splitting,-0.00015138784696289154,-0.16049143990123682,0.8724942374665222,59230,59402,0.9376065954895667,False
memcpyopt,dfa-jump-threading,0.0007592693458651767,0.809899702022153,0.41799944524690885,59723,59123,0.6310276898947167,False
memcpyopt,consthoist,-0.0004393489117892613,-0.46651762035378996,0.6408458935317322,59497,59317,0.8075286495478863,False
memcpyopt,mldst-motion,-0.0007179539950515901,-0.7577290195644372,0.44861472375302025,59702,59244,0.6579682615044297,False
memcpyopt,slsr,0.000509058405432139,0.539360116204386,0.5896394074438396,59279,59400,0.7681396937957671,False
memcpyopt,loop-interchange,-0.00012731814570215993,-0.13545581134163728,0.8922517290489898,59775,59074,0.948441305905495,False
memcpyopt,loop-fusion,-0.00031109356594732906,-0.33052990831049134,0.7410001795318194,59580,59442,0.8664034038111473,False
memcpyopt,loop-distribute,0.0008021847241611035,0.8524678705817959,0.39395618428206003,59447,59253,0.6083329722588907,False
memcpyopt,loop-load-elim,0.0004425648927610659,0.47021879285299384,0.6381995695810573,59655,59494,0.8061680069951299,False
memcpyopt,loop-sink,-0.0010891760711653209,-1.1520530507961837,0.24930158818614354,59596,59422,0.45568628626977525,False
memcpyopt,loop-unroll-and-jam,-0.0009131371593344428,-0.9731562214574951,0.33047764797068424,59445,59277,0.5476726489433769,False
memcpyopt,hotcoldsplit,-0.0001575991095158491,-0.16716210442794824,0.8672427855616877,59518,59308,0.934284112313499,False
memcpyopt,irce,-0.0007532985477980425,-0.8038111704670631,0.4215076367005042,59779,59703,0.6336368158614872,False
memcpyopt,nary-reassociate,6.03451047512249e-05,0.06405981338157353,0.9489227085348895,58944,59454,0.9766261680775056,False
memcpyopt,scalarizer,-0.0012833933250818719,-1.34595393489136,0.17831994072297774,59845,58994,0.36256536234225384,False
memcpyopt,vector-combine,0.0006043307245188201,0.642347318000839,0.5206489361214045,59627,59270,0.7191750383955626,False
memcpyopt,always-inline,0.0005758386585059116,0.6109559208124691,0.5412299331827247,59130,59469,0.733629774435289,False
memcpyopt,globalsplit,-0.001184188213667614,-1.2541519115337805,0.20978927215494003,59267,59075,0.40469713978206007,False
memcpyopt,lowerswitch,-0.002034678576057436,-2.0125172531853948,0.044167693546132605,59473,59263,0.12783495042620494,False
memcpyopt,early-cse-memssa,-0.0008695990094427231,-1.058482104592025,0.28983785609102136,59382,59501,0.5039986875898933,False
memcpyopt,simple-loop-unswitch,0.000550499850227093,0.5844223578642487,0.5589372978411515,59555,59258,0.7452497304548686,False
memcpyopt,loop-versioning,-0.0014658433647632974,-1.546535148087498,0.12197804096604802,59362,59546,0.28064982868568983,False
memcpyopt,loop-flatten,0.0003626000606790081,0.3853489023483339,0.6999796248998073,59772,59014,0.843681197632393,False
memcpyopt,loop-reroll,-0.0012747401421867588,-1.3502236843527362,0.1769468182705411,59700,58989,0.3605222374336311,False
memcpyopt,loop-instsimplify,-0.0005947899477311558,-0.6323094652448875,0.5271859000614668,59272,59200,0.7240835033997891,False
memcpyopt,loop-simplifycfg,-0.001526957009386265,-1.6280918639282036,0.10350805483871198,59546,59496,0.24852087231661318,False
memcpyopt,loop-predication,3.561135702251361e-05,0.03781889083599157,0.969832146067035,59757,58908,0.9879975764824426,False
memcpyopt,speculative-execution,0.000395275368347936,0.41898549883557024,0.6752274901091692,59266,59175,0.8277061352328503,False
memcpyopt,partially-inline-libcalls,0.0010621362030993065,1.1330438786016004,0.2571981050156112,59412,59852,0.46584174992460364,False
memcpyopt,load-store-vectorizer,0.0006415575255327988,0.6823526869697194,0.4950172954175921,59382,59445,0.6967964517811972,False
memcpyopt,iroutliner,0.002332259688895777,2.5045530936033797,0.012261944673347062,59410,59797,0.04349436172176367,True
memcpyopt,global-merge,-0.0014845505206907972,-1.5791963424292976,0.11429368759082599,59952,59029,0.2683297845357761,False
memcpyopt,break-crit-edges,-0.009341118629983103,-9.580285636670375,9.854055927187343e-22,59639,59454,1.1250286592089106e-20,True
memcpyopt,unreachableblockelim,-0.00047390689240883743,-0.5022883611643975,0.6154656252625149,59442,59472,0.788150225156314,False
sccp,dce,-0.001018846044973154,-1.0887574499124655,0.2762630592546117,59804,59507,0.48952314029007216,False
sccp,adce,0.0001245313521019975,0.13311294632186008,0.894104280964175,59996,59385,0.9496372021306507,False
sccp,dse,0.005270865170448891,5.749220134725861,8.987361998845376e-09,59935,59481,6.505454637241866e-08,True
sccp,jump-threading,0.006476667108522294,6.9864442730492895,2.8341312083663443e-12,59587,59348,2.2557841081224808e-11,True
sccp,loop-idiom,-0.0026355717826188063,-2.8265421308192056,0.004706136959207346,59510,59936,0.018979641948770307,True
sccp,loop-deletion,-0.0006922393969123197,-0.7391342999075834,0.4598269028319004,59409,60112,0.6679088098997485,False
sccp,gvn,0.0014276114113566107,1.7055898455441318,0.0880870685065012,59779,59869,0.2187685654688765,False
sccp,gvn-hoist,-0.0014672439401075543,-1.5714197515444022,0.11608782683769903,59720,59864,0.2720297516882541,False
sccp,gvn-sink,-0.0019731592928636243,-2.1369965347179374,0.03260030028085996,59611,59751,0.10028497714049302,False
sccp,newgvn,0.000489666116096632,0.6057625767951111,0.5446735752288087,59712,59694,0.7362384773690053,False
sccp,early-cse,0.003072620746741528,3.45439972237343,0.0005517110858951941,59545,59567,0.0027279048135929046,True
sccp,mergereturn,-0.0016180760854279108,-1.7171840690950126,0.08594815094222699,59501,59340,0.21437768094889229,False
sccp,globalopt,-0.000250599504498461,-0.26756348959557186,0.7890358011441737,59458,59606,0.8919931285452034,False
sccp,strip-dead-prototypes,0.0005982412827850725,0.6390697209246298,0.5227788011596145,59875,59666,0.7208456990637502,False
sccp,indvars,-0.0013492355349035146,-1.4440167351431938,0.14873688185033893,59703,60181,0.3216198947133778,False
sccp,mergeicmps,-0.001996681517286103,-2.125945780365036,0.03350982123335159,59342,60029,0.10251910933578504,False
sccp,separate-const-offset-from-gep,-0.0009048089208542054,-0.9661121425539347,0.3339900286701986,59776,59465,0.5516258761166165,False
sccp,libcalls-shrinkwrap,-0.0013262812184062778,-1.4096153514341334,0.1586558972768819,59670,59704,0.3354732687560851,False
sccp,flattencfg,-0.002116816692304624,-2.2659132186340383,0.023458480120686034,59534,59881,0.07567002318995594,False
sccp,loop-reduce,-0.0015814182505674568,-1.6928378246119276,0.09048894920650588,59562,59869,0.2233121485098702,False
sccp,loop-unroll,-0.005014154605594845,-5.2608281412920315,1.436541669467041e-07,60039,59574,1.0027624202554247e-06,True
sccp,loop-rotate,-0.0016470035751941503,-1.6930508944129687,0.09044838765789301,59570,59884,0.2233121485098702,False
sccp,partial-inliner,7.736912070710478e-05,0.08236017761919921,0.9343604404906843,59474,59636,0.9720923180025292,False
sccp,lower-expect,-0.0002002050766370389,-0.21300571068308097,0.8313228731754078,59139,59925,0.9152138068531759,False
sccp,alignment-from-assumptions,-0.0011746880476922739,-1.2544029476200684,0.20969803837248274,59571,59779,0.40469713978206007,False
sccp,rpo-function-attrs,-0.0020665246947307314,-2.204780925878371,0.02747137858635385,59303,59615,0.08668647747313592,False
sccp,attributor,0.0002822246672564144,0.3297094732896906,0.7416200739466204,59551,59747,0.8664034038111473,False
sccp,inferattrs,-0.002070623233535629,-2.2204239468081206,0.02639187777433926,59458,59660,0.08361698492258296,False
sccp,called-value-propagation,-0.0003835838251160517,-0.4085556852480296,0.6828664939067334,59381,59382,0.8322767476311135,False
sccp,licm,-0.0016229331921563395,-1.645346617589196,0.09990098524863118,59354,60003,0.2420720854657069,False
sccp,loop-simplify,-0.0009886725530484086,-1.0516821596757158,0.2929475380938346,59452,59344,0.5069299863789025,False
sccp,div-rem-pairs,0.00037406169830306313,0.4000515513633388,0.6891192632306797,59738,59657,0.8367724138949898,False
sccp,float2int,-0.0005534870099192513,-0.5932509545017423,0.5530143421978577,59362,59842,0.7419800465108509,False
sccp,inline,-0.0011324127256151506,-1.2094551901753694,0.22649040606135257,59581,60106,0.42500988259612205,False
sccp,sink,-0.0002085857415911052,-0.22265486178331315,0.8238045162465165,59712,59416,0.9120776040772854,False
sccp,loop-vectorize,-0.017661020372527148,-18.96753785006132,4.151319846752406e-80,59583,59960,5.605713282718077e-78,True
sccp,slp-vectorizer,-0.0003835131959457616,-0.41048685392000916,0.6814495801694006,59690,59947,0.8320675094490071,False
sccp,callsite-splitting,-0.0015789282909660085,-1.683792066107812,0.0922244732112641,59671,59824,0.22661739628990676,False
sccp,dfa-jump-threading,-0.0011833189828889812,-1.2643811821623594,0.20609571724334014,59324,59844,0.3999359904484242,False
sccp,consthoist,0.0003112198320476267,0.3307325178395397,0.7408471170085021,59794,59799,0.8664034038111473,False
sccp,mldst-motion,-0.0006872959589784844,-0.7328328589528564,0.46366181192788514,60071,59678,0.6697404954180314,False
sccp,slsr,-0.0014023495969583966,-1.494092824792468,0.13515400131331437,59617,59817,0.30328265804084475,False
sccp,loop-interchange,0.0013951084170698014,1.485913757323679,0.13730457644342475,59454,59859,0.3053292000865709,False
sccp,loop-fusion,-0.0011735033871193012,-1.247123095342349,0.21235481728608782,59429,59727,0.4080380100551128,False
sccp,loop-distribute,-0.0006317699409519872,-0.6724272846275025,0.5013130196474097,59703,59637,0.7025230230546684,False
sccp,loop-load-elim,-0.0013437290394661683,-1.4329329225464198,0.15187963414447814,59404,59628,0.3266121072541331,False
sccp,loop-sink,-0.00022273183955068276,-0.2374759972096715,0.81228794607289,59379,59920,0.9065031623885543,False
sccp,loop-unroll-and-jam,-0.0006253539212536241,-0.667974194694735,0.5041513579501297,59608,59615,0.7048399563486997,False
sccp,hotcoldsplit,0.00019948729139879218,0.2134332419381249,0.8309894180513133,59952,59725,0.9152138068531759,False
sccp,irce,-0.003717806388517375,-3.9872562073796773,6.688147602560927e-05,59717,60045,0.00038234724104567285,True
sccp,nary-reassociate,0.0003278381645317463,0.3509724887590539,0.725609607285478,59580,59819,0.8557663970597207,False
sccp,scalarizer,-0.002713349339346305,-2.8673577584362397,0.004139874318112463,59625,59548,0.016852128721131395,True
sccp,vector-combine,-0.00037207591280130625,-0.396374963806625,0.6918291438454249,59594,59353,0.8389877675611822,False
sccp,always-inline,-0.0004096715918899818,-0.4365365100125167,0.6624483053131156,59772,59597,0.820154145939349,False
sccp,globalsplit,-0.0006481257394819195,-0.6899018881137741,0.4902572269250123,59625,59997,0.6932410109230864,False
sccp,lowerswitch,-0.0015379497285864518,-1.5273586015479605,0.12667452439826066,59590,59337,0.289922523403617,False
sccp,early-cse-memssa,-0.0002837346055664658,-0.34618148556120437,0.7292069396280412,59317,59767,0.8580451849709763,False
sccp,simple-loop-unswitch,-0.00013314660955704438,-0.14203132096393872,0.8870555063053794,59300,59739,0.9459992817788305,False
sccp,loop-versioning,-0.0007376057344952169,-0.7838538405601759,0.43312743267093196,59685,59694,0.6449152191404447,False
sccp,loop-flatten,-0.00033991714107423077,-0.3615818053491414,0.717665201999248,59960,59634,0.8528019079025578,False
sccp,loop-reroll,-0.00014843407077241855,-0.15790785330436446,0.8745296773501641,59565,59546,0.9388877374427408,False
sccp,loop-instsimplify,-0.0011262661299846766,-1.2046420916822818,0.2283438913865988,59317,59916,0.42748670095110347,False
sccp,loop-simplifycfg,-0.00048554832089081623,-0.520381233345052,0.602798852297664,59561,59854,0.779062807127938,False
sccp,loop-predication,-0.0009765682845004897,-1.0414072482901011,0.2976886874105934,59596,59897,0.5113597531528602,False
sccp,speculative-execution,-0.0009359838373464435,-0.9979063135920877,0.31832681501052523,59506,59753,0.5341725676451313,False
sccp,partially-inline-libcalls,0.00016286158140738083,0.1745585140484915,0.8614268438622475,59643,60202,0.9308822091370301,False
sccp,load-store-vectorizer,-0.0012770272246943049,-1.365772188221055,0.17201305027865743,59528,59913,0.3534119123248807,False
sccp,iroutliner,-0.001049367067510576,-1.128470608662449,0.25912348746069336,59785,59803,0.4680477753210679,False
sccp,global-merge,-0.0007916240610599257,-0.8444906210988941,0.39839698821336866,59743,60080,0.612293016422116,False
sccp,break-crit-edges,-0.010377160549261799,-10.642857314210064,1.9349516657180897e-26,59745,59314,2.8273398219970296e-25,True
sccp,unreachableblockelim,-0.0016706284727144305,-1.782345887214697,0.07469538871406706,59573,59657,0.1937814444312811,False
dce,adce,0.000965489210605186,1.0343244367128526,0.30098661382883646,59459,59806,0.5151760270171377,False
dce,dse,0.007826500417443871,8.568517756239174,1.0604793071408271e-17,59468,59913,1.0304806369140147e-16,True
dce,jump-threading,0.008447100325497836,9.183877599622477,4.2224568034068487e-20,59556,59506,4.433013630600864e-19,True
dce,loop-idiom,-0.0009326892885133109,-0.9947253759029739,0.3198718686224904,59227,59995,0.5357136056643542,False
dce,loop-deletion,-0.001356888327536554,-1.4497994334481883,0.14711708408998708,59459,59958,0.3200717632815818,False
dce,gvn,0.003515094837802102,4.17729102636716,2.952103763822959e-05,59925,59790,0.00017649524181878942,True
dce,gvn-hoist,-0.000856718250531463,-0.9205613170912162,0.3572813684371317,59378,59865,0.5736424103320246,False
dce,gvn-sink,-0.0003105677461671674,-0.3377163459669043,0.7355775487723643,59636,59846,0.8626305598591675,False
dce,newgvn,-0.00011044502910168008,-0.13580708721187723,0.8919740173410499,59286,60008,0.9484035438250207,False
dce,early-cse,0.002042778665237055,2.30523096129678,0.02115535164696732,59839,59311,0.06959931810698278,False
dce,mergereturn,-0.000386194693763553,-0.41209680235066937,0.680269214873183,59530,59439,0.8313924265743613,False
dce,globalopt,-0.0001904706159073788,-0.20359419644514387,0.8386709768885704,59420,59571,0.9199539343125047,False
dce,strip-dead-prototypes,0.00026878685805392655,0.28683474948208876,0.7742393509955878,59567,60046,0.8826553998540676,False
dce,indvars,0.000221552720742757,0.23610786868480155,0.8133493725631845,59698,59914,0.9071706473817802,False
dce,mergeicmps,0.0006746852433291983,0.7177615993945553,0.4729057039394992,59246,59725,0.6785737090333083,False
dce,separate-const-offset-from-gep,-0.001396136309283258,-1.4898255229088644,0.1362727491481033,59744,60155,0.30388710320644335,False
dce,libcalls-shrinkwrap,0.0008195717580868345,0.8759562437031845,0.3810555842597418,59722,59651,0.5968854671844595,False
dce,flattencfg,0.0020942429033734555,2.242981842589097,0.024899816442477827,59673,59444,0.07953318204628317,False
dce,loop-reduce,-0.0026154292602992846,-2.8018216296873004,0.005082312263810582,59687,59946,0.020184923757689897,True
dce,loop-unroll,-0.0014583970734350915,-1.5377310790064906,0.12411703799185937,59733,59363,0.28506880983936733,False
dce,loop-rotate,-0.0027351527536223497,-2.8140171315326503,0.00489346310629996,59769,59483,0.019533946507921146,True
dce,partial-inliner,-0.0007031350820712046,-0.7528741107464799,0.45152704941998734,59590,59953,0.6601233312927256,False
dce,lower-expect,-0.0009803291308002615,-1.0487153773142315,0.29431126243224925,59482,59644,0.508840134077125,False
dce,alignment-from-assumptions,-0.0013980627774189403,-1.4962166024565144,0.13459985768559574,59710,59913,0.3024056469861118,False
dce,rpo-function-attrs,0.002100746267236553,2.24060810528794,0.025053308590460843,59446,59555,0.07995823670761586,False
dce,attributor,0.0011021913960485574,1.2922365415280295,0.19627773898728695,59598,59931,0.3878020312180705,False
dce,inferattrs,-0.0009402132984230871,-1.0102723857367049,0.31236686400962954,59397,59462,0.5283925008473906,False
dce,called-value-propagation,-0.00028206298159061394,-0.30206727437426073,0.7626013058628845,59691,59568,0.8792860602911612,False
dce,licm,-0.0009662843686298328,-0.9832599865518666,0.3254814894911794,59547,59920,0.5419156092038514,False
dce,loop-simplify,0.00010744027946568702,0.11426259415071642,0.9090298263029055,59786,59392,0.9595479315439909,False
dce,div-rem-pairs,-0.0018118457471608673,-1.9386097713800081,0.0525512270006729,59867,59505,0.14700670813182162,False
dce,float2int,-0.0009643723742945864,-1.034738949843071,0.3007929406474912,59682,59483,0.5151760270171377,False
dce,inline,0.0006860553998856433,0.7345430267754608,0.46261928774531275,59703,59829,0.6694815708834607,False
dce,sink,0.0008475917841889724,0.9051981861993464,0.3653622341934774,59497,59573,0.5818456726724919,False
dce,loop-vectorize,-0.015965676998820788,-17.15084883876318,7.431172689534189e-66,59387,60023,7.097676159077044e-64,True
dce,slp-vectorizer,-3.45794422254575e-05,-0.03688453851042845,0.9705771297846312,59340,59517,0.9882423401551262,False
dce,callsite-splitting,-0.00018782390904859003,-0.2002017593411218,0.8413231330147632,59362,59769,0.9208063824631942,False
dce,dfa-jump-threading,-0.0001750052921911105,-0.1877835590233195,0.8510466437867105,59880,59450,0.9265217284038805,False
dce,consthoist,0.00017658832797901036,0.1884089777624578,0.8505563828091937,59604,59753,0.9265217284038805,False
dce,mldst-motion,-0.0008013358653768399,-0.8519440602059385,0.3942468542883647,59488,59578,0.6083978930490616,False
dce,slsr,-0.0007965465676155192,-0.8489632202517678,0.3959034626622436,59563,59686,0.6096570821019842,False
dce,loop-interchange,0.0006146350527054811,0.6545396199006303,0.5127654771559935,59301,59525,0.7120615770674636,False
dce,loop-fusion,0.0014592340705673057,1.5529341385321886,0.12044153428734392,59142,59636,0.27849499123416915,False
dce,loop-distribute,3.6133211650857255e-05,0.03847378645777051,0.9693099957800116,59426,59835,0.987979683361407,False
dce,loop-load-elim,-0.00014399800632464155,-0.15417056173735516,0.8774755129719042,59838,59829,0.9406499065967634,False
dce,loop-sink,0.0004468201660912108,0.47758373636706014,0.632947383267117,59701,59667,0.8016241762205789,False
dce,loop-unroll-and-jam,-0.00026788539981781323,-0.28590244564336154,0.7749533371217278,59921,59365,0.8831365583291443,False
dce,hotcoldsplit,-0.0005388519157654148,-0.5776508787567795,0.5635009395399059,59367,59929,0.7484835527286622,False
dce,irce,-0.0012133113911084736,-1.2968704711957013,0.1946782580844763,59549,60152,0.38522489068156096,False
dce,nary-reassociate,-0.0007898290025248333,-0.8439085075455611,0.39872223200463563,59220,59671,0.6125524756885653,False
dce,scalarizer,-0.0014870304564872372,-1.5671126681011422,0.11709102653044126,59029,59712,0.2734218604014359,False
dce,vector-combine,-0.0004914488332244948,-0.5263420610300649,0.5986515409414237,59718,59764,0.7761464742164297,False
dce,always-inline,0.0006275521211734914,0.6699158252304126,0.5029127467116591,59704,59677,0.7041138062648755,False
dce,globalsplit,0.0004557053099045749,0.48514450323001546,0.6275747368945999,59637,59591,0.7976064031365084,False
dce,lowerswitch,-0.0023334223928367925,-2.315681358567404,0.02057736796282688,59342,59399,0.06788624510735473,False
dce,early-cse-memssa,-0.0006955671704482747,-0.8510885713497792,0.3947218578397566,59553,60029,0.608616864654941,False
dce,simple-loop-unswitch,-0.0006477306769746005,-0.6918594296838427,0.4890269577210604,59595,59657,0.6928471658595053,False
dce,loop-versioning,-0.0007761459812438698,-0.8254557430133143,0.4091145480789306,59128,60423,0.6219303456044614,False
dce,loop-flatten,-0.0007822081554881288,-0.8358262421457581,0.4032543357076531,59486,59774,0.6161310880340107,False
dce,loop-reroll,-0.0011069638535686765,-1.1833198851634281,0.23668475117872478,59432,60020,0.43828404896928097,False
dce,loop-instsimplify,-0.0006283033221788914,-0.6680934726069543,0.504075227594105,59256,59411,0.7048399563486997,False
dce,loop-simplifycfg,-0.0009547188905604242,-1.021547046970581,0.3069974040852036,59533,59693,0.5221910523663478,False
dce,loop-predication,-0.0011198244154527748,-1.1960398446873097,0.23168338972825941,59423,59801,0.43203435913136373,False
dce,speculative-execution,-0.0006285583686652663,-0.6731049738771132,0.5008818103917033,59703,59902,0.7022746757944541,False
dce,partially-inline-libcalls,0.0011662877006466399,1.2452663192908444,0.21303631794013542,59087,60241,0.40825036328018605,False
dce,load-store-vectorizer,-0.00025953321164418064,-0.2774253586155436,0.781453991887551,59700,59848,0.8864929989083575,False
dce,iroutliner,0.0003845603647161244,0.41460757494694206,0.6784299467234532,59651,59792,0.8299692819022315,False
dce,global-merge,-0.0001899852015608272,-0.202731986669166,0.8393448670914083,59547,59473,0.9200020917058193,False
dce,break-crit-edges,-0.010390100427278282,-10.667820441324027,1.4801004943959523e-26,59253,59539,2.1708140584473967e-25,True
dce,unreachableblockelim,0.0007136763291720749,0.7604584745845975,0.4469820861154004,59807,59388,0.6567308000510457,False
adce,dse,0.006755218406035768,7.397246647904293,1.3994330733590142e-13,59564,59831,1.158600404920486e-12,True
adce,jump-threading,0.00519195207695583,5.61370296104168,1.9848390992672317e-08,59120,59250,1.413205438678269e-07,True
adce,loop-idiom,-0.0017799934020859554,-1.8926324625382263,0.05840919945563889,59003,59448,0.16051257899528554,False
adce,loop-deletion,-0.002192809859414946,-2.3437464363567093,0.019092784973871398,59396,59388,0.06368598463175502,False
adce,gvn,4.3511721419642324e-05,0.051644214164004255,0.9588122749462701,59674,59683,0.9818799342807515,False
adce,gvn-hoist,-0.0021188455755332125,-2.2707404924955696,0.02316446969066567,59586,59513,0.07490674096502623,False
adce,gvn-sink,-0.0003563861929527512,-0.3856611438404725,0.6997483324084446,59424,59646,0.843681197632393,False
adce,newgvn,1.045781708119975e-06,0.0012917433140215266,0.9989693403998413,59428,59864,0.9990925656340707,False
adce,early-cse,0.0013612177339107912,1.5371434660644574,0.12426083002990962,59952,59493,0.28523177631719,False
adce,mergereturn,-0.0018579455052072924,-1.9797247187845293,0.047736770326738155,59331,59663,0.13565834005769709,False
adce,globalopt,-0.0008807651744899836,-0.9379739176402855,0.3482597162464215,59550,59552,0.5653389640549573,False
adce,strip-dead-prototypes,-0.0021760580342664038,-2.3189151387757163,0.020401313189374447,59862,59841,0.06736217744484851,False
adce,indvars,-2.5361809152690817e-05,-0.0271692732324162,0.9783247682045213,59991,60112,0.9917472928524218,False
adce,mergeicmps,-0.0019499608903499333,-2.074842252216415,0.03800329441219176,59502,59877,0.11369052782134678,False
adce,separate-const-offset-from-gep,-0.000645231540034541,-0.6893712134613439,0.4905910348097334,59552,59744,0.6932410109230864,False
adce,libcalls-shrinkwrap,-0.0020566109994059056,-2.1990444488438845,0.027876669055110607,59820,59788,0.08768275985527159,False
adce,flattencfg,-0.0015977928336858849,-1.7074773776958165,0.08773596832099265,59228,59756,0.2184196134424712,False
adce,loop-reduce,-0.002922669534698108,-3.134374789936257,0.0017226236546013965,59842,59763,0.0076831369378349305,True
adce,loop-unroll,-0.0037863513429218787,-4.001578599832583,6.295918150447884e-05,59856,59664,0.0003615075583160398,True
adce,loop-rotate,-0.0012726610296022733,-1.311047222651622,0.18984433260642142,59674,59681,0.3794948476195744,False
adce,partial-inliner,-0.00027323191557021564,-0.29080051943721075,0.771204394967476,59389,59601,0.8809817864171146,False
adce,lower-expect,0.0006433902724100049,0.6891643897296341,0.4907211650354432,59200,60015,0.6932410109230864,False
adce,alignment-from-assumptions,-0.0020671290298792666,-2.2104967515490515,0.027072594227579103,59413,60021,0.08563512035153455,False
adce,rpo-function-attrs,0.0003517901252947375,0.3759774241277767,0.7069343501779125,59314,59642,0.8479096346898999,False
adce,attributor,0.0011807780361275944,1.3775255936361501,0.1683523899652441,59506,59897,0.34900368401476756,False
adce,inferattrs,-0.00298964327983009,-3.2044669811433586,0.001353484625255086,59285,59792,0.00620637680620482,True
adce,called-value-propagation,-0.0002760269795993864,-0.29558129150632484,0.7675503776848348,59678,59513,0.8796392388100126,False
adce,licm,-0.0032352919702230976,-3.280917161452084,0.0010349989750503632,59320,59611,0.004865613428928238,True
adce,loop-simplify,0.00032195966240960994,0.3432461459696171,0.7314138975974307,59671,59396,0.8590932282518112,False
adce,div-rem-pairs,-0.00110690657708995,-1.1836113487765276,0.23656930428421544,59792,59511,0.43828404896928097,False
adce,float2int,-1.6309394026414736e-05,-0.01746179231008949,0.9860682427535182,59325,59833,0.9941923889348037,False
adce,inline,-0.0017844156186993532,-1.911148637006747,0.05598786967591385,59736,59894,0.15527513997937578,False
adce,sink,0.0015427936372496287,1.6426919380847733,0.10044932756220966,59799,59305,0.24251514595167264,False
adce,loop-vectorize,-0.014824754773974547,-15.950921209536085,3.2183426484094633e-57,59521,59667,1.8533867369369792e-55,True
adce,slp-vectorizer,-0.0009693508445348664,-1.0342921088928807,0.30100172365046246,59632,59540,0.5151760270171377,False
adce,callsite-splitting,-0.0017029776628863513,-1.816760772536838,0.06925626749683389,59259,59693,0.18263134243609527,False
adce,dfa-jump-threading,-0.001415714346952035,-1.5084324889520895,0.1314465284889062,59308,59704,0.2971966544818457,False
adce,consthoist,-0.0010670603185999328,-1.1405118749087144,0.2540753971508546,59793,59549,0.4614838846209399,False
adce,mldst-motion,-0.0008313647317230721,-0.886603896120656,0.37529398663552455,59305,59744,0.5914089543922392,False
adce,slsr,-0.001490988810209981,-1.5920401653425253,0.11137833005327849,59541,59733,0.2625873211852129,False
adce,loop-interchange,-0.0009018552944776714,-0.9575753684357551,0.3382788790977224,59132,59319,0.5558959674975581,False
adce,loop-fusion,-0.0010044351665203788,-1.070886168935424,0.28422278467385637,59331,59888,0.4978491082050937,False
adce,loop-distribute,-0.0017485006156515714,-1.8600876865414229,0.06287558261321169,59506,59682,0.16980743552643932,False
adce,loop-load-elim,-0.0013649429856185114,-1.4592458966586122,0.14450007644010868,59693,59476,0.31700969150670344,False
adce,loop-sink,-0.0012796774081053064,-1.3692086076822607,0.1709366496879387,59905,59584,0.35230943167261475,False
adce,loop-unroll-and-jam,-0.0023129096692591222,-2.4699838646527894,0.013513304441617382,59806,59369,0.04730629786012115,True
adce,hotcoldsplit,-0.001397949620620731,-1.4929425061393595,0.13545489502386043,59146,59575,0.30328265804084475,False
adce,irce,-0.001777785612784133,-1.9062395633605869,0.05662152474866137,59807,59848,0.15658890601395334,False
adce,nary-reassociate,-0.0017667772059914433,-1.8805660585161916,0.06003341070209384,59537,59573,0.16451423114723546,False
adce,scalarizer,-0.0035647465840822345,-3.76780089767565,0.00016477144306785115,59370,59598,0.0008936910956422509,True
adce,vector-combine,-0.00147531914918686,-1.571959577776567,0.11596258365607062,59146,59914,0.2719218428725584,False
adce,always-inline,0.000659437449449074,0.7013240554351583,0.48310217549248613,59362,59706,0.6885598920483882,False
adce,globalsplit,-0.00048811677389665187,-0.5221174341009008,0.6015895387030483,59545,59662,0.7785276383215919,False
adce,lowerswitch,-0.0025429038609424692,-2.5266021584624254,0.011518474396864186,59452,59500,0.041155424943540284,True
adce,early-cse-memssa,-0.0005687158822524352,-0.6936324183656734,0.48791411607441937,59246,59385,0.6924721596750325,False
adce,simple-loop-unswitch,-0.0013336684589522751,-1.4277965359462537,0.1533530426244423,59615,59923,0.3279795275353993,False
adce,loop-versioning,-0.002102779605039795,-2.2343895577132105,0.02545929613668799,59479,59902,0.08092419129161539,False
adce,loop-flatten,-0.0019185615851766702,-2.0457074089109484,0.04078735559464177,59557,59690,0.12081942852391618,False
adce,loop-reroll,-0.0011169181630380498,-1.1941661026156714,0.23241538834708872,59178,59422,0.432986993704662,False
adce,loop-instsimplify,-0.0019539916729126583,-2.0858483576277633,0.0369944942948364,59274,59270,0.11126761878539121,False
adce,loop-simplifycfg,-0.001396957745064098,-1.4952045160021161,0.1348637192891739,59379,59979,0.3028247274864707,False
adce,loop-predication,-0.001192017246063548,-1.2691740422426592,0.20438147414138458,59914,59345,0.3973971463444201,False
adce,speculative-execution,-0.0017187418519977182,-1.8326001284625508,0.06686455663803555,59594,59411,0.17812353999629063,False
adce,partially-inline-libcalls,-0.0020414347713734182,-2.1937796627802677,0.02825317481547237,59754,59599,0.08872448482549303,False
adce,load-store-vectorizer,-0.0011106084647402037,-1.1886402836133672,0.23458361566409064,59709,59552,0.43536940234150656,False
adce,iroutliner,0.00027013129538971947,0.2887809276143186,0.7727495289770006,59783,59739,0.881593589295468,False
adce,global-merge,-0.0010737898758640951,-1.1473965274917106,0.25122007233851107,59740,59794,0.4577839940798554,False
adce,break-crit-edges,-0.009167659159354469,-9.442402405187844,3.7059786591436554e-21,59456,59568,4.1346474157283635e-20,True
adce,unreachableblockelim,0.00016410905310360047,0.1749529586095834,0.8611168944872417,59343,59721,0.9308822091370301,False
dse,jump-threading,-0.0008296272608984134,-0.9209504795419289,0.35707815283072036,59411,59372,0.5735874718938376,False
dse,loop-idiom,-0.006911423905559211,-7.541964932784923,4.6621058064976567e-14,59512,59462,3.917769600481722e-13,True
dse,loop-deletion,-0.0067368508516837955,-7.375201572126534,1.6515524411749544e-13,59473,59763,1.3644471222871564e-12,True
dse,gvn,-0.01931377113373206,-23.96058084082286,1.4328135340503876e-126,59923,59229,4.316075230262552e-124,True
dse,gvn-hoist,-0.00509482280712642,-5.5963030822709,2.194507499596128e-08,59363,59757,1.559653605883564e-07,True
dse,gvn-sink,-0.006924551272145141,-7.676695384050879,1.6447814908654098e-14,59782,59451,1.415596553456911e-13,True
dse,newgvn,-0.014395037283908285,-18.492404598781892,3.0423567741383806e-76,59674,59479,3.971289709175299e-74,True
dse,early-cse,-0.00510623702662788,-5.9120460621834905,3.3880216082318394e-09,59646,59256,2.4845491793700156e-08,True
dse,mergereturn,-0.008103566035775556,-8.858729997640953,8.201314966574591e-19,59654,59168,8.27740964152219e-18,True
dse,globalopt,-0.005665705532649223,-6.208856295745703,5.354702436935499e-10,59547,59488,4.001720370809049e-09,True
dse,strip-dead-prototypes,-0.0061867747239250925,-6.7627523655171675,1.3601240668373881e-11,59942,59879,1.0547021476703389e-10,True
dse,indvars,-0.007044693147943759,-7.741572757542614,9.895749109981052e-15,59827,60007,8.59240654427623e-14,True
dse,mergeicmps,-0.0060548843916958806,-6.6048775747334325,3.995095607627078e-11,59403,59810,3.0496675242626976e-10,True
dse,separate-const-offset-from-gep,-0.007399555480533226,-8.080565453724613,6.50644854729991e-16,59620,59435,5.897975118339456e-15,True
dse,libcalls-shrinkwrap,-0.007342590759630951,-8.035254754158546,9.422782774898922e-16,59864,59655,8.463214987730316e-15,True
dse,flattencfg,-0.006365128429263178,-6.927479648381659,4.3056905055425725e-12,59439,59504,3.399412100746918e-11,True
dse,loop-reduce,-0.009543781349086122,-10.489398104341268,9.916916652150551e-26,59634,59687,1.3771150925468639e-24,True
dse,loop-unroll,-0.008734728971508676,-9.414741416828216,4.822940924245657e-21,59925,59489,5.3655217782232924e-20,True
dse,loop-rotate,-0.007544528413586826,-7.996772825562467,1.28856791971642e-15,59823,59369,1.1494378072003419e-14,True
dse,partial-inliner,-0.00613671134978977,-6.7007760340211835,2.0823835151057626e-11,58981,59535,1.6052389458964894e-10,True
dse,lower-expect,-0.006689733811694132,-7.314161447929136,2.606166043285577e-13,59512,59241,2.1440643330895628e-12,True
dse,alignment-from-assumptions,-0.006061235516810259,-6.63092210263816,3.350147679733843e-11,59710,59302,2.5623395144214315e-10,True
dse,rpo-function-attrs,-0.006562321425189144,-7.149602292831753,8.752556478556157e-13,59665,59818,7.067012612376476e-12,True
dse,attributor,-0.006057299344597977,-7.202758068806668,5.935480561739591e-13,59473,59300,4.8122861034725136e-12,True
dse,inferattrs,-0.00914567087434659,-10.041533274841813,1.0230825216131019e-23,59612,59492,1.2759207498843653e-22,True
dse,called-value-propagation,-0.005503110563302938,-6.01183153355977,1.8397030957645043e-09,59555,59511,1.354187466731917e-08,True
dse,licm,-0.020242867545359755,-21.587767115043643,3.706862707921612e-103,59523,59569,6.912416363914777e-101,True
dse,loop-simplify,-0.007041019966871287,-7.668621640016607,1.751660238238456e-14,59637,59260,1.5042766431889896e-13,True
dse,div-rem-pairs,-0.008140722794749311,-8.871841501306704,7.29069345020644e-19,60360,59290,7.39646516865503e-18,True
dse,float2int,-0.006513379047074663,-7.138456669475787,9.492028690082547e-13,59694,59487,7.64830953711178e-12,True
dse,inline,-0.00768164596185944,-8.400270511501864,4.502558364526182e-17,59585,59732,4.258941680068726e-16,True
dse,sink,-0.006374839361105444,-6.962996974078391,3.3482354634169645e-12,59765,59350,2.654188274239035e-11,True
dse,loop-vectorize,-0.020385502507829445,-22.51224203182527,5.403096113647082e-112,59651,59443,1.11360654637063e-109,True
dse,slp-vectorizer,-0.006248876304542961,-6.831618413059998,8.436323827046996e-12,59586,59476,6.607328821343207e-11,True
dse,callsite-splitting,-0.006964691986086791,-7.564671147342169,3.9162880172868145e-14,59339,59475,3.305212042175682e-13,True
dse,dfa-jump-threading,-0.004316502633608221,-4.7262513573531635,2.289634551557741e-06,59523,59506,1.524865459846958e-05,True
dse,consthoist,-0.007839656442503784,-8.56246543368627,1.1176226819360026e-17,60094,59400,1.0833194115003431e-16,True
dse,mldst-motion,-0.007503217283710006,-8.182344959812974,2.810817983597104e-16,59405,59766,2.5960290622090238e-15,True
dse,slsr,-0.007399302551748421,-8.095374967095143,5.761978483146764e-16,59916,59449,5.247420404651798e-15,True
dse,loop-interchange,-0.006712814872700035,-7.317040025699724,2.5509207979930253e-13,59205,59528,2.103032809461197e-12,True
dse,loop-fusion,-0.007444348534674017,-8.127343837137802,4.4294493045298696e-16,59648,59845,4.04329218567342e-15,True
dse,loop-distribute,-0.006156384656121006,-6.707536323341194,1.988221550529458e-11,59241,59290,1.5356756591466187e-10,True
dse,loop-load-elim,-0.006342138161255506,-6.928691867620266,4.268998899706595e-12,59383,59466,3.3772524628789944e-11,True
dse,loop-sink,-0.00619220830032724,-6.732487800219387,1.6754182772023515e-11,59370,59265,1.2966280580087762e-10,True
dse,loop-unroll-and-jam,-0.008468748552088012,-9.243235978108743,2.4293605984598646e-20,60018,58909,2.606404411936666e-19,True
dse,hotcoldsplit,-0.0078637967731095,-8.572331397260617,1.0259612350420435e-17,59641,59652,1.0019112709288385e-16,True
dse,irce,-0.008661778703229761,-9.449759306257056,3.454535884698352e-21,59741,59732,3.865132149851071e-20,True
dse,nary-reassociate,-0.006621268365433142,-7.248375534991829,4.243465477334843e-13,59621,59332,3.447595603577437e-12,True
dse,scalarizer,-0.010335517941446437,-11.13505439497868,8.752298990195859e-29,59617,59295,1.440084153176764e-27,True
dse,vector-combine,-0.006989476018912866,-7.599355647516997,2.997786869237302e-14,59711,58986,2.5409812510678084e-13,True
dse,always-inline,-0.007041795669754325,-7.667899799390262,1.76151968496162e-14,59796,59265,1.5094334980984035e-13,True
dse,globalsplit,-0.006824324328377596,-7.437631525224622,1.0319053770395863e-13,59417,59783,8.597747779759617e-13,True
dse,lowerswitch,-0.00810896458462268,-8.196949070949472,2.489858436137054e-16,59680,59204,2.305032065227589e-15,True
dse,early-cse-memssa,-0.015276823488039548,-19.541496070228455,6.627153949366657e-85,59857,59294,9.611827728044382e-83,True
dse,simple-loop-unswitch,-0.008348178695749053,-9.125251332197989,7.264753637637242e-20,59616,59122,7.586340065329983e-19,True
dse,loop-versioning,-0.008596643965132988,-9.349333093929662,8.966197961264802e-21,59507,59550,9.918539891613832e-20,True
dse,loop-flatten,-0.006207771124035866,-6.789438466108492,1.1309445602228485e-11,60052,59310,8.839878039586176e-11,True
dse,loop-reroll,-0.00606424056982946,-6.638931317023818,3.173085173486149e-11,59836,59841,2.4316637063349825e-10,True
dse,loop-instsimplify,-0.007157805037285747,-7.809538682743205,5.786469254669271e-15,59342,59154,5.069309530488784e-14,True
dse,loop-simplifycfg,-0.006958457100046556,-7.655980023204463,1.9327686383027687e-14,59536,59777,1.6489590386914253e-13,True
dse,loop-predication,-0.008337673082906283,-9.095021247729502,9.597476205047659e-20,59419,59227,9.94278222723985e-19,True
dse,speculative-execution,-0.0057651395750383805,-6.301352697279806,2.960841470088966e-10,59744,59560,2.2254616500707086e-09,True
dse,partially-inline-libcalls,-0.007564673223467655,-8.25240065619928,1.5680065443151196e-16,59634,59950,1.4654686461904554e-15,True
dse,load-store-vectorizer,-0.008774413906960155,-9.60992286831784,7.393889229931743e-22,59876,59597,8.516020654239032e-21,True
dse,iroutliner,-0.00286467130492557,-3.1500379803648424,0.001632894568879169,60079,59447,0.007341463985913692,True
dse,global-merge,-0.00708960194813224,-7.756858413206938,8.774630881609657e-15,59612,59257,7.635878784974092e-14,True
dse,break-crit-edges,-0.01699478004817656,-17.818550805149947,6.275741867364796e-71,59633,59499,7.228177986058982e-69,True
dse,unreachableblockelim,-0.008486626940354403,-9.2885343216117,1.5893925157784e-20,59827,59678,1.724116645924713e-19,True
jump-threading,loop-idiom,-0.008825443240339959,-9.551057588430085,1.3069550719971576e-21,59272,59581,1.4878011807967644e-20,True
jump-threading,loop-deletion,-0.008952025791282014,-9.70619777936037,2.89181685286157e-22,59512,59353,3.3804044166584796e-21,True
jump-threading,gvn,-0.005402583955805895,-6.539136280776852,6.212482649789398e-11,59498,59250,4.733089894275347e-10,True
jump-threading,gvn-hoist,-0.006432323458505584,-6.99710434020919,2.6268177722522456e-12,59488,59282,2.0950342965661494e-11,True
jump-threading,gvn-sink,-0.007494483945579111,-8.24684830225304,1.6427165606166972e-16,59229,58993,1.5316376312797586e-15,True
jump-threading,newgvn,-0.007387263657322285,-9.23967819490992,2.5115973913842217e-20,59770,58783,2.6872719630220255e-19,True
jump-threading,early-cse,-0.0049081619069419324,-5.630159943706975,1.8044649689671432e-08,59490,59573,1.2894680325684913e-07,True
jump-threading,mergereturn,-0.007487281293948933,-8.092151544806963,5.916735624671796e-16,59348,59451,5.375855384272564e-15,True
jump-threading,globalopt,-0.007108931679410513,-7.712253467127541,1.2456793117762494e-14,59538,59479,1.0792212798486266e-13,True
jump-threading,strip-dead-prototypes,-0.007404690660469837,-8.044742909617108,8.721234965083925e-16,59526,59706,7.8511163501767e-15,True
jump-threading,indvars,-0.0074274200886591535,-8.064900734994982,7.396936566807496e-16,59613,59449,6.67428654276916e-15,True
jump-threading,mergeicmps,-0.007507086408313879,-8.13252571330035,4.2443777564122643e-16,59297,59621,3.883407311708044e-15,True
jump-threading,separate-const-offset-from-gep,-0.007721157118277089,-8.37261834117481,5.695334805397521e-17,59483,59497,5.348424723725826e-16,True
jump-threading,libcalls-shrinkwrap,-0.006974781711748201,-7.57160413822245,3.712848657792076e-14,59464,59573,3.14028409155805e-13,True
jump-threading,flattencfg,-0.0072681953724493265,-7.891543558583713,3.0100352582751244e-15,59293,59123,2.6488310272821095e-14,True
jump-threading,loop-reduce,-0.009290719143803583,-10.12681912998387,4.2963313689308475e-24,59905,59394,5.516207751060064e-23,True
jump-threading,loop-unroll,-0.009582996898815033,-10.286265500242738,8.323302135805945e-25,59535,59856,1.0974428001284876e-23,True
jump-threading,loop-rotate,-0.012359355282908546,-12.95529432708457,2.3278801952531062e-38,59646,59577,6.419703411698003e-37,True
jump-threading,partial-inliner,-0.008842936951862501,-9.514623617590207,1.8561808584526443e-21,59580,59054,2.1068997802030597e-20,True
jump-threading,lower-expect,-0.006733616993728153,-7.279518870803593,3.370768410521283e-13,59246,59332,2.74998522825028e-12,True
jump-threading,alignment-from-assumptions,-0.0072334104407212885,-7.831460769301937,4.861814961452652e-15,59661,59391,4.26880434732031e-14,True
jump-threading,rpo-function-attrs,-0.006852085739788127,-7.428992976051446,1.1015482060145852e-13,59635,59421,9.158519691620203e-13,True
jump-threading,attributor,-0.004355958462954002,-5.162810747638518,2.436591367662789e-07,59455,59597,1.691789325490688e-06,True
jump-threading,inferattrs,-0.009178329897356619,-10.00068321429138,1.5462670693576172e-23,59387,59631,1.9101520011370438e-22,True
jump-threading,called-value-propagation,-0.007724718892625604,-8.375198741345299,5.572083610443097e-17,59765,59006,5.245259475599801e-16,True
jump-threading,licm,-0.007072635982541431,-7.295950762637197,2.9839599521167553e-13,59262,59586,2.4394962781814644e-12,True
jump-threading,loop-simplify,-0.00919697697395866,-9.925842297763355,3.281488646981691e-23,59440,59250,4.0218448599439656e-22,True
jump-threading,div-rem-pairs,-0.008164031389421011,-8.86672529047006,7.633960925987842e-19,59479,59291,7.724700513221806e-18,True
jump-threading,float2int,-0.007093048845964733,-7.686942933189311,1.5184422156411844e-14,59317,59131,1.309740025649973e-13,True
jump-threading,inline,-0.005299284196453868,-5.738061574516149,9.599784049920124e-09,59355,59616,6.910432782993972e-08,True
jump-threading,sink,-0.005293439291860047,-5.744514936797671,9.240857776790181e-09,59741,59308,6.676604991496374e-08,True
jump-threading,loop-vectorize,-0.02360223008699952,-25.79518344418119,2.540645365299088e-146,59467,59698,8.290972708759357e-144,True
jump-threading,slp-vectorizer,-0.008532521092211032,-9.30968138132563,1.3030034060695858e-20,59291,59843,1.4252964631755582e-19,True
jump-threading,callsite-splitting,-0.006542894603988325,-7.051721721144152,1.7767702005592662e-12,59581,59092,1.4257852674979685e-11,True
jump-threading,dfa-jump-threading,-0.00851985528289384,-9.232170835363165,2.6937494799793335e-20,59650,59330,2.8743114342231795e-19,True
jump-threading,consthoist,-0.007164392698524591,-7.765540296123519,8.194121595584552e-15,59608,59498,7.146588010759267e-14,True
jump-threading,mldst-motion,-0.009072201070528974,-9.838632563592844,7.83066582258293e-23,59223,59568,9.435349957303003e-22,True
jump-threading,slsr,-0.0076754879553814215,-8.33548497163441,7.798785047042002e-17,59787,59565,7.306230201965666e-16,True
jump-threading,loop-interchange,-0.007773200383582146,-8.396579630176504,4.6466158997923546e-17,59187,59115,4.3846139430329784e-16,True
jump-threading,loop-fusion,-0.006582751697744249,-7.1291847036170815,1.0153630366759071e-12,59423,59507,8.164602980745076e-12,True
jump-threading,loop-distribute,-0.007822537816429165,-8.45583124230694,2.8017524337176954e-17,59578,59640,2.6695042653135025e-16,True
jump-threading,loop-load-elim,-0.0070477691948347965,-7.624178462966233,2.4740055702477197e-14,59705,59413,2.1015630830997984e-13,True
jump-threading,loop-sink,-0.007812187309923002,-8.446957321806229,3.0230345450971306e-17,59085,59705,2.8663930456659473e-16,True
jump-threading,loop-unroll-and-jam,-0.007883595693955525,-8.496585975716187,1.9746372393753197e-17,59985,58669,1.8999212357232806e-16,True
jump-threading,hotcoldsplit,-0.007265875555029222,-7.916588337527675,2.461984563979365e-15,59492,59756,2.171426025347566e-14,True
jump-threading,irce,-0.007811718508242138,-8.455353354409423,2.8133225755671616e-17,59338,59603,2.674022137359467e-16,True
jump-threading,nary-reassociate,-0.00673406248011954,-7.309155029551358,2.7050289093311343e-13,59388,59745,2.2160864453850883e-12,True
jump-threading,scalarizer,-0.009559608275002018,-10.22402352781297,1.5846812286071975e-24,58990,59363,2.054838308352909e-23,True
jump-threading,vector-combine,-0.007801966312578512,-8.461842063137434,2.661240527577272e-17,59505,59148,2.541809245364048e-16,True
jump-threading,always-inline,-0.007923804989808825,-8.571411230163433,1.0342553581211094e-17,59486,59127,1.0074985030851403e-16,True
jump-threading,globalsplit,-0.00849718839423308,-9.22582116026383,2.858023343355188e-20,59641,59608,3.0413096229834007e-19,True
jump-threading,lowerswitch,-0.009656002195967184,-9.717529190978183,2.587814873651596e-22,59242,59460,3.0340967201256436e-21,True
jump-threading,early-cse-memssa,-0.007809614580632007,-9.704212612378793,2.9486332850064444e-22,59370,59464,3.4365618881206064e-21,True
jump-threading,simple-loop-unswitch,-0.007835311073696227,-8.485429903676136,2.1734876999448223e-17,59392,59214,2.0861220178882168e-16,True
jump-threading,loop-versioning,-0.008968087440785366,-9.674495888851716,3.943348078455212e-22,59238,59795,4.582240675142614e-21,True
jump-threading,loop-flatten,-0.006970997770198162,-7.554541120986233,4.233247921349368e-14,59799,59215,3.5650320129041127e-13,True
jump-threading,loop-reroll,-0.006850930451496096,-7.4197225648798115,1.181441862486415e-13,59424,59315,9.801962570967798e-13,True
jump-threading,loop-instsimplify,-0.00889986099846618,-9.635939884881678,5.743327227652343e-22,59054,59120,6.6344747561907304e-21,True
jump-threading,loop-simplifycfg,-0.008179365633717017,-8.834772020992,1.0163112639611184e-18,59318,59376,1.0231040898899074e-17,True
jump-threading,loop-predication,-0.01019274940951359,-11.03632488403335,2.6350482949592123e-28,59557,58962,4.2117751522695e-27,True
jump-threading,speculative-execution,-0.006363173205191364,-6.891557579654678,5.545750683677647e-12,59661,59479,4.3608754372051535e-11,True
jump-threading,partially-inline-libcalls,-0.007511979513754541,-8.143653130706738,3.8717271530968134e-16,59874,59788,3.5590806412035494e-15,True
jump-threading,load-store-vectorizer,-0.008112453889100868,-8.788250700372844,1.5386897691674437e-18,59598,59530,1.5410509299385446e-17,True
jump-threading,iroutliner,-0.009207942127243574,-10.073057104924612,7.429550988947434e-24,59911,59642,9.35502304589008e-23,True
jump-threading,global-merge,-0.008505715874318476,-9.198701154003677,3.679339695120819e-20,59144,59595,3.8941335800251696e-19,True
jump-threading,break-crit-edges,-0.04533613683953985,-48.03447349225421,0.0,59442,59546,0.0,True
jump-threading,unreachableblockelim,-0.007466944804598918,-8.075126021430309,6.803078204104713e-16,59542,59356,6.152622228007865e-15,True
loop-idiom,loop-deletion,0.00042344720529507995,0.4510017219151425,0.6519891312270867,59300,59485,0.8115668906183318,False
loop-idiom,gvn,0.003404638516284808,4.0316452004870085,5.542211966329905e-05,59848,59672,0.0003220074489636188,True
loop-idiom,gvn-hoist,0.0007714090569502785,0.8305707322031325,0.4062178358775002,59604,59745,0.6189685001152883,False
loop-idiom,gvn-sink,0.0003170761236064856,0.34199836194138417,0.7323527307238494,59599,59070,0.8598327747216234,False
loop-idiom,newgvn,0.0019257610736139186,2.370574639051303,0.01776204238612826,59492,59460,0.059962205158688164,False
loop-idiom,early-cse,0.0039307529369156935,4.398037651968131,1.0932888191029547e-05,59182,59515,6.828259992993892e-05,True
loop-idiom,mergereturn,0.0005582878799142432,0.5930394358970378,0.5531558920805776,59122,59409,0.7419800465108509,False
loop-idiom,globalopt,0.0005480943408518457,0.5846508439333087,0.5587836240280624,59620,59087,0.7452497304548686,False
loop-idiom,strip-dead-prototypes,0.0008848265068284733,0.9467954888552741,0.3437449166167617,59743,59687,0.5601769011532414,False
loop-idiom,indvars,0.0018141626784078935,1.9355270538570977,0.05292801504047228,59731,59423,0.14783602489193257,False
loop-idiom,mergeicmps,6.362112743613091e-05,0.067640422037206,0.9460719908524926,59000,59725,0.9761994387449219,False
loop-idiom,separate-const-offset-from-gep,-0.00042717258686114645,-0.45691689236043986,0.6477316123794591,59693,59806,0.8089559639304624,False
loop-idiom,libcalls-shrinkwrap,0.0025264419480174327,2.6916868401638068,0.007110159813859551,59469,59599,0.0270061938225742,True
loop-idiom,flattencfg,-4.0041035665461244e-05,-0.04283772110536133,0.9658309663455652,59626,59395,0.98590112914712,False
loop-idiom,loop-reduce,-0.0009257983388528124,-0.9901462460026169,0.32210465201268124,59860,59342,0.5381147126333824,False
loop-idiom,loop-unroll,-0.003658549372233144,-3.8475848355463595,0.00011935021493253026,59765,59156,0.0006629438889018276,True
loop-idiom,loop-rotate,0.0005703790295827349,0.5868892068962361,0.557279231357884,59748,59385,0.743695010327777,False
loop-idiom,partial-inliner,0.0015391014919788337,1.6417262842755223,0.10064939118081323,59304,59394,0.24280202201825743,False
loop-idiom,lower-expect,0.0013280663256926561,1.4162126306875535,0.15671587639304482,59386,59615,0.33280877004076115,False
loop-idiom,alignment-from-assumptions,0.00029273867912193996,0.3119141834859361,0.7551062892444445,59633,59424,0.8748509552311373,False
loop-idiom,rpo-function-attrs,9.457700901221999e-05,0.10092896029716303,0.9196070231033723,59875,59433,0.9649156931138765,False
loop-idiom,attributor,0.002834636477321739,3.309058075552805,0.0009363812399750386,59754,59568,0.004460911114041667,True
loop-idiom,inferattrs,-0.0007329028783035763,-0.7834255245238173,0.43337883341700073,59371,59486,0.6450442841736886,False
loop-idiom,called-value-propagation,0.0017060872222912082,1.8219438755540986,0.06846601656132827,59541,59199,0.1811573789555145,False
loop-idiom,licm,-4.1695730597979264e-05,-0.042294914293449934,0.9662636704971008,59500,59382,0.98590112914712,False
loop-idiom,loop-simplify,0.0013790652227029798,1.4683918961100608,0.1420004454815606,59879,59119,0.3127399763053442,False
loop-idiom,div-rem-pairs,0.0001143353579594053,0.12236386677228683,0.9026110597872099,59900,59335,0.9553040297639768,False
loop-idiom,float2int,0.0008339210804952368,0.8870910192285464,0.37503169391304503,59363,59490,0.5912335400014027,False
loop-idiom,inline,0.0006465747139517419,0.6901220461120043,0.4901187878516501,59629,59224,0.6932410109230864,False
loop-idiom,sink,0.003285838521813189,3.505624505454105,0.00045570437958017233,59808,59573,0.0022849402694442443,True
loop-idiom,loop-vectorize,-0.014042474847518582,-15.090959293172993,2.0730995557380458e-51,59075,59723,9.781033566590586e-50,True
loop-idiom,slp-vectorizer,0.0011053967571400536,1.1798165189811032,0.23807555596527588,59317,59729,0.4393514972478889,False
loop-idiom,callsite-splitting,-0.00020118428358700813,-0.21404807954548236,0.8305099301689558,59823,59335,0.9152138068531759,False
loop-idiom,dfa-jump-threading,0.0012540632189680934,1.3391029036760087,0.18053972901237697,59583,59610,0.36598513776169456,False
loop-idiom,consthoist,-0.0003553488831257723,-0.378887437152402,0.7047721299688468,59432,59505,0.8470981318050271,False
loop-idiom,mldst-motion,0.0005116338817442445,0.546070420576544,0.5850185514959656,59920,59525,0.7644086245105777,False
loop-idiom,slsr,0.000675316519049729,0.7211060705113332,0.47084566888868723,59612,59746,0.6763872484842623,False
loop-idiom,loop-interchange,0.0015498297571736042,1.6518729757848118,0.09856309703591966,59098,59442,0.23928895721801696,False
loop-idiom,loop-fusion,0.001689908831038367,1.7997639900742677,0.0719004533912315,59299,59290,0.1883359033311455,False
loop-idiom,loop-distribute,0.0008641495790102094,0.9189095305449114,0.35814475713217625,59536,59460,0.5747929790695091,False
loop-idiom,loop-load-elim,2.062898111054867e-06,0.0021968107589611058,0.9982472036959973,59682,59600,0.9990925656340707,False
loop-idiom,loop-sink,0.0014092424777906731,1.4997483342852695,0.1336822528773524,59496,59739,0.3009257189767473,False
loop-idiom,loop-unroll-and-jam,-0.0007792384852610135,-0.8344728784402484,0.4040162321876507,59875,59654,0.6170236029499347,False
loop-idiom,hotcoldsplit,0.0005316966112814958,0.5686003643441894,0.5696284480754839,59463,59813,0.7541895749416003,False
loop-idiom,irce,-0.0012500976325548474,-1.336485659618872,0.18139313251747008,59785,59565,0.3660089964888263,False
loop-idiom,nary-reassociate,-0.00030098400254524593,-0.3203371280466655,0.7487133437905013,59432,59435,0.8700182356924638,False
loop-idiom,scalarizer,-0.0007454595564869715,-0.7879090713652981,0.43075146660545344,59054,59780,0.6430891129344093,False
loop-idiom,vector-combine,0.00039999268731333304,0.42678776441821364,0.6695346907292674,59954,59159,0.8242921880495955,False
loop-idiom,always-inline,0.002156657415230079,2.2936712551048917,0.021811130607313406,59296,59212,0.07135537799351653,False
loop-idiom,globalsplit,0.00033635561272887804,0.3579529380175753,0.7203791681870653,59209,59775,0.8538301430261639,False
loop-idiom,lowerswitch,-0.00020321230851871874,-0.2012532416827071,0.8405009078824086,59168,59244,0.9205287044910871,False
loop-idiom,early-cse-memssa,0.0001247610181336345,0.15225875305795072,0.8789831138842977,59503,59539,0.9413627755635673,False
loop-idiom,simple-loop-unswitch,0.00020197931501897415,0.2148950385552859,0.8298495225979975,59462,59168,0.9152138068531759,False
loop-idiom,loop-versioning,-0.00047967761480827154,-0.5089568205854356,0.6107834340148836,59347,59717,0.7849779873981897,False
loop-idiom,loop-flatten,-0.00014715289461991743,-0.1567410356152643,0.8754492108204283,59620,59432,0.9392490711158348,False
loop-idiom,loop-reroll,-0.0007604324450372624,-0.8091809902795223,0.41841267481883243,59386,58944,0.631164882353832,False
loop-idiom,loop-instsimplify,0.00032401254446001726,0.3449818243853511,0.7301086465692211,59212,59418,0.8584722195410694,False
loop-idiom,loop-simplifycfg,0.0002278954601407368,0.2442695613659633,0.8070224775552272,59180,59722,0.9029428634589342,False
loop-idiom,loop-predication,-0.00034880322837865796,-0.3711679183077754,0.710513128380726,59378,59443,0.8485799617335136,False
loop-idiom,speculative-execution,0.0019809334631117337,2.104443861868218,0.03534184633071962,59443,59110,0.10702589683347946,False
loop-idiom,partially-inline-libcalls,0.0014834451374528546,1.583005192825624,0.11342293747503056,59325,59713,0.2666051759617165,False
loop-idiom,load-store-vectorizer,0.0007784788332382275,0.8286898256789098,0.40728160577114664,59442,59614,0.6201068305598018,False
loop-idiom,iroutliner,0.0013051011760282782,1.4024068863591377,0.1607963776607735,59829,59593,0.33890129974143657,False
loop-idiom,global-merge,-0.0013285586873866828,-1.4191379510053146,0.15586142212376194,59530,59409,0.3321196810226997,False
loop-idiom,break-crit-edges,-0.009487825924093918,-9.735564015768368,2.167736017721198e-22,59468,59434,2.5568838088542807e-21,True
loop-idiom,unreachableblockelim,-3.980332432940159e-05,-0.04238174648781831,0.9661944507926865,59249,59397,0.98590112914712,False
loop-deletion,gvn,0.0028791391192805604,3.422955719142233,0.0006196497159564765,60059,59358,0.0030256213063410997,True
loop-deletion,gvn-hoist,0.0008587370338907774,0.9185586893300483,0.3583283170867908,59839,58761,0.5748519826759003,False
loop-deletion,gvn-sink,-0.002175418198126944,-2.348572107701653,0.018847175986811807,59589,59471,0.06302778920952608,False
loop-deletion,newgvn,0.0010526948596044083,1.290760731544838,0.19678917514244007,59385,59210,0.3884205694847759,False
loop-deletion,early-cse,0.004902201635103298,5.496930558690397,3.872540665082167e-08,59307,58982,2.7422910026151476e-07,True
loop-deletion,mergereturn,-0.00023025142997495918,-0.2453136332788534,0.8062140213636733,59161,59296,0.9028704595294148,False
loop-deletion,globalopt,0.0002661472078855365,0.2843350640739641,0.7761541115026624,59950,59222,0.8837880309528414,False
loop-deletion,strip-dead-prototypes,0.000810900687369831,0.8665566555601405,0.38618671956569184,59572,59359,0.6010759911841214,False
loop-deletion,indvars,0.0007798601299390806,0.831980223222194,0.4054217771655178,59593,59405,0.6179959826314394,False
loop-deletion,mergeicmps,0.0005801334285926996,0.6196906211749437,0.5354626780757424,59415,59584,0.7290931319000721,False
loop-deletion,separate-const-offset-from-gep,0.000666422956404511,0.7141846285044228,0.47511442005601917,59637,59485,0.6800248789983081,False
loop-deletion,libcalls-shrinkwrap,-0.0004989260110779825,-0.5337333892632982,0.5935270005908986,59535,59622,0.7708960976165701,False
loop-deletion,flattencfg,0.00321844625603257,3.427766713122086,0.0006087750692377026,59480,58937,0.002976233671828768,True
loop-deletion,loop-reduce,-0.0038141968333709753,-4.0989157274971,4.1536359994791095e-05,59953,59687,0.00024607622653494994,True
loop-deletion,loop-unroll,-0.004101252623171681,-4.328271376146812,1.5040666891905753e-05,59787,59247,9.231857609514566e-05,True
loop-deletion,loop-rotate,0.000534637250237946,0.5514260527754888,0.581342682523093,59647,59196,0.7617908294036886,False
loop-deletion,partial-inliner,0.0011975788354913752,1.278973703932957,0.200908807349993,59658,59475,0.3933106663345167,False
loop-deletion,lower-expect,0.0016729316534845329,1.785906823759899,0.07411689363946102,59554,59350,0.1925957236178695,False
loop-deletion,alignment-from-assumptions,-9.36885056956882e-05,-0.1003454117001446,0.9200702753031702,59827,59107,0.9649156931138765,False
loop-deletion,rpo-function-attrs,-0.0013879312844555791,-1.4870917760581686,0.1369932249626317,59712,59194,0.3049832114574563,False
loop-deletion,attributor,0.0034653940194900312,4.034884573123275,5.4663324488545864e-05,59579,59157,0.00031807069642963683,True
loop-deletion,inferattrs,-0.0013763353193474992,-1.4757714768780414,0.14000790882790173,59350,59085,0.30993271394576777,False
loop-deletion,called-value-propagation,0.0012778339341758538,1.3683259455885866,0.17121265403249422,59563,59543,0.35250723091022473,False
loop-deletion,licm,0.0003085499469695496,0.3129092494880065,0.7543501580786859,59855,59249,0.8744701088696912,False
loop-deletion,loop-simplify,0.001349332479748333,1.4384428829201032,0.15031106981677322,59786,58929,0.3244100435593155,False
loop-deletion,div-rem-pairs,-0.0017326354476454586,-1.8536939361093414,0.06378542301327664,59955,59518,0.17145360333774118,False
loop-deletion,float2int,0.0015163076503322825,1.6234893954105747,0.10448747039579112,59650,59658,0.2501057054217103,False
loop-deletion,inline,0.00047954424110846494,0.5117385725355705,0.6088349382093027,59359,59394,0.783759900732291,False
loop-deletion,sink,0.00290052445446215,3.107802567449056,0.0018852819776142404,59766,59575,0.008295240701502659,True
loop-deletion,loop-vectorize,-0.014846324086483731,-15.965336046832105,2.557438243753691e-57,59133,59578,1.4947653973939482e-55,True
loop-deletion,slp-vectorizer,0.0009423335269257982,1.0072695080089338,0.3138073265619664,59651,59361,0.529001072241352,False
loop-deletion,callsite-splitting,0.0006415594403020308,0.6823612359240816,0.49501189147121755,59536,59249,0.6967964517811972,False
loop-deletion,dfa-jump-threading,-9.917409244125652e-05,-0.10597181852665231,0.9156048906417589,59738,59127,0.9635874097697199,False
loop-deletion,consthoist,8.718496869142278e-05,0.09301650632417197,0.9258906046627455,59514,59376,0.9684261773128503,False
loop-deletion,mldst-motion,0.00023927924387556754,0.2562464472900559,0.79776098922296,59357,59515,0.8978176479469576,False
loop-deletion,slsr,0.001050626028021806,1.1256819598916779,0.2603024248846035,59596,59812,0.46957723074559254,False
loop-deletion,loop-interchange,-0.000484854470204632,-0.5186173896398782,0.6040285474235395,59419,59210,0.7791034713947563,False
loop-deletion,loop-fusion,0.00044700674432385235,0.4764316866430251,0.6337677405131281,59361,59505,0.8021443024723366,False
loop-deletion,loop-distribute,0.0015063516575451463,1.6047564467593942,0.10855006732552432,59511,59516,0.25778172446740644,False
loop-deletion,loop-load-elim,0.0010454259028653268,1.1151851275469074,0.2647733439032394,59751,59583,0.4749342527792407,False
loop-deletion,loop-sink,0.0006327891259544915,0.6768339305289303,0.4985126404576503,59566,59668,0.7001071672088933,False
loop-deletion,loop-unroll-and-jam,-0.00037803190740592907,-0.40248374780918306,0.6873287722341993,59344,59253,0.8358942459842003,False
loop-deletion,hotcoldsplit,-0.0009419775819957676,-1.0087375514927228,0.3131025606708781,59650,59815,0.5289990553846744,False
loop-deletion,irce,-0.00175480773314729,-1.871520114438033,0.06127547058320625,59891,59375,0.1668056852391786,False
loop-deletion,nary-reassociate,0.0013355245407922212,1.431071553110659,0.15241233163339796,59797,59375,0.3268687047673362,False
loop-deletion,scalarizer,-0.0025546137757180287,-2.708910237659095,0.006751432341089326,59193,59010,0.025920204948731176,True
loop-deletion,vector-combine,-0.001226475021887219,-1.3096519116720198,0.19031615166419466,59676,59102,0.38024390301887057,False
loop-deletion,always-inline,0.0002963100530482543,0.3165274941179586,0.7516027152660717,59431,59519,0.8723403180148004,False
loop-deletion,globalsplit,0.000571782892719086,0.6087282856068065,0.5427057164635704,59526,59540,0.7348670766498415,False
loop-deletion,lowerswitch,-0.00016178268624855718,-0.1610044778622408,0.8720901479401724,59455,59204,0.9376065954895667,False
loop-deletion,early-cse-memssa,-0.0008337716391763061,-1.019747590311743,0.3078502605090377,59619,59270,0.5227847442122253,False
loop-deletion,simple-loop-unswitch,2.8681991851964295e-05,0.03075737802996079,0.975463083143216,59719,59668,0.9901290321189955,False
loop-deletion,loop-versioning,-0.00030432762721932516,-0.32383806816056643,0.7460612029545621,59242,59735,0.8690048821118584,False
loop-deletion,loop-flatten,0.0011735119273901806,1.2599426779625469,0.20769250140190873,60006,59567,0.4026355621237003,False
loop-deletion,loop-reroll,0.0004067161997390323,0.4331858905616312,0.6648805147916109,59381,59434,0.8216068462997628,False
loop-deletion,loop-instsimplify,8.306071144048577e-05,0.08857455172496044,0.9294201829031454,59452,59154,0.9703037686613483,False
loop-deletion,loop-simplifycfg,0.0006867868910025998,0.7378509646875264,0.4606064713932153,59548,59688,0.6685451971741405,False
loop-deletion,loop-predication,-0.0007038420821718905,-0.7490430246015632,0.4538327642296708,59210,59004,0.6621494428924705,False
loop-deletion,speculative-execution,-0.00012509781720587698,-0.1333362199087511,0.893927710096158,59675,58988,0.9496372021306507,False
loop-deletion,partially-inline-libcalls,0.00045763477467736235,0.48889124545505874,0.6249195945307972,59695,59376,0.7953152850772186,False
loop-deletion,load-store-vectorizer,0.0005539956935117774,0.5911495812697516,0.5544213248405837,59580,59391,0.7425150164417667,False
loop-deletion,iroutliner,0.0005595529676374889,0.6031429333557727,0.5464147544556301,59603,59633,0.7370858348082149,False
loop-deletion,global-merge,0.0007336044248081319,0.7829103340223048,0.4336813283845027,59527,59359,0.6452492712590093,False
loop-deletion,break-crit-edges,-0.009036039491363779,-9.30232615656807,1.3963933951036337e-20,59448,59283,1.5189657042293972e-19,True
loop-deletion,unreachableblockelim,-0.0010232267253317828,-1.0909125425193889,0.27531358109642184,59484,59266,0.48894693132589023,False
gvn,gvn-hoist,-0.0027005568379275813,-3.207493684937948,0.0013393230169373874,59761,59687,0.006148638844462847,True
gvn,gvn-sink,-0.004152410540888107,-4.973358142632467,6.589428376328062e-07,59650,59487,4.503351050907625e-06,True
gvn,newgvn,0.0007948593538205095,0.9805361565361858,0.3268235200987544,59727,59545,0.5432261904527684,False
gvn,early-cse,-0.0008388070644491652,-1.0030095745431926,0.3158582772825216,59712,59589,0.5319010637003561,False
gvn,mergereturn,-0.004350891652477262,-5.165565028345162,2.4009995944765543e-07,59167,59813,1.670038083831294e-06,True
gvn,globalopt,-0.0016845047039914518,-1.9935914289282943,0.04619901113139332,59297,59304,0.13234478975167244,False
gvn,strip-dead-prototypes,-0.0035978101333191126,-4.24908213870394,2.1481072068677814e-05,59857,59558,0.00012961460434659833,True
gvn,indvars,-0.003542949407113971,-4.201144944301657,2.6576110113448095e-05,59751,59819,0.00015986489585908257,True
gvn,mergeicmps,-0.0035365546532004632,-4.17223852173694,3.0183523547558028e-05,59466,59746,0.00018018091190889825,True
gvn,separate-const-offset-from-gep,-0.002359940767236668,-2.794456923479287,0.005199527505993318,59433,59743,0.020608653556143556,True
gvn,libcalls-shrinkwrap,-0.0028957465907348823,-3.4372592171896934,0.0005878338724626958,59261,59881,0.002884658451834482,True
gvn,flattencfg,-0.002279748225977485,-2.699209657065168,0.006951420924242862,59430,59510,0.02651262201203036,True
gvn,loop-reduce,-0.007979788270591037,-9.459721045758863,3.1410424995357823e-21,59934,59484,3.544761506680727e-20,True
gvn,loop-unroll,-0.009258158353954882,-10.70487478894334,9.931823370000993e-27,59844,59469,1.478822065282277e-25,True
gvn,loop-rotate,-0.004535869764824674,-5.160117082654618,2.4719074863770553e-07,59861,59124,1.71327251622169e-06,True
gvn,partial-inliner,-0.0020008565738955375,-2.3737079642108654,0.017612048231589218,59544,59760,0.059558532707170445,False
gvn,lower-expect,-0.002021815033116381,-2.3910341738801972,0.016802531453337242,59548,59679,0.05726606890449838,False
gvn,alignment-from-assumptions,-0.0033098682110203614,-3.925182933339336,8.671244739181914e-05,59779,59612,0.0004885840920667104,True
gvn,rpo-function-attrs,-0.0024460905375239816,-2.900001140500452,0.0037322940519873855,59714,59625,0.01539678003427445,True
gvn,attributor,0.021660393932389888,27.39375781805241,1.0661094944588908e-164,59554,59410,4.174884780301016e-162,True
gvn,inferattrs,-0.008518891015139807,-10.276530839804536,9.20815431686847e-25,59666,59377,1.2059910469851816e-23,True
gvn,called-value-propagation,-0.0022003071954863063,-2.6082123271093525,0.009102785272229432,59596,59446,0.033565449271233956,True
gvn,licm,-0.009383453056907964,-10.784132749837589,4.2108644783703635e-27,59678,59917,6.416243306341767e-26,True
gvn,loop-simplify,-0.0024533377033856274,-2.896882684578118,0.0037695939856246317,59594,59355,0.015522323919775035,True
gvn,div-rem-pairs,-0.0025103447606467655,-2.996270015367514,0.0027336044364602422,59795,59681,0.011673713165952355,True
gvn,float2int,-0.002343176189761209,-2.7885240080455693,0.0052957198799624275,59752,59753,0.02092637643787373,True
gvn,inline,-0.003354429806106396,-4.003618669160635,6.241853474270041e-05,59959,59544,0.00035892948906375154,True
gvn,sink,-0.0008445786014256718,-1.0079278261997595,0.31349115221497154,60017,59529,0.529001072241352,False
gvn,loop-vectorize,-0.0346945081956464,-40.87572216071018,0.0,59758,59798,0.0,True
gvn,slp-vectorizer,-0.0035697710616806044,-4.251967617979224,2.1206137946926834e-05,59526,59958,0.000128153142284206,True
gvn,callsite-splitting,-0.0014075174852305472,-1.662426466172873,0.09642992039171282,59740,59736,0.23514524770426873,False
gvn,dfa-jump-threading,-0.0037663648935531424,-4.481586888136277,7.415874576540239e-06,59850,59736,4.7297336875784326e-05,True
gvn,consthoist,-0.0037261661207459995,-4.408305565383423,1.0427345037418843e-05,59370,60088,6.564868676291348e-05,True
gvn,mldst-motion,-0.002905187158230793,-3.447748170180309,0.0005654756315916344,60023,59363,0.002785412041902944,True
gvn,slsr,-0.0026213059719081278,-3.116114623295291,0.0018329455446128098,59490,59776,0.00811969994649747,True
gvn,loop-interchange,-0.0015767984697787063,-1.872268312668036,0.06117194228032396,59369,59789,0.1667918795740123,False
gvn,loop-fusion,-0.0017361036863923762,-2.0539142842270923,0.03998616901214664,59564,59434,0.11880564328646909,False
gvn,loop-distribute,-0.0028336003124195264,-3.3568745292930875,0.0007885351501442807,59724,59491,0.003802837004883009,True
gvn,loop-load-elim,-0.002325327334903815,-2.7437490749115363,0.00607510097720272,60014,59470,0.023671736743010797,True
gvn,loop-sink,-0.005129883499143506,-6.044335380872214,1.5046996041964223e-09,59782,59672,1.1117742735911679e-08,True
gvn,loop-unroll-and-jam,-0.0038197901107499543,-4.51621657109216,6.301448210365276e-06,59785,59546,4.058630130228687e-05,True
gvn,hotcoldsplit,-0.003627022591793594,-4.322823548807672,1.5416932538444183e-05,59761,59875,9.418519160771828e-05,True
gvn,irce,-0.0030378985201418574,-3.606845377447638,0.00031006856561792645,59828,59728,0.0015997740486953884,True
gvn,nary-reassociate,-0.0030331166128546583,-3.597991252363557,0.0003208141746744991,59527,59825,0.0016486985669623862,True
gvn,scalarizer,-0.0055493914059827065,-6.474471717713974,9.551384220718968e-11,59353,59717,7.234665494842453e-10,True
gvn,vector-combine,-0.0036939238692754173,-4.3688244639028255,1.2502256955724629e-05,59740,59396,7.758928405486156e-05,True
gvn,always-inline,-0.003764878154201956,-4.448189733606023,8.667537350214335e-06,59820,59223,5.501146882243004e-05,True
gvn,globalsplit,-0.003036051324860012,-3.6089819049333096,0.0003075268208276893,59555,59773,0.0015887533382074291,True
gvn,lowerswitch,-0.004630974411471034,-5.002990630083843,5.652803959390057e-07,59444,59376,3.8835754921002565e-06,True
gvn,early-cse-memssa,-0.005813633160189402,-7.031386451319091,2.055827627096204e-12,60049,59393,1.646343760267635e-11,True
gvn,simple-loop-unswitch,-0.0031234475330830236,-3.693734818012349,0.00022108264740161696,59723,59863,0.0011747077981339646,True
gvn,loop-versioning,-0.004573131456648616,-5.3807699607548605,7.430709598530933e-08,59971,59547,5.233571724432937e-07,True
gvn,loop-flatten,-0.0025319131575072262,-3.015480476480498,0.002566261086930716,60381,59651,0.011128990494375065,True
gvn,loop-reroll,-0.003744236657504174,-4.457246921347942,8.309424343072021e-06,59762,60056,5.282419760952928e-05,True
gvn,loop-instsimplify,-0.0024176201434124023,-2.8662711838592236,0.0041541115827758305,59565,59400,0.016892524359449795,True
gvn,loop-simplifycfg,-0.0025165893447103294,-2.99085737251472,0.002782522147201717,59623,59779,0.011818174325858919,True
gvn,loop-predication,-0.0031029917351371172,-3.6767548595230064,0.00023632380407223992,59650,59222,0.001245550493602815,True
gvn,speculative-execution,-0.0026998736671267065,-3.2017677184319946,0.001366229875380943,59624,59435,0.0062574926222126,True
gvn,partially-inline-libcalls,-0.002861225835862513,-3.3955665435776186,0.0006850895601185555,60076,59681,0.00333268412102393,True
gvn,load-store-vectorizer,-0.001162380038364219,-1.3809287136098107,0.16730345617268316,59952,59867,0.3473480386235127,False
gvn,iroutliner,-0.004143695132836633,-4.960201943035519,7.051599288383527e-07,59912,60125,4.80244570666259e-06,True
gvn,global-merge,-0.001922161772578146,-2.2745290468874617,0.02293596344922268,59817,59517,0.07429051519202316,False
gvn,break-crit-edges,-0.011065179275550896,-12.550433144777566,4.168699797619047e-36,59059,59564,1.0267061891494459e-34,True
gvn,unreachableblockelim,-0.0011336720966748093,-1.343783576423616,0.17902093943413258,59725,59532,0.36375976248374076,False
gvn-hoist,gvn-sink,-0.0005956276436150931,-0.6477540097492572,0.5171453146587061,59614,59434,0.7155581507346532,False
gvn-hoist,newgvn,0.0018726903983077303,2.314953890324778,0.020617145403981824,59677,59541,0.06796022003534749,False
gvn-hoist,early-cse,0.002190142351731983,2.4743213657789487,0.013350344310318682,59543,59060,0.04688784602619548,True
gvn-hoist,mergereturn,-0.000591709510400773,-0.6322655161901325,0.5272146109888775,59394,59259,0.7240835033997891,False
gvn-hoist,globalopt,0.0011640917282237928,1.2473407360015998,0.2122750373273567,59641,59572,0.4080380100551128,False
gvn-hoist,strip-dead-prototypes,0.0007463948362543826,0.8047308854139459,0.42097659137002,60054,59626,0.6330815406317198,False
gvn-hoist,indvars,0.00027359326896025937,0.29363875030248254,0.7690344714970755,59842,59757,0.8805669562522069,False
gvn-hoist,mergeicmps,-0.0015742746775996852,-1.6914648620463586,0.0907506660759343,59451,59823,0.22364984792533588,False
gvn-hoist,separate-const-offset-from-gep,8.590021843507545e-05,0.09232437817422186,0.926440474984847,59849,59561,0.9687425634287479,False
gvn-hoist,libcalls-shrinkwrap,-0.0011920271153302853,-1.2811436112390662,0.20014571849721083,59527,59795,0.3927361581008572,False
gvn-hoist,flattencfg,0.000849848165811462,0.9100866766812744,0.3627786444314139,59596,59364,0.5782534867897368,False
gvn-hoist,loop-reduce,-0.002721087073314865,-2.9259837227390673,0.003434335840156179,59585,59774,0.014276920541456049,True
gvn-hoist,loop-unroll,-0.004128920980749962,-4.37067825957729,1.2396566031376383e-05,59914,59454,7.70554802839205e-05,True
gvn-hoist,loop-rotate,-0.0010948429894881428,-1.1325005223449642,0.25742633984597607,59806,59562,0.46584174992460364,False
gvn-hoist,partial-inliner,-0.0004911368153464601,-0.5246680795191733,0.5998149238359393,59802,59759,0.7767444582478631,False
gvn-hoist,lower-expect,-0.0005774763655338466,-0.6180134028224374,0.536567689933878,59219,59434,0.729583011729537,False
gvn-hoist,alignment-from-assumptions,-0.000830699870125462,-0.8877588894124583,0.3746722547174075,59384,59716,0.5909047722405831,False
gvn-hoist,rpo-function-attrs,-0.0013244643011857127,-1.4221827125906255,0.1549758307075913,59679,59611,0.33108857231365385,False
gvn-hoist,attributor,0.0041429631568577485,4.8701987977934325,1.1162820434370258e-06,59596,59904,7.531846424802818e-06,True
gvn-hoist,inferattrs,-0.003427288068043377,-3.6946684342063363,0.00022027247351516483,59453,59556,0.001171993215061665,True
gvn-hoist,called-value-propagation,0.0009007183138897701,0.969459066480932,0.3323181632171459,59636,59453,0.5500589302927221,False
gvn-hoist,licm,0.00015996373389071117,0.16296446452493848,0.8705466901005118,59481,59701,0.9370047420510429,False
gvn-hoist,loop-simplify,0.0003026223323324695,0.32375749918121555,0.7461222051139544,59251,59583,0.8690048821118584,False
gvn-hoist,div-rem-pairs,-0.0007571837647011859,-0.8134696075627462,0.4159504880243121,60008,59310,0.6284337512590651,False
gvn-hoist,float2int,0.0006593457972912664,0.7087273226074626,0.47849509330144796,59594,59503,0.6838637902804636,False
gvn-hoist,inline,-0.0009977518301045318,-1.0748832902868013,0.2824291569695778,59477,59883,0.4963177474923491,False
gvn-hoist,sink,0.00037807921261578947,0.4051791745053569,0.685346539144728,59714,59462,0.8344352361989631,False
gvn-hoist,loop-vectorize,-0.015052092673954187,-16.211718826631206,4.823701366769707e-59,59445,59382,3.0966581233229787e-57,True
gvn-hoist,slp-vectorizer,2.9394209922151138e-05,0.03163078925805991,0.9747665423946482,59505,59598,0.9901290321189955,False
gvn-hoist,callsite-splitting,-0.0003024265547935112,-0.3233643119980282,0.746419921117344,59412,59779,0.8690048821118584,False
gvn-hoist,dfa-jump-threading,0.0009250519406003854,0.9945071101092993,0.3199780703904302,59375,59475,0.5357136056643542,False
gvn-hoist,consthoist,-0.000581258606764723,-0.6224228129236791,0.5336650733376966,59926,59372,0.7281646087771497,False
gvn-hoist,mldst-motion,0.0004338695795726988,0.46398775564331607,0.6426573693706898,59334,59327,0.8086584185320692,False
gvn-hoist,slsr,0.00022792763266238358,0.2435368254214261,0.807589980117584,59585,59637,0.9033197264040157,False
gvn-hoist,loop-interchange,-0.0004585411062033029,-0.4902522694950048,0.6239563021991674,59359,59570,0.7943474900558972,False
gvn-hoist,loop-fusion,-0.00044816704549238695,-0.4788760992527342,0.6320276504848106,59893,59711,0.8009774366661871,False
gvn-hoist,loop-distribute,0.0005624736494932447,0.6026071014324361,0.5467712433013342,59650,59357,0.7373127371790719,False
gvn-hoist,loop-load-elim,0.0006847266707360466,0.7333422298004739,0.46335116224992867,59905,59669,0.6697404954180314,False
gvn-hoist,loop-sink,-0.00024128319923483188,-0.2578808310534854,0.7964993256839356,59687,59181,0.8978022100517061,False
gvn-hoist,loop-unroll-and-jam,0.00016780568232538373,0.17981136666657027,0.8573009648276868,60052,59401,0.9292987545440948,False
gvn-hoist,hotcoldsplit,-0.0009155180109043926,-0.984081867844834,0.32507725267366866,59552,60033,0.5414736348452476,False
gvn-hoist,irce,0.0002810450939970677,0.3018702944319532,0.7627514675201927,59600,59765,0.8792860602911612,False
gvn-hoist,nary-reassociate,0.00041676705914239776,0.4474639306701094,0.654540938117152,59487,59760,0.8139670732507993,False
gvn-hoist,scalarizer,-0.002958001033319335,-3.145812609719399,0.0016566691504748318,59493,59447,0.007431290255738192,True
gvn-hoist,vector-combine,-0.0007998438911167582,-0.8554928182910155,0.3922800971099403,59610,59668,0.6076617327066954,False
gvn-hoist,always-inline,-0.0008540868994083017,-0.9123588951183078,0.36158167134862323,59523,59306,0.5774689335241471,False
gvn-hoist,globalsplit,-0.001310560917502035,-1.4055694201141058,0.1598546210339695,59624,59921,0.33727946981089685,False
gvn-hoist,lowerswitch,8.746657008118497e-06,0.008708621269319889,0.993051627979886,59208,59720,0.9976372948099624,False
gvn-hoist,early-cse-memssa,6.197362135462736e-05,0.07612292269257301,0.9393214309430805,59741,59652,0.9737333090424388,False
gvn-hoist,simple-loop-unswitch,1.1938710762215976e-05,0.012825389706343665,0.9897671216067637,59535,59457,0.9963825316740582,False
gvn-hoist,loop-versioning,-0.0007741793105734418,-0.8261487183514615,0.4087213923578986,59519,59361,0.6215739698926334,False
gvn-hoist,loop-flatten,6.048727593244152e-06,0.006488204144302113,0.9948232092685454,60016,59150,0.9981367377646999,False
gvn-hoist,loop-reroll,-0.00028029416398178686,-0.301534555838145,0.7630074292904272,59532,59771,0.8793222757802568,False
gvn-hoist,loop-instsimplify,-0.0015959525347002956,-1.7086078376892646,0.08752623182413034,59159,59475,0.21803608385705753,False
gvn-hoist,loop-simplifycfg,-0.0006106819117632778,-0.656769190156616,0.5113306068538438,59409,59703,0.7113174136492343,False
gvn-hoist,loop-predication,0.0001730286525668534,0.1852942619537442,0.8529985539562042,60109,59022,0.9268292801513031,False
gvn-hoist,speculative-execution,0.0009396098027756317,1.007761947633272,0.3135708059822549,59329,59733,0.529001072241352,False
gvn-hoist,partially-inline-libcalls,-0.0008908426463775099,-0.9554450046138417,0.3393546404054157,59580,59708,0.5564961356062009,False
gvn-hoist,load-store-vectorizer,0.0018312543580882301,1.9659589612019617,0.04930566884334485,59402,59795,0.13935567543139837,False
gvn-hoist,iroutliner,0.0011912444676884792,1.2860639036866466,0.19842325657510174,59690,59623,0.39026894663390177,False
gvn-hoist,global-merge,-0.0019449695749043094,-2.0812537713790893,0.037412816151697614,59759,59296,0.11209532368022024,False
gvn-hoist,break-crit-edges,-0.009813648492350169,-10.117087849759685,4.745494303754542e-24,59509,59414,6.072992056700257e-23,True
gvn-hoist,unreachableblockelim,0.0018165495062407722,1.9482824400092198,0.051383526871080575,59514,59372,0.14413889056386214,False
gvn-sink,newgvn,0.0013838647174648222,1.7252512956877215,0.08448479386396385,59552,59366,0.21205961230349268,False
gvn-sink,early-cse,0.004020269460560888,4.5806950208380925,4.6390134488426365e-06,59509,59734,3.0277294442779608e-05,True
gvn-sink,mergereturn,-0.0012016295745166383,-1.2994766829963815,0.1937829163383388,59515,59089,0.38384112310618856,False
gvn-sink,globalopt,-0.0005966905698569502,-0.6458627132613005,0.5183695167017908,59293,59505,0.7165319546079113,False
gvn-sink,strip-dead-prototypes,0.0008348813726550275,0.9033610866465444,0.36633611560440665,59408,59497,0.5829057637161466,False
gvn-sink,indvars,-0.0008916957725962349,-0.9657297952105721,0.33418136794735587,59471,59589,0.5517092061053311,False
gvn-sink,mergeicmps,-0.002817370862775115,-3.04238283080992,0.002347644038182939,59446,59320,0.010203522811902762,True
gvn-sink,separate-const-offset-from-gep,-0.0008691783662664876,-0.9364998960451524,0.3490177747770024,59063,59427,0.5657392928631899,False
gvn-sink,libcalls-shrinkwrap,0.0002834632831537065,0.3066437033542191,0.7591151202669015,59490,59716,0.8774187753734316,False
gvn-sink,flattencfg,0.00034488852042213747,0.37228483476106056,0.7096814526539956,59417,59384,0.8485293329574394,False
gvn-sink,loop-reduce,-0.0013281128013349908,-1.4429845143714213,0.14902746279927456,59523,59611,0.32207038869865295,False
gvn-sink,loop-unroll,-0.0029990958265220247,-3.194907269306612,0.0013991231811708964,59359,59403,0.006400661655917325,True
gvn-sink,loop-rotate,-0.0008311750072062529,-0.8642403986422615,0.3874575877028288,59594,59287,0.6020967910493165,False
gvn-sink,partial-inliner,0.0012374088603077094,1.3361829785933297,0.1814920350335033,59540,59149,0.3660089964888263,False
gvn-sink,lower-expect,-7.028886261201128e-05,-0.07598096355842696,0.9394343711699858,59439,59422,0.9737333090424388,False
gvn-sink,alignment-from-assumptions,-0.0003980154676723746,-0.4298784799182409,0.6672848221102297,59199,59316,0.8235384063610651,False
gvn-sink,rpo-function-attrs,0.0008532167628443332,0.9209073440568651,0.3571006783649582,59121,59405,0.5735874718938376,False
gvn-sink,attributor,0.0016736271101636668,1.9879266107384415,0.04682209202344366,59390,59753,0.13354356326569947,False
gvn-sink,inferattrs,-0.0011114445904861214,-1.2150113426840554,0.22436417341827275,59416,59742,0.42240847065117887,False
gvn-sink,called-value-propagation,0.0008783870317737308,0.9530262845732095,0.34057869269890123,59785,59003,0.5575287828393602,False
gvn-sink,licm,-0.0008573324046505792,-0.8811797140025198,0.3782223313504368,59763,59617,0.5944796976263371,False
gvn-sink,loop-simplify,0.0003593805947327833,0.3887340757170242,0.6974735695145579,59299,59410,0.8424757860021618,False
gvn-sink,div-rem-pairs,0.0015581079964793743,1.6836902993267842,0.09224415977684153,59515,59496,0.22661739628990676,False
gvn-sink,float2int,-0.0005138682172982079,-0.5545770697449794,0.5791850195089644,59391,59559,0.7608482175099311,False
gvn-sink,inline,0.0002268474904688067,0.24640456913487468,0.8053694935618069,59673,59624,0.9026407947304051,False
gvn-sink,sink,-0.00018596790349512116,-0.20111963316026568,0.8406053746833829,59276,59610,0.9205287044910871,False
gvn-sink,loop-vectorize,-0.01447474274593702,-15.694601667709614,1.8734393847748258e-55,59036,59356,1.0189428653858635e-53,True
gvn-sink,slp-vectorizer,-0.0016463576352030995,-1.780742307541671,0.07495710765971716,59680,59363,0.19423277396529398,False
gvn-sink,callsite-splitting,-0.0006491268340803602,-0.7009054170152004,0.48336341757942264,59284,59419,0.6885598920483882,False
gvn-sink,dfa-jump-threading,0.00032615147723463744,0.3527669276407246,0.7242638063497879,59336,59309,0.8553127459788207,False
gvn-sink,consthoist,0.0007843790716537402,0.8471947103685615,0.39688830841607226,59272,59507,0.610693365719976,False
gvn-sink,mldst-motion,0.0009764665133867867,1.0518609582228944,0.2928654925888552,59406,59032,0.5069299863789025,False
gvn-sink,slsr,-2.813916306654285e-05,-0.030470887994722418,0.9756915615393148,59342,60072,0.9901290321189955,False
gvn-sink,loop-interchange,-0.0010453547907324223,-1.1253338271480189,0.2604498838558292,59150,59139,0.46957723074559254,False
gvn-sink,loop-fusion,0.0010076577555843125,1.0887995974009552,0.27624447779344574,59275,59533,0.48952314029007216,False
gvn-sink,loop-distribute,0.00031980200097958544,0.3467174374583536,0.7288042205221102,59534,59716,0.8578290735090424,False
gvn-sink,loop-load-elim,-0.0008708622938555788,-0.9395519983998857,0.34744932083987434,59383,59276,0.5650070470242015,False
gvn-sink,loop-sink,-0.001148494434129621,-1.2362583203750348,0.21636500372105064,59380,59374,0.41230430879398267,False
gvn-sink,loop-unroll-and-jam,-0.0006157715206678849,-0.6696010483303745,0.5031134421209544,60080,59197,0.704143044798305,False
gvn-sink,hotcoldsplit,-0.000298539808122944,-0.3234683335339321,0.7463411524337475,59500,59890,0.8690048821118584,False
gvn-sink,irce,-0.002697975875945946,-2.9139145498105914,0.003569938181111394,59697,59670,0.014809192708932436,True
gvn-sink,nary-reassociate,0.000547074348331289,0.5916304342427559,0.5540992152384726,59582,59238,0.7425150164417667,False
gvn-sink,scalarizer,0.00023154003702713366,0.2476190189942563,0.8044296221021153,59329,59405,0.9018455196541321,False
gvn-sink,vector-combine,0.00011893847459915063,0.12833745968574337,0.8978821395824484,59292,59138,0.9520455702843387,False
gvn-sink,always-inline,0.002411034180669347,2.5925526110150368,0.009527834871198156,59088,58986,0.034902714083827856,True
gvn-sink,globalsplit,-0.0005438601710207602,-0.588897402811668,0.55593121920901,59270,59608,0.7435931406396529,False
gvn-sink,lowerswitch,-0.0007134638177452302,-0.7161529800606123,0.4738983085925777,59074,59062,0.6794685690418513,False
gvn-sink,early-cse-memssa,0.0001849521680155619,0.22829332028376179,0.8194186100403479,59361,59453,0.9100894612489406,False
gvn-sink,simple-loop-unswitch,-0.0013134457913201447,-1.4199072186293153,0.15563732111191086,59046,59638,0.3319584692125507,False
gvn-sink,loop-versioning,-0.002834429737481048,-3.0505831623615487,0.00228447708109215,59409,59531,0.009940013610618732,True
gvn-sink,loop-flatten,0.000571179221832474,0.6186373009366837,0.5361565050376419,59673,59550,0.7295305329143176,False
gvn-sink,loop-reroll,-0.0001873421165737299,-0.20247403383796253,0.8395465018683327,59783,59321,0.9200020917058193,False
gvn-sink,loop-instsimplify,-0.0013620567144485007,-1.4702518060616987,0.14149622745996943,59309,59015,0.3118172350777942,False
gvn-sink,loop-simplifycfg,-0.0014340785281070634,-1.5594500104141982,0.11889256224355617,59436,59774,0.2766389029980784,False
gvn-sink,loop-predication,0.00036548662012608757,0.3943907879560622,0.6932932548205365,59496,58857,0.8397576201290506,False
gvn-sink,speculative-execution,0.001531755296815207,1.6615989927204788,0.0965958476054718,59498,59150,0.235388512273197,False
gvn-sink,partially-inline-libcalls,-0.0008763856619550814,-0.9470333955972993,0.3436236818091843,59678,59519,0.5601769011532414,False
gvn-sink,load-store-vectorizer,-2.898554328578662e-05,-0.03129897118309757,0.9750311635859185,59074,59450,0.9901290321189955,False
gvn-sink,iroutliner,0.0008867623567848648,0.9649999092950539,0.33454681608116466,59341,59809,0.5518472332661503,False
gvn-sink,global-merge,-0.00017144438384381067,-0.18499113971052017,0.8532363006968414,59693,59207,0.9268292801513031,False
gvn-sink,break-crit-edges,-0.010371316551508969,-10.774533828511997,4.67341711643111e-27,59352,59588,7.066062327391593e-26,True
gvn-sink,unreachableblockelim,9.123559682744364e-06,0.009833436438559311,0.9921541958371786,59554,59286,0.9971223976111236,False
newgvn,early-cse,0.002131247521855395,2.644501918685695,0.008182198453001784,59040,59912,0.0304287646172412,True
newgvn,mergereturn,-0.0013533733776622814,-1.6713464117603216,0.0946559087697382,59428,59354,0.23162061991372557,False
newgvn,globalopt,-0.0002498449444084394,-0.3084791151535067,0.7577183290239816,59386,59762,0.8765804952608307,False
newgvn,strip-dead-prototypes,-0.0016929325918831895,-2.0898327756136226,0.03663493619336305,59928,59393,0.11044065445204748,False
newgvn,indvars,-0.0020023005112270176,-2.4754226040262615,0.013309239518611479,59435,59793,0.04678544161120516,True
newgvn,mergeicmps,-0.0005094894031016373,-0.6253154584891458,0.5317652416646002,58911,59474,0.726585026642908,False
newgvn,separate-const-offset-from-gep,-0.0025759923632602266,-3.178936656878636,0.0014785413427413584,59597,59677,0.006716900113892297,True
newgvn,libcalls-shrinkwrap,0.00023651112213946002,0.29220786854790803,0.7701282038928141,59630,59695,0.8809109089457295,False
newgvn,flattencfg,-0.0011783424522806563,-1.4549168539477455,0.14569492430208839,59471,59294,0.3181814649416676,False
newgvn,loop-reduce,-0.005402443391744172,-6.696077695711864,2.150302609437407e-11,59509,60056,1.65433890344929e-10,True
newgvn,loop-unroll,-0.004986634103280763,-6.05048188419034,1.4484333428257674e-09,59400,59598,1.0722240019859556e-08,True
newgvn,loop-rotate,-0.004988112506112252,-5.909754947224469,3.4354576208006023e-09,59713,59296,2.5146265501037677e-08,True
newgvn,partial-inliner,-0.000549626088510613,-0.6764439655588533,0.49876012962915,59425,59275,0.7001071672088933,False
newgvn,lower-expect,-0.0004102153174545542,-0.5073501724238774,0.6119100817014896,59259,59662,0.785712871527947,False
newgvn,alignment-from-assumptions,-0.0011129021011463958,-1.3760893046979221,0.16879656858823436,59355,60022,0.34930449104049144,False
newgvn,rpo-function-attrs,-0.0011908817516297354,-1.4703862677541468,0.14145981546795294,59253,59641,0.3118172350777942,False
newgvn,attributor,0.008523431921438895,11.181048201787918,5.219787045555483e-29,59804,59623,8.661307656947148e-28,True
newgvn,inferattrs,-0.007370910089841087,-9.255292804313227,2.1704785963740543e-20,59234,59807,2.335053347088131e-19,True
newgvn,called-value-propagation,0.0018226798790001997,2.2549748529576097,0.024136717417462438,59590,59370,0.0775384621876808,False
newgvn,licm,-0.006838345962507264,-7.9262208828914895,2.2785743434929375e-15,59130,60123,2.014197997543644e-14,True
newgvn,loop-simplify,0.0005908850492571949,0.7276337694263352,0.4668392314687185,59757,59504,0.6718641787693868,False
newgvn,div-rem-pairs,-0.0008599253466105572,-1.062586970558939,0.2879714493032033,59253,60092,0.5014211629485745,False
newgvn,float2int,-0.0011490545946337694,-1.4169931974144598,0.15648753826071593,59254,59632,0.33268469046089233,False
newgvn,inline,-0.0006312170554726437,-0.7773453271885837,0.4369565992372426,59752,59680,0.6474165882001673,False
newgvn,sink,0.0007315620657682431,0.9012299840995411,0.3674678769543691,59471,59472,0.5835377964936372,False
newgvn,loop-vectorize,-0.021608321191284918,-26.596677490740756,2.124290367598397e-155,59339,59552,7.562473708650292e-153,True
newgvn,slp-vectorizer,-0.0011085431440340243,-1.365780648479745,0.1720104016231813,59437,59659,0.3534119123248807,False
newgvn,callsite-splitting,-0.0013006100077528338,-1.5986138704951482,0.10990907839732397,59538,59577,0.25990576751444483,False
newgvn,dfa-jump-threading,-0.0006474606285682416,-0.8017757913762195,0.42268426275799037,59849,59391,0.6341883421303794,False
newgvn,consthoist,-0.001478606410699801,-1.8168312894912222,0.06924546452823667,59222,59882,0.18263134243609527,False
newgvn,mldst-motion,-0.0006361824848380437,-0.7819042048407499,0.4342724269192498,59494,59710,0.645883336048531,False
newgvn,slsr,-0.0007906254375393273,-0.977150396669794,0.32849668550774813,59316,59835,0.5449095804368755,False
newgvn,loop-interchange,-0.0027117748837457434,-3.339699966829872,0.0008389480474057028,59278,59310,0.0040162842954043175,True
newgvn,loop-fusion,-0.0009054897881604074,-1.1137148600450413,0.265403780767469,59507,59545,0.47522688865359336,False
newgvn,loop-distribute,-0.00039349866270127487,-0.48347825989528787,0.6287570850949782,59052,59593,0.7984159308199046,False
newgvn,loop-load-elim,0.0001286476663024949,0.15835524337846457,0.8741771477538322,59724,59400,0.9388877374427408,False
newgvn,loop-sink,-0.00299795702257577,-3.6839830910001816,0.00022971898072355004,59595,59623,0.0012172930020479323,True
newgvn,loop-unroll-and-jam,-0.0008528547271869358,-1.054126567360712,0.29182710586890626,60001,59479,0.5063336050432595,False
newgvn,hotcoldsplit,-0.000874333017732043,-1.0791607999784452,0.28051823796576053,59396,59653,0.4943786768109443,False
newgvn,irce,-0.0028657854396404447,-3.5275770108798947,0.00041953926409407405,59474,59919,0.002114434695228306,True
newgvn,nary-reassociate,-0.0016744122757361701,-2.070835047997591,0.038376368924764676,59077,59760,0.1145441011504409,False
newgvn,scalarizer,-0.0018584766482712123,-2.2674705364048027,0.023363288547503726,59339,59471,0.07542509311790979,False
newgvn,vector-combine,-0.001262666444529159,-1.5546068536275386,0.12004239396272745,59389,59459,0.27803760153147244,False
newgvn,always-inline,-0.001107044953546743,-1.3576099367999994,0.17459006743893887,59360,59426,0.3566482546118334,False
newgvn,globalsplit,-0.0010795058182787587,-1.328656552410853,0.1839638495539832,59514,59674,0.3700063866735481,False
newgvn,lowerswitch,-0.0028922382613302267,-3.2550981806684667,0.0011338483016329027,59634,59348,0.005273337231822384,True
newgvn,early-cse-memssa,-6.487861699583375e-05,-0.080610790946516,0.9357516200729896,59142,59587,0.9727643600227841,False
newgvn,simple-loop-unswitch,-0.0009975382042840542,-1.2272465027178612,0.21973238839578374,59166,59731,0.4166934784299705,False
newgvn,loop-versioning,-0.0026111124543894415,-3.2080323541791937,0.0013368173582401055,59572,59837,0.006144338937638794,True
newgvn,loop-flatten,-0.0016512751408613857,-2.0379754123905167,0.041554593887892094,59647,59607,0.12253598619351314,False
newgvn,loop-reroll,-0.0019816491665574087,-2.443360450532945,0.014552635098526025,59892,59406,0.05043196375736984,False
newgvn,loop-instsimplify,-0.00036297880720759235,-0.4461992572720035,0.6554541349145812,58923,59588,0.8148439340715872,False
newgvn,loop-simplifycfg,-0.003271243594093254,-4.060845038897359,4.892658700449195e-05,59516,59858,0.00028596494732774694,True
newgvn,loop-predication,-0.0012934559435722193,-1.5949501566631477,0.11072604653552978,59361,59267,0.2615218324687181,False
newgvn,speculative-execution,0.00034541377781510674,0.4265442620980511,0.6697120727362164,59482,59739,0.8242921880495955,False
newgvn,partially-inline-libcalls,-0.0019376047972883836,-2.391609536213099,0.01677621890999912,59409,59811,0.05722619621215728,False
newgvn,load-store-vectorizer,0.0003739814115928386,0.4614994974042832,0.6444411251379056,59347,59702,0.8088794706125393,False
newgvn,iroutliner,0.000879161304196574,1.0853753012665739,0.2777576573935395,59897,59572,0.49106049045286715,False
newgvn,global-merge,-0.0015239821589521085,-1.878616591747454,0.060299306926190156,59562,59420,0.1651273328132592,False
newgvn,break-crit-edges,-0.009368810170293285,-11.012909297550934,3.416987791955305e-28,59204,59921,5.39553394891007e-27,True
newgvn,unreachableblockelim,-0.0010856717418397666,-1.3343739586664591,0.18208388870860903,59556,59207,0.3669791601558996,False
early-cse,mergereturn,-0.004174658370581508,-4.695956300490645,2.6565858636466395e-06,59301,59364,1.7662462210594636e-05,True
early-cse,globalopt,-0.0013752437083406899,-1.546052014459439,0.12209466717831173,59421,59515,0.2807532100236458,False
early-cse,strip-dead-prototypes,-0.004377257836080228,-4.922746962630138,8.545136764853312e-07,59703,59619,5.809506175549578e-06,True
early-cse,indvars,-0.0028681293268671415,-3.236511414204699,0.0012103331490688548,59860,59700,0.0056024404394251015,True
early-cse,mergeicmps,-0.00407177501976258,-4.566032576404422,4.975388440049521e-06,59629,59273,3.236481915487363e-05,True
early-cse,separate-const-offset-from-gep,-0.003289271768062485,-3.700479731963585,0.0002152892231580089,59475,59449,0.0011486002696004945,True
early-cse,libcalls-shrinkwrap,-0.0021841106184339876,-2.460159431132814,0.013888937677505417,59784,59527,0.048431950084693864,True
early-cse,flattencfg,-0.0025433385274847287,-2.8724156192421493,0.0040741910657512165,59082,59473,0.016634678035412888,True
early-cse,loop-reduce,-0.006583055068040633,-7.449527430429386,9.430346699623978e-14,59406,59890,7.890862751223825e-13,True
early-cse,loop-unroll,-0.007379235335717882,-8.209825729760684,2.236954103828362e-16,59615,59496,2.0758085949269826e-15,True
early-cse,loop-rotate,-0.005888432004842847,-6.417459229663923,1.3908372126625584e-10,59834,59661,1.0494255346409594e-09,True
early-cse,partial-inliner,-0.0012130698485116054,-1.3675561890168018,0.17145362720990495,59601,59100,0.3528178687093998,False
early-cse,lower-expect,-0.0016612933777470085,-1.8664585933318774,0.06197969445190676,59458,59312,0.16761911842104063,False
early-cse,alignment-from-assumptions,-0.004168744167437288,-4.687809508539954,2.7645121344204313e-06,59349,59279,1.834886359049222e-05,True
early-cse,rpo-function-attrs,-0.003070398192640267,-3.4749956085256652,0.0005110430144951865,59534,59823,0.002546112525143957,True
early-cse,attributor,-0.00024751785860627207,-0.3031392984216853,0.7617842357464235,59576,59570,0.8789732685013281,False
early-cse,inferattrs,-0.006063485900560717,-6.901818655998306,5.159674051654908e-12,59599,59300,4.0654494137385555e-11,True
early-cse,called-value-propagation,-0.003866677175828337,-4.362823703644948,1.2850203853648845e-05,59829,59403,7.94966797644374e-05,True
early-cse,licm,-0.008176152011697357,-8.780980310530415,1.6414522593726832e-18,59609,59464,1.639777308087609e-17,True
early-cse,loop-simplify,-0.0012605824841195323,-1.4199263260198522,0.15563174747723738,59583,59553,0.3319584692125507,False
early-cse,div-rem-pairs,-0.003047296208921968,-3.429616542737562,0.0006046393883675782,59685,59468,0.0029597098060592953,True
early-cse,float2int,-0.003237881376150553,-3.6491688212666036,0.00026320270905692866,59700,59166,0.0013816378132264513,True
early-cse,inline,-0.002289728417372572,-2.5822965710859007,0.009815701415838998,59454,59794,0.03559100624483844,True
early-cse,sink,-0.0021269314684552176,-2.3983794412353476,0.016469325787267952,59506,59547,0.05637576904103261,False
early-cse,loop-vectorize,-0.019958339664009783,-22.774164653401623,1.4543310849377886e-114,59445,59858,3.3500944285978704e-112,True
early-cse,slp-vectorizer,-0.003146992480118127,-3.5475291232808144,0.00038901233092588885,59320,59618,0.0019707274099686686,True
early-cse,callsite-splitting,-0.00356561087782159,-4.005322474061974,6.197062950280815e-05,59518,59127,0.00035793065653834323,True
early-cse,dfa-jump-threading,-0.0026636050027109004,-3.0144562393312273,0.002574944430761082,59684,59580,0.011154294680155307,True
early-cse,consthoist,-0.002640514948245909,-2.971746624522865,0.002961699010793919,59710,59775,0.012524852404178171,True
early-cse,mldst-motion,-0.0033725715796436018,-3.804257335891168,0.00014230107204057672,59843,59573,0.0007848605607195752,True
early-cse,slsr,-0.0032885735290903995,-3.7152582700295764,0.00020308888212400481,59664,59520,0.001084987806818012,True
early-cse,loop-interchange,-0.00399189142302403,-4.49153169662474,7.0779155525268716e-06,59284,59720,4.536353077527861e-05,True
early-cse,loop-fusion,-0.002510655302690623,-2.8239145925380384,0.004744890696846621,59598,59386,0.019096600173536864,True
early-cse,loop-distribute,-0.00416703742779756,-4.679214373353774,2.8829231912340178e-06,59490,59571,1.9102414918565842e-05,True
early-cse,loop-load-elim,-0.002886736197175832,-3.2492055975311356,0.0011575983897453607,59654,59580,0.005377408415471924,True
early-cse,loop-sink,-0.004144614108772093,-4.652088902400418,3.2894332154238457e-06,59230,59397,2.1759156202026655e-05,True
early-cse,loop-unroll-and-jam,-0.0034964587942153402,-3.953333747063014,7.71143590931454e-05,59795,59147,0.00043828712657294254,True
early-cse,hotcoldsplit,-0.0035303378252491413,-3.9899911940208126,6.611524936211409e-05,59462,59606,0.00037851946857023205,True
early-cse,irce,-0.005028443653801673,-5.695896087510285,1.230127723929707e-08,59754,59688,8.838862691575657e-08,True
early-cse,nary-reassociate,-0.003204622880239094,-3.6049354800538564,0.00031235790399136763,59374,59688,0.0016094652000397313,True
early-cse,scalarizer,-0.004108124844340477,-4.592296504315754,4.3884283198527726e-06,59898,59119,2.8737600837029194e-05,True
early-cse,vector-combine,-0.0017007432908082154,-1.9153074350936117,0.055455698980660086,59842,59336,0.15412669780572386,False
early-cse,always-inline,-0.0022181861534945058,-2.4997103388766693,0.012430820054133498,59838,59546,0.044013644965630004,True
early-cse,globalsplit,-0.001454947477341595,-1.6382961112827936,0.10136257559166315,59448,59867,0.24411798648029084,False
early-cse,lowerswitch,-0.004309647974570341,-4.482341549261175,7.389747371376125e-06,59246,59306,4.7207586796588754e-05,True
early-cse,early-cse-memssa,-0.0020323996052304394,-2.500040122229337,0.012419258715649044,59367,59662,0.04401250419048114,True
early-cse,simple-loop-unswitch,-0.0032489624587522248,-3.653387317396714,0.00025891481788884867,59180,59449,0.0013609535930909147,True
early-cse,loop-versioning,-0.005043541720063882,-5.659051603460236,1.5256053375327904e-08,59530,59415,1.0921883915499831e-07,True
early-cse,loop-flatten,-0.0040286521627866945,-4.542355301396824,5.56836761691118e-06,59577,59464,3.600695283283208e-05,True
early-cse,loop-reroll,-0.004523323325722417,-5.081321267144176,3.753836128527948e-07,59674,59398,2.5834837046248584e-06,True
early-cse,loop-instsimplify,-0.003907472948846857,-4.392465329365677,1.1216928098081946e-05,59319,59469,6.994504845874028e-05,True
early-cse,loop-simplifycfg,-0.004318510855852442,-4.904144817980535,9.395811314264746e-07,60017,59528,6.3547490685079005e-06,True
early-cse,loop-predication,-0.00430272739013654,-4.84553834661299,1.2642784672175833e-06,59269,59416,8.492134609989805e-06,True
early-cse,speculative-execution,-0.002297168274189576,-2.582910183033875,0.009798264112208906,59628,59417,0.03556070645357746,True
early-cse,partially-inline-libcalls,-0.002383360567376258,-2.693890862408265,0.007063312654943446,60005,59737,0.026880400735431034,True
early-cse,load-store-vectorizer,-0.0013241793843184468,-1.4900802475399308,0.1362057878008237,59631,59363,0.30388710320644335,False
early-cse,iroutliner,-0.003330894750050939,-3.782876369616234,0.00015510186857499057,59900,59742,0.0008482945772900323,True
early-cse,global-merge,-0.0042791126081171416,-4.820479269200631,1.4339091300547971e-06,59298,59120,9.598612227853992e-06,True
early-cse,break-crit-edges,-0.01223206608291294,-13.273092421195216,3.541715942930793e-40,59717,59382,1.0507090630694685e-38,True
early-cse,unreachableblockelim,-0.0025795900840548946,-2.907399692205606,0.0036451442133062675,59465,59675,0.015089201627174783,True
mergereturn,globalopt,0.0007620882023328668,0.8081608734288577,0.4189996009830762,59506,58981,0.6312902186477581,False
mergereturn,strip-dead-prototypes,0.0016451205662855184,1.7547194667887118,0.07930987670359063,59491,59566,0.20193594094360268,False
mergereturn,indvars,0.001604672078811764,1.7055226705392186,0.08809959850470332,59509,59450,0.2187685654688765,False
mergereturn,mergeicmps,0.0011297461807217024,1.1945134467742173,0.23227958034604274,59002,59225,0.4329399508020483,False
mergereturn,separate-const-offset-from-gep,0.0008212194040848053,0.8730556883836812,0.38263448949116036,59363,59446,0.598339209334552,False
mergereturn,libcalls-shrinkwrap,0.0007451739067506069,0.7913735620155586,0.42872761579891827,59234,59358,0.6408005127742611,False
mergereturn,flattencfg,0.0018637385493700531,1.9832629666384507,0.04734036843999735,59071,59423,0.13462954452507597,False
mergereturn,loop-reduce,-0.0004590764623289001,-0.49111328467952803,0.6233472310011886,59662,59443,0.7938301647481802,False
mergereturn,loop-unroll,-0.002465930348488743,-2.5949785607094475,0.009460843551447058,59625,59284,0.034689759688639216,True
mergereturn,loop-rotate,-0.0012810323389320089,-1.316280992960009,0.1880822851607645,59854,59099,0.3764040883348734,False
mergereturn,partial-inliner,0.0015685662541407575,1.6636522363060886,0.09618458940550088,59287,59275,0.23497121154831035,False
mergereturn,lower-expect,0.000447680528687211,0.4748718290062038,0.6348792048582482,59331,59471,0.8027726723360995,False
mergereturn,alignment-from-assumptions,0.000834986269094895,0.8845552043947331,0.37639836749309774,59250,59459,0.5926722987949219,False
mergereturn,rpo-function-attrs,0.0005637984107811911,0.6008872016977388,0.547916265294725,59364,59351,0.7380942878892821,False
mergereturn,attributor,0.0011459030342166887,1.3390325547830333,0.18056263691409447,59506,59303,0.36598513776169456,False
mergereturn,inferattrs,-0.0007363835586297052,-0.7872402094845742,0.43114283767325917,59167,59337,0.6431069159384375,False
mergereturn,called-value-propagation,0.0012786587605381206,1.3622559486226102,0.17311971961019126,59127,59108,0.35475500889246936,False
mergereturn,licm,-0.0017381067491353819,-1.7556438142504909,0.07915182699408843,59500,59114,0.20166464184050117,False
mergereturn,loop-simplify,-0.0008843780428816617,-0.9377861860777146,0.3483562104863667,59381,59267,0.5653389640549573,False
mergereturn,div-rem-pairs,0.00099911253157825,1.0645733546858833,0.28707120639631073,59381,59433,0.5005213019803886,False
mergereturn,float2int,0.0010507109151581262,1.1147150070367797,0.2649748296972746,59325,59141,0.4749342527792407,False
mergereturn,inline,0.0006140851215570842,0.6511728681299604,0.5149361663632259,59303,59111,0.7138017796383691,False
mergereturn,sink,0.0007092776023012726,0.7541337036056772,0.45077043710629844,59461,59260,0.6600670364239727,False
mergereturn,loop-vectorize,-0.013926127379501996,-14.858043848532224,6.843127085939732e-50,59135,59464,2.944800622916482e-48,True
mergereturn,slp-vectorizer,-9.58206889019042e-05,-0.10218120364555955,0.9186130197992464,59329,59219,0.9649156931138765,False
mergereturn,callsite-splitting,-0.00022578265273487386,-0.23964619549194188,0.8106049644772042,59145,59148,0.9051408727951902,False
mergereturn,dfa-jump-threading,0.0007981601545001271,0.8503548100558901,0.3951295659621995,59682,59148,0.6087047129457015,False
mergereturn,consthoist,0.0004951925486315623,0.5249310037908576,0.5996321354610273,59641,59136,0.7767444582478631,False
mergereturn,mldst-motion,-0.0003775784105508051,-0.40117745952925443,0.6882901965534596,59353,59421,0.836543888796818,False
mergereturn,slsr,0.001246294252017388,1.3206488854610614,0.18662100721303668,59294,59580,0.3741975751388897,False
mergereturn,loop-interchange,-0.0005202319782010578,-0.5526785932054117,0.5804845537057386,59130,59726,0.7612784702986176,False
mergereturn,loop-fusion,0.0007006020180402861,0.7475304048654824,0.45474493200951943,59370,59770,0.663233204375895,False
mergereturn,loop-distribute,0.0005332014767790438,0.5663429295671764,0.5711617549728587,59490,59033,0.7551213478979455,False
mergereturn,loop-load-elim,0.0014370365095662252,1.5265606809994914,0.12687295495493836,59298,59414,0.2900376483383179,False
mergereturn,loop-sink,0.0005229148430536124,0.5551798851344176,0.578772671843772,58946,59812,0.7608169798389429,False
mergereturn,loop-unroll-and-jam,0.0007227303089790138,0.7692794408190569,0.4417289708881731,59708,58974,0.6519713972905494,False
mergereturn,hotcoldsplit,6.854416000845465e-06,0.0073139023746178955,0.994164414462683,59526,59880,0.9977313805832564,False
mergereturn,irce,0.000270701622100189,0.28904559776369443,0.7725469895739603,59438,59096,0.881593589295468,False
mergereturn,nary-reassociate,0.00044948024196739267,0.4784219217786899,0.6323508137487232,59331,59555,0.801127721332902,False
mergereturn,scalarizer,-0.0019798061125219646,-2.0833226212056166,0.03722396347512165,59131,59440,0.11170041453530757,False
mergereturn,vector-combine,0.0002924582981681523,0.31141806867644656,0.7554833665888114,59413,59268,0.87502894515285,False
mergereturn,always-inline,0.0018814180403773917,1.992824005477083,0.04628301334457369,59064,59350,0.13248850896005157,False
mergereturn,globalsplit,-0.0005700478954207555,-0.6055021536024336,0.5448465544983088,59017,59441,0.7362384773690053,False
mergereturn,lowerswitch,-0.0007880653712338814,-0.778532401247218,0.4362567680090681,59136,59320,0.6467720198342934,False
mergereturn,early-cse-memssa,0.00028712633233052287,0.350797889801813,0.7257406038394618,59533,59038,0.8557663970597207,False
mergereturn,simple-loop-unswitch,-0.0004508565117105068,-0.48069543463361514,0.6307338628242496,59252,59376,0.8001146118625725,False
mergereturn,loop-versioning,0.0010246541912188878,1.0840005393403933,0.2783667662918625,59212,59230,0.49169339503785914,False
mergereturn,loop-flatten,0.00034402576238817817,0.3659848784876086,0.7143770118205174,59375,59255,0.8510801272555967,False
mergereturn,loop-reroll,0.0006145063952477381,0.654149788964879,0.5130165726144431,59153,59720,0.7120615770674636,False
mergereturn,loop-instsimplify,0.0008295971462693452,0.8801726193199622,0.37876759216574146,59074,59215,0.5944796976263371,False
mergereturn,loop-simplifycfg,0.0008017013439285403,0.860213419704305,0.38967313653099245,59476,59873,0.6048196601884132,False
mergereturn,loop-predication,0.0009389957430386286,0.994676580718206,0.31989562940471383,59091,58825,0.5357136056643542,False
mergereturn,speculative-execution,0.0010454512148069806,1.1121702474409312,0.26606721284289025,59323,59243,0.4761970774646975,False
mergereturn,partially-inline-libcalls,0.0024266451528970334,2.5861415277050996,0.009706880994118951,59312,59928,0.03536013578880913,True
mergereturn,load-store-vectorizer,0.0018900003069151072,2.0096779922148174,0.044467538470545825,59288,59470,0.1283234197867778,False
mergereturn,iroutliner,0.0029232577814879424,3.1200336354741762,0.0018087378947990145,58962,59557,0.008030632195048687,True
mergereturn,global-merge,0.0008999986755670597,0.9555142634295504,0.33931964368086115,59384,59197,0.5564961356062009,False
mergereturn,break-crit-edges,-0.008596903354160357,-8.803123134771857,1.3479930812255388e-18,59020,59540,1.3535233092510795e-17,True
mergereturn,unreachableblockelim,0.001975198532654987,2.1041717979856407,0.0353655542651998,59684,59410,0.10702589683347946,False
globalopt,strip-dead-prototypes,-0.0003620466827169433,-0.3863033381126145,0.6992727186173086,59626,59482,0.843681197632393,False
globalopt,indvars,-0.00047457307865822473,-0.5062665555232432,0.6126704723402485,59605,59855,0.7860997703460516,False
globalopt,mergeicmps,-0.00130212718537287,-1.3848257190690387,0.16610836679005384,59423,59311,0.3463686711128066,False
globalopt,separate-const-offset-from-gep,-0.0005974914172746648,-0.6397778699489465,0.5223182523713896,59344,59772,0.7207182086985067,False
globalopt,libcalls-shrinkwrap,-0.0004974588762776677,-0.5298520480149606,0.5962155028057584,59671,59462,0.7733620102641107,False
globalopt,flattencfg,0.00012991108784410343,0.13824429346415376,0.8900475848210061,58998,59572,0.947899467543938,False
globalopt,loop-reduce,-0.003203646687667705,-3.435224811551633,0.0005922639786152961,59305,59898,0.0029027606261045054,True
globalopt,loop-unroll,-0.0028599238648515657,-3.0096987467313885,0.0026156197701615383,59055,59340,0.011243432513669138,True
globalopt,loop-rotate,-0.001375395495204934,-1.4140268218023242,0.1573566453912621,59592,59324,0.333398719575741,False
globalopt,partial-inliner,0.0010575304860067636,1.1253406206997048,0.2604469970632569,59081,59703,0.46957723074559254,False
globalopt,lower-expect,-0.0004836206720896796,-0.5169041266131864,0.605224049248344,59339,59448,0.7801295568184893,False
globalopt,alignment-from-assumptions,-0.0014386986067907448,-1.5321851965623077,0.12547940382281994,59111,59710,0.2878601906093514,False
globalopt,rpo-function-attrs,-0.0009987774971182972,-1.0687484752392573,0.2851851971780262,59333,59277,0.4987672938578,False
globalopt,attributor,0.002317390827339616,2.7015488412690427,0.00690271407177837,59422,59322,0.026371734931789362,True
globalopt,inferattrs,-0.002590397719914428,-2.7801412292970427,0.005434382217134136,59272,59336,0.021431058169483663,True
globalopt,called-value-propagation,-0.0008206597898606782,-0.8741993529152471,0.3820114642529447,59513,59381,0.5979044340585657,False
globalopt,licm,-0.0014790426972983162,-1.4984261671276642,0.13402522243511558,59292,59360,0.30128746903324494,False
globalopt,loop-simplify,0.00032970549925892545,0.35121743220433466,0.7254258565023592,59216,59485,0.8557663970597207,False
globalopt,div-rem-pairs,-0.0007232132765709332,-0.7701384537972753,0.4412192991533176,59469,59330,0.6515138670755625,False
globalopt,float2int,0.0008883832488256749,0.9504985443060352,0.3418609278412818,59244,59499,0.5585012071032371,False
globalopt,inline,-0.0001787398053871847,-0.1908926400218684,0.84861003170694,59354,59831,0.9259283600346551,False
globalopt,sink,0.0012566480977826977,1.341988884554955,0.17960216783312954,59293,59357,0.36443843417403987,False
globalopt,loop-vectorize,-0.015575758408791274,-16.74382654703728,7.415199856009772e-63,59421,59688,5.6447074291168744e-61,True
globalopt,slp-vectorizer,-0.00040034904514024694,-0.4264773131072282,0.6697608483693379,59390,59462,0.8242921880495955,False
globalopt,callsite-splitting,0.0003616136965070571,0.38497456696181426,0.7002569487510181,59428,59231,0.8437557573258421,False
globalopt,dfa-jump-threading,-0.0010682740436981364,-1.1416973408019246,0.25358214538027274,59431,59496,0.4611709803071642,False
globalopt,consthoist,-0.0005195113194089718,-0.5528940638241181,0.5803369863296537,59697,59851,0.7612784702986176,False
globalopt,mldst-motion,-0.0025342490905113646,-2.6962295295047403,0.007013919582167813,59410,59489,0.0267183940503591,True
globalopt,slsr,-0.001025959668060461,-1.093619166350705,0.27412425854103417,59113,59621,0.48705562452209156,False
globalopt,loop-interchange,-0.0005424152616993472,-0.5792963392821547,0.5623903341450038,59283,59464,0.7483250249785373,False
globalopt,loop-fusion,0.0009882790645718842,1.0513790364211977,0.2930866787670766,59368,59427,0.5069467464893428,False
globalopt,loop-distribute,-0.0020071656132891746,-2.1366293426825473,0.03263018671748329,59140,59735,0.10029812494950122,False
globalopt,loop-load-elim,-0.0006852678067582052,-0.7271888850167523,0.46711168835187344,59356,59364,0.6720093209353183,False
globalopt,loop-sink,-6.146992258371231e-05,-0.06524460122845527,0.9479793600062512,59471,59211,0.9766261680775056,False
globalopt,loop-unroll-and-jam,-0.0014254970494098074,-1.5223844460168263,0.12791543116990328,59821,59441,0.2917395622954812,False
globalopt,hotcoldsplit,-0.0013782836323529835,-1.478254859302318,0.13934222063676996,59338,59734,0.30933341043854373,False
globalopt,irce,-0.0020563282681270723,-2.202494240549592,0.02763232435364734,59460,59641,0.087054048406181,False
globalopt,nary-reassociate,-0.0015872127157224303,-1.6916543123024994,0.09071452376795495,59722,59229,0.22364984792533588,False
globalopt,scalarizer,-0.002732059391898356,-2.8947134784622928,0.003795738990002967,59394,59330,0.015613565005096239,True
globalopt,vector-combine,-0.0016439614860835339,-1.7530187493741571,0.07960137156929513,59379,59253,0.20254643993850532,False
globalopt,always-inline,7.541778262959431e-05,0.07994269938102569,0.9362829639759673,59288,59495,0.9729462203518261,False
globalopt,globalsplit,-0.002586443060022592,-2.762288253287922,0.005740660624423316,59197,59541,0.022457969036205498,True
globalopt,lowerswitch,-0.002499497723163324,-2.4710651245137973,0.01347252373712806,59230,59293,0.04727455461881137,True
globalopt,early-cse-memssa,-0.0008719417278662545,-1.0629217450191624,0.2878195982197125,59235,59759,0.5013796915606735,False
globalopt,simple-loop-unswitch,-0.0015176853676369673,-1.6200835913976677,0.10521697418055105,59498,59379,0.2513908913307126,False
globalopt,loop-versioning,-0.0019254731081362886,-2.0500993454464966,0.040356920465778524,59609,59572,0.11972553071514296,False
globalopt,loop-flatten,-0.0010509125005915831,-1.1193874498488956,0.2629771413793247,59607,59437,0.47282758753050297,False
globalopt,loop-reroll,-0.0004897362278238893,-0.5211030148140435,0.6022959850139006,59028,59447,0.7786698835636958,False
globalopt,loop-instsimplify,-0.0021558264443603536,-2.2960193900787065,0.02167651213182972,59013,59352,0.07103365816589555,False
globalopt,loop-simplifycfg,-0.0008871592368217551,-0.9514861343022812,0.34135958524423543,59304,59803,0.5581825070658497,False
globalopt,loop-predication,-0.0012144956011650443,-1.28696787748147,0.19810799665096054,59335,59269,0.3898446808468148,False
globalopt,speculative-execution,-0.0010539554453450894,-1.1203181547130951,0.26258047270099133,59457,59368,0.4723312499297575,False
globalopt,partially-inline-libcalls,-0.001626032826472057,-1.735379499513908,0.08267619406104873,59073,60133,0.2082057723106539,False
globalopt,load-store-vectorizer,0.000934325530151936,0.9940345481177858,0.32020807200457074,59353,59500,0.535750072564413,False
globalopt,iroutliner,-0.0008615565468702013,-0.9242475811046595,0.35535930380853853,59595,59298,0.572198615836446,False
globalopt,global-merge,-0.0006606236941787413,-0.7010368881037505,0.48328137176657443,59201,59266,0.6885598920483882,False
globalopt,break-crit-edges,-0.011206136716405635,-11.494933489152473,1.4520492007139187e-30,58884,59989,2.6695890469463407e-29,True
globalopt,unreachableblockelim,-0.0006361115935895612,-0.6761002417822641,0.49897832065373376,59299,59383,0.7001071672088933,False
strip-dead-prototypes,indvars,-0.001265948334942757,-1.3479176832458881,0.17768741597354643,59927,59531,0.3614669719233287,False
strip-dead-prototypes,mergeicmps,-0.00041160264436379546,-0.4369096589400706,0.6621776599580587,59192,59749,0.820154145939349,False
strip-dead-prototypes,separate-const-offset-from-gep,0.001145428272010529,1.2230363574736114,0.2213183691661694,59875,59979,0.4186873109443089,False
strip-dead-prototypes,libcalls-shrinkwrap,0.0009523685915150959,1.01633389988693,0.3094724706897612,59757,59616,0.5244025076681544,False
strip-dead-prototypes,flattencfg,0.001198469431842708,1.27833494984692,0.20113385103921233,59247,59373,0.3933106663345167,False
strip-dead-prototypes,loop-reduce,-0.0025963417354519236,-2.772188573073091,0.005568941561923932,59529,59580,0.021829804961455573,True
strip-dead-prototypes,loop-unroll,-0.0032781407391834216,-3.451085497873311,0.0005585302337979585,59628,59456,0.0027546654855828785,True
strip-dead-prototypes,loop-rotate,-0.0014490708619179227,-1.4912240312080878,0.13590533128458426,59740,59526,0.303423761294431,False
strip-dead-prototypes,partial-inliner,0.00010238155610620137,0.10927834235756606,0.9129819074324756,59871,59670,0.9616022456981104,False
strip-dead-prototypes,lower-expect,-0.0009482466741836393,-1.0097501866817253,0.3126170374638925,59793,59610,0.5285873569553554,False
strip-dead-prototypes,alignment-from-assumptions,-0.0011112209179371946,-1.1853090387952436,0.23589764478192418,59224,59956,0.43760074702321894,False
strip-dead-prototypes,rpo-function-attrs,-0.0005318974446982816,-0.5685146818653932,0.5696866094681445,59696,59597,0.7541895749416003,False
strip-dead-prototypes,attributor,0.0027077148441374543,3.1579874297220325,0.0015890190217973772,59877,59672,0.007160642680504637,True
strip-dead-prototypes,inferattrs,-0.001493747839627746,-1.6086240767568754,0.10770121491709508,59589,59599,0.2560764769977804,False
strip-dead-prototypes,called-value-propagation,0.00030631699452238204,0.3279875433224341,0.7429216568711492,59494,59774,0.867665138176982,False
strip-dead-prototypes,licm,-0.002614952812545923,-2.6479429563293766,0.008099383154719383,59487,59951,0.03017810126915424,True
strip-dead-prototypes,loop-simplify,1.0191514066448804e-05,0.010843689332785806,0.9913481754031901,59534,59662,0.9971223976111236,False
strip-dead-prototypes,div-rem-pairs,-0.0018226947320078013,-1.9489661016311266,0.05130180649595491,59904,59763,0.1440424940993516,False
strip-dead-prototypes,float2int,0.0007017538036788729,0.7499903072396471,0.4532620215109097,60006,59310,0.6620567236988895,False
strip-dead-prototypes,inline,-0.0009730242066827155,-1.0402782161227955,0.2982127705323998,59778,59496,0.5115204596604808,False
strip-dead-prototypes,sink,0.0013237204289034965,1.4138131914177277,0.1574193647843578,59848,59635,0.333398719575741,False
strip-dead-prototypes,loop-vectorize,-0.013087402512049762,-14.069603040812014,6.341930937430247e-45,59701,60087,2.1595653522588562e-43,True
strip-dead-prototypes,slp-vectorizer,0.0005749385389877681,0.6165719530673406,0.5375182728096344,59650,59917,0.7303683401535491,False
strip-dead-prototypes,callsite-splitting,0.00043061756712575727,0.458020805653219,0.6469383304286193,59288,59661,0.8088794706125393,False
strip-dead-prototypes,dfa-jump-threading,-0.0002503002853893599,-0.268385325009039,0.7884031972490492,59685,59885,0.891659503586376,False
strip-dead-prototypes,consthoist,0.0012262662217997766,1.30669538453412,0.1913186981400555,59923,59758,0.38185729965160925,False
strip-dead-prototypes,mldst-motion,-0.0007253890131588836,-0.7716238216313726,0.4403387870799931,59733,59754,0.6507044113982086,False
strip-dead-prototypes,slsr,0.0005416532282553344,0.5774208515657251,0.5636562811534281,59684,59647,0.7484835527286622,False
strip-dead-prototypes,loop-interchange,-0.0002976878740263422,-0.3178780762489721,0.7505779805102798,59522,59610,0.8716676665712502,False
strip-dead-prototypes,loop-fusion,-0.00010010074650823597,-0.10685246473624747,0.9149062041554438,59414,60153,0.9631109396432037,False
strip-dead-prototypes,loop-distribute,-0.0009891777828418546,-1.0560329038678062,0.29095531481933756,59665,59975,0.5052687418326057,False
strip-dead-prototypes,loop-load-elim,0.0011801405337634185,1.2567288791953848,0.20885429463575325,59511,59468,0.40348959930617156,False
strip-dead-prototypes,loop-sink,-7.76010135750127e-06,-0.008278716612107816,0.9933946291397939,59563,59629,0.9976686274672043,False
strip-dead-prototypes,loop-unroll-and-jam,-0.0007969419333911931,-0.8527789950093533,0.39378358635554483,59868,59442,0.6083329722588907,False
strip-dead-prototypes,hotcoldsplit,0.0018545779726533151,1.9906042015764096,0.046526679582257244,60052,60097,0.13308873429081036,False
strip-dead-prototypes,irce,-0.0008794559521959622,-0.9381780869330246,0.3481547924827398,59828,59758,0.5653389640549573,False
strip-dead-prototypes,nary-reassociate,0.00012599406491464737,0.13395981352266922,0.893434578323617,59799,59371,0.9494409250245004,False
strip-dead-prototypes,scalarizer,-0.001371142880335685,-1.4471606776314336,0.14785456314908033,59373,59608,0.3211305986088733,False
strip-dead-prototypes,vector-combine,-0.0001068827306963116,-0.1135311085948342,0.9096096931453399,59585,59294,0.9595479315439909,False
strip-dead-prototypes,always-inline,0.00043521170731281034,0.4643478428524674,0.6423993998374192,59584,59631,0.808626181216115,False
strip-dead-prototypes,globalsplit,-0.003282466564243025,-3.5041553367900784,0.0004582256514515508,59515,59960,0.0022946440550949783,True
strip-dead-prototypes,lowerswitch,0.000273082449221862,0.27073649630913854,0.7865941737066018,59764,59395,0.890999157031082,False
strip-dead-prototypes,early-cse-memssa,-0.00028388596711809155,-0.3476830699468335,0.7280788243403304,59826,59793,0.8572329152485672,False
strip-dead-prototypes,simple-loop-unswitch,-0.0011893658104208393,-1.2714129493318578,0.20358426179885752,59653,59418,0.3964375779235833,False
strip-dead-prototypes,loop-versioning,-0.002572490477622369,-2.724121833642779,0.006448209728775048,59592,59834,0.02482909468818396,True
strip-dead-prototypes,loop-flatten,-0.00021452263364069024,-0.22996389063858924,0.8181202217999293,59866,59844,0.9100894612489406,False
strip-dead-prototypes,loop-reroll,-7.593716228115888e-05,-0.08101866656938773,0.9354272428728839,59586,60246,0.9727643600227841,False
strip-dead-prototypes,loop-instsimplify,-0.00018020004334290407,-0.1925728955517105,0.8472938027086446,59472,59423,0.9247498693999588,False
strip-dead-prototypes,loop-simplifycfg,-0.0013945522980732816,-1.4912930320739064,0.13588721832638737,59671,59779,0.303423761294431,False
strip-dead-prototypes,loop-predication,-0.00019262502191930153,-0.20517172897226874,0.8374383075012632,59801,59226,0.9192104615506348,False
strip-dead-prototypes,speculative-execution,0.0013408352795058476,1.4309983380217095,0.15243330948414976,59610,59753,0.3268687047673362,False
strip-dead-prototypes,partially-inline-libcalls,-0.00043748890429762266,-0.46732847779622794,0.6402657348856577,59899,59901,0.807409546099884,False
strip-dead-prototypes,load-store-vectorizer,-0.0008887593781599645,-0.9471853667331093,0.3435462523559148,59404,59720,0.5601769011532414,False
strip-dead-prototypes,iroutliner,0.00045801099030201575,0.4919081131030246,0.6227852048803094,59894,59797,0.7935030876682381,False
strip-dead-prototypes,global-merge,0.0015027443829328524,1.6018978154610433,0.10918086460733767,59601,59327,0.2589656364641637,False
strip-dead-prototypes,break-crit-edges,-0.010189419031783165,-10.48376333487648,1.0525830680956157e-25,59723,59447,1.4513786248811378e-24,True
strip-dead-prototypes,unreachableblockelim,-0.0003884177063004368,-0.4139013378042455,0.6789471108031258,59149,59742,0.8303425627436103,False
indvars,mergeicmps,-0.0008095976481110045,-0.8623147581926313,0.3885160639684151,59726,59787,0.6035021445856064,False
indvars,separate-const-offset-from-gep,-0.0004326327589384005,-0.46037962387106396,0.6452445948518957,59686,59888,0.8088794706125393,False
indvars,libcalls-shrinkwrap,0.0009578620110316516,1.0263912418875663,0.3047092742564414,60030,59935,0.5192521836328219,False
indvars,flattencfg,0.0007143294579248227,0.7622911049669349,0.44588778660005873,59776,59695,0.6556877853270109,False
indvars,loop-reduce,-0.0041070969796376255,-4.407174838023734,1.0481858261006086e-05,60016,59653,6.588596621203826e-05,True
indvars,loop-unroll,-0.004174681234353328,-4.40559425126681,1.0558538938049839e-05,60300,59830,6.615558157024507e-05,True
indvars,loop-rotate,-0.0010394125848580127,-1.0716952584517627,0.2838590983841071,59848,59504,0.49757933270911525,False
indvars,partial-inliner,0.0005924994930980865,0.6320647211936622,0.5273457997181303,59538,59580,0.7240835033997891,False
indvars,lower-expect,0.0013409282202423989,1.4242662847143397,0.15437201928713376,59898,59417,0.32997861764651515,False
indvars,alignment-from-assumptions,-0.0013526512180672134,-1.4445913042615541,0.14857534422032806,59363,59886,0.3216198947133778,False
indvars,rpo-function-attrs,-0.0012530694840596768,-1.337802455545304,0.18096339212490803,59719,59550,0.3660089964888263,False
indvars,attributor,0.0018538156984267418,2.168071497895077,0.03015520835324355,59840,60029,0.09379491335290051,False
indvars,inferattrs,-0.0017826626702855397,-1.9139618072721982,0.05562742948909351,59581,59550,0.15449433608460295,False
indvars,called-value-propagation,0.001077890276294624,1.150424513175966,0.24997137347001366,59724,59652,0.4563579946426916,False
indvars,licm,-0.0003678670764511449,-0.3740511848940139,0.7083668978390445,59759,59993,0.8485293329574394,False
indvars,loop-simplify,0.0008577805759658053,0.9141865938844829,0.3606206585520808,59554,59518,0.5764042852612035,False
indvars,div-rem-pairs,0.000899917012129714,0.9606206206276754,0.3367448964596584,60292,59501,0.5542005379006314,False
indvars,float2int,-2.9633868740885916e-05,-0.03170178768461605,0.9747099221965545,59878,59599,0.9901290321189955,False
indvars,inline,-1.7446976434021266e-05,-0.018693777267560836,0.9850854235174137,59877,60017,0.993755778211414,False
indvars,sink,0.0017801819879769698,1.896544112899665,0.057890544579598545,59669,59704,0.15931087320710324,False
indvars,loop-vectorize,-0.014520008772609727,-15.660722187690917,3.18598702065594e-55,59858,59726,1.7090856401217345e-53,True
indvars,slp-vectorizer,-0.0005538103958068752,-0.5923666096095287,0.553606240309806,59759,59862,0.7421848808809313,False
indvars,callsite-splitting,9.173375722859589e-05,0.09770984211813477,0.9221628640365144,59711,59728,0.9658807691671201,False
indvars,dfa-jump-threading,-0.0005297447962137047,-0.566880507922867,0.5707964334689986,59611,59822,0.7548932230545756,False
indvars,consthoist,0.0009819857331327397,1.0472487509177295,0.29498698514041255,59875,59582,0.5094313804697183,False
indvars,mldst-motion,-0.0011146541848911506,-1.1892375431865605,0.23434856258972778,60173,59608,0.43536940234150656,False
indvars,slsr,-0.0005739406961402516,-0.6126119169700674,0.5401341427417864,59496,59975,0.7329055103869838,False
indvars,loop-interchange,-0.0012170835470228791,-1.3016135793882337,0.19305103266019272,59541,59577,0.38336097560715754,False
indvars,loop-fusion,0.00042950524406298873,0.4585716928157291,0.6465426044805604,59535,59641,0.8088794706125393,False
indvars,loop-distribute,0.00016410495784902057,0.1746323529616736,0.8613688226680323,58978,59892,0.9308822091370301,False
indvars,loop-load-elim,-4.875749544885899e-06,-0.005204680596907865,0.9958472931694841,59320,59838,0.9981412848865369,False
indvars,loop-sink,0.00020881239044412414,0.22307175877149835,0.8234800392437815,59770,59684,0.9120776040772854,False
indvars,loop-unroll-and-jam,-0.001133438383305596,-1.210064487022113,0.2262565409733178,60016,59569,0.424949934988735,False
indvars,hotcoldsplit,-3.626496074993213e-05,-0.03891289723103714,0.9689598989214039,59815,59581,0.987979683361407,False
indvars,irce,-0.00017110533187403298,-0.18317336628058417,0.8546623010586704,59759,60178,0.9273642479761023,False
indvars,nary-reassociate,-0.0028063691575486716,-2.9905044326232435,0.002785738911203778,59309,60097,0.011819017959126755,True
indvars,scalarizer,-0.0032757055021931936,-3.4666467141732484,0.0005271793176080468,59862,59533,0.0026165199084323336,True
indvars,vector-combine,-0.00029302792486352036,-0.31264061424136175,0.754554264011922,59954,59482,0.8744701088696912,False
indvars,always-inline,-0.00015212613563481137,-0.16189095609332255,0.8713919986029278,59958,59545,0.9372071042375901,False
indvars,globalsplit,-0.00017568146921692618,-0.18792514939786858,0.8509356475291157,59686,59504,0.9265217284038805,False
indvars,lowerswitch,-0.0008241769139079591,-0.8175405629231636,0.4136212127362921,59483,59707,0.62586579176017,False
indvars,early-cse-memssa,0.0010027744245341141,1.217716111767674,0.22333428204636893,59591,59681,0.4212798884843838,False
indvars,simple-loop-unswitch,-0.0005116570619717042,-0.5462149961560133,0.5849191784586026,59775,59767,0.7644086245105777,False
indvars,loop-versioning,-0.001959063510481862,-2.076535331649978,0.03784659893157437,59820,59676,0.11330831912541683,False
indvars,loop-flatten,0.0003213624433661688,0.3442405940198057,0.7306659621374834,60203,59291,0.8584722195410694,False
indvars,loop-reroll,-0.00034848210577936856,-0.37205517941206806,0.7098524246089304,59847,59908,0.8485293329574394,False
indvars,loop-instsimplify,-0.0003862307408604715,-0.41236032532395184,0.6800760798472681,59496,59756,0.8313924265743613,False
indvars,loop-simplifycfg,0.0004811243596170023,0.5152415685749442,0.6063851764448787,60084,59600,0.7811198522888635,False
indvars,loop-predication,-0.0005190780644554471,-0.5532642081163411,0.5800835424562141,59978,59361,0.7612784702986176,False
indvars,speculative-execution,0.0013638949627668984,1.456765716644847,0.14518368778617685,60052,59586,0.31761973260931203,False
indvars,partially-inline-libcalls,-6.468332360409779e-05,-0.06893154204908188,0.9450442263564949,59907,59883,0.9759819113896417,False
indvars,load-store-vectorizer,0.0005441972378893989,0.578211179087225,0.5631226429955066,59643,59738,0.7484835527286622,False
indvars,iroutliner,0.0011804563442099902,1.2734059466605105,0.2028764965435743,60163,59761,0.3954526433373006,False
indvars,global-merge,0.002389451202849613,2.553384677596898,0.010669389893620197,60074,59512,0.03843728686606871,True
indvars,break-crit-edges,-0.008482629718394141,-8.744615931720517,2.2659802672972334e-18,60013,59599,2.2464756270217632e-17,True
indvars,unreachableblockelim,-0.0006491542158307273,-0.6904373371024658,0.48992054890364695,59526,59597,0.6932410109230864,False
mergeicmps,separate-const-offset-from-gep,0.000393322951245334,0.4186568775868659,0.675467670590135,59949,59092,0.8277061352328503,False
mergeicmps,libcalls-shrinkwrap,0.0005632550464389485,0.5992948101374879,0.5489774465339442,59755,59512,0.7391961127477346,False
mergeicmps,flattencfg,1.3669640519520243e-06,0.0014586097192700387,0.9988362006888112,59430,59262,0.9990925656340707,False
mergeicmps,loop-reduce,-0.0021504234707395153,-2.2876151908620352,0.02216168652167498,59497,59508,0.07208781421457718,False
mergeicmps,loop-unroll,-0.002132935493298127,-2.239129498224412,0.025149329215059045,59916,59238,0.08019932671512314,False
mergeicmps,loop-rotate,0.0014105906744381058,1.4425832168950246,0.14914054788237646,59836,59150,0.32213700248614796,False
mergeicmps,partial-inliner,-3.055879644225934e-05,-0.03235382925233925,0.9741899364621829,59642,59172,0.9901188142190263,False
mergeicmps,lower-expect,0.0006470705578316416,0.6887982482624547,0.49095158534581285,59547,59092,0.6933164111843503,False
mergeicmps,alignment-from-assumptions,-5.789308284026573e-05,-0.06141132958812957,0.9510317330197139,59628,59143,0.9775245399572909,False
mergeicmps,rpo-function-attrs,-0.0001744325173718142,-0.18558857646937726,0.8527677301713292,59445,59088,0.9268292801513031,False
mergeicmps,attributor,0.003000759402652209,3.467427299384231,0.0005256508755555991,59706,59614,0.0026122447064412767,True
mergeicmps,inferattrs,-0.00241816132127598,-2.5873697937446973,0.0096723499594253,59614,59190,0.03530002091436111,True
mergeicmps,called-value-propagation,0.0011072273380484665,1.1832468824341884,0.23671367813330677,60064,59132,0.43828404896928097,False
mergeicmps,licm,-0.0005353377142484073,-0.5438340820104367,0.5865566716416101,59583,59466,0.7660673877248542,False
mergeicmps,loop-simplify,0.0006681182873503055,0.7072780920038347,0.47939506369472906,59610,59276,0.684650280608519,False
mergeicmps,div-rem-pairs,0.00047115891253934894,0.5013279380485856,0.6161412753382783,59558,59225,0.788573415628369,False
mergeicmps,float2int,-5.008549989349298e-05,-0.05339175022617239,0.9574198679056557,59556,59347,0.981308860984925,False
mergeicmps,inline,0.0006074602783574523,0.648637318288703,0.5165740804904662,59771,59187,0.7153126234797261,False
mergeicmps,sink,0.0013486681458551586,1.4349725205081487,0.15129756366731323,59509,59167,0.3258928597129249,False
mergeicmps,loop-vectorize,-0.01459586545732322,-15.521947797703376,2.7876985135301526e-54,59162,59447,1.3995676126902664e-52,True
mergeicmps,slp-vectorizer,-7.063459317108167e-05,-0.07506279967787348,0.9401648726990453,59232,59135,0.9737333090424388,False
mergeicmps,callsite-splitting,-1.4904049780439799e-06,-0.0015842491530591498,0.9987359552503163,59432,59316,0.9990925656340707,False
mergeicmps,dfa-jump-threading,0.0003944454882634507,0.42086155236555245,0.673856945841755,59283,59094,0.8269582575732725,False
mergeicmps,consthoist,0.000790150965374492,0.837786940026879,0.40215205825806627,59491,59459,0.6156976854413247,False
mergeicmps,mldst-motion,0.0003883302690128043,0.4118604230176098,0.6804424737412738,59428,59362,0.8313924265743613,False
mergeicmps,slsr,-0.0019139755120464175,-2.038744643699159,0.04147772294116595,59710,59405,0.12246081644220172,False
mergeicmps,loop-interchange,-0.001134736972594974,-1.204556357816958,0.2283770219154776,59426,58941,0.42748670095110347,False
mergeicmps,loop-fusion,-0.0009767460163081498,-1.0403787860761058,0.2981660621834757,59575,59723,0.5115204596604808,False
mergeicmps,loop-distribute,0.0006541304147533733,0.6944014769974307,0.4874318236727948,59559,59416,0.6924721596750325,False
mergeicmps,loop-load-elim,0.0010498394328995464,1.1185676263399975,0.26332690256177377,59700,59152,0.47302208735408535,False
mergeicmps,loop-sink,-0.0004904921785610639,-0.5217810818297627,0.601823732925847,59606,59552,0.7785609799004858,False
mergeicmps,loop-unroll-and-jam,-0.0015018744007030405,-1.5995408555831134,0.10970313428996604,59801,59177,0.25957551291813113,False
mergeicmps,hotcoldsplit,-0.00035745852487112373,-0.3810501271904476,0.7031667338967323,59721,59216,0.8464361591457445,False
mergeicmps,irce,-0.0009125049743844427,-0.9724764208156301,0.3308155646161445,59343,59777,0.5480007407093155,False
mergeicmps,nary-reassociate,-0.0009552792564881951,-1.0173662285083123,0.3089813121013634,59509,59362,0.5237968909908828,False
mergeicmps,scalarizer,-0.0028052382604977777,-2.9459483247214195,0.003220287521778672,59362,59320,0.013501762243346125,True
mergeicmps,vector-combine,-0.001326736868053735,-1.4114563469467214,0.15811271195090712,59748,59308,0.3346861513512175,False
mergeicmps,always-inline,0.0015937927336638347,1.6946556124150969,0.09014339690733043,59423,59141,0.2229678816946646,False
mergeicmps,globalsplit,-0.0012842736333704696,-1.360747967084859,0.1735959283748804,59481,59492,0.35517327874400817,False
mergeicmps,lowerswitch,-0.0005457756921649626,-0.5406876471401532,0.5887239074753562,59706,59168,0.7674942711898521,False
mergeicmps,early-cse-memssa,-0.0002875480717799417,-0.34976628067771537,0.7265147261203867,59679,59283,0.856163607429261,False
mergeicmps,simple-loop-unswitch,-0.0006783283528882245,-0.7220117758675113,0.4702886597563013,59509,59202,0.675835006093826,False
mergeicmps,loop-versioning,-0.0022522543747837687,-2.378156862570771,0.017400997296292207,59359,59219,0.059026924639476244,False
mergeicmps,loop-flatten,-0.00016691498703597096,-0.17729887766098038,0.8592739337782888,59702,59423,0.9295350068165135,False
mergeicmps,loop-reroll,-0.0007151114805643566,-0.7586973406231035,0.4480351319260816,59719,59205,0.6575382953356429,False
mergeicmps,loop-instsimplify,-0.00023058475254045252,-0.24465085787805788,0.8067272057950517,59215,59102,0.9028704595294148,False
mergeicmps,loop-simplifycfg,-0.001127495555426128,-1.2042544619064484,0.22849363498184808,59625,59483,0.42748670095110347,False
mergeicmps,loop-predication,-0.00027460051655026074,-0.29068791878001543,0.7712905209453051,59539,58978,0.8809817864171146,False
mergeicmps,speculative-execution,-0.000591947213278321,-0.6280648593291795,0.5299626628467016,59459,59018,0.7251340977315456,False
mergeicmps,partially-inline-libcalls,0.0009012288685325553,0.960184896659258,0.3369641166346791,59581,59485,0.5542005379006314,False
mergeicmps,load-store-vectorizer,-0.000728250454950452,-0.7743187873961533,0.43874383821856994,59402,59320,0.6490823084487797,False
mergeicmps,iroutliner,0.0011944382464619818,1.2844233369767815,0.1989963572029773,60071,59650,0.39119966606770035,False
mergeicmps,global-merge,-0.00042881313499909535,-0.4556366365122941,0.6486521263385219,59555,59245,0.8089559639304624,False
mergeicmps,break-crit-edges,-0.009824729608322924,-10.061256311837987,8.377264903962996e-24,59141,59316,1.04809486785684e-22,True
mergeicmps,unreachableblockelim,-0.0003934848007184355,-0.4160572472994441,0.6773688681538768,59474,58802,0.8292949116381837,False
separate-const-offset-from-gep,libcalls-shrinkwrap,-0.0018830140972495024,-2.0106665148260268,0.044362936954834196,59579,59839,0.12821052480821454,False
separate-const-offset-from-gep,flattencfg,0.00036745315064157236,0.3927550285919401,0.6945011256737201,59425,59697,0.8404719254499388,False
separate-const-offset-from-gep,loop-reduce,-0.0025608845111253498,-2.7423387977423745,0.006101248967067832,59580,59590,0.023726406112251866,True
separate-const-offset-from-gep,loop-unroll,-0.0041057226103889954,-4.334356478394809,1.4630646229150313e-05,59744,59694,9.008429344866764e-05,True
separate-const-offset-from-gep,loop-rotate,-0.001230626614998065,-1.2657332430955732,0.2056110837868305,59307,59544,0.3995526838903916,False
separate-const-offset-from-gep,partial-inliner,0.00027715269080724747,0.2937329496417115,0.7689624878053334,59537,59154,0.8805669562522069,False
separate-const-offset-from-gep,lower-expect,-0.000781924647774046,-0.8320909758618371,0.40535926784608606,59284,59515,0.6179959826314394,False
separate-const-offset-from-gep,alignment-from-assumptions,-0.0002260982227553776,-0.24192795833623873,0.8088364038117261,59289,59424,0.9039393143055706,False
separate-const-offset-from-gep,rpo-function-attrs,0.0010309873880489095,1.1051998315081912,0.26907523939408434,59670,59596,0.4802637363114103,False
separate-const-offset-from-gep,attributor,0.0013402307652325973,1.5706631936582134,0.11626354855107342,59804,59804,0.27213870659055794,False
separate-const-offset-from-gep,inferattrs,-0.0019912566336748316,-2.1377930216022745,0.03253558069806949,59428,59354,0.10025750073602369,False
separate-const-offset-from-gep,called-value-propagation,0.001174611643927903,1.2613685012958962,0.20717857852104085,59749,59536,0.40183819390212777,False
separate-const-offset-from-gep,licm,0.0003477963216795832,0.35295549744934407,0.7241224279739156,59441,59777,0.8553127459788207,False
separate-const-offset-from-gep,loop-simplify,0.0005507685457565303,0.5885329091097682,0.5561757683691376,59464,59549,0.7435931406396529,False
separate-const-offset-from-gep,div-rem-pairs,0.001291476577687467,1.3828956789847615,0.1666994343732286,59823,59910,0.3471405300912103,False
separate-const-offset-from-gep,float2int,-0.0018561857070670817,-1.9838165820865172,0.04727859088105339,59394,59305,0.13455157114113742,False
separate-const-offset-from-gep,inline,0.0009597914775185123,1.0274181269125358,0.30422570124540904,59563,59817,0.5188797239011419,False
separate-const-offset-from-gep,sink,0.0009952166673487528,1.061364981002262,0.2885262186639762,59442,59586,0.5021638543502804,False
separate-const-offset-from-gep,loop-vectorize,-0.013717178127982288,-14.80640641230789,1.4739278834912007e-49,59604,59783,6.206345797582302e-48,True
separate-const-offset-from-gep,slp-vectorizer,0.0008915025239060737,0.9527943379783294,0.3406962148454007,59503,59749,0.5575287828393602,False
separate-const-offset-from-gep,callsite-splitting,0.00027911217314258163,0.2983886177353733,0.7654070955600336,59970,59241,0.8796392388100126,False
separate-const-offset-from-gep,dfa-jump-threading,0.0013361400089803577,1.4307664862282978,0.15249977620273833,59691,59346,0.3268687047673362,False
separate-const-offset-from-gep,consthoist,-0.0005285268668629439,-0.5668824828551656,0.5707950910623989,59541,59955,0.7548932230545756,False
separate-const-offset-from-gep,mldst-motion,0.0007133052672385065,0.7614069937024347,0.4464155151975232,59703,59706,0.6562174014690318,False
separate-const-offset-from-gep,slsr,0.00022419811884832885,0.2400508759111235,0.8102912280184533,59707,59761,0.9050486163491909,False
separate-const-offset-from-gep,loop-interchange,0.0012920509359359844,1.3763748152334778,0.16870821337380376,59180,59713,0.34930449104049144,False
separate-const-offset-from-gep,loop-fusion,0.0002332823265351336,0.24928943886120852,0.8031373291995622,59410,59905,0.9011707109299385,False
separate-const-offset-from-gep,loop-distribute,-8.510265365579972e-05,-0.09095252098234598,0.9275304701095071,59657,59625,0.9691060087910431,False
separate-const-offset-from-gep,loop-load-elim,0.0005357417267755626,0.5714430278845183,0.5677004448418045,59619,59777,0.7525778408938748,False
separate-const-offset-from-gep,loop-sink,-0.00016782992515124162,-0.17936635733524867,0.8576503500247169,59845,59659,0.9292987545440948,False
separate-const-offset-from-gep,loop-unroll-and-jam,0.0010175305318399497,1.0902184303432385,0.2756191364195243,60007,59449,0.4892676963820748,False
separate-const-offset-from-gep,hotcoldsplit,-0.0010348111116665892,-1.1064404575474234,0.26853815179338486,59438,59968,0.47952366731550167,False
separate-const-offset-from-gep,irce,-0.0015210388457306823,-1.628935799327697,0.10332924454297383,59580,60029,0.2482437556014022,False
separate-const-offset-from-gep,nary-reassociate,-0.0003401517371119933,-0.36377781728441133,0.7160245721341362,59534,59986,0.8520992582959559,False
separate-const-offset-from-gep,scalarizer,-0.0007497424043477752,-0.7967349799482204,0.4256065484105373,59589,59860,0.6373519095891641,False
separate-const-offset-from-gep,vector-combine,0.0008435799290058554,0.900238560275175,0.3679951278875802,59761,59472,0.5841381924636254,False
separate-const-offset-from-gep,always-inline,0.0017595443371654085,1.8760186290471548,0.06065516344284231,59664,59548,0.16586984639816374,False
separate-const-offset-from-gep,globalsplit,-0.0008599639942269977,-0.9168737679985187,0.35921064232858807,59370,60110,0.5753246933982621,False
separate-const-offset-from-gep,lowerswitch,-0.0005427710854287726,-0.5384563308799237,0.5902630521002901,59593,59501,0.7686964123793601,False
separate-const-offset-from-gep,early-cse-memssa,-0.0005459095335065833,-0.6659841202037212,0.5054225456924455,59101,59514,0.7058611586774667,False
separate-const-offset-from-gep,simple-loop-unswitch,-0.0011642835269438656,-1.2458725277479759,0.2128136517690756,59361,59566,0.40817216859683564,False
separate-const-offset-from-gep,loop-versioning,-0.0015064169857201826,-1.5966341009547225,0.11034995724893937,59206,59422,0.2607908464615851,False
separate-const-offset-from-gep,loop-flatten,-0.0012974082166923306,-1.38628854575735,0.16566139896085738,60024,59511,0.3459893537763827,False
separate-const-offset-from-gep,loop-reroll,-3.997990628640258e-05,-0.04271703894477962,0.9659271683198939,59774,59571,0.98590112914712,False
separate-const-offset-from-gep,loop-instsimplify,0.0013265760468983978,1.4142230327501297,0.1572990437310834,59174,59825,0.333398719575741,False
separate-const-offset-from-gep,loop-simplifycfg,-1.0826730566071419e-05,-0.011629347649085325,0.9907213515721611,59768,60007,0.997086819007089,False
separate-const-offset-from-gep,loop-predication,-5.706558921025895e-05,-0.06083177439083776,0.9514932872612638,59646,59097,0.9775245399572909,False
separate-const-offset-from-gep,speculative-execution,-0.0024217090987290746,-2.5855155675439154,0.009724523183481546,59609,59639,0.035391480284864066,True
separate-const-offset-from-gep,partially-inline-libcalls,0.0016717305879087596,1.7795585541577126,0.0751507754099582,59525,59954,0.1945078892963624,False
separate-const-offset-from-gep,load-store-vectorizer,0.001400983811402412,1.4916316611950624,0.13579837775816067,59736,59572,0.303423761294431,False
separate-const-offset-from-gep,iroutliner,0.0010076760373762261,1.0829568215933059,0.2788297768505671,59506,59896,0.49228918221227264,False
separate-const-offset-from-gep,global-merge,0.0009269040669228068,0.9886689871475489,0.3228271280149568,59725,59489,0.538870858186944,False
separate-const-offset-from-gep,break-crit-edges,-0.0092130789626087,-9.457290915485954,3.215102258655119e-21,59344,59411,3.6179139209463926e-20,True
separate-const-offset-from-gep,unreachableblockelim,0.0013393612075726646,1.4286684463536385,0.15310216998552922,59801,59463,0.32780103754146117,False
libcalls-shrinkwrap,flattencfg,9.482564768387158e-05,0.10158396151817599,0.9190870810128919,59510,59896,0.9649156931138765,False
libcalls-shrinkwrap,loop-reduce,-0.0018220826883571517,-1.9488775964708367,0.05131237979279762,59799,59763,0.1440424940993516,False
libcalls-shrinkwrap,loop-unroll,-0.003459818013674232,-3.6334366072778734,0.00027978889170637795,59535,59356,0.0014531210874299417,True
libcalls-shrinkwrap,loop-rotate,-0.0012492422642850776,-1.2874387450968119,0.19794390500758313,59792,59495,0.3897176128756639,False
libcalls-shrinkwrap,partial-inliner,-0.00031582842321398186,-0.33617314632489687,0.7367408933507715,59654,59587,0.8627623619502457,False
libcalls-shrinkwrap,lower-expect,0.00018423137356776698,0.19603396507138604,0.8445839166174833,59557,59291,0.9233143435724053,False
libcalls-shrinkwrap,alignment-from-assumptions,-0.0019022759743466122,-2.0340041280186605,0.04195338627473882,59899,59441,0.12306326640590054,False
libcalls-shrinkwrap,rpo-function-attrs,-0.0014047238446247001,-1.5007848441839526,0.1334138573478569,59866,59850,0.30060337478377885,False
libcalls-shrinkwrap,attributor,0.0030699822381172193,3.5909250722095396,0.0003296381418347229,59837,59878,0.0016911306473493535,True
libcalls-shrinkwrap,inferattrs,-0.0023353795169532843,-2.5102804134826737,0.012064846164881854,59765,59409,0.04291184158190494,True
libcalls-shrinkwrap,called-value-propagation,-2.4438886563227236e-05,-0.02608838857539598,0.9791868820739473,59679,59753,0.9920696797588757,False
libcalls-shrinkwrap,licm,-0.0013498479251614626,-1.3763120909307607,0.16872760407537904,59776,60008,0.34930449104049144,False
libcalls-shrinkwrap,loop-simplify,-0.0009357522288772624,-0.9975245474282507,0.3185119881132231,60000,59303,0.5341725676451313,False
libcalls-shrinkwrap,div-rem-pairs,-0.00029902283709193345,-0.31925324847170244,0.749535040913099,59693,59495,0.8707146900669521,False
libcalls-shrinkwrap,float2int,0.001217258077419514,1.3034155411305433,0.1924354522736477,59617,59526,0.38291525970711604,False
libcalls-shrinkwrap,inline,0.0004122720589272988,0.44263431053617763,0.6580310639329169,59538,60063,0.8162336542164405,False
libcalls-shrinkwrap,sink,0.0024667287485294342,2.6373058772796893,0.008357826089989957,59672,59771,0.03099360508371276,True
libcalls-shrinkwrap,loop-vectorize,-0.012376577398803823,-13.33096229058163,1.6346574780257822e-40,59501,60019,4.924091295345356e-39,True
libcalls-shrinkwrap,slp-vectorizer,-0.0007723805303158082,-0.8238191601216922,0.4100439680814635,59386,59771,0.6223768135686089,False
libcalls-shrinkwrap,callsite-splitting,-9.481531677602018e-05,-0.10089103093124377,0.9196371332413683,59415,59441,0.9649156931138765,False
libcalls-shrinkwrap,dfa-jump-threading,-0.0005214767397078712,-0.5571474455521336,0.5774277409240434,59579,59453,0.7599114441606472,False
libcalls-shrinkwrap,consthoist,0.0010050438856459287,1.0704141828449005,0.28443508227620024,59830,59565,0.4978491082050937,False
libcalls-shrinkwrap,mldst-motion,-0.0006901666637160186,-0.7365876918778088,0.4613745681933642,59675,59818,0.6690969406661188,False
libcalls-shrinkwrap,slsr,0.0009943633971087884,1.06337256935037,0.2876151741195306,60029,59588,0.5012465606818343,False
libcalls-shrinkwrap,loop-interchange,-0.000856228605308873,-0.9146930687204556,0.3603546425956159,59251,59434,0.5763345813490849,False
libcalls-shrinkwrap,loop-fusion,-0.001000690342755295,-1.0649920954312178,0.28688166726306674,59555,59472,0.5004136342994073,False
libcalls-shrinkwrap,loop-distribute,-0.00019165614328048308,-0.2050623898283611,0.8375237300338776,59683,59743,0.9192104615506348,False
libcalls-shrinkwrap,loop-load-elim,0.0018540388625291615,1.9757009538181713,0.04819096198912204,59664,59409,0.13665156201984208,False
libcalls-shrinkwrap,loop-sink,-0.0005189133710979399,-0.554713058932123,0.5790919819132339,59278,60102,0.7608482175099311,False
libcalls-shrinkwrap,loop-unroll-and-jam,-0.00027084037018987317,-0.2895688528016025,0.7721466024183543,59975,59136,0.8815527973965818,False
libcalls-shrinkwrap,hotcoldsplit,0.0010809863692882726,1.1518848198610814,0.24937071283864362,59714,59713,0.45568628626977525,False
libcalls-shrinkwrap,irce,-0.0007816356038149452,-0.8376950416282629,0.4022036709512807,59753,59995,0.6156976854413247,False
libcalls-shrinkwrap,nary-reassociate,0.0016039780545089588,1.7190323558265552,0.08561106951082566,59852,59687,0.21367300714110468,False
libcalls-shrinkwrap,scalarizer,-0.0016322140151381337,-1.7232159024991995,0.0848520895775715,59552,59335,0.212319989000492,False
libcalls-shrinkwrap,vector-combine,9.617969163949747e-05,0.10295710624674008,0.9179971876291662,59565,59499,0.9649156931138765,False
libcalls-shrinkwrap,always-inline,0.0006235238875041405,0.6644330690703887,0.5064144624949158,59787,59099,0.7067423503671028,False
libcalls-shrinkwrap,globalsplit,-0.0005238600077772659,-0.5570392576470495,0.5775016490863345,59883,59783,0.7599114441606472,False
libcalls-shrinkwrap,lowerswitch,-0.0012805212641943675,-1.2702369081828286,0.2040027429356043,59431,59345,0.3968577950004106,False
libcalls-shrinkwrap,early-cse-memssa,-0.00055675259415916,-0.6796186895916985,0.4967472513482145,59841,59455,0.6984783613212238,False
libcalls-shrinkwrap,simple-loop-unswitch,-0.0006843912014292686,-0.7321036017736038,0.4641067759783698,59510,59610,0.6697404954180314,False
libcalls-shrinkwrap,loop-versioning,-0.0006218672365587707,-0.6584194231796263,0.5102699285050244,59788,59524,0.7106034992978931,False
libcalls-shrinkwrap,loop-flatten,-0.0013464728262024273,-1.4309945612724768,0.15243439939176903,59392,59631,0.3268687047673362,False
libcalls-shrinkwrap,loop-reroll,0.00033249545017915993,0.3544047398267427,0.7230362101488655,59511,59635,0.8548942629658688,False
libcalls-shrinkwrap,loop-instsimplify,-0.0009231856187542631,-0.9860649414180429,0.3241032539452758,59305,59556,0.5405401799189523,False
libcalls-shrinkwrap,loop-simplifycfg,-0.0005764364474786232,-0.6182148484804286,0.5364349009638361,59645,59939,0.729583011729537,False
libcalls-shrinkwrap,loop-predication,-0.001170203563147565,-1.245796513022222,0.21284156493226208,59372,59532,0.40817216859683564,False
libcalls-shrinkwrap,speculative-execution,0.0002458115424315288,0.262002644664897,0.7933198556824509,59541,59740,0.8950275294878933,False
libcalls-shrinkwrap,partially-inline-libcalls,0.0006376305835936735,0.6799416934475742,0.4965426999036232,59429,59871,0.6984415275943207,False
libcalls-shrinkwrap,load-store-vectorizer,0.000930057889216962,0.9939002131284862,0.32027347289920605,59667,59290,0.535750072564413,False
libcalls-shrinkwrap,iroutliner,0.0023592236079288953,2.54381651954916,0.010966116148898407,59675,59670,0.03939753287989556,True
libcalls-shrinkwrap,global-merge,0.0005492871110869268,0.5889067527438187,0.5559249414482005,59983,59464,0.7435931406396529,False
libcalls-shrinkwrap,break-crit-edges,-0.010429837350359128,-10.720578491312693,8.382675519846956e-27,59299,59607,1.2577225032843171e-25,True
libcalls-shrinkwrap,unreachableblockelim,-0.0012722176428145437,-1.3537028418079087,0.1758337692026539,59481,59664,0.35881450765898526,False
flattencfg,loop-reduce,-0.0033448030369442328,-3.5868085926643682,0.00033488352806442884,59533,59845,0.0017142534586932071,True
flattencfg,loop-unroll,-0.0020560506000084078,-2.1656368045051977,0.0303409310630195,59531,59541,0.09429768733554315,False
flattencfg,loop-rotate,-0.0004308429167177996,-0.4443579396944367,0.6567846278419676,59510,59177,0.8154624612013777,False
flattencfg,partial-inliner,-0.00015065263761754322,-0.1603648157837221,0.8725939769698527,59455,59133,0.9376065954895667,False
flattencfg,lower-expect,-0.0004655983707686495,-0.49586668802278994,0.6199893913110182,59324,59002,0.7923885301481551,False
flattencfg,alignment-from-assumptions,-0.0012763273770893813,-1.3649371093155453,0.17227538884721394,59792,59640,0.35376529770618237,False
flattencfg,rpo-function-attrs,-0.00041518024209491466,-0.44361409832935833,0.6573224192492085,59527,59224,0.8158715035752458,False
flattencfg,attributor,0.0022719115921072675,2.6540526327695924,0.00795420436754438,59411,59040,0.029746190892779446,True
flattencfg,inferattrs,-0.0013444618552619914,-1.4444252031465972,0.14862204694148268,59273,59357,0.3216198947133778,False
flattencfg,called-value-propagation,-0.0004296060938930313,-0.45816199836348087,0.6468368992268528,59746,58869,0.8088794706125393,False
flattencfg,licm,-0.0011659008081721378,-1.1888455171677066,0.23450283261683263,59607,59525,0.43536940234150656,False
flattencfg,loop-simplify,-0.001307931818271657,-1.4008246574569583,0.1612691336907652,59355,59071,0.33971486150244035,False
flattencfg,div-rem-pairs,-0.00138968344295054,-1.4851940491005395,0.13749507655010004,59692,59325,0.3055792961238319,False
flattencfg,float2int,-0.0017391602800303496,-1.8547446908982566,0.0636351775782806,59108,59311,0.17138607661385616,False
flattencfg,inline,0.002729987026582281,2.918206770028387,0.003521166997957158,59843,59183,0.01462236475503736,True
flattencfg,sink,0.000692482232510172,0.7401035890496276,0.45923860393320287,59817,59018,0.6675495074248041,False
flattencfg,loop-vectorize,-0.014953056156363942,-16.08736731370753,3.606900557079178e-58,59424,59031,2.206972278362822e-56,True
flattencfg,slp-vectorizer,0.0012302588537427828,1.316210559177543,0.18810592463517548,59191,59400,0.3764040883348734,False
flattencfg,callsite-splitting,0.0013732867097284163,1.4579163526285317,0.14486625709389445,59105,59117,0.3173555284182703,False
flattencfg,dfa-jump-threading,-0.0002622670030844043,-0.2799695070964201,0.7795013872616082,59572,59161,0.8850470955397094,False
flattencfg,consthoist,-0.000851667318669147,-0.9100756068844483,0.36278447882909376,59765,59394,0.5782534867897368,False
flattencfg,mldst-motion,0.00014599729039938003,0.15571587015073418,0.87625725224621,59463,59151,0.9396011499989481,False
flattencfg,slsr,0.00035497989491228843,0.3790612280624662,0.7046430745058123,59197,59619,0.8470981318050271,False
flattencfg,loop-interchange,-0.0005678984529257636,-0.6037637441991885,0.54600188330349,59338,59128,0.7370366683958866,False
flattencfg,loop-fusion,0.00036983016539909874,0.3949128927444229,0.6929078836234319,58989,59848,0.8397576201290506,False
flattencfg,loop-distribute,-0.00033288898680006174,-0.3562134845536304,0.7216813263845273,59646,59239,0.8544573978443188,False
flattencfg,loop-load-elim,-0.0006870105272577809,-0.7330076972849644,0.46355517916928873,59850,59115,0.6697404954180314,False
flattencfg,loop-sink,-0.00044456892344024723,-0.47437504309126377,0.6352333576172118,59207,59728,0.8029612099512593,False
flattencfg,loop-unroll-and-jam,4.8974574278437544e-05,0.0522346620372031,0.9583418023879995,59301,59159,0.9818799342807515,False
flattencfg,hotcoldsplit,-0.00017438266224312216,-0.1859996847886848,0.8524453258746917,59411,59470,0.9268292801513031,False
flattencfg,irce,-0.00038266049576451966,-0.4086233321249433,0.6828168416393897,59265,59583,0.8322767476311135,False
flattencfg,nary-reassociate,0.0008588806954526462,0.9169871375305184,0.3591512441612856,59398,59253,0.5753246933982621,False
flattencfg,scalarizer,-0.0026555345371611083,-2.811600744124932,0.004930374778526359,59242,59279,0.019621288244623194,True
flattencfg,vector-combine,-0.0018690549067151285,-1.9953212247319325,0.04601014387360113,59254,59156,0.13190023675623866,False
flattencfg,always-inline,0.0007366699561658363,0.7851583273213482,0.43236230680803905,59505,59615,0.6445084047562837,False
flattencfg,globalsplit,-0.00030907985487360623,-0.330046437418239,0.7413654564645428,59301,59447,0.8664034038111473,False
flattencfg,lowerswitch,-0.0017619041741705477,-1.7474636973243687,0.0805595245875634,59163,59449,0.20432065951094444,False
flattencfg,early-cse-memssa,-0.0007816416848142604,-0.95461607870762,0.3397738228902008,59606,59362,0.5566927676768818,False
flattencfg,simple-loop-unswitch,-3.3572402193038364e-05,-0.03583302676964284,0.9714155585676132,59469,59436,0.9888389205486804,False
flattencfg,loop-versioning,-0.000378712338527154,-0.4021806412125519,0.687551811230698,59603,59292,0.8359058965474738,False
flattencfg,loop-flatten,-0.0006352990605310582,-0.6774724033605857,0.4981075952582306,59680,58944,0.7001071672088933,False
flattencfg,loop-reroll,-0.0015949210390813762,-1.7038615670985644,0.0884095613042586,59711,59387,0.21912141903004856,False
flattencfg,loop-instsimplify,-0.003782245044788024,-4.045466731647475,5.225204194852174e-05,59022,59456,0.0003049463431749793,True
flattencfg,loop-simplifycfg,-1.722204460935517e-05,-0.018472090220046616,0.9852622734319628,59401,59938,0.993755778211414,False
flattencfg,loop-predication,-0.001156728746356861,-1.2347154812333088,0.21693886690230355,59095,59096,0.4128846091839605,False
flattencfg,speculative-execution,0.0001990716260298342,0.21234955952647053,0.8318347002898595,59288,58894,0.9152138068531759,False
flattencfg,partially-inline-libcalls,0.0003407570792346992,0.36239766535492896,0.7170555285553796,59288,59509,0.8524558135467111,False
flattencfg,load-store-vectorizer,0.0004370306381791811,0.4653682064053135,0.6416686534456664,59529,58992,0.8082259398177001,False
flattencfg,iroutliner,0.0019175390864598074,2.0582295680543927,0.03957028093379402,59168,59463,0.11774864752031716,False
flattencfg,global-merge,-0.0001332655617016787,-0.14235120289095615,0.8868028462075467,59491,59025,0.9459874545760699,False
flattencfg,break-crit-edges,-0.010688835661025131,-10.990790176975182,4.36661465735002e-28,59265,59130,6.867334537422762e-27,True
flattencfg,unreachableblockelim,-5.477544722243266e-06,-0.005802158667726591,0.9953705829425727,59115,59143,0.9981412848865369,False
loop-reduce,loop-unroll,-0.0005625862909016122,-0.5933134455057445,0.5529725272961097,59740,59536,0.7419800465108509,False
loop-reduce,loop-rotate,0.002274179887698957,2.347150080036747,0.0189192533066404,60042,59669,0.0631609513630041,False
loop-reduce,partial-inliner,0.0022098054440818915,2.3609018849493517,0.01823215640305527,59611,59371,0.061232525278185616,False
loop-reduce,lower-expect,0.00237255290477828,2.528725015331234,0.011449053130901794,59259,59375,0.040944741607864314,True
loop-reduce,alignment-from-assumptions,0.0010042472420678794,1.0786283366973979,0.2807556191834238,59719,59892,0.4945744510671559,False
loop-reduce,rpo-function-attrs,0.003163229042426441,3.3813558480804997,0.0007215217991093768,59615,59791,0.003505557525201389,True
loop-reduce,attributor,0.0063871391474210615,7.471108851827259,8.006041995144195e-14,59724,59745,6.713417655885368e-13,True
loop-reduce,inferattrs,0.0015993586360343315,1.7224981581227394,0.084981914397946,59374,59645,0.21250905286229665,False
loop-reduce,called-value-propagation,0.002974153931051826,3.1872785168700077,0.00143655423539625,59695,59594,0.006548408392507781,True
loop-reduce,licm,0.004703023171860554,4.7780688460250795,1.77196709750256e-06,59985,59463,1.1821163805485563e-05,True
loop-reduce,loop-simplify,0.001966525653411877,2.099643136132322,0.03576234006347194,59660,59648,0.10805966333993527,False
loop-reduce,div-rem-pairs,0.001747615028446059,1.8680409193659882,0.0617588269192053,59281,59543,0.16748446413823265,False
loop-reduce,float2int,0.00250148686337176,2.6689197860068963,0.00761059611725437,59803,58971,0.028712036989564656,True
loop-reduce,inline,0.0015094546648331542,1.6205208632740755,0.10512308272053612,59532,59615,0.2513198973953721,False
loop-reduce,sink,0.004003079745039384,4.290575806859583,1.783506820509092e-05,59588,59586,0.00010828236758315664,True
loop-reduce,loop-vectorize,-0.009902274075151152,-10.603991793477698,2.933467354099781e-26,59503,59496,4.254614132835089e-25,True
loop-reduce,slp-vectorizer,0.002102934272530943,2.254143912833066,0.024188924714200165,59498,59654,0.07760878757697343,False
loop-reduce,callsite-splitting,0.0015522051355344457,1.6591531518878067,0.09708756994167335,59683,59335,0.23629268110105212,False
loop-reduce,dfa-jump-threading,0.001742367148410695,1.871375104961623,0.06129555185372268,59907,59427,0.1668056852391786,False
loop-reduce,consthoist,0.0017721436487620479,1.8951821559480126,0.05807068139635662,59757,59894,0.1596943738399807,False
loop-reduce,mldst-motion,0.0025563836361788828,2.729083223724378,0.006351998867603442,59638,59537,0.024603785920410563,True
loop-reduce,slsr,0.0016372327876132409,1.7563328080013636,0.07903414947436806,60048,59938,0.20162718523884385,False
loop-reduce,loop-interchange,0.0027734789932976067,2.9654788087137827,0.003022719866491093,59742,59522,0.012714254561953943,True
loop-reduce,loop-fusion,0.003776496632683368,4.024700475694373,5.708307009053024e-05,59250,59988,0.0003305738274120969,True
loop-reduce,loop-distribute,0.00030087705210674054,0.32059809871245654,0.7485155402098017,59541,59750,0.8700182356924638,False
loop-reduce,loop-load-elim,0.0031105591328923765,3.3277430265129415,0.0008757909622995118,59649,59438,0.0041875426231561515,True
loop-reduce,loop-sink,0.0020927641104309114,2.235668922436251,0.025375311465534997,59460,59663,0.08076971272832113,False
loop-reduce,loop-unroll-and-jam,0.0016466684924589248,1.7611845820067054,0.07820972691333965,60057,59304,0.20014259080197339,False
loop-reduce,hotcoldsplit,0.0027707387848906473,2.9662432151023657,0.003015216667717595,59781,59584,0.012696331689013013,True
loop-reduce,irce,0.00015524009088557778,0.1663836048589209,0.8678553563962337,59989,59790,0.9346869019933033,False
loop-reduce,nary-reassociate,0.004054597561925055,4.348184890980843,1.3738252838201726e-05,59520,59648,8.472283167621727e-05,True
loop-reduce,scalarizer,2.609413945908745e-05,0.02764146022494738,0.9779481603252995,59250,59457,0.9916222153894027,False
loop-reduce,vector-combine,0.003050478531758216,3.2758991499236703,0.0010535617805918099,59760,59633,0.004946939967383127,True
loop-reduce,always-inline,0.0029750849545891467,3.177159486201567,0.0014876325905444094,59555,59274,0.006750369901010322,True
loop-reduce,globalsplit,0.0017366036276066366,1.8536508324822156,0.0637915985860799,59401,59829,0.17145360333774118,False
loop-reduce,lowerswitch,0.0013993022737396887,1.3956007083324373,0.16283736968421833,59499,59660,0.3419148202055759,False
loop-reduce,early-cse-memssa,0.00248981385666186,3.052817234359614,0.0022675388031588636,59614,59603,0.009888287252973397,True
loop-reduce,simple-loop-unswitch,0.0020978955946256983,2.2451219378520046,0.024762133996830932,59525,59491,0.07922264438855386,False
loop-reduce,loop-versioning,0.0010064846399538419,1.0733146467016794,0.28313213655637465,59594,59765,0.4969724100200642,False
loop-reduce,loop-flatten,0.0014764969495058011,1.5807282418069672,0.1139428388180819,59959,59370,0.26766656077481027,False
loop-reduce,loop-reroll,0.00239114894671999,2.5485070457252808,0.010819756282695749,59359,59507,0.03890740643070391,True
loop-reduce,loop-instsimplify,0.0025160164206729507,2.702867530867145,0.006875386437503523,59734,59600,0.02634443570378062,True
loop-reduce,loop-simplifycfg,0.00019330706449549595,0.20757557726935363,0.8355607286104109,60079,59633,0.9180184066937491,False
loop-reduce,loop-predication,0.0014300642571897226,1.527362794678655,0.12667348524938213,59664,59131,0.289922523403617,False
loop-reduce,speculative-execution,0.003510720944299217,3.754141971300902,0.0001740187661898146,59577,59661,0.0009399413633093985,True
loop-reduce,partially-inline-libcalls,0.003509467081794615,3.7463913777869022,0.0001794808826118884,59828,59666,0.0009654493630606525,True
loop-reduce,load-store-vectorizer,0.002415023012148132,2.583493430733169,0.009781712001158474,59618,59596,0.03553356604502466,True
loop-reduce,iroutliner,0.003665821522577384,3.9494161992072185,7.838686648023888e-05,59903,59746,0.0004448738683139355,True
loop-reduce,global-merge,0.002306900895847175,2.4761624971524707,0.013281688467173466,59809,59493,0.0467305409141521,True
loop-reduce,break-crit-edges,-0.008240293687515776,-8.542376304759319,1.330035670455528e-17,59590,59839,1.2860295519762587e-16,True
loop-reduce,unreachableblockelim,0.002264368415280771,2.4248299193576144,0.015317038043647811,59572,59475,0.05289375747700602,False
loop-unroll,loop-rotate,0.0017598045719910416,1.7879232344773426,0.07379093613987946,59351,59725,0.1920470512940244,False
loop-unroll,partial-inliner,0.0023190311394834517,2.430183502999177,0.015092648795653767,59123,59829,0.05216488321604603,False
loop-unroll,lower-expect,0.0032084499930057353,3.3608078260370267,0.0007773926949412448,59466,59729,0.0037537235430208566,True
loop-unroll,alignment-from-assumptions,0.0044059116018109745,4.6279476551968015,3.696957097461994e-06,59703,59423,2.433156973724566e-05,True
loop-unroll,rpo-function-attrs,0.0030078290162591226,3.165966117417735,0.0015460772379825064,59431,59691,0.006991268434110271,True
loop-unroll,attributor,0.005400714303251897,6.194144892472759,5.879313911513608e-10,59684,59475,4.385408243330912e-09,True
loop-unroll,inferattrs,-2.2175883441721833e-05,-0.023426979579321015,0.9813097237632058,58916,59586,0.9927173542383657,False
loop-unroll,called-value-propagation,0.003479520047813156,3.6747287242941264,0.00023820656704929096,59659,59539,0.0012537861781787949,True
loop-unroll,licm,0.006809436681911529,6.765408870920444,1.3354414651189082e-11,59340,59993,1.0376168209138184e-10,True
loop-unroll,loop-simplify,0.00663809992456682,6.969582588486564,3.1952587239790624e-12,59401,59694,2.5380594651322532e-11,True
loop-unroll,div-rem-pairs,0.004712475652032255,4.966614230823433,6.822577761809626e-07,59603,59757,4.654566988718902e-06,True
loop-unroll,float2int,0.002669494468638456,2.8243716906235337,0.004738128146443271,59027,60045,0.019089001873942232,True
loop-unroll,inline,0.0033651484103362495,3.556681816977662,0.00037571389673987643,59508,59876,0.0019082952265024075,True
loop-unroll,sink,0.004273107498780071,4.4858780302352885,7.268208001234215e-06,59431,59648,4.6507030282407164e-05,True
loop-unroll,loop-vectorize,-0.009738887760138037,-10.271772296348788,9.67271541199842e-25,59244,59999,1.2626117851128605e-23,True
loop-unroll,slp-vectorizer,0.003738401648143208,3.9484792084091818,7.869432758945592e-05,59475,59906,0.00044597248457353016,True
loop-unroll,callsite-splitting,0.003986003621324563,4.18134529691278,2.899963510040286e-05,59614,59486,0.0001736430750048587,True
loop-unroll,dfa-jump-threading,0.0020502732625887754,2.164515529823562,0.03042679010718305,59332,59539,0.09448954009494752,False
loop-unroll,consthoist,0.0034330012081429384,3.6118885670469765,0.0003040999866034631,59533,59676,0.0015731248976739254,True
loop-unroll,mldst-motion,0.0025108950653331963,2.6339305360860386,0.008441366849950909,59376,59698,0.03126278597514953,True
loop-unroll,slsr,0.0035724343547614,3.7477964129555104,0.00017847909897344527,59251,59908,0.0009613812263824094,True
loop-unroll,loop-interchange,0.0028664269623028815,3.010925035075521,0.002605078551776985,59402,59426,0.01121042594369085,True
loop-unroll,loop-fusion,0.002039704806400755,2.1468808868593685,0.03180477683167081,59485,59754,0.09837875677158206,False
loop-unroll,loop-distribute,0.0012737385795503764,1.3361308867016866,0.181509058013611,59156,59524,0.3660089964888263,False
loop-unroll,loop-load-elim,0.003693006457229142,3.8902364844004342,0.00010020077610275548,59809,59763,0.0005597521244199578,True
loop-unroll,loop-sink,0.002912249375028486,3.0509141710196994,0.0022819592950133584,59285,59853,0.009940013610618732,True
loop-unroll,loop-unroll-and-jam,0.0037078811285276014,3.9091005202460347,9.269184978010552e-05,59385,59296,0.0005200304924625977,True
loop-unroll,hotcoldsplit,0.0010668234928208342,1.1245432222152836,0.2607849052519201,59825,59627,0.46996488217511234,False
loop-unroll,irce,0.0023188386113574544,2.458079323109367,0.013969636565982161,59705,60125,0.04863005218082279,True
loop-unroll,nary-reassociate,0.0029135959141259327,3.0734093416000707,0.0021167566195550557,59566,59826,0.009261697119751507,True
loop-unroll,scalarizer,-0.0002703213404440241,-0.28045186976398795,0.7791313368876827,58873,59518,0.8848835021032962,False
loop-unroll,vector-combine,0.002035936348470768,2.1374213813372087,0.03256576632692087,59189,59787,0.10025750073602369,False
loop-unroll,always-inline,0.0026404542789451035,2.773168179625834,0.0055522045260729385,59701,59576,0.021786004933969566,True
loop-unroll,globalsplit,0.0013830903713954457,1.450292849248679,0.1469795025656392,59557,59718,0.3200717632815818,False
loop-unroll,lowerswitch,0.0038689067777311625,3.7839769585358574,0.00015441771527723125,59501,59511,0.000845733948287605,True
loop-unroll,early-cse-memssa,0.004107177526368466,4.920381720399141,8.649059453227247e-07,59434,59796,5.869968252831525e-06,True
loop-unroll,simple-loop-unswitch,0.003322622282300569,3.5069326718854485,0.00045347080114523666,59223,59759,0.002279578507425862,True
loop-unroll,loop-versioning,0.002438912466424359,2.5546269473418004,0.010631397295931114,59099,60098,0.03835374464802937,True
loop-unroll,loop-flatten,0.003323044562715649,3.502039721858611,0.00046187954326365677,59696,59673,0.002309987600792439,True
loop-unroll,loop-reroll,0.0025921091362743898,2.7256280344800974,0.006418865671252421,59576,59542,0.024773851546619492,True
loop-unroll,loop-instsimplify,0.0038970548217768797,4.087418457525012,4.364869922631816e-05,59112,59435,0.0002581998582632355,True
loop-unroll,loop-simplifycfg,0.00238127765865076,2.515864694847796,0.011875377060988406,59585,59796,0.0423593533747197,True
loop-unroll,loop-predication,0.0023132888945028296,2.4342075446139404,0.01492590075075042,59272,59287,0.05167977660472029,False
loop-unroll,speculative-execution,0.003995410290344836,4.203772700777599,2.6269365998707567e-05,59674,59563,0.0001582628265399059,True
loop-unroll,partially-inline-libcalls,0.0035993477569017385,3.7681121971565683,0.00016456618526726482,59068,59752,0.0008936910956422509,True
loop-unroll,load-store-vectorizer,0.0035619477032600155,3.7516456807971457,0.00017576072897984715,59504,59801,0.0009480427199519029,True
loop-unroll,iroutliner,0.003632675468489166,3.8606592537859177,0.0001131408535669936,59747,60000,0.0006293459979664019,True
loop-unroll,global-merge,0.0027814017380934364,2.942840454463985,0.0032527841904617296,59663,59921,0.013608735664921401,True
loop-unroll,break-crit-edges,-0.0075378489312541985,-7.627722802769884,2.407043512807674e-14,59266,59440,2.0491266078597502e-13,True
loop-unroll,unreachableblockelim,0.003467532758453795,3.6412760148361287,0.0002714048352907838,59572,59680,0.001418987096126448,True
loop-rotate,partial-inliner,0.0005739540573855839,0.5908115689342639,0.554647805402236,59544,59383,0.742564378104327,False
loop-rotate,lower-expect,0.0005224696313896326,0.5371757126792824,0.5911472491153613,59778,59381,0.7688905506502771,False
loop-rotate,alignment-from-assumptions,-0.0005573528716079634,-0.573384362414328,0.5663855593213244,59377,59661,0.7513434452243586,False
loop-rotate,rpo-function-attrs,8.179466751945252e-05,0.08446577392859023,0.9326862558619483,59634,59572,0.9712316797204904,False
loop-rotate,attributor,0.0017864003261748862,1.9899922846638995,0.04659407684971924,59282,59358,0.13318423718503689,False
loop-rotate,inferattrs,0.00022437901139416017,0.23172521733952922,0.8167518427795453,59496,59350,0.9094114917044922,False
loop-rotate,called-value-propagation,0.0010992799841445522,1.1363511254120788,0.25581192552327126,59548,59701,0.46440607474493656,False
loop-rotate,licm,0.00044326645468184545,0.43495068151420613,0.6635990132885887,59306,59929,0.8206191152365859,False
loop-rotate,loop-simplify,-0.0009098730139396327,-0.9354469234119963,0.34955991381412266,59622,59944,0.566353588124164,False
loop-rotate,div-rem-pairs,0.0010021863191195801,1.0339135031264195,0.30117870332484487,59437,59548,0.5152537362254663,False
loop-rotate,float2int,0.0005837782854994367,0.6031810131275867,0.5463894289494974,59328,59451,0.7370858348082149,False
loop-rotate,inline,0.001211078722259895,1.248913881880983,0.21169903500391704,59652,59173,0.40737760249402416,False
loop-rotate,sink,0.004357114578732446,4.475390004647531,7.63425702452874e-06,59534,59469,4.861097643586106e-05,True
loop-rotate,loop-vectorize,-0.015614757100453014,-16.063334489078603,5.308803350934901e-58,59049,59933,3.149889988221375e-56,True
loop-rotate,slp-vectorizer,-0.00033434859143216533,-0.34428306397718667,0.7306340297574351,59296,59379,0.8584722195410694,False
loop-rotate,callsite-splitting,0.0003125092536870877,0.32078775392813585,0.748371805099193,59327,59361,0.8700182356924638,False
loop-rotate,dfa-jump-threading,0.002518988702763514,2.6048335511489364,0.009193032507080812,59427,59643,0.03386408312625365,True
loop-rotate,consthoist,0.0013203384869610035,1.3532842792734667,0.1759673960911698,59829,59368,0.35890016827761506,False
loop-rotate,mldst-motion,-0.0006961581756963486,-0.7156022244625599,0.4742384039147513,59332,59655,0.6794685690418513,False
loop-rotate,slsr,0.0013465068065566799,1.3888148722893452,0.16489163644291024,59671,60010,0.3445856128515365,False
loop-rotate,loop-interchange,0.0020697436781790812,2.1350960508558994,0.03275520132539253,59338,59675,0.10052458337792881,False
loop-rotate,loop-fusion,0.0014789581748335667,1.5177095133537115,0.12909030251610165,59070,59876,0.2933938622478549,False
loop-rotate,loop-distribute,-0.00034573657295888793,-0.3553610353272866,0.7223197645201487,59413,59794,0.8548214559869757,False
loop-rotate,loop-load-elim,0.0013480618347419537,1.384096903112255,0.1663313820642261,59309,59637,0.34664911770277246,False
loop-rotate,loop-sink,0.000844693659651341,0.8673449248983647,0.3857548001805569,59283,59551,0.6008813832565875,False
loop-rotate,loop-unroll-and-jam,0.000796767734639936,0.8206536601495371,0.4118452139951716,59700,59528,0.6236604245959366,False
loop-rotate,hotcoldsplit,-0.0009162099431841986,-0.9469737507076195,0.34365407190834263,59763,59602,0.5601769011532414,False
loop-rotate,irce,-0.0015653859040578033,-1.6151114601269694,0.10628919527401365,59865,59838,0.2533344422964318,False
loop-rotate,nary-reassociate,0.0009529257237071431,0.9840808500235548,0.3250777618797694,59329,59720,0.5414736348452476,False
loop-rotate,scalarizer,-0.0007741325141614186,-0.7840402237675277,0.4330180728905545,59354,59571,0.6449152191404447,False
loop-rotate,vector-combine,0.001588122446008533,1.6336861296997296,0.10232742716901526,59210,59365,0.24598784824669354,False
loop-rotate,always-inline,0.0006752938867176095,0.693786307776156,0.48781758748490406,59591,59179,0.6924721596750325,False
loop-rotate,globalsplit,-0.0009113572702916795,-0.9393079572421617,0.3475745598266858,59638,59429,0.5650070470242015,False
loop-rotate,lowerswitch,-0.0012209617672652717,-1.1709932348724508,0.2416038471523012,59080,59642,0.44460557586861443,False
loop-rotate,early-cse-memssa,0.0022645578706423364,2.655110812424452,0.007929289374100135,59694,59538,0.029685561366133966,True
loop-rotate,simple-loop-unswitch,-0.0005403340366156306,-0.5559794113027353,0.5782259771341064,59451,59311,0.7603535683200674,False
loop-rotate,loop-versioning,-0.003823483509657888,-3.907262426248321,9.339944774852645e-05,59507,59262,0.0005232506972578392,True
loop-rotate,loop-flatten,-0.00014741353716379857,-0.15192470918119555,0.8792465761816524,59861,59510,0.9413627755635673,False
loop-rotate,loop-reroll,-0.00026289660471162657,-0.26970390748684864,0.787388522753225,59325,59462,0.8911599581218581,False
loop-rotate,loop-instsimplify,0.00022035184667962282,0.22677294802237308,0.8206006905021651,59051,59677,0.9100894612489406,False
loop-rotate,loop-simplifycfg,-0.00043501234533460664,-0.4498357924719301,0.6528296649848208,59671,59631,0.8123549310710384,False
loop-rotate,loop-predication,2.48733928808198e-05,0.025514310326514994,0.9796447770249184,59440,59500,0.9920696797588757,False
loop-rotate,speculative-execution,0.0011107891911598666,1.1414423002572902,0.2536882105206161,59410,59420,0.4611709803071642,False
loop-rotate,partially-inline-libcalls,0.0011891301020394152,1.2306817632127136,0.21844433510669226,59606,59831,0.41485354814636605,False
loop-rotate,load-store-vectorizer,0.0012677549112137254,1.302454863794939,0.19276345122159072,59530,59825,0.38300868056203374,False
loop-rotate,iroutliner,0.001931675786319642,2.0044306654452275,0.04502619936110045,59806,59688,0.12945858788404505,False
loop-rotate,global-merge,9.607742417605536e-05,0.09905609546142558,0.9210938980806975,59545,59524,0.9655444578413719,False
loop-rotate,break-crit-edges,-0.01678422356771858,-16.63636952858121,4.4676734932183055e-62,59479,59514,3.2398906295264604e-60,True
loop-rotate,unreachableblockelim,0.0002563560140230736,0.26396430609299937,0.7918078787955238,59698,59682,0.8940944790551533,False
partial-inliner,lower-expect,7.821744943081743e-05,0.08304865733774575,0.9338129904086304,59638,58966,0.9717809381982984,False
partial-inliner,alignment-from-assumptions,-0.00024018727752733726,-0.25612295817102465,0.7978563367863668,59545,59721,0.8978176479469576,False
partial-inliner,rpo-function-attrs,-0.0008672436753584534,-0.9245441701801481,0.3552049341076465,59627,59760,0.572198615836446,False
partial-inliner,attributor,0.0028645529636898703,3.351803112980082,0.000803120491866077,59743,59464,0.00385892005662277,True
partial-inliner,inferattrs,-0.0013347591823619775,-1.4309936211256395,0.15243467749933035,59187,59452,0.3268687047673362,False
partial-inliner,called-value-propagation,-0.0013983084641933097,-1.4929853763522296,0.13544366839351335,59586,59322,0.30328265804084475,False
partial-inliner,licm,-0.0008010786216753885,-0.8084626106341246,0.418825943412722,59093,59496,0.6312902186477581,False
partial-inliner,loop-simplify,0.0009316717105422034,0.9882788837369862,0.32301809553626193,59433,59452,0.5389598901235627,False
partial-inliner,div-rem-pairs,0.0005849764706863936,0.6227871035218915,0.533425622805076,59990,59501,0.7280915785655899,False
partial-inliner,float2int,-0.001145825908656195,-1.2219135377674286,0.22174275672698554,59459,59024,0.41908524871760394,False
partial-inliner,inline,0.0010163489662488034,1.0865888671804582,0.2772207481457429,59291,59716,0.49077597185295163,False
partial-inliner,sink,0.0012187295745784144,1.3002355405452417,0.19352276953730466,59711,59384,0.38352599704842105,False
partial-inliner,loop-vectorize,-0.015992885299391524,-17.194075815924094,3.536020474827347e-66,59633,59608,3.461764044855973e-64,True
partial-inliner,slp-vectorizer,-0.0014279547612531251,-1.5219876007344495,0.1280148502992176,59456,59301,0.2917963642443167,False
partial-inliner,callsite-splitting,0.0012286796498581776,1.3028378997581946,0.19263263811279788,59323,59293,0.38300868056203374,False
partial-inliner,dfa-jump-threading,-0.0018275770556595572,-1.9585932882734152,0.0501627720690606,59499,59323,0.14152551543403552,False
partial-inliner,consthoist,0.0025130567022654815,2.6705904159846945,0.007572824751435336,59814,59439,0.028597089418149257,True
partial-inliner,mldst-motion,0.00013579164993793302,0.14436556330214073,0.8852120529761394,59250,59708,0.9448052328848628,False
partial-inliner,slsr,0.0008122993755687591,0.8650079075132246,0.387036191747971,59497,59547,0.6017724042340173,False
partial-inliner,loop-interchange,-0.0008560855096301223,-0.9107780441684418,0.36241418514598683,59438,59120,0.5782534867897368,False
partial-inliner,loop-fusion,0.001368826149228175,1.4603913177055245,0.14418520592778122,59197,59433,0.31649622556793233,False
partial-inliner,loop-distribute,0.001297082926206783,1.3807941002468798,0.16734487018921945,59590,59464,0.3473480386235127,False
partial-inliner,loop-load-elim,0.0008276685740244427,0.8800064255392407,0.3788576056866076,59626,59382,0.5944796976263371,False
partial-inliner,loop-sink,0.0013051171881872103,1.3922948274602265,0.16383572993635664,59773,59646,0.34290792005920506,False
partial-inliner,loop-unroll-and-jam,-0.0013843626577089707,-1.4772375900038575,0.1396146054508816,59728,59351,0.3095870866056922,False
partial-inliner,hotcoldsplit,0.00020747741609183912,0.2203413554594595,0.8256056928040467,59303,59597,0.9127814491870828,False
partial-inliner,irce,-0.0005243747997847326,-0.5595864755209434,0.5757625839670754,59439,59696,0.7596651882800091,False
partial-inliner,nary-reassociate,-0.0007720634058115405,-0.8239201405406742,0.40998658692982554,59474,59532,0.6223768135686089,False
partial-inliner,scalarizer,-0.002082175942064446,-2.1972892908071504,0.028001715739322676,59411,59393,0.08800539232358555,False
partial-inliner,vector-combine,0.0008104601183871463,0.8596027500734369,0.39000980038094063,59227,59104,0.6051023685783532,False
partial-inliner,always-inline,0.0013475377825731827,1.4355271410711552,0.15113957602570657,59955,58737,0.3257361473399378,False
partial-inliner,globalsplit,-0.0008763848664299356,-0.9318132822326464,0.3514349211803953,59566,59339,0.5684507027436713,False
partial-inliner,lowerswitch,-0.0016233408773310698,-1.6104948649602815,0.10729252222516887,59436,59387,0.2552597308832086,False
partial-inliner,early-cse-memssa,-0.0011504831764214685,-1.4031514363389468,0.1605743077631329,59162,59251,0.33861550306969757,False
partial-inliner,simple-loop-unswitch,0.000177496896616669,0.1884727777769529,0.8505063754241341,59300,59430,0.9265217284038805,False
partial-inliner,loop-versioning,-0.0017289037465413326,-1.826394727220807,0.06779333449100873,59295,59487,0.17974184012646593,False
partial-inliner,loop-flatten,-0.0018807083605196229,-2.004590790161291,0.045009074569146226,59584,59351,0.12945858788404505,False
partial-inliner,loop-reroll,-0.0004758958201379615,-0.5065479314857301,0.6124729897656335,59337,59542,0.7860997703460516,False
partial-inliner,loop-instsimplify,-0.0007464527263727483,-0.7942156226380456,0.42707150908551716,59339,58929,0.6390569467248319,False
partial-inliner,loop-simplifycfg,-0.0008336504477684525,-0.8922272016574155,0.3722729683645905,59122,59946,0.5882007441297071,False
partial-inliner,loop-predication,-0.0012152794465426497,-1.288155263141141,0.19769443743938478,59416,59065,0.38942224195806374,False
partial-inliner,speculative-execution,-0.0005258260982751728,-0.5587092676597295,0.576361206736131,59375,59393,0.7599114441606472,False
partial-inliner,partially-inline-libcalls,0.0015573305805735016,1.6623962334685238,0.09643597237309896,59591,60091,0.23514524770426873,False
partial-inliner,load-store-vectorizer,-0.0008670052862264077,-0.9247197653431242,0.3551135712622557,59516,59440,0.572198615836446,False
partial-inliner,iroutliner,0.0010924008103105898,1.1684973730973574,0.24260855017032318,59261,59195,0.44585876014212894,False
partial-inliner,global-merge,-0.0011260296706196438,-1.1971803611399479,0.2312386591161417,59217,59218,0.4314104759879995,False
partial-inliner,break-crit-edges,-0.00983262592870493,-10.098218809194323,5.752060281835742e-24,59425,59618,7.313333786905444e-23,True
partial-inliner,unreachableblockelim,-0.002069800530953847,-2.2055283077031618,0.027418950360573596,59506,59372,0.08659081420323081,False
lower-expect,alignment-from-assumptions,-0.0004929521293173811,-0.5252764481715013,0.5993920046192449,59577,59596,0.7767104864622645,False
lower-expect,rpo-function-attrs,-0.0010396990555269214,-1.1108845152934959,0.2666203117860424,59700,59007,0.4769689999790507,False
lower-expect,attributor,0.0024210947289065032,2.820193915600999,0.004800257533939978,59559,59393,0.019240336236344885,True
lower-expect,inferattrs,-0.0009564054562882229,-1.0291517131327654,0.3034104757193333,59637,59647,0.5181663423100346,False
lower-expect,called-value-propagation,-0.00037292300845392923,-0.3973727046580977,0.691093353476052,59526,59450,0.8387065042130746,False
lower-expect,licm,-0.0012454154167372833,-1.2581890649839664,0.20832586725271046,59428,59097,0.4030652649019833,False
lower-expect,loop-simplify,-0.0006175627599601663,-0.6564994299414001,0.5115041066327831,59504,59248,0.7113174136492343,False
lower-expect,div-rem-pairs,-0.0008199376376029077,-0.8717758115048411,0.3833324541187975,59276,59555,0.598339209334552,False
lower-expect,float2int,-0.0005419748986522088,-0.5766593895468218,0.564170667128687,59504,58934,0.7489126550765893,False
lower-expect,inline,-0.0018255114475013712,-1.9517528476639485,0.050969896330620545,59511,59542,0.1433894497347055,False
lower-expect,sink,0.0008240527918692564,0.8786452733240683,0.37959541711743866,59619,59210,0.5950089488201185,False
lower-expect,loop-vectorize,-0.01305238977963441,-14.010211743358182,1.465382114550604e-44,59395,59223,4.904646462034329e-43,True
lower-expect,slp-vectorizer,-0.00222889255189751,-2.383831641906657,0.01713499716536481,59666,59321,0.05819657319997276,False
lower-expect,callsite-splitting,-0.00010613207939363933,-0.11328310881023565,0.9098062997504693,59718,59075,0.9595479315439909,False
lower-expect,dfa-jump-threading,0.0009183573802273304,0.9813187569179892,0.326437573456274,59560,59304,0.542815090299265,False
lower-expect,consthoist,-0.0007147413746861897,-0.7591642354711888,0.44775581885320204,59468,59716,0.6574472390810421,False
lower-expect,mldst-motion,-0.0004730353179177582,-0.504730348757237,0.613749171076315,60014,59719,0.7867239783747462,False
lower-expect,slsr,-0.0004181910401145905,-0.445264096402858,0.6561297206547495,59679,59378,0.8151662392398473,False
lower-expect,loop-interchange,-0.0003985686380431064,-0.4237279631911888,0.6717649891550386,59367,59023,0.8256847763751196,False
lower-expect,loop-fusion,0.0008439488837295728,0.9024735720225743,0.36680717923416656,59496,59608,0.5829614098543003,False
lower-expect,loop-distribute,-0.0019528699324845578,-2.085209253569857,0.03705243989451954,59367,59419,0.1113563734665683,False
lower-expect,loop-load-elim,-0.001245140557193214,-1.3279391670561584,0.18420074721574015,59814,59385,0.3702926725343113,False
lower-expect,loop-sink,0.0007334073844505462,0.7791614232499497,0.43588618353660546,59423,59368,0.6467720198342934,False
lower-expect,loop-unroll-and-jam,-0.0006898463017538936,-0.7340691618249788,0.4629080370318785,59622,59118,0.6696519663896698,False
lower-expect,hotcoldsplit,-0.0012451236036791213,-1.3327115298246848,0.1826290339995602,59684,59599,0.3676233046618578,False
lower-expect,irce,-0.0023888461992079835,-2.5559871863223544,0.010589926291354572,60169,59461,0.03825659719275323,True
lower-expect,nary-reassociate,-1.975157588568477e-05,-0.02104279524379184,0.9832115528705883,59431,59459,0.993755778211414,False
lower-expect,scalarizer,-0.00207816483323342,-2.1897042182328224,0.028547637397790978,59238,59337,0.08943403843979958,False
lower-expect,vector-combine,-0.0018259202117285045,-1.9526011592601278,0.05086921977018697,59317,59437,0.14320910468731285,False
lower-expect,always-inline,-0.00016709285664484597,-0.17805098850975656,0.8586832363004536,59303,59379,0.9292987545440948,False
lower-expect,globalsplit,-0.0016526631936880087,-1.7605505993896484,0.07831706568643627,59429,59525,0.20014259080197339,False
lower-expect,lowerswitch,-0.0021319771337188764,-2.1098785174219565,0.034870911974847034,59435,59068,0.10593831752792938,False
lower-expect,early-cse-memssa,0.000276744703512688,0.3365766457637142,0.7364366604290656,59179,59238,0.8627623619502457,False
lower-expect,simple-loop-unswitch,-0.00028485420428187025,-0.3031097429743706,0.7618067602894554,59467,59309,0.8789732685013281,False
lower-expect,loop-versioning,-0.0013067019577628347,-1.3887831518585974,0.1649012866403931,59682,59903,0.3445856128515365,False
lower-expect,loop-flatten,-0.0008689372005913354,-0.9296756399554537,0.35254093172919504,59843,59480,0.5695339474635016,False
lower-expect,loop-reroll,-0.0014488396753484234,-1.541927772192552,0.1230938090507739,59597,59243,0.2828845987340555,False
lower-expect,loop-instsimplify,0.001452655656097479,1.5476091468413256,0.12171910534672992,58983,59209,0.2804802073792663,False
lower-expect,loop-simplifycfg,-0.0004956787079466451,-0.5310559449309733,0.5953810031703443,59387,59576,0.7725354567313015,False
lower-expect,loop-predication,-0.00038532169219746004,-0.4102375738182806,0.6816324234709945,59307,59005,0.8320675094490071,False
lower-expect,speculative-execution,0.00016798634550857505,0.17878113235048357,0.8581098656514846,59513,59304,0.9292987545440948,False
lower-expect,partially-inline-libcalls,-0.0007252918000293374,-0.7728205351385569,0.43963013318106,59718,59311,0.6501478857768244,False
lower-expect,load-store-vectorizer,-0.00016753397928226388,-0.1786192464883075,0.858236985650217,59320,59469,0.9292987545440948,False
lower-expect,iroutliner,0.000972789675113106,1.0465621636795448,0.29530368581875904,59775,59230,0.5094313804697183,False
lower-expect,global-merge,-0.0016176582937314499,-1.7260289081288906,0.08434480741040348,59484,59539,0.21186290302703017,False
lower-expect,break-crit-edges,-0.011612575315687323,-11.939971507511672,7.64922496128032e-33,59360,59462,1.5361212794037811e-31,True
lower-expect,unreachableblockelim,-0.0005631325793279962,-0.5990934423351713,0.5491117190968232,59593,58972,0.7391961127477346,False
alignment-from-assumptions,rpo-function-attrs,0.0011254198391106307,1.2040059428707186,0.22858967103973715,59665,59606,0.42748670095110347,False
alignment-from-assumptions,attributor,0.0019927593583242698,2.335588749100368,0.019514336290654532,59830,59340,0.06487108736350013,False
alignment-from-assumptions,inferattrs,-0.0021246497556746125,-2.2848615254494375,0.02232269610035343,59652,59648,0.07248397838224216,False
alignment-from-assumptions,called-value-propagation,0.0011846803086242863,1.2744108544516641,0.20252032332528724,59509,60110,0.39520594309448503,False
alignment-from-assumptions,licm,0.0008664159766054724,0.8820813352103166,0.37773460824011884,59307,59583,0.5940597292643797,False
alignment-from-assumptions,loop-simplify,9.13987740696065e-05,0.09763317160728407,0.9222237476802507,59512,59451,0.9658807691671201,False
alignment-from-assumptions,div-rem-pairs,0.0005206232995110249,0.5575776840583172,0.5771338443831304,59901,59437,0.7599114441606472,False
alignment-from-assumptions,float2int,0.0005680307612374591,0.6076298110415663,0.5434341852664357,59452,59412,0.7348811427784709,False
alignment-from-assumptions,inline,0.00010499194479435259,0.11217622904031596,0.9106838655072519,59556,59678,0.959972982475338,False
alignment-from-assumptions,sink,0.0021518171377393203,2.291531381124194,0.021934433356341113,59791,59505,0.07160106896945977,False
alignment-from-assumptions,loop-vectorize,-0.01337575189254192,-14.380353228465914,7.526898570517608e-47,59524,59468,2.8616829904997046e-45,True
alignment-from-assumptions,slp-vectorizer,0.00046038990937918856,0.4917721960881929,0.6228812991061696,59483,59788,0.7935030876682381,False
alignment-from-assumptions,callsite-splitting,0.0015708914516968653,1.671149745431373,0.09469474271753693,59302,59271,0.23162061991372557,False
alignment-from-assumptions,dfa-jump-threading,0.0016921492754570222,1.8092993510081616,0.07040703506312297,59492,59376,0.18516719228152423,False
alignment-from-assumptions,consthoist,0.00023958177999461316,0.2561838124835866,0.7978093486917383,59768,59657,0.8978176479469576,False
alignment-from-assumptions,mldst-motion,-0.0001759032725486831,-0.18791284731399446,0.850945291185262,59810,59443,0.9265217284038805,False
alignment-from-assumptions,slsr,0.0005623748666178097,0.6021114026033972,0.5471011270714995,59846,59686,0.7375036191435428,False
alignment-from-assumptions,loop-interchange,0.0008024199582754576,0.8529971679005152,0.3936625936614123,59315,59547,0.6083329722588907,False
alignment-from-assumptions,loop-fusion,0.0009391321694255939,0.9997909274989496,0.31741372624665454,59402,59841,0.5337020832897807,False
alignment-from-assumptions,loop-distribute,0.0004066676295623739,0.43252769044118394,0.665358716016562,59580,59296,0.8219384012368633,False
alignment-from-assumptions,loop-load-elim,0.001634438555857154,1.7391304723380387,0.08201440203438828,59505,59492,0.2073391855175368,False
alignment-from-assumptions,loop-sink,-0.00044036043605560904,-0.4679528246476571,0.6398191823536769,59839,59278,0.807409546099884,False
alignment-from-assumptions,loop-unroll-and-jam,-6.268580830776083e-05,-0.06705938128456525,0.9465345426237152,59827,59347,0.9761994387449219,False
alignment-from-assumptions,hotcoldsplit,-0.0002849410327119828,-0.3047114892113945,0.7605864300174553,59328,59960,0.8783416278231658,False
alignment-from-assumptions,irce,0.001198416128694646,1.2840993631762792,0.19910967750574673,59941,59701,0.39122603969518527,False
alignment-from-assumptions,nary-reassociate,-0.0003486908318045545,-0.37218846327785743,0.7097531970021876,59486,59681,0.8485293329574394,False
alignment-from-assumptions,scalarizer,-0.0020371161099168034,-2.1444891305496765,0.03199574175304077,59043,59678,0.09889133757293422,False
alignment-from-assumptions,vector-combine,-0.00037177889592665547,-0.39730887078977095,0.6911404211173625,59109,59592,0.8387065042130746,False
alignment-from-assumptions,always-inline,0.001220603868274106,1.3012356690062274,0.19318032336199759,59597,59207,0.38342328752437027,False
alignment-from-assumptions,globalsplit,-0.00011390367404223722,-0.12159092278678885,0.9032232078526626,59515,59583,0.9556172466260926,False
alignment-from-assumptions,lowerswitch,-0.0018324564710485158,-1.8163631226470602,0.06931721110439021,59397,59226,0.18266904352946978,False
alignment-from-assumptions,early-cse-memssa,0.0005203213093891712,0.6340503862408514,0.5260491581847587,59443,59601,0.7233175925040431,False
alignment-from-assumptions,simple-loop-unswitch,0.0005427875119363712,0.5786957436529071,0.5627955847439903,59411,59478,0.7484835527286622,False
alignment-from-assumptions,loop-versioning,0.0006127428490511622,0.6515623543733703,0.5146847930410449,59647,59826,0.7138017796383691,False
alignment-from-assumptions,loop-flatten,0.0011628512452825923,1.2435807803295578,0.21365633446723611,60068,59415,0.4089336294104089,False
alignment-from-assumptions,loop-reroll,0.00029119693520168743,0.3110524353429264,0.7557613037025781,59597,59598,0.875092035866143,False
alignment-from-assumptions,loop-instsimplify,0.0010677225518814781,1.1412087583097124,0.2537853581618843,59561,59387,0.4611709803071642,False
alignment-from-assumptions,loop-simplifycfg,0.00014074983922229833,0.15068749056921354,0.8802224966700348,59615,59560,0.941637106469762,False
alignment-from-assumptions,loop-predication,0.0002668572338647701,0.28382599647379625,0.7765442274558627,59097,59297,0.8837880309528414,False
alignment-from-assumptions,speculative-execution,0.0015017389303909612,1.5999192899525654,0.10961915188371803,59367,59286,0.25957551291813113,False
alignment-from-assumptions,partially-inline-libcalls,0.00034140302621321617,0.36367304012797225,0.7161028240684348,59373,59561,0.8520992582959559,False
alignment-from-assumptions,load-store-vectorizer,-0.0003380318119838299,-0.3603918175992462,0.7185547832768066,59901,59327,0.8528019079025578,False
alignment-from-assumptions,iroutliner,0.0007921996271305631,0.8528434031016294,0.3937478573120296,59845,59902,0.6083329722588907,False
alignment-from-assumptions,global-merge,0.0006147978597635939,0.6544728873784893,0.512808453295286,59618,59476,0.7120615770674636,False
alignment-from-assumptions,break-crit-edges,-0.00966276849483988,-9.926102861259979,3.272769876659199e-23,59243,59756,4.0218448599439656e-22,True
alignment-from-assumptions,unreachableblockelim,-0.00035572482494028446,-0.3805171731453255,0.7035622313634827,59556,59285,0.8464361591457445,False
rpo-function-attrs,attributor,0.0035588853328668013,4.15642681762623,3.2348867957740324e-05,59526,59866,0.0001925200105205336,True
rpo-function-attrs,inferattrs,-0.001889043062894058,-2.024698880280765,0.04290052712523404,59361,59404,0.125278496810154,False
rpo-function-attrs,called-value-propagation,0.0008533235740911804,0.9125952903876112,0.36145728266681965,59755,59145,0.5774689335241471,False
rpo-function-attrs,licm,-0.0027668129272652164,-2.811874549540181,0.004926177351174893,59505,59390,0.019621288244623194,True
rpo-function-attrs,loop-simplify,-0.00010018040008641371,-0.10696260919344949,0.9148188233683272,59223,59804,0.9631109396432037,False
rpo-function-attrs,div-rem-pairs,5.405922756329673e-06,0.005788900831114039,0.9953811608708006,59703,59708,0.9981412848865369,False
rpo-function-attrs,float2int,0.0009102422603598503,0.9751789418416661,0.3294734905112954,59078,59794,0.5462397073845184,False
rpo-function-attrs,inline,-0.0008552120828073662,-0.9145497807547754,0.3604298748018154,59855,59863,0.5763345813490849,False
rpo-function-attrs,sink,0.00013601423271197843,0.14541824640766335,0.884380904913434,59505,59796,0.9444329489067379,False
rpo-function-attrs,loop-vectorize,-0.015641688061298897,-16.861886155254865,1.0171367799461272e-63,59687,59817,8.29814089639382e-62,True
rpo-function-attrs,slp-vectorizer,3.5376371562256814e-05,0.037933992633744064,0.9697403739533685,59682,59363,0.9879975764824426,False
rpo-function-attrs,callsite-splitting,-0.0009677884529245562,-1.0287079229972407,0.30361904150560765,59173,59579,0.5182964980540364,False
rpo-function-attrs,dfa-jump-threading,0.0002609796077752691,0.27893545214507715,0.780294844623523,59898,59378,0.8854345440584516,False
rpo-function-attrs,consthoist,0.00011302301094062717,0.1204748943596473,0.9041071686059697,59840,59728,0.9558541231806095,False
rpo-function-attrs,mldst-motion,-0.0010131060649554158,-1.0798798213753849,0.28019788278265023,60050,59297,0.4940364290755778,False
rpo-function-attrs,slsr,-0.0015559309575468583,-1.6626129062359325,0.09639257939610137,59349,59666,0.23514524770426873,False
rpo-function-attrs,loop-interchange,0.0011073734803636603,1.17982470774632,0.23807229913332129,59524,59476,0.4393514972478889,False
rpo-function-attrs,loop-fusion,0.0005200308405672316,0.5536753058689876,0.5798021164681654,59681,59558,0.7612784702986176,False
rpo-function-attrs,loop-distribute,9.625306280347523e-06,0.010270308752636875,0.9918056404653037,59668,59465,0.9971223976111236,False
rpo-function-attrs,loop-load-elim,-0.00021241539944605314,-0.22749676201108943,0.8200378758627214,59672,59863,0.9100894612489406,False
rpo-function-attrs,loop-sink,0.0002034790270087905,0.2175069872643707,0.8278136346874132,59556,59611,0.9141901278725071,False
rpo-function-attrs,loop-unroll-and-jam,-0.00046058315399910565,-0.49219003738087214,0.6225859152081451,59505,59421,0.7935030876682381,False
rpo-function-attrs,hotcoldsplit,-0.00035049123882707756,-0.37456373694358774,0.7079856132154065,59781,59344,0.8485293329574394,False
rpo-function-attrs,irce,-0.0019697677524878054,-2.107422606391462,0.03508304505960546,59609,59693,0.10650015849101938,False
rpo-function-attrs,nary-reassociate,-0.001673842711906015,-1.7913955509186996,0.07323237461361226,59503,59889,0.19109344379907436,False
rpo-function-attrs,scalarizer,-0.0019185556490262101,-2.0354549638299377,0.04180732449949057,59519,59613,0.12283141259700393,False
rpo-function-attrs,vector-combine,-0.0012524760221691023,-1.3368334484635451,0.18127956284287758,59510,59549,0.3660089964888263,False
rpo-function-attrs,always-inline,0.001005951322208376,1.0707432904628245,0.28428704194509546,59482,59632,0.4978491082050937,False
rpo-function-attrs,globalsplit,-0.0005920956336478156,-0.6299383388204736,0.5287361378766872,59437,59510,0.7250326866360398,False
rpo-function-attrs,lowerswitch,-0.0005606907299954833,-0.5576683326003079,0.5770719349224346,59419,59562,0.7599114441606472,False
rpo-function-attrs,early-cse-memssa,-0.0005034670775677652,-0.6149111111989259,0.538614602688361,59414,59354,0.7316041568253978,False
rpo-function-attrs,simple-loop-unswitch,-0.0007495222274628288,-0.8019565886686031,0.4225796720560038,59638,59336,0.6341883421303794,False
rpo-function-attrs,loop-versioning,-0.0018133851490960695,-1.9254264043827973,0.05417841073068753,59478,59751,0.15100544941022945,False
rpo-function-attrs,loop-flatten,0.0016515761635972903,1.7638553844753457,0.07775888848981484,59908,59442,0.19915226116815885,False
rpo-function-attrs,loop-reroll,-0.0008769270836995746,-0.9364638958922034,0.3490362950861764,59472,59435,0.5657392928631899,False
rpo-function-attrs,loop-instsimplify,-0.0008897286184956776,-0.954676823230161,0.33974310083720377,59105,59430,0.5566927676768818,False
rpo-function-attrs,loop-simplifycfg,-0.000629519233485254,-0.6756438764266155,0.49926808659096317,59638,59669,0.7002628320523681,False
rpo-function-attrs,loop-predication,-0.0017475852908889755,-1.8627770953667666,0.06249610053288264,59666,59116,0.168899054304188,False
rpo-function-attrs,speculative-execution,-7.04210093034896e-05,-0.07524780497212427,0.9400176756656423,59492,59606,0.9737333090424388,False
rpo-function-attrs,partially-inline-libcalls,0.0008649242935027113,0.9229805100152341,0.35601922465319474,59633,59934,0.5725549419884643,False
rpo-function-attrs,load-store-vectorizer,0.0003082705337691949,0.32985737464725146,0.7415083139447208,59665,59199,0.8664034038111473,False
rpo-function-attrs,iroutliner,0.00019948921999241032,0.21408012086809142,0.8304849432530973,59964,59446,0.9152138068531759,False
rpo-function-attrs,global-merge,-0.0001129320398076672,-0.12106584358455524,0.9036390868887694,59791,59522,0.9556172466260926,False
rpo-function-attrs,break-crit-edges,-0.009797329016093037,-10.061677450626421,8.340475799505544e-24,59654,59471,1.0468366420148625e-22,True
rpo-function-attrs,unreachableblockelim,0.0004129106094070134,0.44155103389289346,0.6588149262375981,59538,59481,0.8169471979564389,False
attributor,inferattrs,-0.002278718785331313,-2.6597705024356753,0.007820440219536734,59444,59382,0.029334141666384914,True
attributor,called-value-propagation,-0.002174144182388482,-2.5399121728422474,0.011089291749892472,59194,59802,0.03980354398953155,True
attributor,licm,-0.0034157513432047093,-3.795068011514085,0.00014767580460713715,59701,59744,0.0008122169253392543,True
attributor,loop-simplify,-0.0010138777673299182,-1.1798894427967663,0.23804654511468806,59499,59651,0.4393514972478889,False
attributor,div-rem-pairs,-0.0015576084086081354,-1.8275869591368348,0.06761405661503989,59675,59834,0.17950959030813302,False
attributor,float2int,-0.0029418993320655673,-3.443055162415993,0.0005753795518185734,59250,59941,0.0028270844729253865,True
attributor,inline,-0.0018328772429085927,-2.1431880805023065,0.03210001791731228,59795,59362,0.09913538656482247,False
attributor,sink,-0.0015676173048172481,-1.8339603904068427,0.06666236815929383,59371,59711,0.17770580919795415,False
attributor,loop-vectorize,-0.017556480484172354,-20.86145932405009,1.787020542073162e-96,59245,59845,3.042596714242827e-94,True
attributor,slp-vectorizer,-0.002397140388286312,-2.8080987410791436,0.004984303775498397,59298,60012,0.019815770136905303,True
attributor,callsite-splitting,-0.002804946154496668,-3.2623833170533696,0.001105109084147465,59225,59174,0.005164209037615123,True
attributor,dfa-jump-threading,-0.002449310046177877,-2.87212301488349,0.004077959886107347,59773,59627,0.016634678035412888,True
attributor,consthoist,-0.0023429222177531184,-2.7372344947950293,0.00619672838542014,59718,59639,0.02407379797351713,True
attributor,mldst-motion,-0.002873810956787015,-3.349491369421648,0.0008098522500819432,59336,59592,0.0038864968275991296,True
attributor,slsr,-0.0023903396541252175,-2.7848192943642602,0.005356600248337714,59464,59823,0.02114561146420412,True
attributor,loop-interchange,-0.0027146676339920295,-3.160390586797717,0.00157597216698548,59388,59659,0.0071100311128054604,True
attributor,loop-fusion,-0.0027373518023594,-3.1943794075765326,0.0014016827064252874,59213,60006,0.006404888539511581,True
attributor,loop-distribute,-0.0016325471323179186,-1.8996800501849451,0.05747752739088016,59479,59910,0.1585611813648417,False
attributor,loop-load-elim,-0.002352539991523017,-2.7559593653394945,0.005852914815929087,59943,59359,0.022828699620695524,True
attributor,loop-sink,-0.0037841227752769546,-4.402470007523907,1.0711846094661955e-05,59346,59642,6.700892860494604e-05,True
attributor,loop-unroll-and-jam,-0.004767495811408451,-5.570633562802456,2.5436039320508145e-08,59840,59385,1.804484238751991e-07,True
attributor,hotcoldsplit,-0.003875920335037142,-4.542215134342258,5.572066756051133e-06,59357,59818,3.600695283283208e-05,True
attributor,irce,-0.0037718983158059327,-4.414296887864972,1.0142781940169541e-05,59549,59486,6.406311948016762e-05,True
attributor,nary-reassociate,-0.002125441920192317,-2.482737203303457,0.013039088796440095,59395,59800,0.04595956051022449,True
attributor,scalarizer,-0.0042458866168401665,-4.904880151978396,9.360760267912478e-07,59333,59602,6.341996056945548e-06,True
attributor,vector-combine,-0.004281384988850723,-5.002598306896928,5.664288683059744e-07,59668,59575,3.884650522392637e-06,True
attributor,always-inline,-0.0017277945965444297,-2.0210751196836894,0.043274223085767075,59459,59604,0.12590033997315295,False
attributor,globalsplit,-0.0034544425158282155,-4.025082515450335,5.699053796978185e-05,59400,59669,0.0003305738274120969,True
attributor,lowerswitch,-0.00479223625480607,-5.125855522707608,2.9665224392917554e-07,59579,59304,2.0488363090417135e-06,True
attributor,early-cse-memssa,-0.010415440465094072,-13.583756393233921,5.374532702899169e-42,59775,59258,1.7393942202110037e-40,True
attributor,simple-loop-unswitch,-0.0038754377787750816,-4.54499850279845,5.4989526539259945e-06,59421,59794,3.5652149988036744e-05,True
attributor,loop-versioning,-0.0038434774819377515,-4.5018469694283,6.742881571605555e-06,59926,60000,4.335816787259007e-05,True
attributor,loop-flatten,-0.0030325227230187934,-3.5427498399879442,0.00039612915589280973,59803,59539,0.002004188339116593,True
attributor,loop-reroll,-0.0022813885576287163,-2.6484393119314573,0.008087502268965345,59454,59683,0.030162532271684084,True
attributor,loop-instsimplify,-0.002670792920551557,-3.1147598860781005,0.0018413848986026267,59257,59574,0.008147868093703827,True
attributor,loop-simplifycfg,-0.0037324208707905093,-4.349702355758918,1.3643525911329706e-05,59579,59834,8.427136824726677e-05,True
attributor,loop-predication,-0.002415472261788565,-2.819593520841107,0.004809247547702996,59508,59278,0.019256659914933468,True
attributor,speculative-execution,-0.003578675294551248,-4.184258825577518,2.8630239643409587e-05,59628,59714,0.00017169374953076867,True
attributor,partially-inline-libcalls,-0.003970890547462358,-4.637529612631044,3.5297159551756135e-06,59437,59816,2.3269979260046635e-05,True
attributor,load-store-vectorizer,-0.0026246523682283973,-3.068722349616284,0.002150245645775702,59500,59616,0.009387248549451112,True
attributor,iroutliner,-0.0009601301967104847,-1.1155889513833799,0.264600364755339,59916,59713,0.4748739818432206,False
attributor,global-merge,-0.0020542440233448644,-2.3940355524779653,0.01666566998944447,59820,59323,0.056948310365326826,False
attributor,break-crit-edges,-0.011599166038574082,-12.817742063768627,1.381571850092982e-37,59346,59493,3.6310304462846426e-36,True
attributor,unreachableblockelim,-0.0019410417202606056,-2.2638396822583386,0.023585764138864602,59689,59650,0.07601798548789612,False
inferattrs,called-value-propagation,0.003235339474320864,3.479473169030746,0.0005025808228413558,59641,59115,0.0025071420410786613,True
inferattrs,licm,0.0028510204790510585,2.9082159709461903,0.003635643103328996,59359,59766,0.015065797240885024,True
inferattrs,loop-simplify,0.0012358708888018377,1.3254800663326685,0.18501452593781334,59271,59513,0.37154711978075744,False
inferattrs,div-rem-pairs,0.002699230982678602,2.9060717640104134,0.0036606475491294,59783,59579,0.01513737677126793,True
inferattrs,float2int,0.0016523297974769813,1.7731257511843435,0.07621043904585346,59036,59509,0.1966008427559698,False
inferattrs,inline,0.0019884243678034985,2.142058424480375,0.032190802142384366,59678,59478,0.09933741622504111,False
inferattrs,sink,0.002015799677774599,2.169374442095484,0.030056236207729705,59717,59581,0.09363581622073948,False
inferattrs,loop-vectorize,-0.011881194243671567,-12.846902198246022,9.48615895962491e-38,59183,59755,2.5315204148142556e-36,True
inferattrs,slp-vectorizer,0.0010294120433192444,1.1087482781573046,0.2675410289285804,59288,59742,0.47817921920781414,False
inferattrs,callsite-splitting,0.0012085156814353182,1.2895870115193508,0.1971966026215439,59366,59241,0.3888327773746052,False
inferattrs,dfa-jump-threading,0.0020268367347464067,2.175147357144905,0.029621038534434554,59403,59547,0.092427081195893,False
inferattrs,consthoist,0.0024352623474097057,2.602788494414497,0.009248042760250938,59682,59530,0.033973110177432146,True
inferattrs,mldst-motion,0.00037682429810181883,0.4042552560879928,0.6860257523948415,59523,59265,0.834828106394717,False
inferattrs,slsr,0.0017184323007939928,1.846707932732613,0.06479195808570877,59838,59411,0.17354672220494907,False
inferattrs,loop-interchange,0.00030349756605474454,0.32564290660998685,0.7446951211451055,59364,58974,0.8689589077485796,False
inferattrs,loop-fusion,0.002110615299215024,2.2594664635220085,0.02385618269522956,59300,59851,0.07682632519286099,False
inferattrs,loop-distribute,0.0026693933998884756,2.8615751795029927,0.004216150096646753,59538,59425,0.017109268164216256,True
inferattrs,loop-load-elim,0.0022081985339235666,2.3651257458301864,0.01802554956748062,59475,59165,0.060747032793678234,False
inferattrs,loop-sink,0.0012461212897005858,1.3367823676184474,0.181296240750132,59547,59523,0.3660089964888263,False
inferattrs,loop-unroll-and-jam,0.0010335070561902637,1.1083624061904043,0.26770757041694127,59796,59423,0.47825859751493704,False
inferattrs,hotcoldsplit,0.0026035351696250264,2.7933844677557844,0.005216799110877783,59438,59552,0.020635338705249896,True
inferattrs,irce,0.000983383085931766,1.0575067917841483,0.29028250378416304,59889,59111,0.5045478405764681,False
inferattrs,nary-reassociate,0.0019948295909806846,2.1354459161298767,0.03272664247964711,59101,59712,0.10051571133356713,False
inferattrs,scalarizer,0.0005467808881074454,0.581189268968699,0.5611139999222594,59500,59514,0.7468804975171883,False
inferattrs,vector-combine,0.0017230612770873233,1.8410531071507548,0.06561627377859353,59044,59506,0.17551456838591004,False
inferattrs,always-inline,0.0033141811842782865,3.559468409768031,0.0003717512305441822,59513,59211,0.0018930790881807771,True
inferattrs,globalsplit,0.0018119223911777782,1.9433471019109474,0.0519765937066313,59383,59371,0.14569816818551765,False
inferattrs,lowerswitch,0.0014627414984846876,1.4553580798146766,0.14557279504367507,59444,59482,0.3181155498833882,False
inferattrs,early-cse-memssa,0.004869496999519163,6.033637424240852,1.6078393287271219e-09,59499,58990,1.1857436556111881e-08,True
inferattrs,simple-loop-unswitch,0.001983450928573993,2.1295027798305384,0.033214741850615716,58983,59425,0.10169580069351927,False
inferattrs,loop-versioning,0.0004363694608967017,0.46713806878414305,0.6404019535715628,59555,59574,0.807409546099884,False
inferattrs,loop-flatten,0.001589528797864448,1.7004695072707616,0.08904526834324208,59630,59053,0.220417996733335,False
inferattrs,loop-reroll,0.00101382870671185,1.0896222448854154,0.27588178146816705,59754,59529,0.4892903334372021,False
inferattrs,loop-instsimplify,0.0011143068941426582,1.1994659377095533,0.23034921656727025,59144,59533,0.430160959502828,False
inferattrs,loop-simplifycfg,0.0018849665126261517,2.0355039974956455,0.041802388608983734,59644,59853,0.12283141259700393,False
inferattrs,loop-predication,0.002207865907560669,2.3686392845239577,0.017855252027034817,59585,58862,0.06022494998955069,False
inferattrs,speculative-execution,0.002207376605728173,2.3645586397055562,0.018053168830340385,59607,59131,0.060785861174593614,False
inferattrs,partially-inline-libcalls,0.0019026452318787745,2.035418163990074,0.041811025987028703,59528,59487,0.12283141259700393,False
inferattrs,load-store-vectorizer,0.0014970861929375912,1.6139629876746977,0.10653810241529003,59591,59585,0.2537732415196325,False
inferattrs,iroutliner,0.003229346309772785,3.5065428448498794,0.00045413519472735803,59528,59653,0.0022799915673747872,True
inferattrs,global-merge,4.3348941929255425e-05,0.04645630201261569,0.9629466406224745,59712,58948,0.9850833450046004,False
inferattrs,break-crit-edges,-0.007975577389422617,-8.234543422999495,1.8204594569484504e-16,59355,59526,1.693329984182929e-15,True
inferattrs,unreachableblockelim,0.002287423297935909,2.4483470799964637,0.014352769073116849,59379,59427,0.04987173353178845,True
called-value-propagation,licm,-0.0008270313323133216,-0.838448304434323,0.4017806608241904,58959,59591,0.6156373544483451,False
called-value-propagation,loop-simplify,0.0008351757544530214,0.891576575043677,0.3726217342275617,59694,59254,0.5883817384012627,False
called-value-propagation,div-rem-pairs,-0.0022129941328467018,-2.3754944292382825,0.017527027604927022,59601,59690,0.05937356410111956,False
called-value-propagation,float2int,-0.0010362617782401218,-1.104194284117414,0.26951111149329504,59183,59283,0.48035188689718744,False
called-value-propagation,inline,-0.001185117043839834,-1.2708015431241426,0.20380174550726077,59448,59483,0.3966638346950463,False
called-value-propagation,sink,0.0028100587240891817,3.0020759526520777,0.002682009937681817,59265,59525,0.011514462917965894,True
called-value-propagation,loop-vectorize,-0.015245306766278333,-16.45484008286011,9.037252356626055e-61,59639,59597,6.101703487680626e-59,True
called-value-propagation,slp-vectorizer,0.00036124526501940535,0.38603078714427924,0.6994745581309584,59124,59869,0.843681197632393,False
called-value-propagation,callsite-splitting,0.00040954927801756247,0.4367947855445186,0.6622609745806235,59617,59228,0.820154145939349,False
called-value-propagation,dfa-jump-threading,-0.0003538051239488915,-0.37793539811141574,0.7054792598954298,59333,59604,0.8470981318050271,False
called-value-propagation,consthoist,-0.0007380884699988988,-0.7873057013493782,0.4311045006280271,59432,59599,0.6431069159384375,False
called-value-propagation,mldst-motion,4.175869758116235e-05,0.044589318101820534,0.964434731830716,59566,59592,0.985318656365532,False
called-value-propagation,slsr,0.00033407375659999516,0.3572071407710453,0.7209373727397264,59413,59817,0.8542180791675548,False
called-value-propagation,loop-interchange,-0.00028870035819744677,-0.3094850481654514,0.7569531273649848,59070,59646,0.8759540327308748,False
called-value-propagation,loop-fusion,-0.00012827117791980314,-0.13677544196131172,0.8912085276740636,59010,59683,0.9483621180357699,False
called-value-propagation,loop-distribute,0.0010756867431926387,1.1512951981455937,0.24961311932075872,59525,59777,0.4559164996548932,False
called-value-propagation,loop-load-elim,-0.0011584013885242994,-1.2346043406430358,0.21698023845041595,59763,58873,0.4128846091839605,False
called-value-propagation,loop-sink,-0.00017903875836738914,-0.19033997072075054,0.84904305856415,59445,59607,0.9261427903446271,False
called-value-propagation,loop-unroll-and-jam,-0.0008326828782790341,-0.8938753504859277,0.3713903925366429,59632,59559,0.5876221321913105,False
called-value-propagation,hotcoldsplit,0.00020959466436032415,0.22403372683728187,0.8227314448319161,59307,59606,0.9119208428988913,False
called-value-propagation,irce,-0.001788251978762645,-1.9229534271183448,0.0544882747480389,59477,59935,0.15176108386438145,False
called-value-propagation,nary-reassociate,-0.0014961241450404672,-1.6010556917147807,0.10936724009167213,59505,59479,0.2592506732439395,False
called-value-propagation,scalarizer,-0.00021226899650778064,-0.22468379592623766,0.8222256583860361,59119,59538,0.9116182554472586,False
called-value-propagation,vector-combine,-0.00036508297166581993,-0.38982790744592977,0.696664504817932,59384,59415,0.8421265647187985,False
called-value-propagation,always-inline,0.00020834831666205478,0.22223979955382211,0.8241275957737643,59114,59509,0.9121774067411138,False
called-value-propagation,globalsplit,-0.0014636073370916658,-1.5644530142342943,0.11771387578678767,59567,59539,0.2742634760684035,False
called-value-propagation,lowerswitch,-0.0015241726809187561,-1.5098182700820162,0.13109246748751657,59159,59373,0.29656736145644996,False
called-value-propagation,early-cse-memssa,0.0012085728669374851,1.476747220022469,0.13974605282521035,59583,59549,0.30970319347115094,False
called-value-propagation,simple-loop-unswitch,-0.0011950687610111088,-1.2807930638210372,0.20026885970676725,59251,59642,0.3927361581008572,False
called-value-propagation,loop-versioning,-0.0020564258680773606,-2.1888395623397106,0.0286104387947234,59573,59488,0.0895591353478312,False
called-value-propagation,loop-flatten,-5.937467037214761e-05,-0.06364993446385718,0.9492490770607283,59579,59662,0.9766840214844487,False
called-value-propagation,loop-reroll,-0.0015349631883651016,-1.6366234578874856,0.10171181275165703,59398,59741,0.24480851796895445,False
called-value-propagation,loop-instsimplify,-0.0008368565273024209,-0.8935069363106304,0.3715875721967759,59254,59356,0.5876966610349655,False
called-value-propagation,loop-simplifycfg,-0.0013172752702537704,-1.4105421773235083,0.15838226055244642,59576,59659,0.335075598229811,False
called-value-propagation,loop-predication,-0.002144608634328582,-2.2891646421661704,0.02207153933674987,59519,58932,0.07190694512704865,False
called-value-propagation,speculative-execution,1.4452046394441975e-05,0.015378820243307723,0.9877299863149238,59310,59203,0.9953552821433972,False
called-value-propagation,partially-inline-libcalls,0.000358973301127552,0.38397910870336316,0.7009946168207692,59651,59504,0.8443847799046855,False
called-value-propagation,load-store-vectorizer,-0.0010993324313128272,-1.1743417820792619,0.24026051188493358,59187,59434,0.44254946591787386,False
called-value-propagation,iroutliner,0.00022693867600526163,0.24321012674534884,0.8078430423159528,59363,59435,0.9033447611962511,False
called-value-propagation,global-merge,-0.0004589765363421372,-0.48838517100199363,0.6252779457108173,59328,59384,0.7955128120219496,False
called-value-propagation,break-crit-edges,-0.009118322593215655,-9.349759123778373,8.930420378829469e-21,59388,59370,9.906947933001757e-20,True
called-value-propagation,unreachableblockelim,0.0009080435479058013,0.9685441129774218,0.33277467353248114,59407,59245,0.5503148739667214,False
licm,loop-simplify,0.00040132631679523634,0.40899646681727087,0.6825429885659172,59683,59563,0.8322767476311135,False
licm,div-rem-pairs,-0.00021512053001748743,-0.2192759680733712,0.8264354561463565,59713,59608,0.9134409388284314,False
licm,float2int,0.0008524183830887488,0.865406098089809,0.3868176824252075,59374,59451,0.6017724042340173,False
licm,inline,-0.0008592949547536199,-0.8721439361771122,0.3831316162520681,59643,59581,0.598339209334552,False
licm,sink,0.0015973972749526166,1.6244611973956886,0.10428006072494508,59865,59279,0.249761906910633,False
licm,loop-vectorize,-0.03251951265457301,-32.62290569286092,2.107045909375082e-232,59177,59771,1.0313989726391026e-229,True
licm,slp-vectorizer,0.0014230007250306542,1.4449185019315771,0.148483418547055,59285,59413,0.3216198947133778,False
licm,callsite-splitting,-0.0002934247419164593,-0.2966228076801143,0.7667550162336775,59706,58837,0.8796392388100126,False
licm,dfa-jump-threading,0.0008313821986385417,0.8462208268155833,0.3974312643068404,59678,59529,0.6112886217696728,False
licm,consthoist,0.0012044459586985634,1.223100117889326,0.22129429817933985,59785,59612,0.4186873109443089,False
licm,mldst-motion,0.0005994329872743287,0.6075807171855053,0.5434667491027712,59712,59639,0.7348811427784709,False
licm,slsr,0.001411787974441303,1.429578400097835,0.15284068228305736,59497,59574,0.32742019246195436,False
licm,loop-interchange,0.0004469533082128718,0.45224899229510906,0.6510904472445095,59032,59205,0.8107059432144672,False
licm,loop-fusion,4.666474435854884e-05,0.04734824070803965,0.9622357599988074,59586,59577,0.9846133358127332,False
licm,loop-distribute,0.0010702099581715308,1.0819468462256696,0.2792783458838639,59470,59210,0.4928589465890992,False
licm,loop-load-elim,0.001037589848295828,1.0526707934913648,0.292494031903427,59540,59711,0.5069299863789025,False
licm,loop-sink,-0.0016622639326032695,-1.6737264314846885,0.0941870114258452,59653,59055,0.23081122449537533,False
licm,loop-unroll-and-jam,-0.0018402766225538159,-1.8699076510431734,0.061499093303544534,60039,59149,0.1671273069928386,False
licm,hotcoldsplit,0.0007955740924305843,0.8054307740213699,0.4205727533173619,59214,59438,0.6329603773984586,False
licm,irce,-0.00045310963761968637,-0.459946722968141,0.6455552997049102,59999,59427,0.8088794706125393,False
licm,nary-reassociate,0.0009870910503851915,1.002915098692006,0.3159038623625659,59646,59585,0.5319010637003561,False
licm,scalarizer,-0.002067492069850463,-2.088126041829347,0.03678858335671718,59944,59275,0.11073335313213258,False
licm,vector-combine,0.00027960328171272586,0.2837702106865239,0.776586980211626,59219,59390,0.8837880309528414,False
licm,always-inline,0.0016852962099409008,1.7042787556138206,0.08833163901122486,59650,59088,0.21906694006837021,False
licm,globalsplit,0.0010582750903502802,1.0737935792459379,0.2829173871801247,59278,59642,0.49681815614231767,False
licm,lowerswitch,0.00029794378752234785,0.2823252366565214,0.7776946276448061,59472,59443,0.8842776312012371,False
licm,early-cse-memssa,0.0044632383655519026,5.128440401779687,2.9260769663161974e-07,59309,60082,2.0244730388859063e-06,True
licm,simple-loop-unswitch,0.00015959263724935058,0.16243375077347882,0.8709645712629714,59453,59122,0.9370047420510429,False
licm,loop-versioning,-0.002576718753333873,-2.583726573154248,0.00977510715640704,59600,59268,0.03553356604502466,True
licm,loop-flatten,-0.0007045238032967194,-0.715094213733823,0.47455223093193644,59994,59117,0.6794685690418513,False
licm,loop-reroll,8.330365165548637e-05,0.084336343118121,0.9327891592003995,60024,59283,0.9712316797204904,False
licm,loop-instsimplify,-0.0005304356317478165,-0.5371760288868078,0.5911470349425636,59312,59347,0.7688905506502771,False
licm,loop-simplifycfg,-0.0010144333294898056,-1.0323888080085537,0.3018921132342499,59463,59410,0.5160233589809353,False
licm,loop-predication,-0.00033253757963336295,-0.3364538689887405,0.7365292284002266,59441,59152,0.8627623619502457,False
licm,speculative-execution,-9.453843638546067e-05,-0.09578401440015993,0.9236922747280618,59544,59606,0.9666432249692919,False
licm,partially-inline-libcalls,-0.00015521125387912837,-0.157281502733731,0.8750232639209661,59451,59738,0.9390493564029879,False
licm,load-store-vectorizer,0.0002591783667748593,0.26296609869921783,0.7925771641989695,59639,59405,0.8944473126810273,False
licm,iroutliner,0.0011292298455646832,1.1550219019164185,0.2480837736118848,59704,59469,0.45418235505569937,False
licm,global-merge,0.0019515961215025301,1.9789093055066176,0.04782852239955384,59566,59336,0.13582051756102453,False
licm,break-crit-edges,-0.00935830336117599,-9.136150167057481,6.569326971451027e-20,59624,59208,6.878471770107547e-19,True
licm,unreachableblockelim,-0.000423414558774704,-0.42902517074235025,0.6679056846949898,59787,59072,0.8237854051230172,False
loop-simplify,div-rem-pairs,-0.0009983239802435206,-1.0657017457554832,0.2865606481387054,59618,59511,0.5002993749938344,False
loop-simplify,float2int,-1.7535113885358555e-05,-0.018745416932249428,0.98504422862793,59273,59490,0.993755778211414,False
loop-simplify,inline,0.0009316241533256497,0.9959953478367937,0.3192544237671739,59664,59751,0.5351884946370945,False
loop-simplify,sink,0.0005915990390281123,0.6300885400991362,0.5286378672990295,59309,59664,0.7250326866360398,False
loop-simplify,loop-vectorize,-0.016346618560329484,-17.525825541268436,1.1101616216102215e-68,59569,59706,1.1749710568177371e-66,True
loop-simplify,slp-vectorizer,0.000621161227569722,0.6633479279710879,0.5071090307338179,59435,59726,0.7072076083880451,False
loop-simplify,callsite-splitting,-2.0767118110720517e-06,-0.002207837878186286,0.9982384053818505,59537,59287,0.9990925656340707,False
loop-simplify,dfa-jump-threading,-0.0014306205231209845,-1.5248168451738096,0.12730745310793679,59219,59407,0.290861135572159,False
loop-simplify,consthoist,-0.0007322725969185484,-0.7783633189404284,0.4363564035756392,59218,59859,0.6467720198342934,False
loop-simplify,mldst-motion,4.7665979262534464e-05,0.050518654315271284,0.9597091693094391,59399,59421,0.9825414658864741,False
loop-simplify,slsr,-0.0004622962556277699,-0.4925541264762515,0.622328578482414,59310,59498,0.7935030876682381,False
loop-simplify,loop-interchange,-0.0015075665525420279,-1.6025017031121382,0.10904737050988779,59426,59345,0.258805759343467,False
loop-simplify,loop-fusion,0.00010675495258288814,0.11358121284318944,0.9095699727934249,59143,59709,0.9595479315439909,False
loop-simplify,loop-distribute,0.00023517653041266184,0.24980873057975186,0.8027356997896772,59388,59381,0.9011707109299385,False
loop-simplify,loop-load-elim,0.0006095520954810807,0.650284359821648,0.5155098124897299,59463,59612,0.7142031410597254,False
loop-simplify,loop-sink,-0.0019047789393030201,-2.0218775152775845,0.04319124454773268,59315,59481,0.12584004359513667,False
loop-simplify,loop-unroll-and-jam,-0.0015340160455737384,-1.6402432707475436,0.10095723677049713,59608,59480,0.243291408734318,False
loop-simplify,hotcoldsplit,-0.0004760199756584371,-0.5078150455726617,0.6115839968321842,59572,59647,0.785712871527947,False
loop-simplify,irce,-0.000523183524671178,-0.5584586615974365,0.5765322740705915,59505,59702,0.7599114441606472,False
loop-simplify,nary-reassociate,-0.0009660609338082438,-1.0304453818694803,0.30280307438366844,59290,59679,0.517354641922533,False
loop-simplify,scalarizer,-0.003705158070116732,-3.909226181929019,9.264366266934796e-05,59542,59116,0.0005200304924625977,True
loop-simplify,vector-combine,-0.0008279200705000878,-0.8799051175820238,0.3789124936862456,59518,59173,0.5944796976263371,False
loop-simplify,always-inline,0.0012719888636424925,1.3512557866483557,0.1766160806816515,59493,59413,0.3600356959653031,False
loop-simplify,globalsplit,0.0013890436573697484,1.4763943478710493,0.13984070677559887,59277,59660,0.3097376740572654,False
loop-simplify,lowerswitch,-0.002181627115927731,-2.1631283053739785,0.03053329886427628,59449,59444,0.09474516509707283,False
loop-simplify,early-cse-memssa,-0.0017138015864557876,-2.0920662615822545,0.03643470425279286,59588,59309,0.10992165011859542,False
loop-simplify,simple-loop-unswitch,-0.00012421061827649904,-0.13249962102345536,0.8945893471839894,59415,59376,0.9498947623569693,False
loop-simplify,loop-versioning,-0.00226510620781023,-2.4007008179285427,0.016365231608575358,59414,59942,0.056117554272487824,False
loop-simplify,loop-flatten,-0.0006885449731695026,-0.7348498535498601,0.46243238984234236,59552,59421,0.6694815708834607,False
loop-simplify,loop-reroll,-0.001619300566535864,-1.722051765038989,0.08506274402442722,59289,59549,0.2125754343329017,False
loop-simplify,loop-instsimplify,-0.002240176300284724,-2.38556047149242,0.01705467805737828,59233,59400,0.05801245643558452,False
loop-simplify,loop-simplifycfg,-0.0014043823310839754,-1.5064465718667783,0.1319552228469602,59273,59970,0.2979246418047459,False
loop-simplify,loop-predication,-0.0012752655266433655,-1.348142805317617,0.17761503641831788,59309,59042,0.3614669719233287,False
loop-simplify,speculative-execution,0.00018682547778697822,0.19874190221527105,0.8424649855730605,59220,59261,0.9217481673617984,False
loop-simplify,partially-inline-libcalls,0.0008296696657456026,0.8830818164244644,0.3771938442087562,59616,59901,0.5934476070395698,False
loop-simplify,load-store-vectorizer,0.00130558000080927,1.3910131964973536,0.16422402688127796,59288,59669,0.3435370134973742,False
loop-simplify,iroutliner,0.0013894066171739605,1.4938196921656544,0.13522539730357247,59735,59599,0.30328265804084475,False
loop-simplify,global-merge,-0.003020243556137614,-3.213588028289937,0.001311226401068641,59439,59155,0.0060408971606879976,True
loop-simplify,break-crit-edges,-0.00982883764717235,-10.082294195130387,6.76496195320749e-24,59225,59260,8.573330423547097e-23,True
loop-simplify,unreachableblockelim,0.0019037488676851289,2.0215861333708824,0.04322136328791084,59623,59182,0.12584004359513667,False
div-rem-pairs,float2int,0.0011488675617581934,1.2235416485166062,0.22112760455598987,59367,59725,0.4186873109443089,False
div-rem-pairs,inline,0.002348686230631114,2.5158147808907816,0.011877060777692091,59743,59451,0.0423593533747197,True
div-rem-pairs,sink,0.0010814037432755885,1.1545060971562096,0.24829505981844416,59616,59335,0.4543179709865492,False
div-rem-pairs,loop-vectorize,-0.015812174834156534,-17.02871073991093,6.001431023039727e-65,59386,60320,5.222578641383016e-63,True
div-rem-pairs,slp-vectorizer,0.00033725247217486487,0.3602946781390041,0.7186274173127328,59412,59747,0.8528019079025578,False
div-rem-pairs,callsite-splitting,0.00203066286446818,2.168630624021826,0.030112704551092488,59663,59817,0.09373716297462495,False
div-rem-pairs,dfa-jump-threading,-0.0012877211537337119,-1.3806917902245783,0.16737634036837806,59360,59618,0.3473480386235127,False
div-rem-pairs,consthoist,0.0009611544972957242,1.0255558279249868,0.3051030789753039,59475,59714,0.5196971105990823,False
div-rem-pairs,mldst-motion,-0.0008888506169443811,-0.9513478419867714,0.3414297541631659,59690,59696,0.5581825070658497,False
div-rem-pairs,slsr,0.0006237258928129541,0.6668650861060048,0.5048596073286478,59323,59653,0.7055782377940701,False
div-rem-pairs,loop-interchange,0.00011622778461700678,0.12407836215751096,0.9012534393869719,59595,59655,0.9546411870812501,False
div-rem-pairs,loop-fusion,-0.00019221295803989458,-0.20449951103847727,0.8379635235851756,59404,59670,0.9194354604537818,False
div-rem-pairs,loop-distribute,0.00040792156841551463,0.43556791255421184,0.6631510430218739,59710,59708,0.8206191152365859,False
div-rem-pairs,loop-load-elim,0.0007349020400188588,0.7848807532119995,0.4325250479314386,59496,59674,0.6445084047562837,False
div-rem-pairs,loop-sink,0.0004789219768440711,0.5119055261298151,0.6087180783776456,59231,60042,0.783759900732291,False
div-rem-pairs,loop-unroll-and-jam,-0.0014325969385478032,-1.5318470400107096,0.12556284018740865,59462,59690,0.2878829520924428,False
div-rem-pairs,hotcoldsplit,-0.0005714797298073115,-0.6106161569148046,0.5414548894205359,59210,59866,0.733680742896477,False
div-rem-pairs,irce,-0.0009763309752873761,-1.0469393053748288,0.2951296843991472,59986,59821,0.5094313804697183,False
div-rem-pairs,nary-reassociate,-0.0002795330266247009,-0.2986256207763546,0.7652262349286112,59410,59805,0.8796392388100126,False
div-rem-pairs,scalarizer,-0.001980867598167513,-2.0988021763947886,0.03583644373785307,59497,59685,0.10820008764643996,False
div-rem-pairs,vector-combine,0.0003699324475375798,0.3961230878690582,0.6920149359608322,59730,59460,0.8389877675611822,False
div-rem-pairs,always-inline,0.0004867512369263749,0.5191851034971057,0.6036326319678897,59354,59608,0.7791034713947563,False
div-rem-pairs,globalsplit,0.00035004168340879716,0.3727660250919508,0.7093232547139814,59393,59698,0.8485293329574394,False
div-rem-pairs,lowerswitch,-0.0009550881870890593,-0.9477893255026366,0.34323863867884646,59498,59613,0.5601769011532414,False
div-rem-pairs,early-cse-memssa,-0.00017383890430627824,-0.21302880951211628,0.8313048544734367,59882,59813,0.9152138068531759,False
div-rem-pairs,simple-loop-unswitch,-0.00025168096481303914,-0.2684226918111467,0.7883744398764516,59449,59572,0.891659503586376,False
div-rem-pairs,loop-versioning,-0.0025067780590652955,-2.6600751874161426,0.007813366209679333,59451,59753,0.029334141666384914,True
div-rem-pairs,loop-flatten,0.00043031122728232063,0.4587037968238746,0.6464477242089327,59522,59583,0.8088794706125393,False
div-rem-pairs,loop-reroll,-8.169217911191407e-05,-0.08687005278563847,0.9307749498845083,59207,59980,0.9706830103189705,False
div-rem-pairs,loop-instsimplify,-0.0007494115171386984,-0.8017891463214503,0.4226765400704078,59309,59621,0.6341883421303794,False
div-rem-pairs,loop-simplifycfg,-0.0006501062373530098,-0.6969872075162604,0.48581216165141794,59264,59718,0.6915450472653408,False
div-rem-pairs,loop-predication,-0.002385196024413172,-2.5382260753868113,0.011142865602359739,59330,59350,0.03995921400992741,True
div-rem-pairs,speculative-execution,0.0014198791717834336,1.5169272874923772,0.12928769891392447,59619,59419,0.29350181388227725,False
div-rem-pairs,partially-inline-libcalls,-0.0003660059700963947,-0.3904843510515117,0.6961791205418979,59710,59843,0.8419510302785893,False
div-rem-pairs,load-store-vectorizer,0.0008422463839328209,0.9034430542880209,0.3662926173451565,59889,59756,0.5829057637161466,False
div-rem-pairs,iroutliner,-5.0259565240240445e-05,-0.05413688046815927,0.9568261995105959,59495,59950,0.981308860984925,False
div-rem-pairs,global-merge,-0.0007137670310774502,-0.7647972967039915,0.44439377059347396,59788,59527,0.6542278216706933,False
div-rem-pairs,break-crit-edges,-0.008955691736590554,-9.186813579875002,4.1090529580960015e-20,59375,59394,4.325551447286006e-19,True
div-rem-pairs,unreachableblockelim,-0.00024218504037570865,-0.2572811359750321,0.7969621991066802,59269,59610,0.8978022100517061,False
float2int,inline,0.0004058212799608607,0.434960422079408,0.6635919448602511,59439,59493,0.8206191152365859,False
float2int,sink,0.002268940462374247,2.4308745323341605,0.015063895839203796,59925,59152,0.052111498327139634,False
float2int,loop-vectorize,-0.014292612408807526,-15.401986915447946,1.787884965516236e-53,59400,59587,8.751696906201976e-52,True
float2int,slp-vectorizer,-0.0004755438338895912,-0.5092335538189693,0.610589474012602,59279,59308,0.7849779873981897,False
float2int,callsite-splitting,0.0016951375813535896,1.806444096773468,0.0708515294489465,59535,59247,0.18595997193813554,False
float2int,dfa-jump-threading,0.00012061207520885908,0.1290984068028215,0.8972800009242498,59790,59176,0.9517195242739334,False
float2int,consthoist,0.0007889667399790246,0.8413083425198198,0.4001769138662862,59443,59218,0.6143052899648674,False
float2int,mldst-motion,-0.0012808529613804742,-1.3627933019422294,0.17295024200363543,59413,59565,0.35459327103991434,False
float2int,slsr,0.0014043037325680574,1.4996389317479624,0.13371061057700212,59368,59613,0.3009257189767473,False
float2int,loop-interchange,0.0006510189911872466,0.6952124210455305,0.4869235519825881,59304,59250,0.6923223804834108,False
float2int,loop-fusion,-0.0010077311254198529,-1.077124277126049,0.28142692631421673,59555,59773,0.4951153228861597,False
float2int,loop-distribute,0.0008868087995865248,0.9455763362184306,0.3443666358558165,59624,59545,0.5609566331162136,False
float2int,loop-load-elim,0.0005783667447552543,0.6167250892044309,0.5374172524852104,59270,59435,0.7303683401535491,False
float2int,loop-sink,-0.001257441157480499,-1.3419541572131342,0.17961342644430464,59319,59411,0.36443843417403987,False
float2int,loop-unroll-and-jam,-0.0007662478477099555,-0.8188026285102935,0.41290066850848167,59773,59396,0.6250170150286873,False
float2int,hotcoldsplit,-0.0011656425060184161,-1.2418226519856042,0.21430444680813618,59467,59723,0.409773541846026,False
float2int,irce,-6.351990056863155e-05,-0.06809480751128341,0.9457102780440242,59521,59620,0.9761205716448073,False
float2int,nary-reassociate,-0.0006408181012310665,-0.6842590907898671,0.49381291217268564,59011,59565,0.6958515163973505,False
float2int,scalarizer,-0.0025505288514475755,-2.7060671681144104,0.006809496617505392,59665,59462,0.026117520816994238,True
float2int,vector-combine,0.0016258799458853113,1.737889558737722,0.08223287275630384,59391,59153,0.20735923583818838,False
float2int,always-inline,0.0006227816022290611,0.6663019174865932,0.5052194291353354,59490,59767,0.7058292131623165,False
float2int,globalsplit,0.0005496652862240214,0.5868432746830303,0.5573100844582158,59211,59665,0.743695010327777,False
float2int,lowerswitch,-0.00019741943747136892,-0.19575839050017432,0.8447996151736282,59136,59341,0.9233143435724053,False
float2int,early-cse-memssa,-0.0005706215302297424,-0.6961241277175471,0.48635246058908443,59668,59084,0.6920625856347583,False
float2int,simple-loop-unswitch,-0.0011702306637005333,-1.2479451772526082,0.2120535937945899,59381,59444,0.40785946625717784,False
float2int,loop-versioning,-0.0010065356682826265,-1.0684915655462532,0.28530100567964045,59481,59237,0.4987672938578,False
float2int,loop-flatten,-0.0016245727350129857,-1.7303094764327518,0.08357759342826036,59546,59295,0.21020543087030674,False
float2int,loop-reroll,0.00034523089740018387,0.3687074178511941,0.7123464757122435,59489,59386,0.8495083355807538,False
float2int,loop-instsimplify,0.0008162279458647226,0.8718649639703129,0.38328381459362815,59229,59340,0.598339209334552,False
float2int,loop-simplifycfg,-0.0013723315575286388,-1.4719516484713195,0.14103657264685923,59475,59845,0.31156140917791314,False
float2int,loop-predication,-0.0011632010860597175,-1.2451179749140084,0.21309084334645054,59316,59506,0.40825036328018605,False
float2int,speculative-execution,0.001287940197119919,1.3692232506573396,0.17093209535920206,59549,58961,0.35230943167261475,False
float2int,partially-inline-libcalls,-0.00016243833686740983,-0.17351160471558877,0.8622496002526034,59840,59919,0.9310200046404974,False
float2int,load-store-vectorizer,-0.0014062035091920722,-1.5032325929760328,0.13278172696564786,59464,59637,0.2995237573718186,False
float2int,iroutliner,-0.0009470181914295606,-1.0205497431636041,0.30746988788159796,59388,59465,0.5223653279584979,False
float2int,global-merge,-0.0007965012624341905,-0.8536551935635549,0.39329778331803333,59727,59438,0.6083329722588907,False
float2int,break-crit-edges,-0.00991719020110332,-10.195721094966432,2.1205213733400794e-24,59536,59378,2.740581418481766e-23,True
float2int,unreachableblockelim,-0.0006839766840092132,-0.7307810678407528,0.4649143298046634,59642,59215,0.6703256684517901,False
inline,sink,0.0008209851638135701,0.8790550151925999,0.3793732175741948,59624,59680,0.5949641650062263,False
inline,loop-vectorize,-0.015323798112204134,-16.48878858139575,5.1619764083141524e-61,59295,59996,3.6096963598139676e-59,True
inline,slp-vectorizer,0.0002335900172407146,0.2495217969343107,0.8029576121584461,59737,59547,0.9011707109299385,False
inline,callsite-splitting,-0.0015976706082762027,-1.706073595404503,0.08799698667262447,59591,59444,0.2187685654688765,False
inline,dfa-jump-threading,-0.000131207848141357,-0.1401561072102256,0.8885368874451888,59549,59791,0.9470632692529557,False
inline,consthoist,0.0008633153039807051,0.9175183505613673,0.3588729335356231,59520,59976,0.575254362556488,False
inline,mldst-motion,-0.0011367065416783007,-1.2144095034989069,0.2245937916117205,59428,59896,0.42240847065117887,False
inline,slsr,-0.00026367531508825204,-0.281302438420042,0.7784789259843293,59860,59958,0.8845185573499468,False
inline,loop-interchange,0.0005573542425379441,0.5962289163836672,0.551023444446332,59480,59553,0.7407510499319726,False
inline,loop-fusion,-0.000924927773058748,-0.9818106225067279,0.32619515407096755,59285,59479,0.5426424058376843,False
inline,loop-distribute,0.0022042043118305488,2.356324809129449,0.018458379284865777,59667,59632,0.06188614150645067,False
inline,loop-load-elim,0.00024464995333273176,0.26107025581660015,0.7940387796373365,59759,59512,0.8955806051439544,False
inline,loop-sink,-7.930445801385133e-05,-0.0847625018104974,0.932450347464218,59784,59692,0.9712316797204904,False
inline,loop-unroll-and-jam,6.4172452796607e-05,0.06863057358943653,0.9452837968648354,59951,59549,0.9759819113896417,False
inline,hotcoldsplit,-0.0011355069957383335,-1.2160737376320063,0.22395923068491827,59835,59929,0.42225534297647566,False
inline,irce,-0.001651676263089652,-1.7683906429806129,0.07699817608571209,59672,59574,0.19798086510285526,False
inline,nary-reassociate,0.0004858889268348765,0.5215093901466659,0.6020129333857689,59730,59654,0.7785609799004858,False
inline,scalarizer,-0.0013176750435656137,-1.398319082205533,0.16201987409447666,59693,59408,0.340380808451701,False
inline,vector-combine,-0.0010775431186766937,-1.1498127159449443,0.25022332953490695,59327,59582,0.45660510645791963,False
inline,always-inline,0.0005916336966755864,0.6314489870967869,0.527748203609404,59616,59730,0.7243820418276993,False
inline,globalsplit,0.0005541263313257327,0.5913391151759999,0.5542943490194693,59510,59533,0.7425150164417667,False
inline,lowerswitch,-0.0013763145397925891,-1.3695887339434565,0.17081790147676706,59222,59881,0.35230943167261475,False
inline,early-cse-memssa,-0.00025003941764994986,-0.30531015779091886,0.7601304736096735,59534,59612,0.8780740220222658,False
inline,simple-loop-unswitch,-0.0008729552872501212,-0.9351391943597055,0.34971846269566076,59811,59493,0.566376137268903,False
inline,loop-versioning,0.0003539477458173734,0.3762669883548126,0.7067190863462021,59949,59592,0.8479096346898999,False
inline,loop-flatten,0.0004186957311198003,0.4458873969978311,0.6556793943920335,60077,59422,0.8148652835414799,False
inline,loop-reroll,0.0006504819678057605,0.6934079150106418,0.4880549439997675,59608,59926,0.6924721596750325,False
inline,loop-instsimplify,-0.0005680278912935655,-0.6081966987677845,0.5430581867509653,59405,59379,0.7348811427784709,False
inline,loop-simplifycfg,-9.754208710466283e-05,-0.10476199216195417,0.9165648463492267,59147,59959,0.9640794892032157,False
inline,loop-predication,0.0002783805657927685,0.2971134502035134,0.7663804144726727,59702,59331,0.8796392388100126,False
inline,speculative-execution,0.0007651325375858664,0.8166633259754901,0.4141224832910904,59659,59840,0.6263822497365431,False
inline,partially-inline-libcalls,-0.00028435297724732633,-0.3040311446371884,0.7611046929525979,59524,60000,0.8786810075478695,False
inline,load-store-vectorizer,0.002520402689920098,2.6991274555546623,0.006953131462297033,59469,60089,0.02651262201203036,True
inline,iroutliner,0.001697179739085175,1.821538481014482,0.06852753716086862,59635,60105,0.1811977282390017,False
inline,global-merge,-0.0009554527608783281,-1.0191718157728902,0.30812347710491267,59609,59358,0.5227952930428241,False
inline,break-crit-edges,-0.010257173519428897,-10.540133835013357,5.792733741217406e-26,59289,59668,8.130589724232029e-25,True
inline,unreachableblockelim,-0.00027723111854849325,-0.29596708897833407,0.7672557313364776,59653,59422,0.8796392388100126,False
sink,loop-vectorize,-0.015882052913531286,-17.097193417407237,1.8649888918612896e-65,59454,59626,1.6598401137565475e-63,True
sink,slp-vectorizer,-0.0026882625645590075,-2.8745935598538126,0.004046196163190453,59138,59783,0.01655684866776783,True
sink,callsite-splitting,-4.1861940476395354e-05,-0.04459954411379856,0.964426581056679,58830,59892,0.985318656365532,False
sink,dfa-jump-threading,-0.000894304625263076,-0.9564232894535577,0.33886037411554726,59425,59083,0.5564961356062009,False
sink,consthoist,-0.0009772679098385417,-1.0414591599600675,0.2976646101351242,59492,59726,0.5113597531528602,False
sink,mldst-motion,-0.0012756463109031002,-1.3588797857507324,0.1741872591153532,59545,59544,0.356011120404866,False
sink,slsr,-0.0012252987065137222,-1.3058947838563668,0.1915908666543595,59426,59504,0.3820111170155152,False
sink,loop-interchange,0.00025566364666568253,0.27126374352649757,0.7861886622497065,59354,59167,0.8908318291000725,False
sink,loop-fusion,-0.002716774687411383,-2.899759408777169,0.0037351739102555485,59182,59974,0.01539678003427445,True
sink,loop-distribute,-0.0017843742999633094,-1.9069311730414218,0.05653189633847785,59883,59618,0.1564515237183599,False
sink,loop-load-elim,-0.002004165289566706,-2.131729049970125,0.033031170055704,59469,59511,0.10121288101575654,False
sink,loop-sink,-0.0012648605044259242,-1.34981457142825,0.17707803841974754,59476,59472,0.36060197527391125,False
sink,loop-unroll-and-jam,-0.0007705118426962754,-0.8226102364593654,0.4107313232329212,59491,59590,0.6227270291711255,False
sink,hotcoldsplit,-0.0011724872268473185,-1.2573852329165447,0.20861663326218507,59720,59680,0.4034285115331934,False
sink,irce,-0.00160743708289951,-1.7239531899365421,0.08471887682281679,59807,59857,0.2123180291299379,False
sink,nary-reassociate,-0.001452999957133383,-1.555706791243058,0.11978048087147339,59806,59619,0.27787936202173563,False
sink,scalarizer,-0.003279779464992416,-3.4642918934453295,0.000531816925233744,59360,59326,0.0026361963028042295,True
sink,vector-combine,-0.00036162340460882403,-0.38563433071577413,0.6997681949558116,59352,59399,0.843681197632393,False
sink,always-inline,-0.0009099725585478557,-0.9694173322001042,0.33233897575908594,59610,59550,0.5500589302927221,False
sink,globalsplit,-0.00244252611080098,-2.60453407210742,0.009201068551157784,59435,59807,0.03386408312625365,True
sink,lowerswitch,-0.0028797764510077872,-2.8574375111744224,0.004271509531271583,59187,59524,0.01731597445596223,True
sink,early-cse-memssa,-0.00028752860628250554,-0.3504046091357292,0.7260356880853044,59126,59868,0.8558566389349945,False
sink,simple-loop-unswitch,-0.0012978658559292255,-1.3823561847061263,0.16686496349115226,59338,59361,0.3471405300912103,False
sink,loop-versioning,-0.0030881693763153972,-3.281898447895678,0.0010314031637692603,59449,60014,0.004854537006394739,True
sink,loop-flatten,-0.0028211964281436575,-3.012588329054296,0.002590844618051219,59938,59079,0.011195303993092324,True
sink,loop-reroll,0.0005516471072932183,0.5881427850044771,0.5564375758854515,59163,59580,0.743689265244856,False
sink,loop-instsimplify,-0.0006921714790296685,-0.7408045949136778,0.45881338818681316,59790,59397,0.6671790672631119,False
sink,loop-simplifycfg,-0.003396872125268402,-3.645476863639853,0.0002670098480629826,59335,59877,0.0013978750869179679,True
sink,loop-predication,-0.001280712319526811,-1.368546332742918,0.1711437104695949,59825,59308,0.35250723091022473,False
sink,speculative-execution,-0.00018247321414910367,-0.1951802283583755,0.8452521902945059,59290,59642,0.9235509031752626,False
sink,partially-inline-libcalls,-0.0019256664415244762,-2.0596858382051293,0.039430747589389616,59458,59924,0.11742266734604542,False
sink,load-store-vectorizer,-0.0008643361471948885,-0.924538248148171,0.3552080198232081,59597,59550,0.572198615836446,False
sink,iroutliner,0.00021116141957455703,0.2267553503005756,0.820614373766601,59445,59700,0.9100894612489406,False
sink,global-merge,-0.0020892029961870895,-2.2316104527650116,0.025642568927032573,59573,59807,0.08144063253711237,False
sink,break-crit-edges,-0.010996366622954168,-11.300113150245336,1.356818206563116e-29,59395,59744,2.3510177419916645e-28,True
sink,unreachableblockelim,-0.0020616187351502613,-2.19908173288259,0.027874025798981687,59525,59657,0.08768275985527159,False
loop-vectorize,slp-vectorizer,0.014862583764032822,16.06774272880861,4.9425940723717675e-58,59663,59624,2.9777228288319755e-56,True
loop-vectorize,callsite-splitting,0.015118691297165587,16.20190151030375,5.6581272288208425e-59,59307,59351,3.5737461658165197e-57,True
loop-vectorize,dfa-jump-threading,0.015948054214372787,17.111606616738516,1.458203261441862e-65,59403,59217,1.3279823190247282e-63,True
loop-vectorize,consthoist,0.015355277451550409,16.46654827567011,7.450452879840817e-61,59756,59546,5.118591838150288e-59,True
loop-vectorize,mldst-motion,0.013939523793803477,14.934288930467352,2.1911411236286167e-50,59864,58880,9.641020943965913e-49,True
loop-vectorize,slsr,0.013721358492156,14.729399147583505,4.609814364029425e-49,59986,59451,1.9002140052146557e-47,True
loop-vectorize,loop-interchange,0.013979550298968801,15.017693755488464,6.263402776602121e-51,59337,59527,2.8855865027263422e-49,True
loop-vectorize,loop-fusion,0.01568794516857236,16.790497471515128,3.3881649873395044e-63,59454,59510,2.6536108180843e-61,True
loop-vectorize,loop-distribute,0.013999469366938189,14.969755688121868,1.2872527931500701e-50,59768,59261,5.728274929517813e-49,True
loop-vectorize,loop-load-elim,0.015456817205784235,16.59803724690734,8.454043498619373e-62,59522,59402,6.019278971016993e-60,True
loop-vectorize,loop-sink,0.012000183520853469,12.826250080181683,1.2379415431263937e-37,59733,59465,3.27552640735335e-36,True
loop-vectorize,loop-unroll-and-jam,0.015038340434552988,16.200478651842495,5.7851613580607355e-59,60006,59376,3.5959828378041017e-57,True
loop-vectorize,hotcoldsplit,0.013249530293743761,14.294840268501032,2.5741349585249927e-46,59882,59320,9.333622682948028e-45,True
loop-vectorize,irce,0.013619101724422933,14.676930951983303,9.994421403214071e-49,59441,59820,4.034861259276939e-47,True
loop-vectorize,nary-reassociate,0.012424157080810239,13.354506970390986,1.1928749582605346e-40,59510,59433,3.649451825428323e-39,True
loop-vectorize,scalarizer,0.002829047287440045,2.968917604202283,0.002989104806737803,59923,59365,0.012613506921535815,True
loop-vectorize,vector-combine,0.014856565553200418,15.943060806077135,3.650673058030317e-57,59677,59096,2.071889231195177e-55,True
loop-vectorize,always-inline,0.01576489761744021,16.943718502932192,2.5484804269739425e-64,59657,59421,2.1695324678326e-62,True
loop-vectorize,globalsplit,0.014066144891006105,15.07701855462805,2.559223443872044e-51,59445,59518,1.1930855959765387e-49,True
loop-vectorize,lowerswitch,0.01295101976246249,12.993784857408038,1.410022454040138e-38,59567,59149,4.001194152189261e-37,True
loop-vectorize,early-cse-memssa,0.018867727111563204,23.056219908488902,2.307205171185337e-117,59771,59362,6.02334363357452e-115,True
loop-vectorize,simple-loop-unswitch,0.013137932827631704,14.165680231823861,1.627154182745103e-45,59530,59557,5.689228374669485e-44,True
loop-vectorize,loop-versioning,0.006797312417163748,7.184980032296069,6.760985621893607e-13,59642,59401,5.470252003168464e-12,True
loop-vectorize,loop-flatten,0.012075360699236981,12.982242014994082,1.6384302307207033e-38,60284,59301,4.582923416787338e-37,True
loop-vectorize,loop-reroll,0.015251616424779069,16.390071621644196,2.6219076153626177e-60,59736,59524,1.7402356308067814e-58,True
loop-vectorize,loop-instsimplify,0.01599281615489384,17.221786042555394,2.1944184085587095e-66,59665,59447,2.261405917872607e-64,True
loop-vectorize,loop-simplifycfg,0.015119926982365028,16.267749326610286,1.938128218693622e-59,59764,59478,1.2649516840673707e-57,True
loop-vectorize,loop-predication,0.014610561996800608,15.635283150581685,4.75136362038182e-55,59798,58961,2.5143702618128657e-53,True
loop-vectorize,speculative-execution,0.01556823244134048,16.743200340079177,7.495525697499425e-63,59514,59437,5.6447074291168744e-61,True
loop-vectorize,partially-inline-libcalls,0.01303308794681629,14.06281661146576,6.980409670750429e-45,59906,59686,2.356490023332645e-43,True
loop-vectorize,load-store-vectorizer,0.013973175316740027,14.970282550065717,1.2770184035517057e-50,59586,59524,5.728274929517813e-49,True
loop-vectorize,iroutliner,0.011039348907675384,11.985229304106875,4.436453306459586e-33,59683,59914,9.095890653453266e-32,True
loop-vectorize,global-merge,0.01333432624410269,14.338615426485275,1.3730485508493926e-46,59490,59464,5.072507665213417e-45,True
loop-vectorize,break-crit-edges,0.0029859481931410747,3.1125762783973028,0.0018550606279189728,59566,59362,0.008199116725655415,True
loop-vectorize,unreachableblockelim,0.013499548638095715,14.479000715842968,1.8050977949966028e-47,59646,59468,6.9987752130759375e-46,True
slp-vectorizer,callsite-splitting,-0.00016334490268815616,-0.17450340240894804,0.8614701547274253,59604,59074,0.9308822091370301,False
slp-vectorizer,dfa-jump-threading,-0.00025446303214948784,-0.27132438202947085,0.7861420276397277,59467,59135,0.8908318291000725,False
slp-vectorizer,consthoist,0.0003182758679003972,0.33935341716738876,0.7343441049664785,59660,59392,0.8615013526209496,False
slp-vectorizer,mldst-motion,-0.0007154227532665258,-0.7649699431145309,0.444290958031227,59757,59385,0.6542278216706933,False
slp-vectorizer,slsr,0.0005117705449832477,0.546946183168367,0.5844167278430333,59729,59687,0.7643874102315693,False
slp-vectorizer,loop-interchange,-0.0003044594831471126,-0.3246693381210479,0.745431915303541,59200,59521,0.8690048821118584,False
slp-vectorizer,loop-fusion,-0.00022096021222678397,-0.23572362423888987,0.8136475418079557,59617,59607,0.9072448102847251,False
slp-vectorizer,loop-distribute,-0.00010292502964592831,-0.10948496119486245,0.9128180335592799,59397,59827,0.9616022456981104,False
slp-vectorizer,loop-load-elim,-0.0005978448710833861,-0.637048300162477,0.5240946057546207,59647,59601,0.7218974590696782,False
slp-vectorizer,loop-sink,0.0008900987365305646,0.9511635004059954,0.34152331126909496,59670,59595,0.5581825070658497,False
slp-vectorizer,loop-unroll-and-jam,-0.00015014837223153998,-0.1602033602323991,0.8727211543818872,59624,59400,0.9376065954895667,False
slp-vectorizer,hotcoldsplit,-0.0005140096283343665,-0.5495521302564873,0.5826276295615869,59567,59605,0.762709945027717,False
slp-vectorizer,irce,-0.0014834744233806485,-1.5944392267693552,0.11084032682286278,59857,60110,0.2616339480640932,False
slp-vectorizer,nary-reassociate,-0.0005060847618117426,-0.5412302150813081,0.5883499240423737,59551,59812,0.7674811134410178,False
slp-vectorizer,scalarizer,-0.0026172319210397976,-2.7762634964204658,0.005499619976380114,59510,59778,0.02165062165484129,True
slp-vectorizer,vector-combine,0.0011579092571166738,1.2424973555991046,0.21405556319968636,59473,59572,0.40949759916461737,False
slp-vectorizer,always-inline,0.0013552603270676755,1.4447713105012256,0.14852476162577152,59417,59743,0.3216198947133778,False
slp-vectorizer,globalsplit,-0.0008735609203555095,-0.9291269527153402,0.35282518718578987,59318,59393,0.569758116709094,False
slp-vectorizer,lowerswitch,-0.0007407693993781717,-0.7372786239323129,0.4609543837660332,59522,59368,0.6688022848565344,False
slp-vectorizer,early-cse-memssa,-0.0014543201052368837,-1.7790416824707136,0.07523547294728287,60137,59282,0.19459848881212663,False
slp-vectorizer,simple-loop-unswitch,-0.0003471170558506098,-0.37083436912516893,0.7107615614111146,59691,59220,0.8485799617335136,False
slp-vectorizer,loop-versioning,-0.001658814629787786,-1.7649248980401873,0.07757894788256486,59376,59898,0.19882143973044766,False
slp-vectorizer,loop-flatten,0.0008292246167300732,0.8894665507345378,0.37375418362177515,60051,59417,0.589752429863214,False
slp-vectorizer,loop-reroll,-0.0006576333552249514,-0.7016095709106048,0.4829240506489136,59821,59416,0.6885598920483882,False
slp-vectorizer,loop-instsimplify,-0.0011795556364063708,-1.2586667710451183,0.20815319155926193,59396,59420,0.4029866529840867,False
slp-vectorizer,loop-simplifycfg,-0.0008481815492287215,-0.9100248431768906,0.36281124030704376,59761,59986,0.5782534867897368,False
slp-vectorizer,loop-predication,-0.00011137728014787296,-0.11885869855322163,0.9053875043521344,59616,59265,0.9566911675777006,False
slp-vectorizer,speculative-execution,-0.00043340898469873546,-0.4634462942611918,0.6430453461942814,59880,59614,0.8086584185320692,False
slp-vectorizer,partially-inline-libcalls,0.0004332978164014456,0.4631593234998524,0.6432510147414187,59624,59728,0.8086584185320692,False
slp-vectorizer,load-store-vectorizer,0.0017555416822591097,1.8743742772099723,0.06088130092139585,59356,59806,0.1661401912252168,False
slp-vectorizer,iroutliner,0.0013565294175035825,1.461220020300453,0.14395770329170934,59958,59390,0.31649622556793233,False
slp-vectorizer,global-merge,0.0013282241370023984,1.4184634254652928,0.15605812630479018,59757,59381,0.33217348397003754,False
slp-vectorizer,break-crit-edges,-0.008862007653225978,-9.112549247537029,8.167217520416315e-20,59410,59426,8.506070162220822e-19,True
slp-vectorizer,unreachableblockelim,0.0016773427242370298,1.7862971817196405,0.07405369631687024,59458,59627,0.192559279400308,False
callsite-splitting,dfa-jump-threading,-0.0005107857142028771,-0.5436064971287865,0.5867133110886226,59119,59317,0.7660673877248542,False
callsite-splitting,consthoist,0.0009430197299500342,0.9999029219152777,0.31735952378370463,59637,59344,0.5337020832897807,False
callsite-splitting,mldst-motion,-0.0020205578319812956,-2.1505183099373673,0.03151624342396799,59807,59415,0.09756332746897918,False
callsite-splitting,slsr,0.00035879190784221526,0.3807866142592008,0.7033622745229025,59350,59294,0.8464361591457445,False
callsite-splitting,loop-interchange,-0.0017994699357077315,-1.9166270729958128,0.0552877291684018,59088,59419,0.15376899674961753,False
callsite-splitting,loop-fusion,-0.0002785550761734146,-0.29573992140010225,0.7674292237863254,59286,59608,0.8796392388100126,False
callsite-splitting,loop-distribute,-0.00034159570269964856,-0.36440933868046227,0.7155530089541146,59520,59781,0.8520992582959559,False
callsite-splitting,loop-load-elim,0.0005828391332846072,0.6193384083091337,0.5356946385264142,59324,59095,0.7291554412476323,False
callsite-splitting,loop-sink,-0.00040457409298388924,-0.42943996022342756,0.667603856529411,59519,59385,0.8236725589694938,False
callsite-splitting,loop-unroll-and-jam,-0.0014551138685092724,-1.5526584235592018,0.120507417134164,59876,59226,0.27849499123416915,False
callsite-splitting,hotcoldsplit,-0.0014571872897451987,-1.5529883636524484,0.12042856888843702,59574,59667,0.27849499123416915,False
callsite-splitting,irce,-0.00035171056842414616,-0.37399532385428785,0.7084084616245786,59177,59815,0.8485293329574394,False
callsite-splitting,nary-reassociate,-0.0010357387662542905,-1.1041582814497413,0.2695267199526539,59490,59290,0.48035188689718744,False
callsite-splitting,scalarizer,-0.0036059679533859135,-3.8028336953530455,0.0001431220537964894,59261,59286,0.0007882784285049965,True
callsite-splitting,vector-combine,0.001337487901847234,1.4181066680093366,0.15616225331686392,59584,58981,0.33217348397003754,False
callsite-splitting,always-inline,-0.001390241294364436,-1.4752514067139102,0.14014761433933873,59496,59381,0.3100666992953957,False
callsite-splitting,globalsplit,-0.0013708119072335379,-1.460658610420885,0.1441117982956524,59179,59617,0.31649622556793233,False
callsite-splitting,lowerswitch,-0.0020959704523923484,-2.0662078287672947,0.03881102759374668,58950,59589,0.11566513246355556,False
callsite-splitting,early-cse-memssa,-0.0003591661431172066,-0.43771135743764944,0.6615963292679354,59720,59361,0.8198769700674795,False
callsite-splitting,simple-loop-unswitch,0.0009392832337012935,0.9977383374039548,0.3184082978327478,59332,59023,0.5341725676451313,False
callsite-splitting,loop-versioning,-0.0016428851158460933,-1.7384656280330226,0.08213138436788796,59658,59515,0.20735923583818838,False
callsite-splitting,loop-flatten,-0.000558174843567294,-0.5936948900297938,0.5527173318527085,59580,59216,0.7419800465108509,False
callsite-splitting,loop-reroll,0.0007867639189479969,0.8394860614384413,0.4011982933137212,59508,59556,0.6153907233123902,False
callsite-splitting,loop-instsimplify,-0.0019012752165979974,-2.023059510699661,0.04306925055382064,59525,59112,0.12567748522262415,False
callsite-splitting,loop-simplifycfg,0.0005494629835154363,0.5873459985225208,0.5569724687095542,59323,59658,0.743695010327777,False
callsite-splitting,loop-predication,-0.0003901595242101208,-0.414672159821256,0.6783826665683734,59358,59074,0.8299692819022315,False
callsite-splitting,speculative-execution,-0.0013965307677755168,-1.4892797537983897,0.1364163693420251,59625,59272,0.30388710320644335,False
callsite-splitting,partially-inline-libcalls,0.0001846098472846336,0.1970328771871206,0.8438021446955809,59813,59764,0.9227392344674379,False
callsite-splitting,load-store-vectorizer,-0.0007207219043553481,-0.7675241200714812,0.44277147786868976,59665,59572,0.6528212000503724,False
callsite-splitting,iroutliner,0.0006111415130463094,0.6559268740337497,0.5118724391377789,59838,59673,0.7113174136492343,False
callsite-splitting,global-merge,-0.0006437668451924061,-0.68523408002334,0.49319755908548285,59524,59235,0.6952345721305798,False
callsite-splitting,break-crit-edges,-0.010328210568984197,-10.571833537518286,4.134554847674244e-26,59300,59515,5.887606103088124e-25,True
callsite-splitting,unreachableblockelim,0.0016550497779793671,1.7603562287568129,0.07834999788034351,59549,59301,0.20014259080197339,False
dfa-jump-threading,consthoist,0.0007204419637314996,0.7686909834415916,0.4420783052813954,59411,59521,0.6520446868105252,False
dfa-jump-threading,mldst-motion,-0.0003359374444091845,-0.35793588967343376,0.7203919286410739,59354,59249,0.8538301430261639,False
dfa-jump-threading,slsr,-0.0003518840825307845,-0.37595336628831527,0.7069522362774574,59411,59446,0.8479096346898999,False
dfa-jump-threading,loop-interchange,-0.0001940054650350076,-0.20735327567340928,0.835734325807767,59349,59367,0.9180184066937491,False
dfa-jump-threading,loop-fusion,0.00010534327271111144,0.11215638548727311,0.9106995990541064,59311,59934,0.959972982475338,False
dfa-jump-threading,loop-distribute,-0.0002011790901695898,-0.21440634523860896,0.8302305611501326,59673,59383,0.9152138068531759,False
dfa-jump-threading,loop-load-elim,0.0006703489050475797,0.717510067861768,0.4730608339277149,59553,59542,0.6785737090333083,False
dfa-jump-threading,loop-sink,-0.0006220476601649372,-0.6634430278237669,0.5070481406578495,59303,59773,0.7072076083880451,False
dfa-jump-threading,loop-unroll-and-jam,-0.001290855467667995,-1.3825143006517933,0.16681643799834606,59511,59459,0.3471405300912103,False
dfa-jump-threading,hotcoldsplit,0.00017207577756622738,0.1833372077296779,0.8545337550862375,58894,59694,0.9273642479761023,False
dfa-jump-threading,irce,-0.0003361592249324086,-0.3602600758634617,0.7186532931763128,59514,59239,0.8528019079025578,False
dfa-jump-threading,nary-reassociate,-0.0012547099129531225,-1.3385353659462629,0.18072454342407507,59490,59210,0.3660089964888263,False
dfa-jump-threading,scalarizer,-0.001721605165708684,-1.8231677283361503,0.06828050888235646,59269,59300,0.18078869018479232,False
dfa-jump-threading,vector-combine,-0.0003944782933059665,-0.420126573275421,0.6743937520887772,59430,59200,0.8271291857010601,False
dfa-jump-threading,always-inline,-0.00017404646456009587,-0.1858431519772269,0.852568080849096,59619,59204,0.9268292801513031,False
dfa-jump-threading,globalsplit,0.00018018947626918802,0.19314763919021471,0.846843674719101,59426,59316,0.9246269125775892,False
dfa-jump-threading,lowerswitch,-0.0014538956036715955,-1.44647068201368,0.14804786979592147,59318,59390,0.32137220516675635,False
dfa-jump-threading,early-cse-memssa,-0.001850027624897499,-2.257260359982774,0.023993614642524076,59447,59636,0.0771420319705454,False
dfa-jump-threading,simple-loop-unswitch,-0.0018007271446549011,-1.927335462528121,0.05394021185377439,59632,59494,0.15044862508502888,False
dfa-jump-threading,loop-versioning,-0.003195397836553482,-3.402347093059064,0.0006683167485746496,59403,59804,0.003255134810221801,True
dfa-jump-threading,loop-flatten,-0.00036504198428766177,-0.38954913272109387,0.6968706700389404,59766,59171,0.8421265647187985,False
dfa-jump-threading,loop-reroll,-0.0005976767774372727,-0.6373935369620396,0.5238697660234038,59369,59382,0.7218416621209182,False
dfa-jump-threading,loop-instsimplify,0.00021732704800297986,0.23200916162364077,0.8165312992197941,59181,59156,0.9094114917044922,False
dfa-jump-threading,loop-simplifycfg,-0.0015311281990337822,-1.644233012664409,0.10013072008861944,59551,59529,0.24219388503213943,False
dfa-jump-threading,loop-predication,-0.0007017365671577735,-0.7513120066680525,0.45246639287312806,59569,59265,0.661141191974317,False
dfa-jump-threading,speculative-execution,0.0014050020746541048,1.4984768866414158,0.13401204665046715,59504,59473,0.30128746903324494,False
dfa-jump-threading,partially-inline-libcalls,0.0016369525451105371,1.7511672487192143,0.07991967812522978,59592,59601,0.20309244616378963,False
dfa-jump-threading,load-store-vectorizer,0.0005995756990885837,0.6398462885827595,0.5222737712585407,59551,59148,0.7207182086985067,False
dfa-jump-threading,iroutliner,0.0016174100928511015,1.7468537186065405,0.08066528094723172,59827,59847,0.20438098267219973,False
dfa-jump-threading,global-merge,-0.0014472642134101266,-1.5471377033443527,0.12183269477837896,59516,59873,0.2804802073792663,False
dfa-jump-threading,break-crit-edges,-0.010238874054796954,-10.55396402423897,5.000861728169355e-26,59138,59704,7.069810298740504e-25,True
dfa-jump-threading,unreachableblockelim,-0.0017598798169891072,-1.8771516912201802,0.06049975350743898,59492,59380,0.1655604715130196,False
consthoist,mldst-motion,-0.0008247790950570155,-0.8754978466002514,0.38130484915421875,59463,59497,0.5970371008748183,False
consthoist,slsr,0.0006084210153933234,0.6475155584273091,0.5172995721986219,59655,59881,0.7155581507346532,False
consthoist,loop-interchange,0.00022213114751629126,0.23691304108771238,0.8127246606418245,59423,59523,0.9067321285109359,False
consthoist,loop-fusion,0.0001381604667212155,0.1467121913500261,0.8833594440767105,59412,59534,0.9438569121430828,False
consthoist,loop-distribute,-0.0006490275246731625,-0.6899118797625814,0.4902509468980129,59623,59655,0.6932410109230864,False
consthoist,loop-load-elim,-0.00046075145508522874,-0.49200438468207364,0.6227171504428781,59413,59722,0.7935030876682381,False
consthoist,loop-sink,0.0007744514834868155,0.8248426582142975,0.4094625763701636,59489,59630,0.6222003989925415,False
consthoist,loop-unroll-and-jam,-0.00020717133232606155,-0.22078646270832838,0.8252590822205876,59932,59487,0.912704950741428,False
consthoist,hotcoldsplit,-0.0003993719278179153,-0.42639029103735876,0.6698242449043059,59665,59531,0.8242921880495955,False
consthoist,irce,-0.0009899918611134262,-1.0603568309010285,0.28898443279271246,59864,59858,0.5027379115132217,False
consthoist,nary-reassociate,-0.0005599643502044449,-0.5973502288501176,0.5502747090903706,59598,59778,0.7403503078441293,False
consthoist,scalarizer,-0.0016569262085628922,-1.7482103310332862,0.08043019289912944,59396,59656,0.20412484471353914,False
consthoist,vector-combine,-0.0004707119233789969,-0.4988659624129617,0.6178747380507149,59463,59341,0.7904598086267886,False
consthoist,always-inline,-0.0002001016671311917,-0.2121215755797428,0.8320125516847053,59523,59301,0.9152138068531759,False
consthoist,globalsplit,-0.002381899070951099,-2.536526583182752,0.011197089427305807,59502,59657,0.0401169279024058,True
consthoist,lowerswitch,0.00042728068447600576,0.42311182066546515,0.6722144439679921,59613,59239,0.8257188715742337,False
consthoist,early-cse-memssa,-0.0005095888181512742,-0.6198799935588881,0.5353379846306292,59603,59503,0.7290931319000721,False
consthoist,simple-loop-unswitch,-0.0018764032070940906,-2.002549956947766,0.0452278834942785,59515,59321,0.12994306072163947,False
consthoist,loop-versioning,-0.0013765057255527569,-1.4583198784393374,0.14475503196220266,59548,59492,0.3173555284182703,False
consthoist,loop-flatten,-9.55547748431318e-05,-0.10183810975877094,0.918885346559236,60238,59292,0.9649156931138765,False
consthoist,loop-reroll,-0.0005882082488055662,-0.6272141717467783,0.5305200546353547,59868,59489,0.7253898512402406,False
consthoist,loop-instsimplify,-0.000497873207128241,-0.5317768431535637,0.5948815561517713,59709,59246,0.7721550217381548,False
consthoist,loop-simplifycfg,-0.0019014071375603736,-2.035766469585472,0.0417760166974977,59695,59553,0.12283141259700393,False
consthoist,loop-predication,-0.0013505047954390226,-1.4346877399158653,0.1513787313120047,59520,59305,0.3258928597129249,False
consthoist,speculative-execution,-0.001658773713613948,-1.7714111121354446,0.07649491442260395,59793,59514,0.19707505584139282,False
consthoist,partially-inline-libcalls,-0.0013458459604845374,-1.4360374861612157,0.1509942886643252,59787,59894,0.325602221591133,False
consthoist,load-store-vectorizer,0.00023238018596843935,0.24824715067728165,0.8039436135226795,59729,59755,0.9018170124763142,False
consthoist,iroutliner,0.0014504210565546294,1.5561788810002604,0.11966821334767137,59586,59774,0.27778347567841205,False
consthoist,global-merge,-9.112244808384684e-05,-0.09717999093924254,0.9225836216991402,59411,59376,0.9659993215438056,False
consthoist,break-crit-edges,-0.011228507205862659,-11.488343774190454,1.5669380916735084e-30,59653,59239,2.867350264950214e-29,True
consthoist,unreachableblockelim,4.2029159521783654e-05,0.04462617059443988,0.9644053574337749,59428,59197,0.985318656365532,False
mldst-motion,slsr,-0.00022941158893041713,-0.24532269497305675,0.8062070009861029,59715,60014,0.9028704595294148,False
mldst-motion,loop-interchange,-0.0007531423489645639,-0.8008742358196317,0.4232060589765238,59209,59562,0.6346882514269601,False
mldst-motion,loop-fusion,-0.0002779956030595221,-0.29639338876369886,0.766930192148711,59076,59657,0.8796392388100126,False
mldst-motion,loop-distribute,-7.076519116849811e-05,-0.07512953617355332,0.9401117740967648,59497,59460,0.9737333090424388,False
mldst-motion,loop-load-elim,0.0011739975162902705,1.2466797835340575,0.21251740026236562,59369,59057,0.40811444368475935,False
mldst-motion,loop-sink,0.00018161495260160532,0.193018217850986,0.8469450294728836,59530,59660,0.9246269125775892,False
mldst-motion,loop-unroll-and-jam,-0.0005749453237127167,-0.6141527523427911,0.5391155652426419,59676,59381,0.7320307050936843,False
mldst-motion,hotcoldsplit,0.001148922205086722,1.2227406958421816,0.2214300737637617,59405,59536,0.41869636352433165,False
mldst-motion,irce,0.0004585507169167502,0.49178938749941925,0.6228691417738966,59847,59807,0.7935030876682381,False
mldst-motion,nary-reassociate,-0.0004499599969425838,-0.48007787543082814,0.6311729015250847,59331,59796,0.8004122676075879,False
mldst-motion,scalarizer,-0.002668622835020562,-2.814116072289624,0.004891959374819903,59455,59540,0.019533946507921146,True
mldst-motion,vector-combine,0.0018353146862330472,1.955027836532447,0.050582118684187376,59673,59525,0.1425032926383293,False
mldst-motion,always-inline,0.0008316960471880797,0.8838596462785947,0.37677377077617064,59640,59255,0.5930249543245516,False
mldst-motion,globalsplit,-0.0003134415057418072,-0.3348046384476201,0.7377730500532095,59494,59797,0.8637127844569112,False
mldst-motion,lowerswitch,-0.0008873382290592313,-0.8804935511007205,0.3785937727044992,59618,59564,0.5944796976263371,False
mldst-motion,early-cse-memssa,0.0006639411820183461,0.8084539272346462,0.41883093495845136,59420,59563,0.6312902186477581,False
mldst-motion,simple-loop-unswitch,-0.0009081596564025629,-0.9673789238881443,0.3333566112154104,59376,59445,0.5510256995798152,False
mldst-motion,loop-versioning,-0.0021730102655143635,-2.3050100655440917,0.021167719066755995,59627,59594,0.06959931810698278,False
mldst-motion,loop-flatten,-7.21048011925185e-05,-0.07681829675431794,0.938768223862983,59940,59363,0.9737333090424388,False
mldst-motion,loop-reroll,-0.001156620243749129,-1.2338736207602705,0.21725244301419935,59308,59437,0.41319114465449475,False
mldst-motion,loop-instsimplify,0.0005043506060075642,0.5368187034586587,0.5913938556074144,59239,59634,0.7688905506502771,False
mldst-motion,loop-simplifycfg,-0.001671836298820173,-1.7913106791429911,0.073245980373445,59719,59923,0.19109344379907436,False
mldst-motion,loop-predication,-0.0006650741815957262,-0.7100368015850724,0.47768270778426075,59622,59265,0.6829755844951821,False
mldst-motion,speculative-execution,0.0005500635549087196,0.586722160841867,0.5573914339407623,59767,59329,0.743695010327777,False
mldst-motion,partially-inline-libcalls,-0.0006447824259527835,-0.6892043023736294,0.49069604856108306,59718,59724,0.6932410109230864,False
mldst-motion,load-store-vectorizer,0.0014625256226153405,1.5589078960079426,0.11902084026369925,59327,59685,0.27677292783411295,False
mldst-motion,iroutliner,0.0017953315189996322,1.9291583116048598,0.05371358299788357,59565,59636,0.14992330079808416,False
mldst-motion,global-merge,0.0011446452505999294,1.2197184879476488,0.22257402349923572,59746,59475,0.42004813302313593,False
mldst-motion,break-crit-edges,-0.010773740381506691,-11.03519761917837,2.668066266731351e-28,59213,59640,4.247214431105679e-27,True
mldst-motion,unreachableblockelim,0.0006446299066708572,0.6872766389884867,0.4919097530638583,59668,59654,0.6943993938769794,False
slsr,loop-interchange,-0.0001624482800438587,-0.17345469182149376,0.8622943335927223,59421,59643,0.9310200046404974,False
slsr,loop-fusion,0.0004632523487552165,0.49373789436969734,0.621492212121133,59181,59613,0.7935030876682381,False
slsr,loop-distribute,-0.0007721202857056131,-0.8226523852507375,0.4107073497402192,59552,59327,0.6227270291711255,False
slsr,loop-load-elim,0.001429530741411611,1.5278764889514924,0.12654585571455693,59635,59763,0.289922523403617,False
slsr,loop-sink,-0.00012786573466022633,-0.13638347017187769,0.8915183700870847,59809,59756,0.9484035438250207,False
slsr,loop-unroll-and-jam,-0.0005448263575389967,-0.5828062810802694,0.5600248184696462,60105,59160,0.7456841853543471,False
slsr,hotcoldsplit,0.0004687195386082754,0.5012461292882444,0.6161988385655796,59835,59396,0.788573415628369,False
slsr,irce,-0.00027826642615397246,-0.29748604269967166,0.7660959802970121,59659,59631,0.8796392388100126,False
slsr,nary-reassociate,-7.560257510225155e-05,-0.08089421660294684,0.9355262147695433,59704,59874,0.9727643600227841,False
slsr,scalarizer,-0.002746597773419013,-2.8930342982635855,0.0038160895967570985,59060,59797,0.01568080468090325,True
slsr,vector-combine,0.00033057268829306263,0.3519479060512588,0.7248779555984783,59407,59310,0.8555662419351142,False
slsr,always-inline,0.0005829092838460226,0.6213217581665645,0.5343891286403973,59519,59687,0.7283911687280876,False
slsr,globalsplit,0.0005274572537500299,0.5601581466062597,0.5753726277892148,59249,59609,0.759406542103999,False
slsr,lowerswitch,-0.0026602406778525878,-2.641130019558822,0.008264082859561747,59461,59179,0.03070412569074364,True
slsr,early-cse-memssa,-0.0012228438507929096,-1.4862238037940727,0.13722258277003763,59631,59395,0.3053202466633337,False
slsr,simple-loop-unswitch,-0.00015508422803078847,-0.16573520416469478,0.8683656218615208,59717,59262,0.9349793168022312,False
slsr,loop-versioning,-0.0011424669546789556,-1.215084230396152,0.22433636862309017,59758,59753,0.42240847065117887,False
slsr,loop-flatten,-0.001272543338414145,-1.3611572340201137,0.17346657886351285,59725,59479,0.35517327874400817,False
slsr,loop-reroll,-3.2309743094816046e-05,-0.03447309065556956,0.9724999578379355,59763,59481,0.9891713856865858,False
slsr,loop-instsimplify,0.00043137358110112434,0.45814227879206704,0.6468510629635383,59640,59292,0.8088794706125393,False
slsr,loop-simplifycfg,-0.0006806391317151772,-0.7329378077243204,0.4635977994890579,60086,59454,0.6697404954180314,False
slsr,loop-predication,0.00047877888069364216,0.5095731779213438,0.610351468185835,59598,58879,0.7849380457851329,False
slsr,speculative-execution,0.0006840638184020809,0.7317383899628329,0.46432969738091795,59844,59443,0.6697404954180314,False
slsr,partially-inline-libcalls,0.0009384260238181064,0.9990301505676004,0.31778210617364944,59832,59819,0.5340921578437816,False
slsr,load-store-vectorizer,1.878908549507452e-05,0.02005435821846183,0.9840000432866365,59692,59386,0.993755778211414,False
slsr,iroutliner,0.0007074690974213094,0.7602608508480991,0.4471001820572236,59562,59624,0.6567308000510457,False
slsr,global-merge,0.0004984712759489307,0.5317637449098155,0.5948906283411678,59688,59345,0.7721550217381548,False
slsr,break-crit-edges,-0.009629396021162195,-9.908122733957134,3.917653974504779e-23,59956,59495,4.7792937583055185e-22,True
slsr,unreachableblockelim,-0.0007266387373326966,-0.7785596496736142,0.4362406973866136,59942,59575,0.6467720198342934,False
loop-interchange,loop-fusion,-8.587332655646263e-05,-0.09156888970431522,0.9270407241727211,59320,59645,0.9691060087910431,False
loop-interchange,loop-distribute,0.00018293099641714106,0.19487934356564166,0.8454877395003362,59159,59422,0.9235509031752626,False
loop-interchange,loop-load-elim,0.0017849862812477357,1.9028107372307408,0.0570676573231773,59242,59749,0.1577113239785196,False
loop-interchange,loop-sink,-0.0008692078119309499,-0.9226696958446762,0.356181233783504,59717,59279,0.5725803413367003,False
loop-interchange,loop-unroll-and-jam,0.00011465103315438929,0.1223805714281335,0.9025978311045622,59972,59156,0.9553040297639768,False
loop-interchange,hotcoldsplit,-0.000560261810600371,-0.5969584079451609,0.5505362861190256,59513,59424,0.7403503078441293,False
loop-interchange,irce,-0.0007860370001753769,-0.8383591436583225,0.401830714496928,59400,59438,0.6156373544483451,False
loop-interchange,nary-reassociate,-0.00022591794102677643,-0.24099867668313474,0.8095565579903701,59539,59284,0.9044860145764021,False
loop-interchange,scalarizer,-0.0007174095627247024,-0.7532272044637902,0.45131489771144906,59098,58887,0.6601233312927256,False
loop-interchange,vector-combine,0.0004861744905559351,0.518719403166681,0.6039573986876138,59339,59025,0.7791034713947563,False
loop-interchange,always-inline,0.002605617507300151,2.7755782768475474,0.00551122463337192,59717,59132,0.02166863018502454,True
loop-interchange,globalsplit,-0.0007822022968014264,-0.8329831588672848,0.40485589870105954,59576,59464,0.6176142186651147,False
loop-interchange,lowerswitch,-0.000783990115967026,-0.7752855960063356,0.43817246558196554,59415,59114,0.6487271739958326,False
loop-interchange,early-cse-memssa,0.0009289302207067252,1.133692677025848,0.2569257684842589,59527,59413,0.46573462206316646,False
loop-interchange,simple-loop-unswitch,7.544031244088867e-06,0.008030900137060754,0.9935923511547745,59466,59149,0.9976686274672043,False
loop-interchange,loop-versioning,-0.0009249853440667088,-0.9843194940542386,0.324960449608037,59494,59469,0.5414736348452476,False
loop-interchange,loop-flatten,-0.0005202120509511521,-0.5563267977331295,0.5779885137559493,59934,59467,0.7602966139967408,False
loop-interchange,loop-reroll,-0.0006897785816694646,-0.7354924819444534,0.46204106814953444,59563,59317,0.6693869119029141,False
loop-interchange,loop-instsimplify,0.0011105468969009324,1.1843733629578044,0.2362676774348349,59095,59297,0.43807965191042303,False
loop-interchange,loop-simplifycfg,7.962338216466192e-05,0.08545509705162294,0.931899735700523,59532,59686,0.9712316797204904,False
loop-interchange,loop-predication,0.0009793028515468483,1.0427999956236385,0.2970430656758134,59617,58660,0.5113057781039495,False
loop-interchange,speculative-execution,0.0011920843273250936,1.2751987767028212,0.20224138872798522,59536,59227,0.3951982426441068,False
loop-interchange,partially-inline-libcalls,8.203130437867134e-05,0.08771722696941904,0.9301015749597525,59623,59296,0.9704976732060727,False
loop-interchange,load-store-vectorizer,0.000172409258683337,0.18371282631783906,0.8542390595617645,59646,59276,0.9273642479761023,False
loop-interchange,iroutliner,0.0009813192434830476,1.0517824746325646,0.2929015010389759,59363,59434,0.5069299863789025,False
loop-interchange,global-merge,0.0014942161239129281,1.591376535555556,0.11152751864168642,59835,59206,0.2627808441641661,False
loop-interchange,break-crit-edges,-0.008993959956924702,-9.209842415391208,3.317094972893232e-20,59430,59202,3.5202558032113536e-19,True
loop-interchange,unreachableblockelim,0.0012232170157798206,1.3002264821291334,0.19352588615109295,59449,59032,0.38352599704842105,False
loop-fusion,loop-distribute,-0.0001694775377094615,-0.17982390939295007,0.8572911189659612,59455,59477,0.9292987545440948,False
loop-fusion,loop-load-elim,-0.00043032829018585517,-0.4590554478743868,0.6461951865682888,59557,59561,0.8088794706125393,False
loop-fusion,loop-sink,-0.0022650742855362394,-2.414821012351317,0.015744437176746277,59852,59500,0.05417857292103552,False
loop-fusion,loop-unroll-and-jam,0.00011240858458105851,0.11976427435329302,0.904670085986657,59779,58853,0.9561911084274625,False
loop-fusion,hotcoldsplit,0.00043226765369813736,0.46238644884211105,0.6438050598212133,59501,59631,0.8088356157394517,False
loop-fusion,irce,-0.0017533399875165334,-1.8720272153716635,0.06120529390905404,59429,59345,0.1667918795740123,False
loop-fusion,nary-reassociate,0.00017392408683375438,0.18568036655757747,0.8526957428413239,59685,59119,0.9268292801513031,False
loop-fusion,scalarizer,-0.001682099177583718,-1.767090659812469,0.07721562284389565,59137,59319,0.19827959282406252,False
loop-fusion,vector-combine,-0.0003661784250867939,-0.38941563123243667,0.6969694066020495,59830,59354,0.8421265647187985,False
loop-fusion,always-inline,0.00033152180249090835,0.3527915469916588,0.7242453476559487,59541,59186,0.8553127459788207,False
loop-fusion,globalsplit,-0.00019570008971203645,-0.20826979761932565,0.8350186683603421,59491,59734,0.9180184066937491,False
loop-fusion,lowerswitch,-0.0005831037746913403,-0.5779624250349428,0.5632905843465694,59574,59140,0.7484835527286622,False
loop-fusion,early-cse-memssa,5.4597147993218353e-05,0.06657639346129184,0.946919050977054,59750,59482,0.9763388635139925,False
loop-fusion,simple-loop-unswitch,-0.0010165416792162763,-1.0880071987477837,0.27659414029231794,59488,59128,0.48988812907495116,False
loop-fusion,loop-versioning,-0.0018933763564879524,-2.008191285973285,0.04462522678316738,59243,59639,0.12868364365455337,False
loop-fusion,loop-flatten,-1.878793631093778e-05,-0.019900331993013682,0.9841229137529419,59530,59187,0.993755778211414,False
loop-fusion,loop-reroll,-0.0007041647893765712,-0.7492723021713017,0.4536945808304583,59720,59185,0.6621494428924705,False
loop-fusion,loop-instsimplify,-0.0006451432267987056,-0.6867360178371241,0.49225043856039186,59526,59037,0.6943993938769794,False
loop-fusion,loop-simplifycfg,-0.0022041588920806987,-2.35942326364313,0.018304967282765615,59778,59550,0.06142438035930604,False
loop-fusion,loop-predication,-0.001382597223138493,-1.4681185626997884,0.14207467258611017,59433,59151,0.3127399763053442,False
loop-fusion,speculative-execution,0.0010455282721310022,1.1163969483555787,0.2642545132498381,59643,59374,0.4744707353903558,False
loop-fusion,partially-inline-libcalls,-0.0021792345176535055,-2.3229763338387905,0.0201820910889205,59879,59819,0.06680732772968104,False
loop-fusion,load-store-vectorizer,0.0006303868970170545,0.6722627656353268,0.5014177347900404,59746,59299,0.7025230230546684,False
loop-fusion,iroutliner,0.0012424215173126307,1.3325407059346326,0.18268512535035117,59587,59463,0.3676233046618578,False
loop-fusion,global-merge,0.00028029386541056356,0.29855244851879137,0.7652820740871706,59595,59245,0.8796392388100126,False
loop-fusion,break-crit-edges,-0.010041125581294386,-10.305305279860066,6.830841159724794e-25,59516,59441,9.067652197112641e-24,True
loop-fusion,unreachableblockelim,0.0005747318203387364,0.6111086557921572,0.5411288206888936,59597,59047,0.733629774435289,False
loop-distribute,loop-load-elim,-0.0008588126847188238,-0.9147737838409742,0.3603122538359998,59312,59692,0.5763345813490849,False
loop-distribute,loop-sink,-0.0018348069404341971,-1.9401989015302503,0.0523578893225525,59241,59351,0.1466620132955047,False
loop-distribute,loop-unroll-and-jam,-0.0021856796648090926,-2.3223727789219772,0.02021455148921476,59754,59140,0.06685826320250422,False
loop-distribute,hotcoldsplit,-0.000160485105633823,-0.17112861980284572,0.8641229229971599,59559,59611,0.9322836643755097,False
loop-distribute,irce,-0.0003682352343166162,-0.3926643254955835,0.6945681242364342,59839,59467,0.8404719254499388,False
loop-distribute,nary-reassociate,-0.00031008478180144516,-0.3301532912375212,0.7412847178128489,59750,59531,0.8664034038111473,False
loop-distribute,scalarizer,-0.0031673024410165396,-3.321322312686873,0.0008961907603282794,59304,59266,0.0042798573383482225,True
loop-distribute,vector-combine,-2.952290702740168e-06,-0.003131651464271884,0.9975013129851885,59317,59583,0.9990925656340707,False
loop-distribute,always-inline,0.0017434224134701415,1.8505213700575114,0.06424092574877617,59078,59544,0.1724245820645699,False
loop-distribute,globalsplit,0.00013711991662024303,0.145937800471738,0.8839707375049293,59168,59959,0.944252429915249,False
loop-distribute,lowerswitch,-0.002625060297391457,-2.599209489943911,0.009345034208247062,58797,59364,0.0342972389498552,True
loop-distribute,early-cse-memssa,0.001231154122447231,1.5028051357151995,0.13289195812327795,59287,59572,0.2995998319002628,False
loop-distribute,simple-loop-unswitch,-3.471782534247847e-05,-0.0370141219368642,0.9704738078967813,59571,59372,0.9882423401551262,False
loop-distribute,loop-versioning,-0.0015439150546606162,-1.6435809996401112,0.1002654068837653,59876,59875,0.2422977769850182,False
loop-distribute,loop-flatten,0.0008534845111858869,0.9103052167273488,0.3626634060170013,60065,59347,0.5782534867897368,False
loop-distribute,loop-reroll,-0.0023081163406072913,-2.45313180398991,0.014163268900252064,59278,59660,0.04925698136180025,True
loop-distribute,loop-instsimplify,0.0008625898437461532,0.9177303414428806,0.3587619227725379,59297,59446,0.575254362556488,False
loop-distribute,loop-simplifycfg,-0.000965830882092289,-1.0325177007028308,0.3018317555670548,59112,60080,0.5160233589809353,False
loop-distribute,loop-predication,-0.0010186677719870585,-1.0800518021333376,0.2801213104047134,59452,59091,0.4940364290755778,False
loop-distribute,speculative-execution,0.0010984458109816186,1.168166397860815,0.24274199109854366,59479,59568,0.44586193111721245,False
loop-distribute,partially-inline-libcalls,0.0007605201515765714,0.8134525926850511,0.41596023576698077,59681,59913,0.6284337512590651,False
loop-distribute,load-store-vectorizer,-0.0019109110831613263,-2.033300997097772,0.04202434126482154,59272,59506,0.12317913203071942,False
loop-distribute,iroutliner,0.0009444626924153821,1.010392703250635,0.31230923833181234,59185,59745,0.5283925008473906,False
loop-distribute,global-merge,-0.0010873956907004323,-1.154274698322225,0.24838988148166544,59630,59515,0.4543179709865492,False
loop-distribute,break-crit-edges,-0.009704812496954984,-9.925689285209286,3.286492224673312e-23,59399,59326,4.0218448599439656e-22,True
loop-distribute,unreachableblockelim,-3.2887868628317385e-05,-0.035016361555546625,0.9720667529278436,59458,59632,0.9891713856865858,False
loop-load-elim,loop-sink,-0.0007222037659770919,-0.7671699034894932,0.4429820218445027,59768,59609,0.6528858101404112,False
loop-load-elim,loop-unroll-and-jam,-0.001453737384164766,-1.5525067627394744,0.12054366959701653,59968,59291,0.27849499123416915,False
loop-load-elim,hotcoldsplit,-0.0012797839831294455,-1.3642836210401659,0.17248089891459809,59227,59777,0.3540016772272359,False
loop-load-elim,irce,-0.0015393167464201607,-1.645076193492236,0.09995673191982841,59539,59862,0.2420720854657069,False
loop-load-elim,nary-reassociate,-0.001655915997851809,-1.7656524491946533,0.07745674691079522,59223,59409,0.19863825861340803,False
loop-load-elim,scalarizer,-0.0020959761780140473,-2.2044418820315377,0.02749519391947557,59584,59152,0.08669177084433682,False
loop-load-elim,vector-combine,-0.0014206060391300235,-1.5122484154973215,0.13047333723311733,59661,59205,0.29552757987162437,False
loop-load-elim,always-inline,0.0003976245170494441,0.4227110098210911,0.6725068847547946,59639,59495,0.8258190532141033,False
loop-load-elim,globalsplit,-0.0011503494198599196,-1.227909145373251,0.21948350587346954,59381,59575,0.4164231632754393,False
loop-load-elim,lowerswitch,-0.0018816598983885102,-1.8684092914520523,0.06170749895906506,59524,59441,0.1674612376463609,False
loop-load-elim,early-cse-memssa,-0.0016170559722478162,-1.9715527962837103,0.048662991139880186,59730,59379,0.13788022779716996,False
loop-load-elim,simple-loop-unswitch,-0.0020493096010996137,-2.181632043781203,0.029138651009467716,59004,59966,0.09106700507029175,False
loop-load-elim,loop-versioning,-0.0017879428008605314,-1.8980178623306339,0.057696146196451095,59248,59802,0.15899937262864355,False
loop-load-elim,loop-flatten,-0.0017158133957752009,-1.831450509169627,0.06703582011374598,59916,59403,0.17833714100912315,False
loop-load-elim,loop-reroll,-0.0007813024488454445,-0.8342290273810992,0.4041536112274215,59447,59570,0.6170236029499347,False
loop-load-elim,loop-instsimplify,-0.0003821123685886496,-0.40688232018460974,0.6840951571740423,58982,59429,0.8335148212487709,False
loop-load-elim,loop-simplifycfg,0.00021250912279591194,0.22748282014175805,0.8200487168600532,59390,59798,0.9100894612489406,False
loop-load-elim,loop-predication,0.0014204527797023192,1.5122146874020652,0.1304819166491416,59310,59453,0.29552757987162437,False
loop-load-elim,speculative-execution,-0.00044717290747958716,-0.47588885855931107,0.6341544356239821,59494,59241,0.8023744006150287,False
loop-load-elim,partially-inline-libcalls,-0.001009816337163516,-1.0764068928084014,0.2817475085190562,59101,59624,0.49543028440081915,False
loop-load-elim,load-store-vectorizer,4.861278610601705e-05,0.05165195576625616,0.9588061067119532,59216,59553,0.9818799342807515,False
loop-load-elim,iroutliner,0.001067354678742971,1.1462989651570326,0.2516737745423757,59642,59459,0.4583974423757876,False
loop-load-elim,global-merge,0.0013669992418290922,1.4570851394763618,0.14509551814813798,59275,59746,0.3176042756110164,False
loop-load-elim,break-crit-edges,-0.011112643525497179,-11.386334316421088,5.070303920172367e-30,59326,59356,8.903726525289232e-29,True
loop-load-elim,unreachableblockelim,-0.000880472720146741,-0.938766183176236,0.3478527120203563,59340,59556,0.5652245727268528,False
loop-sink,loop-unroll-and-jam,-0.0002657138526285796,-0.2830987373401343,0.7771016411238013,59905,59296,0.8840227884022436,False
loop-sink,hotcoldsplit,5.656796991176938e-05,0.06030735871809536,0.951910942124706,59855,59573,0.9775245399572909,False
loop-sink,irce,-0.0009815941183229926,-1.0467112417517443,0.29523489513320283,59711,59757,0.5094313804697183,False
loop-sink,nary-reassociate,0.00039890238291123703,0.4251142225985772,0.6707541793067052,59448,59523,0.8247012138665801,False
loop-sink,scalarizer,-0.0016535966909890787,-1.7405999267468122,0.08175631572074638,59536,59501,0.2068202405442137,False
loop-sink,vector-combine,-0.00034709177894004517,-0.3686263770203159,0.7124068881632266,59628,59320,0.8495083355807538,False
loop-sink,always-inline,0.001655527905408516,1.7606992259989815,0.07829189236183239,59432,59559,0.20014259080197339,False
loop-sink,globalsplit,-0.0010512329837738532,-1.1214122843706313,0.2621146646382662,59748,59672,0.471926908838368,False
loop-sink,lowerswitch,0.000389658521336933,0.3854291824163562,0.6999201550731885,59395,59438,0.843681197632393,False
loop-sink,early-cse-memssa,0.000802334425481166,0.9770789561533572,0.32853205296513355,59695,59274,0.5449095804368755,False
loop-sink,simple-loop-unswitch,0.000523945173232121,0.5579824825588492,0.576857397875218,59437,59334,0.7599114441606472,False
loop-sink,loop-versioning,-0.002020816375486234,-2.1375840805531188,0.032552543159454536,59867,59337,0.10025750073602369,False
loop-sink,loop-flatten,-0.0006488930369927814,-0.6920487532450785,0.4889080625260306,59809,59244,0.6928471658595053,False
loop-sink,loop-reroll,0.00044668184327029126,0.47556691023119396,0.63438382637561,59725,59380,0.8024053824570054,False
loop-sink,loop-instsimplify,-7.485586309041725e-05,-0.07927486252857288,0.9368141341701552,59069,59300,0.9729857447215731,False
loop-sink,loop-simplifycfg,-0.00034868089291312243,-0.3726779112247876,0.7093888426568854,59238,59654,0.8485293329574394,False
loop-sink,loop-predication,0.0006166588690790786,0.655934965271574,0.511867239360988,59634,59227,0.7113174136492343,False
loop-sink,speculative-execution,0.0001671480207770526,0.17828883206601706,0.8584964534565005,59327,59308,0.9292987545440948,False
loop-sink,partially-inline-libcalls,0.0009706931730657509,1.0377688153501594,0.2993797937950629,59835,59923,0.5132974047729713,False
loop-sink,load-store-vectorizer,0.0006956075834614328,0.741287778787547,0.45852043303048123,59528,59472,0.6670007487917401,False
loop-sink,iroutliner,0.0006944246751102168,0.7419642856091158,0.4581104383008633,59734,59315,0.6666519793334005,False
loop-sink,global-merge,-0.0008056590630876603,-0.8574687629869456,0.3911875929064712,59840,59507,0.6062091863164786,False
loop-sink,break-crit-edges,-0.00962659074621719,-9.822424022142064,9.19679541575561e-23,59575,59278,1.1047438910459806e-21,True
loop-sink,unreachableblockelim,-1.2220520330230578e-05,-0.013006754956039654,0.9896224254109545,59736,59455,0.9963825316740582,False
loop-unroll-and-jam,hotcoldsplit,0.0013511805102470187,1.4441777020534612,0.1486916197377473,59544,59850,0.3216198947133778,False
loop-unroll-and-jam,irce,-0.0005458627759798995,-0.5838984108629984,0.5592897640621944,59598,59955,0.745465866598895,False
loop-unroll-and-jam,nary-reassociate,0.0018155348316533093,1.9370716915529245,0.05273893909277173,59250,60045,0.14741305173968175,False
loop-unroll-and-jam,scalarizer,-0.001597027425601416,-1.6897024377769088,0.09108751800301712,59165,59828,0.22429363386160595,False
loop-unroll-and-jam,vector-combine,0.00011553141004572165,0.12318963304083369,0.9019571433474112,59144,59519,0.9551282242694598,False
loop-unroll-and-jam,always-inline,0.0007995454125372947,0.8485767487012651,0.39611855358187115,59373,59834,0.6097485282337294,False
loop-unroll-and-jam,globalsplit,0.00027433315527658486,0.2924441069946778,0.769947600288527,58771,59902,0.8809109089457295,False
loop-unroll-and-jam,lowerswitch,-0.0006141331423444862,-0.6079759306946365,0.5432045985068868,59128,59840,0.7348811427784709,False
loop-unroll-and-jam,early-cse-memssa,0.0011752749502678128,1.4332739346625119,0.15178219376852925,59496,59577,0.32658190703162665,False
loop-unroll-and-jam,simple-loop-unswitch,-0.00015257609933838623,-0.16262963108705297,0.8708103319116622,59298,59521,0.9370047420510429,False
loop-unroll-and-jam,loop-versioning,-0.00044054493113382387,-0.46642964861793224,0.6409088464746758,59338,59795,0.8075286495478863,False
loop-unroll-and-jam,loop-flatten,0.000524795295725411,0.5619824233783954,0.574129049898675,59547,59810,0.7580206875938001,False
loop-unroll-and-jam,loop-reroll,0.0004280303464172519,0.4574827105795397,0.6473249623713649,59462,59458,0.8089559639304624,False
loop-unroll-and-jam,loop-instsimplify,0.0002724299247989781,0.2907715510411431,0.771226552409994,59168,59604,0.8809817864171146,False
loop-unroll-and-jam,loop-simplifycfg,0.0005639666096529661,0.6045590855773104,0.5454731484621278,59458,59901,0.7365768446129973,False
loop-unroll-and-jam,loop-predication,0.0004880744996303421,0.5183386295310787,0.6042229935203971,59011,59430,0.7791034713947563,False
loop-unroll-and-jam,speculative-execution,0.001467555626642969,1.5697674261014902,0.11647188608680942,59400,59648,0.2724635041313893,False
loop-unroll-and-jam,partially-inline-libcalls,0.0014184308227192521,1.5171982586143173,0.12921928979255795,59190,59921,0.29350181388227725,False
loop-unroll-and-jam,load-store-vectorizer,0.0004097582311969328,0.43848757486133577,0.6610336691602119,59504,59814,0.819439015014685,False
loop-unroll-and-jam,iroutliner,0.0016462169291457385,1.776129427933009,0.07571412218086812,59666,60285,0.1957072623500195,False
loop-unroll-and-jam,global-merge,0.0009302019572984266,0.9925337788942838,0.3209392340035791,59214,59452,0.5366345176592723,False
loop-unroll-and-jam,break-crit-edges,-0.008494454127314588,-8.729915370440255,2.5807288457646088e-18,59510,59495,2.5520540808116687e-17,True
loop-unroll-and-jam,unreachableblockelim,6.0490174634553195e-05,0.06460195806727696,0.9484910338823529,59650,59668,0.9766261680775056,False
hotcoldsplit,irce,-0.0004620776319787523,-0.4944207856559906,0.6210099464066231,60091,59420,0.793175130505002,False
hotcoldsplit,nary-reassociate,0.0010966734189753469,1.175986450882102,0.23960263612067878,59788,59562,0.4415453755522721,False
hotcoldsplit,scalarizer,-0.0016842742276772515,-1.7829711426446497,0.07459355048796931,59639,59302,0.19370579821676912,False
hotcoldsplit,vector-combine,0.0004329931113448149,0.46161126418851334,0.6443609617119194,59566,59090,0.8088794706125393,False
hotcoldsplit,always-inline,0.0018362194067317872,1.9601383992704662,0.04998195543957582,59379,59167,0.14111704217835538,False
hotcoldsplit,globalsplit,-5.2511434946278523e-05,-0.05606733687308248,0.9552882583416468,59525,59705,0.9804884054538097,False
hotcoldsplit,lowerswitch,7.021493235687126e-05,0.06995195895528146,0.9442320145048553,59766,59393,0.9758808574296683,False
hotcoldsplit,early-cse-memssa,0.0005125250179732754,0.627538372769302,0.530307591684754,59676,59688,0.7253526123078927,False
hotcoldsplit,simple-loop-unswitch,-0.0019560473295616165,-2.0891368995598603,0.036697517863207116,59538,59607,0.11054421534793774,False
hotcoldsplit,loop-versioning,-0.0011514568421309712,-1.2247691716361695,0.22066462216902255,59658,59623,0.4180564394842246,False
hotcoldsplit,loop-flatten,-0.0009357704803360511,-0.9983899959578512,0.31809231268039884,59687,59343,0.5341550156331225,False
hotcoldsplit,loop-reroll,0.0014079730035411742,1.5062847462831903,0.13199674502840505,59568,59505,0.2979246418047459,False
hotcoldsplit,loop-instsimplify,-6.590894094066213e-05,-0.0703348591341049,0.943927255853103,59279,59680,0.9758234250054781,False
hotcoldsplit,loop-simplifycfg,-0.0008321949008474605,-0.8948562431953648,0.37086574517577425,59848,59476,0.5872547768669901,False
hotcoldsplit,loop-predication,0.0005812671379345491,0.6214394244132126,0.5343117261074684,59562,59789,0.7283911687280876,False
hotcoldsplit,speculative-execution,0.001458755513773391,1.5574819324522273,0.11935876845800512,59691,59212,0.2773940280602659,False
hotcoldsplit,partially-inline-libcalls,0.0013838990510410265,1.4779255175187676,0.1394303614466849,59469,59558,0.3093537084562142,False
hotcoldsplit,load-store-vectorizer,-0.00027350614107041205,-0.292068620307784,0.7702346660444785,59731,59656,0.8809109089457295,False
hotcoldsplit,iroutliner,0.001493571446915698,1.6062890010607125,0.10821307060288986,59695,59695,0.2571373692238572,False
hotcoldsplit,global-merge,0.0006836617530289746,0.729302107615732,0.46581831574972327,59816,59458,0.6711348508005579,False
hotcoldsplit,break-crit-edges,-0.009421856872963208,-9.667180248953494,4.235374278124261e-22,59494,59432,4.9070194299214805e-21,True
hotcoldsplit,unreachableblockelim,-4.1874007735365204e-05,-0.044696422204778,0.9643493605844364,59566,59323,0.985318656365532,False
irce,nary-reassociate,0.0022822329237398575,2.446771417320554,0.014415656201660323,59590,59600,0.050045841919948424,False
irce,scalarizer,0.0007560484928665345,0.8000734629325533,0.4236698338119747,59591,59303,0.6348814138111469,False
irce,vector-combine,0.00039052143420476026,0.4185809200578553,0.6755231890204774,59982,59437,0.8277061352328503,False
irce,always-inline,0.0029494932360017434,3.151308474926235,0.0016258081577891447,59898,59663,0.007318005455060104,True
irce,globalsplit,7.243092890951708e-05,0.07735264622375408,0.9383431402799116,59401,60045,0.9737333090424388,False
irce,lowerswitch,0.0006392775569464826,0.6365789405121831,0.5244003686015375,59735,59498,0.7220646425610481,False
irce,early-cse-memssa,4.39169504430903e-05,0.05363249216126363,0.9572280587223359,59394,59706,0.981308860984925,False
irce,simple-loop-unswitch,0.0008395398455048331,0.899560641945062,0.36835593119101906,59550,59412,0.5842372728003364,False
irce,loop-versioning,-0.0005999051783764364,-0.6391696541176453,0.5227137999269782,59662,59473,0.7208456990637502,False
irce,loop-flatten,0.001411431470563218,1.5114964857105093,0.1306646430564867,60030,59691,0.29577037121919186,False
irce,loop-reroll,-5.614652529689623e-05,-0.060116471929360434,0.9520629712454309,59801,60023,0.9775245399572909,False
irce,loop-instsimplify,0.0015811826972721987,1.6894991175371714,0.09112644828238382,59237,59407,0.22429363386160595,False
irce,loop-simplifycfg,0.0006386121559081026,0.6860837104571385,0.49266165276504115,59690,59878,0.6947292157824635,False
irce,loop-predication,0.0013833632981425925,1.4718579276554131,0.14106189440052094,59657,59224,0.31156140917791314,False
irce,speculative-execution,0.0005276395034283232,0.5639994687238333,0.5727555545216891,60027,59222,0.7569729164721345,False
irce,partially-inline-libcalls,0.0014756391857114193,1.5786210946820805,0.11442563568955896,59534,60164,0.2684786035711881,False
irce,load-store-vectorizer,0.0011861113139303159,1.2652543139241452,0.205782656869239,59167,59769,0.3995526838903916,False
irce,iroutliner,0.0019192965642589321,2.0734204791440396,0.03813529915038071,59712,59952,0.11395185862312196,False
irce,global-merge,0.0007973340306085541,0.8544303425995237,0.3928683032729591,59762,59692,0.6083322560762783,False
irce,break-crit-edges,-0.009793673337655018,-10.104933574789145,5.371456673818252e-24,59710,59522,6.851669164388362e-23,True
irce,unreachableblockelim,0.0023967230722428123,2.554462952239143,0.010636406202185877,59538,59682,0.03835374464802937,True
nary-reassociate,scalarizer,0.00021453379673475048,0.22704089746699477,0.8203923315909141,59228,59558,0.9100894612489406,False
nary-reassociate,vector-combine,-0.0015650364689112628,-1.6730126202681546,0.09432744604079168,59284,59451,0.23101080593854925,False
nary-reassociate,always-inline,0.0007857326724362568,0.8371694689683918,0.4024989976327353,59365,59633,0.6156976854413247,False
nary-reassociate,globalsplit,0.00039948376839549216,0.4273937177195843,0.6690933543580189,59524,59696,0.8242921880495955,False
nary-reassociate,lowerswitch,-0.0009536018826359349,-0.9442635861267213,0.3450368909126399,59406,59318,0.561814746284365,False
nary-reassociate,early-cse-memssa,-0.0018771904047172883,-2.2912490173731976,0.02195075356960725,59592,59481,0.07160106896945977,False
nary-reassociate,simple-loop-unswitch,0.00021688879774833802,0.2311816125904496,0.8171741123763798,59604,59194,0.909623031286499,False
nary-reassociate,loop-versioning,-0.00044930251662073095,-0.4765989767430332,0.6336485867363318,59300,59816,0.8021443024723366,False
nary-reassociate,loop-flatten,4.280664567229975e-05,0.0456902319481088,0.9635572258522612,59928,59500,0.985318656365532,False
nary-reassociate,loop-reroll,-0.0007637430617719043,-0.8139947550429969,0.4156495821999869,59616,59550,0.6284337512590651,False
nary-reassociate,loop-instsimplify,-0.0018735137227163245,-2.006782960211194,0.0447750378305889,59258,59633,0.12902063881132167,False
nary-reassociate,loop-simplifycfg,-0.0011012006130431407,-1.1809278328729103,0.23763374948440832,59631,59585,0.43915703774466397,False
nary-reassociate,loop-predication,-0.00016023603111664508,-0.17043076078778419,0.8646716723727914,59507,59406,0.9322836643755097,False
nary-reassociate,speculative-execution,-0.000286973742571639,-0.30667190825955964,0.759093648825004,60029,59395,0.8774187753734316,False
nary-reassociate,partially-inline-libcalls,1.7131450417096072e-05,0.018322721712234345,0.9853814317658122,59870,59738,0.993755778211414,False
nary-reassociate,load-store-vectorizer,3.175829646284711e-05,0.033875826987840356,0.9729762259968414,60077,59437,0.9893988317329605,False
nary-reassociate,iroutliner,0.0007244450480443088,0.7803845229358386,0.4351661221017184,59886,59515,0.6467720198342934,False
nary-reassociate,global-merge,-8.39289074788252e-05,-0.08933792433980277,0.9288135059760535,59543,59206,0.9699289838405935,False
nary-reassociate,break-crit-edges,-0.009759154011681204,-10.006640615970321,1.456147838289219e-23,59249,59292,1.8045173844115765e-22,True
nary-reassociate,unreachableblockelim,0.0005499100743708296,0.5869919768858682,0.5572102073391243,59614,59542,0.743695010327777,False
scalarizer,vector-combine,0.001944074648794536,2.0555487204301426,0.03982821168399621,59681,59374,0.11842617840131295,False
scalarizer,always-inline,0.0023612573176998164,2.4858258876024477,0.012926487439568519,59465,59004,0.04564483752330958,True
scalarizer,globalsplit,0.002271209641369898,2.385316920182563,0.017065972884012605,59399,59365,0.05801245643558452,False
scalarizer,lowerswitch,0.0007922510106551095,0.7795494737074976,0.435657660837431,59209,59461,0.6467720198342934,False
scalarizer,early-cse-memssa,0.0010438063281087984,1.2568607946458301,0.20880652465243726,59178,59414,0.40348959930617156,False
scalarizer,simple-loop-unswitch,0.0016623771706923418,1.7593228220189012,0.0785252695856029,59275,59375,0.20045955390953124,False
scalarizer,loop-versioning,0.0006314728395246938,0.6629029408749444,0.5073940049627558,59501,59266,0.7072874923265196,False
scalarizer,loop-flatten,0.0021875200489563373,2.31279032252065,0.020735867182731155,59635,59504,0.06829407559930631,False
scalarizer,loop-reroll,0.0009746028939086604,1.0278912871547974,0.3040030595115548,59422,59512,0.5187259176676465,False
scalarizer,loop-instsimplify,0.0016490343777681438,1.7378823685959819,0.08223414025962884,58768,59759,0.20735923583818838,False
scalarizer,loop-simplifycfg,0.001664812031896834,1.7705152511619648,0.07664391090018087,59363,59437,0.19732909604543608,False
scalarizer,loop-predication,0.0015611648090101404,1.6443759085997058,0.1001012259639914,59707,59167,0.24219388503213943,False
scalarizer,speculative-execution,0.00203653055700298,2.1520876390855332,0.031392460040036714,59172,59683,0.09725702018732893,False
scalarizer,partially-inline-libcalls,0.001692685924026327,1.7900708712422568,0.07344506229771403,59093,59822,0.19148526228884694,False
scalarizer,load-store-vectorizer,0.003642259024004446,3.841683857846002,0.00012225672406466988,59425,59316,0.0006771673711983695,True
scalarizer,iroutliner,0.002547960056386467,2.7244309711898658,0.006442178332749114,59295,59883,0.02482909468818396,True
scalarizer,global-merge,0.0005971524537736195,0.6290088175592351,0.5293444954174917,59500,59139,0.7250326866360398,False
scalarizer,break-crit-edges,-0.007842000550508488,-7.997916332426768,1.276698555671845e-15,59669,59201,1.141450124203412e-14,True
scalarizer,unreachableblockelim,0.0030215092410868505,3.1855707195298137,0.0014450619145016262,59232,59307,0.006572430263865701,True
vector-combine,always-inline,0.001229526131403036,1.3051297332945362,0.1918511995799584,59333,59655,0.3823355203842835,False
vector-combine,globalsplit,-0.00149990940009459,-1.5926211210774905,0.11124787693633685,59387,59235,0.26243776270041874,False
vector-combine,lowerswitch,-0.002200200171694089,-2.181826331128312,0.02912430618547576,59281,59460,0.09106700507029175,False
vector-combine,early-cse-memssa,0.00010350694659855275,0.12649737180375512,0.8993384437892352,59230,59372,0.9528769053154327,False
vector-combine,simple-loop-unswitch,-0.0008212561659120543,-0.8727990512436932,0.38277438296014354,59304,59372,0.598339209334552,False
vector-combine,loop-versioning,-0.0005294110570702171,-0.5622461052736862,0.5739494152149897,58939,59777,0.7580206875938001,False
vector-combine,loop-flatten,-0.00032329509752415664,-0.3448099059391037,0.7302378937886278,59333,59872,0.8584722195410694,False
vector-combine,loop-reroll,0.0005719378228731808,0.610289343583067,0.5416713208359197,59418,59528,0.7337201288112978,False
vector-combine,loop-instsimplify,0.0010506122652061967,1.1234478754098027,0.26124960222685695,59019,59494,0.47058576003696956,False
vector-combine,loop-simplifycfg,0.0007254789433909781,0.7786291667665846,0.43619974216918495,59231,59682,0.6467720198342934,False
vector-combine,loop-predication,0.0006520420899255863,0.6949860353622344,0.4870654132359031,59451,59274,0.6923223804834108,False
vector-combine,speculative-execution,-0.00047761247298711007,-0.5100686669662017,0.6100043009271081,59394,59717,0.7847492912058329,False
vector-combine,partially-inline-libcalls,-0.0017399347696741008,-1.8560223022753817,0.06345283428966837,59761,59979,0.171012593997482,False
vector-combine,load-store-vectorizer,0.002542692433794569,2.7259699504567707,0.006412218939637475,59479,59831,0.024773851546619492,True
vector-combine,iroutliner,0.0006603939783014767,0.707514837076321,0.479247980126023,59622,59481,0.684650280608519,False
vector-combine,global-merge,-0.00022112137096258477,-0.2353025477525905,0.8139743234547394,59341,59443,0.9073508256899401,False
vector-combine,break-crit-edges,-0.009610132045468678,-9.841180395692732,7.634734086605041e-23,59301,59671,9.227660087390537e-22,True
vector-combine,unreachableblockelim,-6.078501129841429e-05,-0.06497010875952611,0.948197909008347,59530,59295,0.9766261680775056,False
always-inline,globalsplit,-0.0007769990565139051,-0.8245831163810208,0.4096099664460603,59138,59623,0.6222003989925415,False
always-inline,lowerswitch,-0.003180481366019783,-3.141361266420059,0.001682057450703762,59403,59324,0.007519334448579831,True
always-inline,early-cse-memssa,-0.001663776145877538,-2.022157325990112,0.04316234059842315,59277,59380,0.12584004359513667,False
always-inline,simple-loop-unswitch,-0.0006894088452414349,-0.7361020367481177,0.461670054565846,59335,59666,0.6690969406661188,False
always-inline,loop-versioning,-0.003157188361345986,-3.345676357225111,0.0008210756620378004,59258,59522,0.003935535241787058,True
always-inline,loop-flatten,-0.0004312207743326635,-0.4585094632027577,0.64658730149964,59794,59384,0.8088794706125393,False
always-inline,loop-reroll,-0.0015174730980196949,-1.615897933309937,0.1061190398322535,59197,59528,0.2530829232540224,False
always-inline,loop-instsimplify,-0.0018629254865528133,-1.9783443510154202,0.04789219230768453,58819,59331,0.13590277179484972,False
always-inline,loop-simplifycfg,-0.001424359066705183,-1.5232194118183642,0.1277064759503037,59463,59649,0.29145485394565707,False
always-inline,loop-predication,0.0001364281879427942,0.14481965620447043,0.8848535085408745,59025,59563,0.9446800271117952,False
always-inline,speculative-execution,0.001367917485600223,1.4560132781108588,0.14539159245819153,59089,59681,0.31789697156129426,False
always-inline,partially-inline-libcalls,-0.001194188006218122,-1.273953837920461,0.20268225481599644,59335,60160,0.3952707718423516,False
always-inline,load-store-vectorizer,-0.0005557255432757091,-0.5928779233235895,0.5532639774800012,59620,59668,0.7419800465108509,False
always-inline,iroutliner,9.555016917944803e-05,0.1023943358988441,0.9184438514975728,59617,59666,0.9649156931138765,False
always-inline,global-merge,-0.0010111945262901156,-1.0747124311643768,0.2825056841574173,59299,59230,0.4963177474923491,False
always-inline,break-crit-edges,-0.010341738261912148,-10.591677808565366,3.3460181663650114e-26,59394,59321,4.835057985049957e-25,True
always-inline,unreachableblockelim,0.0005173103120549305,0.5493815276652351,0.5827446770998288,59549,59694,0.762709945027717,False
globalsplit,lowerswitch,7.216428656459106e-05,0.0715297764972154,0.9429762476823622,59621,58981,0.9753552524892051,False
globalsplit,early-cse-memssa,-0.00132954379213307,-1.6266173234837866,0.10382104061778478,59700,59521,0.249119604815714,False
globalsplit,simple-loop-unswitch,-1.4012743768943015e-05,-0.014965570287646012,0.9880596734026743,59500,59137,0.9954313560702014,False
globalsplit,loop-versioning,-0.0006873151038178649,-0.7289985559281162,0.46600397642187985,59776,59576,0.6711554143685479,False
globalsplit,loop-flatten,-0.0013221787226863624,-1.4092334519786527,0.1587687526493256,60223,59259,0.3355307260522175,False
globalsplit,loop-reroll,-0.0013000309254668774,-1.385194579446694,0.16599557675340532,59605,59282,0.3463686711128066,False
globalsplit,loop-instsimplify,-0.0008395331015617069,-0.895332100635653,0.3706113999146368,59417,59350,0.5871012306091091,False
globalsplit,loop-simplifycfg,-0.00037352027873033267,-0.4001726078780733,0.689030103362454,59772,59808,0.8367724138949898,False
globalsplit,loop-predication,0.0007093403318650382,0.7560208553064078,0.44963818864343985,59591,59386,0.6588597299360687,False
globalsplit,speculative-execution,-6.781641459491228e-05,-0.07236129877581965,0.9423145050122376,59675,59087,0.974928296334986,False
globalsplit,partially-inline-libcalls,0.0010622479490999814,1.1303576105101578,0.2583278481716077,59410,59500,0.4670414835826481,False
globalsplit,load-store-vectorizer,-0.000253172174630778,-0.27018432715537133,0.7870189183275058,59620,59334,0.890999157031082,False
globalsplit,iroutliner,0.002373693272003652,2.551652204853231,0.010722584447813864,59578,59695,0.038593419758859465,True
globalsplit,global-merge,-0.00047205579145276344,-0.5023492434084015,0.6154228077504972,59536,59174,0.788150225156314,False
globalsplit,break-crit-edges,-0.008272261509606471,-8.47970876125174,2.2829157466804437e-17,59624,59374,2.1857941476774128e-16,True
globalsplit,unreachableblockelim,-0.0003378138760563032,-0.3593976288634119,0.7192982870412266,59739,59081,0.8533087222215823,False
lowerswitch,early-cse-memssa,-8.048115396325217e-05,-0.08956874413668536,0.9286300744860997,59229,59269,0.9699289838405935,False
lowerswitch,simple-loop-unswitch,0.0010330265918100379,1.0236880547734013,0.3059847266334352,59265,59371,0.52097225630284,False
lowerswitch,loop-versioning,-0.0005085158173745441,-0.5026510023388266,0.6152105929330521,59363,59868,0.788150225156314,False
lowerswitch,loop-flatten,0.0026056389451307727,2.5897178922844826,0.009606628367429725,60029,59271,0.035092870043707834,True
lowerswitch,loop-reroll,0.0004271833905862832,0.4231478103522393,0.6721881888831593,59171,59482,0.8257188715742337,False
lowerswitch,loop-instsimplify,0.0019037968561861907,1.8901632578147645,0.05873856226979121,59299,59441,0.16107857832528177,False
lowerswitch,loop-simplifycfg,-8.364562972112966e-05,-0.08333909406468545,0.9335820561903263,59321,59546,0.9717809381982984,False
lowerswitch,loop-predication,-0.0006372756975638327,-0.6284607014037932,0.5297034005275051,59105,58787,0.7250326866360398,False
lowerswitch,speculative-execution,0.0013885161528810475,1.3759029018106406,0.16885429048509967,59336,59474,0.34930449104049144,False
lowerswitch,partially-inline-libcalls,0.00105889377497409,1.0454171170734534,0.2958323598897263,59045,59558,0.5096698290049134,False
lowerswitch,load-store-vectorizer,0.0004888781847561252,0.48491401348954444,0.627738236584964,59484,59186,0.7976064031365084,False
lowerswitch,iroutliner,0.002730020423013846,2.716992049024317,0.006588771587000366,59738,59242,0.025320539288217304,True
lowerswitch,global-merge,0.0017408540065457223,1.7233900195189256,0.08482062934600683,59495,58930,0.212319989000492,False
lowerswitch,break-crit-edges,-0.010117508587747875,-9.580815821193912,9.804437392065914e-22,59564,59086,1.1226367493371379e-20,True
lowerswitch,unreachableblockelim,0.001409559017260642,1.3986563712758062,0.16191867199362928,59165,59267,0.340380808451701,False
early-cse-memssa,simple-loop-unswitch,0.0006113113892389777,0.7449897681081148,0.4562793793609862,59173,59645,0.6649758279038415,False
early-cse-memssa,loop-versioning,-0.0015635539993759662,-1.892088142631176,0.05848166126297868,59457,59689,0.16059900806860064,False
early-cse-memssa,loop-flatten,-0.0005600615609173132,-0.6839447469963099,0.4940113849008305,59966,59349,0.6958807853495151,False
early-cse-memssa,loop-reroll,-0.00021687304581952116,-0.2642402688423952,0.791595240015876,59472,59805,0.8940944790551533,False
early-cse-memssa,loop-instsimplify,0.001326080535138996,1.6161596506757152,0.10606245662457137,59254,59491,0.2530829232540224,False
early-cse-memssa,loop-simplifycfg,-0.0021686178687345126,-2.660418900814889,0.007805397875032613,59632,59455,0.02933391370309761,True
early-cse-memssa,loop-predication,-0.001016025597411152,-1.2444393086546697,0.21334037357523872,59568,59465,0.408528558885396,False
early-cse-memssa,speculative-execution,0.0009845498182000645,1.2008034987679743,0.22982982778255223,59329,59519,0.4293958041967913,False
early-cse-memssa,partially-inline-libcalls,0.00020996131686551456,0.2570315997756675,0.7971548223569414,59752,59595,0.8978022100517061,False
early-cse-memssa,load-store-vectorizer,0.0019640023796522743,2.4028782892282186,0.016268119715766013,59477,59665,0.0558334415485887,False
early-cse-memssa,iroutliner,0.0007005607173249384,0.8583868046631435,0.390680636845129,59470,59813,0.6059031183705049,False
early-cse-memssa,global-merge,0.0009925361732521787,1.208192943583373,0.22697546121560971,59416,59357,0.4254839186789505,False
early-cse-memssa,break-crit-edges,-0.009812122600313333,-11.42391758169946,3.293703896181281e-30,59077,59609,5.943845372094884e-29,True
early-cse-memssa,unreachableblockelim,0.0013929456331434609,1.6944139973867118,0.09018925551694298,59609,59520,0.2229678816946646,False
simple-loop-unswitch,loop-versioning,-0.0020410280810634895,-2.1717695673981363,0.029875018278103602,59231,59712,0.09314535953587078,False
simple-loop-unswitch,loop-flatten,-0.0005557409986970407,-0.5947832679277978,0.551989483689068,59790,59278,0.7415405894087103,False
simple-loop-unswitch,loop-reroll,0.00032687644305445795,0.3490251459742125,0.7270710512968896,59475,59114,0.8563126701255548,False
simple-loop-unswitch,loop-instsimplify,-0.001062259561943557,-1.135184896917232,0.2563001493875643,59181,59484,0.4648778994912931,False
simple-loop-unswitch,loop-simplifycfg,-0.0016371301120399195,-1.7556498672754943,0.07915077433529469,59827,59642,0.20166464184050117,False
simple-loop-unswitch,loop-predication,-0.000781475214000571,-0.8330590174706056,0.40481311856753843,59641,59274,0.6176142186651147,False
simple-loop-unswitch,speculative-execution,0.0016628472284841989,1.7679306488070317,0.07707506710462741,59285,59405,0.19804853200900324,False
simple-loop-unswitch,partially-inline-libcalls,0.0017156106837384333,1.836164149485529,0.06633587149297003,59315,59923,0.1769559078790672,False
simple-loop-unswitch,load-store-vectorizer,7.040013100662046e-05,0.07514949314726478,0.9400958955304646,59499,59576,0.9737333090424388,False
simple-loop-unswitch,iroutliner,0.0017149491269919936,1.8449164014148145,0.06505217707929321,59608,59712,0.17412462436261944,False
simple-loop-unswitch,global-merge,0.0007899994465772608,0.841407884037788,0.40012116593555963,59461,59219,0.6143052899648674,False
simple-loop-unswitch,break-crit-edges,-0.008524519617215343,-8.754956591210421,2.067827375068641e-18,59433,59586,2.055231472276345e-17,True
simple-loop-unswitch,unreachableblockelim,-0.00020955734844108065,-0.22333773222159115,0.8232730476239121,59307,59224,0.9120776040772854,False
loop-versioning,loop-flatten,0.0016213699453124786,1.7238203465270432,0.08474287015579493,59857,59546,0.2123180291299379,False
loop-versioning,loop-reroll,0.0015586054711862474,1.654773281680727,0.09797313192249134,59751,59313,0.238151945753244,False
loop-versioning,loop-instsimplify,0.001899043329970651,2.014842363494235,0.04392342051014036,59345,59306,0.12731614708934838,False
loop-versioning,loop-simplifycfg,-0.00011371101090046354,-0.12115269297871106,0.9035702972786345,59710,59786,0.9556172466260926,False
loop-versioning,loop-predication,0.0022595444928349973,2.3973998881114764,0.016513424601931302,59727,59269,0.05647735435909431,False
loop-versioning,speculative-execution,0.0028186267455940772,2.996542922934995,0.0027311591777268744,59694,59620,0.011673713165952355,True
loop-versioning,partially-inline-libcalls,0.0010369843901282816,1.1039540751277155,0.26961528278856434,59516,59985,0.48035188689718744,False
loop-versioning,load-store-vectorizer,0.002537601466957251,2.701691961902558,0.006899740711712929,59564,59600,0.026371734931789362,True
loop-versioning,iroutliner,0.0018795007664334507,2.013021675816396,0.044114589194446156,60052,59361,0.12777568882059998,False
loop-versioning,global-merge,0.0013691367475016647,1.4497824061094788,0.14712185237662087,59231,59346,0.3200717632815818,False
loop-versioning,break-crit-edges,-0.009476042414227726,-9.722774237705433,2.457816629240726e-22,59644,59443,2.8903333093413467e-21,True
loop-versioning,unreachableblockelim,0.0009235405943451847,0.9795172640525709,0.32732644663058985,59836,59618,0.5438312961414468,False
loop-flatten,loop-reroll,-0.001415908315456793,-1.5077151238814142,0.13163010542621925,59149,60028,0.2974399843329917,False
loop-flatten,loop-instsimplify,0.000947358408714627,1.0107379997504475,0.31214390529436065,58884,59836,0.5283925008473906,False
loop-flatten,loop-simplifycfg,-0.0007109702247614091,-0.7628400267936832,0.4455603125812035,59652,59849,0.6554523606566464,False
loop-flatten,loop-predication,-6.288755034739024e-05,-0.0670619354790995,0.9465325090973327,59673,59651,0.9761994387449219,False
loop-flatten,speculative-execution,0.0003005143281198941,0.32093571425563566,0.7482596709596869,59414,59790,0.8700182356924638,False
loop-flatten,partially-inline-libcalls,-0.0008169972369682088,-0.8717275135186628,0.38335880393779137,59209,59953,0.598339209334552,False
loop-flatten,load-store-vectorizer,0.000506713063800901,0.5424543300297536,0.587506574885951,59130,60098,0.7666363702943633,False
loop-flatten,iroutliner,0.0022022602795402912,2.3642518960273042,0.018068116038617715,59526,59792,0.060785861174593614,False
loop-flatten,global-merge,0.001951623664631641,2.082046862705314,0.037340315615594935,59522,59773,0.1119637641276185,False
loop-flatten,break-crit-edges,-0.00951748117798723,-9.775908845044883,1.456897443049903e-22,59652,59529,1.7341065006028633e-21,True
loop-flatten,unreachableblockelim,0.000814077887474951,0.8695905043246037,0.3845259867807889,59236,59499,0.5996829009293386,False
loop-reroll,loop-instsimplify,0.000896713002857541,0.9561369828316315,0.33900498290708164,58986,59524,0.5564961356062009,False
loop-reroll,loop-simplifycfg,-0.0011004865666304764,-1.1814106136203741,0.23744199468920169,59882,59628,0.43915703774466397,False
loop-reroll,loop-predication,0.00023497249563686484,0.24993501756885506,0.8026380353444401,59421,59141,0.9011707109299385,False
loop-reroll,speculative-execution,-0.00035073518274764126,-0.3735252395016221,0.7087582294778836,59541,59448,0.8485293329574394,False
loop-reroll,partially-inline-libcalls,-0.0003400755080234519,-0.3625440979258219,0.716946119965809,59408,59611,0.8524558135467111,False
loop-reroll,load-store-vectorizer,0.0019747423322920565,2.1120115357491893,0.03468753953321545,59244,59669,0.10546304721434138,False
loop-reroll,iroutliner,0.00012725683004105592,0.13683473170219318,0.8911616604109005,59827,59689,0.9483621180357699,False
loop-reroll,global-merge,-0.0012211783813129706,-1.3024187021161828,0.19277581955765286,59402,59311,0.38300868056203374,False
loop-reroll,break-crit-edges,-0.011029504521650968,-11.292191486877812,1.4849949820517006e-29,59237,59197,2.550544013032658e-28,True
loop-reroll,unreachableblockelim,0.0015762221196448656,1.6802024921854972,0.09292054468983806,59741,59494,0.2279930156675475,False
loop-instsimplify,loop-simplifycfg,-0.0002680889903831085,-0.28863957404909607,0.7728577099211803,59861,59365,0.881593589295468,False
loop-instsimplify,loop-predication,0.0005383546697031449,0.5726113791274876,0.5669089406037425,59562,58870,0.7517830719282952,False
loop-instsimplify,speculative-execution,0.00164005392210409,1.745348899414835,0.08092675295788924,59251,58969,0.2048540171836421,False
loop-instsimplify,partially-inline-libcalls,6.450282272496555e-05,0.06881535318317829,0.9451367127082323,59080,59854,0.9759819113896417,False
loop-instsimplify,load-store-vectorizer,0.0004266932186465233,0.4539003135187763,0.6499014084190644,59523,59106,0.8099980634529141,False
loop-instsimplify,iroutliner,0.00071333582207872,0.7667929208345267,0.443206164024759,59765,59485,0.6529704056888473,False
loop-instsimplify,global-merge,-0.00028788778158278516,-0.30803844806710357,0.7580536171857102,59223,59465,0.8767093812460842,False
loop-instsimplify,break-crit-edges,-0.008753546398843237,-8.96450771791139,3.160459274916348e-19,59275,59349,3.214638576772057e-18,True
loop-instsimplify,unreachableblockelim,0.0002842359432844166,0.3026058868665729,0.7621907589900104,59630,58824,0.8791572937275054,False
loop-simplifycfg,loop-predication,8.231653804069428e-05,0.08779432422747094,0.9300402970901138,59490,59221,0.9704976732060727,False
loop-simplifycfg,speculative-execution,0.0019433372053996312,2.07327494220022,0.03814884746039655,59840,59098,0.11395185862312196,False
loop-simplifycfg,partially-inline-libcalls,0.00027538306969498993,0.29515789074373816,0.7678737798039952,59655,60082,0.8797524054161631,False
loop-simplifycfg,load-store-vectorizer,0.001776955028547078,1.9069454443052942,0.05653004947198634,59645,59787,0.1564515237183599,False
loop-simplifycfg,iroutliner,0.0014089944416240674,1.519478712096267,0.12864469422748537,59540,59723,0.29255088420141273,False
loop-simplifycfg,global-merge,0.0018396649233162199,1.9658132041122145,0.049322514338079194,59671,59361,0.13935567543139837,False
loop-simplifycfg,break-crit-edges,-0.008333239148381966,-8.587694885248615,8.977739167792552e-18,59439,59702,8.789206645268908e-17,True
loop-simplifycfg,unreachableblockelim,0.0001422300094868767,0.1518031558754757,0.879342449696509,59632,59647,0.9413627755635673,False
loop-predication,speculative-execution,0.00012863674124735658,0.1369184182860493,0.8910955131246894,58919,59474,0.9483621180357699,False
loop-predication,partially-inline-libcalls,-0.0004338872909944169,-0.4626742066790616,0.6435987545397529,59316,59794,0.8088356157394517,False
loop-predication,load-store-vectorizer,0.0004303447864349441,0.45874915498590657,0.6464151502919909,59328,59450,0.8088794706125393,False
loop-predication,iroutliner,0.0015672645920180583,1.6796929570735548,0.09301969609898056,59521,59474,0.22809338129217774,False
loop-predication,global-merge,-0.0007477848201944415,-0.793667743947703,0.42739046837163985,59301,59503,0.6392899442869907,False
loop-predication,break-crit-edges,-0.010640258591553431,-10.937551921643877,7.859578489236744e-28,59529,59445,1.2311243745540435e-26,True
loop-predication,unreachableblockelim,0.0007935286500291294,0.8447954466554604,0.39822676276226215,58795,59729,0.61227169335572,False
speculative-execution,partially-inline-libcalls,0.0012038185520599765,1.2802547168762906,0.2004580645280146,59382,59567,0.3928897801259786,False
speculative-execution,load-store-vectorizer,-0.0010604397648008024,-1.1297643594508282,0.25857780716433026,59331,59668,0.467277661677673,False
speculative-execution,iroutliner,-0.0008878789789018016,-0.9555471455974265,0.3393030083130259,59709,59840,0.5564961356062009,False
speculative-execution,global-merge,-0.0004933078187731033,-0.5261880280098958,0.5987585542920925,59374,59352,0.7761464742164297,False
speculative-execution,break-crit-edges,-0.009225495043919507,-9.483937499370175,2.491505352374105e-21,59492,59604,2.8198655953459526e-20,True
speculative-execution,unreachableblockelim,-0.00040751262294203006,-0.4338109923848894,0.664426487465595,59177,59498,0.8213049636727493,False
partially-inline-libcalls,load-store-vectorizer,0.0005935900398396088,0.6348923833898765,0.5254998193950563,59832,59779,0.7228160494383704,False
partially-inline-libcalls,iroutliner,-1.912277850291133e-05,-0.02061282337530206,0.9835545453453745,60200,59779,0.993755778211414,False
partially-inline-libcalls,global-merge,0.0007064961125968217,0.7533092550356099,0.4512655839669162,60069,59350,0.6601233312927256,False
partially-inline-libcalls,break-crit-edges,-0.01019795207524099,-10.473290542024198,1.17566182954204e-25,59770,59583,1.6154006050830276e-24,True
partially-inline-libcalls,unreachableblockelim,0.0005869014824566587,0.6284674422509531,0.5296989702590374,59529,59919,0.7250326866360398,False
load-store-vectorizer,iroutliner,0.0007156899528366067,0.7721309508009752,0.44003839944128587,59810,59700,0.650505991775038,False
load-store-vectorizer,global-merge,-0.0016905181002245806,-1.8107771211955523,0.07017787573277039,59769,59432,0.18468854930747905,False
load-store-vectorizer,break-crit-edges,-0.009494516944053732,-9.750607345552634,1.869680294447419e-22,59552,59046,2.2119843000169462e-21,True
load-store-vectorizer,unreachableblockelim,-0.000936859142162183,-1.0028503480790343,0.3159351057627753,59844,59485,0.5319010637003561,False
iroutliner,global-merge,-0.0015785838273639774,-1.6927819315091377,0.09049958623216649,59800,59871,0.2233121485098702,False
iroutliner,break-crit-edges,-0.011814945697963264,-12.208850998986376,2.922731835075517e-34,59688,59475,6.394088193383087e-33,True
iroutliner,unreachableblockelim,-0.0005237835862931806,-0.563322716629712,0.5732162117317462,59808,59409,0.7573261420855325,False
global-merge,break-crit-edges,-0.010404215921822113,-10.678446900877653,1.320277790914257e-26,59333,59404,1.9510218223472568e-25,True
global-merge,unreachableblockelim,0.0009497545615110292,1.0073371603857129,0.31377483633567466,58878,59538,0.529001072241352,False
break-crit-edges,unreachableblockelim,0.00892644421963884,9.191815789932447,3.922352233562735e-20,59652,59397,4.140143220116353e-19,True
