pass_a,pass_b,ate,t_stat,p_value,n_treatment,n_control,p_adj,significant
bdce,ipsccp,0.0012168565961042654,1.2773814936637933,0.2014700832529507,59734,59461,0.40607044705047785,False
bdce,correlated-propagation,0.00047355090874268146,0.5031745602376256,0.6148424807210401,59406,59571,0.8010912175995177,False
bdce,mem2reg,-0.006655246037537366,-9.798109952249298,1.1700246768241572e-22,59395,59526,3.2266314327066195e-21,True
bdce,sroa,-0.00547861330875915,-7.934874861801585,2.1252765245727537e-15,59587,59267,3.200993411625732e-14,True
bdce,instsimplify,-0.0006363370513299826,-0.700421151522179,0.48366570288265903,59545,59221,0.7048883113094502,False
bdce,constmerge,-0.00119747196469272,-1.2713406776309637,0.20360995153221956,60080,59442,0.4084716035861536,False
bdce,function-attrs,-0.0010053341915659542,-1.0763210653558861,0.2817858645816591,59590,59872,0.5099230340581226,False
bdce,deadargelim,-0.0005179980527998951,-0.5477429900868196,0.5838694165479138,59923,59096,0.7790948009519083,False
bdce,globaldce,-0.00216154995992629,-2.3080271938300356,0.02099932532259732,59844,59505,0.06536832906461931,False
bdce,elim-avail-extern,-0.00229130100785524,-2.444046051304526,0.014525012936042503,59333,59794,0.04736049180478138,True
bdce,mergefunc,-0.00221643447407166,-2.3420573929490107,0.019179410636765374,59248,59366,0.060403816587781586,False
bdce,instcombine,0.008417512090356849,10.266491545613087,1.02165906730035e-24,59415,59628,3.226465248022718e-23,True
bdce,simplifycfg,0.005073382111531632,5.407818154157898,6.392000009926164e-08,59243,59381,4.406878880082898e-07,True
bdce,tailcallelim,-0.001316721342617455,-1.4049362257922708,0.1600428449764322,59547,59844,0.34683330433188075,False
bdce,reassociate,5.2966211223137716e-05,0.0562312569655096,0.9551576751504652,60115,59351,0.9835386420955093,False
bdce,memcpyopt,-0.00013131380361947054,-0.13938554299937908,0.8891457317794776,59402,59577,0.9513373458055832,False
bdce,sccp,-0.0007831565608766855,-0.8314599620064662,0.4057154983920485,59794,59749,0.6342442681450147,False
bdce,dce,-0.00031295863754171593,-0.3310524808029729,0.7406054279005758,59543,59344,0.8792343530855649,False
bdce,adce,-0.0001397761423070909,-0.14856001044805237,0.8819010808401063,59839,59488,0.9472091696571191,False
bdce,dse,0.006409297733498409,6.837611547563116,8.091038076418437e-12,59769,59363,8.801251418681833e-11,True
bdce,jump-threading,0.0042253763681682766,4.516343902575388,6.29767705570997e-06,59505,59507,3.392256306762069e-05,True
bdce,loop-idiom,-0.0011431382269223023,-1.2099913697779763,0.22628460061659839,59814,59556,0.43636182944192164,False
bdce,loop-deletion,-0.002776087191633081,-2.9556326438741083,0.003120896054332026,59490,59601,0.011785370249531546,True
bdce,gvn,-0.002872888376931615,-3.871673506758354,0.00010814859810205373,59483,59252,0.0004988338164518756,True
bdce,gvn-hoist,-0.0019725577905242986,-2.108637585078561,0.03497796215763561,59542,59356,0.10124030447802183,False
bdce,gvn-sink,-0.0019641559169164546,-2.0766963514191827,0.03783173190411767,59509,59622,0.10829609805301521,False
bdce,newgvn,-0.004369973631433766,-6.123760310810097,9.167577719905659e-10,59626,59881,7.977829855811237e-09,True
bdce,early-cse,0.0008663485250958725,1.0243548728205112,0.305669764550633,59919,59450,0.5370133683177563,False
bdce,mergereturn,-0.0011251318808649935,-1.1900487925483303,0.2340295792581179,59773,59736,0.445965855170214,False
bdce,globalopt,-0.0010135879982035578,-1.0703639007948331,0.2844577083299171,59680,59577,0.5135714088612058,False
bdce,strip-dead-prototypes,-8.799263068498542e-05,-0.09383196230895409,0.9252427993341423,59614,59455,0.9686038767896754,False
bdce,indvars,-0.0009792939029668601,-1.0416364303492138,0.29758239574079337,59405,59168,0.528255966328625,False
bdce,mergeicmps,-0.0007755657728427678,-0.8215941134655066,0.411309587130428,59634,59336,0.6389085058321127,False
bdce,separate-const-offset-from-gep,-0.0017264353234308083,-1.8246248514242174,0.06806016933358865,59602,59284,0.17685708235589456,False
bdce,libcalls-shrinkwrap,-0.0008224496140077364,-0.8735271866890163,0.3823775536207859,59539,59703,0.6124259708780292,False
bdce,flattencfg,-0.0018929236075993505,-2.022745568931639,0.043101610651673235,59791,59606,0.12064753917937984,False
bdce,loop-reduce,-0.0018677607140466512,-2.0027176697550373,0.04520986277357862,59774,59385,0.12558796628472446,False
bdce,loop-unroll,-0.009403313096245092,-9.350978762692767,8.82956167728756e-21,59434,59018,2.0955493047429143e-19,True
bdce,loop-rotate,-0.002517169923237972,-2.577393583463429,0.009956042084141822,59617,59666,0.03390248765347772,True
bdce,partial-inliner,-0.0008218627025287639,-0.8728357007384354,0.38275439788251836,59660,59393,0.6124259708780292,False
bdce,lower-expect,-0.00015246282164421698,-0.16301624184133365,0.8705059237878602,59111,59732,0.9432465423401805,False
bdce,alignment-from-assumptions,0.00040625262499349724,0.42899101169434234,0.6679305446116035,59297,59371,0.8375334368077868,False
bdce,rpo-function-attrs,0.0003322724275006128,0.35465861865179427,0.7228459877624207,59103,59265,0.8704381574654487,False
bdce,attributor,0.0007504972989830772,0.8804293424233041,0.3786285507842234,59105,59508,0.6089155666821433,False
bdce,inferattrs,-0.001995606566106145,-2.114597490270962,0.03446634767999257,59355,59281,0.10027505015962176,False
bdce,called-value-propagation,-0.00025230237890522256,-0.27000101403503424,0.7871599392755922,59724,59895,0.8984440045206984,False
bdce,licm,-0.003923235963225413,-4.086128555134284,4.389165443636709e-05,59883,59700,0.0002135889940345283,True
bdce,loop-simplify,-0.0012341538858790524,-1.3131676449257956,0.18912898987578752,59750,59544,0.38939491290935013,False
bdce,div-rem-pairs,0.001435806075714141,1.521768167527143,0.1280698333608572,59685,59516,0.29311599499773044,False
bdce,float2int,-0.0011752403838969916,-1.2560920092548706,0.20908507061786163,59780,59624,0.4141513083154002,False
bdce,inline,-0.0015591005104613198,-1.658237495332338,0.09727217672741977,59669,59272,0.2354824062940386,False
bdce,sink,-0.0017497226720768477,-1.8531566052036448,0.06386239663095868,59240,59401,0.1679963609065447,False
bdce,loop-vectorize,-0.004151242509671194,-4.386582686942272,1.1524406603621027e-05,59751,59343,5.977427319176152e-05,True
bdce,slp-vectorizer,0.0002519738941220151,0.26879403433265225,0.7880886505435647,59685,59275,0.8984440045206984,False
bdce,callsite-splitting,-0.001382182978132196,-1.470570664096731,0.14140990512967022,59678,59379,0.31553344073378264,False
bdce,dfa-jump-threading,-0.00071677776023088,-0.7592222528400817,0.44772112452683344,59166,59513,0.6738185717321598,False
bdce,consthoist,0.00041959207775521534,0.44418263434989663,0.6569113544062068,59559,59399,0.8282154410620173,False
bdce,mldst-motion,-0.0012345456077889616,-1.314167775708727,0.18879227294125414,60058,59428,0.38911081096734274,False
bdce,slsr,-0.0004883523769309006,-0.5183004226018583,0.6042496418803552,59550,59445,0.7919148586356999,False
bdce,loop-interchange,-0.00016875082618944548,-0.1785805882380593,0.8582673423432813,59510,59301,0.9379863321992189,False
bdce,loop-fusion,-0.00025184008996670393,-0.26566799488051035,0.7904953734969903,59773,59474,0.8995984926153933,False
bdce,loop-distribute,-0.0007974957214998413,-0.8464710170973351,0.3972917346645425,59657,59562,0.6255707410319054,False
bdce,loop-load-elim,-0.002215103456089551,-2.3455707504287475,0.018999609415071717,59506,59214,0.059916760546545114,False
bdce,loop-sink,-0.0015857859249974182,-1.6845238929186905,0.09208309035014738,59660,59260,0.22648630864830674,False
bdce,loop-unroll-and-jam,-0.0020482916567632903,-2.1767471439092314,0.029501396364026104,59540,59542,0.08745455576194264,False
bdce,hotcoldsplit,-0.0007649568841915921,-0.8118238649962711,0.4168943290243448,59779,59316,0.6451214526275744,False
bdce,irce,-0.0006801939441345994,-0.7231195442462964,0.46960786393668297,59400,59614,0.6947147796519282,False
bdce,nary-reassociate,-0.0007157329667241696,-0.7606505441464083,0.446867331309611,59252,59548,0.673449869722904,False
bdce,scalarizer,-0.0026112701690789164,-2.7508227737785855,0.0059454811209286446,59481,59100,0.021340517020675135,True
bdce,vector-combine,-0.0010637210139449182,-1.1246515141692823,0.26073900991538157,59588,59100,0.4832247812724251,False
bdce,always-inline,-0.001108784184447098,-1.1816125083694493,0.23736185097419646,59409,59512,0.4501254278038515,False
bdce,globalsplit,0.0009145691870006689,0.9701456768829817,0.3319758482956535,59766,59690,0.565722187166295,False
bdce,lowerswitch,-0.0011474014042847647,-1.2059728963802836,0.22783034050810322,59544,59386,0.43820413233287436,False
bdce,early-cse-memssa,-0.005849303372029935,-8.20784306357128,2.2741669451391136e-16,59847,59282,3.741864603850744e-15,True
bdce,simple-loop-unswitch,-0.0016091007909907473,-1.7035594257384357,0.08846603909555237,59481,59507,0.21912271290207658,False
bdce,loop-versioning,-0.0021283957019399558,-2.243099018908374,0.02489226402320323,59413,59497,0.07550589149098672,False
bdce,loop-flatten,-0.0014653414012779642,-1.5433569375618426,0.12274685715330183,59547,59363,0.2835138382722039,False
bdce,loop-reroll,-0.0007119707039614509,-0.7559088545610073,0.4497053439517344,59431,59389,0.6755067613789766,False
bdce,loop-instsimplify,-0.001666364571896617,-1.7765759934403924,0.07564058310675023,59541,59440,0.19259331823539264,False
bdce,loop-simplifycfg,-0.0005058087137778666,-0.5369452505882595,0.5913064359705992,59472,59620,0.7827672465690557,False
bdce,loop-predication,-0.0013330748460170794,-1.4073487193994114,0.15932662358321523,59451,59442,0.3456851365867994,False
bdce,speculative-execution,-0.0012781320183883893,-1.357404417664168,0.17465531550686986,59408,59806,0.3673202016782504,False
bdce,partially-inline-libcalls,-0.00025280010274536524,-0.26894437970041785,0.7879729480795655,60089,59633,0.8984440045206984,False
bdce,load-store-vectorizer,-0.00043287814963338667,-0.4618194414302631,0.64421165053404,59555,59672,0.8209348595806378,False
bdce,iroutliner,0.0006017912528827329,0.6462659990584907,0.5181083504716412,59518,59434,0.730612999800845,False
bdce,global-merge,-0.002228980539029757,-2.3480609398970973,0.018873063061583605,59612,59306,0.05960235076545275,False
bdce,break-crit-edges,-0.006704455296268785,-7.051380012582705,1.7810881192813706e-12,59588,59701,2.069656105372655e-11,True
bdce,unreachableblockelim,-0.001980684539373667,-2.097581953473542,0.03594419011120079,59968,59315,0.10372693329068702,False
ipsccp,correlated-propagation,-0.0005913626676531947,-0.6261541927831454,0.5312150103601476,59473,59532,0.7397716858358243,False
ipsccp,mem2reg,-0.005606454034589092,-8.15980115875763,3.3880393742651054e-16,59770,59460,5.415331505968225e-15,True
ipsccp,sroa,-0.006785211215220188,-9.76336259232636,1.648956865860921e-22,59155,59406,4.484246587994005e-21,True
ipsccp,instsimplify,3.655136552732641e-05,0.03969206445273785,0.9683386951670657,59137,59439,0.9883842322147839,False
ipsccp,constmerge,-0.0006822992776444048,-0.7194698330076431,0.4718528954247087,59638,59418,0.6962230363538656,False
ipsccp,function-attrs,-0.0017053895851770196,-1.8022925714742821,0.07150192245645294,59532,59173,0.1840904196840695,False
ipsccp,deadargelim,-0.0025046674749851783,-2.639870688241393,0.008294850606610811,59294,59453,0.02884761409864924,True
ipsccp,globaldce,-0.0006885389713908729,-0.7238016336328194,0.46918895161444296,59330,59477,0.6946479903675458,False
ipsccp,elim-avail-extern,-0.00189046500588963,-1.996990455400931,0.04582849418824244,59527,59438,0.12687752684188575,False
ipsccp,mergefunc,-0.0012700311253027174,-1.3351936198579788,0.18181554233867994,59813,59016,0.37886994268773183,False
ipsccp,instcombine,0.00777945867592289,9.39942091638338,5.579314340882148e-21,59348,59545,1.3570555875089746e-19,True
ipsccp,simplifycfg,0.003853106609557566,4.106381309633468,4.021736713464804e-05,60003,59123,0.00019661823932494595,True
ipsccp,tailcallelim,-0.0024131469827508023,-2.552678242227315,0.010691055738142476,59796,59325,0.03590580983753511,True
ipsccp,reassociate,-0.0014308246725246998,-1.5063771136402484,0.13197305214336064,59504,59284,0.3001199025513358,False
ipsccp,memcpyopt,-0.0030343908081692517,-3.2052613166382464,0.0013497541241141212,59797,59520,0.005399016496456485,True
ipsccp,sccp,-0.0015996161568129774,-1.6824515333713108,0.09248394712214195,59568,59086,0.22706403569298297,False
ipsccp,dce,-0.001268142916417303,-1.330648698382244,0.18330718746248992,59373,59307,0.3812166468949073,False
ipsccp,adce,0.0005172777831464748,0.542320630239988,0.5875986657554249,59010,59532,0.7808305565657055,False
ipsccp,dse,0.006871901586398721,7.2641606772704845,3.776444565920255e-13,59773,59358,4.607027077926392e-12,True
ipsccp,jump-threading,0.003542267876171845,3.741407971816597,0.00018307814766603146,59651,59250,0.0008212302706302167,True
ipsccp,loop-idiom,-0.0008549084255134454,-0.9018313918330598,0.367148266299332,59650,59430,0.5994282109573636,False
ipsccp,loop-deletion,-0.0008935400966321172,-0.9345527702785216,0.3500207274234425,59098,59771,0.5825249335274971,False
ipsccp,gvn,-0.005432731892098808,-7.144913254562551,9.057000838425763e-13,59471,59593,1.0813175391242466e-11,True
ipsccp,gvn-hoist,-0.0007092886533425213,-0.7540610688004852,0.450814046744874,59323,59558,0.6764111596196065,False
ipsccp,gvn-sink,-0.0019460664795203364,-2.048115630132878,0.04055086400473894,59627,59221,0.11473784930820641,False
ipsccp,newgvn,-0.0032401285238913835,-4.51096443482894,6.459525405220608e-06,59368,59390,3.460396920224884e-05,True
ipsccp,early-cse,0.0008583430125507219,1.0090286528359995,0.3129629474579617,59461,59372,0.5449368173612175,False
ipsccp,mergereturn,-0.001457745453718906,-1.5371713209960993,0.12425402219504968,59782,59202,0.28639126010348115,False
ipsccp,globalopt,-0.002372464589924572,-2.5048875532832158,0.01225035886502955,59527,59452,0.04078557389476971,True
ipsccp,strip-dead-prototypes,-0.0007441015401253859,-0.7879796004413929,0.4307102141076129,59085,59446,0.6598830979833381,False
ipsccp,indvars,-0.0002753060936288021,-0.29143745209279676,0.7707172817465866,59744,59434,0.8913552496513979,False
ipsccp,mergeicmps,-0.0018354767429347163,-1.942681217420876,0.052057040905610454,59539,59550,0.14176312391263599,False
ipsccp,separate-const-offset-from-gep,-0.00023981162608949225,-0.25211709140280963,0.8009509957617548,59218,59599,0.9057245450196454,False
ipsccp,libcalls-shrinkwrap,-0.0018184978248143024,-1.9054855884788588,0.05671939349820769,59308,59356,0.15255031082059325,False
ipsccp,flattencfg,-0.0024855306864721705,-2.6302722907831035,0.00853275422388341,59337,59107,0.02951790242113731,True
ipsccp,loop-reduce,-0.001985029133582783,-2.111662197182917,0.03471751054814245,59593,59538,0.10078114996777303,False
ipsccp,loop-unroll,-0.011202681797423841,-11.098132589568795,1.32359962772662e-28,59478,59226,5.0322486817256735e-27,True
ipsccp,loop-rotate,-0.0013030319318674821,-1.322958290381719,0.18585179935906293,59361,59270,0.3852809138645264,False
ipsccp,partial-inliner,-0.0009856766396283412,-1.0392225847319918,0.29870334934122184,59472,59072,0.5292861158462555,False
ipsccp,lower-expect,-0.0006623152205738614,-0.6984177454940682,0.4849173531494279,59224,59221,0.706186818495039,False
ipsccp,alignment-from-assumptions,-0.00032981275217397465,-0.3446073124912526,0.7303902197367254,59380,59022,0.8733459848821424,False
ipsccp,rpo-function-attrs,0.0005824743501015583,0.6159544563384052,0.53792575970324,59440,59300,0.7454059713368322,False
ipsccp,attributor,0.0015440661650533705,1.8090958385428484,0.0704386409168817,59452,59445,0.18183105987508819,False
ipsccp,inferattrs,-0.0010060122476709954,-1.0562018424298187,0.29087816197084365,59345,59184,0.5204912559541245,False
ipsccp,called-value-propagation,0.0010819024559841073,1.1399388822546084,0.25431406153771147,59558,59388,0.4731230261762668,False
ipsccp,licm,-0.0035687745919989466,-3.7039228754150724,0.0002123866999067668,59832,59231,0.0009461960373548337,True
ipsccp,loop-simplify,-0.00029468721042258395,-0.309780998841826,0.756728041407784,59784,59897,0.886698686461066,False
ipsccp,div-rem-pairs,-0.0017354086102429611,-1.8387145007476555,0.06595967409477611,59663,59613,0.17208399983687092,False
ipsccp,float2int,-0.00033285660762349956,-0.3512052156456489,0.7254350197647197,59452,59486,0.8708778471485721,False
ipsccp,inline,-0.001140733735337407,-1.1982191724694122,0.23083410434556625,59104,59172,0.4418690055061131,False
ipsccp,sink,1.903757100402137e-05,0.01995946307936842,0.984075743558965,59251,59040,0.9934623902492671,False
ipsccp,loop-vectorize,-0.0038566037275946097,-4.027552526710516,5.6395467228885415e-05,59053,59769,0.0002703116887005083,True
ipsccp,slp-vectorizer,0.0002958338655882353,0.31054264277532034,0.7561488811509646,59710,59216,0.8862852495022979,False
ipsccp,callsite-splitting,-0.0018987674521439013,-1.9931008758244801,0.046252684779505754,59401,59438,0.12782322766164045,False
ipsccp,dfa-jump-threading,-0.0017497101733048304,-1.847120628220337,0.06473214987513239,59258,59282,0.1697864024856118,False
ipsccp,consthoist,9.606604643036531e-05,0.10114885372787094,0.9194324675637473,59397,59661,0.967875683596676,False
ipsccp,mldst-motion,-0.0029077707798905172,-3.0718936038405196,0.002127535318392473,59951,59053,0.008248938917648439,True
ipsccp,slsr,-0.0003892672565311561,-0.4075792199701947,0.6835833580385902,59582,59100,0.8480736854935241,False
ipsccp,loop-interchange,-0.0009226119263412436,-0.9698819649701584,0.33210731387844417,59096,59192,0.565722187166295,False
ipsccp,loop-fusion,0.0010681238542446514,1.1300820597367918,0.258443921004303,59505,59782,0.47987975090225254,False
ipsccp,loop-distribute,-0.0007977446278018552,-0.8381415395219689,0.40195290107767445,59511,59340,0.631534490859968,False
ipsccp,loop-load-elim,-0.0016581534102170226,-1.750425600169861,0.08004749055958016,59368,59090,0.20171555536120714,False
ipsccp,loop-sink,-0.002993501896003836,-3.1488473508547763,0.0016395630301598333,59537,59444,0.006459284533305742,True
ipsccp,loop-unroll-and-jam,-0.0007641730181859319,-0.8041358983431798,0.42132010280492227,59613,59229,0.6498186382765165,False
ipsccp,hotcoldsplit,-0.0007110028212160002,-0.7496511350925664,0.453466330147238,59555,59210,0.679332115094332,False
ipsccp,irce,-0.00208203943608698,-2.189971101366343,0.028528272924536625,59497,59141,0.08521488693553426,False
ipsccp,nary-reassociate,-0.0017916814910420853,-1.887887063955947,0.05904356016697264,59176,59065,0.15707512337898427,False
ipsccp,scalarizer,-0.0016963597714437229,-1.7810103259091237,0.074913319037784,59530,59249,0.1911143696103988,False
ipsccp,vector-combine,-0.0011061419856207566,-1.161590929939468,0.24540399980759514,59306,59618,0.4615763992538629,False
ipsccp,always-inline,-0.0019335807028427743,-2.0417860632103677,0.041174952505314104,59645,59638,0.11619305093545343,False
ipsccp,globalsplit,-0.0009024176026424802,-0.9468477362893588,0.3437182978382568,59544,59339,0.5759524408791672,False
ipsccp,lowerswitch,-0.0016825112757207217,-1.761320328299741,0.07818677457379516,59434,59316,0.19817437490678438,False
ipsccp,early-cse-memssa,-0.0054396058040237505,-7.557924737989548,4.1247413454641283e-14,59739,59110,5.628044288793563e-13,True
ipsccp,simple-loop-unswitch,-0.00198967017569196,-2.09270626829615,0.03637750091120321,59469,59256,0.104822879741186,False
ipsccp,loop-versioning,-0.002089281203323967,-2.1870663994974664,0.02873962094655703,59815,58948,0.08565019454088077,False
ipsccp,loop-flatten,-0.0015731657264200782,-1.6503330135872194,0.09887749538509846,59036,59395,0.23857080661682084,False
ipsccp,loop-reroll,-0.0011102855812101242,-1.1732382045933578,0.24070264843818664,59631,59220,0.4551383733867402,False
ipsccp,loop-instsimplify,-0.0031646789406167275,-3.3343359169218534,0.0008552943664144094,59535,59432,0.003496171961251385,True
ipsccp,loop-simplifycfg,-0.0016624253046971238,-1.7490871843704066,0.08027852881720836,59814,59252,0.20216766485414017,False
ipsccp,loop-predication,-0.001503867620104793,-1.5775711442615785,0.11466682660549392,59693,59195,0.2691674908142828,False
ipsccp,speculative-execution,-0.0002756229255819198,-0.2905773136414087,0.7713751178245866,60092,59282,0.8915894219011455,False
ipsccp,partially-inline-libcalls,-0.0009364928078193779,-0.9853737770858013,0.3244425092157836,59760,59224,0.5565119868983831,False
ipsccp,load-store-vectorizer,-0.00015411441083001964,-0.1623883228487782,0.8710003419815852,59503,59305,0.9432625384955441,False
ipsccp,iroutliner,0.0019786265681592252,2.1072275385447186,0.035099951140593486,59295,59518,0.10144015399746427,False
ipsccp,global-merge,-0.0007559267373472567,-0.7963173213128028,0.42584920941089754,59455,59507,0.6544841067712225,False
ipsccp,break-crit-edges,-0.007542236694577598,-7.839214884355898,4.571240302757398e-15,59176,59051,6.654638299478801e-14,True
ipsccp,unreachableblockelim,-0.0015195735211260275,-1.5971251377467652,0.11024047265951871,59356,59572,0.26084163078994554,False
correlated-propagation,mem2reg,-0.003814067035089408,-5.56536169378499,2.6217188633371844e-08,59590,59172,1.9082994551725677e-07,True
correlated-propagation,sroa,-0.004345182491748589,-6.356010900173811,2.078077369225997e-10,59355,59522,1.9514990354649893e-09,True
correlated-propagation,instsimplify,-3.76215197933627e-06,-0.004144377465608446,0.9966932816177636,59528,59497,0.9987335953979433,False
correlated-propagation,constmerge,0.0001896088440831445,0.20090743499888472,0.8407712963625655,59749,59587,0.9292709687062435,False
correlated-propagation,function-attrs,-0.0015545322769833225,-1.6581202293221544,0.09729584611433975,59433,59179,0.2354824062940386,False
correlated-propagation,deadargelim,-0.00045044224693063795,-0.47956657199720076,0.6315365018573352,59555,59468,0.8127725614678283,False
correlated-propagation,globaldce,-0.0018433253101696745,-1.9513185888672941,0.05102150264799356,59691,59290,0.13942791651747577,False
correlated-propagation,elim-avail-extern,-0.0004291884288125658,-0.4540533672082553,0.6497912453084137,59274,59657,0.8244440242195451,False
correlated-propagation,mergefunc,-0.00017998714161576723,-0.1914024446893786,0.848210632060792,59567,59216,0.9324085473296422,False
correlated-propagation,instcombine,0.008162216957257495,10.004614318481215,1.4860583912628513e-23,59537,59697,4.342839298645765e-22,True
correlated-propagation,simplifycfg,0.006634967950303439,7.067700109449365,1.5838297381917863e-12,59465,59560,1.8459158496306654e-11,True
correlated-propagation,tailcallelim,-0.0002669833911077002,-0.2853035395783061,0.7754120978272216,59434,59583,0.8939222414822159,False
correlated-propagation,reassociate,0.0006885656358672221,0.7335935014074259,0.4631979641977597,59615,59702,0.6883807316123063,False
correlated-propagation,memcpyopt,0.0004434253364342111,0.47059577402942254,0.6379302874629037,59687,59476,0.8165156970561439,False
correlated-propagation,sccp,9.899542370972458e-05,0.10477263877503731,0.9165563977226812,59741,59585,0.9666670760791864,False
correlated-propagation,dce,0.00015093158408030494,0.1604716918539371,0.8725097931281768,59638,58764,0.9439383001794686,False
correlated-propagation,adce,-0.0008070150206583859,-0.8583779050544001,0.39068554990442805,59465,59781,0.6202151337393715,False
correlated-propagation,dse,0.006224779414771009,6.6627828073155,2.6985874258391247e-11,59494,59122,2.751996968642191e-10,True
correlated-propagation,jump-threading,0.003933255782346212,4.186971151580214,2.8290516101683354e-05,59413,59346,0.00014130824114055103,True
correlated-propagation,loop-idiom,-0.0003074875761826523,-0.32359696971413515,0.7462437501478262,59655,59548,0.8815276679868942,False
correlated-propagation,loop-deletion,-0.0019776053667310833,-2.0990734667924325,0.03581252700374702,59385,59608,0.10342319745329892,False
correlated-propagation,gvn,-0.002015978339001301,-2.7014614911466546,0.006904527388138114,59558,59595,0.024424687671137178,True
correlated-propagation,gvn-hoist,-0.0014989679188219251,-1.6045429551650483,0.10859707399213207,59748,59440,0.25771376543033553,False
correlated-propagation,gvn-sink,-0.0017774863257619122,-1.8895824692772878,0.05881624389847136,59623,59785,0.15700368855242933,False
correlated-propagation,newgvn,-0.004698731064096073,-6.585216727229274,4.560987381689784e-11,59506,59726,4.5335424419903484e-10,True
correlated-propagation,early-cse,0.0007837003722011016,0.9244681436463491,0.3552445065418844,59671,59214,0.587036170055384,False
correlated-propagation,mergereturn,0.0003147159869633098,0.3353539007129169,0.737358729027604,59752,59354,0.8777366500811414,False
correlated-propagation,globalopt,-0.0013748403461693037,-1.463449436007687,0.1433470688723595,60091,59471,0.3189472282409999,False
correlated-propagation,strip-dead-prototypes,7.756419489307609e-05,0.08305972886936122,0.9338041864514487,59510,59592,0.9725471261020939,False
correlated-propagation,indvars,-0.0006810965439763561,-0.7206696706444705,0.4711141892382862,59705,59605,0.6956573020577409,False
correlated-propagation,mergeicmps,-0.0009328250100553714,-0.9904039281672674,0.32197874072059074,59505,59474,0.5534981337409277,False
correlated-propagation,separate-const-offset-from-gep,-0.0016690172467943576,-1.7743363416504911,0.07601009639168714,59253,59453,0.19320582902515931,False
correlated-propagation,libcalls-shrinkwrap,-0.0006611979620492758,-0.6997666479893119,0.4840744187587554,59205,59425,0.705221511852413,False
correlated-propagation,flattencfg,-0.0014562849719491622,-1.546069278307368,0.12209049577233068,59647,59396,0.28223517204512805,False
correlated-propagation,loop-reduce,-0.0014888657574341768,-1.6047198803751932,0.10855810808381677,59792,59687,0.25771376543033553,False
correlated-propagation,loop-unroll,-0.010918496452892335,-10.826464158083494,2.6570727530554644e-27,59559,59281,9.04791034866539e-26,True
correlated-propagation,loop-rotate,-0.0012769221108938633,-1.3043483520351173,0.1921173597257095,59826,59233,0.39368476226367266,False
correlated-propagation,partial-inliner,0.0005258777794218128,0.5599521223420323,0.5755131536352848,59058,59433,0.7748738145025165,False
correlated-propagation,lower-expect,-0.0014099941259904103,-1.5008206491197869,0.13340461938330672,59294,59285,0.3020152660121663,False
correlated-propagation,alignment-from-assumptions,9.112421095475165e-05,0.09646971826582375,0.9231476860751306,59505,59082,0.9686038767896754,False
correlated-propagation,rpo-function-attrs,-0.0024062624088446727,-2.560625456879866,0.010449617936198401,59522,59266,0.03527646882599391,True
correlated-propagation,attributor,0.002807082145494688,3.319695930361059,0.0009014264822751785,59656,59191,0.0036770688589474994,True
correlated-propagation,inferattrs,0.00038024170932260404,0.4049971811879468,0.6854803111100707,59366,59619,0.8487767758735225,False
correlated-propagation,called-value-propagation,-0.00021434528608221814,-0.22836566268911795,0.8193623734479872,59640,59475,0.9150967674924431,False
correlated-propagation,licm,-0.00415241419455159,-4.335591152220069,1.4548836443464756e-05,59546,59242,7.476803610578476e-05,True
correlated-propagation,loop-simplify,-0.0025848531426190813,-2.746862167333877,0.006017743955053153,59659,59636,0.021560370839879366,True
correlated-propagation,div-rem-pairs,-0.0024803786034241493,-2.6493097274970387,0.00806670095694107,59441,59831,0.028129297370775803,True
correlated-propagation,float2int,-0.00033360020785949684,-0.3536077017492037,0.7236335259509332,59808,59614,0.870571061013934,False
correlated-propagation,inline,-0.0008878464687041565,-0.9412549038466852,0.3465761664958688,59505,58963,0.5787600289969391,False
correlated-propagation,sink,-0.0017711887774626844,-1.8885248516453972,0.05895794769155239,59875,59475,0.15707512337898427,False
correlated-propagation,loop-vectorize,-0.0021693294706137123,-2.294245572400062,0.021778124719541457,59707,59683,0.0674174991317979,False
correlated-propagation,slp-vectorizer,0.001272109486053996,1.3527348184308534,0.17614293254645297,59753,59275,0.3686155232707895,False
correlated-propagation,callsite-splitting,0.0012944450626629078,1.3746676882595819,0.16923707532357912,59671,59618,0.3593727045136176,False
correlated-propagation,dfa-jump-threading,-0.0009372865218391646,-0.9979931509109856,0.318284719658159,59116,59311,0.5512618143216942,False
correlated-propagation,consthoist,-0.00022930667313725284,-0.24257136802681264,0.8083378825725989,59379,59434,0.9106591335311557,False
correlated-propagation,mldst-motion,-0.0021432641552879272,-2.300523575868131,0.02142028967992438,59812,59640,0.06652010657143843,False
correlated-propagation,slsr,-0.00016782540024862236,-0.17802580419383382,0.8587030135174156,59674,59383,0.9379863321992189,False
correlated-propagation,loop-interchange,0.0007529227042629705,0.7972785428832039,0.42529087683733013,59290,59212,0.6538826359226481,False
correlated-propagation,loop-fusion,0.0001665463151537816,0.17574491568186298,0.8604946466082124,59281,59430,0.93838261595302,False
correlated-propagation,loop-distribute,-0.0010350349356717525,-1.099654421830699,0.27148493783065786,59737,59664,0.4977264718831545,False
correlated-propagation,loop-load-elim,-0.0011379896091646136,-1.2070636401110835,0.22741004377759827,59733,58914,0.4376106788368918,False
correlated-propagation,loop-sink,-0.0005636104717228752,-0.6006125708100692,0.5480992095893981,59540,59201,0.7535817054675121,False
correlated-propagation,loop-unroll-and-jam,-0.0019352430285087263,-2.0545131441866826,0.03992823005462986,59731,59341,0.11306318954086282,False
correlated-propagation,hotcoldsplit,-0.0004151851929732886,-0.4418837139548306,0.6585741576061166,59797,59454,0.8297864868679384,False
correlated-propagation,irce,0.00012637655822128613,0.13436777324155866,0.893111990811197,59828,59258,0.9542773686266431,False
correlated-propagation,nary-reassociate,0.00035855142656671113,0.3813262236189564,0.7029618811230751,59153,59345,0.8578369356428677,False
correlated-propagation,scalarizer,-0.0014118654725231439,-1.5006716327847156,0.13344317647559323,59264,59302,0.3020152660121663,False
correlated-propagation,vector-combine,-0.0007269580398546749,-0.7724285549059883,0.4398621853092652,59175,59546,0.666602290120388,False
correlated-propagation,always-inline,-0.001471642371940085,-1.5680859436883023,0.11686373831771449,59658,59212,0.2724495186671913,False
correlated-propagation,globalsplit,-0.001491639317247495,-1.57112407036887,0.11615649120203948,59404,59601,0.27156347435652933,False
correlated-propagation,lowerswitch,-0.0031006952095516405,-3.2592507269101096,0.0011173824312874666,59814,59170,0.004515654902911991,True
correlated-propagation,early-cse-memssa,-0.006263291401229332,-8.766564026423572,1.8655590260741443e-18,59740,59478,3.546373371896286e-17,True
correlated-propagation,simple-loop-unswitch,-0.0015973947989758042,-1.682942937241446,0.0923887665650486,59389,59393,0.2269726536190278,False
correlated-propagation,loop-versioning,-0.001165364105901734,-1.230973287745242,0.2183352954548485,59670,59000,0.4270734350655278,False
correlated-propagation,loop-flatten,-0.0010349329482292058,-1.0996840231031457,0.2714720482079989,59609,59179,0.4977264718831545,False
correlated-propagation,loop-reroll,-0.0022985505516897597,-2.4487461671245345,0.014336880305781606,59534,59108,0.046903277591846926,True
correlated-propagation,loop-instsimplify,-0.0014082464557023666,-1.5009933849481558,0.13335993768674448,59314,59154,0.3020152660121663,False
correlated-propagation,loop-simplifycfg,-0.0012238874215802498,-1.2982692695430578,0.19419733605392936,59429,59687,0.3958754648553812,False
correlated-propagation,loop-predication,-0.0021536279063733565,-2.2798927848344546,0.022615810361261653,59557,59380,0.06957070964234142,False
correlated-propagation,speculative-execution,-0.0005351029599831025,-0.5687544614483135,0.56952384962303,59886,59832,0.7698472430858717,False
correlated-propagation,partially-inline-libcalls,-0.0009602496671915484,-1.0161189445740104,0.3095748122603219,59704,59444,0.5411781266700175,False
correlated-propagation,load-store-vectorizer,-0.0010527193985166439,-1.112417382890022,0.26596097654693274,59789,59467,0.49034989837937315,False
correlated-propagation,iroutliner,0.0009021591073750113,0.9705337188045671,0.3317825068200972,59263,59260,0.565722187166295,False
correlated-propagation,global-merge,-0.0016867322208239943,-1.7976118407951662,0.07224106708598053,59728,59637,0.18562730886397624,False
correlated-propagation,break-crit-edges,-0.008490606646530285,-8.935732846992169,4.1007717164193247e-19,59853,59139,8.363865646613582e-18,True
correlated-propagation,unreachableblockelim,-0.0011873496747485945,-1.2610748788119324,0.20728433455833328,59654,59753,0.41246212100123636,False
mem2reg,sroa,0.0002434469709007847,0.3454386518147737,0.7297652348444496,59465,59421,0.873131885014013,False
mem2reg,instsimplify,0.00448734658204486,6.673467415049201,2.509219845576171e-11,59364,59258,2.5655626410643044e-10,True
mem2reg,constmerge,0.0033116894959377974,4.82058373000769,1.433149446657303e-06,59431,59630,8.388958494932734e-06,True
mem2reg,function-attrs,0.003717641369738678,5.424645251548796,5.818234344839314e-08,59713,59527,4.0469281872807735e-07,True
mem2reg,deadargelim,0.00294110695401556,4.273672546823602,1.9242811515666392e-05,59651,59852,9.773651088890997e-05,True
mem2reg,globaldce,0.0027108477293479316,3.968789712952208,7.228102622603939e-05,59180,59805,0.000341850843841993,True
mem2reg,elim-avail-extern,0.003267556386111481,4.804734339591109,1.551458307289531e-06,59429,59406,9.00075663903082e-06,True
mem2reg,mergefunc,0.003405704626861905,4.988215038876339,6.102565564286039e-07,59093,59579,3.659670252640755e-06,True
mem2reg,instcombine,0.00588116476553513,8.945265142903132,3.7619991665043276e-19,59388,59765,7.713083107869606e-18,True
mem2reg,simplifycfg,0.011692119075711993,17.15415304306341,7.026856153142443e-66,59555,59372,1.0191543961372521e-63,True
mem2reg,tailcallelim,0.0030047405980121455,4.374077720105574,1.2205037171878867e-05,59591,59428,6.305399151065653e-05,True
mem2reg,reassociate,0.0031848512088654135,4.662376130014429,3.1291631289728696e-06,59830,59754,1.7405969904911587e-05,True
mem2reg,memcpyopt,0.002178971057204049,3.1713001989927263,0.0015179669428483247,59626,59730,0.0060104737595490796,True
mem2reg,sccp,0.0035714537722870143,5.1704295262513025,2.339332065674066e-07,59614,59485,1.4728013455272738e-06,True
mem2reg,dce,0.003967779763213497,5.752043254738932,8.838692927235873e-09,59382,59309,6.936336974560256e-08,True
mem2reg,adce,0.0038070314802279848,5.546954858388238,2.913047442495763e-08,59375,59406,2.0892845759731516e-07,True
mem2reg,dse,0.0024160411039318985,3.5163606370712963,0.0004376690947676709,59519,59429,0.001869042720948963,True
mem2reg,jump-threading,0.010938894643246877,16.138415949355778,1.5818163637429005e-58,59316,59656,1.9357477751303744e-56,True
mem2reg,loop-idiom,0.004040409710728943,5.811186021844977,6.218956292405918e-09,59815,59119,5.010994411741065e-08,True
mem2reg,loop-deletion,0.0038623433239682314,5.58426462955718,2.352019335433527e-08,59433,59447,1.7183783055144947e-07,True
mem2reg,gvn,0.012679032137503043,18.89470711543345,1.6527104907444536e-79,59408,59569,4.622867344110914e-77,True
mem2reg,gvn-hoist,0.002443978251956691,3.5899609492737716,0.0003308608627320438,59052,59605,0.0014364203308854585,True
mem2reg,gvn-sink,0.0012817212897664465,1.8391571947014913,0.06589455447679088,59635,59558,0.17202871688740873,False
mem2reg,newgvn,0.002563928137315097,3.933424300241675,8.37918014941999e-05,59126,59636,0.00039156168812802723,True
mem2reg,early-cse,0.011489419174636972,17.56996978051153,5.119344953424122e-69,59419,59297,8.716241233742983e-67,True
mem2reg,mergereturn,0.0037087680158934266,5.410772633113986,6.287445917556232e-08,59148,59519,4.350112758507103e-07,True
mem2reg,globalopt,0.004222294813967631,6.115586255143654,9.650126445766761e-10,59432,59444,8.360596274695274e-09,True
mem2reg,strip-dead-prototypes,0.0030981175552932116,4.487010320106753,7.229754717383567e-06,59366,59038,3.841481611027686e-05,True
mem2reg,indvars,0.003989187927747495,5.927020119444779,3.093263055731482e-09,59780,59315,2.5501511844725228e-08,True
mem2reg,mergeicmps,0.0010976363873197448,1.5931402110125308,0.11113140087038918,59178,59857,0.2621629914508699,False
mem2reg,separate-const-offset-from-gep,0.0028068934696049985,4.088720787228702,4.340447498765251e-05,59158,59503,0.00021193506739606885,True
mem2reg,libcalls-shrinkwrap,0.003248253742051399,4.748176298713885,2.0549766428974814e-06,59734,59185,1.171366598775333e-05,True
mem2reg,flattencfg,0.003146118106983342,4.642729139053659,3.4420446462633876e-06,59206,59504,1.9065129893589006e-05,True
mem2reg,loop-reduce,0.003165044944442308,4.758622801825826,1.951466116148113e-06,59213,59800,1.115611870195038e-05,True
mem2reg,loop-unroll,-0.013671604834512352,-16.762319349579396,5.51270800002134e-63,59316,59258,7.44405673382192e-61,True
mem2reg,loop-rotate,0.0029093821289671307,4.00422466471399,6.225889959441627e-05,59454,59693,0.0002969620594540001,True
mem2reg,partial-inliner,0.002686215431041472,3.9469627007377395,7.919442844367367e-05,59413,59424,0.00037229937789366876,True
mem2reg,lower-expect,0.0035106179923245495,5.1839364662264655,2.1760515337566612e-07,59202,59844,1.3788701951765511e-06,True
mem2reg,alignment-from-assumptions,0.0034974436227361294,5.046799220583564,4.4993815151839267e-07,59061,59115,2.7359593188602883e-06,True
mem2reg,rpo-function-attrs,0.0030353298156167163,4.4465766821483985,8.732838928896367e-06,59313,59811,4.584155126750425e-05,True
mem2reg,attributor,0.004926708097053978,7.145884764653061,8.993020334034716e-13,59285,59328,1.0769623127853195e-11,True
mem2reg,inferattrs,0.003200746210343164,4.673245709096733,2.968010329724936e-06,59503,59392,1.6533041893602915e-05,True
mem2reg,called-value-propagation,0.003370167818260883,4.982986552931328,6.269768905856866e-07,59714,59554,3.7541919014274443e-06,True
mem2reg,licm,0.009174676059887199,13.219794222240383,7.195113386522771e-40,59892,59511,5.635212804324634e-38,True
mem2reg,loop-simplify,0.003247299176455831,4.764216009468543,1.8981164463779984e-06,59585,59838,1.0898862175976895e-05,True
mem2reg,div-rem-pairs,0.003306112325743016,4.811332462323617,1.5011002098285117e-06,59372,60045,8.747482770369721e-06,True
mem2reg,float2int,0.0035647843668212276,5.254103469429716,1.4900274021600262e-07,59486,59555,9.708730959831385e-07,True
mem2reg,inline,0.0032126323789535283,4.702456250499222,2.573393916783814e-06,59134,59436,1.4458264817970468e-05,True
mem2reg,sink,0.0038710374009751636,5.635730616368928,1.7471029558122057e-08,59529,59542,1.3081558651932308e-07,True
mem2reg,loop-vectorize,-0.00220385042924498,-3.179603832120115,0.0014751450378625121,59471,59451,0.005858689622991478,True
mem2reg,slp-vectorizer,0.006336272596148884,9.358571223032577,8.216592159702688e-21,59435,59452,1.9619618839875442e-19,True
mem2reg,callsite-splitting,0.0024820547313396113,3.621710509581375,0.0002927831828733042,59626,59388,0.0012810490995886696,True
mem2reg,dfa-jump-threading,0.0025907386123099063,3.7830419736799406,0.00015499951174644888,59330,58969,0.0007025209351841364,True
mem2reg,consthoist,0.0030892838487925345,4.487208164660318,7.222985146912228e-06,59809,59536,3.841481611027686e-05,True
mem2reg,mldst-motion,0.003881369113684918,5.7146752169462465,1.1017513455326301e-08,59787,59422,8.476342375453399e-08,True
mem2reg,slsr,0.003284489286669856,4.7469789486601295,2.0671762783852454e-06,59518,59191,1.1740850636691854e-05,True
mem2reg,loop-interchange,0.0029786403125462435,4.323199204972984,1.5390859259771943e-05,58955,59157,7.868225177711088e-05,True
mem2reg,loop-fusion,0.002827338087691089,4.143192102721026,3.427414295800933e-05,59614,59371,0.00016861500480347305,True
mem2reg,loop-distribute,0.0023025957844756695,3.341128493031976,0.0008346429610373345,59629,59251,0.0034188931332868222,True
mem2reg,loop-load-elim,0.003039049487651324,4.462955866153804,8.091107750425243e-06,59248,59321,4.252990328948356e-05,True
mem2reg,loop-sink,0.0035608246865151405,5.210955727701036,1.8818293083868972e-07,59583,59339,1.204124766608348e-06,True
mem2reg,loop-unroll-and-jam,0.0033664493905074533,4.885431660756845,1.0333655008442864e-06,59385,59455,6.112778400764692e-06,True
mem2reg,hotcoldsplit,0.004583153925889483,6.716932712648631,1.8641781653667828e-11,59881,59413,1.9466991188203524e-10,True
mem2reg,irce,0.003459774877146715,5.080579485099817,3.768545383521648e-07,59783,58800,2.313107166437425e-06,True
mem2reg,nary-reassociate,0.002938464975936972,4.282360491638827,1.8506568641385822e-05,59617,59574,9.411912051904789e-05,True
mem2reg,scalarizer,0.002719202884782501,3.9830217158900205,6.808494977762372e-05,59580,59494,0.00032278530669391584,True
mem2reg,vector-combine,0.0029430496531056005,4.265859200411671,1.992880971848663e-05,59471,59387,0.00010095888597360109,True
mem2reg,always-inline,0.002384234332210966,3.4925319065098392,0.0004786380923825614,59637,59349,0.0020373334454022937,True
mem2reg,globalsplit,0.0031270164276197554,4.5708276625980275,4.86290234314643e-06,59426,59371,2.663374206400199e-05,True
mem2reg,lowerswitch,0.0031020651866762172,4.471736341984533,7.765884003764612e-06,59340,59522,4.1040758108963864e-05,True
mem2reg,early-cse-memssa,0.0018888810302304937,2.9185533443386777,0.0035172545467901345,60153,59138,0.013167847806147387,True
mem2reg,simple-loop-unswitch,0.0034036474027131502,4.943222413123182,7.694574437784172e-07,59568,59691,4.586294291988253e-06,True
mem2reg,loop-versioning,0.0016979506842154657,2.426023969708789,0.01526674001065341,59492,59412,0.04944958964575579,True
mem2reg,loop-flatten,0.003006123043397091,4.338992010557286,1.4325596569862443e-05,59097,59456,7.371752453033026e-05,True
mem2reg,loop-reroll,0.003637063108042904,5.340446604772965,9.288784372255433e-08,59479,59229,6.249979313015854e-07,True
mem2reg,loop-instsimplify,0.0025733517246566695,3.775314033818009,0.000159883817443373,59696,59276,0.0007229850220649522,True
mem2reg,loop-simplifycfg,0.0031167740134905864,4.513794268659855,6.373890543202795e-06,59577,59424,3.419199365367417e-05,True
mem2reg,loop-predication,0.0036609700236249765,5.309924051319583,1.0986737627198154e-07,59383,59569,7.317017780290471e-07,True
mem2reg,speculative-execution,0.0039043964296913147,5.666627165191671,1.4597085675842026e-08,59572,59472,1.1077943315232049e-07,True
mem2reg,partially-inline-libcalls,0.004370429355461225,6.34089913011696,2.2924272883543815e-10,59761,59426,2.1374155383799426e-09,True
mem2reg,load-store-vectorizer,0.002461650485926725,3.619558188190709,0.00029522879191785266,59521,59460,0.0012903079789624006,True
mem2reg,iroutliner,0.011209530102932852,16.521336818931168,3.0160434055521843e-61,59521,59347,3.809943863271727e-59,True
mem2reg,global-merge,0.0019438158275499884,2.812185214359199,0.0049214219306517966,59561,59589,0.01792771002830924,True
mem2reg,break-crit-edges,-0.0028876640237086026,-4.13470554631755,3.5565408308075267e-05,59521,59120,0.00017452899615842451,True
mem2reg,unreachableblockelim,0.00364551077175157,5.292480607480794,1.2088184907179255e-07,59341,59445,7.996170962248981e-07,True
sroa,instsimplify,0.004784814740523058,7.176951630858722,7.169728166303923e-13,59617,59247,8.665634413347581e-12,True
sroa,constmerge,0.0037566199375724807,5.441921526230753,5.281282103812695e-08,59452,59536,3.686542017563371e-07,True
sroa,function-attrs,0.004904678008917085,7.127492173074142,1.0279202780693741e-12,59653,59233,1.2161135374379665e-11,True
sroa,deadargelim,0.0023407813652369103,3.434690222692517,0.0005934341685609342,59342,59658,0.0024881030022319253,True
sroa,globaldce,0.0035046494933315686,5.06043555684806,4.189220480678629e-07,59556,59390,2.5672906732922555e-06,True
sroa,elim-avail-extern,0.0042678018055298805,6.1635733784634965,7.134848334002406e-10,59747,59578,6.31849465280497e-09,True
sroa,mergefunc,0.005839389858079136,8.378884252522258,5.400671418439447e-17,59618,58880,9.35797755513667e-16,True
sroa,instcombine,0.007495724077314692,11.410092607641246,3.860122639719192e-30,59882,59274,1.679582250793373e-28,True
sroa,simplifycfg,0.012778876310384601,18.69499981680842,7.040636678195557e-78,59479,59138,1.8380755487875865e-75,True
sroa,tailcallelim,0.0035784639578864685,5.182960033101187,2.1874613935510768e-07,59860,59704,1.3838608751447523e-06,True
sroa,reassociate,0.006058161559274411,8.922361108599139,4.626755264635381e-19,60288,59600,9.339367843459872e-18,True
sroa,memcpyopt,0.003916298738639579,5.681532031528269,1.3380385441394796e-08,59741,59388,1.019408353861907e-07,True
sroa,sccp,0.004556923547566094,6.58520797778985,4.561327176057705e-11,59500,59356,4.5335424419903484e-10,True
sroa,dce,0.005076730249264694,7.369189755658752,1.727778217907115e-13,59507,59102,2.1896373790693405e-12,True
sroa,adce,0.0047259433070387935,6.894977197099535,5.4140427034107425e-12,59636,59452,6.109911016298694e-11,True
sroa,dse,0.0024161724190236433,3.460475590585711,0.0005394115274637794,59555,59202,0.002271328539299097,True
sroa,jump-threading,0.011477927594314596,16.675692677229346,2.3185441904358256e-62,59535,59638,3.026473016582231e-60,True
sroa,loop-idiom,0.0032452476635758676,4.641054735443407,3.470049301133374e-06,59871,58886,1.919309754694674e-05,True
sroa,loop-deletion,0.00325489986848998,4.694185433431068,2.6796937709642687e-06,59656,59088,1.5033926657730768e-05,True
sroa,gvn,0.013758540055578083,20.489390220014077,3.892586263462089e-93,59576,59324,1.2702806506431284e-90,True
sroa,gvn-hoist,0.0046186246317687085,6.745413143253323,1.5328778646814096e-11,59345,59485,1.6267614412174527e-10,True
sroa,gvn-sink,-0.0006078401768069286,-0.8765123402291777,0.3807533338118358,59692,59766,0.6105774181847456,False
sroa,newgvn,0.004460261165570134,6.811659969252781,9.69363520453297e-12,59298,59449,1.0428647104656898e-10,True
sroa,early-cse,0.011262171019530143,17.274639309569352,8.813273907194918e-67,59418,59622,1.3274146392528963e-64,True
sroa,mergereturn,0.003649270817914718,5.306117464600649,1.1218438130482439e-07,59703,59454,7.458642397108528e-07,True
sroa,globalopt,0.0041697253674427,6.023978374426091,1.7067951089677624e-09,59444,59596,1.4561676790234767e-08,True
sroa,strip-dead-prototypes,0.0044135929694479326,6.4762724727821634,9.438096908912863e-11,59422,59491,9.216854736983235e-10,True
sroa,indvars,0.005287769842455992,7.79399217228942,6.544589805118241e-15,59630,59471,9.38777057759818e-14,True
sroa,mergeicmps,0.0032021022755028272,4.619578946490347,3.849228408095543e-06,59490,59301,2.12005322729988e-05,True
sroa,separate-const-offset-from-gep,0.0032982236166091417,4.813306993510516,1.4863555999290576e-06,59326,59176,8.674468747126958e-06,True
sroa,libcalls-shrinkwrap,0.0032555787238266465,4.747075985934403,2.0661906331960462e-06,59117,59585,1.1740850636691854e-05,True
sroa,flattencfg,0.00318193792698096,4.619099901753364,3.858127035222937e-06,59097,59448,2.1219698693726154e-05,True
sroa,loop-reduce,0.0014693453405538182,2.2039694768927434,0.027528398112532215,59366,59660,0.08254303752578572,False
sroa,loop-unroll,-0.015163443834564527,-18.39177995181296,1.996915828491117e-75,59374,59459,4.8874514902320085e-73,True
sroa,loop-rotate,0.003471804935962608,4.688708821008672,2.7523865445939713e-06,59374,59585,1.541966481921315e-05,True
sroa,partial-inliner,0.003946679402477671,5.794010135034576,6.889833492717857e-09,59542,59185,5.495028097247073e-08,True
sroa,lower-expect,0.004318079922010831,6.365577606863332,1.952628311372825e-10,59440,59479,1.8514509606140393e-09,True
sroa,alignment-from-assumptions,0.004001408144611085,5.758102240660955,8.527487068578099e-09,59222,59079,6.705550072399968e-08,True
sroa,rpo-function-attrs,0.003968873508638615,5.806987986878564,6.376857726788365e-09,59295,59201,5.1276745088507675e-08,True
sroa,attributor,0.005074652733424834,7.394103104983769,1.4329806412461556e-13,59504,59188,1.8338405853333156e-12,True
sroa,inferattrs,0.004128241829434276,6.116621042589967,9.587709331317658e-10,59759,59184,8.324937858412406e-09,True
sroa,called-value-propagation,0.004334529140359145,6.402669708350823,1.5324853947071597e-10,59466,59690,1.4672891945411338e-09,True
sroa,licm,0.010312223703488,14.766794602615628,2.6516881950324856e-49,59671,59736,2.884447492152004e-47,True
sroa,loop-simplify,0.0035572807233054116,5.2264095393985315,1.7312410536433263e-07,59790,59429,1.1168929103899945e-06,True
sroa,div-rem-pairs,0.0038133773625938505,5.531263012245941,3.185999403860071e-08,59411,59485,2.276710522904386e-07,True
sroa,float2int,0.0036060815985689,5.236571587868494,1.6386379202556168e-07,59595,59499,1.062401671476986e-06,True
sroa,inline,0.003839893376102188,5.575524086461073,2.4732201741773973e-08,59365,59130,1.8035624212437036e-07,True
sroa,sink,0.004210085313333167,6.0591769275408165,1.372306403035166e-09,59310,59483,1.175919447327289e-08,True
sroa,loop-vectorize,-0.001931942458848146,-2.7572331389124005,0.00583016977084843,59623,59368,0.02096505493355597,True
sroa,slp-vectorizer,0.005756829591937074,8.452752899563658,2.876555079070495e-17,59724,59730,5.0288346828750265e-16,True
sroa,callsite-splitting,0.003246628568325749,4.743152216364036,2.1066205857283457e-06,59616,59361,1.1938532870784664e-05,True
sroa,dfa-jump-threading,0.0027611278874070666,4.022821974380423,5.7540626459364176e-05,59503,59047,0.000275463439137983,True
sroa,consthoist,0.0031029950704595244,4.489351848050102,7.150717953483833e-06,59495,59861,3.8150151915317015e-05,True
sroa,mldst-motion,0.0030595054736332616,4.480730924745186,7.445713435357003e-06,59770,59366,3.940191055791625e-05,True
sroa,slsr,0.0035838102351919976,5.191974217532128,2.084185679957093e-07,59156,59389,1.3249466108298664e-06,True
sroa,loop-interchange,0.0038065771975248075,5.526055595762322,3.281975422525223e-08,59177,59229,2.341022906121817e-07,True
sroa,loop-fusion,0.0032000529796264443,4.687637428319061,2.7668260644104184e-06,59691,59378,1.547841552604457e-05,True
sroa,loop-distribute,0.004835598198773272,6.953028834267376,3.5935728026958374e-12,59391,59608,4.090822992836308e-11,True
sroa,loop-load-elim,0.004585345137754215,6.6921960576206745,2.208166947274407e-11,59544,59321,2.269601513261569e-10,True
sroa,loop-sink,0.0034626497465221617,5.04172495977107,4.6203291491739703e-07,59581,58783,2.8008063387252735e-06,True
sroa,loop-unroll-and-jam,0.004625160283990681,6.708736509659845,1.9719231159091288e-11,59567,59471,2.0482893692042836e-10,True
sroa,hotcoldsplit,0.003729296530110726,5.416567745249016,6.087160938192508e-08,59610,59206,4.2264755733974933e-07,True
sroa,irce,0.0033099318058057436,4.849983338286772,1.2362729671030005e-06,59826,59319,7.258238289618216e-06,True
sroa,nary-reassociate,0.0035642823523333034,5.19151593121192,2.089308556100142e-07,59601,59303,1.3260506168052117e-06,True
sroa,scalarizer,0.0023835334271291586,3.412515340982327,0.0006438783168477739,59358,59109,0.0026880890072237553,True
sroa,vector-combine,0.0034339837580761867,5.032045474012567,4.859825832904593e-07,59320,59195,2.9368947471688864e-06,True
sroa,always-inline,0.00365604355977156,5.404506647745391,6.511161112429815e-08,59406,59623,4.4732819151359925e-07,True
sroa,globalsplit,0.0032977569116433014,4.807521953913364,1.529994324222819e-06,59665,59180,8.88940322500973e-06,True
sroa,lowerswitch,0.002479264420351346,3.530096034090544,0.0004155664337133028,59366,59373,0.0017785335020997746,True
sroa,early-cse-memssa,0.003862360432718537,5.990200910870622,2.1018081807267927e-09,59638,59371,1.7700388894034667e-08,True
sroa,simple-loop-unswitch,0.0029181718557023117,4.246167141155254,2.176234551902666e-05,59590,59274,0.00010967998076255908,True
sroa,loop-versioning,0.0024427452663218774,3.4618263083142917,0.0005367116221089005,59677,59479,0.002262392585767981,True
sroa,loop-flatten,0.002099643743123103,3.0249373892821785,0.002487378902558303,59365,59293,0.009540230932828908,True
sroa,loop-reroll,0.0028424675280951384,4.142878477735055,3.43210708285518e-05,59340,59546,0.00016863401927805376,True
sroa,loop-instsimplify,0.002518849994034511,3.644988200197745,0.0002675180983633511,59722,59118,0.0011797307130527962,True
sroa,loop-simplifycfg,0.004005153250340843,5.705828724373942,1.1605336428469929e-08,59188,59306,8.876269033962547e-08,True
sroa,loop-predication,0.0032899988653780077,4.7520812163763875,2.015688433108974e-06,59525,59417,1.1506466332441317e-05,True
sroa,speculative-execution,0.003930142780506518,5.668880807240147,1.4406381922774858e-08,59948,59415,1.0954444972735212e-07,True
sroa,partially-inline-libcalls,0.002737554999846681,3.965287921631643,7.335033883007433e-05,59480,59231,0.0003464896584542474,True
sroa,load-store-vectorizer,0.003806867230857325,5.607224506945418,2.0604968720611124e-08,59990,59413,1.522435047356852e-07,True
sroa,iroutliner,0.011935744812668403,17.411282969538895,8.23281862021939e-68,59138,59369,1.3433215715324636e-65,True
sroa,global-merge,0.002259235467856502,3.273172098575088,0.0010637805758839782,59249,59720,0.004307926303166141,True
sroa,break-crit-edges,-0.001988792168899689,-2.858392296156039,0.004258676325706595,59614,59430,0.01567311759312526,True
sroa,unreachableblockelim,0.0038150963291899154,5.512773928350766,3.5395531344321495e-08,59238,59480,2.515588035287894e-07,True
instsimplify,constmerge,-0.0009059393849426001,-0.9909306434979348,0.32172147075260554,59409,59130,0.5534337896941425,False
instsimplify,function-attrs,-9.584469947326868e-05,-0.10520216484238813,0.9162155703200356,59417,59555,0.9665679346371928,False
instsimplify,deadargelim,-0.0004043801077903142,-0.4444365057576109,0.65672783430314,59286,59565,0.8282154410620173,False
instsimplify,globaldce,-0.00018702345827809053,-0.2048976198578083,0.8376524654474007,59567,59416,0.9268852937813001,False
instsimplify,elim-avail-extern,-0.0016820920283098784,-1.847223951348746,0.06471717777360328,59376,59260,0.1697864024856118,False
instsimplify,mergefunc,-0.0005751767594218693,-0.6321351544361541,0.5272997830147403,59202,59521,0.7375162591172193,False
instsimplify,instcombine,0.008152067969826982,10.029175589412487,1.1594346715120761e-23,59515,59564,3.4396561921524925e-22,True
instsimplify,simplifycfg,0.004598817387045373,5.042753596876293,4.5955693333525724e-07,58933,59218,2.790116203009097e-06,True
instsimplify,tailcallelim,-0.0028430918493038138,-3.132248682516789,0.00173514957169838,59581,59299,0.006815291597563547,True
instsimplify,reassociate,-0.0015451824186928365,-1.6930570594533874,0.0904472278433243,59378,59483,0.22318295162851795,False
instsimplify,memcpyopt,-0.0009982175330155996,-1.0951227640520338,0.27346507334964393,59641,59366,0.5001817969347061,False
instsimplify,sccp,-6.869671696302371e-05,-0.074871588177147,0.9403170083474442,59465,59501,0.9751804567501566,False
instsimplify,dce,-0.0012477599766634317,-1.3681825634097804,0.1712575312046677,59520,59035,0.36153341897438207,False
instsimplify,adce,0.000708748815909821,0.7766794753002638,0.43734944815912863,59380,59215,0.6656836019996061,False
instsimplify,dse,0.006077572703345413,6.734533754071293,1.6520119088908583e-11,59943,59026,1.7437408720260378e-10,True
instsimplify,jump-threading,0.004320754886892486,4.77794907918658,1.7730328875984347e-06,59420,59371,1.0225621189742961e-05,True
instsimplify,loop-idiom,-0.002804057046505659,-3.065260224530115,0.0021752936959089793,59680,59337,0.00840913140491566,True
instsimplify,loop-deletion,-0.0005009909697836212,-0.548840679376649,0.583115821484166,59483,59400,0.7790948009519083,False
instsimplify,gvn,-0.004891058064916576,-6.544498406058591,5.99379722827562e-11,59199,59260,5.927199481294781e-10,True
instsimplify,gvn-hoist,-0.0023321756493659973,-2.584655143710367,0.009748831099340625,59049,59138,0.033370998763127525,True
instsimplify,gvn-sink,-0.0032677112908920947,-3.585909049373693,0.0003360407074444636,59521,59253,0.0014572928132364556,True
instsimplify,newgvn,-0.004360377748420519,-6.126128921176359,9.032440794154592e-10,59326,59443,7.877736781717012e-09,True
instsimplify,early-cse,0.0005774123089366534,0.6826764992836389,0.49481262214416116,59098,58982,0.7128115400272275,False
instsimplify,mergereturn,-0.001626667563234041,-1.7911792858916793,0.07326707661442562,59494,59195,0.18789382581669334,False
instsimplify,globalopt,-0.00027317936770943074,-0.2994725419978996,0.7645800441901176,59363,59281,0.8887356474692288,False
instsimplify,strip-dead-prototypes,0.00041638988037268065,0.4578030581826666,0.6470947768733942,59272,59383,0.8229160921577398,False
instsimplify,indvars,-0.0013069161388827855,-1.4346038074434415,0.1514026672811338,59292,59244,0.3312250531133631,False
instsimplify,mergeicmps,-0.0013059474285374018,-1.4348015206648408,0.15134629730572635,59653,59130,0.3312250531133631,False
instsimplify,separate-const-offset-from-gep,-0.002452691112899863,-2.6790817333933687,0.00738345619468241,59124,59380,0.02600145185105784,True
instsimplify,libcalls-shrinkwrap,-0.0016051275700353917,-1.7598209174678159,0.07844075246731581,59327,59301,0.19868951271798752,False
instsimplify,flattencfg,-0.0017288828204152784,-1.905540388484116,0.05671228702134274,59132,59043,0.15255031082059325,False
instsimplify,loop-reduce,-0.00226718296337447,-2.5190635636137784,0.011768041453546926,59445,59468,0.039286999430596554,True
instsimplify,loop-unroll,-0.010265384408359002,-10.561110327743277,4.635497210860794e-26,59860,59193,1.5383565320110905e-24,True
instsimplify,loop-rotate,-0.0027240811722599734,-2.882238019181761,0.0039493184038112755,59647,59573,0.014617704035278786,True
instsimplify,partial-inliner,-0.0005880425208304452,-0.6496736648626033,0.5159042921540932,59412,59616,0.7291061890550455,False
instsimplify,lower-expect,-0.0021798538078756646,-2.406372229442006,0.016113354235221176,59555,59362,0.0518487224199886,False
instsimplify,alignment-from-assumptions,-0.0017424044512155956,-1.9011890028788712,0.05727968390905676,59205,59337,0.15378693014172734,False
instsimplify,rpo-function-attrs,-0.0016980910971592933,-1.8745192781807827,0.06086134780784891,59382,59031,0.16136292350408687,False
instsimplify,attributor,0.0011138652687393003,1.3349462158529848,0.1818965238275108,58965,59139,0.37886994268773183,False
instsimplify,inferattrs,-0.0019746173013284185,-2.176016819054404,0.02955596892874632,59434,59229,0.0874838808200836,False
instsimplify,called-value-propagation,-0.0009118203967242167,-1.0055724373822303,0.31462333360477573,59778,59183,0.546612677194455,False
instsimplify,licm,-0.004317785528994089,-4.638247960436567,3.5174798908420413e-06,59669,59372,1.9427998945750963e-05,True
instsimplify,loop-simplify,-0.0018261067242716367,-2.002629286208628,0.04521936477565411,59176,59493,0.12558796628472446,False
instsimplify,div-rem-pairs,-0.00155805523308844,-1.7041879801171382,0.08834858698348139,59167,59784,0.2190178921187881,False
instsimplify,float2int,-0.0015839830443875602,-1.7418155202215024,0.08154332023828935,59701,59024,0.20443254932979585,False
instsimplify,inline,-0.001519725346875167,-1.6589935368541426,0.0971197451198362,59356,58974,0.23534710512950408,False
instsimplify,sink,-0.0018495751263202798,-2.0301418775409354,0.04234435079311782,59173,59247,0.11903839031288542,False
instsimplify,loop-vectorize,-0.004171484194018693,-4.564358630475664,5.015250706297548e-06,59446,59271,2.742977900259944e-05,True
instsimplify,slp-vectorizer,-0.0004959202221794801,-0.542932554596255,0.5871772637048553,58981,59323,0.7807833616735106,False
instsimplify,callsite-splitting,-0.0026255293739494423,-2.86431598911057,0.004179843411332878,59246,59172,0.01542720716190344,True
instsimplify,dfa-jump-threading,-0.001876140537412252,-2.064153960159965,0.039005301786426444,59010,59013,0.11100636758404503,False
instsimplify,consthoist,-0.0014258760711822749,-1.5589137784034461,0.11901945317944874,59336,59443,0.27611384991156473,False
instsimplify,mldst-motion,-0.0020032760306821773,-2.208768916298695,0.027192623032718525,59345,59248,0.08178672180962039,False
instsimplify,slsr,0.00017088920705982114,0.1867331634759408,0.8518701723194336,59054,59496,0.9346548857157134,False
instsimplify,loop-interchange,-0.003077738395867058,-3.3629179571743246,0.0007714779196451641,59223,58740,0.0031801131929794346,True
instsimplify,loop-fusion,-0.0009909961843519999,-1.0876702313386075,0.2767429187199896,59637,59270,0.5035898093436242,False
instsimplify,loop-distribute,-0.0006540964370356228,-0.7178017780230814,0.47288093317372354,59569,58834,0.6969521017344001,False
instsimplify,loop-load-elim,-0.0015971828687527112,-1.7537274431845977,0.07947980820815674,59141,59254,0.20080188964073664,False
instsimplify,loop-sink,-0.0033361558467052688,-3.647957615823378,0.0002644465865885243,59266,59203,0.001170138794441425,True
instsimplify,loop-unroll-and-jam,-0.0021036893466290785,-2.3067124907307215,0.0210725710069919,59286,59122,0.06554423198044501,False
instsimplify,hotcoldsplit,-0.0022260863946546583,-2.447644662663799,0.014380776820836473,59337,59382,0.04697495423224209,True
instsimplify,irce,-0.0016387051544085596,-1.8061385093500824,0.07089923850187956,59144,59591,0.18277907700682047,False
instsimplify,nary-reassociate,-0.0014023874435431516,-1.5354911805756915,0.12466589581029762,59384,58934,0.2870027325062466,False
instsimplify,scalarizer,-0.0023775216348229655,-2.6085731180422105,0.00909319765399754,59141,59606,0.0312633555865271,True
instsimplify,vector-combine,1.4390719403234442e-05,0.015806091380350516,0.9873891154175605,59257,59325,0.9950117797156889,False
instsimplify,always-inline,-0.0013677973516276754,-1.5009561066846575,0.13336956990558405,59489,59440,0.3020152660121663,False
instsimplify,globalsplit,-0.0004381394400106431,-0.47903503133713393,0.6319145884877241,59717,59162,0.8127725614678283,False
instsimplify,lowerswitch,-0.00179345037768458,-1.9491236528413811,0.051283016843728255,59390,59062,0.14004483539751733,False
instsimplify,early-cse-memssa,-0.005658535504502182,-8.035510880217203,9.403439124524712e-16,59674,59487,1.4554888384046947e-14,True
instsimplify,simple-loop-unswitch,-0.0020614532222950066,-2.261888777672896,0.02370607163205568,59838,59225,0.0722998259432477,False
instsimplify,loop-versioning,-0.0026359160569405793,-2.8689227983817553,0.004119450206763254,59488,59101,0.015218648122344249,True
instsimplify,loop-flatten,-0.0011955263628929957,-1.3022328224713944,0.19283934540031178,59157,59053,0.39433883894914934,False
instsimplify,loop-reroll,-0.0028139336280509353,-3.086853105896872,0.0020233415008075804,59617,59014,0.007876148426602867,True
instsimplify,loop-instsimplify,-0.0010149433226283588,-1.1166239615844362,0.26415740270012905,59736,58953,0.4877135261545052,False
instsimplify,loop-simplifycfg,-0.001046626605457568,-1.1510558615580464,0.2497115712022009,59275,59556,0.46788062814728165,False
instsimplify,loop-predication,-0.0033159601469440747,-3.6292387883853374,0.00028437702021351,59987,59222,0.0012484533757355439,True
instsimplify,speculative-execution,-0.0016735372310846541,-1.8482391923953683,0.06457021499164306,59674,59948,0.16958884098408733,False
instsimplify,partially-inline-libcalls,-0.0015988377734612036,-1.7550556058860645,0.07925237930594695,59301,59277,0.2003826741375581,False
instsimplify,load-store-vectorizer,-0.0005728176898296966,-0.6315059742282639,0.5277109634282019,59145,59318,0.7377779838574933,False
instsimplify,iroutliner,0.0020828164469766652,2.3217718280590507,0.020246909541412374,59272,59385,0.06327765184690412,False
instsimplify,global-merge,-0.0024219474495256743,-2.650256641546523,0.00804413018250386,59564,59249,0.02807559161736641,True
instsimplify,break-crit-edges,-0.008173453525026964,-8.880240651102943,6.7614848275280115e-19,59617,59421,1.3440596235837407e-17,True
instsimplify,unreachableblockelim,-0.00235396061933818,-2.5747568640553453,0.010032257631306538,59162,59602,0.0340731317295719,True
constmerge,function-attrs,0.00030448015735989875,0.32353028740169903,0.7462942421932631,59390,59637,0.8815276679868942,False
constmerge,deadargelim,-0.0005043450850740205,-0.5372813106521417,0.5910743130535379,59729,59828,0.7827672465690557,False
constmerge,globaldce,-0.00033844654583348177,-0.3591323760220762,0.7194967003389451,59193,59676,0.8691082793769775,False
constmerge,elim-avail-extern,-0.0008924963458840085,-0.9488239388539197,0.34271209290753135,59506,59392,0.5750473596996083,False
constmerge,mergefunc,0.0005142039131907916,0.5409846991701113,0.5885191436875623,59391,59377,0.7817104125526886,False
constmerge,instcombine,0.009377552029281533,11.439041743507394,2.7671695641841594e-30,59707,59584,1.2313904560619509e-28,True
constmerge,simplifycfg,0.0065402360593153075,6.95744153579285,3.4828940056822213e-12,59752,59222,3.9763886082366116e-11,True
constmerge,tailcallelim,-0.0002923955535859002,-0.3112580818765312,0.7556049748187966,59890,59507,0.886152964752193,False
constmerge,reassociate,0.0003075209275001378,0.32718856740566654,0.7435258406432864,59892,59568,0.880716029025744,False
constmerge,memcpyopt,-0.00044598702286258174,-0.4711382082847323,0.6375429023831648,59542,59853,0.81645301010475,False
constmerge,sccp,-6.92908048829377e-05,-0.07301005224482697,0.9417982411926306,59718,59148,0.9760362103250352,False
constmerge,dce,0.0005177084246364982,0.5473750121281403,0.584122149028295,59135,59437,0.7790948009519083,False
constmerge,adce,-0.00019944265457744192,-0.21153297667585488,0.8324717644446255,59647,59528,0.9237629440535997,False
constmerge,dse,0.006567692097700861,7.01666637925431,2.2842650073328954e-12,59836,59603,2.623220460033906e-11,True
constmerge,jump-threading,0.0048271229987569275,5.137460947558303,2.7891417855925124e-07,59406,59466,1.7392164382771144e-06,True
constmerge,loop-idiom,-0.0010936194186573767,-1.1502438904670793,0.25004574665798446,59518,59402,0.4682827087100273,False
constmerge,loop-deletion,-0.0006154669957389447,-0.6525785016040581,0.5140293152394361,59426,59046,0.7277122897123389,False
constmerge,gvn,-0.002425796446487438,-3.2375558440482908,0.001205913082475616,59587,59641,0.004848414405517979,True
constmerge,gvn-hoist,0.00048671056482091357,0.5206284371754573,0.6026266060701463,59488,59274,0.7906921916415511,False
constmerge,gvn-sink,-0.0037622204648224966,-3.9843351215507665,6.770967348166372e-05,59303,59422,0.00032217628354094184,True
constmerge,newgvn,-0.003484996341864499,-4.869709905446271,1.1190517648287336e-06,59555,59555,6.609663214282536e-06,True
constmerge,early-cse,0.002777067695224067,3.2964739042408837,0.0009793531580387055,59710,59462,0.003986639258710572,True
constmerge,mergereturn,-0.0015776337850164635,-1.6677590726353555,0.09536619779307003,59230,59629,0.2326816389767366,False
constmerge,globalopt,-0.0006524467816709234,-0.6931376358161728,0.4882245347384226,59327,59581,0.7083687580717536,False
constmerge,strip-dead-prototypes,-0.0015144150244915666,-1.6060889616274583,0.10825702354098424,59424,59358,0.2575543767840184,False
constmerge,indvars,0.0006102722448796394,0.6467219995165233,0.5178131300414317,59728,59270,0.7304597324359677,False
constmerge,mergeicmps,-0.0005515113026061114,-0.5892104497001915,0.5557212233836862,59512,59837,0.7587881139367209,False
constmerge,separate-const-offset-from-gep,-0.0008558665884155214,-0.9111250427550847,0.362231336935104,59689,59426,0.594884016647426,False
constmerge,libcalls-shrinkwrap,0.0006637690339962865,0.7053200789410097,0.48061244887419996,59248,59720,0.7022680409669281,False
constmerge,flattencfg,-0.00011549017626188984,-0.12278175057057342,0.9022801335360563,59460,59360,0.9605204866203445,False
constmerge,loop-reduce,-0.0010172385194364142,-1.0917893775158491,0.2749278990390424,59615,59466,0.5016857654412349,False
constmerge,loop-unroll,-0.009941212565581725,-9.861234351613072,6.256012664558502e-23,59346,59437,1.7498961138865066e-21,True
constmerge,loop-rotate,0.00038873143154111167,0.39634126039315226,0.6918540011493199,59952,59595,0.8514457160593139,False
constmerge,partial-inliner,0.0009336459103924111,0.9953972578319141,0.3195451186617557,59584,59283,0.5519092655291103,False
constmerge,lower-expect,-0.0013015917251991138,-1.3849493955861176,0.16607053296531635,59629,59603,0.3559563257209517,False
constmerge,alignment-from-assumptions,-0.0002696460230469655,-0.28525684853227584,0.7754478688240775,59023,59408,0.8939222414822159,False
constmerge,rpo-function-attrs,-0.00014072308383289434,-0.14864174172919828,0.8818365858820174,59345,59525,0.9472091696571191,False
constmerge,attributor,0.0011484222740501537,1.3525975907248904,0.17618680099167727,59182,59449,0.3686155232707895,False
constmerge,inferattrs,-0.0003240659323196504,-0.3441974218325377,0.7306984314043401,59301,59283,0.8734478197128803,False
constmerge,called-value-propagation,0.0006258070789597059,0.6649840284204477,0.506061996728432,59813,59298,0.7209828954721803,False
constmerge,licm,-0.0009120959808921469,-0.948093986187352,0.34308353417384113,59394,59651,0.5753812076337309,False
constmerge,loop-simplify,-0.00010584038642758031,-0.11261549710128534,0.9103355881933944,59721,59342,0.9645524753445788,False
constmerge,div-rem-pairs,0.0012834804289417745,1.3640868123852825,0.1725428186277979,59635,59647,0.36365859943296913,False
constmerge,float2int,0.0002732688654792925,0.2907673273338497,0.7712297809700208,59584,59645,0.8915894219011455,False
constmerge,inline,-0.00037971808339892776,-0.4026174338502085,0.6872304062802005,59672,59252,0.849761373853257,False
constmerge,sink,-0.0019482917281228307,-2.0594724716850514,0.039451178034547174,59348,59208,0.11208915785443536,False
constmerge,loop-vectorize,-0.0021652836878910398,-2.2813298511384965,0.02253069231398544,59554,59571,0.06936335778425078,False
constmerge,slp-vectorizer,0.0016472249439947184,1.7527213106797963,0.0796524230480884,59714,59693,0.2011082454263792,False
constmerge,callsite-splitting,-0.0006119759140185699,-0.6488140972118923,0.5164597960967323,59446,59593,0.7296019341683996,False
constmerge,dfa-jump-threading,4.067782308048162e-06,0.004336552363952146,0.9965399499601745,59355,59246,0.9987335953979433,False
constmerge,consthoist,0.000684608153761479,0.7226774154653746,0.4698795138271628,59438,59621,0.6947147796519282,False
constmerge,mldst-motion,-0.0013027392723617415,-1.3841574218076371,0.16631285563199733,59670,59226,0.3561805279269097,False
constmerge,slsr,-0.0025136463236128392,-2.6632282539681063,0.007740536105505991,59353,59090,0.02711264703860596,True
constmerge,loop-interchange,-8.035139297685179e-05,-0.08506074978127191,0.9322132381417323,59454,58943,0.9719888499380466,False
constmerge,loop-fusion,0.000299556501334286,0.31814962832853905,0.7503719989552723,59439,59381,0.8834578355497674,False
constmerge,loop-distribute,-0.0009152622091511131,-0.9737614916141056,0.3301769575367277,59734,59221,0.5633869131650656,False
constmerge,loop-load-elim,0.0003102643627402313,0.3280352296122799,0.7428856043793629,59646,59092,0.8804903228660972,False
constmerge,loop-sink,-0.00021461242753173515,-0.2274404633369749,0.820081650935729,59996,58789,0.9151160108487325,False
constmerge,loop-unroll-and-jam,-0.00015234178342748983,-0.16125941560341078,0.8718893592208172,59964,59493,0.9437916880864354,False
constmerge,hotcoldsplit,-1.4976704034830313e-05,-0.01588182286442967,0.9873286981033725,59793,59005,0.9950117797156889,False
constmerge,irce,0.0011673155775575594,1.2420515603735216,0.21421998807974812,59247,59699,0.4217624300252859,False
constmerge,nary-reassociate,-0.0017619377473447329,-1.870241241959419,0.061452779664275474,59757,59177,0.16260073321979915,False
constmerge,scalarizer,-0.0012077206650414896,-1.2753806468296822,0.20217703016680472,59760,59476,0.40672649395311433,False
constmerge,vector-combine,-0.00041336297975097525,-0.43826933234316934,0.6611918530441995,59495,59036,0.8322813553587545,False
constmerge,always-inline,0.00037555423506752117,0.3977666120590911,0.6908029435842802,59392,59694,0.8512222552158719,False
constmerge,globalsplit,0.0011834331470450543,1.251165861886908,0.21087642248028848,59430,59941,0.4164357389978869,False
constmerge,lowerswitch,0.0012658050221983075,1.3275641752662932,0.18432466415596935,59777,59629,0.38272289757941463,False
constmerge,early-cse-memssa,-0.004078480773220261,-5.740184772193183,9.480158200782262e-09,59563,59780,7.410039823206255e-08,True
constmerge,simple-loop-unswitch,-0.0007941723393510292,-0.8372335501225273,0.4024629896579843,59652,59040,0.6316813897798264,False
constmerge,loop-versioning,-0.0007559397886092167,-0.7973982686905345,0.4252213553156497,59934,59084,0.6538826359226481,False
constmerge,loop-flatten,6.718961408308521e-05,0.07136214798870318,0.9431096543403807,59640,59261,0.976783233641082,False
constmerge,loop-reroll,-0.0009969866062908284,-1.058222546005162,0.2899561432402583,59334,59648,0.5196651061459275,False
constmerge,loop-instsimplify,-0.0020473911678650647,-2.185279479164149,0.028870302451857427,59749,59350,0.08597422387944767,False
constmerge,loop-simplifycfg,-0.0003326060272438869,-0.3505633430802412,0.7259165811017748,59546,59586,0.8709219765914676,False
constmerge,loop-predication,-0.001963010233859419,-2.07910824963017,0.037609534763405325,59535,59674,0.1078966579732566,False
constmerge,speculative-execution,-0.0005653564062438332,-0.5998059137917321,0.5486367319427674,59830,59363,0.7535817054675121,False
constmerge,partially-inline-libcalls,-9.360830078708471e-05,-0.0987252175723601,0.9213566125655474,59720,59092,0.9686038767896754,False
constmerge,load-store-vectorizer,0.001400676696543035,1.4871625625321088,0.13697452163981091,59650,59759,0.30766398566985786,False
constmerge,iroutliner,0.0024910018561067893,2.6724608984105718,0.007530742154138343,59290,59589,0.026448776928794396,True
constmerge,global-merge,-0.00013413058630562524,-0.14274425183192327,0.8864924081251027,59617,59479,0.9497959699638583,False
constmerge,break-crit-edges,-0.006533360436923763,-6.862717948773511,6.789045490914622e-12,59793,59530,7.552813108642517e-11,True
constmerge,unreachableblockelim,8.992109902578038e-05,0.09539965023913408,0.9239975542705899,59754,59433,0.9686038767896754,False
function-attrs,deadargelim,0.0006252499825609159,0.6627770469224683,0.5074746420109945,59038,59800,0.722118712977854,False
function-attrs,globaldce,-0.002444250503208567,-2.605643600310384,0.00917132223477985,59447,59741,0.03147668525100604,True
function-attrs,elim-avail-extern,-0.0012578094863389122,-1.3391465713466408,0.18052552272300582,59433,59441,0.37693692859330213,False
function-attrs,mergefunc,-9.835047942663433e-06,-0.010393721377361007,0.9917071769640928,59086,59672,0.9975942190343361,False
function-attrs,instcombine,0.00835581757521403,10.232529713212218,1.4513821598301114e-24,59125,59648,4.510803601503743e-23,True
function-attrs,simplifycfg,0.00747651602991356,7.96271798136936,1.6977912058792522e-15,59202,59278,2.5670078618622208e-14,True
function-attrs,tailcallelim,-0.00016044801808473563,-0.16957886514887804,0.8653416334849308,59271,59649,0.9423464507027222,False
function-attrs,reassociate,-0.00025260712892433146,-0.2693354402900789,0.7876720295964397,59173,59694,0.8984440045206984,False
function-attrs,memcpyopt,0.0017367843434989982,1.843940751447507,0.06519425071642597,59461,60002,0.17065553864005623,False
function-attrs,sccp,-1.2455395535515557e-06,-0.0013185276055366385,0.9989479697000994,59302,59475,0.9995743782831803,False
function-attrs,dce,0.0005588626645945949,0.5920991484292495,0.5537853262822691,59295,59265,0.757465364205856,False
function-attrs,adce,-0.0008968422741361115,-0.9539875397811963,0.340091894737425,59289,59267,0.5738043342489256,False
function-attrs,dse,0.008036938267216853,8.638648657893732,5.756597549803561e-18,59546,59959,1.0534035516369507e-16,True
function-attrs,jump-threading,0.005627756688853125,6.019118173295889,1.7587960249034084e-09,59633,59630,1.4972707029395104e-08,True
function-attrs,loop-idiom,0.0013023506207511248,1.3801703710283388,0.1675367881102209,59506,59459,0.3573388138560049,False
function-attrs,loop-deletion,-0.0002443341026727719,-0.2587490316498323,0.7958293343147608,59101,59604,0.9022778440001746,False
function-attrs,gvn,-0.001590963092584774,-2.1208536689684214,0.03393618191343772,59471,59703,0.09887953003945096,False
function-attrs,gvn-hoist,0.00033081731675349557,0.3536572926675445,0.7235963596144825,58890,59958,0.870571061013934,False
function-attrs,gvn-sink,-0.002351543597103989,-2.50599385564075,0.012212102288119538,59013,59589,0.040700078774703066,True
function-attrs,newgvn,-0.0030916737985332565,-4.354311611643761,1.3359739410298155e-05,59082,59517,6.892851058066874e-05,True
function-attrs,early-cse,0.0018839810707537707,2.233153996746456,0.025540641555364688,59288,59838,0.0772333222631723,False
function-attrs,mergereturn,-0.0006531634159873678,-0.6951127228395699,0.48698602197319,59270,59503,0.7073580348839066,False
function-attrs,globalopt,0.00016332911212268986,0.17326859999825467,0.8624405983692531,59370,59751,0.9399714398035054,False
function-attrs,strip-dead-prototypes,-0.0022255614496085596,-2.37289780173302,0.017650729515201618,59157,59592,0.05628685405662014,False
function-attrs,indvars,0.0005418900521825809,0.575396606796709,0.5650241860262762,59857,59198,0.7666786945526326,False
function-attrs,mergeicmps,-0.0012679987040599694,-1.3509806578526011,0.17670419419978317,59569,59579,0.3694466761806465,False
function-attrs,separate-const-offset-from-gep,0.00010103806363065404,0.10742460886377252,0.9144523142953744,59124,59368,0.9658626280512042,False
function-attrs,libcalls-shrinkwrap,-0.0014606621066336478,-1.5583122764622677,0.11916190524260946,59233,59519,0.27628065182359896,False
function-attrs,flattencfg,-0.0014794719747417973,-1.569816551129012,0.11646046929650887,59069,59290,0.2719494321795639,False
function-attrs,loop-reduce,-0.0008303840791785144,-0.8893235646477394,0.3738310173352069,59161,59248,0.6051766283111493,False
function-attrs,loop-unroll,-0.008596641341565514,-8.558779486696753,1.1541790873239387e-17,59258,59365,2.054438775436611e-16,True
function-attrs,loop-rotate,0.0006011263975562176,0.617522531489056,0.5368913056710114,59353,59698,0.7444994167874223,False
function-attrs,partial-inliner,0.0012555442715829201,1.3389930319287495,0.18057550511773107,59398,59330,0.37693692859330213,False
function-attrs,lower-expect,0.0005207924960329291,0.5545434197781793,0.5792080409120945,59575,59440,0.7773059246784655,False
function-attrs,alignment-from-assumptions,-0.0003613194650380902,-0.3835658014216643,0.7013009774832539,59366,59452,0.8568534448573749,False
function-attrs,rpo-function-attrs,-0.0008367594504655185,-0.8924847790748177,0.3721349523613085,59301,59711,0.6034287674728298,False
function-attrs,attributor,0.002219690496095439,2.6078340885339713,0.009112852259733793,59124,59465,0.031303446885190815,True
function-attrs,inferattrs,0.00055834761651119,0.5956063788102145,0.5514393527090437,59222,59195,0.7558405688514578,False
function-attrs,called-value-propagation,-0.0014896382893215265,-1.5961225933892447,0.11046407963823959,59540,59510,0.26096775761941815,False
function-attrs,licm,-0.0008508826867725805,-0.8902909026714171,0.3733115027461952,59808,59336,0.6045855437361871,False
function-attrs,loop-simplify,-0.001015006384122552,-1.0825978307192288,0.27898916353962994,59429,59614,0.5060312943127331,False
function-attrs,div-rem-pairs,-0.0008660706075266367,-0.9212773736611483,0.35690750357559287,59191,59521,0.588236441078292,False
function-attrs,float2int,-0.00019348384052758627,-0.20710278600774887,0.835929939815015,59548,59769,0.9255023026054845,False
function-attrs,inline,-4.973880475706016e-05,-0.05304507215971368,0.9576960851195219,59149,59550,0.9848576337521133,False
function-attrs,sink,-0.0010476124186751812,-1.1103214749776642,0.26686276976800216,59404,59394,0.4915496737589353,False
function-attrs,loop-vectorize,-0.0028817290947704133,-3.0664893646244615,0.002166370560991903,59360,59703,0.008391203874227786,True
function-attrs,slp-vectorizer,-0.0006380928916381867,-0.6801116471410038,0.49643509369233746,59530,59448,0.7134091107886948,False
function-attrs,callsite-splitting,-0.00220105396343917,-2.3373485746746705,0.01942271951985863,59200,59570,0.060974837164285325,False
function-attrs,dfa-jump-threading,-0.000937451296565972,-0.9964160722009231,0.3190500636279641,59020,59424,0.5517866049560942,False
function-attrs,consthoist,0.00013037954147498976,0.13863006193312824,0.8897427212167076,59376,59659,0.9514561704764137,False
function-attrs,mldst-motion,-0.00136365916635528,-1.4463896035894668,0.1480705989634878,59333,59304,0.32667293833296795,False
function-attrs,slsr,-0.0009585145365890724,-1.018927004438876,0.3082396979224577,59130,59652,0.5400745669191698,False
function-attrs,loop-interchange,-0.002636419858115746,-2.7923898474923123,0.0052328688657425,59021,59148,0.018973994887266324,True
function-attrs,loop-fusion,-0.0003966324417933875,-0.420967747882223,0.6737793919007207,59637,59593,0.8416055222962218,False
function-attrs,loop-distribute,0.0004325347185299977,0.4608989719621979,0.6448719321329878,59398,59542,0.8215089415200977,False
function-attrs,loop-load-elim,-5.5690509985384384e-05,-0.05950917624752826,0.952546656675749,59369,59748,0.9823278507400448,False
function-attrs,loop-sink,-0.0008980161770505979,-0.9520723794171888,0.3410622133909171,59479,59301,0.5746986349564678,False
function-attrs,loop-unroll-and-jam,-0.0011606991292938407,-1.2296228848656559,0.218840793125495,59504,59215,0.4276350029338515,False
function-attrs,hotcoldsplit,-0.0002169535208506046,-0.23205966401140662,0.816492072818194,59352,59476,0.9143216920663563,False
function-attrs,irce,0.0009877195403750205,1.0543755554278462,0.29171315967914935,59399,59125,0.5211444951202322,False
function-attrs,nary-reassociate,-0.00011354322960921426,-0.12020971179084543,0.9043172277143638,59100,59889,0.9615276306623537,False
function-attrs,scalarizer,-0.0009304785412336258,-0.9860247824690919,0.3241229641514326,59144,59412,0.5562075055289264,False
function-attrs,vector-combine,-0.0001475225519801393,-0.15681895061328768,0.8753878043659864,59555,58983,0.94403856187632,False
function-attrs,always-inline,-0.0018086660260967502,-1.9214391723680533,0.054678755537565134,59307,59408,0.14797650772985838,False
function-attrs,globalsplit,0.00116394316877505,1.2365754533177509,0.2162471892035482,59062,59399,0.4238358322928403,False
function-attrs,lowerswitch,-0.0006891822459277885,-0.7291160711751309,0.4659321012587632,59264,59623,0.6913945087265315,False
function-attrs,early-cse-memssa,-0.0037347099917662274,-5.290602314841212,1.2212927610264704e-07,59414,59573,8.065063157132644e-07,True
function-attrs,simple-loop-unswitch,-0.0008822486977597133,-0.9369965990395198,0.34876221450655637,59068,59592,0.5811714178756062,False
function-attrs,loop-versioning,-0.0005436958759170163,-0.5725913605157652,0.5669224995059673,59206,59043,0.7679064442734398,False
function-attrs,loop-flatten,-0.001108070860437238,-1.1715675267018797,0.24137308220102593,59295,59479,0.4561858059359158,False
function-attrs,loop-reroll,0.0002536574749182896,0.26885009977032454,0.7880455056081886,59057,59588,0.8984440045206984,False
function-attrs,loop-instsimplify,-0.0006627109776090601,-0.7038986980657581,0.4814972427466733,59089,59678,0.7025123705648185,False
function-attrs,loop-simplifycfg,-0.0009143534587222057,-0.9684372591890404,0.3328280166385715,59157,59275,0.5661835417709148,False
function-attrs,loop-predication,-0.002524212298654349,-2.683584335061786,0.007284768912136557,59608,59241,0.025700139693627708,True
function-attrs,speculative-execution,-0.0015756878744591085,-1.6773036760693532,0.09348573637604701,59723,59462,0.22880633978037504,False
function-attrs,partially-inline-libcalls,-0.0006773394422462942,-0.7169067740321229,0.47343303586323005,59106,59313,0.6972409809854866,False
function-attrs,load-store-vectorizer,0.0001501228214266792,0.16027973639438076,0.8726609922770461,59135,60020,0.9439383001794686,False
function-attrs,iroutliner,0.001914431370820091,2.068124200236419,0.03863050065033907,59393,59657,0.11017992756498748,False
function-attrs,global-merge,-0.00036189003333642056,-0.3835015493113639,0.7013486080711377,59310,59490,0.8568534448573749,False
function-attrs,break-crit-edges,-0.0078189150116319,-8.203747707577632,2.3530913940718476e-16,59307,59255,3.839460791327232e-15,True
function-attrs,unreachableblockelim,-0.0008746708969011308,-0.9246111069972744,0.3551701144238121,59178,59461,0.587036170055384,False
deadargelim,globaldce,-8.876406730196074e-07,-0.0009425364131305829,0.9992479664400884,59588,59358,0.9995743782831803,False
deadargelim,elim-avail-extern,-0.000425493623109785,-0.45631951596175163,0.6481610625661003,59829,59506,0.8232885893638822,False
deadargelim,mergefunc,-0.0006484489959406314,-0.6903624159138732,0.48996764977705526,59432,59795,0.7098028983920671,False
deadargelim,instcombine,0.009733282257658404,11.85612030834508,2.086273393988894e-32,59308,59697,1.0341577988431023e-30,True
deadargelim,simplifycfg,0.005263864478710023,5.614121437887031,1.980014697162509e-08,59335,59811,1.4687459848347176e-07,True
deadargelim,tailcallelim,0.0008145319537478102,0.8692460451308843,0.38471432307184467,59654,59174,0.6138039946555561,False
deadargelim,reassociate,0.00017969845539123064,0.19179705732458582,0.8479015022717834,59839,59551,0.9324085473296422,False
deadargelim,memcpyopt,-0.0009685138425709616,-1.0315482328913173,0.3022858975717511,59638,59416,0.5339429746914647,False
deadargelim,sccp,0.0008726710275002159,0.9259126866986116,0.35449322691965696,59840,59702,0.587036170055384,False
deadargelim,dce,-0.00014316098410865896,-0.15155621122841867,0.8795372304443546,59465,59170,0.9459675348585808,False
deadargelim,adce,0.0028030636053691937,2.987744939314867,0.002811009554240488,59687,60006,0.010687294577092962,True
deadargelim,dse,0.004905320987424133,5.267761309706578,1.3833615428393254e-07,59779,59621,9.043812690749246e-07,True
deadargelim,jump-threading,0.005320719842603017,5.7183476946550975,1.0782139279667982e-08,59360,59649,8.311586106137758e-08,True
deadargelim,loop-idiom,-0.0008578250537253918,-0.9102260060244255,0.36270516542161385,60009,59647,0.5951395498506885,False
deadargelim,loop-deletion,-0.0013629746701421808,-1.4425737450753515,0.14914321783334455,59609,59300,0.3286690157768021,False
deadargelim,gvn,-0.0019190915569178846,-2.568985630577197,0.010200880529245848,59311,59559,0.034555924007376074,True
deadargelim,gvn-hoist,-0.000682210642325709,-0.734554727504349,0.46261216353792045,59510,59705,0.6882118011538908,False
deadargelim,gvn-sink,-0.0014124943280744429,-1.5004495954538346,0.1335006193736108,59883,59834,0.3020152660121663,False
deadargelim,newgvn,-0.0028086166974489735,-3.96051946676317,7.48302310260841e-05,59596,59837,0.0003526295844743024,True
deadargelim,early-cse,0.0024651579807618007,2.9321000942666235,0.0033674214593810083,59394,59935,0.01266745670983288,True
deadargelim,mergereturn,-9.113149784228947e-05,-0.09746205985200679,0.9223596266857454,59422,59623,0.9686038767896754,False
deadargelim,globalopt,0.0005035774303461804,0.5350650988093224,0.5926058420252334,59500,59567,0.784001512625275,False
deadargelim,strip-dead-prototypes,-0.0007713201805316094,-0.823153746564453,0.410422216339564,59279,59811,0.6380362839165274,False
deadargelim,indvars,4.34275878768986e-06,0.00465221028092109,0.9962880944178162,59711,59494,0.9987335953979433,False
deadargelim,mergeicmps,-0.001980666091776273,-2.111785710333126,0.03470690631444045,59495,59844,0.10078114996777303,False
deadargelim,separate-const-offset-from-gep,-0.00023413197163357768,-0.24847468681160104,0.8037675815776565,59544,59532,0.9079032887036564,False
deadargelim,libcalls-shrinkwrap,0.00030001903405824093,0.319022849008827,0.74970974629216,59380,59654,0.8834578355497674,False
deadargelim,flattencfg,-0.001065855262842863,-1.1325697659867087,0.25739724710806866,59661,59658,0.4783899476389164,False
deadargelim,loop-reduce,-0.0020883891029951362,-2.2473014630611496,0.02462258472720563,59794,59673,0.07497825955811606,False
deadargelim,loop-unroll,-0.009753158754966351,-9.7472721800756,1.932182005130049e-22,59388,59829,5.218223953165015e-21,True
deadargelim,loop-rotate,0.0011733097657249947,1.1997416324247876,0.2302420945292946,59550,59189,0.44175798244817127,False
deadargelim,partial-inliner,0.0012949771146505418,1.3804285336395743,0.1674573404315977,59144,59508,0.3573388138560049,False
deadargelim,lower-expect,3.0513682418797927e-05,0.03274519126205826,0.9738778407502344,59433,59459,0.9891755865546079,False
deadargelim,alignment-from-assumptions,-0.0011036395927783715,-1.1652129620740992,0.24393514154569976,59139,59582,0.4596968307473341,False
deadargelim,rpo-function-attrs,-0.00031647417437297154,-0.3359130632727592,0.7369370207655966,59298,59161,0.8776901986977118,False
deadargelim,attributor,0.0011270229163472534,1.3255325678661487,0.18499712517222688,59512,59234,0.3839156026361635,False
deadargelim,inferattrs,-0.0007191332474256185,-0.7629910160630431,0.4454702652709299,59645,59455,0.671980569645979,False
deadargelim,called-value-propagation,-0.0016260281235455643,-1.7439160545980255,0.08117629668127489,59797,59861,0.20364935387812655,False
deadargelim,licm,-0.0012557213664141087,-1.3097744618578364,0.19027467123995234,59833,59316,0.3909315910680238,False
deadargelim,loop-simplify,-3.058665465621724e-05,-0.0324615009006428,0.9741040719819547,59534,59750,0.9891755865546079,False
deadargelim,div-rem-pairs,0.0003735986405676295,0.39713275135384396,0.691270280205176,59592,59693,0.8514265300236087,False
deadargelim,float2int,7.827101866136887e-05,0.08330738022050177,0.9336072725276727,59439,59334,0.9725471261020939,False
deadargelim,inline,-0.0008005609946983849,-0.8495348041644006,0.395585486748016,59735,58886,0.6239710587583346,False
deadargelim,sink,-0.0012887218916916021,-1.3698379738759232,0.17074007465681462,59637,59143,0.36102490947952814,False
deadargelim,loop-vectorize,-0.003835896936677019,-4.082550155852701,4.457317960672333e-05,59580,59756,0.00021656150290313715,True
deadargelim,slp-vectorizer,0.0013790120389731153,1.469094274863571,0.14180986352830957,59519,59511,0.31624568654718693,False
deadargelim,callsite-splitting,-0.00026424904316574294,-0.28179402044543517,0.7781019450935169,59938,59349,0.8956939887658065,False
deadargelim,dfa-jump-threading,-0.000456883597846236,-0.48227517769711525,0.6296113670447768,59284,59472,0.8121074154635527,False
deadargelim,consthoist,-0.00022318403969706635,-0.23863444729772018,0.811389461492284,59358,59954,0.9109521591753968,False
deadargelim,mldst-motion,-0.0011017030770897884,-1.1854601789481198,0.23583790616501524,59944,59630,0.4483209905544659,False
deadargelim,slsr,-0.0004294692128120614,-0.4555362672534967,0.6487243129260839,59729,59338,0.8237368383328615,False
deadargelim,loop-interchange,0.00028880724342472686,0.3064439444104162,0.7592671902742905,59328,59607,0.8875402676780506,False
deadargelim,loop-fusion,0.0012519133433060992,1.329646104246026,0.1836374492745767,59583,59411,0.38170077036053207,False
deadargelim,loop-distribute,0.00040454315149279774,0.42899069068501183,0.667930777106925,59370,59500,0.8375334368077868,False
deadargelim,loop-load-elim,7.19121313099702e-05,0.07656238028798376,0.9389718162317297,59221,59535,0.9750765400062193,False
deadargelim,loop-sink,-0.0008419338868250192,-0.8986404015088799,0.3688460515810744,59300,59585,0.60024149181548,False
deadargelim,loop-unroll-and-jam,0.0008157758858634012,0.8676604769965597,0.38558198117122666,59246,59540,0.6145458031202782,False
deadargelim,hotcoldsplit,-2.3447785982677605e-05,-0.024892416085424883,0.9801408181692515,59665,59387,0.9923038893357778,False
deadargelim,irce,-0.0011405649581480715,-1.2186005995731544,0.2229982235088216,59907,59777,0.43334511136351184,False
deadargelim,nary-reassociate,0.0002943172354234469,0.3136001151088207,0.753825321679133,59313,59717,0.8854169045277398,False
deadargelim,scalarizer,-0.002868817650143407,-3.038476784691031,0.0023782908861628405,59354,59381,0.009168771260411521,True
deadargelim,vector-combine,-0.0008079586331924959,-0.8576950759848495,0.3910625899701276,59267,59553,0.6205028777645948,False
deadargelim,always-inline,-0.0002803123553159481,-0.2995586603630112,0.7645143424683019,59459,59952,0.8887356474692288,False
deadargelim,globalsplit,0.00014778545865767878,0.15688034854287208,0.8753394136837468,59467,59594,0.94403856187632,False
deadargelim,lowerswitch,-0.0011348517018378024,-1.1986559458295662,0.23066413883389683,59670,59475,0.4418690055061131,False
deadargelim,early-cse-memssa,-0.004449030946743426,-6.2661928456440705,3.7124215191633735e-10,59522,59538,3.365241358574947e-09,True
deadargelim,simple-loop-unswitch,0.0003256099448698535,0.3458022464825309,0.7294919497253639,59575,59169,0.8730716611016275,False
deadargelim,loop-versioning,-0.0018068422987375654,-1.9041421521444162,0.056894082907004706,59629,59376,0.15291505055856583,False
deadargelim,loop-flatten,-0.0010254347976718647,-1.0888055111870023,0.27624187094454705,59148,59575,0.502934386153118,False
deadargelim,loop-reroll,-0.0015453064599785238,-1.640172789842857,0.10097189149263737,59504,59364,0.24228919706895155,False
deadargelim,loop-instsimplify,-0.002181398132820922,-2.3371656544732504,0.019432225939996956,59683,59005,0.060974837164285325,False
deadargelim,loop-simplifycfg,-0.0009771112794481618,-1.0351627050461112,0.30059503592630377,59661,59358,0.5314357384593253,False
deadargelim,loop-predication,-0.0010109823686159092,-1.070418758530132,0.28443302925498215,59439,59630,0.5135714088612058,False
deadargelim,speculative-execution,-0.0005577918858639674,-0.5915819119987252,0.5541317096667505,59462,59897,0.7576745024633362,False
deadargelim,partially-inline-libcalls,0.0007430256457726658,0.7919756114303376,0.4283764726458742,59711,59528,0.6573186977957574,False
deadargelim,load-store-vectorizer,0.0021738287677088852,2.3190857520622554,0.020392067288261772,59461,59858,0.06357908877454864,False
deadargelim,iroutliner,0.0027008361419735283,2.913641328681593,0.0035730664572748492,59563,59284,0.013338539796652345,True
deadargelim,global-merge,-0.001070126380465608,-1.1440413660122193,0.2526087826833269,59498,59544,0.4712054586826695,False
deadargelim,break-crit-edges,-0.0051279326496891375,-5.389206670429305,7.090350157861044e-08,59407,59525,4.854162800381792e-07,True
deadargelim,unreachableblockelim,-0.0006497229701340479,-0.6922665583551096,0.4887712949132388,59745,59534,0.708636945901608,False
globaldce,elim-avail-extern,-0.0009064868005262405,-0.9698496261731293,0.33212341887010016,59733,59571,0.565722187166295,False
globaldce,mergefunc,0.001048657409722542,1.105361909381769,0.2690050420586409,59084,59645,0.49479743762406664,False
globaldce,instcombine,0.011014490068822824,13.537117206449334,1.0137087985173068e-41,59761,59637,8.821519233319496e-40,True
globaldce,simplifycfg,0.0082099008532312,8.770592550477756,1.800140917117563e-18,59627,59117,3.438708210454818e-17,True
globaldce,tailcallelim,0.0005207235687398892,0.5539641762291407,0.5796044051860406,59258,59590,0.7774228320128945,False
globaldce,reassociate,0.0013784222836021875,1.4664092425935333,0.1425394629564656,59505,59920,0.31768288291085744,False
globaldce,memcpyopt,0.0009999794171887677,1.0621645676542046,0.28816313343493766,59379,59860,0.5176361607941358,False
globaldce,sccp,0.0004067853596949056,0.43075549693019066,0.666646942884673,59443,59374,0.837264088626164,False
globaldce,dce,0.0029279433067837535,3.112586481745416,0.0018549951714627734,59482,59705,0.007228020986515642,True
globaldce,adce,0.0014913640698346886,1.5904753593256309,0.11173034276313985,59713,59703,0.263417231944886,False
globaldce,dse,0.008418925403413102,8.994663420902976,2.4031551115735506e-19,59492,59617,5.032489527765788e-18,True
globaldce,jump-threading,0.005565994034745225,5.935969971433047,2.929198911707784e-09,59273,59582,2.419987961655629e-08,True
globaldce,loop-idiom,0.000267917226550618,0.2841684477552946,0.7762817875497924,59790,59491,0.8946202119025859,False
globaldce,loop-deletion,0.0013198980403506533,1.3990047810092203,0.16181414837414648,59659,59695,0.3493187458837694,False
globaldce,gvn,-0.0007795692856857883,-1.0380721699010729,0.29923857346736965,59661,59548,0.5299220534041542,False
globaldce,gvn-hoist,0.001633716087099224,1.7549951873420335,0.07926270741549475,59313,59541,0.2003826741375581,False
globaldce,gvn-sink,-0.0019414713218341983,-2.0588980167278637,0.03950618280058909,59249,59624,0.11210595061384557,False
globaldce,newgvn,-0.004462049172674121,-6.217076169900972,5.081705118468201e-10,59637,59861,4.5537659597074315e-09,True
globaldce,early-cse,0.0031305391752086686,3.718381739531858,0.0002005950662749717,59581,59393,0.0008957015730134426,True
globaldce,mergereturn,-5.462643989373461e-06,-0.005804879062576513,0.9953684123233733,59697,59764,0.9987335953979433,False
globaldce,globalopt,0.001220091021638059,1.3012610414791745,0.19317162587347927,59838,59687,0.3946062007931898,False
globaldce,strip-dead-prototypes,-0.0005721670986579275,-0.6064966229811516,0.5441861869766851,58887,59534,0.7511572464577718,False
globaldce,indvars,0.00021594185807610744,0.23015534863685044,0.8179714523430928,59649,59468,0.9144094226022127,False
globaldce,mergeicmps,0.0016302180368749086,1.7224951488680624,0.08498246483395702,59415,59327,0.2116993207950227,False
globaldce,separate-const-offset-from-gep,-0.0006207453078286296,-0.6601144446785369,0.5091816726048619,59413,59123,0.7240215794918806,False
globaldce,libcalls-shrinkwrap,0.00017587966496196428,0.18755919178296765,0.8512225389112168,59557,59271,0.9346548857157134,False
globaldce,flattencfg,-0.0005349917799285508,-0.568467832601457,0.5697184143163575,59569,59488,0.7698472430858717,False
globaldce,loop-reduce,-0.0024682959900585444,-2.639571911107324,0.00830216064585743,59499,59771,0.02884761409864924,True
globaldce,loop-unroll,-0.010088597623449158,-10.023954629524946,1.2226552111057056e-23,59490,59417,3.599938200518754e-22,True
globaldce,loop-rotate,0.0005570217696815871,0.5708273656307362,0.5681177510454659,59265,59510,0.769011100274471,False
globaldce,partial-inliner,-9.554945886613986e-06,-0.010204557885510572,0.9918580992435271,59523,59363,0.9975942190343361,False
globaldce,lower-expect,0.0020005022252650995,2.1371652825105762,0.03258659149069037,59220,59318,0.09565898971330096,False
globaldce,alignment-from-assumptions,0.0012520215684878044,1.3220408488520539,0.18615709827783444,59378,59252,0.385505656719196,False
globaldce,rpo-function-attrs,0.0004911305143235345,0.5205435713003168,0.6026857366671818,59446,59505,0.7906921916415511,False
globaldce,attributor,0.002330155621138752,2.7492501985143902,0.0059740794387181375,59413,59422,0.02142353029489032,True
globaldce,inferattrs,-3.966387802800675e-05,-0.04215870646021806,0.9663722516679555,59172,59541,0.9872981313675225,False
globaldce,called-value-propagation,0.001236253715315605,1.3195109780628467,0.18700087623067246,59671,59557,0.38663961526890883,False
globaldce,licm,-0.002228557302415668,-2.32535539851809,0.02005463719614066,59552,59418,0.06272680452083612,False
globaldce,loop-simplify,0.0011417615865931263,1.2150224566361107,0.22435992941243396,59588,59808,0.43473205520984237,False
globaldce,div-rem-pairs,0.000678489785573444,0.7222843622870236,0.4701210842894815,59371,59667,0.6947147796519282,False
globaldce,float2int,0.0009940905727006677,1.0610571156631554,0.288666095059112,59642,59579,0.5178311249069695,False
globaldce,inline,-0.0001614625392040714,-0.1719746942535817,0.8634577165040916,59478,59374,0.9405564444589772,False
globaldce,sink,0.0021612747187967907,2.292918485158402,0.021854434275852118,59455,59535,0.06749366295286821,False
globaldce,loop-vectorize,-0.0023174930787192016,-2.46443499770614,0.013724346194153199,59658,59464,0.04512555809933159,True
globaldce,slp-vectorizer,0.002204175636222605,2.3355574436350164,0.01951597495052555,59166,59570,0.06118859720276865,False
globaldce,callsite-splitting,-0.00022953323351376786,-0.24382149416457297,0.8073694937785962,59035,59777,0.9099234088591072,False
globaldce,dfa-jump-threading,-0.000628788398920832,-0.6697773413957396,0.5030010422781053,59488,59283,0.7191500845421906,False
globaldce,consthoist,-0.0002715689567914792,-0.289416704876108,0.7722630158918162,59801,59545,0.8918260012481133,False
globaldce,mldst-motion,-9.831060481613196e-05,-0.10530657346821426,0.9161327245837146,59553,59457,0.9665679346371928,False
globaldce,slsr,0.0006596663963718274,0.702167456542311,0.4825761114583081,59575,59444,0.703824228108281,False
globaldce,loop-interchange,-0.0001524174527144373,-0.1611557938614704,0.8719709722923196,59245,59156,0.9437916880864354,False
globaldce,loop-fusion,8.787804210835803e-05,0.09373671276647784,0.9253184635010663,59538,59767,0.9686038767896754,False
globaldce,loop-distribute,0.00044230070348649786,0.46691227466440344,0.6405634992653788,59254,59543,0.8185265155997046,False
globaldce,loop-load-elim,-0.0002452578068034561,-0.2614302675853118,0.7937611706412199,59437,59581,0.9004544450263664,False
globaldce,loop-sink,-0.0004477168677434751,-0.4765859154850264,0.6336578925398452,59608,59034,0.8141090246673339,False
globaldce,loop-unroll-and-jam,0.0006532697497499407,0.6940998731756932,0.4876209372452233,59264,59386,0.7078295161631497,False
globaldce,hotcoldsplit,-0.00047176963531092575,-0.5000904517923581,0.6170123149433905,59620,59228,0.8023340110620395,False
globaldce,irce,-0.00014371738639107345,-0.15296347917193326,0.8784273346278094,59609,59588,0.9452930591927732,False
globaldce,nary-reassociate,0.0017737179432902872,1.8885492144751146,0.05895468289802428,59388,59831,0.15707512337898427,False
globaldce,scalarizer,0.00047123054396452924,0.49763280452462816,0.6187437960203527,59733,59412,0.8041821125840363,False
globaldce,vector-combine,-0.0002718122160430547,-0.2899782706422705,0.7718333680724768,59048,59608,0.8915927638264953,False
globaldce,always-inline,0.00037400561795686293,0.39809821557779224,0.6905585000805191,59871,59780,0.8512222552158719,False
globaldce,globalsplit,0.0001674262907624957,0.1776716947643769,0.8589811190936162,59558,59112,0.938028461341495,False
globaldce,lowerswitch,0.000470328241992668,0.4949590850427347,0.6206299163500166,59707,59233,0.8047558320487206,False
globaldce,early-cse-memssa,-0.004490590885239953,-6.305169425218952,2.888829326660373e-10,59287,59817,2.6555529678877982e-09,True
globaldce,simple-loop-unswitch,-0.00023977838728395096,-0.2545972815841015,0.7990345985690116,59760,59340,0.9046023382469643,False
globaldce,loop-versioning,-0.0019827811241081017,-2.0855775774157213,0.03701902561770328,59682,59526,0.10643649362623057,False
globaldce,loop-flatten,0.0016216250362768858,1.7226238340849764,0.08495917925315441,59209,59379,0.2116993207950227,False
globaldce,loop-reroll,0.0016094001591877016,1.6999404164460874,0.08914475773932533,59300,59261,0.2203534967378472,False
globaldce,loop-instsimplify,0.0010415908932221996,1.106451532178383,0.2685333713115473,59379,59451,0.494161974650385,False
globaldce,loop-simplifycfg,-0.00025010727929397625,-0.2654562452905499,0.7906584712973935,59624,59591,0.8995984926153933,False
globaldce,loop-predication,0.00038093088158408506,0.4057367364927241,0.6849367750656857,59487,59717,0.8487767758735225,False
globaldce,speculative-execution,0.0006476395115857514,0.6879538185826315,0.4914831985538261,59667,59878,0.7102686946134161,False
globaldce,partially-inline-libcalls,0.00024747150180104427,0.26451109957676877,0.791386570541247,59144,60041,0.8998460540765166,False
globaldce,load-store-vectorizer,0.0010412287327526415,1.110886042303841,0.26661964514843994,59608,59587,0.49133295548296035,False
globaldce,iroutliner,0.0027739900127348727,2.965339026572807,0.003024095173985542,59179,59849,0.011464043273308211,True
globaldce,global-merge,0.0005899616696684595,0.6290902243685856,0.5292911968743952,59237,59841,0.7389320238717048,False
globaldce,break-crit-edges,-0.006056535732546164,-6.358204497768813,2.048623301386835e-10,59660,59279,1.9315038057821804e-09,True
globaldce,unreachableblockelim,-0.000787056423225907,-0.8333057509421177,0.4046739837210835,59486,59695,0.6333135311478325,False
elim-avail-extern,mergefunc,0.0010946374854734486,1.1694073820910973,0.24224188448952375,58973,59767,0.4573863161335463,False
elim-avail-extern,instcombine,0.01006504405893971,12.314798187245001,7.919358562229845e-35,59365,59420,4.7711089430295494e-33,True
elim-avail-extern,simplifycfg,0.0068757048376282826,7.349691231288035,1.9993175826506495e-13,59500,59510,2.5013826369520586e-12,True
elim-avail-extern,tailcallelim,0.0008532750312481019,0.9159506258381463,0.3596946446548435,59680,59546,0.5916777397070363,False
elim-avail-extern,reassociate,0.0003878971345705473,0.41641754145815957,0.6771052413518581,59811,59913,0.843557379398738,False
elim-avail-extern,memcpyopt,0.00017266057201426044,0.1833168825717568,0.8545497011140752,59365,59515,0.9348349501561121,False
elim-avail-extern,sccp,0.0021042664069736983,2.2386651667065673,0.02517954787311176,59413,59833,0.07625917205808636,False
elim-avail-extern,dce,0.0010235476456355586,1.0872990380478595,0.27690688294929944,59475,59145,0.5036541354526041,False
elim-avail-extern,adce,0.00017983013787803426,0.1912137725478583,0.8483584407904787,59485,59223,0.9324085473296422,False
elim-avail-extern,dse,0.006808311983286908,7.339239688236732,2.1617486591871297e-13,59512,59261,2.6874310315481905e-12,True
elim-avail-extern,jump-threading,0.005708442694679738,6.108355136708619,1.009735578341437e-09,59443,59617,8.72875171034231e-09,True
elim-avail-extern,loop-idiom,0.0007163128523726137,0.7601053414923122,0.4471931229698698,59824,59459,0.673449869722904,False
elim-avail-extern,loop-deletion,0.00037087664448687274,0.39335499486607145,0.6940580122512103,59492,59119,0.8528180658850768,False
elim-avail-extern,gvn,-0.0017856457929729674,-2.3972603788449365,0.016519719127557907,59199,59577,0.05306908950247479,False
elim-avail-extern,gvn-hoist,0.0007873940730248608,0.8413707326899424,0.4001419650484714,59659,59497,0.6292524316937884,False
elim-avail-extern,gvn-sink,-4.350584149565018e-05,-0.04647215225000105,0.962934007305043,59445,59683,0.9866168426495417,False
elim-avail-extern,newgvn,-0.0027408469297687255,-3.8741001845922227,0.00010707665311269437,59588,59452,0.000494471902817584,True
elim-avail-extern,early-cse,0.0031469670641693925,3.742932246824009,0.00018197079974824416,59378,59583,0.0008171991419886745,True
elim-avail-extern,mergereturn,0.0005168336745242086,0.5513820524617152,0.5813728343218875,59617,59645,0.7786101296869054,False
elim-avail-extern,globalopt,0.00028019434689635636,0.2988592345286168,0.7650479743663867,59318,59675,0.8887356474692288,False
elim-avail-extern,strip-dead-prototypes,0.00019614110605936652,0.20828588293295364,0.8350061103675623,59415,59535,0.9255023026054845,False
elim-avail-extern,indvars,0.0008802460955725233,0.9342599989255244,0.3501717001314172,59194,59089,0.5825286226485258,False
elim-avail-extern,mergeicmps,0.0003047647491613015,0.32571853007788176,0.7446378951739817,59490,59657,0.8812453905573051,False
elim-avail-extern,separate-const-offset-from-gep,-0.00041988809984472297,-0.44722718668258643,0.654711849750835,59546,59227,0.8275131143925604,False
elim-avail-extern,libcalls-shrinkwrap,-0.000262662596063834,-0.27928830610465105,0.7800240665767146,59445,59210,0.8960323393119431,False
elim-avail-extern,flattencfg,5.569398833937811e-05,0.05928203010881255,0.9527275733173366,59589,59508,0.9823278507400448,False
elim-avail-extern,loop-reduce,-0.0019214279771235798,-2.0772763161369068,0.03777819802656667,59345,59960,0.10822196303733364,False
elim-avail-extern,loop-unroll,-0.009474547780757792,-9.458988423084794,3.163933050698627e-21,59494,59077,7.841747991478369e-20,True
elim-avail-extern,loop-rotate,0.0007281518074245263,0.7466559148880649,0.4552727677406666,59158,59447,0.6810716814290071,False
elim-avail-extern,partial-inliner,-0.0004140127613959099,-0.4438998847213197,0.6571157751224943,59490,59499,0.8282154410620173,False
elim-avail-extern,lower-expect,0.0005039998657417888,0.5398197188504926,0.5893223750111256,59566,59666,0.7820353847995826,False
elim-avail-extern,alignment-from-assumptions,0.0008981854643785314,0.9581683793187841,0.33797981266893773,59459,59135,0.5712252681966163,False
elim-avail-extern,rpo-function-attrs,0.000813588950583477,0.870395541283173,0.3840860381316799,59679,59355,0.6136601082511867,False
elim-avail-extern,attributor,0.004369653703230392,5.174134293668472,2.293406117446583e-07,59237,59742,1.4462122956394233e-06,True
elim-avail-extern,inferattrs,0.0002582403587815807,0.2767123007507836,0.7820015067942149,59227,59710,0.8970712633912588,False
elim-avail-extern,called-value-propagation,0.0004768490818826132,0.5130982390483625,0.607883554886552,59864,59253,0.7948153592439858,False
elim-avail-extern,licm,-0.0005482003883144348,-0.572496062359332,0.5669870365083068,59604,59180,0.7679064442734398,False
elim-avail-extern,loop-simplify,0.0004414872983379836,0.4711041302668669,0.6375672382278665,59428,59762,0.81645301010475,False
elim-avail-extern,div-rem-pairs,0.002258846192272901,2.4087942154492015,0.016006828169896292,59648,59474,0.05154830519186997,False
elim-avail-extern,float2int,0.0010740269055320995,1.1372508261760674,0.2554357356792961,59691,59305,0.4749697725166779,False
elim-avail-extern,inline,3.622784287116154e-05,0.03851935062014369,0.9692736681320422,59439,59290,0.9886640036901734,False
elim-avail-extern,sink,-0.0009654610762684368,-1.0266883880250648,0.3045693086569843,59181,59654,0.5358011737200137,False
elim-avail-extern,loop-vectorize,-0.0020116009327929008,-2.1405888455575894,0.032309232031516144,59457,59745,0.09498720167824116,False
elim-avail-extern,slp-vectorizer,0.0020556916503138845,2.2057347897051645,0.027404479629606023,59359,59603,0.08233160454002618,False
elim-avail-extern,callsite-splitting,0.00022227187371909318,0.23586012674700346,0.8135416157946352,59758,59175,0.9119384675075758,False
elim-avail-extern,dfa-jump-threading,-0.0008940568928056947,-0.9544820999043278,0.33984161091570525,59330,59291,0.5736292018732335,False
elim-avail-extern,consthoist,0.0024759227060447975,2.625189758429229,0.008661179325375086,58948,59702,0.029909328252353474,True
elim-avail-extern,mldst-motion,0.00027322492586956404,0.29149927057026703,0.7706700095232122,59573,59484,0.8913552496513979,False
elim-avail-extern,slsr,0.0015346749331625054,1.6290271361608266,0.10330991620144074,59941,59317,0.24698512322639923,False
elim-avail-extern,loop-interchange,0.00029987256452695954,0.3202080554792665,0.7488111810750844,59104,59513,0.8829703658807679,False
elim-avail-extern,loop-fusion,0.0007180107447228856,0.765307030611298,0.4440902547500247,59413,59709,0.6710621461401574,False
elim-avail-extern,loop-distribute,0.0014707183716174965,1.5608090439232936,0.11857147349539128,59552,59418,0.27523763497803927,False
elim-avail-extern,loop-load-elim,7.972795520144738e-05,0.08479533901882828,0.9324242422742905,59677,58925,0.9719888499380466,False
elim-avail-extern,loop-sink,-0.0008784758772852341,-0.9394665852509233,0.34749314717741636,58987,60062,0.5797968318477897,False
elim-avail-extern,loop-unroll-and-jam,0.0004337932321532567,0.46190471144730594,0.6441505016762346,59685,59043,0.8209348595806378,False
elim-avail-extern,hotcoldsplit,0.0008042857299170314,0.8552716663348967,0.39240248964962493,59614,59524,0.621685265274034,False
elim-avail-extern,irce,0.0009937267425386143,1.057775501163672,0.290159958692517,59625,58987,0.5197924969075465,False
elim-avail-extern,nary-reassociate,0.0002845673295935325,0.3033831674847609,0.7615984041530925,59251,59346,0.8878890594413548,False
elim-avail-extern,scalarizer,0.0007825742376327272,0.8348256863672786,0.4038175381107338,59277,59655,0.6327929088601976,False
elim-avail-extern,vector-combine,0.00041950394058803964,0.44701088725905275,0.6548680136625498,59341,59517,0.8275131143925604,False
elim-avail-extern,always-inline,0.000593914872062562,0.6400924920070763,0.5221137012923928,59563,59539,0.733093314543209,False
elim-avail-extern,globalsplit,0.0003654664976281419,0.38904065636470686,0.6972467679138944,59210,59713,0.8545910307201284,False
elim-avail-extern,lowerswitch,-0.0008546451064308513,-0.9056851078892736,0.36510437755584,59666,59542,0.5972216969543315,False
elim-avail-extern,early-cse-memssa,-0.004401913699818627,-6.277131555536662,3.4605787469053244e-10,59752,59448,3.151541016949128e-09,True
elim-avail-extern,simple-loop-unswitch,0.002135974118280093,2.2659459337345402,0.023456480610875737,59542,59601,0.07170614993925792,False
elim-avail-extern,loop-versioning,-0.0008461041582843998,-0.8941923600318105,0.37122079095561455,59420,59368,0.6026951150009066,False
elim-avail-extern,loop-flatten,0.0005986993202436452,0.6397567255217661,0.5223320032506095,59251,59651,0.7331369622685974,False
elim-avail-extern,loop-reroll,-0.0008474613241649109,-0.9076479568873655,0.36406607980766875,59511,59915,0.5962453953075216,False
elim-avail-extern,loop-instsimplify,-0.00046410481545250404,-0.49722736353044616,0.6190296460603546,59448,59540,0.8042866934214826,False
elim-avail-extern,loop-simplifycfg,0.0004288069062774458,0.45708164121377176,0.6476131997338351,59512,59521,0.8231266764549492,False
elim-avail-extern,loop-predication,0.0002660266376984244,0.28077988898942596,0.7788797179206279,59313,59652,0.8957688620784666,False
elim-avail-extern,speculative-execution,0.0002107228932384797,0.22488937579486037,0.8220657193184645,59715,59697,0.915948138474164,False
elim-avail-extern,partially-inline-libcalls,0.0005629530390171,0.59812524499052,0.5497575028667477,59559,59689,0.7545917915268785,False
elim-avail-extern,load-store-vectorizer,0.0003390842961459861,0.3611874883852558,0.7179599328051304,59724,59829,0.8682924943992868,False
elim-avail-extern,iroutliner,0.0030469323497931966,3.293695609949689,0.0009890839840797842,59372,59452,0.00401789718014153,True
elim-avail-extern,global-merge,0.0009426665633772702,1.0071620546158646,0.31385895417706783,59351,59550,0.5460114014026644,False
elim-avail-extern,break-crit-edges,-0.004839321893557458,-5.127521993701126,2.9403871410180304e-07,59435,59716,1.8306130435972345e-06,True
elim-avail-extern,unreachableblockelim,0.00014784523466754296,0.15698504649557832,0.8752568993403519,59424,59638,0.94403856187632,False
mergefunc,instcombine,0.00992370036673984,12.139203348589692,6.855731785044733e-34,59475,59504,3.8908761840920547e-32,True
mergefunc,simplifycfg,0.004266646500080351,4.51705187022115,6.276679762893807e-06,59617,59193,3.3856030236215084e-05,True
mergefunc,tailcallelim,0.0013828964485405604,1.462783618421639,0.1435292442358379,59471,59252,0.31917122114000074,False
mergefunc,reassociate,0.0011395001963896978,1.2154777761400168,0.2241863147953424,59894,59929,0.43473205520984237,False
mergefunc,memcpyopt,-0.0005363453848646338,-0.5696840126738492,0.5688931145993504,59189,59390,0.7697945531344355,False
mergefunc,sccp,0.0012340076921139587,1.2987162165766981,0.1940438489019553,59444,59775,0.3958754648553812,False
mergefunc,dce,0.00047736383211161026,0.5046280853163085,0.6138210224331305,58951,59024,0.8001741424261448,False
mergefunc,adce,2.5809888170469364e-05,0.027266164282454656,0.9782474896203613,59232,59611,0.9908994230091399,False
mergefunc,dse,0.0072966416179469085,7.797373702954026,6.37169504543603e-15,59456,59713,9.173366837473344e-14,True
mergefunc,jump-threading,0.0039996981060521075,4.248413296439946,2.154539188978034e-05,59317,59267,0.00010872648793863378,True
mergefunc,loop-idiom,0.0009759468408521155,1.0290229953883425,0.303470953298129,59694,59745,0.5348257803751731,False
mergefunc,loop-deletion,-0.0006608576763337815,-0.696890051855092,0.4858729687782937,59319,59378,0.7065274956315627,False
mergefunc,gvn,-0.002699508548569929,-3.572251255603778,0.00035406627900696027,59402,59378,0.001530379192705581,True
mergefunc,gvn-hoist,-9.540486398185166e-05,-0.10243540205397729,0.9184112577856275,59310,59357,0.9676219282360187,False
mergefunc,gvn-sink,-0.0030111730960638017,-3.1888772210466234,0.0014286350510492084,59475,59510,0.005679730822242335,True
mergefunc,newgvn,-0.00391298044416083,-5.4460266047987185,5.160935572572944e-08,59359,59316,3.608968518249223e-07,True
mergefunc,early-cse,0.002126247962407679,2.5211427490606466,0.011698736021066783,59561,59271,0.039088950732506414,True
mergefunc,mergereturn,-0.0015049996140543143,-1.595999914910547,0.11049145611159226,59852,59674,0.26096775761941815,False
mergefunc,globalopt,0.0005575952298503828,0.5924291135627926,0.5535643982341021,59513,59819,0.757427737066647,False
mergefunc,strip-dead-prototypes,0.0003238146598514291,0.34294275270563696,0.7316421366730533,59409,59012,0.874042284079218,False
mergefunc,indvars,0.0007790089341008222,0.8300367391672753,0.4065196816392746,59264,59432,0.6349926078934219,False
mergefunc,mergeicmps,-0.0014426415412944205,-1.531070761816315,0.12575456351499084,59833,59169,0.2889993372797559,False
mergefunc,separate-const-offset-from-gep,0.0010085090224415394,1.0696525096100484,0.284777928592963,59398,59154,0.5139126121520936,False
mergefunc,libcalls-shrinkwrap,-0.0015412090350067076,-1.6371964670154113,0.10159207656369873,59187,59506,0.24332389713972122,False
mergefunc,flattencfg,9.702748906692538e-05,0.10236475792160836,0.9184673288217919,59048,59580,0.9676219282360187,False
mergefunc,loop-reduce,-0.0021869881168232186,-2.354969879945149,0.018525819634601533,59634,59518,0.058726773245124514,False
mergefunc,loop-unroll,-0.008123678379861388,-8.034892595445605,9.45187782710285e-16,59627,59104,1.4572265185407383e-14,True
mergefunc,loop-rotate,-0.0014301172337002899,-1.4511654693489011,0.1467364296994616,59469,59352,0.3246439879678484,False
mergefunc,partial-inliner,0.0004387525226541289,0.4667261418320789,0.6406966782453325,59329,59696,0.8185265155997046,False
mergefunc,lower-expect,-0.00017164430927740781,-0.18291743426580073,0.8548631145324406,59677,59405,0.9348349501561121,False
mergefunc,alignment-from-assumptions,-0.00016793373082124585,-0.17697233374433638,0.8595304235978015,59224,59230,0.9381051111507778,False
mergefunc,rpo-function-attrs,-0.0014280292781951864,-1.5169016244726914,0.12929418362914316,59617,59233,0.2952280018027549,False
mergefunc,attributor,0.0034698063141122004,4.048272930583967,5.162968155299603e-05,59308,59268,0.00024929942412026194,True
mergefunc,inferattrs,0.001357737195143538,1.4408891759766056,0.14961863826136756,59425,59011,0.32934603003457863,False
mergefunc,called-value-propagation,-0.00011934566238258615,-0.12624875827974796,0.8995352301932311,59392,59425,0.9590470899637062,False
mergefunc,licm,-0.0013565976524546053,-1.41951811643368,0.15575062721312685,59649,59864,0.33986756745789676,False
mergefunc,loop-simplify,0.0006179923183874392,0.6529964168663225,0.5137598520784123,59105,59717,0.7277122897123389,False
mergefunc,div-rem-pairs,0.0002704825596875349,0.28731226543257643,0.7738737305202575,59986,59422,0.8931593070195486,False
mergefunc,float2int,-5.254205349497498e-05,-0.055813310614226286,0.9554906250275641,59736,59028,0.9836228411167037,False
mergefunc,inline,-0.0014325734084323916,-1.522322823822334,0.12793087653887603,59607,59077,0.2929691886118354,False
mergefunc,sink,-0.0013896531902911624,-1.472569815921768,0.14086973250546095,59268,58885,0.3145073389346551,False
mergefunc,loop-vectorize,-0.0033504227243698614,-3.5392206881195833,0.0004014633552277466,59359,59540,0.0017200552506256626,True
mergefunc,slp-vectorizer,0.00023221227469244488,0.24509651053806467,0.8063821271804051,59509,59564,0.9092405442091755,False
mergefunc,callsite-splitting,-0.0009139448221978652,-0.9692834240550103,0.3324057716187145,59581,59163,0.565772955192518,False
mergefunc,dfa-jump-threading,-0.00011654584130271761,-0.12393311060548823,0.9013684475045988,58765,59334,0.9602173124124072,False
mergefunc,consthoist,-0.00022901864914004477,-0.24223518131924157,0.8085983523580126,59758,59533,0.9106905803376408,False
mergefunc,mldst-motion,-0.0016081191387937177,-1.7130743738601604,0.0867014612120047,59720,59366,0.21557010927378437,False
mergefunc,slsr,-0.0004968412511323073,-0.5272829422100249,0.5979981030347269,59402,59350,0.7887371409511589,False
mergefunc,loop-interchange,-0.00026084358098710236,-0.2754740767552921,0.7829525187939778,59463,59277,0.8971996857633193,False
mergefunc,loop-fusion,9.064436556499578e-05,0.0968173836895307,0.9228715815609728,59376,59687,0.9686038767896754,False
mergefunc,loop-distribute,-5.448170314614753e-06,-0.005747472888588881,0.9954142150364801,59477,59115,0.9987335953979433,False
mergefunc,loop-load-elim,0.0006105866075803434,0.642640963991746,0.5204583403461832,58868,59548,0.7326077860516367,False
mergefunc,loop-sink,0.00018078614806493754,0.19181786001114295,0.8478852090699144,59500,59033,0.9324085473296422,False
mergefunc,loop-unroll-and-jam,-0.0016912836378777385,-1.7841484095065614,0.07440210302887008,59545,59318,0.19005781830466748,False
mergefunc,hotcoldsplit,-0.0007545589401908304,-0.8009119880941183,0.4231841956222043,59498,59722,0.6519094060507588,False
mergefunc,irce,5.9154107083847496e-05,0.06291020073604658,0.949838117789962,59679,59100,0.98115696894368,False
mergefunc,nary-reassociate,-0.00042502244829301095,-0.45275487028408623,0.6507260909974525,59423,59324,0.8249412017954109,False
mergefunc,scalarizer,-0.0009560003737645317,-1.0090312118876714,0.31296172284388585,59471,59214,0.5449368173612175,False
mergefunc,vector-combine,0.00024850461856801287,0.26344625359718804,0.7922071026247001,59386,58988,0.9001324018158201,False
mergefunc,always-inline,0.00038773821562682054,0.41425612311973453,0.6786872851730269,60153,59675,0.8441873579601976,False
mergefunc,globalsplit,-0.00024045904371489124,-0.25418739420445063,0.7993512300464742,59212,59247,0.9046992534283217,False
mergefunc,lowerswitch,-0.0017135331672347154,-1.7986564166263428,0.07207558538409446,59310,59498,0.18532369820362043,False
mergefunc,early-cse-memssa,-0.003974422058165561,-5.620579876621328,1.907406808286614e-08,59741,59617,1.4200389850285896e-07,True
mergefunc,simple-loop-unswitch,-0.0013975315579186076,-1.4776391374885025,0.13950704525623878,59379,59360,0.3121277164019237,False
mergefunc,loop-versioning,-0.0023861986768590193,-2.5041501580248875,0.012275920807217334,59716,59204,0.04080857884640329,True
mergefunc,loop-flatten,-0.001726310824811783,-1.8249995701149015,0.06800360721398825,59250,59404,0.17682744080343824,False
mergefunc,loop-reroll,0.0004995933656068985,0.5288670428803621,0.5968986744965615,59414,59330,0.7878177314892265,False
mergefunc,loop-instsimplify,-0.0008082960740220524,-0.8597703186682599,0.38991739940073833,59400,59353,0.6199417523561881,False
mergefunc,loop-simplifycfg,-0.002397010263467114,-2.5374151369349023,0.011168710821294578,59438,59411,0.03741374814045301,True
mergefunc,loop-predication,-0.00043177731207660885,-0.45837741456322634,0.6466821504962001,59635,59609,0.8227444123921767,False
mergefunc,speculative-execution,-0.0006507500981793868,-0.6893011156120177,0.490635138008745,59494,59721,0.7100248338663139,False
mergefunc,partially-inline-libcalls,-0.0002335938384702141,-0.24769067822095603,0.8043741721970914,59691,59337,0.9082840998626902,False
mergefunc,load-store-vectorizer,0.0015570541474092536,1.6500398051762137,0.09893743359185828,59632,59395,0.23857080661682084,False
mergefunc,iroutliner,0.001864634515767738,1.9968323108732386,0.045845684494705906,59062,59519,0.12687752684188575,False
mergefunc,global-merge,0.00025637685777341046,0.27278634097188037,0.7850179345189603,59009,59675,0.8984440045206984,False
mergefunc,break-crit-edges,-0.006447642214705729,-6.748488407556635,1.5007558194834733e-11,59283,59443,1.5969999426894786e-10,True
mergefunc,unreachableblockelim,-0.000454037244211114,-0.48009399051559737,0.6311614417866528,59756,59500,0.8127725614678283,False
instcombine,simplifycfg,-0.0019389320066208748,-2.3793068549067855,0.017346796084038524,59831,59263,0.055412796100911606,False
instcombine,tailcallelim,-0.009494120354872237,-11.642452957592068,2.606619331905476e-31,59914,59605,1.2151811075883147e-29,True
instcombine,reassociate,-0.010028937526348147,-12.334492472480436,6.202857872511287e-35,59636,59814,3.795373660742844e-33,True
instcombine,memcpyopt,-0.008903914809741342,-10.896715015039131,1.2313531740700225e-27,59742,59565,4.344125251944332e-26,True
instcombine,sccp,-0.007247759462395087,-8.787311189836654,1.5515745071779055e-18,59768,59524,2.978414593190529e-17,True
instcombine,dce,-0.009223342592054706,-11.223980197493054,3.217016526119543e-29,59432,59111,1.3122746579462637e-27,True
instcombine,adce,-0.008290354193667526,-10.141804253359487,3.68618595178057e-24,59691,59534,1.1103926297825163e-22,True
instcombine,dse,-0.001913880401187118,-2.3663074076995776,0.017968110384851823,59771,59329,0.057205788835024175,False
instcombine,jump-threading,-0.004539282961509072,-5.602531611574517,2.1171046444682864e-08,59198,59347,1.5613148376154066e-07,True
instcombine,loop-idiom,-0.010424576554488474,-12.647053940444302,1.2262469070212243e-36,59844,59409,8.138954047279855e-35,True
instcombine,loop-deletion,-0.01061871018820254,-12.93526061521594,3.0214185609794927e-38,59363,59457,2.151250015417399e-36,True
instcombine,gvn,-0.03339608641001296,-48.31638831307922,0.0,59360,59436,0.0,True
instcombine,gvn-hoist,-0.010431655568322706,-12.881284955590303,6.084688785874246e-38,59158,59212,4.2549359438363475e-36,True
instcombine,gvn-sink,-0.011806208896707138,-14.300955987404407,2.3575425041724135e-46,59769,59696,2.4951720125241007e-44,True
instcombine,newgvn,-0.023078027793794753,-34.24497377959389,9.129048621176719e-256,59828,59584,7.149870880105607e-253,True
instcombine,early-cse,-0.007472469167972562,-9.541349175163841,1.4351297185333714e-21,59843,59286,3.6257857921139887e-20,True
instcombine,mergereturn,-0.010388841640208757,-12.649160102164219,1.1938081112152742e-36,59778,59567,8.060263040550024e-35,True
instcombine,globalopt,-0.0111793317523331,-13.507357035305422,1.5185865995207754e-41,59968,59195,1.2652734305794375e-39,True
instcombine,strip-dead-prototypes,-0.009156067466720208,-11.219401759861476,3.386943774352101e-29,59791,59612,1.3673476103466832e-27,True
instcombine,indvars,-0.008053706757632562,-9.863265318433886,6.129349034332121e-23,59701,59370,1.726800778305366e-21,True
instcombine,mergeicmps,-0.009260552360714991,-11.303302977090405,1.3085734536739015e-29,59529,59277,5.631179829216481e-28,True
instcombine,separate-const-offset-from-gep,-0.009111335744863891,-11.035343772939067,2.6637685617241773e-28,59573,59183,9.748895035244747e-27,True
instcombine,libcalls-shrinkwrap,-0.009626857221192275,-11.709694939145086,1.183393040536466e-31,59614,59268,5.583333911735905e-30,True
instcombine,flattencfg,-0.009659561894114377,-11.820040319974922,3.205820005582745e-32,60014,59046,1.5692488927327538e-30,True
instcombine,loop-reduce,-0.012030877884742774,-14.857712921922783,6.876092658602758e-50,59347,59410,7.693365386025258e-48,True
instcombine,loop-unroll,-0.021716079398295063,-24.379529214245714,6.090927780954737e-131,59329,59335,2.385207319021875e-128,True
instcombine,loop-rotate,-0.01002047422196567,-11.807030192735134,3.74183377027652e-32,59690,59341,1.8090149437534386e-30,True
instcombine,partial-inliner,-0.00916081919777706,-11.225946363009864,3.145725242336591e-29,59925,59289,1.2967010577884304e-27,True
instcombine,lower-expect,-0.009798798963554789,-12.016168666162423,3.0544396649167168e-33,59717,59520,1.5948247637085152e-31,True
instcombine,alignment-from-assumptions,-0.009130620676248091,-11.158720359072221,6.71144473209379e-29,59280,59074,2.628201757087928e-27,True
instcombine,rpo-function-attrs,-0.010015085583090555,-12.267674744298366,1.4176045294386749e-34,59544,59166,8.411120208002803e-33,True
instcombine,attributor,-0.009516646541515572,-12.476540984106789,1.0553968356640354e-35,59568,59629,6.888223347433938e-34,True
instcombine,inferattrs,-0.009953841273793396,-12.140047434847604,6.785104284857669e-34,59467,59611,3.8908761840920547e-32,True
instcombine,called-value-propagation,-0.009367335310740299,-11.549800501987097,7.684608571167715e-31,59685,59563,3.499177577289857e-29,True
instcombine,licm,-0.014685877355045673,-17.640817676793056,1.4697315827532842e-69,59534,59444,2.616122217300846e-67,True
instcombine,loop-simplify,-0.00889037771792539,-10.86456830927797,1.7516280016933473e-27,59471,59442,6.070243588169157e-26,True
instcombine,div-rem-pairs,-0.009827322414765416,-11.986692540296463,4.360281283312193e-33,59379,59322,2.2466923033487565e-31,True
instcombine,float2int,-0.009234774184224748,-11.26384617899356,2.0483103870169124e-29,59831,59311,8.624928468342182e-28,True
instcombine,inline,-0.009354110386004755,-11.419487880617764,3.465275556070229e-30,59773,59286,1.5247212446709007e-28,True
instcombine,sink,-0.010093039653811309,-12.217666443396576,2.623424804219237e-34,59567,59083,1.5333330646750048e-32,True
instcombine,loop-vectorize,-0.01243269272560521,-15.103086773545046,1.7245678526683303e-51,59932,59487,2.0464871851664187e-49,True
instcombine,slp-vectorizer,-0.007607292957759082,-9.288573753858664,1.5888625904951177e-20,59427,59786,3.7257400625023237e-19,True
instcombine,callsite-splitting,-0.011046284879109025,-13.51304226889626,1.4057800670549603e-41,59642,59778,1.1967466831711358e-39,True
instcombine,dfa-jump-threading,-0.009017640438336139,-11.04120518916854,2.495477202395831e-28,59836,59362,9.219140306209504e-27,True
instcombine,consthoist,-0.009466897812923702,-11.50749062397299,1.2553574741088548e-30,59798,59637,5.650551573115259e-29,True
instcombine,mldst-motion,-0.009214482337364993,-11.230851732662982,2.9760163281581545e-29,59734,59488,1.2397957384114184e-27,True
instcombine,slsr,-0.008848340600275728,-10.852140154674446,2.0067634669853004e-27,59384,59510,6.893408540977575e-26,True
instcombine,loop-interchange,-0.010263190168115555,-12.412988148823347,2.3374079139163234e-35,59278,59430,1.4529030779200512e-33,True
instcombine,loop-fusion,-0.009152503897666031,-11.18791011479489,4.8317910414776945e-29,59675,59472,1.9307442569823114e-27,True
instcombine,loop-distribute,-0.009180261602602824,-11.180344573452416,5.261591955076199e-29,59702,59351,2.0812519288968076e-27,True
instcombine,loop-load-elim,-0.008638319890320711,-10.49148843860664,9.701461636347879e-26,59299,59441,3.165910313994858e-24,True
instcombine,loop-sink,-0.00904454567530899,-11.107832420856166,1.1869884195871647e-28,59750,59564,4.557104559905232e-27,True
instcombine,loop-unroll-and-jam,-0.009509626596416743,-11.588808098369961,4.879659398176699e-31,59770,59614,2.248087788618818e-29,True
instcombine,hotcoldsplit,-0.009911071095759616,-12.079271916554118,1.4223211674609585e-33,59470,59245,7.73584679413488e-32,True
instcombine,irce,-0.008983406207117628,-10.957400913011213,6.314254436150508e-28,59808,59404,2.2478745792695807e-26,True
instcombine,nary-reassociate,-0.009794689877249185,-11.900324555776235,1.230321584399581e-32,59580,59381,6.257064057803582e-31,True
instcombine,scalarizer,-0.010893095628264682,-13.201794098030458,9.13813125702984e-40,59557,59344,7.016651373044873e-38,True
instcombine,vector-combine,-0.008695082581438807,-10.610533113427437,2.735254400712058e-26,59559,59585,9.233841580334843e-25,True
instcombine,always-inline,-0.010029872480494362,-12.437178200335769,1.7273756632635092e-35,60005,59469,1.091032757635468e-33,True
instcombine,globalsplit,-0.0077470319054023795,-9.41437709399534,4.840004946090258e-21,59674,59172,1.1845912105555905e-19,True
instcombine,lowerswitch,-0.011010040625955286,-13.268239641461983,3.77851184603293e-40,59454,59668,3.0197249773601947e-38,True
instcombine,early-cse-memssa,-0.0233952648398284,-35.12923197175696,5.790796699633572e-269,59842,59408,7.558919958588356e-266,True
instcombine,simple-loop-unswitch,-0.010714775378575458,-13.029434712840285,8.845886966562016e-39,59736,59632,6.66163333866478e-37,True
instcombine,loop-versioning,-0.011474053012599683,-13.791085573056815,3.114522968620001e-43,59481,59239,2.771925442071801e-41,True
instcombine,loop-flatten,-0.010595432352137557,-12.985640143154484,1.5676582045495949e-38,59584,59715,1.1368425053733729e-36,True
instcombine,loop-reroll,-0.009910797253567749,-12.039933960605268,2.29151390034074e-33,59738,59289,1.2126443829370726e-31,True
instcombine,loop-instsimplify,-0.009910973278426383,-12.136001424142624,7.1282780064375345e-34,59653,59516,3.987762381887055e-32,True
instcombine,loop-simplifycfg,-0.01050272984915257,-12.747273391599355,3.41480532476165e-37,59466,59624,2.3460311669766002e-35,True
instcombine,loop-predication,-0.011396513866215818,-13.918733892506197,5.277507022801545e-44,59836,59524,4.9206470241168695e-42,True
instcombine,speculative-execution,-0.009915053027168219,-12.112291160843997,9.517674818209515e-34,59882,59192,5.249466843395558e-32,True
instcombine,partially-inline-libcalls,-0.010897527247320404,-13.321283477324167,1.861260521792995e-40,59443,59588,1.5184783756961186e-38,True
instcombine,load-store-vectorizer,-0.010178125390719439,-12.447676653259462,1.515187835867536e-35,59274,59716,9.727009123372576e-34,True
instcombine,iroutliner,-0.005347332407818706,-6.596424136597323,4.229518715329602e-11,59420,59373,4.246870586982236e-10,True
instcombine,global-merge,-0.008119791072920879,-9.910693479454677,3.8183624370791884e-23,59602,59692,1.099463772323684e-21,True
instcombine,break-crit-edges,-0.015209843664077738,-18.3442369515323,4.66030672270345e-75,59751,59296,1.0735153603592183e-72,True
instcombine,unreachableblockelim,-0.008995115441003787,-10.976457385801826,5.116156046099059e-28,59387,59594,1.8380611996810928e-26,True
simplifycfg,tailcallelim,-0.005215194150735292,-5.55168534617551,2.8353019197508617e-08,59436,59523,2.0447591745385587e-07,True
simplifycfg,reassociate,-0.006397521537142181,-6.862891162861439,6.780835169162988e-12,59587,59702,7.552813108642517e-11,True
simplifycfg,memcpyopt,-0.0047935823991884785,-5.0991043668955225,3.4178458456032155e-07,59540,59815,2.1110858566848883e-06,True
simplifycfg,sccp,-0.005318258879468629,-5.6475849085503205,1.6308668741451836e-08,59253,59930,1.2281682075293343e-07,True
simplifycfg,dce,-0.005540938637798087,-5.901928883967063,3.602483772299422e-09,59376,59245,2.9637240446059954e-08,True
simplifycfg,adce,-0.003714617941885101,-3.9383007097372214,8.210757648905554e-05,59052,59583,0.0003846091740803128,True
simplifycfg,dse,0.0032139449206423643,3.4362329343295657,0.0005900655677826985,59280,59379,0.002476631043340887,True
simplifycfg,jump-threading,-0.00012241293197551295,-0.12995752938752148,0.8966002482164817,59330,59550,0.9569600904921619,False
simplifycfg,loop-idiom,-0.006773129525786292,-7.1542001732224225,8.464382105143245e-13,59357,59838,1.016764427108618e-11,True
simplifycfg,loop-deletion,-0.006646175508206842,-7.048318301609429,1.820757341017899e-12,59210,59319,2.109492824682276e-11,True
simplifycfg,gvn,-0.010307185051076528,-13.944290147023727,3.6931236689753607e-44,59403,59582,3.6155680719268784e-42,True
simplifycfg,gvn-hoist,-0.005242010649147366,-5.654216111731891,1.569172152071507e-08,59585,59194,1.1885644385903328e-07,True
simplifycfg,gvn-sink,-0.011316034153946664,-12.043142742079748,2.204132323321493e-33,59570,59507,1.1823811202913653e-31,True
simplifycfg,newgvn,-0.010603250282275045,-14.871667011838614,5.58342660984171e-50,59625,59474,6.43079370710004e-48,True
simplifycfg,early-cse,-0.005192012134529078,-6.151312830129522,7.70884329727376e-10,59572,59112,6.783782101600909e-09,True
simplifycfg,mergereturn,-0.006431858308604099,-6.859236536775336,6.9566080548411055e-12,59548,59359,7.695502017728183e-11,True
simplifycfg,globalopt,-0.0061816205412842384,-6.600594216177971,4.1122371650506034e-11,59749,59235,4.150391942870661e-10,True
simplifycfg,strip-dead-prototypes,-0.006133187237885862,-6.571894951409694,4.9883162867709764e-11,59198,59646,4.945378880758265e-10,True
simplifycfg,indvars,-0.004486036378570868,-4.739936499763645,2.140321897405322e-06,59129,59725,1.2111995014796591e-05,True
simplifycfg,mergeicmps,-0.006977303774379051,-7.399407709038039,1.3768748700185575e-13,59562,59589,1.773632233879168e-12,True
simplifycfg,separate-const-offset-from-gep,-0.006051344089441635,-6.432630998835153,1.2588985561649651e-10,58770,59607,1.214247966980789e-09,True
simplifycfg,libcalls-shrinkwrap,-0.005360700930130358,-5.719733564266716,1.0694638346203241e-08,59350,59412,8.281693354499131e-08,True
simplifycfg,flattencfg,-0.005943093770513441,-6.328719304718531,2.4808187793966487e-10,59321,59425,2.3075739525219183e-09,True
simplifycfg,loop-reduce,-0.007770712114255507,-8.37432444226861,5.613302003237858e-17,59628,59691,9.641092388017305e-16,True
simplifycfg,loop-unroll,-0.018313963015719137,-18.289087525309164,1.2855074453512405e-74,59357,59383,2.7966928644419213e-72,True
simplifycfg,loop-rotate,-0.009370457303284563,-9.626744141663217,6.279662445467928e-22,59682,59506,1.6285535189703582e-20,True
simplifycfg,partial-inliner,-0.0039060546499099513,-4.1752776216103795,2.9783509292204125e-05,59074,59494,0.00014763572454211564,True
simplifycfg,lower-expect,-0.0069418362298231395,-7.460059096428733,8.706871024218717e-14,59341,59586,1.1441646621087415e-12,True
simplifycfg,alignment-from-assumptions,-0.005405814696584688,-5.719633133936676,1.070106444682472e-08,58926,59364,8.281693354499131e-08,True
simplifycfg,rpo-function-attrs,-0.0049671853608296845,-5.2821028865286745,1.2793400736729393e-07,59027,59567,8.419992821013833e-07,True
simplifycfg,attributor,-0.0037207548469311846,-4.393373257718347,1.1170189455074709e-05,59402,59159,5.8013875206992784e-05,True
simplifycfg,inferattrs,-0.006551448774320068,-6.961860581593606,3.375420326236428e-12,59332,59314,3.864954970041477e-11,True
simplifycfg,called-value-propagation,-0.004869234404769496,-5.212212333876291,1.8691158728833805e-07,59647,59643,1.1979472599363858e-06,True
simplifycfg,licm,-0.008637531716733482,-9.047974136198917,1.4776211652788453e-19,59240,59665,3.1619478050447856e-18,True
simplifycfg,loop-simplify,-0.005970659944273038,-6.363716246664833,1.9764351880500714e-10,59329,59519,1.8694976319816615e-09,True
simplifycfg,div-rem-pairs,-0.007548769008731526,-7.986998012314958,1.3948708315104318e-15,59290,59862,2.125414076340409e-14,True
simplifycfg,float2int,-0.0057476736784145555,-6.077721101464606,1.2227297050761471e-09,59339,59083,1.0500459484820596e-08,True
simplifycfg,inline,-0.008407640502749392,-8.961600368262657,3.2448614407650584e-19,59539,59093,6.758977341508494e-18,True
simplifycfg,sink,-0.004228263378072417,-4.494989938241078,6.963904086664412e-06,59147,59304,3.720415880406253e-05,True
simplifycfg,loop-vectorize,-0.009730833564050412,-10.29756021050526,7.403535441809468e-25,59399,59286,2.3570930723679573e-23,True
simplifycfg,slp-vectorizer,-0.003395732619267955,-3.623002113416531,0.0002913250359926996,59489,59055,0.0012762286825075241,True
simplifycfg,callsite-splitting,-0.004240226322785423,-4.5154491026654116,6.32432084474406e-06,59431,59651,3.401928630222217e-05,True
simplifycfg,dfa-jump-threading,-0.005977059977368138,-6.371213460549076,1.8822381389040993e-10,59074,59327,1.7890399397933138e-09,True
simplifycfg,consthoist,-0.005891905748072135,-6.280354093604875,3.3896053094162464e-10,59454,59906,3.094101256800471e-09,True
simplifycfg,mldst-motion,-0.007743278962308531,-8.237759493019377,1.7721871312765642e-16,59785,59357,2.9406291551182313e-15,True
simplifycfg,slsr,-0.0048816683530258365,-5.218068210262694,1.8110086454420555e-07,59457,59632,1.1645172176602773e-06,True
simplifycfg,loop-interchange,-0.006419482899126805,-6.789425384437369,1.1310957703504585e-11,58761,59516,1.2102106657629494e-10,True
simplifycfg,loop-fusion,-0.006238216752573245,-6.631699658471491,3.3325338960956436e-11,59529,59617,3.380881538111539e-10,True
simplifycfg,loop-distribute,-0.0053847715012282915,-5.719095718469619,1.073482078441917e-08,59483,59398,8.291431596012913e-08,True
simplifycfg,loop-load-elim,-0.0059522559890543,-6.2923794991784066,3.1372421464650833e-10,59191,59221,2.8771522823319127e-09,True
simplifycfg,loop-sink,-0.007160140573890084,-7.635687006073614,2.2628297425093717e-14,59679,59388,3.16472902559525e-13,True
simplifycfg,loop-unroll-and-jam,-0.007013116291803012,-7.45839712694866,8.81764401973967e-14,59105,59189,1.1548459525518576e-12,True
simplifycfg,hotcoldsplit,-0.006071029221354884,-6.44504226237374,1.1600764009626108e-10,59483,59571,1.121693626214712e-09,True
simplifycfg,irce,-0.00666239571166416,-7.1421115737049785,9.24308532806046e-13,59539,59555,1.1001800043977131e-11,True
simplifycfg,nary-reassociate,-0.004268520400828313,-4.5388518675877485,5.661654433276094e-06,59545,59700,3.0707809917879754e-05,True
simplifycfg,scalarizer,-0.004985363745026838,-5.288111837804489,1.2380303029532838e-07,59227,59716,8.161829404654981e-07,True
simplifycfg,vector-combine,-0.005380039714234175,-5.740227210723513,9.477935681861365e-09,59071,59459,7.410039823206255e-08,True
simplifycfg,always-inline,-0.0066501054040028484,-7.125092543419571,1.0459691509787135e-12,59707,59402,1.2337395166363379e-11,True
simplifycfg,globalsplit,-0.003955301099916597,-4.210503687070255,2.5498888341108294e-05,59688,59329,0.00012785358097795144,True
simplifycfg,lowerswitch,-0.006934370154430491,-7.342646095316561,2.107468034912992e-13,59386,59137,2.6282945301653747e-12,True
simplifycfg,early-cse-memssa,-0.012879291753208955,-18.2397510905194,3.1536487869791584e-74,59663,59134,6.49983613147915e-72,True
simplifycfg,simple-loop-unswitch,-0.007295294834539778,-7.747412894423425,9.452014385652834e-15,59237,59669,1.3508791362852736e-13,True
simplifycfg,loop-versioning,-0.007893531470065385,-8.341548383856193,7.40963574100643e-17,59567,59207,1.2670800682000516e-15,True
simplifycfg,loop-flatten,-0.006407767068204062,-6.824752601864974,8.849738620844407e-12,59283,59429,9.5998826701459e-11,True
simplifycfg,loop-reroll,-0.005455193365515976,-5.773368837587628,7.789504178521349e-09,59237,59376,6.174837725321782e-08,True
simplifycfg,loop-instsimplify,-0.0060755564309458165,-6.473570814549826,9.608528237510314e-11,59269,59315,9.359949397534922e-10,True
simplifycfg,loop-simplifycfg,-0.007121373422467436,-7.565118542764727,3.902881706841544e-14,59445,59166,5.362696408418065e-13,True
simplifycfg,loop-predication,-0.006478401641347609,-6.8615241865772,6.846205598272659e-12,59468,59184,7.594827513551198e-11,True
simplifycfg,speculative-execution,-0.005254932303853543,-5.610180698391965,2.0256175896112785e-08,59725,59587,1.4994930965818086e-07,True
simplifycfg,partially-inline-libcalls,-0.006397820687675304,-6.791191505893336,1.1173013483580201e-11,59430,59697,1.1987265973068512e-10,True
simplifycfg,load-store-vectorizer,-0.004255263554465094,-4.5232778953832105,6.094800490632541e-06,59059,59846,3.2965799338835675e-05,True
simplifycfg,iroutliner,-0.002065822157526931,-2.225470780119608,0.026051520232524827,59210,59623,0.07865671027800095,False
simplifycfg,global-merge,-0.0057844618810487525,-6.160652159773052,7.267757741849594e-10,58964,59748,6.410031377721399e-09,True
simplifycfg,break-crit-edges,-0.028341692600218016,-30.10965513027323,2.029029161562955e-198,59568,59347,9.932097745850664e-196,True
simplifycfg,unreachableblockelim,-0.006034168879776425,-6.400201784035445,1.5574732610330279e-10,59522,59230,1.4875769000500823e-09,True
tailcallelim,reassociate,-5.0476268923904666e-05,-0.053779884393189044,0.9571106261840961,59244,60236,0.9847727830102261,False
tailcallelim,memcpyopt,-9.554583364451696e-05,-0.10193822052537599,0.9188058837781976,59919,59345,0.9676219282360187,False
tailcallelim,sccp,0.002004053253573723,2.10856144385179,0.03498453615380087,60018,59101,0.10124030447802183,False
tailcallelim,dce,-0.0004264793693900537,-0.4523544047608468,0.6510145152479989,59351,59321,0.8250371736964681,False
tailcallelim,adce,4.056958799203425e-05,0.04335628800635299,0.9654175947137956,59547,59573,0.9870333192375907,False
tailcallelim,dse,0.0071284299400475315,7.660578516395422,1.8648625461385757e-14,59588,59455,2.6269070973664254e-13,True
tailcallelim,jump-threading,0.004955741781279999,5.310138131716553,1.0973818339504784e-07,59457,59525,7.317017780290471e-07,True
tailcallelim,loop-idiom,0.00042541161283660145,0.45169643365527884,0.6514885072406436,60242,59345,0.8250371736964681,False
tailcallelim,loop-deletion,2.6530521643253202e-05,0.028257605567643965,0.9774567402563177,59652,59527,0.9906109199906159,False
tailcallelim,gvn,-0.002014581043199848,-2.708217028567735,0.006765545923342873,59632,59464,0.023998077749828522,True
tailcallelim,gvn-hoist,0.00025157563143052286,0.27065101812223397,0.7866599242790048,59487,59043,0.8984440045206984,False
tailcallelim,gvn-sink,0.0005111001611389776,0.5445603588901109,0.5860569429274892,59546,59747,0.7803152631988088,False
tailcallelim,newgvn,-0.003560533870016147,-5.017463509631455,5.24334167976626e-07,59368,59541,3.1540592961543274e-06,True
tailcallelim,early-cse,0.0032594402822092583,3.8488038682292673,0.000118757880804398,59773,59405,0.000545200306248561,True
tailcallelim,mergereturn,-0.00022460590429984606,-0.23927373372630015,0.8108937424216324,59510,59793,0.9109521591753968,False
tailcallelim,globalopt,0.0011386768006272918,1.2042145800364186,0.2285090500754853,59501,59360,0.43907823360922493,False
tailcallelim,strip-dead-prototypes,0.00040267579928615627,0.42932671753909246,0.6676862547309494,59419,59363,0.8375334368077868,False
tailcallelim,indvars,-0.0007752022917818513,-0.8243373269997781,0.40974956438953725,59535,59733,0.6374967398289344,False
tailcallelim,mergeicmps,-0.002073411726712715,-2.2135889711521743,0.02685894727790389,59813,59734,0.08084522485801048,False
tailcallelim,separate-const-offset-from-gep,0.0003628136614716171,0.385389995924673,0.699949184440633,59121,59497,0.8562952222022865,False
tailcallelim,libcalls-shrinkwrap,0.0008695465560754623,0.9236538479001943,0.3556684404371819,59774,59296,0.58737916814661,False
tailcallelim,flattencfg,0.0006511246272085658,0.6925721963633507,0.48857941513935327,59597,59419,0.7086211072910027,False
tailcallelim,loop-reduce,-0.0012395275735337385,-1.334685435806883,0.18198187601831867,59439,59556,0.37886994268773183,False
tailcallelim,loop-unroll,-0.009104229084825721,-9.061420094302894,1.3066423452983476e-19,59441,59074,2.8269676376731104e-18,True
tailcallelim,loop-rotate,-0.00010816035634986232,-0.11150139187913319,0.9112189504940831,59610,59131,0.9649360222106083,False
tailcallelim,partial-inliner,0.002152286868068176,2.2924130578396205,0.02188356019873679,59729,58998,0.06753035597971102,False
tailcallelim,lower-expect,0.001170543442283456,1.255710012890491,0.209223590815425,59365,59753,0.41421616867199407,False
tailcallelim,alignment-from-assumptions,0.0015833206614147,1.6796766350939751,0.09302286911630735,59272,59927,0.22810116184061338,False
tailcallelim,rpo-function-attrs,-1.563597461273769e-05,-0.01668934522979256,0.986684475195629,59686,59496,0.9948136984722149,False
tailcallelim,attributor,0.0030792096202419406,3.613376206765552,0.0003023607197610101,59077,59372,0.0013200051043301176,True
tailcallelim,inferattrs,-0.0010160382128027723,-1.0811572730354364,0.2796293522581912,59663,59293,0.5069576590014243,False
tailcallelim,called-value-propagation,-0.000456820089405674,-0.48817434020120787,0.6254272544427256,59624,59806,0.8085748195436493,False
tailcallelim,licm,-0.0019486096195113212,-2.0373349164392898,0.0416186990192298,59564,59431,0.117166660934079,False
tailcallelim,loop-simplify,0.0009095339861051044,0.9677329739830729,0.3331797093802318,59707,59479,0.5662898185473036,False
tailcallelim,div-rem-pairs,0.0003794898064131691,0.40377435858587096,0.6863793781668985,59592,59601,0.8492453854349367,False
tailcallelim,float2int,0.0003045990589726766,0.3240010363795396,0.7459378172403646,59679,59723,0.8815276679868942,False
tailcallelim,inline,-9.204807762414058e-05,-0.09777171923367205,0.9221137300237462,59542,58893,0.9686038767896754,False
tailcallelim,sink,-0.0003769766798945584,-0.40094780365403554,0.6884592742589528,59707,59171,0.8504752422706812,False
tailcallelim,loop-vectorize,-0.0022998141406124217,-2.431811830076882,0.015024975146204128,59495,59527,0.048828052010402793,True
tailcallelim,slp-vectorizer,0.0019144683556444053,2.0387236549487975,0.04147981765499542,59641,59546,0.11685968772443314,False
tailcallelim,callsite-splitting,0.0004025576953555765,0.4259225146833993,0.6701650791770233,59577,59363,0.839260137530292,False
tailcallelim,dfa-jump-threading,0.0007569149104905692,0.8053605842699615,0.42061324480945883,59533,59065,0.6494958464802212,False
tailcallelim,consthoist,0.0003353001141289669,0.3562029452228401,0.7216892162251306,59620,59708,0.870223966448921,False
tailcallelim,mldst-motion,8.111857936338174e-05,0.08612913732151892,0.9313639068189704,59336,59285,0.9719888499380466,False
tailcallelim,slsr,2.1074645806751224e-05,0.022355702142573163,0.9821642535064103,59794,59399,0.993228687860278,False
tailcallelim,loop-interchange,0.0012211935000748797,1.2913461812917637,0.19658618266926636,59400,59097,0.39991246303005046,False
tailcallelim,loop-fusion,0.00018035333231508632,0.1922254101780271,0.8475659696531703,59566,59785,0.9324085473296422,False
tailcallelim,loop-distribute,0.000542788743472189,0.577656455189391,0.5634971765154354,59715,59292,0.7656679192347138,False
tailcallelim,loop-load-elim,-0.0002991737913861092,-0.3188287609859677,0.7498569269809289,59436,59586,0.8834578355497674,False
tailcallelim,loop-sink,-0.0007130726516414998,-0.7582833666484492,0.44828285852762645,59708,59811,0.6738580795727828,False
tailcallelim,loop-unroll-and-jam,-0.0011532351009440056,-1.2234000223971646,0.22118106467078186,59660,59480,0.43070365452550063,False
tailcallelim,hotcoldsplit,0.0006545158643208593,0.7015374553557341,0.4829690363374458,59912,59444,0.7041350507436477,False
tailcallelim,irce,-0.0005245189343762169,-0.5601104977092963,0.5754051235412315,59885,59273,0.7748738145025165,False
tailcallelim,nary-reassociate,-0.00014822553278498463,-0.1573820768113913,0.8749440043055884,59678,59670,0.94403856187632,False
tailcallelim,scalarizer,-0.0009347838823061116,-0.991149552514513,0.32161458148722544,59467,59178,0.5534337896941425,False
tailcallelim,vector-combine,8.027042351788083e-05,0.08574107252686404,0.9316723958658029,59274,59366,0.9719888499380466,False
tailcallelim,always-inline,-0.00036585253294385556,-0.38929452146366683,0.6970589866688088,59285,59461,0.8545910307201284,False
tailcallelim,globalsplit,0.002132218634501637,2.2551440878124827,0.024126092434318177,59695,59512,0.07352356262473929,False
tailcallelim,lowerswitch,-0.000885216786707832,-0.934680765999631,0.3499547406750326,59188,59751,0.5825249335274971,False
tailcallelim,early-cse-memssa,-0.002909184508717577,-4.073510196256596,4.633977669891762e-05,59428,59660,0.00022458733360515028,True
tailcallelim,simple-loop-unswitch,-0.001289066251008164,-1.3705229918439106,0.17052628172437323,59639,59676,0.36076764950440066,False
tailcallelim,loop-versioning,-0.0005949026113929445,-0.627057755963328,0.5306225790052245,59833,59252,0.7394726047631527,False
tailcallelim,loop-flatten,-0.0020119264984722607,-2.129790212281947,0.03319098528026456,59280,59592,0.09728734906999703,False
tailcallelim,loop-reroll,-0.0020378379251531076,-2.166698645865463,0.030259820752044753,59284,59538,0.08936459884238858,False
tailcallelim,loop-instsimplify,-0.00010861732283029557,-0.11602543515949039,0.9076325792980912,59415,59631,0.963744354807843,False
tailcallelim,loop-simplifycfg,0.0013213051195744008,1.4073154421578389,0.15933648404983988,59722,59322,0.3456851365867994,False
tailcallelim,loop-predication,-0.0005454859478881136,-0.5784831816498894,0.5629390418869835,59770,59433,0.7654407250102179,False
tailcallelim,speculative-execution,0.0008681348027956282,0.9234254867428583,0.35578738172721114,59671,59680,0.58737916814661,False
tailcallelim,partially-inline-libcalls,-0.000302218246814534,-0.3216326518624434,0.747731568313403,59730,59548,0.8822112476351837,False
tailcallelim,load-store-vectorizer,-0.000547041682520899,-0.5835136901424394,0.5595486489427762,59668,59415,0.7621539162643172,False
tailcallelim,iroutliner,0.0049006522420798615,5.271617849198483,1.354617608760077e-07,59362,59539,8.870706615224852e-07,True
tailcallelim,global-merge,-0.0006979397093274109,-0.7446590810228524,0.4564793067399846,59769,59690,0.6822797577075496,False
tailcallelim,break-crit-edges,-0.005233796503884336,-5.486090053083024,4.1176359426441314e-08,59407,59325,2.896961535902866e-07,True
tailcallelim,unreachableblockelim,0.0002152806892639081,0.2280313565022661,0.8196222539211728,59727,59742,0.9150967674924431,False
reassociate,memcpyopt,0.0009543297384108085,1.012137198184344,0.31147451240251106,59528,59725,0.5433114434602375,False
reassociate,sccp,-0.0007626337074180256,-0.8079424698581607,0.41912531164966144,59630,59710,0.6477090451539361,False
reassociate,dce,-1.9247432580471457e-05,-0.020507611599231403,0.9836384745903599,59576,59361,0.9933905527773577,False
reassociate,adce,-0.0002269853886269213,-0.24173150515866954,0.808988631218947,59578,59743,0.9108681655702693,False
reassociate,dse,0.007480647673740681,8.052311798603567,8.198356775433847e-16,59687,59934,1.273998616372974e-14,True
reassociate,jump-threading,0.00393005156316395,4.185578053614948,2.8464579465765895e-05,59055,59654,0.00014199655183176973,True
reassociate,loop-idiom,-9.02487676021635e-05,-0.09553358555414614,0.9238911754379641,59591,59605,0.9686038767896754,False
reassociate,loop-deletion,-0.001208025241245747,-1.279529895480775,0.20071301144955406,59770,59339,0.4055687063139596,False
reassociate,gvn,-0.0018959579393701964,-2.524756177100678,0.011579153713210907,59451,59351,0.03872243035092563,True
reassociate,gvn-hoist,0.0005082960476227583,0.5462219507943519,0.584914401625271,59879,59363,0.7796204209545817,False
reassociate,gvn-sink,-0.001783541056360416,-1.894502937980288,0.058160700810280935,59395,59910,0.1556782668305264,False
reassociate,newgvn,-0.00424626339428974,-5.948863748118971,2.707585760137786e-09,59885,59684,2.241629140951283e-08,True
reassociate,early-cse,0.001975113357784719,2.341879489298147,0.01918854643391223,59529,59668,0.060403816587781586,False
reassociate,mergereturn,-0.00015487931800950427,-0.16441230371871146,0.8694068563693832,59956,59596,0.9432465423401805,False
reassociate,globalopt,-0.0002762772530554014,-0.2948825379235461,0.7680841234845454,59921,59746,0.8904136848920899,False
reassociate,strip-dead-prototypes,0.000644290495680766,0.6865103501646483,0.4923926760123421,59473,59657,0.7112540462059505,False
reassociate,indvars,0.00037942344400926364,0.40447688401011656,0.6858627991139429,59689,59464,0.8488744378414034,False
reassociate,mergeicmps,-0.0009482188710425166,-1.0115196856319906,0.3117698148839706,60161,59226,0.5433424989255135,False
reassociate,separate-const-offset-from-gep,-0.0005155953064137075,-0.5452146103030784,0.5856069489725012,59225,59433,0.7800125211484064,False
reassociate,libcalls-shrinkwrap,0.0009950439844546022,1.0637264499056478,0.2874547937579486,59619,59574,0.5168489725549842,False
reassociate,flattencfg,-0.00045366049388695373,-0.48549950162429284,0.6273229575003617,59490,59848,0.8099560506335036,False
reassociate,loop-reduce,-0.0021691870550192838,-2.3329744081095254,0.019651141364647916,59574,59764,0.06156309566716899,False
reassociate,loop-unroll,-0.008710686822688885,-8.734056560422202,2.4883480090614924e-18,59510,59329,4.640176573088002e-17,True
reassociate,loop-rotate,-0.0011772092709733672,-1.2095471741712949,0.22645509678248416,59837,59429,0.436416416830811,False
reassociate,partial-inliner,0.00028655072331917886,0.3048024400729926,0.7605171544273445,59590,59778,0.8875402676780506,False
reassociate,lower-expect,-0.0006862222928750716,-0.7312525848037174,0.4646263239308675,59529,59662,0.6899797817646103,False
reassociate,alignment-from-assumptions,-0.0004653972722821753,-0.4937634346258958,0.6214741713326606,59227,59725,0.8050588339195167,False
reassociate,rpo-function-attrs,0.0003052731251401153,0.32608239722793475,0.7443625885669384,59435,59487,0.8812453905573051,False
reassociate,attributor,0.001772871222586736,2.0880553638773054,0.03679495795937971,59434,59771,0.10594783483009629,False
reassociate,inferattrs,0.0011824326582468014,1.263620206794881,0.2063688467410126,59397,59895,0.41154949892167336,False
reassociate,called-value-propagation,0.00021291282371260767,0.2278609719511577,0.8197547140866931,59927,59698,0.9150967674924431,False
reassociate,licm,-0.0014196419521592119,-1.4891260981700232,0.13645680399868587,59585,59993,0.3071062324476172,False
reassociate,loop-simplify,-0.0006607529717360117,-0.7048635746559558,0.4808965102255348,59824,60007,0.7024210123249512,False
reassociate,div-rem-pairs,-0.0004449646351510905,-0.4732739053675125,0.6360186423997907,59378,60043,0.8155831195359937,False
reassociate,float2int,-0.0006869600271325327,-0.7343567086200853,0.46273280705776165,59520,59838,0.6882118011538908,False
reassociate,inline,-0.0007300259729198788,-0.7780492206689611,0.4365415465016365,59415,59373,0.6652424064946051,False
reassociate,sink,-0.001051941672429002,-1.1166764218727712,0.26413495487193983,59598,59537,0.4877135261545052,False
reassociate,loop-vectorize,-0.003721506988161094,-3.937472202314169,8.239130750155378e-05,59493,59536,0.00038547713282686334,True
reassociate,slp-vectorizer,0.0022362677146889887,2.387182133065554,0.016979629102042648,59643,59382,0.05445718883177643,False
reassociate,callsite-splitting,-0.0010097450772215688,-1.0785314292548958,0.2807988418783229,59901,59536,0.5083718283844255,False
reassociate,dfa-jump-threading,-0.0012950509669173993,-1.3780885589771412,0.16817854373831634,59367,59401,0.3581224455025812,False
reassociate,consthoist,0.0007938007820735837,0.8449310495762078,0.3981510324224107,59748,59530,0.6266718018352734,False
reassociate,mldst-motion,9.180338481579176e-05,0.09837827109014077,0.9216320931527197,59647,59845,0.9686038767896754,False
reassociate,slsr,0.00040178599015439076,0.42478473219539126,0.6709943776144333,59405,59448,0.8398011504118328,False
reassociate,loop-interchange,-0.0004289362126579932,-0.45359194909127865,0.6501233776276699,59319,59502,0.8244440242195451,False
reassociate,loop-fusion,-1.9080004653060367e-05,-0.02036666479425372,0.9837509100282413,59611,59715,0.9933905527773577,False
reassociate,loop-distribute,0.00010131283957653947,0.10811625170963683,0.9139036580275046,59785,59854,0.9658626280512042,False
reassociate,loop-load-elim,9.54341847363982e-05,0.10176381627628055,0.9189443184652076,59551,59397,0.9676219282360187,False
reassociate,loop-sink,-0.000670199431739793,-0.7156416794067062,0.4742140275653663,60082,59547,0.697866265293489,False
reassociate,loop-unroll-and-jam,-0.001739409388873181,-1.8522185695841813,0.06399691489280004,59465,59693,0.1681959186041644,False
reassociate,hotcoldsplit,-6.85169727638324e-05,-0.07259956294344404,0.9421248960849485,59857,59588,0.9760362103250352,False
reassociate,irce,-7.529601113531736e-05,-0.08023927537957311,0.9360470884162639,59408,59707,0.9738470771089505,False
reassociate,nary-reassociate,-0.0011952368978925265,-1.269783797474935,0.20416412954333021,59626,59722,0.4091641408862237,False
reassociate,scalarizer,-0.0009570069047949437,-1.0170079263854648,0.30915172202326824,59769,59506,0.5409464447913844,False
reassociate,vector-combine,-0.0005442592975515304,-0.5793552853258913,0.5623505627256599,59666,59635,0.7649061492301786,False
reassociate,always-inline,-0.0004042020322091999,-0.43018605247481545,0.6670610849857621,59730,59425,0.8375156168016173,False
reassociate,globalsplit,0.001489269762493195,1.5791385228229107,0.11430693482361329,59584,59890,0.26852186968762426,False
reassociate,lowerswitch,3.3928737498301054e-05,0.03565592831585663,0.9715567720105244,59671,59535,0.9886640036901734,False
reassociate,early-cse-memssa,-0.005266206605291368,-7.35416377447334,1.9335080634555642e-13,59672,59610,2.4268005052858937e-12,True
reassociate,simple-loop-unswitch,-0.0018867650125168334,-2.0117118400894083,0.04425256465329082,59591,59779,0.1233402442578554,False
reassociate,loop-versioning,-0.0019571972281440253,-2.078674179735758,0.03764943847542902,59960,59402,0.10793206520481702,False
reassociate,loop-flatten,-0.0010154606796216603,-1.0757837271354787,0.2820261700231468,59685,59465,0.5101221624991422,False
reassociate,loop-reroll,-0.0005888680212235986,-0.6276873311750303,0.5302099938956104,59532,59191,0.7393645750449118,False
reassociate,loop-instsimplify,0.0003381483072600888,0.3613486005628664,0.7178395070981037,59729,59473,0.8682924943992868,False
reassociate,loop-simplifycfg,0.0011772918812456012,1.2542224616212343,0.20976362255018896,59515,59465,0.4148658312659293,False
reassociate,loop-predication,0.00019208663259406844,0.20511047946319128,0.8374861593171296,59517,59682,0.9268852937813001,False
reassociate,speculative-execution,-4.214797623458555e-05,-0.04520063770908877,0.9639474613269526,59840,59906,0.9868948852636032,False
reassociate,partially-inline-libcalls,0.0008040732057348343,0.8538867544856213,0.39316945471676634,59830,59410,0.6219120380809108,False
reassociate,load-store-vectorizer,-0.0010259479823657158,-1.0922098605469164,0.2747430788858713,59297,59799,0.5015822363249752,False
reassociate,iroutliner,0.0017450278594479673,1.8802177232077666,0.06008085298065298,59522,59437,0.1594015042494831,False
reassociate,global-merge,-0.000655188585422517,-0.6969165099036089,0.48585640028862387,59757,59779,0.7065274956315627,False
reassociate,break-crit-edges,-0.007775327900506501,-8.164691048233435,3.253677711079265e-16,59468,59655,5.22188603138787e-15,True
reassociate,unreachableblockelim,-0.0008757138318630231,-0.9293971439065634,0.35268518600107923,59705,59728,0.5852183001611129,False
memcpyopt,sccp,0.0008857403541875364,0.9377186764683095,0.34839090166962355,59660,59651,0.5807998173428036,False
memcpyopt,dce,0.0017939646764378314,1.894107010326818,0.058213237572075874,59319,59317,0.15571245787721935,False
memcpyopt,adce,0.0023290522460746033,2.4911066317235973,0.012735942506980992,59515,59367,0.042087722242478955,True
memcpyopt,dse,0.007502705153936973,8.07121776157542,7.023978577704817e-16,59988,59556,1.0958525940355402e-14,True
memcpyopt,jump-threading,0.0052436638352412746,5.623331295175419,1.877276355406193e-08,59556,59598,1.4002693729086955e-07,True
memcpyopt,loop-idiom,0.001512301165107477,1.605697957167425,0.1083429353981837,59878,59506,0.25760226777127343,False
memcpyopt,loop-deletion,-0.00046617190823916577,-0.49519140482447505,0.6204659315809666,59378,59636,0.8047558320487206,False
memcpyopt,gvn,-0.0024091341257888033,-3.2135025598136364,0.001311616149958708,59653,59895,0.005251829083065747,True
memcpyopt,gvn-hoist,0.00014710898370101644,0.15791450691438563,0.8745244349460022,59430,59407,0.94403856187632,False
memcpyopt,gvn-sink,-0.0012875197030622898,-1.3726420914228707,0.16986622765375886,59600,59389,0.3601495113655223,False
memcpyopt,newgvn,-0.003034304177445657,-4.272838415788458,1.9314966990599185e-05,59666,59630,9.797592064143317e-05,True
memcpyopt,early-cse,0.004155156727750187,4.900680168311498,9.563067616025436e-07,59538,59501,5.665502690522785e-06,True
memcpyopt,mergereturn,-0.0010238763219218572,-1.0865938840064155,0.2772185335685763,59214,59632,0.5037912173758755,False
memcpyopt,globalopt,0.0003342536761463122,0.35406389060053106,0.723291628946532,59482,59718,0.870571061013934,False
memcpyopt,strip-dead-prototypes,0.00014769892370075643,0.15700293901422752,0.8752427978036894,59665,59509,0.94403856187632,False
memcpyopt,indvars,0.00035226535581700524,0.37418728727053757,0.7082656497809802,59400,59309,0.8616241952601176,False
memcpyopt,mergeicmps,-8.760243792305111e-05,-0.0929014613418146,0.9259820011374731,59471,59568,0.9687805280401668,False
memcpyopt,separate-const-offset-from-gep,0.00024766266568804207,0.2633226632855969,0.7923023472461243,59936,59546,0.9001324018158201,False
memcpyopt,libcalls-shrinkwrap,0.0010383179137049559,1.1021914525075533,0.27038068024016737,59464,59330,0.4966279286212455,False
memcpyopt,flattencfg,-0.00047571796372608555,-0.5074050099369913,0.61187161286737,59604,59228,0.7982144938805201,False
memcpyopt,loop-reduce,-0.002615939946724377,-2.8017102664409603,0.005084068577506135,59561,59804,0.0184686572815529,True
memcpyopt,loop-unroll,-0.009269119243029866,-9.215051945027277,3.160119040650308e-20,59629,59621,7.112084001831383e-19,True
memcpyopt,loop-rotate,-0.0006241059048741615,-0.6400948208341688,0.5221121872681707,59792,59368,0.733093314543209,False
memcpyopt,partial-inliner,-0.00015659978248361295,-0.16598046407293973,0.8681726070040441,59500,59227,0.9431973119399291,False
memcpyopt,lower-expect,0.0011159950376712913,1.1925016586124746,0.23306698738913095,59331,59236,0.44456420974955524,False
memcpyopt,alignment-from-assumptions,7.130399205956817e-05,0.07509738186286864,0.9401373575576064,59099,59524,0.9751804567501566,False
memcpyopt,rpo-function-attrs,0.0004086463816684871,0.43444283807543643,0.6639676807396767,59611,59791,0.8344343510194397,False
memcpyopt,attributor,0.0019114725390816378,2.2656433521709265,0.023475015857494688,59509,59590,0.07170683470978877,False
memcpyopt,inferattrs,0.0004580928797952577,0.4893459382692893,0.6245977066685311,59601,59214,0.8080358834866098,False
memcpyopt,called-value-propagation,0.0010987767712126728,1.175907401176586,0.23963422667499507,59976,59383,0.4539340883140242,False
memcpyopt,licm,-0.0027709602415235124,-2.889841760074537,0.003855053701728604,59425,59693,0.01429582414391024,True
memcpyopt,loop-simplify,5.163641677830011e-05,0.05517208746385775,0.9560014583493867,59642,59758,0.9838900685666749,False
memcpyopt,div-rem-pairs,-0.0011367567351685537,-1.215507497652525,0.2241749945978703,59292,60107,0.43473205520984237,False
memcpyopt,float2int,-0.00029963223490586666,-0.31843067456860746,0.7501588319311802,59671,59375,0.8834578355497674,False
memcpyopt,inline,0.0007983614872793532,0.8514300968506588,0.39453218938840634,59542,59660,0.6229207017279645,False
memcpyopt,sink,-0.0008749491860378655,-0.9253618852761195,0.354779576759117,59574,59282,0.587036170055384,False
memcpyopt,loop-vectorize,-0.0033021824721082282,-3.486181160652261,0.0004901455750353058,59540,59448,0.0020840500237114634,True
memcpyopt,slp-vectorizer,0.00038774497509763695,0.41486813078103774,0.6782391870719687,59427,59853,0.8440506435940438,False
memcpyopt,callsite-splitting,-0.0004538418634102981,-0.48613575257645136,0.6268718136639122,59649,59542,0.8096883769301242,False
memcpyopt,dfa-jump-threading,-0.0003791628039823136,-0.40154189682199415,0.6880219208357826,59537,59215,0.8502031688207399,False
memcpyopt,consthoist,-0.002326148398773542,-2.459140331304188,0.013928431761248276,59246,59595,0.045758170114973365,True
memcpyopt,mldst-motion,-0.0010868732537309134,-1.163188468931047,0.24475537132441344,59781,59484,0.46079905485884765,False
memcpyopt,slsr,-0.00025351298773235165,-0.2684448694624868,0.7883573705615226,59855,59250,0.8984887843768692,False
memcpyopt,loop-interchange,0.0010895388531657058,1.1600862300218169,0.24601602646494794,59403,59648,0.4622834739139809,False
memcpyopt,loop-fusion,-0.00021108291379628996,-0.22357463600305305,0.8230886849669912,59537,59603,0.9165148076509032,False
memcpyopt,loop-distribute,-0.0008802048129224471,-0.933612925766135,0.35050548753704197,59721,59413,0.5828363011443976,False
memcpyopt,loop-load-elim,0.0022170019278471287,2.3499149960108374,0.018779325965911996,59484,59320,0.05940213286147931,False
memcpyopt,loop-sink,-0.002761597084574574,-2.9244497426446863,0.00345130893439912,59578,59378,0.01294571435546643,True
memcpyopt,loop-unroll-and-jam,-0.0008487252314499649,-0.9010905836048482,0.3675419853296219,59444,59391,0.5997060060628331,False
memcpyopt,hotcoldsplit,-0.0007045564023139828,-0.7462134004759268,0.45553998685877506,59769,59378,0.6811357726380156,False
memcpyopt,irce,-0.0010918784239176138,-1.159586842190305,0.24621938749326056,59492,59498,0.4623471681726888,False
memcpyopt,nary-reassociate,0.00014552343891321984,0.15513957854890836,0.876711543138456,59620,59709,0.9444848426217864,False
memcpyopt,scalarizer,-0.000860586275670483,-0.9117010744083657,0.3619279489850819,59703,59081,0.5947586438210578,False
memcpyopt,vector-combine,-0.0006081969685727828,-0.6452069497320904,0.518794324048837,59821,59471,0.7310147776755241,False
memcpyopt,always-inline,-0.0011315433481075,-1.2046838149386676,0.22832778784234575,59244,59515,0.4389453201721286,False
memcpyopt,globalsplit,0.0014155700196982757,1.5082852202448944,0.1314841945482867,59717,59487,0.2993558754948202,False
memcpyopt,lowerswitch,-0.0006379048996248415,-0.673380467590023,0.5007065798533596,59532,59449,0.7171788466370725,False
memcpyopt,early-cse-memssa,-0.004691191915391857,-6.598270403128222,4.17713654088763e-11,59570,59738,4.205055705428267e-10,True
memcpyopt,simple-loop-unswitch,-0.0008030225621266096,-0.8529799835676959,0.3936721146921565,59449,60030,0.6223738397797678,False
memcpyopt,loop-versioning,-0.0014587461296287074,-1.5360247422074913,0.12453497697161818,59350,59378,0.2868699822475628,False
memcpyopt,loop-flatten,-3.357445466711795e-05,-0.03552669132140514,0.9716598230243225,59433,59132,0.9886640036901734,False
memcpyopt,loop-reroll,4.508615639792213e-05,0.04790336503320702,0.9617933382883324,59046,59462,0.9862222342857055,False
memcpyopt,loop-instsimplify,-0.0012075882589971942,-1.2889617178238024,0.1974139086918752,59432,59232,0.4007635388477881,False
memcpyopt,loop-simplifycfg,-2.7807773350818632e-05,-0.029601598834068626,0.9763848398863746,59618,59277,0.9901306711436102,False
memcpyopt,loop-predication,-0.0007352102767910762,-0.7810301780102767,0.43478630135413365,59504,59349,0.6637907041336403,False
memcpyopt,speculative-execution,-0.000646846779391197,-0.6878808412114387,0.49152915280959086,60023,59905,0.7102686946134161,False
memcpyopt,partially-inline-libcalls,0.00020430894506551223,0.21735763760754565,0.8279300137678957,59838,59539,0.9197656550113701,False
memcpyopt,load-store-vectorizer,0.0005142888700759296,0.5488990045164001,0.5830757897246367,59590,59588,0.7790948009519083,False
memcpyopt,iroutliner,0.0022877615810499297,2.4547514625421982,0.014099625784783925,59695,59088,0.04628175571937456,True
memcpyopt,global-merge,-0.001278206609702126,-1.3525170901915342,0.17621252797827322,59449,59435,0.3686155232707895,False
memcpyopt,break-crit-edges,-0.007741451946526257,-8.108437496670492,5.17562031381941e-16,59750,59360,8.172471431014844e-15,True
memcpyopt,unreachableblockelim,-0.0009239774066776563,-0.9779610270273236,0.32809558807330674,59891,59109,0.5608610791301268,False
sccp,dce,4.2941298313614595e-05,0.04516303626348914,0.9639774330598286,59243,59296,0.9868948852636032,False
sccp,adce,0.0005588029530831928,0.5945103443706697,0.5521719534190523,59552,59731,0.7565799053845378,False
sccp,dse,0.007327344417850934,7.815534470219331,5.517583099036878e-15,59182,59577,8.002539042899413e-14,True
sccp,jump-threading,0.005645550500715801,6.000116810846565,1.977439398031888e-09,59344,59448,1.6724951798472727e-08,True
sccp,loop-idiom,9.06806666096105e-05,0.09591221015339459,0.92359045741969,59977,59833,0.9686038767896754,False
sccp,loop-deletion,-0.0009654766165524409,-1.0173506380084925,0.3089887191585412,59875,59389,0.5409029165064136,False
sccp,gvn,-0.0030033635692151006,-3.9623967508138622,7.424450951120699e-05,59629,59314,0.00035029096294685134,True
sccp,gvn-hoist,-0.0017174270573745432,-1.8394994338279589,0.0658442516505379,59458,59509,0.17201206768746258,False
sccp,gvn-sink,-0.001286769142911648,-1.3692660522609044,0.17091870132509732,59723,59665,0.3612075738743017,False
sccp,newgvn,-0.004232688428018994,-5.884422518919203,4.0051434475084405e-09,59115,59530,3.288080029442988e-08,True
sccp,early-cse,0.0035015594949096562,4.086050751222267,4.390657121549345e-05,59742,58994,0.0002135889940345283,True
sccp,mergereturn,-0.0011820646359743114,-1.2493530268985988,0.21153843610703882,59579,59532,0.4175325180419173,False
sccp,globalopt,-0.0022891203871097665,-2.419924045976267,0.015525240277452472,59114,59675,0.05016241000536623,False
sccp,strip-dead-prototypes,-0.0015522997769508717,-1.6427623529133693,0.10043475464507029,59535,59452,0.2414379982750738,False
sccp,indvars,0.00013524133612907718,0.14327974815610806,0.8860694921893569,59669,59280,0.9496957237773004,False
sccp,mergeicmps,-0.0004874482823655768,-0.5174979487087134,0.6048095590640948,59717,59708,0.7923834838725311,False
sccp,separate-const-offset-from-gep,-0.0015412641896985768,-1.6211892942095798,0.10497970372948927,59421,59301,0.25051829360431443,False
sccp,libcalls-shrinkwrap,-0.0018058908061665546,-1.915239963884234,0.05546430479315936,59594,59287,0.14968864064094559,False
sccp,flattencfg,0.000305052068710121,0.32323931899016456,0.7465145749343286,59565,59159,0.8815276679868942,False
sccp,loop-reduce,-0.002811141468339551,-3.007605003499372,0.002633699919912794,59613,59700,0.010072054638751639,True
sccp,loop-unroll,-0.009724921646118823,-9.637293168094489,5.668830051136593e-22,59323,59321,1.47994256535006e-20,True
sccp,loop-rotate,-4.3893915467885236e-05,-0.04486694484672938,0.9642134399945215,59292,59411,0.9868948852636032,False
sccp,partial-inliner,-0.0005296828069182857,-0.5588528177453284,0.5762632224054651,59836,59336,0.77521359633796,False
sccp,lower-expect,-0.0005819156298938477,-0.6183056836229881,0.5363750385766237,59562,59526,0.7440469893964076,False
sccp,alignment-from-assumptions,0.0007387193302090256,0.7820353598144615,0.43419534875966553,59561,59487,0.6632662148703898,False
sccp,rpo-function-attrs,-0.0014170986134914298,-1.505399136742946,0.13222414154790318,59916,59244,0.3001679642328051,False
sccp,attributor,0.00072689775951984,0.8583249415330912,0.39071479219590016,59327,59496,0.6202151337393715,False
sccp,inferattrs,-0.0006231244723060025,-0.6573840980803363,0.5109352453662763,59447,59558,0.7249356597298326,False
sccp,called-value-propagation,-0.000630308226306775,-0.667355522570118,0.5045463606558388,59696,59521,0.7201031310280638,False
sccp,licm,-0.0025376884094929775,-2.636869119357807,0.008368596153200354,59689,59490,0.029026946444581564,True
sccp,loop-simplify,0.00010792528921621525,0.1136706502202711,0.9094990707881594,59496,59751,0.9645524753445788,False
sccp,div-rem-pairs,-0.0006705156242508004,-0.7059165426372875,0.48024142040666834,59616,59463,0.7022558140489472,False
sccp,float2int,-0.0006664397063507188,-0.7057149337232808,0.48036681113518226,59600,59610,0.7022558140489472,False
sccp,inline,0.00034097754793166457,0.359080547206351,0.719535473552319,59237,59229,0.8691082793769775,False
sccp,sink,-0.0006576168571001406,-0.6952174374664375,0.48692040279429405,59642,59440,0.7073580348839066,False
sccp,loop-vectorize,-0.002260133093656802,-2.3789735418753937,0.01736248744019881,59715,59462,0.055412796100911606,False
sccp,slp-vectorizer,0.0006385991629596632,0.6774724745430944,0.4981075439969797,59587,59563,0.7150253454150193,False
sccp,callsite-splitting,-0.0016218023290884842,-1.71560513358025,0.08623694358674522,59654,59246,0.21455137934288074,False
sccp,dfa-jump-threading,-0.0003667879895936643,-0.387542891219845,0.6983550342294887,59209,59302,0.8551917463227626,False
sccp,consthoist,-0.00046942052396581335,-0.49625947963744593,0.6197122666486159,59431,59687,0.8043729652621743,False
sccp,mldst-motion,-0.0029987162197431805,-3.178368755003464,0.001481440052531395,59986,59406,0.00587178061306978,True
sccp,slsr,2.559427840076456e-05,0.02688500676067478,0.9785514972332133,59292,59500,0.9909510377981027,False
sccp,loop-interchange,-0.0005179634742343286,-0.5443048065960823,0.5862327641294421,59344,59150,0.7803152631988088,False
sccp,loop-fusion,-0.0015100360966718296,-1.5987928820073438,0.10986928291226686,59710,59437,0.26028318928278105,False
sccp,loop-distribute,0.00025722269142997023,0.2707584044701772,0.7865773226159625,59715,59455,0.8984440045206984,False
sccp,loop-load-elim,-0.00025266689760899963,-0.2663142057074921,0.7899976968615829,59474,59020,0.8995728353910901,False
sccp,loop-sink,-0.0025086373492030356,-2.6552197953858365,0.00792672896853271,59494,59627,0.02769051796679223,True
sccp,loop-unroll-and-jam,-0.0012812352115837422,-1.3530536273502662,0.17604107571684177,59385,59339,0.3686155232707895,False
sccp,hotcoldsplit,-0.00021236808710833888,-0.22511792544114761,0.8218879222510506,59905,59309,0.915948138474164,False
sccp,irce,-0.0013869461083876322,-1.4774235979271477,0.1395647679825762,59562,59574,0.3121277164019237,False
sccp,nary-reassociate,-0.0014793866395583777,-1.5625993850517734,0.1181495176831332,59240,59545,0.2745836862000888,False
sccp,scalarizer,-0.0009745612093030598,-1.0287374855196691,0.30360513528447647,59328,60011,0.5348257803751731,False
sccp,vector-combine,-0.0006992598657255544,-0.737524045538994,0.4608051847117292,59207,59436,0.6861266552589854,False
sccp,always-inline,-0.0014641005861124046,-1.5626949446811456,0.1181270259015856,59848,59051,0.2745836862000888,False
sccp,globalsplit,0.0007112211738451446,0.7511293368962683,0.45257630157065776,59732,59705,0.678258246058437,False
sccp,lowerswitch,-0.0019190892834759499,-2.01314427746252,0.0441016984058141,59595,59535,0.1230949757356864,False
sccp,early-cse-memssa,-0.0040791406311310174,-5.709057429341803,1.1387208156551837e-08,59881,59444,8.726478892574754e-08,True
sccp,simple-loop-unswitch,-0.0017661672632140468,-1.8688075228345786,0.06165205089447955,59489,59598,0.16301784692962992,False
sccp,loop-versioning,-0.0019366712169880396,-2.035763523763648,0.04177631896825459,59550,59357,0.11752590882161276,False
sccp,loop-flatten,0.0009473129300685001,0.9982873168050617,0.3181420861453932,59507,59488,0.5512618143216942,False
sccp,loop-reroll,-0.0012055756098426906,-1.2730568554562647,0.20300035762741597,59551,59292,0.40782375465308235,False
sccp,loop-instsimplify,-0.0007881765474209712,-0.8353002825726834,0.4035503328935172,59534,59643,0.6326273433190607,False
sccp,loop-simplifycfg,-0.0015039012602099389,-1.5864451317069233,0.11264101818625263,59762,59616,0.2649262625930122,False
sccp,loop-predication,-0.001947314541782097,-2.0437366390887317,0.04098176824653892,59402,59624,0.1157897579029195,False
sccp,speculative-execution,-0.0015393882252704993,-1.633781944298072,0.10230727741125593,59856,59726,0.24488710167633143,False
sccp,partially-inline-libcalls,-0.002923499809084351,-3.072648515410658,0.0021221611819292243,59534,59537,0.008236256876545929,True
sccp,load-store-vectorizer,-0.0009118438286420116,-0.96799525261616,0.33304870481355936,59514,59678,0.5662898185473036,False
sccp,iroutliner,0.0011537434750045206,1.2341830538080907,0.2171371364546786,59375,59720,0.42515451317826075,False
sccp,global-merge,-0.0011049507825621752,-1.167606075529777,0.24296803333355924,59574,59659,0.45842127144713046,False
sccp,break-crit-edges,-0.006418604427778585,-6.658624025926223,2.7759937806029364e-11,59311,59531,2.8235822454132726e-10,True
sccp,unreachableblockelim,-0.0006238327056384274,-0.6637143313711777,0.5068744487900695,59559,59650,0.7215268416800844,False
dce,adce,-0.0010559931155726399,-1.1191412070712288,0.26308216879812674,59240,59384,0.48669726139480535,False
dce,dse,0.008686545832905401,9.248470323315788,2.3133636075641956e-20,59514,59493,5.392340409060351e-19,True
dce,jump-threading,0.0046453907613945855,4.93208476345317,8.146641252863741e-07,59435,59129,4.84836582769216e-06,True
dce,loop-idiom,-0.00011158274441885885,-0.11813150189874572,0.9059636635419698,59451,59055,0.9622331723434645,False
dce,loop-deletion,-0.0010784257998285862,-1.1435570832619193,0.25280967024828616,59369,59571,0.4712054586826695,False
dce,gvn,-0.004027174730523719,-5.354626535788892,8.589338708944777e-08,59123,59076,5.849713110300478e-07,True
dce,gvn-hoist,-0.000492485383393082,-0.5255218815112574,0.5992214308680162,59016,59327,0.7900845532926436,False
dce,gvn-sink,-0.0026188833326206695,-2.778021712989916,0.0054699541145893146,58976,59832,0.01977870758331649,True
dce,newgvn,-0.0039107373720480565,-5.50553684519893,3.68803996852482e-08,59519,59319,2.61637038346797e-07,True
dce,early-cse,0.0033894312255162706,3.994470042514784,6.487807464088716e-05,59292,59679,0.0003090785161724016,True
dce,mergereturn,-0.0002586516510106329,-0.2754151953045187,0.7829977519588794,59151,59216,0.8971996857633193,False
dce,globalopt,-0.0026715153518994117,-2.830527034683432,0.004647919453567373,59125,59496,0.017010516430065264,True
dce,strip-dead-prototypes,-0.00015544472949269306,-0.16379993164011367,0.8698889252410313,59103,59242,0.9432465423401805,False
dce,indvars,0.0003606980030115281,0.3834421046346515,0.7013926742961446,59583,59458,0.8568534448573749,False
dce,mergeicmps,-0.0012525375163841557,-1.3346750619088923,0.18198528145955659,59080,59510,0.37886994268773183,False
dce,separate-const-offset-from-gep,0.0008623003773254312,0.9173532010945157,0.35895945457119993,59096,59416,0.591120783894373,False
dce,libcalls-shrinkwrap,-0.0003325895481415819,-0.3528787397691394,0.7241799799636492,58867,59205,0.8706392732394961,False
dce,flattencfg,-0.0006171658931029556,-0.6521965158569307,0.5142756729000904,59243,59209,0.7277122897123389,False
dce,loop-reduce,-0.0011035668011947775,-1.1823834832567754,0.23705594373837463,59268,59383,0.4499811321761876,False
dce,loop-unroll,-0.006577575982483375,-6.542517922561946,6.073783087193141e-11,59371,59382,5.991167397845929e-10,True
dce,loop-rotate,-0.0013859375460450463,-1.418719738942585,0.1559833720203907,59557,58895,0.34010628331394765,False
dce,partial-inliner,-0.0013722063465195777,-1.456291363816778,0.14531474509293096,58996,59354,0.32240937211553405,False
dce,lower-expect,-0.001031304943004685,-1.0932828216448396,0.27427186569965756,59105,59395,0.5012087482911075,False
dce,alignment-from-assumptions,-0.00030198719512486427,-0.3178777963229591,0.7505781968524198,59002,59279,0.8834578355497674,False
dce,rpo-function-attrs,-0.0006701023843491138,-0.7087907372901855,0.47845574223033466,59237,59163,0.7008615648207392,False
dce,attributor,0.0017592204415873836,2.0544936306658523,0.039930130524773566,59438,58918,0.11306318954086282,False
dce,inferattrs,-0.0007321886805145006,-0.7738421718159705,0.4390256750866963,59093,59345,0.6661079208211944,False
dce,called-value-propagation,-0.0005400663413983042,-0.5732248652481269,0.5664935370551138,59324,59310,0.7678742440663987,False
dce,licm,-0.002650403995260009,-2.739461749583197,0.006154909777333582,59124,59115,0.02197140080951532,True
dce,loop-simplify,-0.0009596455880491184,-1.0138010563904143,0.31067976165178907,58903,59567,0.5421666428825339,False
dce,div-rem-pairs,-0.00034906484769875457,-0.3684798706235376,0.7125161099879159,59429,59113,0.8647186286557712,False
dce,float2int,0.0010272791202567966,1.0836402132146365,0.2785265527659854,59700,59110,0.5054263116921218,False
dce,inline,-0.0007318391772573873,-0.7731560682996682,0.43943156880445056,59022,59145,0.6662075197205685,False
dce,sink,-0.000945392613567797,-0.996780949380552,0.3188728864043919,59315,58967,0.5517866049560942,False
dce,loop-vectorize,-0.003704057819134743,-3.9216462150210516,8.799571279263167e-05,58965,59135,0.00040925322006644374,True
dce,slp-vectorizer,7.966196042652474e-06,0.008482097167370363,0.9932323610488496,59279,59292,0.9985874007361477,False
dce,callsite-splitting,-0.00021706779441554858,-0.2303552822215773,0.8178161040736189,59309,59185,0.9144094226022127,False
dce,dfa-jump-threading,-0.001016026952383342,-1.0710513588018251,0.28414852669330565,59239,58838,0.5135714088612058,False
dce,consthoist,0.001067085386545985,1.1220237748894477,0.26185460901477836,59031,59257,0.48483340373610967,False
dce,mldst-motion,-0.0011362574729620878,-1.2085771968765529,0.22682772074127477,59620,59496,0.43691950537276536,False
dce,slsr,-0.0005200394870029101,-0.5482932442070928,0.5834915987298053,59040,59425,0.7790948009519083,False
dce,loop-interchange,-0.0006962953069103994,-0.7382597793124349,0.4603580668363541,59257,59066,0.68572163930436,False
dce,loop-fusion,-0.00137187263128008,-1.454594186060543,0.1457842907425512,59126,59361,0.3231676713834671,False
dce,loop-distribute,-0.0005350270940643886,-0.5633077604478859,0.5732263959719276,59518,59484,0.7729871097197205,False
dce,loop-load-elim,-0.00037409747430017237,-0.3968418301585215,0.6914848177217847,59161,59185,0.8514265300236087,False
dce,loop-sink,-0.0004493198170614776,-0.4747289123280374,0.6349810809731123,59308,59378,0.8150068545036735,False
dce,loop-unroll-and-jam,-0.0004529153293196808,-0.4800731868444808,0.6311762390300701,59397,59184,0.8127725614678283,False
dce,hotcoldsplit,-0.0005718266861783339,-0.6091586846547088,0.542420429549812,59221,59361,0.7501014600052605,False
dce,irce,-0.0005941714507521345,-0.6332548575066301,0.5265684436417172,59875,59207,0.737159239011007,False
dce,nary-reassociate,-0.0016896969475943546,-1.7864507105944427,0.074028872210296,58989,59290,0.1894752049513197,False
dce,scalarizer,-0.002049139054296545,-2.1579789727182246,0.03093146455515595,59439,59340,0.0910733948857073,False
dce,vector-combine,0.0008164315696610469,0.8658465598347095,0.3865760641124473,59491,59101,0.6156290634665895,False
dce,always-inline,-0.000288987488504977,-0.30810250970966924,0.7580048734880026,59589,58909,0.8873878212485444,False
dce,globalsplit,-0.0012148380539575565,-1.2858924746626217,0.19848309954857815,59170,59497,0.40259636644713126,False
dce,lowerswitch,-0.0017047189900798454,-1.7925775388472387,0.07304305834359036,59146,59026,0.1874420815684796,False
dce,early-cse-memssa,-0.004034088686079573,-5.712319562490099,1.1171085101192087e-08,59862,59423,8.577641030640826e-08,True
dce,simple-loop-unswitch,-0.0010464933427386525,-1.106961264594053,0.26831291623450815,59543,59327,0.49398842499968687,False
dce,loop-versioning,-0.0025709912797945433,-2.7018408273914596,0.006896659711982621,59246,59028,0.02441891449559127,True
dce,loop-flatten,6.67785801047871e-05,0.0705044540013701,0.9437922750984666,58774,59203,0.977231768716445,False
dce,loop-reroll,3.2217315149574155e-06,0.003413907258156855,0.9972761071657137,59295,58843,0.9989811837265551,False
dce,loop-instsimplify,-0.0005833881420831966,-0.6205008654317843,0.5349292752627673,59296,59459,0.7425675441081167,False
dce,loop-simplifycfg,-0.002648875463555578,-2.7989179913653786,0.0051282457913889535,59198,59068,0.018611872584874088,True
dce,loop-predication,-0.0017527129462104885,-1.8581897929268911,0.06314453368386894,59539,59554,0.16640241851011492,False
dce,speculative-execution,-0.0005101177337943907,-0.5382950431859282,0.5903743781072645,59966,59240,0.7827672465690557,False
dce,partially-inline-libcalls,-0.000489342971095541,-0.5215613700070101,0.6019767384914209,59410,59329,0.7906921916415511,False
dce,load-store-vectorizer,-0.001179380554202747,-1.256571081561214,0.2089114655350999,59350,59309,0.41401685173858865,False
dce,iroutliner,0.002754745731468222,2.9579531069403804,0.0030975053850718225,58809,59357,0.011708331165966465,True
dce,global-merge,-0.0014150510817192985,-1.4905384080421749,0.1360853902234091,59129,59232,0.3066227779717319,False
dce,break-crit-edges,-0.007208490552491786,-7.5521228012656065,4.312708558133435e-14,59299,59222,5.86408566446199e-13,True
dce,unreachableblockelim,-0.00020492281921236088,-0.2170370528411115,0.8281798405891277,59633,59558,0.9197822619815724,False
adce,dse,0.006955134245812289,7.4658544501896245,8.33215438897417e-14,59669,59435,1.0986099861017795e-12,True
adce,jump-threading,0.0026532732272505632,2.8316871074140453,0.004631089386950539,59474,59703,0.01698066108548531,True
adce,loop-idiom,-0.0009582601362850274,-1.0158587500793828,0.3096987185565652,59644,59443,0.5411781266700175,False
adce,loop-deletion,-0.0022948428490324746,-2.43069486789344,0.015071366901451068,59564,59449,0.048938202973534316,True
adce,gvn,-0.002909477714785391,-3.891356648123569,9.973961009211347e-05,59310,59788,0.00046113378172457653,True
adce,gvn-hoist,-2.757715845752573e-05,-0.029724488558255577,0.9762868313218038,59462,59608,0.9901306711436102,False
adce,gvn-sink,-0.001833927849906769,-1.9525360909065999,0.05087693260310982,59526,59426,0.139291317050789,False
adce,newgvn,-0.004703008670867315,-6.607686271774663,3.9200875986113505e-11,59588,59552,3.9666829550806327e-10,True
adce,early-cse,0.0011757236662084947,1.394945365113531,0.16303492172338774,59507,59390,0.3506011825748415,False
adce,mergereturn,-0.001171580594238275,-1.252053193720577,0.21055293951649331,59903,59271,0.416006716017451,False
adce,globalopt,-0.000679604394960065,-0.7218033913049161,0.470416782520875,59659,59331,0.6948895210681805,False
adce,strip-dead-prototypes,-0.0003911522785505772,-0.41620804321148064,0.6772585293231951,59087,59288,0.843557379398738,False
adce,indvars,-0.0007667088988794757,-0.8161533538523956,0.4144140671647915,59783,59167,0.6427110839672568,False
adce,mergeicmps,-0.00011959641863040771,-0.1274406501799363,0.898591859463235,59680,59429,0.9583022117805089,False
adce,separate-const-offset-from-gep,-0.0006639346959308456,-0.7085968952817273,0.4785760531998613,59401,59471,0.7008615648207392,False
adce,libcalls-shrinkwrap,-0.0017177034223648802,-1.82805887791067,0.06754322002178077,59540,59373,0.17586386276947708,False
adce,flattencfg,-4.534176228171427e-05,-0.047913807685656826,0.9617850156018444,59649,59226,0.9862222342857055,False
adce,loop-reduce,-0.0014989214121821082,-1.614521011738136,0.10641711045486481,59946,59228,0.2534850392586682,False
adce,loop-unroll,-0.009310515584354029,-9.243796661535459,2.4170754252989027e-20,59197,59312,5.535244073374563e-19,True
adce,loop-rotate,-0.00023419877091601649,-0.24082485256979094,0.8096912817281021,59876,59168,0.9109521591753968,False
adce,partial-inliner,-0.000693390020425233,-0.7398316635149654,0.45940360743394487,59337,59320,0.6856038592649878,False
adce,lower-expect,0.000488935641437982,0.5211845141902212,0.6022392144810195,59352,59186,0.7906921916415511,False
adce,alignment-from-assumptions,-0.0008489697898731996,-0.8999929535746243,0.3681258236531546,59695,59200,0.6001585035078074,False
adce,rpo-function-attrs,-0.0009374020074220946,-0.9972284838351448,0.31865564898414955,59479,59373,0.5516602658806055,False
adce,attributor,0.0003073753390570033,0.36344194685859466,0.7162754175006457,59500,59503,0.867058588850859,False
adce,inferattrs,-0.0002948862221937576,-0.3141702698559257,0.7533922739724263,59574,59085,0.8851737608388903,False
adce,called-value-propagation,0.000496666264774348,0.5324083449058935,0.5944441993590747,59409,59787,0.7856373556159758,False
adce,licm,-0.002504406897178124,-2.617121077280348,0.008868608503456832,59600,59491,0.03059865277492243,True
adce,loop-simplify,-0.0008796639027123243,-0.93614473467285,0.3492005657311171,59816,59637,0.5816543663985769,False
adce,div-rem-pairs,-7.638438844392859e-05,-0.08104008323388276,0.935410211767814,59786,59259,0.9737018578635724,False
adce,float2int,-0.00032670579456184345,-0.34876401182718336,0.7272670993621433,59546,59680,0.8714742843029845,False
adce,inline,-0.0005272336202885586,-0.5594127108681596,0.5758811434505806,59376,59396,0.7749658274063483,False
adce,sink,-0.002587593719513337,-2.7564603997122727,0.005843958984459532,59561,59360,0.020995360901966537,True
adce,loop-vectorize,-0.003436660718119433,-3.64607389633492,0.0002663907303828706,59762,59372,0.001176083540224714,True
adce,slp-vectorizer,-0.0006727250293631637,-0.7173904478339191,0.4731346220469856,59305,59530,0.6970636493363415,False
adce,callsite-splitting,-7.126465326440234e-05,-0.0755665920016009,0.9397640437654294,59131,59346,0.9751804567501566,False
adce,dfa-jump-threading,-0.0011372582194588143,-1.2133045179904316,0.22501583189686272,59333,59303,0.43492713790027665,False
adce,consthoist,-0.00023994777069208384,-0.25483796010946225,0.7988486957415599,59315,59596,0.9046023382469643,False
adce,mldst-motion,-0.0029193544757645795,-3.1189381639556224,0.0018154723724824707,59977,59341,0.00709519941181772,True
adce,slsr,-0.0013516314541005547,-1.4328065789224524,0.1519157499163139,59550,59349,0.3321619635244474,False
adce,loop-interchange,-0.001158941038199357,-1.224308321689493,0.22083838585545487,58629,59243,0.43070365452550063,False
adce,loop-fusion,0.0004348015890657253,0.4632626349277119,0.6431769744516049,59234,59480,0.8204172742516237,False
adce,loop-distribute,-0.0023321970353046284,-2.495063070782741,0.012594819337235216,59677,59259,0.04172699875178774,True
adce,loop-load-elim,-0.0006284009617393282,-0.6672917684312725,0.5045870764915749,59701,59369,0.7201031310280638,False
adce,loop-sink,-0.0014401835605139524,-1.5345823809654753,0.12488909643251316,59615,59634,0.28734765078127,False
adce,loop-unroll-and-jam,-0.0009487160073623491,-1.0033343381706246,0.3157016167910522,59567,59257,0.5479997922667378,False
adce,hotcoldsplit,-0.0009343196814791122,-0.9950642990368841,0.31970701198341106,60001,59270,0.5519092655291103,False
adce,irce,4.6222138956386605e-05,0.04928432395609497,0.9606927947473966,59676,59334,0.9862222342857055,False
adce,nary-reassociate,-0.0017461842250753312,-1.858290055445236,0.06313030229326105,59600,59427,0.16640241851011492,False
adce,scalarizer,-0.002617986952464013,-2.7794291754354283,0.00544630746558567,59542,59393,0.019729639255535135,True
adce,vector-combine,-0.00026153043755650085,-0.27741812005317046,0.7814595529110577,59365,59311,0.8968920308322691,False
adce,always-inline,0.0005857770862610079,0.6252198415922486,0.5318279810847113,59602,59327,0.7398360120524794,False
adce,globalsplit,-0.0006067542686557514,-0.6407381214045229,0.5216940796489465,59530,59206,0.733093314543209,False
adce,lowerswitch,-0.0027626210579315136,-2.8979943559455648,0.0037562587175601157,59649,59348,0.013955891022737582,True
adce,early-cse-memssa,-0.005278268432929001,-7.445397543424947,9.729801441485369e-14,59924,59663,1.2700634148285567e-12,True
adce,simple-loop-unswitch,-0.0014811022381213124,-1.5716026311472509,0.1160453936159788,59643,59415,0.27146580728803643,False
adce,loop-versioning,-0.0024930908429582344,-2.6398944957769066,0.00829427168788763,59312,59035,0.02884761409864924,True
adce,loop-flatten,0.00020835783688516463,0.2218825001504112,0.8244057352040212,59290,59536,0.9173197383182166,False
adce,loop-reroll,-0.002562490159190689,-2.7283080578934364,0.0063669478465531995,59485,59377,0.02268695884176736,True
adce,loop-instsimplify,-0.002050832772004796,-2.1905317890660108,0.028487628412776213,59548,59258,0.08515843730109286,False
adce,loop-simplifycfg,-0.001776074775726777,-1.8902317856003588,0.05872939789243731,59344,59519,0.15687880091867976,False
adce,loop-predication,-0.001107576223989326,-1.1803925866158225,0.23784647346718615,59519,59243,0.45082613267062005,False
adce,speculative-execution,-0.00020774452963462364,-0.22168810816357634,0.8245570681512059,59499,59613,0.9173197383182166,False
adce,partially-inline-libcalls,0.0007018596903642371,0.7442518876513952,0.4567255736604587,59455,59425,0.6823873889562595,False
adce,load-store-vectorizer,-0.0014407265603083586,-1.5378027422149352,0.12409950430704991,59715,59626,0.28620356823698906,False
adce,iroutliner,0.0010159083675423952,1.098160110291505,0.27213680466290463,59560,59366,0.49845076101961394,False
adce,global-merge,-0.0008664142606031877,-0.9244003111619088,0.35527980669848314,59528,59520,0.587036170055384,False
adce,break-crit-edges,-0.006672226427432981,-7.022204010557534,2.1956266999029562e-12,59405,59200,2.5288453402411696e-11,True
adce,unreachableblockelim,-0.0009609324381387174,-1.0174153687504806,0.30895793732191634,59543,59765,0.5409029165064136,False
dse,jump-threading,-0.0037369077574577747,-4.006809055185913,6.158182135154937e-05,59784,59728,0.0002940907468447163,True
dse,loop-idiom,-0.009137101089543631,-9.766925334477971,1.591718358711092e-22,59761,60078,4.358859505393452e-21,True
dse,loop-deletion,-0.006635118811275376,-7.075835817941953,1.4936645864921284e-12,59521,59425,1.7460270211054252e-11,True
dse,gvn,-0.02548974525868858,-35.76639275640836,1.1213286422849307e-278,59426,59730,2.1955614815938942e-275,True
dse,gvn-hoist,-0.006489116963621366,-7.044717591807709,1.86839190048048e-12,59613,59547,2.1582957764842355e-11,True
dse,gvn-sink,-0.008351610929537956,-8.951767610283754,3.5468705992985577e-19,59591,59798,7.348965749657752e-18,True
dse,newgvn,-0.021318873845522945,-31.00748329665649,2.9765155838931426e-210,59405,59638,1.665147860932221e-207,True
dse,early-cse,-0.006560994941778475,-7.914663009110731,2.500408020542763e-15,59722,59308,3.723040991804357e-14,True
dse,mergereturn,-0.007338083606782619,-7.88773528448774,3.1030165406679695e-15,59643,59872,4.5682002906976575e-14,True
dse,globalopt,-0.007717495967407895,-8.271172393947534,1.3400188024700131e-16,59096,59557,2.242527192509646e-15,True
dse,strip-dead-prototypes,-0.008441144300499581,-9.059906516011575,1.324663429901818e-19,59257,59931,2.850209885437099e-18,True
dse,indvars,-0.006045545035779809,-6.538561214857166,6.236312732751377e-11,59693,59473,6.136030316948339e-10,True
dse,mergeicmps,-0.0067926300382578075,-7.249855447820953,4.1973789011986925e-13,59407,59535,5.104638440091329e-12,True
dse,separate-const-offset-from-gep,-0.00827842003950141,-8.859244343662418,8.16323836493795e-19,59495,59794,1.614507143287728e-17,True
dse,libcalls-shrinkwrap,-0.00860687844809116,-9.202291397158362,3.5584069449912285e-20,59425,59582,7.962698055191801e-19,True
dse,flattencfg,-0.007809148806379229,-8.388358047758672,4.9826462646661984e-17,59683,59611,8.672019009970148e-16,True
dse,loop-reduce,-0.008659374293813249,-9.370165643094515,7.362694984737007e-21,59265,59818,1.7688535926521544e-19,True
dse,loop-unroll,-0.018014952203808332,-18.079123651229303,5.841287845878027e-73,59752,59442,1.0892611049742073e-70,True
dse,loop-rotate,-0.006108921019271574,-6.309347502257062,2.811920526060561e-10,59656,59723,2.597047353786122e-09,True
dse,partial-inliner,-0.007165791916384168,-7.728609424336259,1.0957168692952457e-14,59691,59459,1.56030082187643e-13,True
dse,lower-expect,-0.006619782564002974,-7.154270765689829,8.460139395127498e-13,59292,59649,1.016764427108618e-11,True
dse,alignment-from-assumptions,-0.007049441707084769,-7.496014723359407,6.624142029471572e-14,59220,59599,8.853290166351766e-13,True
dse,rpo-function-attrs,-0.007027439755291409,-7.526787600570433,5.236727248443871e-14,59376,59865,7.071387553415932e-13,True
dse,attributor,-0.008797621816239276,-10.592376391537883,3.3215447716378014e-26,59095,59452,1.1117238739943274e-24,True
dse,inferattrs,-0.006419149293934667,-6.88698698415445,5.726662635023985e-12,59620,59809,6.444141057113197e-11,True
dse,called-value-propagation,-0.0062560054063593995,-6.704844790055192,2.0251631747358762e-11,59505,59464,2.098026188430077e-10,True
dse,licm,-0.016104383119634247,-17.327010873933247,3.560414222793883e-67,59961,59164,5.577032838584338e-65,True
dse,loop-simplify,-0.00824974394165795,-8.858158290243653,8.24263822664615e-19,59797,59936,1.6220186580676543e-17,True
dse,div-rem-pairs,-0.007800315694286575,-8.377360374118405,5.470602122583013e-17,59151,60052,9.437391150676245e-16,True
dse,float2int,-0.008047007032178921,-8.609116130433568,7.450337827655613e-18,59567,59435,1.3507186543101566e-16,True
dse,inline,-0.008156203941257323,-8.755282669107261,2.061859381159464e-18,59378,59668,3.900599679526793e-17,True
dse,sink,-0.007651603222961489,-8.173366640445726,3.028256848521497e-16,58907,59570,4.9002701730620585e-15,True
dse,loop-vectorize,-0.010602242536258244,-11.279510502400408,1.7149788302069408e-29,59164,59588,7.299844672924326e-28,True
dse,slp-vectorizer,-0.00674237434234326,-7.226609066186004,4.981488667850289e-13,59609,59682,6.039476663560908e-12,True
dse,callsite-splitting,-0.007642622959540213,-8.169347228260472,3.1306333939335245e-16,59320,59695,5.04508657228135e-15,True
dse,dfa-jump-threading,-0.00788346925040212,-8.50087917451784,1.9030285105618777e-17,59092,59378,3.356873715027168e-16,True
dse,consthoist,-0.00851151779246917,-9.095772234963922,9.530596059265171e-20,59615,59672,2.08501755128952e-18,True
dse,mldst-motion,-0.01034217370593693,-11.15188828999173,7.244945543482881e-29,59812,59431,2.809030371116729e-27,True
dse,slsr,-0.007106676435768067,-7.606962504153166,2.8265737169969993e-14,59562,59671,3.9390970376370997e-13,True
dse,loop-interchange,-0.009460936670393771,-10.096073921810742,5.87945632739044e-24,59478,59236,1.757553509775646e-22,True
dse,loop-fusion,-0.007068967393085879,-7.5597614291710435,4.0667653400552214e-14,59691,59718,5.568340234844841e-13,True
dse,loop-distribute,-0.008013137115896574,-8.562596582421246,1.1163964024491388e-17,59547,59536,1.9962595031921586e-16,True
dse,loop-load-elim,-0.006949852674815793,-7.482073242832844,7.365888503940281e-14,59318,59855,9.744871412645319e-13,True
dse,loop-sink,-0.0076913171898653765,-8.258526098182362,1.489683670069655e-16,59492,59871,2.4823835114862842e-15,True
dse,loop-unroll-and-jam,-0.008889961423611203,-9.547321352840108,1.3548700931617773e-21,59730,59270,3.445241094039948e-20,True
dse,hotcoldsplit,-0.006762272090585719,-7.295521596459589,2.993405184945391e-13,59473,59882,3.663179595076922e-12,True
dse,irce,-0.008299102736509412,-8.91299173391284,5.03535638144803e-19,59896,59021,1.0112028507564352e-17,True
dse,nary-reassociate,-0.007087146536461697,-7.569095571466742,3.7852728351431644e-14,59428,59337,5.219411416345294e-13,True
dse,scalarizer,-0.007758842329250448,-8.272197013292411,1.328491569251312e-16,59408,59718,2.2327781052309606e-15,True
dse,vector-combine,-0.006855292812966096,-7.3621511838454206,1.8212981805175467e-13,59396,59779,2.3007108628731335e-12,True
dse,always-inline,-0.006261913187842527,-6.724229794189818,1.7731486112015566e-11,59535,59766,1.8665725702863696e-10,True
dse,globalsplit,-0.007501112092302031,-8.007525472156397,1.1808448238045578e-15,59495,59713,1.8063235664135347e-14,True
dse,lowerswitch,-0.008732022849512688,-9.23326347363663,2.6664805999407945e-20,59464,59366,6.035802329114539e-19,True
dse,early-cse-memssa,-0.02166064640008486,-31.967923131483836,2.6897810578018187e-223,59876,59811,1.7555304370586537e-220,True
dse,simple-loop-unswitch,-0.008892141542695686,-9.50519523846552,2.032048398920179e-21,59608,59304,5.100962519340654e-20,True
dse,loop-versioning,-0.009669534826425186,-10.212041277461243,1.79276519865088e-24,59468,59207,5.527927966863658e-23,True
dse,loop-flatten,-0.008962746282569989,-9.612374232427323,7.220801221602339e-22,59130,59694,1.8603064199864975e-20,True
dse,loop-reroll,-0.007369685924225322,-7.889053533597511,3.070532115049862e-15,59545,59477,4.5374353820887773e-14,True
dse,loop-instsimplify,-0.006935161815316393,-7.38798490421608,1.500423645492504e-13,59317,59481,1.9138954383546076e-12,True
dse,loop-simplifycfg,-0.006858686291804583,-7.316838926677854,2.5546827016635594e-13,59486,59657,3.1459551760108487e-12,True
dse,loop-predication,-0.006887044294192457,-7.372748769990318,1.6822296499775462e-13,59318,59867,2.138834840685737e-12,True
dse,speculative-execution,-0.008824122011545699,-9.416354905813495,4.7493580777936485e-21,59700,59806,1.1697161152603728e-19,True
dse,partially-inline-libcalls,-0.006671035201789133,-7.107536121805548,1.1878897943223827e-12,59822,59859,1.3927474354989374e-11,True
dse,load-store-vectorizer,-0.007606712791565773,-8.17921578233318,2.8847320938206706e-16,59473,59644,4.687390406390766e-15,True
dse,iroutliner,-0.006235963408408485,-6.742866680246439,1.5599843418451078e-11,59285,59664,1.6510536980176871e-10,True
dse,global-merge,-0.006137101419851798,-6.587091335740931,4.503815142315161e-11,59287,59950,4.5107263675974856e-10,True
dse,break-crit-edges,-0.013226052019355172,-13.953740766172366,3.235423279104376e-44,59368,59528,3.24869681050583e-42,True
dse,unreachableblockelim,-0.008191451863591381,-8.73679323830975,2.4284043897447557e-18,59634,59867,4.550062961837542e-17,True
jump-threading,loop-idiom,-0.0039451394565980236,-4.18107972440956,2.90335410332436e-05,59410,59544,0.00014446676834330616,True
jump-threading,loop-deletion,-0.005564729438138405,-5.949958383611905,2.6895893564952495e-09,59493,59244,2.2314474406854657e-08,True
jump-threading,gvn,-0.008638361363292602,-11.764574393189282,6.190443876407919e-32,59554,59348,2.9563144170748063e-30,True
jump-threading,gvn-hoist,-0.005033380661558617,-5.438542336078989,5.382364549662672e-08,59462,59557,3.7504162947471573e-07,True
jump-threading,gvn-sink,-0.0083731824253791,-8.950002518036412,3.6042881473316264e-19,59405,59311,7.428627571026657e-18,True
jump-threading,newgvn,-0.007813993748612191,-11.064751842702684,1.920243432345908e-28,59643,59318,7.23045507794863e-27,True
jump-threading,early-cse,-0.0023192535829151817,-2.7452981125848126,0.006046506726048567,59271,59182,0.021643620054119003,True
jump-threading,mergereturn,-0.00417997616093152,-4.464817448496531,8.021050490106026e-06,59702,59411,4.2218324891472044e-05,True
jump-threading,globalopt,-0.003908015272509779,-4.167212278457216,3.085643254175206e-05,59783,59480,0.0001527607962496853,True
jump-threading,strip-dead-prototypes,-0.0037867691402596604,-4.040254063496992,5.342696194741635e-05,59423,59056,0.00025702700612540834,True
jump-threading,indvars,-0.004122363579293797,-4.376917829423341,1.204721433180151e-05,59442,59023,6.24032954012364e-05,True
jump-threading,mergeicmps,-0.00497772070739011,-5.33071724843511,9.800313955893666e-08,59777,59290,6.571580385493081e-07,True
jump-threading,separate-const-offset-from-gep,-0.004451659895653104,-4.7383326397308,2.157330940457465e-06,59338,59234,1.2190631980997738e-05,True
jump-threading,libcalls-shrinkwrap,-0.005271054478523773,-5.641839880671024,1.6862414477698212e-08,59197,59521,1.2674321515291017e-07,True
jump-threading,flattencfg,-0.00566606105139611,-6.035205992161098,1.592276361889086e-09,59393,59492,1.3614310552745984e-08,True
jump-threading,loop-reduce,-0.006279287985463067,-6.776323733739642,1.2384354350326754e-11,59586,59355,1.321447728498081e-10,True
jump-threading,loop-unroll,-0.01706397174609897,-17.013419417466157,7.825015021528994e-65,59460,59186,1.0943842437252693e-62,True
jump-threading,loop-rotate,-0.007581918276662936,-7.808407315368867,5.83834196068635e-15,59890,59259,8.436511851678136e-14,True
jump-threading,partial-inliner,-0.004208297472326705,-4.4839787549755705,7.333268110597469e-06,59162,59169,3.885937472408618e-05,True
jump-threading,lower-expect,-0.004509992737560642,-4.81610438370588,1.4656794529566411e-06,59130,59632,8.566568265340607e-06,True
jump-threading,alignment-from-assumptions,-0.004105179894757449,-4.37606328502775,1.2094508889690856e-05,59219,59245,6.256551758524358e-05,True
jump-threading,rpo-function-attrs,-0.002735506693917089,-2.9224333631925585,0.0034737343592113035,59503,59178,0.013017362440833936,True
jump-threading,attributor,-0.0028146413255233926,-3.337164387742875,0.000846638412709489,59660,59094,0.0034644054589031965,True
jump-threading,inferattrs,-0.005192628685411649,-5.584721539356852,2.3458524471150644e-08,59319,59423,1.7170762958696434e-07,True
jump-threading,called-value-propagation,-0.0033285656672617514,-3.5689520485112682,0.0003585523661551384,59615,59870,0.0015480607120876757,True
jump-threading,licm,-0.0065145295061078135,-6.816285560499826,9.386826401746719e-12,59521,59196,1.01263945424904e-10,True
jump-threading,loop-simplify,-0.0038140653317741413,-4.064453713864818,4.817597170577784e-05,59646,59403,0.0002331979050677701,True
jump-threading,div-rem-pairs,-0.0036195085968988017,-3.858189638198401,0.00011429007517537796,59632,59591,0.0005253050873084273,True
jump-threading,float2int,-0.0047159283696394105,-5.020455693793256,5.162337358057085e-07,59546,59309,3.1149018635056313e-06,True
jump-threading,inline,-0.0038880809224733914,-4.153348742884874,3.278734699461126e-05,59286,59478,0.00016170686502631952,True
jump-threading,sink,-0.004487505129892155,-4.781194513110802,1.74464654769429e-06,59224,59748,1.0076749086682653e-05,True
jump-threading,loop-vectorize,-0.007755840675292058,-8.206258149190411,2.304372929420549e-16,59347,59806,3.775700582263962e-15,True
jump-threading,slp-vectorizer,-0.004805813607641263,-5.143269623851199,2.7042488821272217e-07,59500,59395,1.6889694772584052e-06,True
jump-threading,callsite-splitting,-0.0050716778148378605,-5.405255828136951,6.484032549764214e-08,59283,59404,4.462473016674282e-07,True
jump-threading,dfa-jump-threading,-0.005026531662719047,-5.345515614361508,9.03259270123752e-08,59515,59175,6.109090331268761e-07,True
jump-threading,consthoist,-0.0049191719538256296,-5.230637743476727,1.692112103573673e-07,59457,59559,1.09345065966906e-06,True
jump-threading,mldst-motion,-0.004982379975816964,-5.342352229349573,9.191658427977755e-08,59266,59449,6.195272702919258e-07,True
jump-threading,slsr,-0.005931978211504818,-6.311840514786644,2.767077596743311e-10,59533,58872,2.5616727822332874e-09,True
jump-threading,loop-interchange,-0.006191841176588719,-6.586514520979142,4.5215188238660517e-11,59038,59043,4.516905029147821e-10,True
jump-threading,loop-fusion,-0.004852566101501421,-5.147087220234938,2.6498281701154785e-07,59491,59240,1.6576241396441237e-06,True
jump-threading,loop-distribute,-0.004190110226894306,-4.466793478373545,7.947369963092663e-06,59654,59320,4.1886811272504536e-05,True
jump-threading,loop-load-elim,-0.004397483718926065,-4.680457460185276,2.8655048673574817e-06,59591,59279,1.6007584965152493e-05,True
jump-threading,loop-sink,-0.005155386136055817,-5.5139347550643185,3.5162838892133934e-08,59222,59259,2.503594129119936e-07,True
jump-threading,loop-unroll-and-jam,-0.005149460208597023,-5.4761014926362135,4.356773101250177e-08,59607,59028,3.0575490079741385e-07,True
jump-threading,hotcoldsplit,-0.005585789318805601,-5.975911523381369,2.294537318218258e-09,59934,59302,1.915865274657292e-08,True
jump-threading,irce,-0.0036811018429372955,-3.9416813670039947,8.095859049629903e-05,59723,59387,0.0003796812459682719,True
jump-threading,nary-reassociate,-0.006035687781014154,-6.418906949637003,1.3777140237837956e-10,59310,59404,1.3255843039649495e-09,True
jump-threading,scalarizer,-0.0054260379040591555,-5.759002273128286,8.48200482504422e-09,59496,59460,6.683205411443293e-08,True
jump-threading,vector-combine,-0.005033780806487254,-5.353969669455084,8.62045098803289e-08,59123,59660,5.858739507984854e-07,True
jump-threading,always-inline,-0.004870123169090301,-5.219169815080691,1.8002859697029667e-07,59290,59308,1.1595262923284238e-06,True
jump-threading,globalsplit,-0.006066516831858326,-6.4767645113100745,9.407457822643827e-11,59391,59332,9.209901208368307e-10,True
jump-threading,lowerswitch,-0.004899239295899249,-5.20317497158908,1.9623701586648052e-07,59517,59176,1.2536119969545477e-06,True
jump-threading,early-cse-memssa,-0.009107156468830313,-12.99476948588371,1.391694972448176e-38,59740,59410,1.028278775869256e-36,True
jump-threading,simple-loop-unswitch,-0.006424539338344137,-6.853367863842026,7.248039408435025e-12,59414,59610,7.972843349278528e-11,True
jump-threading,loop-versioning,-0.005524763195151716,-5.834992386684516,5.393243975606504e-09,59452,59000,4.372659090781588e-08,True
jump-threading,loop-flatten,-0.0045874626942998264,-4.868044081839391,1.1285282565304524e-06,59223,59339,6.655597368333209e-06,True
jump-threading,loop-reroll,-0.004994719973172801,-5.342649034293225,9.176576455855538e-08,59705,59313,6.195272702919258e-07,True
jump-threading,loop-instsimplify,-0.00763585791168131,-8.151664950631389,3.624005813557084e-16,59663,59127,5.7689458397924964e-15,True
jump-threading,loop-simplifycfg,-0.005617093752375624,-5.987967436557828,2.1308647612749326e-09,59720,59163,1.790658026856789e-08,True
jump-threading,loop-predication,-0.0063157155196911785,-6.722433072760042,1.7951909476451665e-11,59496,59199,1.8847098528092417e-10,True
jump-threading,speculative-execution,-0.003287223516929838,-3.4834744332216596,0.0004951282838238613,59472,59456,0.0021006742789320054,True
jump-threading,partially-inline-libcalls,-0.0053262991864129194,-5.651415643039424,1.594948047671095e-08,59430,59386,1.203432862173412e-07,True
jump-threading,load-store-vectorizer,-0.00492125306972685,-5.24620483683529,1.5553045523473162e-07,59311,59194,1.0100452117731493e-06,True
jump-threading,iroutliner,-0.0023914047898183632,-2.580728278084624,0.009860407821951333,59152,59171,0.03366465303466558,True
jump-threading,global-merge,-0.004947277850508358,-5.279961022285883,1.2943786252877014e-07,59206,59602,8.504675665480938e-07,True
jump-threading,break-crit-edges,-0.02802464159843976,-29.871772924072378,2.429519090370624e-195,59373,59684,1.0571107508768182e-192,True
jump-threading,unreachableblockelim,-0.005400767598482736,-5.7603918133357155,8.412533968146655e-09,59216,59492,6.641831253883528e-08,True
loop-idiom,loop-deletion,-0.000248936178651904,-0.26328940046151167,0.7923279849487058,59198,59725,0.9001324018158201,False
loop-idiom,gvn,-0.001437917873251704,-1.9054852896294014,0.05671942097926041,59499,59904,0.15255031082059325,False
loop-idiom,gvn-hoist,0.0011074366811615888,1.1875606646414838,0.2350089058654426,59623,59751,0.4476142389927399,False
loop-idiom,gvn-sink,-0.0015438796633072682,-1.648092785225308,0.09933626691282928,59446,59812,0.23923789743581764,False
loop-idiom,newgvn,-0.0028122457605533335,-3.9018325349516703,9.55197351110628e-05,59208,59680,0.00044214572422567603,True
loop-idiom,early-cse,0.003922311761331676,4.634995507514764,3.5732197999511827e-06,59602,59801,1.970806864311103e-05,True
loop-idiom,mergereturn,0.0013569531075335872,1.4373099390314599,0.15063257449251632,59341,59713,0.33064863324702576,False
loop-idiom,globalopt,0.0007264271319770144,0.7646703647807204,0.4444693652377164,59693,59974,0.6711826705967935,False
loop-idiom,strip-dead-prototypes,0.0005394663260394061,0.572321041310559,0.5671055763122543,59473,59771,0.7679064442734398,False
loop-idiom,indvars,0.001198824663396103,1.2694813216571252,0.2042719231396168,59563,59829,0.4091707677824754,False
loop-idiom,mergeicmps,-0.00031267219127040224,-0.33208797451205313,0.7398234110562774,60130,59725,0.8789892226020577,False
loop-idiom,separate-const-offset-from-gep,0.00018390379920862898,0.1961419457391505,0.8444993990362942,59653,60006,0.9307795233960394,False
loop-idiom,libcalls-shrinkwrap,7.115990265804673e-05,0.07527130603899294,0.9399989774884916,59357,59836,0.9751804567501566,False
loop-idiom,flattencfg,0.0011085571125343252,1.1756978132646034,0.2397180016939229,59610,59580,0.4539340883140242,False
loop-idiom,loop-reduce,-0.0008600871603383076,-0.9250274349215583,0.3549535151840211,59417,59424,0.587036170055384,False
loop-idiom,loop-unroll,-0.009143023237568437,-9.020276814393993,1.903392276330537e-19,59417,59652,4.029018461681288e-18,True
loop-idiom,loop-rotate,1.4364875806416322e-05,0.014594550827609083,0.9883556710262396,59614,59598,0.9957295620629673,False
loop-idiom,partial-inliner,0.0011811200276572453,1.2548397901005393,0.20953938247251452,59665,59669,0.4146317441952334,False
loop-idiom,lower-expect,-0.00015317326841468581,-0.1628313809649911,0.8706514754950311,59326,59940,0.9432465423401805,False
loop-idiom,alignment-from-assumptions,0.0003792721933573717,0.40155407909326984,0.6880129514401794,59549,59578,0.8502031688207399,False
loop-idiom,rpo-function-attrs,-0.001291336924971631,-1.3744853618300836,0.1692936366047196,59394,59761,0.3593727045136176,False
loop-idiom,attributor,0.002930153515011802,3.444849196778283,0.0005715747770666085,59167,59933,0.00240417489472915,True
loop-idiom,inferattrs,0.0003307269564047366,0.35160005976715747,0.725138840092513,59344,60201,0.8708778471485721,False
loop-idiom,called-value-propagation,0.0005952951310302379,0.6303676436539212,0.5284552845807985,59208,59937,0.7385549230615299,False
loop-idiom,licm,-0.0014325252126308197,-1.4870538263587043,0.13700324397169436,59608,59433,0.30766398566985786,False
loop-idiom,loop-simplify,-0.0012012138098398406,-1.2736651868661641,0.20278457987018939,59798,59544,0.4076511369464382,False
loop-idiom,div-rem-pairs,-0.0009494006964165247,-1.0058200730534115,0.31450416096860917,59932,59890,0.546612677194455,False
loop-idiom,float2int,0.0006380108977006027,0.6718583783276858,0.5016751612433717,59692,59596,0.7180821646195598,False
loop-idiom,inline,-9.689938073942361e-05,-0.10253800349062736,0.9183298222626103,59360,59570,0.9676219282360187,False
loop-idiom,sink,-0.0006682213055014818,-0.7056217869848671,0.48042475123522205,59561,59586,0.7022558140489472,False
loop-idiom,loop-vectorize,-0.0028375668609508797,-2.992135799121196,0.0027708961802104014,59705,59651,0.010545023752870681,True
loop-idiom,slp-vectorizer,0.0015727278138963907,1.6673866855226336,0.09544017356594482,59702,59226,0.2327171355443586,False
loop-idiom,callsite-splitting,-0.0003659819163056022,-0.3885792902884692,0.697588085080375,59572,59303,0.8547418464251403,False
loop-idiom,dfa-jump-threading,-0.0001532643530049449,-0.16271298303606524,0.8707447013686804,59357,59285,0.9432465423401805,False
loop-idiom,consthoist,0.0007234929364824949,0.7641658584641687,0.4447699259955769,59593,59325,0.6711826705967935,False
loop-idiom,mldst-motion,0.0006028214324936276,0.6406189661503603,0.5217715035310436,59800,59603,0.733093314543209,False
loop-idiom,slsr,-0.0005190595368254614,-0.5520349237536404,0.5809254574639893,59688,59938,0.7784256723953379,False
loop-idiom,loop-interchange,-0.00014081789583592075,-0.14798586676625156,0.8823541728828544,59276,59720,0.9474359585986449,False
loop-idiom,loop-fusion,-0.0006341456873003026,-0.6737832332201198,0.5004504404444218,59452,59944,0.7171331149995965,False
loop-idiom,loop-distribute,0.0007783879970406082,0.8212462635415257,0.4115076536191462,59630,59448,0.6389627167218781,False
loop-idiom,loop-load-elim,-0.0011724163755013617,-1.238489170695859,0.21553716751969765,59966,59559,0.42329164895041926,False
loop-idiom,loop-sink,-0.0002594944929570353,-0.2752791252907777,0.7831022793511302,59315,59527,0.8971996857633193,False
loop-idiom,loop-unroll-and-jam,-0.00022588732519945864,-0.2386733096199712,0.8113593241585022,59891,59513,0.9109521591753968,False
loop-idiom,hotcoldsplit,-0.0008087911483071197,-0.8560536920401502,0.3919698048937313,59292,59732,0.6216649184622849,False
loop-idiom,irce,-0.000596683709268242,-0.6351348376784741,0.5253416988693441,59529,59477,0.736042251439124,False
loop-idiom,nary-reassociate,-0.0006684047323378683,-0.7063504760622142,0.47997159379574555,59292,59690,0.7022558140489472,False
loop-idiom,scalarizer,-0.0004483013228476773,-0.47487070014747645,0.6348800080121881,59604,59415,0.8150068545036735,False
loop-idiom,vector-combine,-0.0008481667223792511,-0.8984106643934333,0.3689684684777326,59615,59540,0.60024149181548,False
loop-idiom,always-inline,-0.0002631475300927666,-0.27966725410870064,0.7797332864929942,59980,59808,0.8960114292943329,False
loop-idiom,globalsplit,0.0012678150823975942,1.3411153529221078,0.1798855557996679,59749,59588,0.3758974581171288,False
loop-idiom,lowerswitch,-0.0009250316900307753,-0.9670837700570819,0.33350412676467434,59308,59561,0.5663495925457349,False
loop-idiom,early-cse-memssa,-0.004369499914246677,-6.136373378871184,8.469090883003288e-10,59564,59793,7.41945411584807e-09,True
loop-idiom,simple-loop-unswitch,-0.0010067922069855184,-1.0626882890644571,0.28792547845662614,60063,59576,0.51744661479401,False
loop-idiom,loop-versioning,-0.0009891128105069535,-1.0445613721085854,0.29622785405145774,59377,60157,0.5263286190859839,False
loop-idiom,loop-flatten,-0.001201787548553157,-1.2626437118659832,0.20671973179108605,59468,59230,0.4116726682446075,False
loop-idiom,loop-reroll,0.0008227681490317607,0.8726836177163632,0.3828373084730708,59500,59626,0.6124259708780292,False
loop-idiom,loop-instsimplify,-0.0010955778267712213,-1.1617423244769955,0.2453424761951319,59748,59370,0.4615763992538629,False
loop-idiom,loop-simplifycfg,0.0010991746978513683,1.1643196503001645,0.2442968275092163,59603,59601,0.4601569872660371,False
loop-idiom,loop-predication,-0.001800944503532964,-1.9123723178390983,0.05583085068576945,59710,59467,0.15057411245556004,False
loop-idiom,speculative-execution,-0.00031820181367026024,-0.3363152458542682,0.7366337419351815,60090,60023,0.8775959030782388,False
loop-idiom,partially-inline-libcalls,0.00010125278950789962,0.10708890648175429,0.9147186279576641,59541,59783,0.9658626280512042,False
loop-idiom,load-store-vectorizer,4.0831010250874655e-05,0.043116235702041344,0.9656089494380006,59429,59626,0.9870333192375907,False
loop-idiom,iroutliner,0.002256854568066846,2.418598217413797,0.015581926211615206,59546,59718,0.05026262194784608,False
loop-idiom,global-merge,-0.0007072566524291557,-0.7490724724777537,0.45381500781153084,59164,59709,0.6795944820611681,False
loop-idiom,break-crit-edges,-0.003640088555166343,-3.8132288762324467,0.0001372320531345603,59493,59620,0.0006278045795267968,True
loop-idiom,unreachableblockelim,-0.00042235496677245354,-0.446386580610755,0.6553188341292308,59771,59632,0.8278156627258283,False
loop-deletion,gvn,-0.0015544609650234853,-2.0552718806519796,0.03985493597110056,59719,59423,0.11301370692456901,False
loop-deletion,gvn-hoist,0.0005365643754968175,0.5758502768529264,0.5647174810278999,59237,59215,0.7665281302271252,False
loop-deletion,gvn-sink,-0.0017667801253186677,-1.8823699026290548,0.059788242826343374,59340,59876,0.15873271790370214,False
loop-deletion,newgvn,-0.002278556625594619,-3.195609594661291,0.0013957204029379738,59816,59650,0.005565825965280147,True
loop-deletion,early-cse,0.0027611761515250466,3.253592827734608,0.001139873399184676,59305,59419,0.004599905569906228,True
loop-deletion,mergereturn,0.000146311536763033,0.15474755667604928,0.87702059878273,59778,59407,0.9445579386229842,False
loop-deletion,globalopt,-0.0012814508095641552,-1.3558365616279597,0.17515375464455196,59233,59569,0.36777592664239434,False
loop-deletion,strip-dead-prototypes,0.0006059842191364351,0.6414555806109091,0.5212279748187927,58691,59626,0.733093314543209,False
loop-deletion,indvars,-0.0018284236215885818,-1.9340721873505988,0.05310663053918229,59633,58914,0.14432030894617479,False
loop-deletion,mergeicmps,0.00019304971296890683,0.20412993394609388,0.8382523127099579,59710,59054,0.9272870216305636,False
loop-deletion,separate-const-offset-from-gep,0.00032443640974372245,0.34244427047872045,0.7320171863339792,59017,59133,0.8742236357681801,False
loop-deletion,libcalls-shrinkwrap,-0.0008405577331683789,-0.8861565280680854,0.3755349857430869,58994,59384,0.6062476434384614,False
loop-deletion,flattencfg,0.0003825231748195157,0.4053842834012862,0.6851957913543677,59759,59145,0.8487767758735225,False
loop-deletion,loop-reduce,-0.0016888077282231628,-1.8049447538155963,0.07108585986611825,59373,59368,0.1831396231813941,False
loop-deletion,loop-unroll,-0.008712512762724,-8.622515741917544,6.629432494074863e-18,59338,59294,1.2074817510138216e-16,True
loop-deletion,loop-rotate,0.0008943831956901849,0.9097765499969054,0.36294221492690387,59421,59137,0.5951395498506885,False
loop-deletion,partial-inliner,0.0005211733665088647,0.5562880788823785,0.5780149845177402,59416,59247,0.7765031490125115,False
loop-deletion,lower-expect,-0.0007139249485211274,-0.7582714299697025,0.44829001418302017,59406,59185,0.6738580795727828,False
loop-deletion,alignment-from-assumptions,0.0008913274369221624,0.9395407540588622,0.3474550888264924,59286,59505,0.5797968318477897,False
loop-deletion,rpo-function-attrs,0.0006327229577296478,0.6716557272285676,0.5018042014007245,59375,59157,0.7180821646195598,False
loop-deletion,attributor,0.0036837620451131148,4.332952384829919,1.4724410698537334e-05,59016,59205,7.547224122444005e-05,True
loop-deletion,inferattrs,-9.485515098323072e-05,-0.1003202073774314,0.9200902850633286,59555,58922,0.9680477045427176,False
loop-deletion,called-value-propagation,0.0003058000121821669,0.3246152780529106,0.7454728322544986,59499,59726,0.8815276679868942,False
loop-deletion,licm,-0.00019394838274755521,-0.20068891695765756,0.8409421704344262,59402,59241,0.9292709687062435,False
loop-deletion,loop-simplify,-7.359898934033993e-05,-0.0776629424219994,0.9380963031652657,59474,59625,0.9746685582089639,False
loop-deletion,div-rem-pairs,-0.0012021861275626766,-1.2665909003226556,0.2053040924969249,59422,59315,0.4101891970499786,False
loop-deletion,float2int,0.0018880846581229016,2.0103253728606836,0.04439901349908547,59517,59576,0.12366041028621529,False
loop-deletion,inline,-5.62862378129525e-05,-0.05959537669224145,0.9524780011311227,59372,59205,0.9823278507400448,False
loop-deletion,sink,0.0002344263422245363,0.24842621677673327,0.8038050822103108,59212,59154,0.9079032887036564,False
loop-deletion,loop-vectorize,-0.002242630238372456,-2.363613449985501,0.01809928906659341,59051,59573,0.057529883104529056,False
loop-deletion,slp-vectorizer,0.0009262356290602458,0.9764467858859037,0.3288450887400936,59518,59630,0.5616037363742723,False
loop-deletion,callsite-splitting,-0.001276240021340358,-1.353475104868054,0.17590647595443507,59421,59255,0.3686155232707895,False
loop-deletion,dfa-jump-threading,0.00013696845313276862,0.145326827164607,0.8844530821332255,59206,59123,0.94890911496814,False
loop-deletion,consthoist,0.0006677319630276624,0.7041095834372062,0.48136591224494124,59124,59721,0.7025123705648185,False
loop-deletion,mldst-motion,-0.0012448484158797957,-1.3222800162362542,0.18607747097594243,59431,59369,0.385505656719196,False
loop-deletion,slsr,-0.0009156409009678512,-0.9642593913899288,0.3349178577723066,59407,59382,0.5680114036536824,False
loop-deletion,loop-interchange,-0.0007313380065956387,-0.7714712545357615,0.44042919979520817,58774,59186,0.6672033835195493,False
loop-deletion,loop-fusion,0.0008029266142469127,0.8494395854576013,0.39563844200637,59359,59717,0.6239710587583346,False
loop-deletion,loop-distribute,0.0014390139859364326,1.5184308411118115,0.12890848213446024,59417,59435,0.2945190291940177,False
loop-deletion,loop-load-elim,0.00015523242779924562,0.1643910975016526,0.8694235525798644,59198,58969,0.9432465423401805,False
loop-deletion,loop-sink,0.00035546258992563695,0.376855961891758,0.70628132413985,59312,59288,0.8605219995244655,False
loop-deletion,loop-unroll-and-jam,7.526653621914292e-06,0.007934439051927967,0.9936693133328233,59491,59291,0.9986616378296872,False
loop-deletion,hotcoldsplit,0.00044492986266708723,0.4724459345585089,0.6366093911567026,59610,59271,0.8160269642453837,False
loop-deletion,irce,0.0011926563721182948,1.2674654476897473,0.20499139986181744,59545,59074,0.4099827997236349,False
loop-deletion,nary-reassociate,-0.0014404024840254936,-1.5231152676499344,0.12773254326836794,58965,59323,0.2926861553182732,False
loop-deletion,scalarizer,-0.0012920976777474613,-1.3685587301627329,0.17113984549811964,59594,58955,0.36147984626247925,False
loop-deletion,vector-combine,0.00021330943888026033,0.22477503768264406,0.8221546748561508,59112,59069,0.915948138474164,False
loop-deletion,always-inline,-0.001310985317627078,-1.3955533765650114,0.16285163282603607,59474,59610,0.3505602908253917,False
loop-deletion,globalsplit,0.00047481628441342627,0.5000219505653919,0.6170605475140148,59317,59503,0.8023340110620395,False
loop-deletion,lowerswitch,0.001298126166746738,1.3619847076636342,0.17320530290857,59191,59191,0.36446639773775397,False
loop-deletion,early-cse-memssa,-0.003644127531732322,-5.10763065409692,3.2672417669695084e-07,59595,59745,2.02125098885507e-06,True
loop-deletion,simple-loop-unswitch,-0.0005884707669029376,-0.6215232527012697,0.5342565913082213,59447,59494,0.7418967416890053,False
loop-deletion,loop-versioning,-0.00010774012293263135,-0.11284600317792469,0.910152837135966,59233,59287,0.9645524753445788,False
loop-deletion,loop-flatten,-0.00018523498432093666,-0.19562881520993838,0.8449010400988923,59329,59271,0.9309601781168436,False
loop-deletion,loop-reroll,-0.00025758318343332975,-0.2725881303402138,0.7851703120098615,59325,59202,0.8984440045206984,False
loop-deletion,loop-instsimplify,-0.0016356165691727154,-1.7454905668512977,0.0809020907595222,59681,59468,0.20334569153677082,False
loop-deletion,loop-simplifycfg,-0.0009771863608939446,-1.0289035168438723,0.30352711307453395,59785,58892,0.5348257803751731,False
loop-deletion,loop-predication,-0.0009335355635837206,-0.9873081444171018,0.32349361135011495,59743,58979,0.5558582632940106,False
loop-deletion,speculative-execution,0.0006266703480657942,0.6656761842173327,0.5056193896040523,59439,59564,0.7207883253328972,False
loop-deletion,partially-inline-libcalls,0.002063915653440551,2.1875195598913133,0.02870655627958383,59275,59694,0.0856168121788654,False
loop-deletion,load-store-vectorizer,0.00045656995325416005,0.48389152941040264,0.6284637431723368,59332,59602,0.8111615089857848,False
loop-deletion,iroutliner,0.003142269421719135,3.3601167874552043,0.000779341450521607,58907,59402,0.0032057784876498036,True
loop-deletion,global-merge,0.00031140408926977337,0.3315348572750048,0.7402410994557113,59557,59520,0.8792187277732986,False
loop-deletion,break-crit-edges,-0.0077027350062172095,-8.027265331775219,1.0057160562970925e-15,59450,59253,1.544464343709574e-14,True
loop-deletion,unreachableblockelim,-0.00028433403759586806,-0.3003601056321374,0.7639030153334743,59616,59391,0.8887356474692288,False
gvn,gvn-hoist,0.0006909922668398294,0.9308056804624049,0.3519559820193255,59592,59619,0.5842558819786683,False
gvn,gvn-sink,-0.0017073774024821131,-2.27256431724305,0.023054219720231823,59808,59454,0.07080809758778653,False
gvn,newgvn,0.00047514087208266886,0.6520365389154696,0.5143788605525419,59535,59612,0.7277122897123389,False
gvn,early-cse,0.0032840445146150032,4.443772075196094,8.847522380048037e-06,59267,59571,4.638138907666414e-05,True
gvn,mergereturn,0.0018256518528682597,2.4508365823679625,0.014253899976489123,59490,59283,0.0466707962440898,True
gvn,globalopt,0.0013972484010847386,1.8533878420300895,0.06382928428675434,59548,59147,0.1679963609065447,False
gvn,strip-dead-prototypes,0.002960958718426998,3.9439869189775867,8.01841260018028e-05,59479,59214,0.00037650004487177426,True
gvn,indvars,0.002220490623341398,2.9753428002281055,0.0029272041070705817,59125,59601,0.01111826506623511,True
gvn,mergeicmps,0.0010793112476014666,1.441752819932315,0.1493747546541419,59615,59569,0.3289941165498424,False
gvn,separate-const-offset-from-gep,0.0007234406583983555,0.9656445865730855,0.3342240219088588,59657,59348,0.5670802728748228,False
gvn,libcalls-shrinkwrap,0.0030174503208896253,4.039515096505786,5.359530413140181e-05,59831,59519,0.00025752050426818343,True
gvn,flattencfg,0.0016373702235311094,2.194090696543259,0.02823082373517636,59495,59169,0.08451980561693473,False
gvn,loop-reduce,-0.0014374394070876262,-1.9599998356785038,0.04999813737879597,59775,59378,0.1370137900457418,False
gvn,loop-unroll,-0.019809190107149655,-22.73004450408346,4.279957937418588e-114,59274,59410,1.5236650257210173e-111,True
gvn,loop-rotate,0.0012863550377978927,1.6278933487632756,0.10355015703670911,59509,59463,0.24740842889307682,False
gvn,partial-inliner,0.0017617507394984688,2.3486227463770852,0.018844621157128136,59519,59275,0.059560562107597886,False
gvn,lower-expect,0.0017667900239328183,2.3571756115418907,0.018416158440990718,59271,59270,0.05848959972012948,False
gvn,alignment-from-assumptions,0.0020297506268931453,2.6727114242760885,0.007525125289931922,59438,59284,0.026448776928794396,True
gvn,rpo-function-attrs,0.0018282773094074334,2.4456824733216678,0.014459263783776067,59679,59770,0.0471853974810559,True
gvn,attributor,0.024812144018785565,34.41096103072851,3.280036308043311e-258,59490,59105,3.2111555455744015e-255,True
gvn,inferattrs,0.001963760438125739,2.6158044153477076,0.008902880769594576,59494,59315,0.030689860117722147,True
gvn,called-value-propagation,0.0026917857693252722,3.631652892422005,0.00028172992689750014,59764,59426,0.0012382204194507412,True
gvn,licm,-0.006367772870858879,-8.22306849512318,2.0034896090939272e-16,59476,59381,3.3104073034649025e-15,True
gvn,loop-simplify,0.0025488689767206307,3.4047751009554754,0.0006624053426504316,59380,59380,0.0027551446724779463,True
gvn,div-rem-pairs,0.0009058431856322491,1.2151852595362558,0.2242978670098104,59306,59778,0.43473205520984237,False
gvn,float2int,0.0015012019448406577,1.997497347877107,0.045773463746020586,59509,59403,0.1268569596811158,False
gvn,inline,0.0007633655180223631,1.0192808841460235,0.30807172627610374,59416,59063,0.5400598622455548,False
gvn,sink,0.001191988783272313,1.5887488584918692,0.11211976779616074,59718,59338,0.2641763000540105,False
gvn,loop-vectorize,-0.0031534282238624978,-4.181741769069862,2.894925848489821e-05,59463,59732,0.00014423065677717734,True
gvn,slp-vectorizer,0.0032385201160712307,4.3238907631572605,1.5342552983896632e-05,59796,59541,7.853782677769832e-05,True
gvn,callsite-splitting,0.0009825177904695392,1.31451138643394,0.1886767205720773,59531,59143,0.3891087551368664,False
gvn,dfa-jump-threading,0.0026516771044130527,3.562903055819252,0.00036692049204949936,59121,59313,0.0015807047820306265,True
gvn,consthoist,0.0015907155684289354,2.1255220714639096,0.033545132727440634,59767,59422,0.09803189534377427,False
gvn,mldst-motion,0.00038962239439865876,0.5222788285429315,0.6014771791799604,59722,59615,0.7906594491221878,False
gvn,slsr,0.0012664965352804924,1.6876599324025794,0.09147916413031405,59570,59104,0.22544518988943352,False
gvn,loop-interchange,0.0013021647262475011,1.7277452248765175,0.08403651849077205,59564,59279,0.20974315258754836,False
gvn,loop-fusion,0.0012363453947027425,1.640374451704649,0.1009299888489549,59392,59618,0.24228919706895155,False
gvn,loop-distribute,0.0019175486597528546,2.5260581600725613,0.011536327332949702,59808,59107,0.038612186184470966,True
gvn,loop-load-elim,0.00315991182880071,4.216516187720774,2.4828906547009685e-05,59463,59364,0.00012465384363857684,True
gvn,loop-sink,0.0019578133275502396,2.635548633378217,0.008401235340678074,59313,59209,0.02911436955229676,True
gvn,loop-unroll-and-jam,0.000748715832986302,1.0037713483412922,0.31549088121664476,59819,59208,0.5478768473811002,False
gvn,hotcoldsplit,0.0016721186107911956,2.246809388666288,0.024654046398794805,59406,59320,0.07501573092282864,False
gvn,irce,0.0023902493543290215,3.235098144316821,0.0012163416146060784,59393,59633,0.004885326936202465,True
gvn,nary-reassociate,0.0027264145596719858,3.6007341760160383,0.00031745014070996044,59000,59254,0.001382797275884544,True
gvn,scalarizer,0.000205637757577537,0.2713319152224063,0.7861362349502103,59407,59304,0.8984440045206984,False
gvn,vector-combine,0.0018355396730521112,2.4520559423558663,0.014205688433785548,59837,59187,0.04655186268343448,True
gvn,always-inline,0.0022075146319173733,2.9543264034536616,0.0031341384644819476,59549,59480,0.011823975170434785,True
gvn,globalsplit,0.002369689070234604,3.117869986172793,0.0018220667751752278,59586,59217,0.0071067863462013865,True
gvn,lowerswitch,0.0010578005382231859,1.3876244689855424,0.16525403868857103,59276,59680,0.35459441945449,False
gvn,early-cse-memssa,-0.007211338967266501,-9.89072828469142,4.662287374540108e-23,59610,59531,1.332665500634968e-21,True
gvn,simple-loop-unswitch,0.0002911213904411847,0.38749290205965836,0.6983920338968832,59595,59367,0.8551917463227626,False
gvn,loop-versioning,0.0008234453832064448,1.0897062995495472,0.2758447586971965,59474,59429,0.5026561540522203,False
gvn,loop-flatten,0.0010738724679816292,1.4307789087568739,0.15249624092759687,59316,58905,0.3332451336341905,False
gvn,loop-reroll,0.0008965299498528423,1.196318228569869,0.23157478814999485,59322,59631,0.44279632343524405,False
gvn,loop-instsimplify,0.0023918704452802197,3.2002101827780236,0.001373635776711803,59515,59193,0.005483341184101345,True
gvn,loop-simplifycfg,0.0012535990492005267,1.6781663741927413,0.09331724748095487,59782,59478,0.22867981297585688,False
gvn,loop-predication,0.0013162626532698951,1.7517402261240236,0.07982107481132367,59399,59444,0.20140420680486049,False
gvn,speculative-execution,0.0031619674115336838,4.252074225861904,2.1196117191433053e-05,59614,59566,0.00010710192893116366,True
gvn,partially-inline-libcalls,0.0015749338078540065,2.113359077876206,0.03457212835096088,59741,59464,0.10050813260754476,False
gvn,load-store-vectorizer,0.0027786440649830157,3.713957174246259,0.00020413664832052733,59511,59558,0.0009104773517348349,True
gvn,iroutliner,0.0047997725476782716,6.480787471750704,9.160115741468394e-11,59492,59351,8.990228883105322e-10,True
gvn,global-merge,0.0014295223247360878,1.9207577208521573,0.05476465601927213,59745,59005,0.14810662498029672,False
gvn,break-crit-edges,-0.0034536522067797337,-4.551618332343592,5.328756165208062e-06,59553,59486,2.898251269854829e-05,True
gvn,unreachableblockelim,0.002126770946970058,2.827162121963965,0.004697038244408096,59341,59740,0.017174231339964617,True
gvn-hoist,gvn-sink,-0.0007117712915712393,-0.7651630672329478,0.4441759659844964,59534,59520,0.6710621461401574,False
gvn-hoist,newgvn,-0.0028588116884263326,-4.048378621379966,5.160624675438948e-05,59288,59774,0.00024929942412026194,True
gvn-hoist,early-cse,0.004960232175029833,5.883978325109756,4.015937937276969e-09,59215,59114,3.290044552798454e-08,True
gvn-hoist,mergereturn,-0.0009749298598699108,-1.0460684801045559,0.2955315411171559,59571,59459,0.5255683537760139,False
gvn-hoist,globalopt,-0.0005630396026143347,-0.6022017759551275,0.5470409854939139,59198,59372,0.752709943497599,False
gvn-hoist,strip-dead-prototypes,3.109086782626669e-05,0.033191961327613914,0.9735215643891952,59391,59198,0.9891755865546079,False
gvn-hoist,indvars,-0.000857991077414133,-0.9185325562365916,0.3583419881958426,59472,59292,0.5903522195098526,False
gvn-hoist,mergeicmps,-0.001327400664195788,-1.4206079161638847,0.15543340735538153,59179,59308,0.3394741902976431,False
gvn-hoist,separate-const-offset-from-gep,9.661914907038716e-05,0.1032586004331294,0.9177579069115068,59336,59051,0.9676219282360187,False
gvn-hoist,libcalls-shrinkwrap,0.000921368169268133,0.9850204785315506,0.324616025884622,59108,59250,0.5565658307198686,False
gvn-hoist,flattencfg,0.0012108996815793915,1.3052560785152614,0.19180819049865808,59621,59296,0.3934630036630409,False
gvn-hoist,loop-reduce,-0.00037493131944738023,-0.40487905441449323,0.6855671455791501,59248,59348,0.8487767758735225,False
gvn-hoist,loop-unroll,-0.007616782004827516,-7.647324997194426,2.067564838759772e-14,59186,59324,2.902001400925902e-13,True
gvn-hoist,loop-rotate,-0.0018093824633368394,-1.8679617721540196,0.06176986351918756,59438,59170,0.1632191535365307,False
gvn-hoist,partial-inliner,0.0015675422788309912,1.6761000971526796,0.09372121904648412,59324,59487,0.22923940898565384,False
gvn-hoist,lower-expect,0.0016485553083406823,1.7729862808480674,0.07623353928670853,59363,59568,0.19359957188505228,False
gvn-hoist,alignment-from-assumptions,-3.465837798272142e-05,-0.037036108349510335,0.9704562773659708,59304,59582,0.9886640036901734,False
gvn-hoist,rpo-function-attrs,0.0005293861747496242,0.5687367758029465,0.5695358637411272,59226,59337,0.7698472430858717,False
gvn-hoist,attributor,0.0028862811170073943,3.4322794871327242,0.000598734227046893,59216,59582,0.002507639821514046,True
gvn-hoist,inferattrs,0.0011830344061931064,1.266076836598554,0.20548806207789708,59365,59208,0.41034739984550994,False
gvn-hoist,called-value-propagation,0.001647618004244733,1.7800424922905775,0.07507155557846919,59490,59627,0.19139336695656597,False
gvn-hoist,licm,-0.0011556246254446623,-1.2194220969966656,0.22268644958435807,59628,59117,0.4329891442762394,False
gvn-hoist,loop-simplify,0.0007952451189242038,0.8526117147639461,0.39387638057912544,59691,59266,0.6224454827876736,False
gvn-hoist,div-rem-pairs,0.0006720319105025241,0.722790175740084,0.4698102243656239,59529,59495,0.6947147796519282,False
gvn-hoist,float2int,0.0011308685769462201,1.2102790951108473,0.22617423136543083,59028,59438,0.43636182944192164,False
gvn-hoist,inline,0.00089425201161214,0.9592948640443391,0.33741217343683877,59491,59365,0.5711036598820814,False
gvn-hoist,sink,0.0005087907162655836,0.5422942072174761,0.5876168667515664,59230,59144,0.7808305565657055,False
gvn-hoist,loop-vectorize,-0.0030938413244189222,-3.331103309136537,0.0008652878692575885,59347,59746,0.0035333339895857315,True
gvn-hoist,slp-vectorizer,0.0013891218944323547,1.4938131034179667,0.1352271387165698,59085,59417,0.3052158358582636,False
gvn-hoist,callsite-splitting,0.00043438815710850065,0.4664998590907982,0.6408586049102897,59347,59309,0.8185265155997046,False
gvn-hoist,dfa-jump-threading,0.0005924905809668868,0.6366592843345509,0.5243480333357705,59133,59028,0.7352916772311212,False
gvn-hoist,consthoist,0.0006290189994691553,0.6737186359557046,0.5004915228023231,59559,59194,0.7171331149995965,False
gvn-hoist,mldst-motion,-0.0005625862111994229,-0.6046143904962192,0.5454363953058203,59407,59643,0.752194806085191,False
gvn-hoist,slsr,-1.4400070058040448e-06,-0.001534550272801436,0.9987756090939119,59380,59214,0.9995743782831803,False
gvn-hoist,loop-interchange,-7.286972530773372e-05,-0.07783340066225247,0.9379607085667062,59253,59254,0.9746685582089639,False
gvn-hoist,loop-fusion,0.0007581372159104482,0.8134730193498855,0.41594853380251773,59819,59406,0.6441379647502988,False
gvn-hoist,loop-distribute,0.0006907574597525556,0.7383055122739662,0.46033027059945353,59715,59533,0.68572163930436,False
gvn-hoist,loop-load-elim,0.0002992262595584161,0.3230113025133851,0.7466872509480409,59363,59417,0.8815276679868942,False
gvn-hoist,loop-sink,0.0009567180757190097,1.0283015264823305,0.30381010320376856,59491,59517,0.5349462069001608,False
gvn-hoist,loop-unroll-and-jam,0.00045706222458008483,0.49191493491692867,0.6227803865708117,59777,59327,0.8064841249375988,False
gvn-hoist,hotcoldsplit,2.27230100507958e-05,0.024505045815718742,0.980449800082738,59583,59285,0.9923280643735367,False
gvn-hoist,irce,0.0008700421397832003,0.9386136742995936,0.3479310382549669,59316,59453,0.5802802154201236,False
gvn-hoist,nary-reassociate,0.00110032946083366,1.1829965548697516,0.2368128764706573,59472,59519,0.4497377421237119,False
gvn-hoist,scalarizer,0.0005125628432294249,0.5484683817344472,0.5833713642476509,59521,59327,0.7790948009519083,False
gvn-hoist,vector-combine,-0.0004054659162806007,-0.4370687314249929,0.6620622989452051,59127,59500,0.8328416198745335,False
gvn-hoist,always-inline,0.0008289207540950749,0.8927067240360187,0.3720160540047196,59395,59593,0.6034287674728298,False
gvn-hoist,globalsplit,0.0008719403837886275,0.9326962136506912,0.3509787331784349,59315,59693,0.5831280098119437,False
gvn-hoist,lowerswitch,0.0004773817154894999,0.5091408346080661,0.6106544525061948,59627,59690,0.7976393715858102,False
gvn-hoist,early-cse-memssa,-0.0036516359372293916,-5.163525682031009,2.427305512689741e-07,59495,59420,1.5257348936906943e-06,True
gvn-hoist,simple-loop-unswitch,-0.0014654574964751421,-1.5726273919171572,0.11580778986064932,59139,59418,0.27107190979934415,False
gvn-hoist,loop-versioning,-0.0013191322071432476,-1.4016966590914017,0.16100846537862787,59341,59283,0.3479631072972995,False
gvn-hoist,loop-flatten,-0.00010091870258627234,-0.10814017308178976,0.9138846840965755,59186,59626,0.9658626280512042,False
gvn-hoist,loop-reroll,0.0006111188417611824,0.6542524459853126,0.5129504397288129,59525,59696,0.7272678935474408,False
gvn-hoist,loop-instsimplify,0.0003929887157477774,0.4244472321337098,0.6712404496396928,59351,59422,0.8398011504118328,False
gvn-hoist,loop-simplifycfg,0.0001049824763022511,0.11258475648033071,0.9103599608104995,59221,59704,0.9645524753445788,False
gvn-hoist,loop-predication,-0.0001358965795654754,-0.1459911089521871,0.8839286539702156,59607,59668,0.94860636035828,False
gvn-hoist,speculative-execution,-0.000494412294033908,-0.5313299591606723,0.5951911375815319,59805,59479,0.7863591412851818,False
gvn-hoist,partially-inline-libcalls,0.0005568044954818996,0.5962937102116067,0.5509801709429264,59482,59047,0.7554756125393907,False
gvn-hoist,load-store-vectorizer,0.0005073740355149292,0.5465350893578398,0.5846991994794338,59328,59662,0.7795989326392452,False
gvn-hoist,iroutliner,0.003799302302490981,4.143270005280294,3.426249815498006e-05,59343,59507,0.00016861500480347305,True
gvn-hoist,global-merge,0.001071936670420548,1.1522919934983586,0.24920342375385074,59304,59574,0.4671520380182286,False
gvn-hoist,break-crit-edges,-0.0054833417800272954,-5.801493294491424,6.589325196948387e-09,59420,59196,5.2768501986196084e-08,True
gvn-hoist,unreachableblockelim,0.00014882667067261934,0.16000618320838875,0.8728764741335366,59914,59493,0.9439383001794686,False
gvn-sink,newgvn,-0.0018623221297606185,-2.5733429760323903,0.010073332093709645,59185,59957,0.0341829882833336,True
gvn-sink,early-cse,0.0052095576789989995,6.1373301194513195,8.41833887592748e-10,59495,59563,7.391528035455608e-09,True
gvn-sink,mergereturn,0.0011986879659368621,1.2773539849275077,0.20147979535727234,59627,59343,0.40607044705047785,False
gvn-sink,globalopt,0.0017744482959622387,1.8882337117832915,0.05899701943064145,59224,59450,0.15707512337898427,False
gvn-sink,strip-dead-prototypes,0.0024187519468477636,2.57676307145659,0.009974221007712092,59420,59650,0.0339348822469162,True
gvn-sink,indvars,0.0012363047583797138,1.314466140872965,0.18869191164578888,59599,59733,0.3891087551368664,False
gvn-sink,mergeicmps,4.54178761522539e-05,0.04830404709424653,0.9614740100874908,59699,59571,0.9862222342857055,False
gvn-sink,separate-const-offset-from-gep,0.003364617113879642,3.5783502181545654,0.00034590668850711,59680,59785,0.0014984187966746048,True
gvn-sink,libcalls-shrinkwrap,0.0012074800493306892,1.2805673822268726,0.20034816589841445,59191,59488,0.4054211709635641,False
gvn-sink,flattencfg,0.0021417818882868978,2.275801443000902,0.02285966584920832,59478,59498,0.07026566049097314,False
gvn-sink,loop-reduce,4.909351808696227e-05,0.0526443596006367,0.9580153602519442,59751,59543,0.9849273170770843,False
gvn-sink,loop-unroll,-0.008154604175521385,-8.072565829038094,6.948115735665978e-16,59391,59377,1.0883528488347187e-14,True
gvn-sink,loop-rotate,0.0020822555414249933,2.1339742757685642,0.03284693004789484,59475,59235,0.0963509948071582,False
gvn-sink,partial-inliner,0.0023335412586661386,2.4904555666218884,0.012759293901073462,59720,59615,0.04212933804098118,True
gvn-sink,lower-expect,0.0010515227302370644,1.11907636807515,0.2631098320665993,59086,59312,0.48669726139480535,False
gvn-sink,alignment-from-assumptions,0.0011182896198340675,1.1820192600251918,0.23720042693769233,59317,59401,0.4500372441317845,False
gvn-sink,rpo-function-attrs,0.0014176743033451067,1.5097785988351011,0.13110257871328013,59554,59638,0.29883451585634746,False
gvn-sink,attributor,0.004627504031997354,5.408619068406776,6.363477518145341e-08,59196,59575,4.3949520213504685e-07,True
gvn-sink,inferattrs,0.0012802100345738476,1.3671285529937225,0.17158759398901355,59515,59641,0.362035031282854,False
gvn-sink,called-value-propagation,0.0023927841392719085,2.554138209645156,0.010646334678421179,59487,59432,0.035817050344241694,True
gvn-sink,licm,0.002341549532029419,2.43722073489556,0.014802095124827613,59717,59433,0.04818371114615539,True
gvn-sink,loop-simplify,0.0014038897546959084,1.4908918330558087,0.13599253276426673,59702,59934,0.3065899587247372,False
gvn-sink,div-rem-pairs,0.0010991780391932382,1.1668405112374494,0.24327711132508517,59555,60014,0.4586775002161933,False
gvn-sink,float2int,0.0020460769650866295,2.1760905737767358,0.029550450142445395,59527,59396,0.0874838808200836,False
gvn-sink,inline,0.0011581835941645857,1.2370137686529061,0.21608441067575523,59706,59369,0.4238358322928403,False
gvn-sink,sink,0.0005068786022729976,0.5371156140248196,0.5911887596561166,59356,59735,0.7827672465690557,False
gvn-sink,loop-vectorize,0.0005161526003156225,0.5473791497914681,0.5841193048405866,59304,59511,0.7790948009519083,False
gvn-sink,slp-vectorizer,0.0023926435322755846,2.556842611893389,0.010563925853389331,59533,59779,0.03560097559541534,True
gvn-sink,callsite-splitting,0.0009817503044493026,1.0450185660505547,0.2960165111493246,59656,59368,0.5261918554973922,False
gvn-sink,dfa-jump-threading,0.0015703070037031974,1.6696262120380925,0.09499598528800794,59175,59222,0.2319228668253361,False
gvn-sink,consthoist,0.0026060841928104983,2.760499055415844,0.005772195719201294,59453,59565,0.02083310454967029,True
gvn-sink,mldst-motion,0.0004071477586521932,0.4371900262960813,0.6619743332219571,59664,59737,0.8328416198745335,False
gvn-sink,slsr,0.0027523424031709043,2.9091766650497406,0.0036244907052366596,59488,59506,0.013485464667813191,True
gvn-sink,loop-interchange,0.0002700702235815533,0.2853196574854913,0.7753997526539578,59247,59265,0.8939222414822159,False
gvn-sink,loop-fusion,0.002428181880305247,2.5759730418443154,0.009997035979214598,59587,59674,0.033982979943232954,True
gvn-sink,loop-distribute,0.0020833965572207847,2.215603622106864,0.02672054527277447,59641,59418,0.08049050406783449,False
gvn-sink,loop-load-elim,0.002500550602147489,2.648459019668839,0.008087032641031874,59565,59365,0.028175106603452685,True
gvn-sink,loop-sink,0.0027176661373307653,2.892406512210753,0.0038237234558839185,59310,59449,0.014193081567053484,True
gvn-sink,loop-unroll-and-jam,0.0002255216072871713,0.2394417967828516,0.8107634351933477,59353,59837,0.9109521591753968,False
gvn-sink,hotcoldsplit,0.0006505751669003135,0.6940182413499921,0.48767212324008624,59474,59609,0.7078295161631497,False
gvn-sink,irce,0.0020032773238449764,2.125189853775998,0.03357282848973729,59808,59202,0.09803966917659301,False
gvn-sink,nary-reassociate,0.00033598032965537206,0.35578873542812167,0.7219994170757431,59512,59353,0.870223966448921,False
gvn-sink,scalarizer,0.0016003694404193025,1.6898766393976363,0.09105418183012265,59371,59411,0.224539153681839,False
gvn-sink,vector-combine,0.0005488402661075198,0.5825093998422258,0.560224714115288,59683,59480,0.7628094507911918,False
gvn-sink,always-inline,0.0017464317847316058,1.8638569818144295,0.06234425443819246,59407,59494,0.1646258262845325,False
gvn-sink,globalsplit,0.0016493845276766006,1.7462465207751119,0.08077070010276544,59520,59690,0.2032763892046462,False
gvn-sink,lowerswitch,0.00038761652338353825,0.4119905974271272,0.6803470590565459,59391,59290,0.8451575036353483,False
gvn-sink,early-cse-memssa,-0.0023128767542849316,-3.2201601802890165,0.0012815329967332918,59780,59479,0.005141888540171691,True
gvn-sink,simple-loop-unswitch,0.0006363039545442817,0.6771161324900634,0.4983335842707681,59813,59749,0.7150876936622674,False
gvn-sink,loop-versioning,0.0007255390876824142,0.7641917421633063,0.44475450511353554,59630,59137,0.6711826705967935,False
gvn-sink,loop-flatten,0.0002519688437191414,0.26673365195931076,0.7896747019661374,59752,59781,0.8994665889759726,False
gvn-sink,loop-reroll,0.0019406851163075167,2.0722573899014574,0.0382435929536998,59703,59340,0.10931526277860469,False
gvn-sink,loop-instsimplify,0.0022635525357639352,2.4186754096626193,0.015578629123853866,59412,59151,0.05026262194784608,False
gvn-sink,loop-simplifycfg,0.001461033967417591,1.5431855934428997,0.12278842433852342,59231,59181,0.2835138382722039,False
gvn-sink,loop-predication,0.001579196277391115,1.6734257424941281,0.09424614038940204,59482,59591,0.23023573659694224,False
gvn-sink,speculative-execution,0.0018191881068317928,1.9316732269434644,0.05340220857845096,59701,60014,0.14492241773611503,False
gvn-sink,partially-inline-libcalls,0.0007792415231067107,0.8238102805517872,0.4100490161579365,59848,59162,0.6377092721503095,False
gvn-sink,load-store-vectorizer,0.0022292252512430277,2.379744416428673,0.017326210586275828,59822,59564,0.055412796100911606,False
gvn-sink,iroutliner,0.004902441928386458,5.297821102149892,1.174004124841267e-07,59383,59666,7.779018871198649e-07,True
gvn-sink,global-merge,0.001564927459029919,1.661013790985452,0.0967133091355834,59415,59692,0.23465261373912305,False
gvn-sink,break-crit-edges,-0.005670479416531982,-5.9557329773723096,2.5963209332929e-09,59765,59244,2.1632325052712755e-08,True
gvn-sink,unreachableblockelim,0.0022583649767949354,2.4024427040206517,0.016287503647867768,59487,59823,0.052366062631404094,False
newgvn,early-cse,0.005372929478975608,7.604143960961453,2.8888301953026583e-14,59616,59589,4.011581221562131e-13,True
newgvn,mergereturn,0.0018294367798134537,2.595705989538232,0.009440838437497125,59800,59297,0.032344989782361104,True
newgvn,globalopt,0.0019668348668653857,2.7577586528185836,0.005820801203042323,59714,59527,0.02096505493355597,True
newgvn,strip-dead-prototypes,0.00444190891199675,6.230887544624787,4.653445320238948e-10,59442,59654,4.198823012455235e-09,True
newgvn,indvars,0.0029741916227452037,4.176134128108482,2.967157009840648e-05,59764,59323,0.00014726726046306688,True
newgvn,mergeicmps,0.0018297720853636679,2.5556397381570504,0.010600513580946344,59534,59349,0.0356935607764281,True
newgvn,separate-const-offset-from-gep,0.003258464951131357,4.562905478872328,5.050117871709423e-06,59225,58984,2.754353981283301e-05,True
newgvn,libcalls-shrinkwrap,0.002891873073752216,4.0860490403040535,4.39068284468323e-05,59890,59110,0.0002135889940345283,True
newgvn,flattencfg,0.003898184783003855,5.44753025591254,5.117536229677002e-08,59488,58966,3.585021802399846e-07,True
newgvn,loop-reduce,0.0013979549580600548,1.9976256070528289,0.04575953048343558,59804,59555,0.1268569596811158,False
newgvn,loop-unroll,-0.007645686992539535,-9.501787771649429,2.101575432172922e-21,59845,59353,5.241891332731951e-20,True
newgvn,loop-rotate,0.0020201566730991827,2.6885553626168344,0.00717719133145219,59708,59435,0.02534344567535327,True
newgvn,partial-inliner,0.003945384575678834,5.554116055908213,2.796152547413313e-08,59544,59241,2.0202460102713162e-07,True
newgvn,lower-expect,0.002252785018352743,3.1635143466609947,0.0015591589114070886,59408,59649,0.006167339694010262,True
newgvn,alignment-from-assumptions,0.003662904252767385,5.113333449389752,3.170131329900668e-07,59412,59314,1.964277577197945e-06,True
newgvn,rpo-function-attrs,0.002870569507375187,4.0439458689248475,5.25921573660492e-05,59627,59307,0.00025363409882444416,True
newgvn,attributor,0.012601682893882804,18.11541487479417,3.023170794942885e-73,59478,59545,5.91936841649817e-71,True
newgvn,inferattrs,0.0023235282322803807,3.2666746658439623,0.0010884946850550985,59732,59198,0.004403455771359262,True
newgvn,called-value-propagation,0.003536007479691239,4.95334449944254,7.304867023664826e-07,59347,59330,4.360649278151137e-06,True
newgvn,licm,0.0004156426317787898,0.5502991492290695,0.5821152379024638,59978,59457,0.7790921925254118,False
newgvn,loop-simplify,0.004005813484574516,5.6299344651624335,1.8068226465164835e-08,59743,59387,1.350289596137128e-07,True
newgvn,div-rem-pairs,0.0024998905203920674,3.4847952610698893,0.0004926901894638774,59671,59818,0.002092597377375861,True
newgvn,float2int,0.004093407698932072,5.8045575528132805,6.469877095653231e-09,59842,59570,5.191811210364355e-08,True
newgvn,inline,0.0034031436752884336,4.782690747129051,1.731706037237803e-06,59912,59191,1.0016781154834914e-05,True
newgvn,sink,0.00339160860066956,4.766381295336434,1.8778506916223117e-06,59732,59369,1.0798330849328888e-05,True
newgvn,loop-vectorize,-0.0006284769222886233,-0.8717375429682269,0.3833533306012985,59420,59969,0.6129896458287811,False
newgvn,slp-vectorizer,0.0037937356438689784,5.278566800721092,1.3042584367782855e-07,59460,59500,8.55523624526594e-07,True
newgvn,callsite-splitting,0.0024292526662506586,3.387047103404127,0.0007067219317568327,59460,59132,0.002931698183008217,True
newgvn,dfa-jump-threading,0.0030533726909212078,4.31700579988787,1.5828786088247286e-05,59595,59167,8.081554931105133e-05,True
newgvn,consthoist,0.001703616086142945,2.382606081214862,0.017192136841295173,59556,59593,0.055093623461957356,False
newgvn,mldst-motion,0.0027425109046644858,3.8652728646227255,0.0001110238517520464,59866,59306,0.0005114934158364868,True
newgvn,slsr,0.004149456934748497,5.82799018688266,5.6243175521545134e-09,59576,59212,4.5505842012886514e-08,True
newgvn,loop-interchange,0.0024109623773208577,3.405954504239188,0.0006595503877694082,59297,59221,0.002747658849473407,True
newgvn,loop-fusion,0.0036603862757768058,5.1155017641356135,3.1339246123523773e-07,59766,59278,1.9449205676659127e-06,True
newgvn,loop-distribute,0.0036490897400013322,5.057199036510956,4.2608814587718903e-07,59478,59743,2.6071268425860504e-06,True
newgvn,loop-load-elim,0.0025511532687639282,3.5749669575280865,0.0003504108233426967,59736,59257,0.0015162528002320445,True
newgvn,loop-sink,0.0037073027285283167,5.234694420439546,1.6553863099421105e-07,59697,58903,1.071486411526166e-06,True
newgvn,loop-unroll-and-jam,0.0021344129940746304,3.0024474556599507,0.00267873642390727,59985,59424,0.01022410510333418,True
newgvn,hotcoldsplit,0.003590765977435517,5.056864431433415,4.2683603629708966e-07,59989,59205,2.6076285774405664e-06,True
newgvn,irce,0.002513561985583501,3.5680130379878414,0.0003598397614368103,60195,58912,0.0015519080460204286,True
newgvn,nary-reassociate,0.0025391157472576253,3.508608876422799,0.00045062325829385596,59411,59439,0.001922266535379891,True
newgvn,scalarizer,0.003208586913250766,4.487200414531494,7.223266162105643e-06,59486,59530,3.841481611027686e-05,True
newgvn,vector-combine,0.003361599874129151,4.718530803250239,2.3782338228293507e-06,59583,59420,1.3380982256034104e-05,True
newgvn,always-inline,0.004214891569155055,5.986568399730238,2.149250083745749e-09,59650,59457,1.802240541316564e-08,True
newgvn,globalsplit,0.0027020465690792417,3.7639024073887035,0.00016736248075975793,59690,59302,0.0007541904196262509,True
newgvn,lowerswitch,0.0019810918538548106,2.740391442964859,0.006137520641282115,59477,59441,0.021929316451880256,True
newgvn,early-cse-memssa,-0.000624110627117036,-0.8843008777099705,0.376535598169069,59817,59569,0.6067577351870586,False
newgvn,simple-loop-unswitch,0.002583088551443402,3.6468541111052213,0.0002655831138838968,59928,59701,0.0011738413927419188,True
newgvn,loop-versioning,0.0018453405865350714,2.558051428137503,0.010527279761969897,59609,59380,0.035508034063629734,True
newgvn,loop-flatten,0.0021112387640289665,2.9445068254261146,0.0032353260347964172,59194,59335,0.01218224687717574,True
newgvn,loop-reroll,0.0027682620911971267,3.8584523324664213,0.00011416763157813538,59206,59459,0.0005253050873084273,True
newgvn,loop-instsimplify,0.0026375528730692155,3.6957172729815833,0.00021936527602759898,59427,59579,0.0009761754783228155,True
newgvn,loop-simplifycfg,0.002701805637358168,3.781633073863857,0.00015587923722147002,59334,59317,0.0007056914369471406,True
newgvn,loop-predication,0.0025620777404966044,3.5917578545092046,0.0003285874442339245,59626,59201,0.0014281336643951702,True
newgvn,speculative-execution,0.0028433122166006686,3.9760104700438035,7.012229766847019e-05,60008,59304,0.00033204222209157105,True
newgvn,partially-inline-libcalls,0.0026890347557365635,3.760509327471827,0.00016964877581775867,59895,59227,0.0007627377796812203,True
newgvn,load-store-vectorizer,0.003641716897170577,5.160982290278221,2.460497498454878e-07,59764,59597,1.544119904479055e-06,True
newgvn,iroutliner,0.00781751100407857,10.987093194231079,4.548632853938495e-28,59215,59648,1.6493005792614025e-26,True
newgvn,global-merge,0.0034360280925355147,4.840532124036066,1.2965371387573845e-06,59736,59433,7.600657837386104e-06,True
newgvn,break-crit-edges,-0.004161182206748826,-5.728182653986002,1.0175614996323468e-08,59686,59216,7.922009607475686e-08,True
newgvn,unreachableblockelim,0.003907261110619065,5.485964427549165,4.12055049922854e-08,59486,59471,2.896961535902866e-07,True
early-cse,mergereturn,-0.0031195815781339675,-3.6889456502008153,0.00022528512664471518,59778,59692,0.0010013808807499485,True
early-cse,globalopt,-0.0028529050915855336,-3.3531016279332997,0.0007993628886524941,59279,59715,0.0032846852801292413,True
early-cse,strip-dead-prototypes,-0.0028765478410163192,-3.404630941250031,0.0006627544130424478,59091,59575,0.0027551446724779463,True
early-cse,indvars,-0.002880733823600712,-3.4113578154569084,0.0006466166810903518,59534,59549,0.0026966463505322873,True
early-cse,mergeicmps,-0.003705267519274913,-4.3935381665241255,1.1161696432272129e-05,59419,59396,5.8013875206992784e-05,True
early-cse,separate-const-offset-from-gep,-0.0019466577210850988,-2.2848139499656854,0.02232549424653885,59180,59593,0.06878570847320703,False
early-cse,libcalls-shrinkwrap,-0.0031745369760813325,-3.761880167055389,0.00016872170649472293,59480,59408,0.0007594416122222242,True
early-cse,flattencfg,-0.002564594726604863,-3.0530212919480086,0.0022659987941540507,59494,59429,0.008751135382551541,True
early-cse,loop-reduce,-0.00460817325716345,-5.5475289898730304,2.9034827934484036e-08,59528,59685,2.0862456181915503e-07,True
early-cse,loop-unroll,-0.012953133701873065,-14.132517459006529,2.610019845112542e-45,59518,59157,2.6896941351212407e-43,True
early-cse,loop-rotate,-0.004619021265389156,-5.250392831903592,1.520355320802057e-07,59460,59303,9.889886106745607e-07,True
early-cse,partial-inliner,-0.001638590241953175,-1.946000550359466,0.05165703241002779,59364,59232,0.14086973462233204,False
early-cse,lower-expect,-0.003678454014400423,-4.3953551263752555,1.1068713748498748e-05,59792,59498,5.771648873384966e-05,True
early-cse,alignment-from-assumptions,-0.0031872194983589286,-3.7691037856397376,0.00016391375969883023,59229,59830,0.0007403532675670347,True
early-cse,rpo-function-attrs,-0.0032090651986597107,-3.7831350330169933,0.00015494130520887517,59268,59452,0.0007025209351841364,True
early-cse,attributor,-0.001031042801944937,-1.3168819376651222,0.18788075290825298,59216,59078,0.3880490656058643,False
early-cse,inferattrs,-0.0007122819661612434,-0.843569611488576,0.39891164735694273,59110,59872,0.6276167179790229,False
early-cse,called-value-propagation,-0.0038972041858952866,-4.677369111041777,2.9089566596307075e-06,59937,59785,1.6227171337769018e-05,True
early-cse,licm,-0.01024588379789898,-11.889326375589583,1.4031547698635304e-32,59956,59406,7.044556511263571e-31,True
early-cse,loop-simplify,-0.0024647997101012176,-2.9090292967619824,0.003626198747499308,59362,59775,0.013485464667813191,True
early-cse,div-rem-pairs,-0.002972673045316787,-3.501857295695305,0.00046219604314527604,59673,59462,0.001969488253489555,True
early-cse,float2int,-0.002746280492205544,-3.2471687827854936,0.0011659152636306536,59238,59668,0.004697247090923498,True
early-cse,inline,-0.0034925910088321466,-4.1180638670606005,3.8232721921810115e-05,59144,59499,0.00018714917380726053,True
early-cse,sink,-0.0026501095564499533,-3.129680300020802,0.0017503903955002314,59430,59251,0.006861390178957864,True
early-cse,loop-vectorize,-0.0067530429569346295,-7.923598227428694,2.327173424998909e-15,59310,59544,3.491651774825949e-14,True
early-cse,slp-vectorizer,-0.0016677533748256645,-1.9744112742765632,0.04833730453295491,59414,59640,0.1331145460977858,False
early-cse,callsite-splitting,-0.0032054981643308555,-3.799585892418847,0.00014501027858022418,59175,59692,0.000661071304912873,True
early-cse,dfa-jump-threading,-0.0038764448577138233,-4.58996760584907,4.437700183872916e-06,59013,59200,2.4338983081297394e-05,True
early-cse,consthoist,-0.0022596928608377143,-2.673680020251117,0.007503425617082603,59599,59173,0.02640019291688722,True
early-cse,mldst-motion,-0.003283319723300926,-3.9197235488840008,8.86999593466966e-05,59692,59829,0.0004120391943080236,True
early-cse,slsr,-0.002641903220013897,-3.1235000231236283,0.0017875685954112717,58990,59632,0.00700011861963054,True
early-cse,loop-interchange,-0.0030452326278354036,-3.601160435274185,0.00031692971621463445,58893,59284,0.001382067671154241,True
early-cse,loop-fusion,-0.002387501550334181,-2.8351526650612437,0.004581152190806455,59348,59537,0.0168133008239907,True
early-cse,loop-distribute,-0.0027279366524950444,-3.215422692325899,0.0013028739374512457,59571,59231,0.00522216411367357,True
early-cse,loop-load-elim,-0.0020386869376194383,-2.4272686817866993,0.015214459957515704,59615,59268,0.049361909853878616,True
early-cse,loop-sink,-0.004242228221720101,-5.050167807570135,4.420719291202381e-07,59346,59735,2.692307425248604e-06,True
early-cse,loop-unroll-and-jam,-0.0031995746125791924,-3.767474765041175,0.00016498671939040553,59355,59573,0.0007443410059133963,True
early-cse,hotcoldsplit,-0.003922574586116001,-4.660089201698156,3.1641332041503023e-06,59734,59522,1.75755257126987e-05,True
early-cse,irce,-0.0015989112741462974,-1.8957881351837385,0.05799049404201094,59204,59414,0.15532884724248622,False
early-cse,nary-reassociate,-0.0038676832138603845,-4.557512169645355,5.181473022873156e-06,59303,59167,2.8220651401350877e-05,True
early-cse,scalarizer,-0.003316386978596486,-3.902406028339206,9.529377283093262e-05,59146,59498,0.0004416217921963694,True
early-cse,vector-combine,-0.0035907821912544158,-4.240519294093099,2.231709953372573e-05,59401,59842,0.00011233131333428016,True
early-cse,always-inline,-0.002028800870222891,-2.4176990171257353,0.015620480925004555,59859,59276,0.05034551712124925,False
early-cse,globalsplit,-0.0017404713291299667,-2.065193697031683,0.03890683780175173,59336,59651,0.11080667405938892,False
early-cse,lowerswitch,-0.004805554713553539,-5.597138119823202,2.1839918179236886e-08,59343,59209,1.6076150298851814e-07,True
early-cse,early-cse-memssa,-0.006040335156511423,-8.551819110623637,1.2256802154317087e-17,59556,59598,2.1718387889731093e-16,True
early-cse,simple-loop-unswitch,-0.0038275712685317265,-4.524932798192348,6.047323731933848e-06,59383,59229,3.275424582884225e-05,True
early-cse,loop-versioning,-0.004135730620251299,-4.854294561569075,1.2096944201722767e-06,59295,59266,7.112857881973927e-06,True
early-cse,loop-flatten,-0.004450856036916029,-5.260224595160117,1.441276341125704e-07,59193,59820,9.406730253080428e-07,True
early-cse,loop-reroll,-0.004274386151809917,-5.054080024308003,4.3311128698149953e-07,59191,59428,2.6418439249525736e-06,True
early-cse,loop-instsimplify,-0.0019618311266677013,-2.3149057752454127,0.020619780966087367,59521,59556,0.06423791747271132,False
early-cse,loop-simplifycfg,-0.0022530046568849937,-2.668493271837983,0.007620261998739385,59500,59633,0.026715260507666455,True
early-cse,loop-predication,-0.0035588252044519986,-4.209125045046192,2.565493266655629e-05,59715,59275,0.0001284715042483816,True
early-cse,speculative-execution,-0.003373753679673186,-3.9833398383039675,6.799378984331839e-05,59403,59847,0.000322743855789618,True
early-cse,partially-inline-libcalls,-0.002832343175463936,-3.3526768865648964,0.0008005893406313444,59789,59587,0.0032862765806209067,True
early-cse,load-store-vectorizer,-0.002559978629875559,-3.0327825587174626,0.0024236237501927744,59685,59157,0.009323094897598139,True
early-cse,iroutliner,0.0005270654495360128,0.6330477725275296,0.5267036646457603,59204,59696,0.737159239011007,False
early-cse,global-merge,-0.0027653738096415914,-3.253416759954067,0.0011405792411590776,59341,59598,0.004599905569906228,True
early-cse,break-crit-edges,-0.007566522977880463,-8.823273874169844,1.1262030125756021e-18,59319,59779,2.1941348245005264e-17,True
early-cse,unreachableblockelim,-0.003113599670418299,-3.680679095392411,0.00023271642892467342,59206,59592,0.0010309021896708383,True
mergereturn,globalopt,0.0008088425975754654,0.8540686998178885,0.39306864309128686,59449,59681,0.6219120380809108,False
mergereturn,strip-dead-prototypes,0.0002172304989722651,0.23084977638081616,0.817431905686391,59556,59646,0.9143669457708982,False
mergereturn,indvars,3.426058155109324e-05,0.03652701750253756,0.9708621973845507,59554,59666,0.9886640036901734,False
mergereturn,mergeicmps,-0.0003259322564189704,-0.3470473193032659,0.7285563800946709,59973,59707,0.8722185216908381,False
mergereturn,separate-const-offset-from-gep,0.001370109050791768,1.448762903714317,0.14740644562446223,59372,59456,0.3253910039827475,False
mergereturn,libcalls-shrinkwrap,-0.0018602523362048484,-1.9755352584410693,0.04820974125586843,59547,59606,0.13285668315128837,False
mergereturn,flattencfg,-0.0015341632039597708,-1.6461052923317585,0.09974472453490045,59327,59665,0.24007396513747398,False
mergereturn,loop-reduce,3.3845370941254505e-05,0.036205223827597215,0.9711187812851584,59489,59820,0.9886640036901734,False
mergereturn,loop-unroll,-0.007902763455580886,-7.866989063581352,3.663437374095658e-15,59442,59027,5.3730414820069647e-14,True
mergereturn,loop-rotate,-7.765622913952219e-05,-0.07930160260123333,0.9367928649802966,59615,59433,0.9743641060459074,False
mergereturn,partial-inliner,0.001196018006798083,1.2728360181292027,0.20307873380324581,58958,59569,0.40782375465308235,False
mergereturn,lower-expect,0.00029216488036837296,0.31201384347719563,0.7550305490715509,59363,59716,0.886152964752193,False
mergereturn,alignment-from-assumptions,0.0006497996865190148,0.6882413443750598,0.4913021566168837,59353,59388,0.7102686946134161,False
mergereturn,rpo-function-attrs,-0.0009878950828275945,-1.0551495848971137,0.29135906349400015,59632,59150,0.5209510535873781,False
mergereturn,attributor,0.002871083961651588,3.382037629383443,0.0007197351662184918,59030,59568,0.0029825215988482684,True
mergereturn,inferattrs,0.0015497705122428096,1.6496009551040023,0.09902722676383763,59409,59294,0.238640381542885,False
mergereturn,called-value-propagation,3.411100096145647e-05,0.036412007608516456,0.9709539006958431,59887,59549,0.9886640036901734,False
mergereturn,licm,-0.0006281084673323001,-0.6595834336416886,0.5095224617332069,59917,59380,0.7240921354144285,False
mergereturn,loop-simplify,0.0007827914886618381,0.8330881705255219,0.40479667223264165,59448,59878,0.6333135311478325,False
mergereturn,div-rem-pairs,-0.000759007588227778,-0.8111042275136487,0.4173074364505089,59660,59655,0.645409131571956,False
mergereturn,float2int,0.0008317091249855912,0.8848668052566547,0.3762302550884237,59503,59900,0.6067577351870586,False
mergereturn,inline,0.0007442675208790828,0.7902728342913442,0.4293700291316817,59329,59220,0.6583449624430954,False
mergereturn,sink,-0.00113909490675973,-1.2133615225148227,0.22499404509584242,59406,59292,0.43492713790027665,False
mergereturn,loop-vectorize,-0.0028906545629530656,-3.0656963920715263,0.0021721225313664763,59857,59391,0.00840516979528767,True
mergereturn,slp-vectorizer,0.0012044720856502766,1.2784163816822425,0.20110514741928334,59416,59439,0.405942142935007,False
mergereturn,callsite-splitting,-0.0005188552350431364,-0.5500826972757106,0.5822636886632193,59483,59242,0.7790921925254118,False
mergereturn,dfa-jump-threading,6.110052150870571e-05,0.06440195487571598,0.9486502820047423,59315,59320,0.9805149829074403,False
mergereturn,consthoist,0.0007369957325921161,0.7854378880945032,0.43219843339689157,59472,59853,0.6616454515958669,False
mergereturn,mldst-motion,-0.000542738256221198,-0.5772474178198715,0.5637734161824383,59612,59941,0.765712628474145,False
mergereturn,slsr,0.0005222279819126485,0.5547007651007031,0.5791003939070073,59510,59651,0.7773059246784655,False
mergereturn,loop-interchange,0.0002251478048307387,0.23930789870498825,0.8108672559356521,59280,58959,0.9109521591753968,False
mergereturn,loop-fusion,0.0007762711370435382,0.8226530922918891,0.41070693603381686,60135,59595,0.6382255402811217,False
mergereturn,loop-distribute,0.00014878467386070238,0.15804893181452814,0.8744185085736266,59662,59705,0.94403856187632,False
mergereturn,loop-load-elim,-0.0006734435331313127,-0.7141175058118786,0.47515593083870944,59049,59292,0.6985729860141481,False
mergereturn,loop-sink,-0.0011533560419816902,-1.2228449714552803,0.22139068559601804,59639,59019,0.430897576935391,False
mergereturn,loop-unroll-and-jam,-0.00043606750057328947,-0.4600828402336564,0.6454576037013803,59471,59168,0.8219876345023107,False
mergereturn,hotcoldsplit,0.0008283294102280903,0.8782198329840789,0.37982620404556516,59530,59496,0.6098398585659833,False
mergereturn,irce,-0.00017684374965654115,-0.18702392668829207,0.8516421911990557,59984,59333,0.9346548857157134,False
mergereturn,nary-reassociate,0.00035594186443166365,0.37735790501373034,0.7059083180245124,59737,59331,0.8603600913115439,False
mergereturn,scalarizer,-0.0017231642632210553,-1.8375982900454562,0.06612410862327914,59704,59499,0.17239814205643214,False
mergereturn,vector-combine,0.0006967250607952669,0.7392230744442011,0.4597730082034787,59564,59560,0.68572163930436,False
mergereturn,always-inline,0.0009888161370294468,1.0549029563013372,0.2914718484192915,59934,59258,0.5209510535873781,False
mergereturn,globalsplit,0.000774081532980142,0.8209337880203141,0.4116856303712858,59310,59557,0.6389857029464745,False
mergereturn,lowerswitch,-5.373101946815062e-05,-0.05660836341689409,0.954857266937616,59549,59818,0.9835187064900861,False
mergereturn,early-cse-memssa,-0.004040556684077101,-5.728914322403961,1.0131760778602896e-08,59507,59800,7.903580718926084e-08,True
mergereturn,simple-loop-unswitch,-0.0008470931486297406,-0.8986107281233839,0.3688618619908738,59700,59215,0.60024149181548,False
mergereturn,loop-versioning,-0.0004812697870218985,-0.5071305416188604,0.6120641673060586,59833,59074,0.7982144938805201,False
mergereturn,loop-flatten,0.0006079591034803267,0.6475736961610432,0.5172619615623713,59565,59681,0.7299451681002688,False
mergereturn,loop-reroll,-0.00039620078988045204,-0.418766925594026,0.675387235128092,59686,59306,0.8425665539221434,False
mergereturn,loop-instsimplify,-0.001142548559314116,-1.223738886829776,0.22105315694360197,60005,59543,0.43070365452550063,False
mergereturn,loop-simplifycfg,0.00010289199524404768,0.10910081262131727,0.9131227141735611,59417,59681,0.9658626280512042,False
mergereturn,loop-predication,0.0003753283165334742,0.3987254172796069,0.690096249392887,59984,59614,0.8512222552158719,False
mergereturn,speculative-execution,0.0009305578264700021,0.9846017386303999,0.3248217366640673,59803,59241,0.5566748012150929,False
mergereturn,partially-inline-libcalls,-0.001363928426511174,-1.4517184447991323,0.1465825395104761,59816,59426,0.3244868426924954,False
mergereturn,load-store-vectorizer,0.0008973422290865507,0.9531308172860636,0.3405257314736216,59427,59463,0.5742888735791137,False
mergereturn,iroutliner,0.005286717398680529,5.691567295218072,1.2617254087955765e-08,59526,59765,9.631416570844986e-08,True
mergereturn,global-merge,-0.0007253814724179075,-0.7689332883070925,0.4419344389088065,59397,59753,0.6684493096820727,False
mergereturn,break-crit-edges,-0.006068849558960199,-6.395597870601767,1.6050949148244797e-10,60150,59086,1.5293313105724238e-09,True
mergereturn,unreachableblockelim,0.0006998518493668837,0.7388124136328783,0.46002236931461454,59408,59652,0.68572163930436,False
globalopt,strip-dead-prototypes,-0.00040980194325584973,-0.43558339603818896,0.6631398100151181,59749,59287,0.8336614754475771,False
globalopt,indvars,-0.0003217163989091554,-0.3408073566447309,0.7332492141855598,59613,59265,0.8751612077874587,False
globalopt,mergeicmps,0.0012718803325786898,1.3532518675447125,0.17597775204090135,59532,59463,0.3686155232707895,False
globalopt,separate-const-offset-from-gep,0.0013255148532667071,1.4008953573746574,0.16124798986004635,59111,59231,0.3482885429078552,False
globalopt,libcalls-shrinkwrap,-0.0002987654232085579,-0.31643113675725976,0.7516758402775686,59813,59454,0.8839527298879756,False
globalopt,flattencfg,0.0004977250203403449,0.5296404380983748,0.5963622394728566,59333,59691,0.7873750943276151,False
globalopt,loop-reduce,-0.002188946351253218,-2.3403881535153963,0.01926535131569187,59405,59529,0.060596880122288636,False
globalopt,loop-unroll,-0.009743376506183232,-9.713688062297061,2.6874514907079526e-22,59294,59443,7.20826029973448e-21,True
globalopt,loop-rotate,0.0014756645329344065,1.5101158027462578,0.1310165415802391,59366,59368,0.2988123336215587,False
globalopt,partial-inliner,-0.000873666847093113,-0.9314213131571755,0.3516375598093001,59521,59484,0.5839748448741388,False
globalopt,lower-expect,-0.0008551548546392729,-0.9109794141118218,0.3623080642758199,59446,59653,0.594884016647426,False
globalopt,alignment-from-assumptions,0.0012789387003304675,1.3536060862916126,0.1758646565489671,59508,59425,0.3686155232707895,False
globalopt,rpo-function-attrs,-0.0002812555317672216,-0.2996338691550109,0.7644569698536732,59588,59442,0.8887356474692288,False
globalopt,attributor,0.0022656272483051465,2.671236725434837,0.007558263649188703,59197,59508,0.026521649148945305,True
globalopt,inferattrs,0.0003043881725086073,0.32135477105609966,0.7479421200584294,59517,59221,0.8822112476351837,False
globalopt,called-value-propagation,0.0003497417892939225,0.37207475302154386,0.7098378543893304,59422,59825,0.8627327864024265,False
globalopt,licm,-0.00035016233882984027,-0.36436506733008067,0.7155860634299998,59525,59761,0.8667599827998389,False
globalopt,loop-simplify,-0.0005434626891492322,-0.5738586088696069,0.5660645705801044,59400,59419,0.76780752757104,False
globalopt,div-rem-pairs,-0.001335730761182985,-1.412345802819937,0.15785077734570235,59436,59743,0.34322245646072763,False
globalopt,float2int,-3.20862156455437e-05,-0.0340199269220577,0.972861317668947,59067,59729,0.9891755865546079,False
globalopt,inline,3.465137149527564e-05,0.03683280127828004,0.9706183818880676,59635,59447,0.9886640036901734,False
globalopt,sink,0.0007255649821181764,0.7703882554608056,0.4410711527761704,59227,59366,0.6675688413529527,False
globalopt,loop-vectorize,-0.0019141815261912165,-2.0283431006116537,0.0425274611429241,59894,59360,0.11938174755246651,False
globalopt,slp-vectorizer,0.0001855547328664109,0.19852129967384308,0.8426375598279503,59769,59570,0.9300362695282564,False
globalopt,callsite-splitting,-0.0007579464002768765,-0.8044702778125714,0.4211270382357679,59481,59311,0.6497767855521147,False
globalopt,dfa-jump-threading,0.00024028876687359757,0.2538619127059818,0.7996026808402634,58957,59521,0.9047223629501507,False
globalopt,consthoist,0.0008883910903437209,0.9436631378740324,0.34534372935429986,59569,59659,0.5774406678699565,False
globalopt,mldst-motion,0.0008289482325042341,0.8814924199362933,0.3780531292280425,59925,59556,0.6084899523456697,False
globalopt,slsr,-8.931472444245747e-05,-0.09425725236816136,0.9249049650035898,59588,59441,0.9686038767896754,False
globalopt,loop-interchange,-0.0006362839457971781,-0.6682431211455868,0.5039797180327358,58738,59554,0.7200235592178743,False
globalopt,loop-fusion,0.0009342465160231961,0.9865412566972946,0.32386958501424196,59417,59651,0.5560163502480365,False
globalopt,loop-distribute,-6.077092521628025e-05,-0.06443570130520476,0.9486234120727856,59232,59464,0.9805149829074403,False
globalopt,loop-load-elim,8.945950275057735e-05,0.09477874318459494,0.924490730996727,59259,59681,0.9686038767896754,False
globalopt,loop-sink,-0.0007089323513301826,-0.7520693524629504,0.45201083798562963,59621,59612,0.6776701537334324,False
globalopt,loop-unroll-and-jam,-0.0009635595175748746,-1.0239850266422077,0.30584442599445577,59674,59501,0.537079270042282,False
globalopt,hotcoldsplit,-0.0010930136943611002,-1.1594231808275048,0.24628605536471623,59927,59273,0.4623471681726888,False
globalopt,irce,-3.021210235265581e-06,-0.0031952500370209342,0.9974505690426022,59562,59001,0.9989811837265551,False
globalopt,nary-reassociate,-0.0002260515665091778,-0.2398044861700158,0.8104822416089552,59917,59227,0.9109521591753968,False
globalopt,scalarizer,0.00031849414469453663,0.3374043663870404,0.7358126883678473,59738,59324,0.8769259565019851,False
globalopt,vector-combine,0.0020605011950013408,2.1884400857766035,0.028639504948362135,59283,59308,0.08548193702575162,False
globalopt,always-inline,0.00028141767986594735,0.2997963093220055,0.7643330523037168,59513,59940,0.8887356474692288,False
globalopt,globalsplit,0.0015101200539243687,1.599598261435193,0.10969038968228538,59588,59431,0.26001668643815345,False
globalopt,lowerswitch,0.0002887620879540864,0.30410938450356584,0.7610450896291577,59623,59296,0.8875402676780506,False
globalopt,early-cse-memssa,-0.0028108930736840954,-3.957892662689563,7.565783119528308e-05,59588,59574,0.0003561010420201064,True
globalopt,simple-loop-unswitch,-0.0012371298589335389,-1.3047472380915142,0.19198144653233565,59831,59514,0.3936122223144641,False
globalopt,loop-versioning,0.0002727332120611159,0.2873373895249875,0.7738544971846737,59527,59378,0.8931593070195486,False
globalopt,loop-flatten,-0.0013016713508707256,-1.3744123056815005,0.16931630230531777,59560,59636,0.3593727045136176,False
globalopt,loop-reroll,0.00039539285495182597,0.41912706192108984,0.6751240309721139,59639,59349,0.8425065982430842,False
globalopt,loop-instsimplify,-3.710657740790824e-05,-0.039558828787761,0.9684449180306757,59493,59395,0.9883842322147839,False
globalopt,loop-simplifycfg,-0.0004863969859769113,-0.5151113696464159,0.6064761535583639,59786,59401,0.7937702598043292,False
globalopt,loop-predication,0.0006192689942560725,0.6548932922145657,0.5125377261066628,59612,59333,0.7269459382229959,False
globalopt,speculative-execution,0.0008564632487678692,0.9095312520700838,0.3630715997429252,60132,59708,0.5951395498506885,False
globalopt,partially-inline-libcalls,0.0007819067299740246,0.8272304646504585,0.40810810425161903,59831,59360,0.6357006110777009,False
globalopt,load-store-vectorizer,-0.0006709390387502623,-0.7132552797846047,0.47568920241242585,59741,59355,0.6989864602803225,False
globalopt,iroutliner,0.00307481900251777,3.2944245583206215,0.0009865224058175364,59300,59552,0.0040116528984231285,True
globalopt,global-merge,0.0011239632044957593,1.1856357997407934,0.2357685190357003,59577,59806,0.4483209905544659,False
globalopt,break-crit-edges,-0.006046784339930056,-6.344670414364914,2.2369986548158983e-10,59588,59364,2.0957145292485785e-09,True
globalopt,unreachableblockelim,-0.001837232536467781,-1.9467799851224512,0.05156346389673873,59559,59611,0.14071256071054275,False
strip-dead-prototypes,indvars,-0.0009038241001960157,-0.9621059253512793,0.3359983582705871,59381,59318,0.569350744693907,False
strip-dead-prototypes,mergeicmps,-0.0013745554875864152,-1.4593225864485482,0.14447898768221062,59308,59418,0.3209187270354718,False
strip-dead-prototypes,separate-const-offset-from-gep,0.0005494007392321532,0.5800595587119178,0.5618755595129754,59168,59128,0.7645256049523321,False
strip-dead-prototypes,libcalls-shrinkwrap,-6.0401174575897e-05,-0.06431960668750311,0.9487158504178477,59105,59369,0.9805149829074403,False
strip-dead-prototypes,flattencfg,-0.00026594049543843257,-0.28294939438097233,0.7772161243372205,59109,59320,0.8951701008542811,False
strip-dead-prototypes,loop-reduce,-0.000966820528560175,-1.0357380046603974,0.3003264921884104,59481,59500,0.5312007874479744,False
strip-dead-prototypes,loop-unroll,-0.008879108995950291,-8.845664631713046,9.220862985218013e-19,59410,59310,1.8054449725056868e-17,True
strip-dead-prototypes,loop-rotate,0.0003697297206278205,0.37822079278812937,0.7052672579271925,59340,59197,0.8602828802914185,False
strip-dead-prototypes,partial-inliner,0.00018251765073384885,0.19431005942383286,0.8459334418685921,59463,59310,0.9315734978507894,False
strip-dead-prototypes,lower-expect,-0.00023418383936746334,-0.24859161011876016,0.8036771303091698,59140,59275,0.9079032887036564,False
strip-dead-prototypes,alignment-from-assumptions,0.001971180902726355,2.0816552526228485,0.037376113217673666,59359,59066,0.10738434289098317,False
strip-dead-prototypes,rpo-function-attrs,0.0011876802792692431,1.25760989947342,0.2085353413198526,59609,59302,0.41401685173858865,False
strip-dead-prototypes,attributor,0.003007538515325814,3.5421007842193086,0.00039710572080714734,59613,59224,0.0017032486338234272,True
strip-dead-prototypes,inferattrs,-0.000686503580413167,-0.7308133171441922,0.46489462725906583,59495,59503,0.6901165126408271,False
strip-dead-prototypes,called-value-propagation,0.0011958448276160882,1.2768526158207487,0.20165678170212273,59505,59281,0.4062180849513954,False
strip-dead-prototypes,licm,0.0003715517464931706,0.3857351157540307,0.699693546051838,59355,59068,0.8562499769809367,False
strip-dead-prototypes,loop-simplify,-0.0016340969119676418,-1.7449822199793066,0.08099054936226557,59684,59134,0.20343745433138677,False
strip-dead-prototypes,div-rem-pairs,-0.0003218187491910718,-0.3411277243823263,0.7330080329698061,59527,59464,0.875140078387122,False
strip-dead-prototypes,float2int,0.0013926334315805255,1.479906586571491,0.13890082482835142,59577,59445,0.31099807320058553,False
strip-dead-prototypes,inline,-0.0014178779757726412,-1.5077412335625484,0.13162342730517657,59449,59341,0.2994987456868515,False
strip-dead-prototypes,sink,0.0006522058010940968,0.689833065507688,0.4903005209781771,59530,59173,0.7098028983920671,False
strip-dead-prototypes,loop-vectorize,-0.0020889492341297222,-2.2045403165802733,0.02748827577713385,59443,59467,0.08248589114425758,False
strip-dead-prototypes,slp-vectorizer,-5.3064338931985144e-05,-0.05657083725506724,0.954887160897678,59417,59492,0.9835187064900861,False
strip-dead-prototypes,callsite-splitting,0.00036998937219406836,0.39271870629662997,0.6945279580454383,59354,59354,0.8528602959253486,False
strip-dead-prototypes,dfa-jump-threading,-0.0009766973336138851,-1.040543813694266,0.29808945218565724,59186,58777,0.5286767639307218,False
strip-dead-prototypes,consthoist,0.0004307384585005569,0.45467294103074085,0.649345380559779,59313,59598,0.8242581880946822,False
strip-dead-prototypes,mldst-motion,-0.0013259402283685717,-1.4099413282900461,0.15855962847836136,59569,59121,0.344381311769974,False
strip-dead-prototypes,slsr,-8.281633837414759e-05,-0.08739448272289158,0.9303581026230334,59613,58775,0.9718011015929046,False
strip-dead-prototypes,loop-interchange,-0.0013628102635080963,-1.4356902365148676,0.1510931482824145,59099,59224,0.3312250531133631,False
strip-dead-prototypes,loop-fusion,0.0002732240653538498,0.2900332888804095,0.7717912768947628,59565,59261,0.8915927638264953,False
strip-dead-prototypes,loop-distribute,0.00019692960542405658,0.20852479015980135,0.8348195861070458,59440,59260,0.9255023026054845,False
strip-dead-prototypes,loop-load-elim,-0.00036814366192455816,-0.39121527987748445,0.6956388165613558,59441,59344,0.8534215556560995,False
strip-dead-prototypes,loop-sink,-0.0014946543391030631,-1.5874500673580088,0.11241341901027892,59249,59136,0.2647089289502419,False
strip-dead-prototypes,loop-unroll-and-jam,-0.0006785624102173538,-0.720231917353186,0.471383628611217,59553,59568,0.6957927966986528,False
strip-dead-prototypes,hotcoldsplit,-0.0005541929602078111,-0.5864954734603568,0.5575437187155574,59644,59012,0.7602162961316583,False
strip-dead-prototypes,irce,-0.001220570516237418,-1.3024998187449068,0.19274810512955592,59361,59434,0.39433883894914934,False
strip-dead-prototypes,nary-reassociate,-0.0011472760955531514,-1.214302413889377,0.22463468324272903,59321,59252,0.43486280229347607,False
strip-dead-prototypes,scalarizer,-0.0007548811672914435,-0.7988291880790237,0.4243910637101464,59340,59220,0.6530119471469287,False
strip-dead-prototypes,vector-combine,-0.000864778790608034,-0.9276952569015419,0.35356755495351055,59300,59457,0.5861856668915949,False
strip-dead-prototypes,always-inline,0.00033297689700390043,0.355221600521553,0.7224242129724978,59761,59298,0.8704381574654487,False
strip-dead-prototypes,globalsplit,-0.0009507718654651609,-1.0077073741485216,0.31359701478660146,59420,59474,0.5457981821797028,False
strip-dead-prototypes,lowerswitch,-0.0009976944700936796,-1.0465716271999155,0.29529932396663555,59552,59185,0.5253939812146046,False
strip-dead-prototypes,early-cse-memssa,-0.003082672141378917,-4.335173345344665,1.4576490024011081e-05,59581,59231,7.481197239059946e-05,True
strip-dead-prototypes,simple-loop-unswitch,-0.0007888697078454743,-0.8411373679420774,0.4002726780769221,59428,59251,0.6292524316937884,False
strip-dead-prototypes,loop-versioning,-0.000994715756807374,-1.0476959984553487,0.2947808305708616,59524,58897,0.5253939812146046,False
strip-dead-prototypes,loop-flatten,0.00043381184311763743,0.45852727779144753,0.6465745078316217,59358,59533,0.8227444123921767,False
strip-dead-prototypes,loop-reroll,-0.0005240547136885487,-0.5564162511393503,0.577927384006138,59381,58970,0.7765031490125115,False
strip-dead-prototypes,loop-instsimplify,0.000552470762807955,0.5888267463263395,0.555978623958688,59281,59254,0.7588749708686728,False
strip-dead-prototypes,loop-simplifycfg,-0.0005952126502655752,-0.6292789896070711,0.529167633004807,59632,59266,0.7389320238717048,False
strip-dead-prototypes,loop-predication,-0.0017041787301980693,-1.8127114528524724,0.0698788569436679,59618,59332,0.1807434635346126,False
strip-dead-prototypes,speculative-execution,0.00017714667197399336,0.18768055974718847,0.8511273903332933,59715,59360,0.9346548857157134,False
strip-dead-prototypes,partially-inline-libcalls,-0.0019374302907305685,-2.059258613440086,0.03947164164485863,59712,59287,0.11208915785443536,False
strip-dead-prototypes,load-store-vectorizer,-0.0015069632292797341,-1.6043733468742782,0.10863443691377488,59372,59654,0.25771376543033553,False
strip-dead-prototypes,iroutliner,0.003119268976819356,3.3609391520868925,0.0007770244291902765,59102,59514,0.0031996084802409282,True
strip-dead-prototypes,global-merge,0.00012374596616199218,0.13077932190860603,0.8959501027599861,59321,59425,0.9565268817906504,False
strip-dead-prototypes,break-crit-edges,-0.006032165373883902,-6.343963573617614,2.2472907464428612e-10,59470,59448,2.1003318766277435e-09,True
strip-dead-prototypes,unreachableblockelim,9.219471947419233e-05,0.09768052849770857,0.9221861418938775,59386,59791,0.9686038767896754,False
indvars,mergeicmps,0.0002967413956245779,0.31526403055112034,0.7525617466658803,59398,59409,0.8847288501782008,False
indvars,separate-const-offset-from-gep,-0.0008565556735108948,-0.9073889274708177,0.36420300959540136,59233,59174,0.5962453953075216,False
indvars,libcalls-shrinkwrap,0.00015270601229366854,0.1628433853705141,0.870642024449053,59240,59608,0.9432465423401805,False
indvars,flattencfg,-0.001369882076758533,-1.4505705911945388,0.14690211572117845,59188,59335,0.3247833280570936,False
indvars,loop-reduce,-0.0012824052931575403,-1.3808839987011041,0.16731722037904603,59563,59602,0.3572596701223251,False
indvars,loop-unroll,-0.010538178362175021,-10.53742778621114,5.96363427861412e-26,59251,59596,1.9624867088279745e-24,True
indvars,loop-rotate,-0.001232221323271998,-1.2627092474733264,0.20669615792210683,59614,59670,0.4116726682446075,False
indvars,partial-inliner,0.000393889004437431,0.4207038048452325,0.6739721445150539,59222,59415,0.8416055222962218,False
indvars,lower-expect,0.00034416606363230073,0.36859403380012595,0.7124309982369135,59280,59855,0.8647186286557712,False
indvars,alignment-from-assumptions,-0.000287305210974087,-0.30550517233343677,0.7599819683041928,59032,59392,0.8875402676780506,False
indvars,rpo-function-attrs,0.00017569133250261437,0.18669151340447138,0.8519028318544557,58821,59009,0.9346548857157134,False
indvars,attributor,0.0032117032204672658,3.795099613598098,0.00014765738886933437,59393,59393,0.0006715753017564616,True
indvars,inferattrs,-0.00048629099976410517,-0.5166399426957139,0.6054084887969694,59425,59442,0.7929028903441245,False
indvars,called-value-propagation,-0.0004900058679397912,-0.5219925354130042,0.6016764960122879,59654,59773,0.7906594491221878,False
indvars,licm,-0.001711694932472474,-1.7758224880008284,0.07576473771898794,59307,59571,0.19278408895877633,False
indvars,loop-simplify,-0.0009970925166863376,-1.0660225600349493,0.28641560090126017,59371,59957,0.5159169701606876,False
indvars,div-rem-pairs,0.00042085496756749663,0.4459724703315147,0.65561794443579,59179,59705,0.8279264335409718,False
indvars,float2int,0.0013239733241275364,1.4018681606776366,0.16095723112875757,59384,59483,0.3479631072972995,False
indvars,inline,-0.002153883414645341,-2.29295896829583,0.021852109664610472,59362,59185,0.06749366295286821,False
indvars,sink,0.0005686112854394465,0.6032062892514484,0.5463726200234198,59026,59367,0.7525836018331733,False
indvars,loop-vectorize,-0.0031688486889480116,-3.3501689997447563,0.000807874278958412,58870,59865,0.003312707514556169,True
indvars,slp-vectorizer,-0.0004903887060879186,-0.5232931030967627,0.6007712758725019,59422,59379,0.790265474073469,False
indvars,callsite-splitting,-0.0006444919519910663,-0.6819997789660605,0.4952404203504932,59502,59290,0.7128115400272275,False
indvars,dfa-jump-threading,-0.000731793683413362,-0.7771109294150805,0.437094876819665,59108,59455,0.6656836019996061,False
indvars,consthoist,0.001988417777475937,2.123776587527154,0.03369088178421678,59530,59768,0.09831109766541947,False
indvars,mldst-motion,-0.0008160586696366323,-0.869598882412967,0.3845214019187547,59461,59626,0.6138039946555561,False
indvars,slsr,-0.0005965399197098709,-0.6320806021846817,0.52733542531364,59568,59328,0.7375162591172193,False
indvars,loop-interchange,-0.0018980969418002092,-2.0228087904189542,0.043095102524901376,59091,59610,0.12064753917937984,False
indvars,loop-fusion,-0.0008461418167768353,-0.8995091359620568,0.36838334783951326,59597,59683,0.60024149181548,False
indvars,loop-distribute,-0.00028197204702512524,-0.2998491068764426,0.7642927782810319,59742,59553,0.8887356474692288,False
indvars,loop-load-elim,-0.0012312471037818629,-1.3030408398265119,0.1925633502052945,59147,59399,0.39433883894914934,False
indvars,loop-sink,-0.0009989468050802808,-1.063932182341988,0.28736158056892225,59503,59569,0.5168489725549842,False
indvars,loop-unroll-and-jam,-0.001171768767067538,-1.2454660094355443,0.2129629542336111,59587,59450,0.4197095766375547,False
indvars,hotcoldsplit,-0.0009207695668152494,-0.9779040216472207,0.32812378250437196,59626,59457,0.5608610791301268,False
indvars,irce,-0.0004813159608645923,-0.5152254411696372,0.6063964485530048,59690,59490,0.7937702598043292,False
indvars,nary-reassociate,0.0009072146105311152,0.9612406093156819,0.3364331612211597,59266,59384,0.5698409426219988,False
indvars,scalarizer,-0.001089898279342305,-1.160540960276111,0.24583095740009916,59646,59256,0.46215747920249084,False
indvars,vector-combine,-0.0001468476908444427,-0.1561622620268274,0.875905387914671,59176,59515,0.94403856187632,False
indvars,always-inline,0.001312162171681508,1.3970468228332191,0.16240208153662128,59584,60096,0.35014036387986514,False
indvars,globalsplit,-0.00033091970512921787,-0.35143166005081444,0.7252651586257658,59263,59269,0.8708778471485721,False
indvars,lowerswitch,-0.0025753756887905155,-2.7168257858234393,0.006592081450541199,59412,59713,0.02340398092504019,True
indvars,early-cse-memssa,-0.0038740350564934745,-5.5049421596946635,3.700497542543523e-08,59348,59542,2.620460827595016e-07,True
indvars,simple-loop-unswitch,-0.0001717119006686696,-0.18331042581316093,0.8545547658500412,59622,59718,0.9348349501561121,False
indvars,loop-versioning,-0.0007184360585496541,-0.7607055810398741,0.44683444640819936,59547,59566,0.673449869722904,False
indvars,loop-flatten,-0.0016269899430835788,-1.7305418090291986,0.08353612413213063,59015,59366,0.20876034594857915,False
indvars,loop-reroll,0.0006803786172109305,0.7222854393602322,0.47012042586170444,59103,59630,0.6947147796519282,False
indvars,loop-instsimplify,-0.0008759422961983621,-0.933024391285312,0.3508092613740892,59883,59531,0.5830938317236559,False
indvars,loop-simplifycfg,-0.0010579658065356101,-1.1273040465575124,0.25961622473893636,59608,59441,0.48159978023575306,False
indvars,loop-predication,-0.0009072713012713285,-0.9590144633572395,0.3375534120604699,59304,59452,0.5711036598820814,False
indvars,speculative-execution,-0.0011779921820760375,-1.2572306413120022,0.20867258986640033,59596,59815,0.41401685173858865,False
indvars,partially-inline-libcalls,-0.0004435650175922401,-0.4704516868791112,0.6380332055648111,59250,59857,0.8165156970561439,False
indvars,load-store-vectorizer,0.0021085629397121775,2.244491540380614,0.024802625186064284,59073,59768,0.07535072166689506,False
indvars,iroutliner,0.0037733740261108317,4.076008969893119,4.5844979293338075e-05,59086,59882,0.00022246460831810646,True
indvars,global-merge,0.0015643991236947152,1.6650948068005766,0.0958964694461025,59369,59919,0.23344420475836944,False
indvars,break-crit-edges,-0.005057613708615516,-5.322882505548311,1.0232013774610741e-07,59437,59548,6.849327511346267e-07,True
indvars,unreachableblockelim,-0.00045760122278221127,-0.48672663504243824,0.6264529612454411,59461,59894,0.8096335961178706,False
mergeicmps,separate-const-offset-from-gep,-0.0007556100475165639,-0.802490752623003,0.4222707421944492,59231,59496,0.6507722260659045,False
mergeicmps,libcalls-shrinkwrap,-0.00010092813228529396,-0.10721497594536547,0.91461861525487,59449,59760,0.9658626280512042,False
mergeicmps,flattencfg,-0.0002743612556300179,-0.2925755828813989,0.7698470887481146,59583,59623,0.8913552496513979,False
mergeicmps,loop-reduce,0.00027954293995530177,0.29992773499158715,0.7642328018000377,59226,59842,0.8887356474692288,False
mergeicmps,loop-unroll,-0.00753282457182175,-7.507212760751465,6.082376212221426e-14,59357,59191,8.157049742143529e-13,True
mergeicmps,loop-rotate,0.0003983600733433734,0.4071564503172777,0.6838938158061203,59369,59879,0.8480736854935241,False
mergeicmps,partial-inliner,0.0012055770427843449,1.2800317591856705,0.2005364678642553,59615,59109,0.4054211709635641,False
mergeicmps,lower-expect,0.0020297889408341097,2.1640262627844544,0.030464320541729626,58998,59831,0.08989022028651059,False
mergeicmps,alignment-from-assumptions,0.0013636739624799388,1.4389260668707426,0.15017411907435796,59103,59124,0.3298271734689769,False
mergeicmps,rpo-function-attrs,-0.0006272924088935317,-0.6667076151621442,0.5049602064355561,59331,59680,0.7201107678083166,False
mergeicmps,attributor,0.002435827790431555,2.8581090144222285,0.0042624796314296234,59128,59788,0.01567311759312526,True
mergeicmps,inferattrs,-0.0007831590984762049,-0.8344966324265491,0.40400285788047435,59318,59845,0.632830076583975,False
mergeicmps,called-value-propagation,0.001960916481944963,2.092982498223176,0.03635282396695393,59533,59753,0.104822879741186,False
mergeicmps,licm,-0.0006858324756091605,-0.7163053782924877,0.4738042089084085,59513,59771,0.6975252940170406,False
mergeicmps,loop-simplify,0.0004093179913400302,0.4366598167257807,0.6623588643227102,59514,59989,0.8329471139010062,False
mergeicmps,div-rem-pairs,0.0010195263759128492,1.0787005435976957,0.28072343245901277,59449,59432,0.5083718283844255,False
mergeicmps,float2int,0.0009284480753373736,0.9869996856888162,0.32364479412475156,60007,59344,0.5558741288563716,False
mergeicmps,inline,0.0011362490810821746,1.2077589421585735,0.2271424060891701,59213,59441,0.4373105517429647,False
mergeicmps,sink,0.0010192767509474843,1.0849532193963043,0.27794457624757285,59392,59436,0.5048381078782446,False
mergeicmps,loop-vectorize,-0.0008312225593954392,-0.8818814310309617,0.3778427149293749,59312,59423,0.6084013452563454,False
mergeicmps,slp-vectorizer,0.0018085796372369067,1.9246490670128724,0.05427565472702031,59873,59293,0.14698718112794712,False
mergeicmps,callsite-splitting,-4.3252544277838645e-06,-0.004606423518277135,0.9963246265127875,59699,59319,0.9987335953979433,False
mergeicmps,dfa-jump-threading,-0.00010072289506812826,-0.10697742469089563,0.9148070703375679,59291,59350,0.9658626280512042,False
mergeicmps,consthoist,0.0008556492213049882,0.9016989059919748,0.3672186614113165,59185,59680,0.5994282109573636,False
mergeicmps,mldst-motion,-0.00038419929831062793,-0.40953041443997873,0.6821511881445563,59475,59604,0.8466890817033542,False
mergeicmps,slsr,0.0008960279629641743,0.9488450667407922,0.3427013430028655,59513,59556,0.5750473596996083,False
mergeicmps,loop-interchange,-0.0008966034263621636,-0.9507736115386736,0.3417212488575893,59263,59325,0.5750473596996083,False
mergeicmps,loop-fusion,0.0007460866489371054,0.7928874704765634,0.42784497012184963,59335,59564,0.6567780881995936,False
mergeicmps,loop-distribute,0.00047400995832230786,0.5026025283286067,0.615244682233693,59394,59515,0.8012298555461064,False
mergeicmps,loop-load-elim,0.0009622290608103934,1.0225247040313852,0.30653470325345855,59579,59529,0.5380501559572137,False
mergeicmps,loop-sink,-0.00025493827044348327,-0.2713352300079534,0.7861336829450132,59620,59518,0.8984440045206984,False
mergeicmps,loop-unroll-and-jam,-0.0007804875295256974,-0.8277663373983326,0.4078045005605303,59439,59710,0.635480471227631,False
mergeicmps,hotcoldsplit,-5.583653257468235e-05,-0.05946064880411465,0.9525853073280645,59617,59644,0.9823278507400448,False
mergeicmps,irce,0.000569415071907664,0.6074572238880609,0.5435486832149838,59402,59420,0.750541834791917,False
mergeicmps,nary-reassociate,0.0012251052538774232,1.2998358558679057,0.19365976335187524,59217,59248,0.3953970976464773,False
mergeicmps,scalarizer,-0.0008744345796157238,-0.9245134022922225,0.35522095398350173,59511,59345,0.587036170055384,False
mergeicmps,vector-combine,-0.0004464731433403424,-0.4739547102995574,0.635533072870573,59567,59501,0.8154480712192542,False
mergeicmps,always-inline,-0.00010729991560343155,-0.11491211213267837,0.9085149788950844,59211,59537,0.9641584437271411,False
mergeicmps,globalsplit,0.0005454375567617298,0.5816508844126875,0.560802964669587,59435,59368,0.7633313902141476,False
mergeicmps,lowerswitch,-1.9887402250062802e-05,-0.021008272542730133,0.9832390918817373,59201,59605,0.9933905527773577,False
mergeicmps,early-cse-memssa,-0.003032959299083815,-4.288817863019266,1.79767778155168e-05,59769,59483,9.154364359631182e-05,True
mergeicmps,simple-loop-unswitch,-0.0013474185052210208,-1.4349185058876373,0.15131294871550346,59519,59529,0.3312250531133631,False
mergeicmps,loop-versioning,-0.0003548012105503151,-0.37290944134369625,0.7092165088534549,59494,59579,0.8625129964814066,False
mergeicmps,loop-flatten,0.0010167823690299116,1.0865463457775255,0.2772395488878988,59348,59669,0.5037912173758755,False
mergeicmps,loop-reroll,-0.00010142889414593848,-0.10707761761792249,0.9147275852220745,59058,59254,0.9658626280512042,False
mergeicmps,loop-instsimplify,0.0010728562510832762,1.144930713856491,0.25224016718793957,59220,59594,0.47104077000857003,False
mergeicmps,loop-simplifycfg,-8.060990008107449e-05,-0.08551117685337456,0.9318551542242807,59490,59360,0.9719888499380466,False
mergeicmps,loop-predication,-0.0008905783076987306,-0.9469636262651394,0.34365923894396444,59657,59221,0.5759524408791672,False
mergeicmps,speculative-execution,0.0017843306044673102,1.8988976535206306,0.05758034613597327,59497,59709,0.1543358216758873,False
mergeicmps,partially-inline-libcalls,0.0021847207425053083,2.319203260129129,0.020385703742592094,59865,59191,0.06357908877454864,False
mergeicmps,load-store-vectorizer,0.0013215859622194848,1.4034763333259646,0.16047744651997126,59568,59770,0.3475628676259972,False
mergeicmps,iroutliner,0.0026635896638441126,2.8605225080967016,0.004230173195705283,59483,59238,0.015583591942033763,True
mergeicmps,global-merge,-0.00031112521266912774,-0.3306256830966628,0.7409278256339029,59244,59842,0.8792343530855649,False
mergeicmps,break-crit-edges,-0.005121322569066666,-5.35371615740803,8.632514545728448e-08,59455,59485,5.858739507984854e-07,True
mergeicmps,unreachableblockelim,0.0017773027010539733,1.8846856909829746,0.05947471575636859,59517,59701,0.15800745380050163,False
separate-const-offset-from-gep,libcalls-shrinkwrap,0.0009460627524648935,1.0058989908059097,0.3144662052348736,59578,59568,0.546612677194455,False
separate-const-offset-from-gep,flattencfg,0.000566414077537658,0.6001108256870841,0.5484335241566171,59327,59347,0.7535817054675121,False
separate-const-offset-from-gep,loop-reduce,-0.000731052618782424,-0.7840048868543908,0.4330388062153627,59493,59302,0.6621553944316129,False
separate-const-offset-from-gep,loop-unroll,-0.00903416421563763,-8.995837991481014,2.3782856741005865e-19,59109,59276,5.007186397730052e-18,True
separate-const-offset-from-gep,loop-rotate,0.0006980441651412983,0.7115069284246363,0.47677156495188927,59100,58988,0.6997678269549565,False
separate-const-offset-from-gep,partial-inliner,-0.0002490879586320438,-0.2645603572564853,0.7913486221491308,59235,59412,0.8998460540765166,False
separate-const-offset-from-gep,lower-expect,-0.00017679623491062557,-0.18907291119248237,0.8500359955833019,59327,59380,0.933990167986591,False
separate-const-offset-from-gep,alignment-from-assumptions,-0.001244060303247141,-1.3090583822284523,0.19051711582762973,59174,59238,0.39122444970162457,False
separate-const-offset-from-gep,rpo-function-attrs,-0.00011250993323114189,-0.1194152847522597,0.9049465544911076,59297,59444,0.9616745474592069,False
separate-const-offset-from-gep,attributor,0.0023034272785193433,2.7031115490329403,0.0068703484979486225,59201,59234,0.02434776897553557,True
separate-const-offset-from-gep,inferattrs,-0.0012960667265206616,-1.3734146765096416,0.1696260690656766,59501,58971,0.3598351497622912,False
separate-const-offset-from-gep,called-value-propagation,0.0006305971696910495,0.6707186374285666,0.5024010897505073,59616,59353,0.718554663061719,False
separate-const-offset-from-gep,licm,-0.0026303139653824914,-2.727863131646734,0.006375542691854401,59420,59276,0.022696931983001666,True
separate-const-offset-from-gep,loop-simplify,-0.00016244690737560186,-0.17238339023676513,0.863136423223214,59493,59232,0.9404680671513929,False
separate-const-offset-from-gep,div-rem-pairs,0.0010843649399945865,1.14586675735446,0.25185259716124064,59288,59454,0.4707660002307486,False
separate-const-offset-from-gep,float2int,-0.0005651525455968032,-0.5987948192992025,0.5493108627943192,59333,59103,0.7542431061369402,False
separate-const-offset-from-gep,inline,0.00046067725247472824,0.49150829693391124,0.6230678955156694,59301,59295,0.8065897120130121,False
separate-const-offset-from-gep,sink,-0.0007884050718043323,-0.836650221085179,0.4027908918478267,59427,59274,0.6319427614086897,False
separate-const-offset-from-gep,loop-vectorize,-0.002215152033416601,-2.337867108529384,0.0193957893384281,59500,59633,0.060958195063631176,False
separate-const-offset-from-gep,slp-vectorizer,0.0002743847961402257,0.29161766057933475,0.7705794783065941,59534,59723,0.8913552496513979,False
separate-const-offset-from-gep,callsite-splitting,-0.001239365940223447,-1.3079765521553421,0.19088380362460086,59487,58867,0.3917719994727133,False
separate-const-offset-from-gep,dfa-jump-threading,-0.001393211934391514,-1.4799722913076963,0.13888330515256816,59001,59300,0.31099807320058553,False
separate-const-offset-from-gep,consthoist,-0.001251079156128987,-1.3251028185966154,0.1851396093717711,59223,59158,0.3840077914723812,False
separate-const-offset-from-gep,mldst-motion,-0.0018092570131285068,-1.937253263712485,0.05271675450340055,59595,59483,0.14336028516341426,False
separate-const-offset-from-gep,slsr,-0.0013858380080802313,-1.4661027746841326,0.14262294582513332,59422,58984,0.31768288291085744,False
separate-const-offset-from-gep,loop-interchange,-0.001407287446507699,-1.48994758980461,0.13624067201260343,59252,59554,0.3067961308805952,False
separate-const-offset-from-gep,loop-fusion,0.0011324513791582391,1.2017271612116522,0.22947164028387917,59514,59760,0.4404955604665053,False
separate-const-offset-from-gep,loop-distribute,-0.0005232722424649006,-0.5575156832949104,0.5771761953611307,59387,59642,0.7759086786935078,False
separate-const-offset-from-gep,loop-load-elim,-0.0002485865524889941,-0.262349249896018,0.7930526522965586,59460,58815,0.9003833042272494,False
separate-const-offset-from-gep,loop-sink,-0.0022906612501169543,-2.426094333842533,0.015263782654317904,59495,59182,0.04944958964575579,True
separate-const-offset-from-gep,loop-unroll-and-jam,-0.0002467079400421679,-0.2618098021352845,0.7934685349561383,59452,59488,0.9003833042272494,False
separate-const-offset-from-gep,hotcoldsplit,0.0007833516004983054,0.8263163410465497,0.4086263306663357,59091,59353,0.6362547558208234,False
separate-const-offset-from-gep,irce,0.0014841137136933358,1.5704186646375424,0.11632041037003811,59571,59046,0.2717844433228337,False
separate-const-offset-from-gep,nary-reassociate,-0.0007314042492501116,-0.7711666399611609,0.440609708413949,58936,59127,0.6672187231821439,False
separate-const-offset-from-gep,scalarizer,-0.0007199466986762548,-0.7580280714560971,0.4484356882958815,59210,59060,0.6738580795727828,False
separate-const-offset-from-gep,vector-combine,-0.0017500200683691625,-1.844104838673209,0.06517036329757729,58893,59390,0.17065553864005623,False
separate-const-offset-from-gep,always-inline,0.0003135516080238765,0.3334962165192077,0.7387603338556132,59440,59298,0.8782590975648394,False
separate-const-offset-from-gep,globalsplit,0.0011559937789742403,1.2262038329729488,0.22012440611501038,59301,59678,0.42971444384166535,False
separate-const-offset-from-gep,lowerswitch,-0.0011200650063133422,-1.1744289831580585,0.24022559747908365,59524,59214,0.45467541794494515,False
separate-const-offset-from-gep,early-cse-memssa,-0.003580326052872951,-5.038168523413192,4.706946185392646e-07,59587,59251,2.8489028225653172e-06,True
separate-const-offset-from-gep,simple-loop-unswitch,-0.0012973231363366255,-1.3798084160699933,0.16764822777304825,59650,59597,0.3573818508215879,False
separate-const-offset-from-gep,loop-versioning,-0.002997054364489715,-3.1564003138035877,0.00159769400932582,59507,59204,0.006307025948104749,True
separate-const-offset-from-gep,loop-flatten,-0.0002333030614989351,-0.24599644895960884,0.805685407190258,59380,59199,0.9087166055751873,False
separate-const-offset-from-gep,loop-reroll,-0.000574534914105751,-0.607944702401033,0.5432253158357455,59331,59089,0.7503599071650016,False
separate-const-offset-from-gep,loop-instsimplify,-0.0007824295655137203,-0.8339858986126866,0.4042906119193047,59245,59228,0.6330276034690113,False
separate-const-offset-from-gep,loop-simplifycfg,8.700712046372239e-05,0.09232249740471953,0.9264419698904974,59569,59339,0.9690028723534155,False
separate-const-offset-from-gep,loop-predication,-0.0007192823893158451,-0.7548268188090205,0.45035439572080743,59226,59637,0.6762223211820099,False
separate-const-offset-from-gep,speculative-execution,0.002110090956761901,2.2437856339604263,0.024848026485076984,59689,59438,0.07543013311283835,False
separate-const-offset-from-gep,partially-inline-libcalls,-0.00039320604666470693,-0.4157779227458432,0.6775732666142561,59418,59355,0.8436810531196907,False
separate-const-offset-from-gep,load-store-vectorizer,-0.0007313493573370966,-0.7779728564900096,0.4365865640171438,59208,59674,0.6652424064946051,False
separate-const-offset-from-gep,iroutliner,0.0027073002257172463,2.9153748940247715,0.003553279466901893,59246,59419,0.013277330527087608,True
separate-const-offset-from-gep,global-merge,-0.0006309341055637518,-0.6646183033720899,0.5062959542496109,58987,59372,0.7209828954721803,False
separate-const-offset-from-gep,break-crit-edges,-0.006545817008121346,-6.847424633239785,7.5555372019879e-12,59118,59647,8.264660246643749e-11,True
separate-const-offset-from-gep,unreachableblockelim,3.675910032385765e-05,0.038818910615914554,0.9690348327220273,59838,59352,0.9886640036901734,False
libcalls-shrinkwrap,flattencfg,-4.444597143526963e-05,-0.04703770729428467,0.9624832543010332,59186,58860,0.9864130918196404,False
libcalls-shrinkwrap,loop-reduce,-0.002150723499159235,-2.303695709214721,0.02124145152725991,59233,59357,0.06601708268313476,False
libcalls-shrinkwrap,loop-unroll,-0.009575152546282828,-9.551141584076282,1.3061889789759719e-21,59248,59235,3.343160811548958e-20,True
libcalls-shrinkwrap,loop-rotate,0.0006466799064916984,0.6594609381746335,0.5096011044949349,59689,58845,0.7240921354144285,False
libcalls-shrinkwrap,partial-inliner,0.00040107061880761963,0.4290033405826293,0.6679215696987633,59670,59415,0.8375334368077868,False
libcalls-shrinkwrap,lower-expect,-0.00011527172020986409,-0.12233469258856072,0.9026341651590571,59079,59375,0.9605204866203445,False
libcalls-shrinkwrap,alignment-from-assumptions,-6.131294685907118e-05,-0.06495855706055702,0.9482071069173702,59102,59261,0.9805149829074403,False
libcalls-shrinkwrap,rpo-function-attrs,0.0009918155997915012,1.0564669707575438,0.2907570660851739,59616,59485,0.5204912559541245,False
libcalls-shrinkwrap,attributor,0.002456412017966758,2.9096064246775706,0.0036195125204596277,59383,59452,0.013485464667813191,True
libcalls-shrinkwrap,inferattrs,-0.0005035833278622115,-0.5339303851884629,0.5933907003266389,59177,59325,0.7845097847667515,False
libcalls-shrinkwrap,called-value-propagation,0.0011840220672155732,1.2567007941820778,0.2088644773817066,59302,59211,0.41401685173858865,False
libcalls-shrinkwrap,licm,-0.0016177308250813205,-1.6803861061416874,0.09288484589438793,59320,59547,0.22790542388623003,False
libcalls-shrinkwrap,loop-simplify,0.0003617345828692553,0.3833370203800452,0.7014705787624881,59135,59814,0.8568534448573749,False
libcalls-shrinkwrap,div-rem-pairs,-0.0005499466253527929,-0.5850383938275099,0.5585230113069279,59350,59573,0.7612148464484908,False
libcalls-shrinkwrap,float2int,0.0009343072228048532,0.9943224853051653,0.3200679116487767,59911,59283,0.5519092655291103,False
libcalls-shrinkwrap,inline,0.0006108369928590207,0.6496451965429424,0.515922688935529,59343,59332,0.7291061890550455,False
libcalls-shrinkwrap,sink,-0.0008607082312566683,-0.9134721578389225,0.3609961292510211,59633,58846,0.5934764240751463,False
libcalls-shrinkwrap,loop-vectorize,-0.0035823171202364334,-3.7953705596187888,0.00014749612609667054,59798,59167,0.0006715753017564616,True
libcalls-shrinkwrap,slp-vectorizer,-0.00023153161586542126,-0.24633954426727286,0.8054198258642639,59701,59308,0.9086787778981438,False
libcalls-shrinkwrap,callsite-splitting,0.0016062873582576853,1.7040851799398762,0.08836779099787671,59468,59293,0.2190178921187881,False
libcalls-shrinkwrap,dfa-jump-threading,0.00014462159039546618,0.15395482812750616,0.8776456157582636,59165,58978,0.9448782391023477,False
libcalls-shrinkwrap,consthoist,0.00037364346600959886,0.3952063282145819,0.6926913304226511,59330,59828,0.8519407192007228,False
libcalls-shrinkwrap,mldst-motion,-0.0024375105923675755,-2.601111788887489,0.009293370922114401,59256,59309,0.03186763619176883,True
libcalls-shrinkwrap,slsr,0.0006474656789808297,0.6857175467851035,0.492892581471731,59216,59268,0.711451289732141,False
libcalls-shrinkwrap,loop-interchange,0.000895982939498996,0.94980001889565,0.34221581332972684,59164,59338,0.5750473596996083,False
libcalls-shrinkwrap,loop-fusion,0.0011626560304628386,1.2389518962376076,0.21536576570219632,59065,59509,0.42329164895041926,False
libcalls-shrinkwrap,loop-distribute,-0.00019544117587017018,-0.2073189513569977,0.8357611290521252,59752,59361,0.9255023026054845,False
libcalls-shrinkwrap,loop-load-elim,-0.0005277677874924724,-0.558428536132975,0.5765528473808504,59032,59392,0.7753368648157316,False
libcalls-shrinkwrap,loop-sink,5.8586943099292466e-05,0.062454369455485124,0.9502011042362865,59212,59244,0.981273081273549,False
libcalls-shrinkwrap,loop-unroll-and-jam,0.0006425890022175307,0.6789365728233254,0.4971793787904209,59275,59094,0.714216598438477,False
libcalls-shrinkwrap,hotcoldsplit,-0.0023981136455993313,-2.5385056742057803,0.01113396566292332,59448,59292,0.037329288986307975,True
libcalls-shrinkwrap,irce,0.00083050669039747,0.8873365913087057,0.3748994999348751,59716,59576,0.605904433241837,False
libcalls-shrinkwrap,nary-reassociate,-0.0005639623649215109,-0.5969561848948772,0.550537774938626,59302,59170,0.7551334243991803,False
libcalls-shrinkwrap,scalarizer,-0.0021414857541208754,-2.2684964646198886,0.023300750508369918,59694,59110,0.07134146910928585,False
libcalls-shrinkwrap,vector-combine,0.0013046301817374317,1.3816523531471252,0.16708107947957143,58920,59413,0.35698132271573857,False
libcalls-shrinkwrap,always-inline,0.0004221782744079916,0.4515238360097458,0.6516128709568163,59871,59365,0.8250371736964681,False
libcalls-shrinkwrap,globalsplit,0.0012378216501809924,1.313866493186014,0.1888936701821538,59359,59595,0.38911499864982346,False
libcalls-shrinkwrap,lowerswitch,-0.0015501446812133945,-1.6313023055056606,0.10282920187893503,59196,59432,0.24598604432370774,False
libcalls-shrinkwrap,early-cse-memssa,-0.0034293384224989842,-4.861328146504729,1.167493033553809e-06,59464,59432,6.875041683303332e-06,True
libcalls-shrinkwrap,simple-loop-unswitch,-0.0005906031072792084,-0.6281210705677802,0.5299258350826568,59233,59965,0.7392909049460933,False
libcalls-shrinkwrap,loop-versioning,-0.0027105816195234778,-2.851825202799812,0.004347648506751872,59569,59353,0.01597128663455941,True
libcalls-shrinkwrap,loop-flatten,-0.0007649761947337574,-0.816181048778176,0.414398227916155,59406,59601,0.6427110839672568,False
libcalls-shrinkwrap,loop-reroll,-4.592156709237738e-05,-0.048652803444426115,0.9611960707880526,58899,59476,0.9862222342857055,False
libcalls-shrinkwrap,loop-instsimplify,0.000886785829869563,0.9432037245705582,0.34557862458077326,59802,59148,0.5775868091584755,False
libcalls-shrinkwrap,loop-simplifycfg,0.0008508836020118538,0.9006599679949242,0.3677709689305246,59488,59100,0.5998297019291687,False
libcalls-shrinkwrap,loop-predication,0.0016932112743066052,1.7880322245367493,0.07377335607534283,59191,59641,0.18906836543916394,False
libcalls-shrinkwrap,speculative-execution,2.5797094037993684e-05,0.02741121435435845,0.9781317997325024,59525,59688,0.9908994230091399,False
libcalls-shrinkwrap,partially-inline-libcalls,-0.0006039381385193887,-0.6408457184186485,0.5216241655043514,59268,59221,0.733093314543209,False
libcalls-shrinkwrap,load-store-vectorizer,0.0022156514928673987,2.3564029458977425,0.018454495528291114,59690,59702,0.05856386101198379,False
libcalls-shrinkwrap,iroutliner,0.0034592933134116044,3.727795355615608,0.00019325177113476002,59430,59250,0.0008638971869448861,True
libcalls-shrinkwrap,global-merge,0.0002185789117215009,0.2313339284653285,0.817055789193654,59141,59526,0.9143669457708982,False
libcalls-shrinkwrap,break-crit-edges,-0.0074939705482579555,-7.842097219918887,4.4673866815821134e-15,59275,59481,6.52771874816252e-14,True
libcalls-shrinkwrap,unreachableblockelim,0.00039834222104084827,0.4224366514611795,0.6727070903082569,59684,59828,0.8407714726626382,False
flattencfg,loop-reduce,-0.0006077694815895263,-0.6523012079561775,0.5142081386865974,59510,59701,0.7277122897123389,False
flattencfg,loop-unroll,-0.00913730755194686,-9.128444733509296,7.054686727899455e-20,59468,59391,1.55203108013788e-18,True
flattencfg,loop-rotate,-0.0003190285772592949,-0.3257053712825107,0.7446478542783765,59232,59430,0.8812453905573051,False
flattencfg,partial-inliner,0.0005729908479257806,0.608804624864988,0.5426551164951233,59353,58973,0.7501014600052605,False
flattencfg,lower-expect,0.0015928678801109264,1.7059436833096575,0.08802117269542539,59498,59613,0.21854584671909003,False
flattencfg,alignment-from-assumptions,0.0005119705751885917,0.5437949136285296,0.586583632207959,58961,59575,0.7805169907327106,False
flattencfg,rpo-function-attrs,0.00035616943474320317,0.37773884476159214,0.7056252838345343,59069,59581,0.8602828802914185,False
flattencfg,attributor,0.002463909630150085,2.916586222978065,0.003539510627261271,59613,59282,0.013238513482669663,True
flattencfg,inferattrs,0.0015202457932218527,1.6180606367439412,0.10565218009671756,59547,59491,0.25196951111982097,False
flattencfg,called-value-propagation,0.0002873109476718705,0.3067123219339567,0.7590628860442312,59298,59879,0.8875402676780506,False
flattencfg,licm,-0.0011637943353702829,-1.2099112719896943,0.22631534106142565,59484,59708,0.43636182944192164,False
flattencfg,loop-simplify,-0.00039312020789394886,-0.42019169611265367,0.6743461800436511,59328,59534,0.8418041571727567,False
flattencfg,div-rem-pairs,-0.0003702248206873815,-0.3918661249587877,0.69515783464834,59862,59263,0.8530987403581635,False
flattencfg,float2int,-0.00022370916206304603,-0.23716143850325383,0.8125319596175796,59676,59100,0.9111899066043648,False
flattencfg,inline,0.0004166632057617248,0.4411158123484951,0.6591299573414884,59422,59692,0.8302196567865128,False
flattencfg,sink,-0.0019585884318658597,-2.072431994420283,0.038227329656116624,59327,59176,0.10931526277860469,False
flattencfg,loop-vectorize,-0.002605819101958673,-2.760012378201558,0.005780800008136873,59538,59660,0.020844947358990788,True
flattencfg,slp-vectorizer,0.0011983177131476008,1.276108361109294,0.20191969664620668,59538,59975,0.40653857689796674,False
flattencfg,callsite-splitting,0.0006901391977888194,0.7332595059190236,0.4634016151877942,59302,59497,0.6884221263563741,False
flattencfg,dfa-jump-threading,0.0008438122329641473,0.8958484618053635,0.3703355241268522,59172,59247,0.6020066054299515,False
flattencfg,consthoist,0.0007460093175697957,0.7917074591784882,0.42853284869064573,59603,59504,0.6573186977957574,False
flattencfg,mldst-motion,-0.0009235565514150723,-0.9910181889663062,0.3216787064942537,59531,59931,0.5534337896941425,False
flattencfg,slsr,0.0014262619088118433,1.5088681299395892,0.13133514791088616,59522,59153,0.2991904823845435,False
flattencfg,loop-interchange,-0.0008907138229079514,-0.9437748081540188,0.3452866656331819,59348,58857,0.5774406678699565,False
flattencfg,loop-fusion,0.0010543563231522612,1.1288518200758566,0.2589626181815551,59645,59663,0.48061498236918,False
flattencfg,loop-distribute,0.0004528158768946078,0.4827018228116651,0.6293083563486324,59657,59397,0.8119840274995862,False
flattencfg,loop-load-elim,0.0011442210951987941,1.2142635984362282,0.22464950179767673,59292,59180,0.43486280229347607,False
flattencfg,loop-sink,-0.0012137237927993816,-1.2900492611938312,0.197036068435019,59524,59163,0.4004116471154823,False
flattencfg,loop-unroll-and-jam,0.00037478226949916316,0.39855974032844516,0.6902183447751264,59495,59798,0.8512222552158719,False
flattencfg,hotcoldsplit,0.0002152431768773222,0.22787605332703645,0.819742991981882,59385,59381,0.9150967674924431,False
flattencfg,irce,0.0003434392385410212,0.3662615931335432,0.7141705383344608,59575,59153,0.866117010875735,False
flattencfg,nary-reassociate,0.0008987712091169664,0.952753425938003,0.34071695057981266,59593,59508,0.5743640027854268,False
flattencfg,scalarizer,-2.0627778103687877e-05,-0.021839424864155535,0.9825760819128491,59273,59371,0.993228687860278,False
flattencfg,vector-combine,-0.0001308575329361239,-0.13951848449398896,0.8890406878473426,59289,58980,0.9513373458055832,False
flattencfg,always-inline,0.00015398868642679808,0.16456566937774006,0.8692861332986589,59663,59686,0.9432465423401805,False
flattencfg,globalsplit,0.0023073905542425055,2.454163603441227,0.014122695712677887,59370,59479,0.04631865696050804,True
flattencfg,lowerswitch,-0.0010039981837681733,-1.0592419335772134,0.2894917609523751,59584,59483,0.5190703918907972,False
flattencfg,early-cse-memssa,-0.004741795054345577,-6.680122463012279,2.3978833903808986e-11,59481,59459,2.4581443342229315e-10,True
flattencfg,simple-loop-unswitch,-0.0005432354989484689,-0.5781164124128029,0.5631866233925463,59533,59225,0.7655115644585947,False
flattencfg,loop-versioning,-0.001157951152258252,-1.2239541011467021,0.22097197633640836,59449,59051,0.43070365452550063,False
flattencfg,loop-flatten,0.0007304577316943894,0.7783385172082369,0.4363710205105579,59369,59727,0.6652424064946051,False
flattencfg,loop-reroll,-0.0010449624663224077,-1.1144201246759002,0.2651012467027202,59525,59370,0.4892254863750482,False
flattencfg,loop-instsimplify,0.0015872299013741653,1.7057045290783348,0.08806571657883659,59451,59520,0.21854584671909003,False
flattencfg,loop-simplifycfg,-0.0010330837181160013,-1.0988652595090653,0.2718290654000169,59331,59682,0.49812008428004967,False
flattencfg,loop-predication,-0.0009720444739798606,-1.0302822122569182,0.30287964911665627,59256,59333,0.5344602303058675,False
flattencfg,speculative-execution,0.0004915817874057149,0.5233294299296344,0.6007459990883623,59375,59578,0.790265474073469,False
flattencfg,partially-inline-libcalls,0.0005600180541436295,0.5932048661078331,0.5530451839636632,59720,59335,0.7572416554148186,False
flattencfg,load-store-vectorizer,0.00014499968305992095,0.1537583058457115,0.8778005704428858,59479,59636,0.9448782391023477,False
flattencfg,iroutliner,0.00297506144422105,3.1914148310775006,0.0014161461105551712,59272,59752,0.005641534251204528,True
flattencfg,global-merge,0.000330567664045045,0.35211424735061825,0.7247532082872404,59154,59701,0.8708602527317685,False
flattencfg,break-crit-edges,-0.006523268531567428,-6.857724182868295,7.0305812356595955e-12,59276,59689,7.755424258829008e-11,True
flattencfg,unreachableblockelim,0.0008340419273453747,0.8860798405756385,0.37557629800350034,59177,59718,0.6062476434384614,False
loop-reduce,loop-unroll,-0.006711974142289245,-6.8484240580313465,7.503025017734106e-12,59599,59053,8.230208955027103e-11,True
loop-reduce,loop-rotate,0.0024749073651847975,2.5663366188951895,0.010279113917601564,60040,59164,0.034730811131430304,True
loop-reduce,partial-inliner,0.0012043568360531332,1.2977486274506036,0.1943762381437724,59720,59540,0.39603400029709296,False
loop-reduce,lower-expect,0.00013140512866954834,0.1420323465532921,0.8870546958726326,59553,59667,0.95011056059852,False
loop-reduce,alignment-from-assumptions,0.0007490301210805184,0.8002964964669549,0.42354063079651405,59653,59303,0.6519595558958919,False
loop-reduce,rpo-function-attrs,0.0029422198703835667,3.15884025435614,0.0015843781431425289,59813,59410,0.0062607717543351595,True
loop-reduce,attributor,0.002644471963492101,3.136426109359311,0.0017106234781504208,59272,59240,0.006725704357868522,True
loop-reduce,inferattrs,0.0006342006915434628,0.682744536755407,0.49476961245177437,59332,59546,0.7128115400272275,False
loop-reduce,called-value-propagation,0.001185999991528519,1.2824887663853248,0.19967373148534298,59917,59554,0.4043031708875921,False
loop-reduce,licm,5.502266382390042e-05,0.057777742006919756,0.9539257646860337,59944,59285,0.9830456038185548,False
loop-reduce,loop-simplify,0.001166799025939691,1.258236392668734,0.20830874093587143,59410,59842,0.4138696243048567,False
loop-reduce,div-rem-pairs,0.001113972144650699,1.1940381498272468,0.2324654214176056,59879,59324,0.443632841262838,False
loop-reduce,float2int,0.002032666206876088,2.1835677542690877,0.02899596822153402,59681,59516,0.08621732084702144,False
loop-reduce,inline,0.001558607641458487,1.6648743063398506,0.09594046988549973,59810,59102,0.23344420475836944,False
loop-reduce,sink,0.00023853098934828454,0.25607161220020697,0.7978959842164831,59802,59185,0.9038358907121052,False
loop-reduce,loop-vectorize,-0.0018480717658141965,-1.972857877487213,0.048514072045696625,59433,59354,0.13341369812566573,False
loop-reduce,slp-vectorizer,0.0018583559999998944,2.0065434535867035,0.044800562405355585,59286,59383,0.12460156418989522,False
loop-reduce,callsite-splitting,0.001120405747996489,1.1982981815753875,0.23080334735729421,59450,59225,0.4418690055061131,False
loop-reduce,dfa-jump-threading,-0.00013662587113572044,-0.14653496689698683,0.8834993370315699,59281,59470,0.9484055383266524,False
loop-reduce,consthoist,-0.0002033182233816544,-0.21789769749356688,0.8275091949049593,59525,59467,0.9197656550113701,False
loop-reduce,mldst-motion,-0.00022243895695078786,-0.23940587445896844,0.8107912876167894,59568,59450,0.9109521591753968,False
loop-reduce,slsr,-0.0006414451476562943,-0.6861983973242232,0.4925893476606733,59558,59229,0.7112757689672554,False
loop-reduce,loop-interchange,0.0022077604350528857,2.3547693840023185,0.01853582526327219,59528,59020,0.058726773245124514,False
loop-reduce,loop-fusion,0.0005642560170502353,0.6092558605460627,0.5423560185314082,59860,59536,0.7501014600052605,False
loop-reduce,loop-distribute,0.0031951029420259625,3.4211824987307597,0.0006237046217364854,59516,59229,0.002609430874700937,True
loop-reduce,loop-load-elim,0.0007221388197165002,0.7739679786624217,0.4389512703379107,59587,59021,0.6661079208211944,False
loop-reduce,loop-sink,0.002138626752292927,2.2974292393484843,0.02159601925505482,59859,59353,0.06690665459081856,False
loop-reduce,loop-unroll-and-jam,0.0004560833058017688,0.48970033598580726,0.6243468656654259,59620,59541,0.8079782967434923,False
loop-reduce,hotcoldsplit,0.0005626983283724685,0.6042084838973912,0.5457061910337149,59573,59643,0.752194806085191,False
loop-reduce,irce,0.00010322945653346016,0.11038290508594792,0.9121058968145137,59367,59239,0.9653531599799016,False
loop-reduce,nary-reassociate,0.0010531083922489803,1.1303842060685576,0.25831665304304374,59263,59312,0.47987097405908885,False
loop-reduce,scalarizer,0.00018317490053931795,0.19676319766761244,0.8440131884237696,59511,59372,0.9307675713510227,False
loop-reduce,vector-combine,0.0008447853340798894,0.909659019737238,0.3630042048972482,59715,59287,0.5951395498506885,False
loop-reduce,always-inline,0.00227725935966544,2.4436777060761523,0.014539852027301924,59555,59266,0.047369434724554356,True
loop-reduce,globalsplit,0.001300898415907692,1.3962851352019978,0.16263124942714446,59652,59505,0.35031021603778756,False
loop-reduce,lowerswitch,0.0016978210505272373,1.8111035387565704,0.07012734452873531,59625,59475,0.1812664562208102,False
loop-reduce,early-cse-memssa,-0.002534757024878098,-3.6369070962840624,0.00027604774810261644,59584,59485,0.0012146100916515124,True
loop-reduce,simple-loop-unswitch,0.0008821861591276625,0.9501728410102402,0.34202636409582066,59726,59407,0.5750473596996083,False
loop-reduce,loop-versioning,0.00031349957347936996,0.33485916948175304,0.7377319152205165,59482,59263,0.8778359708306115,False
loop-reduce,loop-flatten,0.0013761344850411472,1.475281595144935,0.140139501201442,59643,59222,0.3132341819091592,False
loop-reduce,loop-reroll,0.0027463608509319948,2.950550369351326,0.0031727009148371666,59351,59677,0.011957937230512361,True
loop-reduce,loop-instsimplify,0.0008175958644855985,0.8805524613181652,0.37856187929933643,59577,59278,0.6089155666821433,False
loop-reduce,loop-simplifycfg,0.0018102474849584493,1.9445371484661869,0.051833061428200496,59707,59385,0.14125140469925757,False
loop-reduce,loop-predication,-0.0004282530132939666,-0.46200745610161953,0.6440768144812204,59751,59774,0.8209348595806378,False
loop-reduce,speculative-execution,0.0013961006066851578,1.4995363641731512,0.13373717998902312,60123,59583,0.30237574875116313,False
loop-reduce,partially-inline-libcalls,0.001833205936671467,1.9700397990830743,0.04883611858060058,59925,59391,0.13411096799553426,False
loop-reduce,load-store-vectorizer,0.0028215994373084197,3.0355878221001347,0.002401191078377302,59503,59650,0.009245884230998539,True
loop-reduce,iroutliner,0.005078351793034674,5.4954365446602855,3.9054036670905706e-08,59751,59415,2.760570534354995e-07,True
loop-reduce,global-merge,0.0009774276131324089,1.0487818858667655,0.29428063751569106,59714,59797,0.5250127455633012,False
loop-reduce,break-crit-edges,-0.005347411842889949,-5.652526963001802,1.58466423973683e-08,59647,59341,1.1979816916620513e-07,True
loop-reduce,unreachableblockelim,0.0025036544982982023,2.68185088495526,0.0073226156782398456,59448,59958,0.025810407737162228,True
loop-unroll,loop-rotate,0.009465326215022107,8.929390497297241,4.344537815339494e-19,59558,59318,8.815134758999721e-18,True
loop-unroll,partial-inliner,0.008678437622484603,8.638802668944118,5.7503948766479495e-18,59157,59084,1.0534035516369507e-16,True
loop-unroll,lower-expect,0.008851552977779897,8.883039063222924,6.594519883117621e-19,59246,59392,1.3175581562392143e-17,True
loop-unroll,alignment-from-assumptions,0.009788976887296519,9.66455965143024,4.345924708327852e-22,59205,59480,1.1421906817323403e-20,True
loop-unroll,rpo-function-attrs,0.008770262206234558,8.80041369700821,1.3809236295637923e-18,59381,59935,2.6770776897880248e-17,True
loop-unroll,attributor,0.012702976678870104,13.821618187249204,2.043659338246269e-43,59268,59077,1.8611558066447414e-41,True
loop-unroll,inferattrs,0.009234412029093864,9.245233414352047,2.3847635580067638e-20,59566,59385,5.493372995973228e-19,True
loop-unroll,called-value-propagation,0.008280740577076673,8.33516335134482,7.821185797802319e-17,59462,59244,1.3316418949649514e-15,True
loop-unroll,licm,0.011426293038208857,11.048666634600716,2.298315943459308e-28,59433,59313,8.571624032939668e-27,True
loop-unroll,loop-simplify,0.010430609355975451,10.417768058114637,2.1100495344086663e-25,59324,59817,6.82888758408623e-24,True
loop-unroll,div-rem-pairs,0.009754932998909616,9.699045229566893,3.1019953407235375e-22,59354,59768,8.26354677161454e-21,True
loop-unroll,float2int,0.009373645882731707,9.32841873115945,1.0924921354714025e-20,59139,59339,2.577228435244586e-19,True
loop-unroll,inline,0.008763311494545678,8.742099277224575,2.3174867080472024e-18,59667,59061,4.363114398419637e-17,True
loop-unroll,sink,0.010494807155077057,10.392317795828713,2.7563278451091004e-25,59301,59041,8.847360525776424e-24,True
loop-unroll,loop-vectorize,0.004629207756104925,4.5945433398402,4.341445089563234e-06,59066,59673,2.3844458584473527e-05,True
loop-unroll,slp-vectorizer,0.009164374147124843,9.143364352997196,6.146384494701652e-20,59037,59649,1.3675705500711174e-18,True
loop-unroll,callsite-splitting,0.009202818271732971,9.135933664378777,6.583881916799907e-20,59439,59187,1.4566373777507592e-18,True
loop-unroll,dfa-jump-threading,0.00869287165000393,8.729540309748272,2.589647740828904e-18,59002,59588,4.8061898355857767e-17,True
loop-unroll,consthoist,0.010260612753253795,10.194415102302427,2.149662194311533e-24,59667,59377,6.525641203817025e-23,True
loop-unroll,mldst-motion,0.0068369364141912525,6.840238980047997,7.944415127758394e-12,59532,59115,8.665829983370994e-11,True
loop-unroll,slsr,0.009332740288458374,9.237458055552528,2.5646176782428688e-20,59252,59166,5.838978388371555e-19,True
loop-unroll,loop-interchange,0.00799947369976095,7.916821765335906,2.4577081003251403e-15,59155,59175,3.673429359111927e-14,True
loop-unroll,loop-fusion,0.009876063828311354,9.826470041032877,8.836116186692373e-23,59451,59547,2.454058935254421e-21,True
loop-unroll,loop-distribute,0.009325260690246695,9.246053529520223,2.3665682304910557e-20,59641,59461,5.483716680830163e-19,True
loop-unroll,loop-load-elim,0.0073975318140432345,7.359662230090542,1.85573926176433e-13,58889,59432,2.336680047932192e-12,True
loop-unroll,loop-sink,0.007317404214064516,7.3300480596041675,2.3153406558402356e-13,59762,59418,2.869263926667836e-12,True
loop-unroll,loop-unroll-and-jam,0.009131983037208524,9.094677531249118,9.629235892526519e-20,59283,59366,2.0948937641741028e-18,True
loop-unroll,hotcoldsplit,0.008483276597121392,8.465846480228741,2.5715713246713137e-17,59204,59618,4.51581762664254e-16,True
loop-unroll,irce,0.008096412189126045,8.115940856738714,4.866398262591971e-16,59200,59170,7.715309958020307e-15,True
loop-unroll,nary-reassociate,0.007561665753212432,7.492145626204152,6.822855604051804e-14,59383,59283,9.087858008662199e-13,True
loop-unroll,scalarizer,0.00692065725074531,6.880283412563277,6.003087150055061e-12,59403,59265,6.716596937033034e-11,True
loop-unroll,vector-combine,0.008291884620671597,8.27461206928424,1.3020422032572925e-16,59194,59117,2.197757443084292e-15,True
loop-unroll,always-inline,0.008669223362039125,8.720229766778951,2.8114886882754226e-18,59872,59210,5.193297029852148e-17,True
loop-unroll,globalsplit,0.009744789182842328,9.664645864921988,4.342319595394496e-22,59397,59624,1.1421906817323403e-20,True
loop-unroll,lowerswitch,0.00750622652075128,7.418678349995111,1.1908563403632546e-13,59205,59424,1.5390737388985166e-12,True
loop-unroll,early-cse-memssa,0.006388780053166121,7.983305057385664,1.437937022882064e-15,59201,59264,2.1825431711651793e-14,True
loop-unroll,simple-loop-unswitch,0.006772326728973321,6.7196784601541975,1.8295121896970314e-11,59256,59308,1.915606880976892e-10,True
loop-unroll,loop-versioning,0.007560041096171366,7.421124025893326,1.1691308390590043e-13,58984,58785,1.515998796607636e-12,True
loop-unroll,loop-flatten,0.008610653171180538,8.56281597210507,1.1144584372223232e-17,59300,59316,1.9962595031921586e-16,True
loop-unroll,loop-reroll,0.00881125254095888,8.788891981233496,1.5302104615217303e-18,59441,59365,2.951873974048816e-17,True
loop-unroll,loop-instsimplify,0.009059983774604707,9.026805561576264,1.7933773313386175e-19,59432,59151,3.816774798653275e-18,True
loop-unroll,loop-simplifycfg,0.010014913570886574,9.873475961289884,5.539720173218849e-23,59276,58955,1.5719959564003632e-21,True
loop-unroll,loop-predication,0.007482895738771478,7.422388143809115,1.157948891011186e-13,59410,59589,1.5064876601992705e-12,True
loop-unroll,speculative-execution,0.008372380805610369,8.326801199771367,8.392943041759068e-17,59738,59648,1.4228036775553468e-15,True
loop-unroll,partially-inline-libcalls,0.010314966123540936,10.256947770108612,1.1281362062754195e-24,59463,59231,3.534225107019634e-23,True
loop-unroll,load-store-vectorizer,0.009892483871973334,9.918896044215211,3.518271409986669e-23,59462,59610,1.02055932159317e-21,True
loop-unroll,iroutliner,0.010071218508632629,10.204145077400144,1.944825916437591e-24,59274,59345,5.949951788101255e-23,True
loop-unroll,global-merge,0.0077532432463386924,7.712569232783584,1.2426907666130188e-14,59587,59306,1.7568148166269248e-13,True
loop-unroll,break-crit-edges,0.003579693562344277,3.5427833057429736,0.0003960806822158409,59436,59157,0.0017007148591636327,True
loop-unroll,unreachableblockelim,0.008633600386452056,8.56467690679008,1.0965595532356957e-17,59133,59467,1.9788604656548317e-16,True
loop-rotate,partial-inliner,0.0008960799312154322,0.9213002035539367,0.3568955877697258,59442,59235,0.588236441078292,False
loop-rotate,lower-expect,-0.0009714447922488656,-0.998312716355204,0.3181297832235021,59228,59233,0.5512618143216942,False
loop-rotate,alignment-from-assumptions,-4.2552677379459336e-05,-0.04347157920333621,0.9653256927795126,59213,59433,0.9870333192375907,False
loop-rotate,rpo-function-attrs,0.0010158220307673327,1.0394572802479223,0.29859423083869596,59455,59397,0.5292861158462555,False
loop-rotate,attributor,0.003652545629194426,4.1199212120736215,3.79258292706018e-05,59122,59717,0.0001858792833838256,True
loop-rotate,inferattrs,5.0675494878249516e-05,0.05200227235526537,0.9585269701020112,59494,59479,0.9851946495851642,False
loop-rotate,called-value-propagation,0.00018002506606135116,0.1861700917709034,0.8523116948137928,59714,59209,0.9346548857157134,False
loop-rotate,licm,5.055058845471194e-05,0.050283285693102454,0.9598967275134151,59290,59548,0.9858262745718682,False
loop-rotate,loop-simplify,-0.0006228430991288558,-0.6382071214300588,0.5233400896746193,59564,59498,0.7342887105574379,False
loop-rotate,div-rem-pairs,-0.00013999914197099228,-0.14332562309979108,0.8860332624218379,59485,59890,0.9496957237773004,False
loop-rotate,float2int,0.00013828512957675398,0.14175815580319198,0.8872712768408548,59517,59681,0.95011056059852,False
loop-rotate,inline,0.0010776507142742364,1.1048087668459754,0.2692447000877917,59512,59208,0.49500574908159267,False
loop-rotate,sink,-0.0012256333791698104,-1.2478106057232694,0.21210289685963918,59081,59249,0.41837290358134444,False
loop-rotate,loop-vectorize,-0.005993877768061373,-6.081399709219963,1.194996006129996e-09,59346,59690,1.0284844747263877e-08,True
loop-rotate,slp-vectorizer,0.0013494478813251276,1.381604724266089,0.16709570085238734,59272,59529,0.35698132271573857,False
loop-rotate,callsite-splitting,-0.000611477357206125,-0.6254474816384159,0.5316786120824222,59315,59161,0.7398360120524794,False
loop-rotate,dfa-jump-threading,0.000531405056297618,0.5455790338560244,0.5853563671631513,59114,59322,0.7799440400853693,False
loop-rotate,consthoist,0.0017241535727844925,1.769348723934783,0.07683825376244321,59329,59916,0.19488251407624846,False
loop-rotate,mldst-motion,-0.00036121864791865965,-0.37236823415002573,0.7096193647571923,59592,59435,0.8627327864024265,False
loop-rotate,slsr,0.0002991894391478067,0.30485746528444074,0.7604752453760653,59547,59537,0.8875402676780506,False
loop-rotate,loop-interchange,-0.0001637506499580499,-0.16697537270212995,0.8673897123890705,58829,59346,0.9431973119399291,False
loop-rotate,loop-fusion,0.0004902119313042741,0.501673047354677,0.6158984565277419,59169,59677,0.8018146129530044,False
loop-rotate,loop-distribute,0.00018313831741528785,0.1864140635216329,0.8521203823093214,59775,59259,0.9346548857157134,False
loop-rotate,loop-load-elim,0.0008334760579264411,0.8583103232046486,0.3907228638751352,59317,59422,0.6202151337393715,False
loop-rotate,loop-sink,-0.00021506469642024184,-0.21988775224988052,0.8259589533637028,59469,59251,0.9185392144985686,False
loop-rotate,loop-unroll-and-jam,0.001056084025252202,1.080669615215707,0.27984630459645055,59043,59401,0.5071162095324852,False
loop-rotate,hotcoldsplit,-5.9216964984731835e-05,-0.060664473220012186,0.9516265276931237,59732,59262,0.9822270644296975,False
loop-rotate,irce,-0.0002638447957594714,-0.2709096928025443,0.7864609615274213,59323,59253,0.8984440045206984,False
loop-rotate,nary-reassociate,-0.0009314498958903905,-0.949621155023188,0.34230672113386196,59358,59260,0.5750473596996083,False
loop-rotate,scalarizer,-0.00027404246320095194,-0.2796102132156406,0.7797770559333724,59520,59676,0.8960114292943329,False
loop-rotate,vector-combine,-5.365729746908965e-06,-0.005484529365998337,0.9956240098239534,59590,59472,0.9987335953979433,False
loop-rotate,always-inline,0.000863447750310109,0.8905802795219939,0.373156185625492,59429,59425,0.6045840392674501,False
loop-rotate,globalsplit,-1.665547012891233e-05,-0.017021670004665476,0.986419356690751,59216,59611,0.9948025240280661,False
loop-rotate,lowerswitch,-0.0011662368639492326,-1.191349000073378,0.2335189795920668,59679,59452,0.44520950539558596,False
loop-rotate,early-cse-memssa,-0.0020164818374953652,-2.7231552021536714,0.006467106957759949,59840,59573,0.02298850322406877,True
loop-rotate,simple-loop-unswitch,-0.0007627399980027483,-0.7796432135037928,0.43560246625650584,59321,59490,0.664518604542453,False
loop-rotate,loop-versioning,-0.004409110249169512,-4.4301841381689355,9.423712957485387e-06,59282,59134,4.933590901271761e-05,True
loop-rotate,loop-flatten,-0.0007136969863431597,-0.7261000923429048,0.4677788469587101,59110,59362,0.6930843604579299,False
loop-rotate,loop-reroll,-0.0012592058266628348,-1.2956752064223496,0.19508992120707142,59236,59731,0.3971469502904836,False
loop-rotate,loop-instsimplify,-0.0001945759898599464,-0.19995551245204643,0.8415157156130599,59618,59555,0.9295840740030304,False
loop-rotate,loop-simplifycfg,-0.0003099624632725839,-0.3173406771958286,0.7509856714665484,59362,59757,0.8836718417857583,False
loop-rotate,loop-predication,-0.0005264409164718598,-0.5367041386394962,0.5914730037277416,59187,59517,0.7827672465690557,False
loop-rotate,speculative-execution,0.0011877266771303518,1.2123133039882374,0.22539487340410355,59710,59708,0.435444659225688,False
loop-rotate,partially-inline-libcalls,0.000203660971012265,0.2071351900291191,0.8359046348629702,59463,59531,0.9255023026054845,False
loop-rotate,load-store-vectorizer,0.00035307596422856635,0.36299424764105415,0.7166098269964745,59098,59760,0.867195328343076,False
loop-rotate,iroutliner,0.0025315923659907646,2.633968478376897,0.008440424561333475,59328,59630,0.02922431704879035,True
loop-rotate,global-merge,0.0003679830610464063,0.37560778496989305,0.7072091732490605,59231,59616,0.8608738335229471,False
loop-rotate,break-crit-edges,-0.010693191737629504,-10.888449517529374,1.3483767087115403e-27,59558,59368,4.71450284938785e-26,True
loop-rotate,unreachableblockelim,-0.00028928911086301135,-0.2955909463502911,0.7675430049330939,59418,59514,0.8903135092766574,False
partial-inliner,lower-expect,0.0006208641864745013,0.6645991297077918,0.5063082131124862,59474,59598,0.7209828954721803,False
partial-inliner,alignment-from-assumptions,-0.0007291110309711746,-0.7733949173362693,0.4392902405762059,59211,59232,0.6662075197205685,False
partial-inliner,rpo-function-attrs,-0.00038463930653259704,-0.40985448300420946,0.6819134382207207,59406,58988,0.8466623411770267,False
partial-inliner,attributor,0.0017164705472176855,2.021992924671118,0.043179320947718765,59192,59545,0.12069252022217465,False
partial-inliner,inferattrs,0.00036111032390895303,0.3863277226886112,0.6992546645214894,59314,59316,0.8559803895799164,False
partial-inliner,called-value-propagation,2.062138382735723e-05,0.022074388452647847,0.9823886536535512,59332,59377,0.993228687860278,False
partial-inliner,licm,-0.0025128706557346336,-2.628873738439278,0.008567918366916871,59390,59458,0.029613387753615588,True
partial-inliner,loop-simplify,0.0006055846155721412,0.6449616405044809,0.5189532895653619,59547,59329,0.7310147776755241,False
partial-inliner,div-rem-pairs,-0.0014297686247792263,-1.5245797406993846,0.1273666164668092,59417,59351,0.2920185422037616,False
partial-inliner,float2int,0.0008959588931937712,0.949490631704983,0.34237307265523664,59165,59228,0.5750473596996083,False
partial-inliner,inline,-2.808155764894016e-05,-0.029921634898220216,0.9761296017598877,59286,59332,0.9901306711436102,False
partial-inliner,sink,-0.0015676869881527389,-1.6622898152743726,0.09645732151494031,59122,59504,0.23417660945598653,False
partial-inliner,loop-vectorize,-0.004213119480993843,-4.4690347397738455,7.864596644384008e-06,59486,59125,4.1506415713487565e-05,True
partial-inliner,slp-vectorizer,0.001686584784290679,1.806837565687085,0.0707901294879623,59527,59706,0.1826180152008303,False
partial-inliner,callsite-splitting,-0.0014778714061792209,-1.5773431635340922,0.11471923957329878,59495,59732,0.2691674908142828,False
partial-inliner,dfa-jump-threading,-0.0008403396144659458,-0.8945348160552605,0.3710376250084352,59063,59584,0.6026475900178483,False
partial-inliner,consthoist,0.0005850812602223865,0.623128941218999,0.5332009889567553,59270,59518,0.7410782163030426,False
partial-inliner,mldst-motion,-0.0010745862867657663,-1.143881006931388,0.2526752927555504,59442,59414,0.4712054586826695,False
partial-inliner,slsr,0.001553278133255842,1.6515347553512278,0.09863207533435345,59126,59599,0.2382746496047675,False
partial-inliner,loop-interchange,-0.001570195714444722,-1.6598005954760349,0.09695722203146272,59479,58931,0.23509875013944767,False
partial-inliner,loop-fusion,-0.0006525349537850889,-0.6969218775860974,0.4858530492784298,59203,59616,0.7065274956315627,False
partial-inliner,loop-distribute,0.00012152394904857422,0.1288211237803626,0.8974994082710606,59635,59304,0.9575433158520475,False
partial-inliner,loop-load-elim,-0.0011626687925566093,-1.2433120446529644,0.21375532279842754,59449,59268,0.42105927770555446,False
partial-inliner,loop-sink,-0.000466459828325938,-0.4965410024431817,0.6195136826635668,59510,59587,0.8043729652621743,False
partial-inliner,loop-unroll-and-jam,-0.0008274657905606997,-0.8775453028573724,0.3801922948269964,59840,59185,0.6099274996077501,False
partial-inliner,hotcoldsplit,-0.0013157293371118817,-1.3983185799275075,0.162020036097791,59237,59347,0.34957050212614305,False
partial-inliner,irce,0.0017834709822271422,1.8910885920778566,0.0586149439643186,59723,59385,0.1566799457776598,False
partial-inliner,nary-reassociate,-0.001478598308256529,-1.5680019070841857,0.11688334815139974,59632,59281,0.2724495186671913,False
partial-inliner,scalarizer,-0.0019060236341690295,-2.0222844381768965,0.04314921842784612,59189,59259,0.12069252022217465,False
partial-inliner,vector-combine,-3.092610303451204e-05,-0.032896769354056596,0.9737569645145516,59415,59036,0.9891755865546079,False
partial-inliner,always-inline,-0.001188742574850632,-1.263518690538608,0.20640531559810177,59509,59194,0.41154949892167336,False
partial-inliner,globalsplit,0.001022937583019412,1.0887773080236554,0.276254306592277,59382,59569,0.502934386153118,False
partial-inliner,lowerswitch,-0.0009764528792114979,-1.0248458009524517,0.30543804408127145,59110,59363,0.5368471187712114,False
partial-inliner,early-cse-memssa,-0.003914640774882183,-5.5561223735838805,2.7641947051480098e-08,59649,59788,2.0008477754823672e-07,True
partial-inliner,simple-loop-unswitch,-0.0006120561248103562,-0.6531206883002832,0.5136797348789575,59534,59735,0.7277122897123389,False
partial-inliner,loop-versioning,-0.0012971255012988459,-1.3646624311707705,0.17236175423315503,59527,59422,0.3634726061265671,False
partial-inliner,loop-flatten,-0.0021337634289271823,-2.2695674385664226,0.023235626492636746,59263,59477,0.0711977412716475,False
partial-inliner,loop-reroll,-0.0022202844414237477,-2.3641861745080885,0.018071329910290545,59354,59346,0.05748767500300387,False
partial-inliner,loop-instsimplify,-0.0007986135170308661,-0.8521875992639326,0.39411169868959006,59499,59126,0.6225661202373678,False
partial-inliner,loop-simplifycfg,-0.0003103831956571823,-0.3309060103262702,0.7407160655946591,59611,59205,0.8792343530855649,False
partial-inliner,loop-predication,-0.0016523113540420353,-1.7506324377621625,0.08001182526887929,59430,59379,0.20171555536120714,False
partial-inliner,speculative-execution,-0.0001571806958442501,-0.16698275167919574,0.8673839035460668,59765,59550,0.9431973119399291,False
partial-inliner,partially-inline-libcalls,-0.00032426428891585424,-0.34489235895692216,0.7301759066096022,59299,59353,0.8733459848821424,False
partial-inliner,load-store-vectorizer,0.00035722082069689076,0.3825274154782101,0.7020708809133455,59366,59626,0.8570166987707795,False
partial-inliner,iroutliner,0.0021342369049893173,2.2986117000407646,0.02152873046137074,59201,59319,0.06678150872994762,False
partial-inliner,global-merge,-8.30240498255197e-05,-0.08840233512886289,0.9295570541414075,59488,59579,0.9712234322352593,False
partial-inliner,break-crit-edges,-0.007333964308127272,-7.720633956129507,1.166504292110356e-14,59217,59531,1.6550836260522297e-13,True
partial-inliner,unreachableblockelim,4.255777500111746e-05,0.04504945719548062,0.9640679637010681,59235,59283,0.9868948852636032,False
lower-expect,alignment-from-assumptions,0.0018827330201339754,2.0080257543860545,0.04464282156846602,59260,59182,0.1242510940029232,False
lower-expect,rpo-function-attrs,-0.0008075789735382255,-0.8648545732543734,0.3871203579229726,59659,59300,0.6159948482837712,False
lower-expect,attributor,0.0021862804941537584,2.581164344988346,0.009847960446114674,59427,58988,0.03365149485775311,True
lower-expect,inferattrs,0.00010111352574304622,0.10763963874666667,0.9142817339076822,59249,59773,0.9658626280512042,False
lower-expect,called-value-propagation,-0.0011162106958972906,-1.1950826357710702,0.2320571309051332,59414,59406,0.44328571932902516,False
lower-expect,licm,-0.0017320164393314075,-1.8201913713093565,0.06873237617010357,59621,59444,0.17832701940527898,False
lower-expect,loop-simplify,0.0008169877280296278,0.8690837685458668,0.38480306610811804,59561,59529,0.6138039946555561,False
lower-expect,div-rem-pairs,-3.023769154292255e-05,-0.03225057616259695,0.9742722771555471,59438,59830,0.9891755865546079,False
lower-expect,float2int,0.0003526779263626212,0.37629213579243237,0.7067003959322474,59660,59401,0.8605219995244655,False
lower-expect,inline,4.039726848598102e-05,0.04328776192333629,0.9654722196482738,59375,59056,0.9870333192375907,False
lower-expect,sink,-0.0017677078137042224,-1.8874117236969645,0.05910741100527544,59236,59270,0.1571382359108341,False
lower-expect,loop-vectorize,-0.0040504423398723954,-4.293729533340497,1.7583549746541913e-05,59397,59547,8.965778750971111e-05,True
lower-expect,slp-vectorizer,0.0001664974738735392,0.1781361102012206,0.8586163873636034,59434,59400,0.9379863321992189,False
lower-expect,callsite-splitting,-0.0013256229683474285,-1.4103018326906778,0.15845320936237992,59118,59074,0.34434115863655923,False
lower-expect,dfa-jump-threading,0.0005024292065669567,0.5369212292675886,0.5913230376466438,58929,59172,0.7827672465690557,False
lower-expect,consthoist,0.0006174600528821572,0.6574343737151068,0.5109029271224663,59518,59481,0.7249356597298326,False
lower-expect,mldst-motion,-0.0011899062894681345,-1.2705494103118549,0.20389147678651237,59809,59263,0.40882694474960696,False
lower-expect,slsr,5.014424445670684e-07,0.0005334388605240401,0.9995743782831803,59614,59419,0.9995743782831803,False
lower-expect,loop-interchange,-0.0012736404537562196,-1.3569357977627459,0.1748042045891874,59217,58888,0.3674359984816199,False
lower-expect,loop-fusion,0.0007603044508820433,0.807023423788411,0.4196545989845113,59858,59310,0.6482711675042786,False
lower-expect,loop-distribute,0.0015258337396081845,1.6176181744325784,0.10574757607847347,59358,58990,0.25204352277742065,False
lower-expect,loop-load-elim,-0.00043307605301473595,-0.4636520464242347,0.6428979062605449,59265,59852,0.8203285112141719,False
lower-expect,loop-sink,-0.0002096662213328382,-0.22351974300824107,0.8231314041134389,59166,59424,0.9165148076509032,False
lower-expect,loop-unroll-and-jam,-0.00033278101735956245,-0.35488825555231907,0.7226739376369827,59592,59194,0.8704381574654487,False
lower-expect,hotcoldsplit,-0.0004772910361045546,-0.5079982898326411,0.6114554895573651,59122,59204,0.7982144938805201,False
lower-expect,irce,8.693416180893809e-05,0.0938266797615554,0.9252469958639165,59900,59048,0.9686038767896754,False
lower-expect,nary-reassociate,0.0007650792595644829,0.8156209410509719,0.41471861085357,59116,59203,0.6429287728038717,False
lower-expect,scalarizer,-0.0009369467502031714,-0.9956790838830961,0.31940813098793347,59066,59354,0.5519092655291103,False
lower-expect,vector-combine,-9.268346579999198e-05,-0.09917605367027953,0.9209986551078321,59727,58921,0.9686038767896754,False
lower-expect,always-inline,0.0013758949747139648,1.4745299753514374,0.1403415968898648,59434,59643,0.3135069557448435,False
lower-expect,globalsplit,-2.770464808860007e-05,-0.029485812103621493,0.9764771838500058,59269,59542,0.9901306711436102,False
lower-expect,lowerswitch,0.00018344740864306708,0.1945610170312666,0.8457369565472088,59320,59426,0.9315734978507894,False
lower-expect,early-cse-memssa,-0.0035072518175842116,-5.002291876870516,5.673305764981005e-07,59810,59482,3.40746401467264e-06,True
lower-expect,simple-loop-unswitch,-0.002083045444164877,-2.2163059469784545,0.02667244655391616,59533,59056,0.08040746782535463,False
lower-expect,loop-versioning,-0.0015015957540426284,-1.5981865352443483,0.11000412850245676,59572,59264,0.2604450829598674,False
lower-expect,loop-flatten,0.0004067995348775444,0.43105540101829476,0.6664288713561464,59202,59450,0.8372587296216455,False
lower-expect,loop-reroll,0.0002495134959425993,0.26539012849885046,0.7907094003018855,59443,59393,0.8995984926153933,False
lower-expect,loop-instsimplify,-0.0008403611482966089,-0.8981706535124265,0.3690964025259642,59111,59300,0.60024149181548,False
lower-expect,loop-simplifycfg,-0.0013384722355914702,-1.4180753111404176,0.15617140421710787,59401,59274,0.34032677735903977,False
lower-expect,loop-predication,0.0011236917705843563,1.1953655135108188,0.23194663867028903,59569,59307,0.44328571932902516,False
lower-expect,speculative-execution,-0.0004018211616466649,-0.4280214033207494,0.6686363102279856,59755,59572,0.8381497409900102,False
lower-expect,partially-inline-libcalls,-0.0015003531268947823,-1.5944174309784591,0.11084523339178559,59375,59323,0.2616455298144861,False
lower-expect,load-store-vectorizer,-0.0003170856142058476,-0.3387704333351766,0.7347832745683048,59619,59296,0.8764579053333784,False
lower-expect,iroutliner,0.0031290335132216907,3.376426743453987,0.0007345753868535544,59171,59206,0.0030408004386030855,True
lower-expect,global-merge,-0.0011876958130948023,-1.2682166759716191,0.20472305835538837,59758,59575,0.4096553380274404,False
lower-expect,break-crit-edges,-0.007197003803658231,-7.590897327669602,3.199913160239136e-14,59850,59480,4.4278657015888534e-13,True
lower-expect,unreachableblockelim,-0.0009644815617149138,-1.0251898948431262,0.3052756807486955,59341,59593,0.5368026788558111,False
alignment-from-assumptions,rpo-function-attrs,0.00042412105515571286,0.45143208256124895,0.6516789918141168,59287,59103,0.8250371736964681,False
alignment-from-assumptions,attributor,0.003630204514969315,4.2583327311448365,2.0611532473457768e-05,59481,59281,0.000104282637165453,True
alignment-from-assumptions,inferattrs,0.0006349429362795811,0.6715251451971083,0.5018873556087168,59703,58818,0.7180821646195598,False
alignment-from-assumptions,called-value-propagation,-0.00021193166515781625,-0.22608811173286703,0.8211332796141252,59450,59358,0.9155916637155223,False
alignment-from-assumptions,licm,-0.0007187288769570643,-0.7436314997819373,0.45710091381739193,59514,59129,0.682687711101795,False
alignment-from-assumptions,loop-simplify,-0.0006729090760943524,-0.7112419134908649,0.47693573292716523,59318,59804,0.6997678269549565,False
alignment-from-assumptions,div-rem-pairs,-0.001175279120592898,-1.2476059004836801,0.21217788215335803,59094,59431,0.41837290358134444,False
alignment-from-assumptions,float2int,0.00029480876912174603,0.3132297956049655,0.7541066341604382,59300,59220,0.8854817329452102,False
alignment-from-assumptions,inline,-0.0018585041268116553,-1.9767962527171412,0.04806696931207491,59540,59523,0.13255651537048263,False
alignment-from-assumptions,sink,-2.270864414533058e-05,-0.023909411551402276,0.9809249073518795,59429,59097,0.9923280643735367,False
alignment-from-assumptions,loop-vectorize,-0.0015547352818260363,-1.6447780597363373,0.10001823393786538,59313,59494,0.24058440055324376,False
alignment-from-assumptions,slp-vectorizer,0.0005270466236738103,0.559802969896211,0.5756148943789123,59287,59379,0.7748738145025165,False
alignment-from-assumptions,callsite-splitting,0.0003392625677031136,0.35850495345324646,0.7199661027321029,59362,58679,0.8691082793769775,False
alignment-from-assumptions,dfa-jump-threading,-0.0010409011891709397,-1.1031273817397438,0.2699741086256284,58944,58662,0.49611384766680466,False
alignment-from-assumptions,consthoist,0.0001734734841517538,0.18344699152421648,0.8544476198343981,59492,59591,0.9348349501561121,False
alignment-from-assumptions,mldst-motion,-0.0004503457160952018,-0.4797859650766669,0.631380476025146,59868,59071,0.8127725614678283,False
alignment-from-assumptions,slsr,-0.0008028490599671367,-0.8465318020988347,0.39725784531467634,59382,59469,0.6255707410319054,False
alignment-from-assumptions,loop-interchange,0.0012558669936114653,1.319931344914832,0.18686049817472827,58958,59210,0.38663961526890883,False
alignment-from-assumptions,loop-fusion,0.0007373149282022262,0.7819025770795829,0.4342733848129927,59573,59527,0.6632662148703898,False
alignment-from-assumptions,loop-distribute,-0.0006755049470597574,-0.7115406748423064,0.4767506541732811,59197,59417,0.6997678269549565,False
alignment-from-assumptions,loop-load-elim,0.0002935485229299539,0.3109887371896498,0.7558097298958949,59358,59348,0.886152964752193,False
alignment-from-assumptions,loop-sink,-0.0004712759823550794,-0.4999418287749306,0.6171169666289231,59200,59291,0.8023340110620395,False
alignment-from-assumptions,loop-unroll-and-jam,-0.00028739892351026253,-0.30407330193068083,0.7610725788720362,59308,59525,0.8875402676780506,False
alignment-from-assumptions,hotcoldsplit,-9.974688478647797e-05,-0.10559630292749968,0.9159028367319696,59090,59550,0.9665679346371928,False
alignment-from-assumptions,irce,-0.0005558853777021255,-0.5895253327493026,0.5555100436426089,59625,59286,0.7587643288819171,False
alignment-from-assumptions,nary-reassociate,-0.0011740055740273592,-1.2387794807014199,0.21542963275056123,59569,58740,0.42329164895041926,False
alignment-from-assumptions,scalarizer,-0.0010039319342424191,-1.0560472860548655,0.2909487638619966,59451,59114,0.5204912559541245,False
alignment-from-assumptions,vector-combine,-0.0014994812573835281,-1.5809538589572396,0.11389126473599126,59224,58941,0.26770599802289424,False
alignment-from-assumptions,always-inline,-0.0011047876583382688,-1.1710576550076617,0.24157795806106502,59181,59316,0.45635276592722174,False
alignment-from-assumptions,globalsplit,-0.00044249769623549984,-0.46788582867758655,0.6398670965564419,59467,59331,0.8182716780399881,False
alignment-from-assumptions,lowerswitch,-0.003312669902031662,-3.4781628415494064,0.0005050443366420158,59349,59041,0.002138112024097442,True
alignment-from-assumptions,early-cse-memssa,-0.004466256885114095,-6.2723554700792725,3.5684368078284816e-10,59723,59237,3.242227039317015e-09,True
alignment-from-assumptions,simple-loop-unswitch,-0.000685723669194116,-0.7283332310564292,0.4664110609444814,59494,59267,0.6918430737343142,False
alignment-from-assumptions,loop-versioning,-0.0010201408615749807,-1.068328882295669,0.285374354414234,59586,59266,0.5145147200212432,False
alignment-from-assumptions,loop-flatten,-0.001866310237794322,-1.9705699570508826,0.048775416836223585,59120,59032,0.13403826830221163,False
alignment-from-assumptions,loop-reroll,0.0009993735173272622,1.0610521349988167,0.2886683722349117,59437,59030,0.5178311249069695,False
alignment-from-assumptions,loop-instsimplify,-0.0016044121102255504,-1.7011677459046814,0.08891411708950046,59284,59175,0.2200933517841238,False
alignment-from-assumptions,loop-simplifycfg,-0.0007997426630382276,-0.8477655567660795,0.39657025969309007,59289,59299,0.6249372784539802,False
alignment-from-assumptions,loop-predication,0.001060904156872211,1.1177381557432051,0.2636810947949074,59417,59783,0.487293613599272,False
alignment-from-assumptions,speculative-execution,-0.0014150968440722056,-1.4928828639962621,0.1354705002734181,59647,59463,0.3055889856398072,False
alignment-from-assumptions,partially-inline-libcalls,0.0003974714906521126,0.42220683348480925,0.6728748200522748,59498,59068,0.8407714726626382,False
alignment-from-assumptions,load-store-vectorizer,-0.0005531174504557756,-0.5895457245386273,0.5554963721782862,59564,59019,0.7587643288819171,False
alignment-from-assumptions,iroutliner,0.0021143797923386942,2.2624121807281052,0.023673753815056278,59094,59276,0.07225753697565111,False
alignment-from-assumptions,global-merge,-0.0011615293480089495,-1.2297427083547117,0.21879590413053945,59516,59309,0.4276350029338515,False
alignment-from-assumptions,break-crit-edges,-0.006531952129943952,-6.819863920697852,9.156202738886501e-12,59312,58996,9.904886719745729e-11,True
alignment-from-assumptions,unreachableblockelim,-0.0005140056423629802,-0.5407254266255763,0.5886978658134212,59277,59313,0.7817104125526886,False
rpo-function-attrs,attributor,0.001047250331835392,1.2281801881461838,0.21938176393579897,59535,59438,0.42847829804119136,False
rpo-function-attrs,inferattrs,-0.0002806860654657739,-0.2989776678021354,0.7649576089806944,59324,59287,0.8887356474692288,False
rpo-function-attrs,called-value-propagation,-3.320333826589694e-05,-0.03552462933584528,0.9716614669466408,59338,59738,0.9886640036901734,False
rpo-function-attrs,licm,1.098451999653749e-05,0.011445421365517584,0.9908680936730803,59249,59093,0.9972345039382632,False
rpo-function-attrs,loop-simplify,-1.1244134567878206e-05,-0.011971693866069983,0.9904482185430163,59425,59501,0.997068180929165,False
rpo-function-attrs,div-rem-pairs,-0.0005300237405623798,-0.5666328001874649,0.570964754127607,59707,59296,0.770747551853544,False
rpo-function-attrs,float2int,0.00043235090518123354,0.4596099429117111,0.6457970618079071,59266,59588,0.8221525663328232,False
rpo-function-attrs,inline,-0.0007311590150290703,-0.776617401373975,0.4373860847663398,58850,59440,0.6656836019996061,False
rpo-function-attrs,sink,-0.00017320706683021658,-0.18337996953947508,0.8545002059420754,59197,58994,0.9348349501561121,False
rpo-function-attrs,loop-vectorize,-0.003699010700806471,-3.923208066218252,8.742671620724953e-05,59598,59262,0.00040806081128437325,True
rpo-function-attrs,slp-vectorizer,0.001288299406845661,1.3765214260403353,0.16866284958615307,59454,59502,0.35866928636427653,False
rpo-function-attrs,callsite-splitting,-0.0004990228803197772,-0.5339528690056782,0.5933751430677872,59173,59464,0.7845097847667515,False
rpo-function-attrs,dfa-jump-threading,0.0005690679194242931,0.6048341564688923,0.5452903527575882,59371,59277,0.752194806085191,False
rpo-function-attrs,consthoist,0.00021300220941011805,0.22723767487250743,0.820239325352158,59279,59284,0.9151160108487325,False
rpo-function-attrs,mldst-motion,-0.00038523470538859295,-0.4132486579974817,0.6794251852411318,59652,59532,0.8446441350489754,False
rpo-function-attrs,slsr,0.0014692185045627193,1.5629234533606593,0.11807326765800759,59157,59485,0.2745836862000888,False
rpo-function-attrs,loop-interchange,0.0006130556258234776,0.6509529043062273,0.5150781459213413,59742,59263,0.7284384324405823,False
rpo-function-attrs,loop-fusion,0.0005496674843157301,0.5870078098469389,0.5571995739739557,59494,59650,0.7600116794434032,False
rpo-function-attrs,loop-distribute,0.00028089555385452103,0.29809804723260686,0.7656288526746513,59491,59444,0.8891466746957101,False
rpo-function-attrs,loop-load-elim,-0.0001708348113481084,-0.18150019851619092,0.8559752877965754,59228,59275,0.9357898456201533,False
rpo-function-attrs,loop-sink,-0.001376973849345986,-1.4580939807244688,0.14481728096893468,59406,59530,0.3214877960738935,False
rpo-function-attrs,loop-unroll-and-jam,-0.0007024022241431394,-0.7466386559520425,0.45528318538612705,59272,59549,0.6810716814290071,False
rpo-function-attrs,hotcoldsplit,0.0014554788327859058,1.5503826054654566,0.12105237897265429,59275,59347,0.2801661442416751,False
rpo-function-attrs,irce,-3.184160432567751e-05,-0.033848915860257345,0.9729976860376264,59639,58957,0.9891755865546079,False
rpo-function-attrs,nary-reassociate,-0.0004814158288021231,-0.5119083092729672,0.6087161399411508,58909,59163,0.7956383190953092,False
rpo-function-attrs,scalarizer,-0.00042235136070922774,-0.44807304269429027,0.6541012967634177,59205,60020,0.8270780362045668,False
rpo-function-attrs,vector-combine,-0.0002880328824440559,-0.3069156221754445,0.7589081364035141,59353,59302,0.8875402676780506,False
rpo-function-attrs,always-inline,4.610272947236371e-06,0.004901231831468221,0.9960894066965905,59360,59216,0.9987335953979433,False
rpo-function-attrs,globalsplit,0.0018699631675518913,1.9942079027746022,0.04613161974928742,59362,59478,0.1275786885156847,False
rpo-function-attrs,lowerswitch,-0.00018874073239305567,-0.1989395833686677,0.8423103461938602,59505,59130,0.9300362695282564,False
rpo-function-attrs,early-cse-memssa,-0.0045977740783346155,-6.461600108568981,1.0400016466506176e-10,59318,59538,1.0080808040306482e-09,True
rpo-function-attrs,simple-loop-unswitch,-0.00016507966499529347,-0.1761493284611324,0.8601769273592277,59791,59463,0.93838261595302,False
rpo-function-attrs,loop-versioning,-0.0020644004700643426,-2.184213198152068,0.028948533541390407,59540,59275,0.08614168491495808,False
rpo-function-attrs,loop-flatten,0.0008385837251589368,0.8912278103446307,0.3728087741487379,58865,59855,0.6042711753172424,False
rpo-function-attrs,loop-reroll,0.0006383875007026085,0.6785401471443947,0.49743059850308957,59102,59783,0.7143154469153278,False
rpo-function-attrs,loop-instsimplify,0.0008810139339658907,0.9426379299576626,0.3458680485388535,59597,59233,0.577823924094774,False
rpo-function-attrs,loop-simplifycfg,0.0012834286096697345,1.370668121398214,0.17048102746327612,59207,59543,0.36076764950440066,False
rpo-function-attrs,loop-predication,0.0003211537105246576,0.33964628625870363,0.7341235163566244,59440,59515,0.8759377483402014,False
rpo-function-attrs,speculative-execution,0.00026321934405110214,0.2796597579491678,0.7797390414130632,59688,59310,0.8960114292943329,False
rpo-function-attrs,partially-inline-libcalls,-0.0004508054924754479,-0.4789219918605535,0.6319950075764906,59330,59347,0.8127725614678283,False
rpo-function-attrs,load-store-vectorizer,0.0011983665062001436,1.2686336362745023,0.2045742430271341,59486,59533,0.4095668382894975,False
rpo-function-attrs,iroutliner,0.003732613827818254,4.01667204715052,5.9062052465849934e-05,59284,59491,0.00028240170629581,True
rpo-function-attrs,global-merge,0.0006668481243810032,0.7087696304864848,0.47846883791065925,59238,59537,0.7008615648207392,False
rpo-function-attrs,break-crit-edges,-0.007146885037342787,-7.522355563382132,5.417373438848776e-14,59601,59424,7.290183637983439e-13,True
rpo-function-attrs,unreachableblockelim,0.0004639494674172906,0.49467671486816017,0.620829256542182,59382,59286,0.8047558320487206,False
attributor,inferattrs,-0.002748741625933193,-3.243366959182133,0.0011815861290561459,59658,58995,0.0047554894978251465,True
attributor,called-value-propagation,-0.0031134133268340136,-3.688090861087076,0.00022604311197116245,59726,59652,0.0010036109143753652,True
attributor,licm,-0.0037891556941723192,-4.399335733219309,1.0867677111670362e-05,59606,59544,5.674376475906818e-05,True
attributor,loop-simplify,-0.001302401020855326,-1.528161935029686,0.12647499421872072,59863,59224,0.29014415779760416,False
attributor,div-rem-pairs,-0.0028595717861590875,-3.3709390787801317,0.0007493630713005391,59212,59421,0.0030954702396760667,True
attributor,float2int,-0.0017658356903524353,-2.069537100075409,0.038497874296941646,59172,59448,0.10988168786211625,False
attributor,inline,-0.002174219468169647,-2.5526875239564646,0.010690776668184793,59333,59238,0.03590580983753511,True
attributor,sink,-0.003871240015853261,-4.545108229625945,5.496101878526349e-06,59474,59434,2.9851227401261002e-05,True
attributor,loop-vectorize,-0.004579646333564613,-5.364457609491984,8.134439582100421e-08,59292,59344,5.559243525917146e-07,True
attributor,slp-vectorizer,-0.001410360709140246,-1.65333046242318,0.09826627638804412,59272,59189,0.2375374927997412,False
attributor,callsite-splitting,-0.0028717161805408287,-3.3651610532158753,0.0007652333120886664,59482,58671,0.003157696153992853,True
attributor,dfa-jump-threading,-0.001851362137276047,-2.1828308556801375,0.029050221260863974,59317,59397,0.08631310049889478,False
attributor,consthoist,-0.002951492348341467,-3.4825461682616825,0.0004968478099304546,59432,59541,0.002105688337324308,True
attributor,mldst-motion,-0.003991837807777676,-4.721232541290523,2.346859373906949e-06,59721,59393,1.322345511974045e-05,True
attributor,slsr,-0.002817393259887613,-3.3161520737700356,0.0009129356205079703,59286,59230,0.0037201414046922083,True
attributor,loop-interchange,-0.0040623041257698,-4.7619494268392915,1.9195885913494765e-06,58953,59100,1.0989925327082675e-05,True
attributor,loop-fusion,-4.925137655709122e-05,-0.057812796704941015,0.9538978421423269,59397,59435,0.9830456038185548,False
attributor,loop-distribute,-0.0037538001315264857,-4.406929027276215,1.0493828047356368e-05,59443,59241,5.486492741448269e-05,True
attributor,loop-load-elim,-0.0022568296080363037,-2.6619440431389596,0.0077701256674178746,59820,58897,0.02719196792994495,True
attributor,loop-sink,-0.0027000222558673515,-3.1790170293744753,0.0014781338706620598,59459,59059,0.005864612196061425,True
attributor,loop-unroll-and-jam,-0.0026577106900426695,-3.118345547484164,0.0018191283633720032,59243,59658,0.0071023994725471235,True
attributor,hotcoldsplit,-0.0023165286572621735,-2.7415169949520166,0.0061165342856497424,59617,59189,0.021874290650780268,True
attributor,irce,-0.003955450603638555,-4.655502036062565,3.235407981423189e-06,59397,59434,1.794597401593939e-05,True
attributor,nary-reassociate,-0.0025615883457266175,-3.007599151594257,0.00263375483914241,59215,59191,0.010072054638751639,True
attributor,scalarizer,-0.0024968504889955057,-2.9275758065115984,0.003416807217124657,59371,59119,0.012840899291996312,True
attributor,vector-combine,-0.002555647184351917,-3.001637404791076,0.002685878161108663,59363,58988,0.010241381576340336,True
attributor,always-inline,-0.0026123509298470182,-3.084070643719757,0.0020423599590655922,59564,59079,0.007942285600497378,True
attributor,globalsplit,-0.0020631518180900255,-2.42211168291884,0.015432096171908216,59539,59069,0.04994387488363023,True
attributor,lowerswitch,-0.004351650515692973,-5.087815442743691,3.6276186370844706e-07,59357,59408,2.2336092111356584e-06,True
attributor,early-cse-memssa,-0.01414713925585881,-20.447670322860766,9.117449818309532e-93,59373,59347,2.7464564221923176e-90,True
attributor,simple-loop-unswitch,-0.0027774053835085133,-3.29196533396596,0.0009951885901767661,59493,59423,0.004038506237442711,True
attributor,loop-versioning,-0.002613600207853839,-3.0302539377908198,0.0024440074037908903,59687,59118,0.00939227967933771,True
attributor,loop-flatten,-0.0029115791075385866,-3.4150792232708893,0.0006378480754610968,59174,59457,0.0026657556707637723,True
attributor,loop-reroll,-0.002063144973802722,-2.4367193874332105,0.014822638858340046,59484,58936,0.048210509775132575,True
attributor,loop-instsimplify,-0.0028797988987792067,-3.400171187874353,0.000673658375804654,59538,59151,0.0027975039232778632,True
attributor,loop-simplifycfg,-0.00239256962613843,-2.8124834886449603,0.004916862016881193,59326,59319,0.01792771002830924,True
attributor,loop-predication,-0.0026285226089099445,-3.076693476344766,0.0020935802148747233,59284,59517,0.00813339297762839,True
attributor,speculative-execution,-0.0019046950839033405,-2.234785076024641,0.025433311688191004,59506,59450,0.07696819827740028,False
attributor,partially-inline-libcalls,-0.0030470424286273556,-3.597744049507505,0.0003211191410312706,59450,59716,0.0013972250625316175,True
attributor,load-store-vectorizer,-0.001425186416069646,-1.6871255557775164,0.09158183567686488,59752,59171,0.2255562695035238,False
attributor,iroutliner,-0.0007188325568086018,-0.8537934113312283,0.39322119670284345,58817,59385,0.6219120380809108,False
attributor,global-merge,-0.0038530716607171334,-4.518230905575379,6.241846146541932e-06,59384,59363,3.371457863428718e-05,True
attributor,break-crit-edges,-0.008102316446774782,-9.383732478341962,6.475003848754995e-21,59512,59147,1.5651922883780595e-19,True
attributor,unreachableblockelim,-0.0023298948404053,-2.7286586773000807,0.006360181735226084,59618,59470,0.022683489685924724,True
inferattrs,called-value-propagation,0.0001843170599752364,0.1972262011762096,0.8436508648311084,59550,59357,0.9307675713510227,False
inferattrs,licm,-0.001607967689670975,-1.677510350525184,0.09344534317907054,59674,59791,0.22880633978037504,False
inferattrs,loop-simplify,0.0005252703540087889,0.5602373632226288,0.5753185961936075,59602,59803,0.7748738145025165,False
inferattrs,div-rem-pairs,0.0004427392042949396,0.47322313375894015,0.636054863907795,59181,59713,0.8155831195359937,False
inferattrs,float2int,-1.6630507904180636e-05,-0.017685456147477657,0.9858898128555809,59529,59239,0.994524602561168,False
inferattrs,inline,-0.002389712646798381,-2.53936009203182,0.011106810348217316,59303,59454,0.0372701536620557,True
inferattrs,sink,-0.00017315024437708493,-0.1835755541776855,0.8543467553073006,59306,59538,0.9348349501561121,False
inferattrs,loop-vectorize,-0.0035886426660070025,-3.8023013093691977,0.00014342960715196774,59489,59691,0.0006546274377705195,True
inferattrs,slp-vectorizer,0.0016731076005689904,1.78181654928471,0.07478170592160144,59493,59340,0.19090297287417943,False
inferattrs,callsite-splitting,-1.7201504783848076e-05,-0.018258155703251816,0.9854329395516837,59179,59321,0.9943316459453313,False
inferattrs,dfa-jump-threading,-0.001327460663297031,-1.4166626911641427,0.15658419831042755,59321,59201,0.34084698198089736,False
inferattrs,consthoist,0.00035333114102342744,0.3765376183086515,0.7065179244298415,59740,59512,0.8605219995244655,False
inferattrs,mldst-motion,-0.0019852974095169174,-2.125629389422887,0.03353618278196629,59595,59478,0.09803189534377427,False
inferattrs,slsr,0.00034335444265648496,0.36475635604335843,0.7152939372287991,59175,59365,0.8667599827998389,False
inferattrs,loop-interchange,6.439282375159117e-05,0.06864665081622283,0.945271000240728,59311,59241,0.9785041599108355,False
inferattrs,loop-fusion,-0.00031397994174980903,-0.33374837091795745,0.7385700327982379,59551,59635,0.8782590975648394,False
inferattrs,loop-distribute,0.0011043192833888882,1.1674670606109172,0.2430241469673756,59406,59367,0.45842127144713046,False
inferattrs,loop-load-elim,-0.00022294062811839543,-0.23721694904712468,0.8124888982242469,59397,59091,0.9111899066043648,False
inferattrs,loop-sink,-0.00027413868361531035,-0.2919887047188475,0.7702957704892625,59271,59425,0.8913552496513979,False
inferattrs,loop-unroll-and-jam,-0.00047442547019238557,-0.5030448759215559,0.6149336568192416,59630,58827,0.8010912175995177,False
inferattrs,hotcoldsplit,3.0853797659491367e-05,0.03277377509788561,0.9738550464964159,59843,58958,0.9891755865546079,False
inferattrs,irce,-0.0013554966140179592,-1.452344676937322,0.14640842275902693,59629,59579,0.32428471918798046,False
inferattrs,nary-reassociate,-0.00021802908544577004,-0.23327083666789608,0.8155515039170821,59448,59629,0.9135296594219947,False
inferattrs,scalarizer,-0.0014310829060031338,-1.5161118526128503,0.1294937270770031,59455,59594,0.29551132589367374,False
inferattrs,vector-combine,-0.001131588763036262,-1.203273596169616,0.22887287284740632,59155,59102,0.43956163318805447,False
inferattrs,always-inline,0.0023277709429696536,2.4852132620422895,0.012948743655317375,59684,59638,0.04268289575271283,True
inferattrs,globalsplit,0.0007226510756416227,0.7665225642770225,0.4433669476430782,59714,59599,0.6703571301043607,False
inferattrs,lowerswitch,-0.0015105402634557619,-1.5870149934574587,0.1125119077349061,59521,59393,0.264781629020368,False
inferattrs,early-cse-memssa,-0.004565629489850009,-6.462791940098627,1.0318342994267896e-10,59863,59287,1.0026459346291088e-09,True
inferattrs,simple-loop-unswitch,-0.000893320255038077,-0.9447546838723845,0.34478605451642663,59393,59345,0.5770009356779174,False
inferattrs,loop-versioning,-0.001361593107100878,-1.4351706570076093,0.15124110685472222,59282,59484,0.3312250531133631,False
inferattrs,loop-flatten,0.0005348483418627925,0.5687406841355833,0.569533210611942,59312,59304,0.7698472430858717,False
inferattrs,loop-reroll,0.00024389772576477453,0.2589244232284435,0.7956940032346161,59319,59237,0.9022778440001746,False
inferattrs,loop-instsimplify,0.0004899313442545683,0.5234702657699554,0.6006480161071036,59286,59274,0.790265474073469,False
inferattrs,loop-simplifycfg,-0.0003748206702978152,-0.39790553126702743,0.6907005376170299,59283,59520,0.8512222552158719,False
inferattrs,loop-predication,-0.0005125595289721119,-0.5429248203150455,0.587182584302474,59437,59391,0.7807833616735106,False
inferattrs,speculative-execution,-0.0005811506249518983,-0.616442063186946,0.5376039771594386,59615,59490,0.7452237786040219,False
inferattrs,partially-inline-libcalls,-0.0022342365854071122,-2.379232288492328,0.017350312028525154,59476,59133,0.055412796100911606,False
inferattrs,load-store-vectorizer,-0.0014049022158820756,-1.4955230617493205,0.1347806392582438,59320,59619,0.3045591363735041,False
inferattrs,iroutliner,0.001784331234791936,1.9174874700613271,0.05517842354876261,59332,59688,0.1490197976668651,False
inferattrs,global-merge,-0.0005724648774104169,-0.6082882254650656,0.5429974918524224,59075,59793,0.7503098722985484,False
inferattrs,break-crit-edges,-0.004947860416111005,-5.2138321118462425,1.85286610935576e-07,59814,59386,1.1894792924978945e-06,True
inferattrs,unreachableblockelim,-0.0007158969418595285,-0.7601362522637454,0.44717464835480336,59463,59772,0.673449869722904,False
called-value-propagation,licm,-0.00110448099551258,-1.1483742745873957,0.250816401341727,59307,59502,0.46950144725344306,False
called-value-propagation,loop-simplify,-0.0004116112073367373,-0.439526954215376,0.6602805505351901,59563,59944,0.8314014906417377,False
called-value-propagation,div-rem-pairs,-0.0003960572034325538,-0.42466976950332025,0.6710781931601697,59468,59369,0.8398011504118328,False
called-value-propagation,float2int,-0.00038942010371817437,-0.4147834700990741,0.678301168383671,59787,59328,0.8440506435940438,False
called-value-propagation,inline,-0.0017175354392195419,-1.8242594235380247,0.06811536640240685,59293,59792,0.17688313980890266,False
called-value-propagation,sink,-0.0011764512482074219,-1.2605702440412072,0.20746619826586624,59220,59761,0.4126143384505496,False
called-value-propagation,loop-vectorize,-0.0020537428857890783,-2.1799730147595002,0.02926141309382713,59687,59463,0.08682139299946247,False
called-value-propagation,slp-vectorizer,5.003829755517719e-05,0.05338961589835548,0.9574215681843052,59556,59667,0.9848339535092565,False
called-value-propagation,callsite-splitting,-0.0004884253419909501,-0.5205073457530417,0.6027109785623163,59766,59136,0.7906921916415511,False
called-value-propagation,dfa-jump-threading,-0.0006234999981501455,-0.667823020347821,0.5042478661845816,59262,59731,0.7201031310280638,False
called-value-propagation,consthoist,0.00041942860983928965,0.4452697075844581,0.656125668486145,59412,59293,0.8280335539129049,False
called-value-propagation,mldst-motion,-0.000890499661002131,-0.9566484454297607,0.3387466708320429,59315,59715,0.5720275821381112,False
called-value-propagation,slsr,0.0005610563486964093,0.5973057470366685,0.5503044053819572,59227,59723,0.7550778036004712,False
called-value-propagation,loop-interchange,-0.0019137066199843566,-2.0244895321137832,0.04292204543713196,59218,59372,0.12031691476865337,False
called-value-propagation,loop-fusion,-1.7044092397500155e-05,-0.01824351829733599,0.985444616423348,59515,59442,0.9943316459453313,False
called-value-propagation,loop-distribute,0.0012735436656712285,1.3564592041638792,0.1749556801030822,59328,59702,0.36755710476591735,False
called-value-propagation,loop-load-elim,-0.0003279165497357961,-0.3496455456505721,0.7266053455572444,59344,59370,0.8712144927134627,False
called-value-propagation,loop-sink,0.0006444205290248584,0.6898367167051281,0.4902982172816001,59699,59660,0.7098028983920671,False
called-value-propagation,loop-unroll-and-jam,-0.0005614536098174638,-0.5998728596431825,0.5485921169994502,59286,59358,0.7535817054675121,False
called-value-propagation,hotcoldsplit,-0.0024509871369586267,-2.609451940510993,0.009069871658165007,59911,59252,0.031210560117200498,True
called-value-propagation,irce,-0.0010267467168761368,-1.0968082384672675,0.2727274421071497,59739,59554,0.4992990478221591,False
called-value-propagation,nary-reassociate,-2.8264764046048718e-05,-0.03018819093760635,0.9759170172500435,59338,59403,0.9901306711436102,False
called-value-propagation,scalarizer,0.0003172732161718095,0.3383765681217549,0.7350800253534162,59727,59543,0.8765448779792868,False
called-value-propagation,vector-combine,-0.001073546151489968,-1.146568462531008,0.25156232590993977,59019,59809,0.4706727512008238,False
called-value-propagation,always-inline,-0.0017499562413935688,-1.872030376947121,0.061204847941244096,59543,59669,0.1620542153738417,False
called-value-propagation,globalsplit,-0.0011385367808233182,-1.215493505117528,0.22418033236499169,59439,59746,0.43473205520984237,False
called-value-propagation,lowerswitch,-0.0013703743913174304,-1.4403266904346124,0.14977763495120472,59183,59372,0.32951079689265034,False
called-value-propagation,early-cse-memssa,-0.004445866190907588,-6.357960629991684,2.0518528682466471e-10,59830,59531,1.9315038057821804e-09,True
called-value-propagation,simple-loop-unswitch,-0.0020338419402487484,-2.163773679245512,0.030483711067539852,59172,59579,0.08989022028651059,False
called-value-propagation,loop-versioning,-0.0018230590504478839,-1.9272650963091322,0.05394898846951335,59412,59103,0.1463048745475168,False
called-value-propagation,loop-flatten,0.00039170050530540346,0.41791518968444646,0.6760098813862452,59301,59573,0.8428063341319759,False
called-value-propagation,loop-reroll,-0.0011768354702015316,-1.2568773808298572,0.2088005093553383,59134,59783,0.41401685173858865,False
called-value-propagation,loop-instsimplify,-0.0017207219773319182,-1.8401064303738344,0.06575509791840425,59601,59622,0.17189383407775102,False
called-value-propagation,loop-simplifycfg,-0.0014096505862783992,-1.5060386300033146,0.13205991585210075,59440,59391,0.3001431401490578,False
called-value-propagation,loop-predication,-0.0011138184116835093,-1.1858890133821602,0.23566850037348192,59445,59584,0.4483209905544659,False
called-value-propagation,speculative-execution,0.00015835634500876994,0.16875521197780308,0.8659894739388091,60190,59476,0.9427897636765017,False
called-value-propagation,partially-inline-libcalls,-0.0009984229684407708,-1.067508438626259,0.28574446618775107,59623,59629,0.5149449284819297,False
called-value-propagation,load-store-vectorizer,0.00014812347031878392,0.157930437773702,0.8745118810229201,59452,59605,0.94403856187632,False
called-value-propagation,iroutliner,0.003310381925759498,3.5574454471668364,0.0003746249073954276,59083,59469,0.0016121221289675763,True
called-value-propagation,global-merge,-0.0008202873953828682,-0.8730847074717916,0.38261867000896244,59321,59769,0.6124259708780292,False
called-value-propagation,break-crit-edges,-0.006592152243714955,-6.908444862860175,4.9244090817410194e-12,59634,59469,5.589561149013864e-11,True
called-value-propagation,unreachableblockelim,-0.00029278353311945615,-0.31137093904913704,0.7555191899977041,59406,59446,0.886152964752193,False
licm,loop-simplify,0.0011835790828900183,1.232162296146067,0.21789089448996074,59732,59491,0.42641716282992814,False
licm,div-rem-pairs,0.0007932745868667879,0.8258118628621762,0.4089124803034783,59233,59697,0.636447246768053,False
licm,float2int,0.002550054925239409,2.656214207278518,0.007903392741499449,59554,59548,0.027633648192599856,True
licm,inline,0.00065658148483283,0.6805554905348464,0.4961541303080855,59015,59311,0.7134091107886948,False
licm,sink,0.0009861181731650182,1.0219728346729933,0.30679584835963325,59141,59127,0.538267268000145,False
licm,loop-vectorize,-0.0048530297948828904,-5.017503067969997,5.242237857790007e-07,59416,60058,3.1540592961543274e-06,True
licm,slp-vectorizer,0.001907123881994599,1.982562255990502,0.04741863920700114,59513,59686,0.13086074075730547,False
licm,callsite-splitting,0.0019774874016086907,2.0709405748754497,0.03836650326534239,59583,59261,0.10958659867766653,False
licm,dfa-jump-threading,0.001497465049665303,1.5673781135857954,0.11702900227199672,59175,59560,0.2726267536568347,False
licm,consthoist,0.0008464561158713635,0.8749123887589755,0.38162334972842304,59501,59111,0.6117220784021714,False
licm,mldst-motion,-0.0009473194408028962,-0.9907698505562895,0.3217999844569873,59960,59328,0.5534337896941425,False
licm,slsr,0.001702447104795668,1.771815023010537,0.07642783346812003,59164,59515,0.19396720405778226,False
licm,loop-interchange,0.001334639159562112,1.3860934025469813,0.1657209853474223,59141,59700,0.3554016312270021,False
licm,loop-fusion,0.001993216166712053,2.079108379788215,0.03760952181108208,59465,59800,0.1078966579732566,False
licm,loop-distribute,0.0016345847600730545,1.6964168848730956,0.08980957579594233,59210,59705,0.22174924263361295,False
licm,loop-load-elim,0.00248610354386003,2.5838821225345,0.009770702802174017,59011,59536,0.03341665691992441,True
licm,loop-sink,0.0010676926365806305,1.118659614550114,0.26328763841636005,59392,59617,0.48679621909276016,False
licm,loop-unroll-and-jam,-0.0008686832436188285,-0.9063066687061693,0.3647753940292454,59107,59775,0.5969329055656185,False
licm,hotcoldsplit,0.0012625595807980727,1.3120182738923005,0.18951649895029252,59561,59482,0.38957827290779296,False
licm,irce,0.0007928385415361672,0.8292227855266977,0.4069800136864614,59480,59785,0.6349926078934219,False
licm,nary-reassociate,0.0027770799920582845,2.863566325893581,0.004189746540556627,59313,59113,0.015449197224877354,True
licm,scalarizer,-0.00027101584796973555,-0.2813127491062044,0.7784710226538994,59532,59270,0.8956939887658065,False
licm,vector-combine,0.0004913475086942842,0.5132431726960549,0.6077821871346577,59123,59304,0.7948153592439858,False
licm,always-inline,0.00238089340192732,2.5024658487515685,0.012334477678165376,59735,59715,0.04094802670780944,True
licm,globalsplit,0.0009181472607450725,0.9568330713388804,0.3386534572810345,59371,59878,0.5720275821381112,False
licm,lowerswitch,0.00028444983266706636,0.2952203676023258,0.7678260610493943,59137,59406,0.8903781033667244,False
licm,early-cse-memssa,0.0003699814915166799,0.49572763042500895,0.6200875049935165,59791,59461,0.804593329872303,False
licm,simple-loop-unswitch,0.0005196032501922354,0.5404643313148504,0.5888778644102225,59299,59714,0.7817104125526886,False
licm,loop-versioning,-0.0016472465832208516,-1.6997104186246639,0.08918802153459852,59617,59435,0.2203534967378472,False
licm,loop-flatten,-2.298258303928824e-05,-0.02403435078051691,0.9808252489201403,59635,59505,0.9923280643735367,False
licm,loop-reroll,0.0028792681959070032,2.9970475242983015,0.0027266476612066884,59237,59133,0.010386723970121976,True
licm,loop-instsimplify,0.0015286536784510085,1.5968363882517282,0.11030483671811794,59283,59786,0.26084163078994554,False
licm,loop-simplifycfg,0.0014682365126906793,1.5398792949658795,0.12359242815331603,59909,59626,0.285202091130457,False
licm,loop-predication,0.0002605688547662188,0.2700132500815039,0.7871505271264887,59642,59658,0.8984440045206984,False
licm,speculative-execution,0.0007445609459832969,0.7749753806218406,0.43835574695931534,59290,59742,0.6657872029097679,False
licm,partially-inline-libcalls,0.0006572773619331618,0.6829128400162728,0.49466324846033016,59313,59776,0.7128115400272275,False
licm,load-store-vectorizer,0.002539185278373546,2.6391542230553804,0.008312398324146745,59482,59586,0.028857581416098097,True
licm,iroutliner,0.003785470347567599,3.983608845958629,6.791691065383434e-05,59479,59531,0.000322743855789618,True
licm,global-merge,0.0007969772007416775,0.8315593363154679,0.4056593901116457,59133,59971,0.6342442681450147,False
licm,break-crit-edges,-0.003919033961283402,-4.0421783408603655,5.299015045477409e-05,59397,59786,0.00025523915028400414,True
licm,unreachableblockelim,0.0004853540932383549,0.5070596243537205,0.6121139236780393,59513,59471,0.7982144938805201,False
loop-simplify,div-rem-pairs,0.0005782466003186326,0.6134321294854511,0.53959181983798,59414,59570,0.7471858438774857,False
loop-simplify,float2int,6.808182970169385e-05,0.0725816627863873,0.9421391407121126,60000,59510,0.9760362103250352,False
loop-simplify,inline,0.0005203195919457615,0.5498694412763315,0.5824099579880408,59691,59245,0.7790921925254118,False
loop-simplify,sink,-0.0011610062393980214,-1.2344885654736326,0.2170233497446611,59349,59312,0.42514429094551914,False
loop-simplify,loop-vectorize,-0.002421185217995836,-2.5678786166210847,0.010233506354424807,59910,59175,0.0346364830457455,True
loop-simplify,slp-vectorizer,0.00031149776050459765,0.32925506735345994,0.7419634825322537,59631,59433,0.8796906595696731,False
loop-simplify,callsite-splitting,-0.0010013709323828945,-1.0616096811328855,0.28841507244858483,59433,59511,0.5178311249069695,False
loop-simplify,dfa-jump-threading,0.0002191223704478551,0.2347292633767524,0.8144192776340942,59390,59481,0.9125224295322211,False
loop-simplify,consthoist,0.00023414689028017355,0.246785585644378,0.8050745907222976,59722,59721,0.9085510366768063,False
loop-simplify,mldst-motion,-0.0015635763939564895,-1.6640590852307446,0.09610324334089591,59831,59718,0.23347043315963664,False
loop-simplify,slsr,-0.0011792081681038513,-1.2524767687082978,0.21039864703469716,59392,59795,0.41591171215945183,False
loop-simplify,loop-interchange,8.780654486895134e-05,0.09307825884524082,0.9258415466291561,59297,59284,0.9687805280401668,False
loop-simplify,loop-fusion,0.0013777807852947688,1.461783396173322,0.14380321322990106,59578,59552,0.31959896879017735,False
loop-simplify,loop-distribute,0.0001231009459289334,0.13083638562992372,0.8959049591970215,59592,59835,0.9565268817906504,False
loop-simplify,loop-load-elim,0.000642829218282015,0.6803702417114492,0.49627138223389294,59609,59397,0.7134091107886948,False
loop-simplify,loop-sink,-0.0013044868452752878,-1.3931003359804373,0.16359204761085938,59668,59619,0.35160617916801606,False
loop-simplify,loop-unroll-and-jam,4.835249976553602e-05,0.051122874084411726,0.9592276946945127,59617,59460,0.9856561669965133,False
loop-simplify,hotcoldsplit,-0.0012841064225400656,-1.3718677527101584,0.17010718379966266,60093,59521,0.36039074949385524,False
loop-simplify,irce,0.0006818595533213401,0.7257621606528899,0.46798601239014026,59800,59408,0.6931290561723863,False
loop-simplify,nary-reassociate,-0.000808184252127031,-0.8557958235814506,0.3921124485704402,59561,59460,0.6216649184622849,False
loop-simplify,scalarizer,-0.001126827629456928,-1.1946820762605124,0.23221364019440757,59823,59622,0.44336841296991714,False
loop-simplify,vector-combine,0.0003108487456772724,0.3292816320418791,0.7419434077659649,59472,59139,0.8796906595696731,False
loop-simplify,always-inline,0.0008328400923117707,0.8879949690634364,0.37454524657029203,59921,59462,0.6058319642995719,False
loop-simplify,globalsplit,0.0003504460157308098,0.3712954981936416,0.7104181104121634,59818,59405,0.8631701273267242,False
loop-simplify,lowerswitch,-0.0017267342380261064,-1.8162579615963772,0.06933332500493447,59759,59276,0.17956964333288583,False
loop-simplify,early-cse-memssa,-0.003672893308699854,-5.198699664071475,2.010167104149544e-07,60041,59551,1.282054459258895e-06,True
loop-simplify,simple-loop-unswitch,-0.00025312177556663373,-0.26811844051334266,0.7886086167985258,59182,59779,0.8985136291483931,False
loop-simplify,loop-versioning,-0.0015652291742045965,-1.6512058376413352,0.09869918529938373,60027,59197,0.2382897716599178,False
loop-simplify,loop-flatten,5.988923924182821e-05,0.06344114559668268,0.9494153304741523,59771,59078,0.9809790063685436,False
loop-simplify,loop-reroll,-0.00018828243687080137,-0.20062139094192924,0.840994972700441,59807,59527,0.9292709687062435,False
loop-simplify,loop-instsimplify,0.00021282125773730565,0.2267373249578581,0.8206283913386775,59714,59297,0.9152893137232302,False
loop-simplify,loop-simplifycfg,-0.0005748220138719895,-0.6088630191750475,0.5426163993865663,59492,59620,0.7501014600052605,False
loop-simplify,loop-predication,-0.000664204823960568,-0.7068364975119388,0.4796694698965995,60070,59344,0.7022002407906854,False
loop-simplify,speculative-execution,0.0009358948765047503,0.9982090053526562,0.3181800475896743,59743,59439,0.5512618143216942,False
loop-simplify,partially-inline-libcalls,-0.0012864700916487837,-1.3716850637915985,0.17016406941116913,60005,59778,0.36039074949385524,False
loop-simplify,load-store-vectorizer,-0.0019610082207040525,-2.0861225198759668,0.0369696399998851,59767,59820,0.10637260120466573,False
loop-simplify,iroutliner,0.0019231673521651338,2.059865022646562,0.03941361557043801,59586,59495,0.11208694159319917,False
loop-simplify,global-merge,0.0004268180897056273,0.45118753419806856,0.6518552133342371,59777,59541,0.8250371736964681,False
loop-simplify,break-crit-edges,-0.004505767115795367,-4.72783956555505,2.271804495100682e-06,59726,59367,1.2819000580424022e-05,True
loop-simplify,unreachableblockelim,-0.001213855323878299,-1.2955724959940815,0.19512531469838879,59742,59655,0.3971469502904836,False
div-rem-pairs,float2int,0.0008346923484388591,0.8864683887243199,0.375366978266432,59457,59173,0.6062476434384614,False
div-rem-pairs,inline,-8.9251950689484e-05,-0.094790274871108,0.9244815721150241,59026,59330,0.9686038767896754,False
div-rem-pairs,sink,-0.0006726616756299042,-0.7123891942125051,0.4762252096240254,59292,59043,0.6995115982324395,False
div-rem-pairs,loop-vectorize,-0.0028064873238785037,-2.974628737342483,0.002934020881664766,59652,59581,0.011133358306782193,True
div-rem-pairs,slp-vectorizer,0.0003464454538527617,0.3683997411839699,0.7125758464433538,59674,59200,0.8647186286557712,False
div-rem-pairs,callsite-splitting,-0.0015278367422894568,-1.6241900055454108,0.1043379133874439,59574,59357,0.2491385785519697,False
div-rem-pairs,dfa-jump-threading,0.00010513909504111796,0.11226260869964438,0.9106153781559787,59487,59216,0.9645577010708175,False
div-rem-pairs,consthoist,0.0007406317105098648,0.7827818949836247,0.43375676034292554,59492,59406,0.6629943300167433,False
div-rem-pairs,mldst-motion,-0.0016325226225321066,-1.7360167131708952,0.08256345985766643,59620,59744,0.20659329635950271,False
div-rem-pairs,slsr,0.0001431945074840124,0.1505927555960974,0.8802972320618155,59536,59283,0.946225881373624,False
div-rem-pairs,loop-interchange,-0.00024803743344203877,-0.2619730456905886,0.7933426782476903,59063,59485,0.9003833042272494,False
div-rem-pairs,loop-fusion,0.000492057984635641,0.5236399571565639,0.6005299572238134,59522,59779,0.790265474073469,False
div-rem-pairs,loop-distribute,0.00020065683607767282,0.21216379915118366,0.8319796111017804,59822,59258,0.9234785025721577,False
div-rem-pairs,loop-load-elim,0.001696687303044675,1.8002980632264358,0.0718161171068527,59635,59409,0.18477786766782867,False
div-rem-pairs,loop-sink,-6.974831883499455e-06,-0.007430654409072757,0.9940712625791932,60134,58980,0.9986616378296872,False
div-rem-pairs,loop-unroll-and-jam,-0.0010854281663739695,-1.145259951754754,0.2521037939543261,59554,59434,0.4710107142772619,False
div-rem-pairs,hotcoldsplit,-0.0009351367072659156,-0.9945141193782662,0.31997464922074936,59897,59571,0.5519092655291103,False
div-rem-pairs,irce,0.000814663206800792,0.8670376883719091,0.38592311013299263,59694,59182,0.6148392592680225,False
div-rem-pairs,nary-reassociate,-0.0023342276916931692,-2.4773188392250707,0.013238736283253833,59517,59536,0.0435654548615311,True
div-rem-pairs,scalarizer,-0.0004904502295292046,-0.5197700471943251,0.6032248221430268,60000,59411,0.7911012737816788,False
div-rem-pairs,vector-combine,0.00026169546257143184,0.2766180640137902,0.7820738746725632,59617,59054,0.8970712633912588,False
div-rem-pairs,always-inline,-0.0007135275201270441,-0.7599195742612878,0.44730416525773065,59486,59641,0.673449869722904,False
div-rem-pairs,globalsplit,0.00017507608114425421,0.185484655361641,0.8528492303003087,59876,59322,0.934720846867061,False
div-rem-pairs,lowerswitch,-0.0013613356963796952,-1.4397757253218477,0.14993349887802176,59649,59030,0.32966849051450486,False
div-rem-pairs,early-cse-memssa,-0.0051611554092371725,-7.306009147345807,2.768999657705548e-13,59729,59783,3.399185786700604e-12,True
div-rem-pairs,simple-loop-unswitch,-0.000591753033809983,-0.6257658495395325,0.5314697313742607,60006,59372,0.7398360120524794,False
div-rem-pairs,loop-versioning,-0.0012095700409928134,-1.2787362655969474,0.20099243573040934,59921,59199,0.405923867106902,False
div-rem-pairs,loop-flatten,0.0005047829383094116,0.5376179591920607,0.5908418351018359,59121,59791,0.7827672465690557,False
div-rem-pairs,loop-reroll,-0.0007385496839253936,-0.7851162077900833,0.432387002589989,59513,59355,0.6616754600009367,False
div-rem-pairs,loop-instsimplify,-4.509850601708276e-05,-0.04817362348070162,0.9615779520281764,59562,59451,0.9862222342857055,False
div-rem-pairs,loop-simplifycfg,-0.000781930687088761,-0.8282194169127507,0.40754791363676557,59451,59328,0.6353334513541298,False
div-rem-pairs,loop-predication,-0.0007876926850549082,-0.8376871174421455,0.40220812569069464,59693,59831,0.631534490859968,False
div-rem-pairs,speculative-execution,0.0007783344745529441,0.8293659924508174,0.40689899173853594,59888,59893,0.6349926078934219,False
div-rem-pairs,partially-inline-libcalls,-7.408456984586698e-05,-0.07874669017890491,0.9372342395040345,59406,59838,0.9745643340142854,False
div-rem-pairs,load-store-vectorizer,-0.0002675126162431929,-0.2853434996858885,0.7753814835930951,59979,59642,0.8939222414822159,False
div-rem-pairs,iroutliner,0.0021441933195211482,2.2984385852130007,0.021538571380470852,59367,59165,0.06678150872994762,False
div-rem-pairs,global-merge,-4.777073659145703e-06,-0.005086885308475711,0.9959412787671291,59773,59457,0.9987335953979433,False
div-rem-pairs,break-crit-edges,-0.005358183417072726,-5.614094705431351,1.9803316649456868e-08,59317,59537,1.4687459848347176e-07,True
div-rem-pairs,unreachableblockelim,-0.00048086403563574187,-0.5115982456259517,0.6089331650114712,59420,59313,0.7956564144761165,False
float2int,inline,0.0014867015960117191,1.5727462980878737,0.11578023905069396,59403,59349,0.27107190979934415,False
float2int,sink,-0.00036310769041875135,-0.3830028552505539,0.7017183344375898,59193,59240,0.8568534448573749,False
float2int,loop-vectorize,-0.003428023777051925,-3.62297500285185,0.00029135557767153385,59250,59296,0.0012762286825075241,True
float2int,slp-vectorizer,0.00039865842555797393,0.42695969069626954,0.6694094598431428,59480,59578,0.8388503823186392,False
float2int,callsite-splitting,-0.000586431396184639,-0.6225277445057663,0.533596102545326,59255,59403,0.7412424042452984,False
float2int,dfa-jump-threading,-0.0003668213064471071,-0.39189347239404343,0.6951376301524845,59045,59612,0.8530987403581635,False
float2int,consthoist,0.0007357405145328455,0.784601329856426,0.4326889125810697,59691,59301,0.6618788209638551,False
float2int,mldst-motion,-0.002450555894231099,-2.6099675566854716,0.009056211857438472,60000,59319,0.031190963618055463,True
float2int,slsr,-0.0021057354966517172,-2.2320069195321532,0.0256163579662456,59634,59502,0.07740251373134088,False
float2int,loop-interchange,0.00032921594386181585,0.3484235500091978,0.7275227378187987,58976,59547,0.8715139312628987,False
float2int,loop-fusion,0.0008621447424759787,0.915843293229522,0.3597509443928635,59461,59881,0.5916777397070363,False
float2int,loop-distribute,0.0009157157579747777,0.9665074206159956,0.3337923061743393,59437,59197,0.5665932687380636,False
float2int,loop-load-elim,-0.00017198549553543163,-0.18314867118773812,0.854681679896898,59598,59316,0.9348349501561121,False
float2int,loop-sink,-0.0003720219238227407,-0.39367205955736495,0.6938238812187948,59122,59269,0.8527979657416197,False
float2int,loop-unroll-and-jam,-0.00046809237959516414,-0.49642807601403444,0.6195933404364081,59243,59380,0.8043729652621743,False
float2int,hotcoldsplit,0.00010703826533908778,0.11410372249442646,0.9091557638657717,59596,59414,0.9645524753445788,False
float2int,irce,0.00021420026385071678,0.2284163555299066,0.8193229677916559,59633,59500,0.9150967674924431,False
float2int,nary-reassociate,-0.00037521136754004036,-0.399374793739074,0.6896177806117971,59556,59454,0.851218549749268,False
float2int,scalarizer,-0.0016866933698763686,-1.7868259030070786,0.07396817669088301,59329,59643,0.18944367555362843,False
float2int,vector-combine,-0.0005779323093547672,-0.6148241911230514,0.5386720064427506,59409,59663,0.7461760089245884,False
float2int,always-inline,0.0008347300849803063,0.8936040684312198,0.3715355765319571,59416,59549,0.6029562029420407,False
float2int,globalsplit,0.00029408929315244414,0.3115935765327456,0.7553499640172464,59514,59150,0.886152964752193,False
float2int,lowerswitch,3.347734472741726e-05,0.035415280520993526,0.9717486593982323,59823,59716,0.9886640036901734,False
float2int,early-cse-memssa,-0.005020697049759548,-7.10866169087583,1.178285881171863e-12,59697,59305,1.3856358890897945e-11,True
float2int,simple-loop-unswitch,-0.0024269714652012664,-2.578067324978074,0.009936653052680076,59365,59815,0.03386591240582696,True
float2int,loop-versioning,-0.0027797459260518464,-2.9130899681821325,0.003579383548806503,59668,58740,0.013349396168691682,True
float2int,loop-flatten,-0.0016454179245646294,-1.7439011165704383,0.08117891762097945,59475,59456,0.20364935387812655,False
float2int,loop-reroll,-0.0016899751890561698,-1.7956246186032727,0.0725567781401107,59520,59283,0.18631629062076951,False
float2int,loop-instsimplify,-0.0009844104236533258,-1.049929083062675,0.29375286027303,59243,59258,0.524310027725244,False
float2int,loop-simplifycfg,-0.0014335639457561666,-1.519776748647614,0.1285697621607839,59203,59325,0.29391663083574415,False
float2int,loop-predication,-0.002175364224081433,-2.290055937223866,0.022019816228319455,59606,59356,0.06789732311031417,False
float2int,speculative-execution,-0.00011297503109425344,-0.11983919138545,0.904610737222274,59726,59589,0.9615786229539699,False
float2int,partially-inline-libcalls,-0.0004946420883250591,-0.5234035899485924,0.6006943996118855,59514,59673,0.790265474073469,False
float2int,load-store-vectorizer,0.0011501590171344445,1.2202915864402473,0.222356778316495,59626,59294,0.43256291300913785,False
float2int,iroutliner,0.0038911792741412876,4.1783277263856275,2.938699025676215e-05,59253,59554,0.00014603991604756418,True
float2int,global-merge,-0.002347516786355086,-2.480122229041464,0.013135111042229803,59339,59378,0.043260803062549966,True
float2int,break-crit-edges,-0.00749828713335049,-7.894566596080823,2.9379145845505927e-15,59348,59506,4.3579066337500456e-14,True
float2int,unreachableblockelim,0.0004297126730629097,0.45375255003560694,0.6500077689324029,59331,59357,0.8244440242195451,False
inline,sink,-0.00014753269884898446,-0.15637217046029808,0.8757399395010081,59084,58978,0.94403856187632,False
inline,loop-vectorize,-0.003687394972701319,-3.9224771748515317,8.769232093179508e-05,59354,59701,0.00040881324853441614,True
inline,slp-vectorizer,0.001048826888681409,1.1131316128625999,0.26565416315306833,59101,59564,0.4900149330699084,False
inline,callsite-splitting,-0.00022344385422135016,-0.23794444832960548,0.8119245907605661,59573,59299,0.9110305723261825,False
inline,dfa-jump-threading,0.0005339509915427421,0.5648546141978408,0.5721737272111589,58982,59337,0.7718333846913187,False
inline,consthoist,-0.0004003168535041124,-0.42323200524464455,0.6721267627037601,59549,59450,0.8406414572813556,False
inline,mldst-motion,6.153492405813754e-05,0.06529243676849249,0.947941274163046,59300,59269,0.9805149829074403,False
inline,slsr,0.00029275380458038125,0.3084109875095067,0.757770165857787,58824,59380,0.8873878212485444,False
inline,loop-interchange,-0.0004952286989982069,-0.5224663515984854,0.6013466491729913,58817,59220,0.7906594491221878,False
inline,loop-fusion,0.0009261033439014743,0.9838891014999507,0.32517204893093077,59072,59592,0.5568669564194794,False
inline,loop-distribute,0.0006434662614129283,0.683814143604891,0.49409386950484013,59326,59353,0.7128115400272275,False
inline,loop-load-elim,-0.0006682050463803213,-0.7094007222893377,0.478077235388492,59396,59112,0.7008615648207392,False
inline,loop-sink,-0.0003334123644739839,-0.35332477698645187,0.7238456012924844,58922,59538,0.870571061013934,False
inline,loop-unroll-and-jam,0.00014206394130944489,0.15088393805517555,0.8800675267787544,59613,59388,0.946225881373624,False
inline,hotcoldsplit,-0.0009699606044920595,-1.0300509688754391,0.302988179591171,59031,59652,0.5344602303058675,False
inline,irce,-0.00011758851054149977,-0.12458705879351091,0.9008506852816504,59275,59344,0.9599268798810728,False
inline,nary-reassociate,-0.0006712188511229233,-0.7139986361124563,0.4752294266449669,59346,59375,0.6985729860141481,False
inline,scalarizer,-0.0012265231887332306,-1.3015907556611774,0.19305885088910807,59294,59270,0.39458165975039,False
inline,vector-combine,0.0009333063568778832,0.9962075476081063,0.3191513432649523,59319,59409,0.5517866049560942,False
inline,always-inline,0.001379061699936901,1.465828351614393,0.14269769944846739,59790,59157,0.31768288291085744,False
inline,globalsplit,0.0009879055651646484,1.0483361368068669,0.29448589140942155,59575,59631,0.5251396861381125,False
inline,lowerswitch,-0.001588119798506038,-1.6570714672268068,0.0975076758683404,59463,58967,0.2358493259421995,False
inline,early-cse-memssa,-0.004548853837189282,-6.417944813892461,1.386432263727364e-10,59684,59309,1.3307031237147935e-09,True
inline,simple-loop-unswitch,1.2970624683916743e-05,0.013630677672606766,0.9891246524155897,59155,59530,0.995991807369362,False
inline,loop-versioning,-0.0020841448080529124,-2.1926589496191813,0.028333894868705006,59506,59181,0.08476358464923514,False
inline,loop-flatten,0.0004630807438717466,0.4939653997165888,0.6213315320317111,58771,59617,0.8050588339195167,False
inline,loop-reroll,-0.0001801044885912928,-0.19135006018237594,0.8482516715045958,59101,59249,0.9324085473296422,False
inline,loop-instsimplify,-0.0009826747699570038,-1.0438377246091906,0.29656260466818474,59247,59222,0.5266844262497105,False
inline,loop-simplifycfg,-4.793316875839615e-05,-0.05065850506866914,0.9595977275452253,59597,59192,0.9857777285065852,False
inline,loop-predication,0.00039893011896902086,0.4226428951262879,0.6725565898956126,59213,59632,0.8407714726626382,False
inline,speculative-execution,0.00034239372313771277,0.3637421426076731,0.7160512139429112,59898,59639,0.8670552114410761,False
inline,partially-inline-libcalls,-0.0008894800113549706,-0.9465583459491701,0.3438658049617893,59271,59438,0.5759531617751783,False
inline,load-store-vectorizer,-0.0006309564937319045,-0.6690840826210807,0.5034431428379927,59665,59177,0.7195194698370728,False
inline,iroutliner,0.0016281383958590134,1.7352626179153938,0.08269690151526905,59104,59310,0.20679506151583243,False
inline,global-merge,0.00018116124499012454,0.1921533891669494,0.8476223842229258,59177,59533,0.9324085473296422,False
inline,break-crit-edges,-0.005297698820403429,-5.556390199434498,2.759997860471602e-08,59373,59294,2.0008477754823672e-07,True
inline,unreachableblockelim,0.0015474361158695493,1.6401604403431986,0.10097445597970606,59149,59848,0.24228919706895155,False
sink,loop-vectorize,-0.003611849290816427,-3.8166116948650757,0.00013536532094699443,59379,59535,0.0006199890021385149,True
sink,slp-vectorizer,0.0014847445248850621,1.576172807869956,0.11498865072117831,59312,59302,0.2695289241308022,False
sink,callsite-splitting,0.0009558792533561067,1.0117010187617104,0.3116831023726079,59123,58915,0.5433424989255135,False
sink,dfa-jump-threading,7.0857761523823726e-06,0.007522095050093353,0.9939983058145926,58956,59013,0.9986616378296872,False
sink,consthoist,-0.0008348587587304612,-0.8844286255258142,0.3764666631644819,59494,59501,0.6067577351870586,False
sink,mldst-motion,0.0004979043686577089,0.5285718251641527,0.5971034981755974,59303,59361,0.7878225400457006,False
sink,slsr,0.0011747817732706833,1.2391956812356972,0.21527549548678554,59261,59188,0.42329164895041926,False
sink,loop-interchange,0.0007596593852189915,0.8032721731590778,0.42181905246783374,59072,59192,0.6503320509700933,False
sink,loop-fusion,0.0006938884492435071,0.7371594600318666,0.4610268349014964,59678,59496,0.6861957755508399,False
sink,loop-distribute,0.0014684126964013,1.551930653466381,0.12068148290734004,59518,59296,0.27947290778541906,False
sink,loop-load-elim,0.0009411741788794004,1.0001147137571158,0.3172570384367764,59255,59251,0.550455721098102,False
sink,loop-sink,0.0008457820932478155,0.8950412141805512,0.370766876370937,59278,59118,0.6024577128085433,False
sink,loop-unroll-and-jam,-0.001917260733576176,-2.0406869879211205,0.04128415414333717,59601,59275,0.1163921869152688,False
sink,hotcoldsplit,0.0010086785747246418,1.0687507948914048,0.2851841499236705,59520,59202,0.514408627867846,False
sink,irce,0.0002558133204688673,0.2713414572695447,0.7861288963889864,59420,59118,0.8984440045206984,False
sink,nary-reassociate,-0.00014195015564583136,-0.1503327814868111,0.8805023267940464,58892,59635,0.946225881373624,False
sink,scalarizer,-0.0009839533890504404,-1.037869599962659,0.2993328861414681,59258,59240,0.5299220534041542,False
sink,vector-combine,-0.0002644916391987828,-0.2785292884557042,0.7806065721391366,59040,59275,0.8964385151017182,False
sink,always-inline,0.00033933367733518516,0.36050901991181233,0.7184671546874836,59229,59361,0.8686376590787854,False
sink,globalsplit,0.0019256674572591392,2.0416964573659526,0.04118384951440484,59343,59731,0.11619305093545343,False
sink,lowerswitch,0.000458274589153318,0.4812838296965529,0.630315678071401,59323,59009,0.8127481710001996,False
sink,early-cse-memssa,-0.003979535366172682,-5.590804011729552,2.2651598644019304e-08,59334,59296,1.6642337765474596e-07,True
sink,simple-loop-unswitch,0.000597805783781824,0.6341256689958636,0.5260000334452809,59508,59264,0.7367010482731474,False
sink,loop-versioning,0.00023170490638940722,0.24371437171194282,0.807452463172982,59274,59410,0.9099234088591072,False
sink,loop-flatten,-0.0006589118808497663,-0.6972686905096737,0.4856360285515477,59050,59260,0.7065274956315627,False
sink,loop-reroll,0.0003665261576206169,0.3891571886981687,0.6971605707271409,59394,59031,0.8545910307201284,False
sink,loop-instsimplify,-7.907828787484528e-05,-0.08396770720068462,0.9330822492539254,58857,59295,0.9723124236504448,False
sink,loop-simplifycfg,0.00011364867892460495,0.12021934548637517,0.9043095970598507,59331,59279,0.9615276306623537,False
sink,loop-predication,0.0006464906669177428,0.6819195340465505,0.4952911645592661,59193,59406,0.7128115400272275,False
sink,speculative-execution,0.00014425752957242244,0.15250484278936605,0.8787890294349324,59451,59664,0.9454224833151635,False
sink,partially-inline-libcalls,0.0009345699204005853,0.992475544658188,0.320967632733159,59350,58995,0.5532170993763427,False
sink,load-store-vectorizer,0.0020341342821957875,2.1684767224399177,0.03012441375802051,59178,59496,0.08909909688550478,False
sink,iroutliner,0.004193060301405094,4.485907148860478,7.267232991973087e-06,59169,59579,3.856163197366749e-05,True
sink,global-merge,4.11851572039712e-05,0.043767047529982554,0.9650901676573252,59212,59696,0.9870333192375907,False
sink,break-crit-edges,-0.005310136730838799,-5.563426960647735,2.6509830095382788e-08,58999,59206,1.9260203089706678e-07,True
sink,unreachableblockelim,-0.0005203578388504604,-0.5496965099700502,0.5825285852181833,59476,59245,0.7790921925254118,False
loop-vectorize,slp-vectorizer,0.0036976660980291842,3.915882642262883,9.012439390303797e-05,59334,59319,0.0004181601025169392,True
loop-vectorize,callsite-splitting,0.0008497139515886709,0.8988960823705224,0.3687098399984625,59379,59217,0.60024149181548,False
loop-vectorize,dfa-jump-threading,0.0036022866674064735,3.8128170369269356,0.00013746123279519102,59473,59226,0.0006281192387700911,True
loop-vectorize,consthoist,0.004270597644265739,4.514413827884424,6.3552832716200475e-06,59385,59758,3.413894278691921e-05,True
loop-vectorize,mldst-motion,0.0032375931824593085,3.443678553438866,0.0005740551780227078,59741,59166,0.002412017250146914,True
loop-vectorize,slsr,0.0034572942315267974,3.64444346677753,0.00026808512358893313,59513,59362,0.0011809013992961329,True
loop-vectorize,loop-interchange,0.0026704983415183348,2.8114795255109133,0.004932232071871324,59126,59456,0.01795039107197779,True
loop-vectorize,loop-fusion,0.002580131529882679,2.723049017358896,0.006469185534454491,59332,60099,0.02298850322406877,True
loop-vectorize,loop-distribute,0.0043066690545555675,4.563420161195121,5.037716722404421e-06,59516,59484,2.7514224107302253e-05,True
loop-vectorize,loop-load-elim,0.003617888202686048,3.836291745908029,0.0001249704072872146,59487,59556,0.0005730493149142065,True
loop-vectorize,loop-sink,0.0009572608996905041,1.014625245964343,0.31028657237007123,58919,59594,0.5419635224804634,False
loop-vectorize,loop-unroll-and-jam,0.0023422716958024226,2.492072104630177,0.012701373221454952,59652,59531,0.042008933729068915,True
loop-vectorize,hotcoldsplit,0.0026125201732049574,2.7710394238186047,0.0055886331814805545,59790,59291,0.020189195146381782,True
loop-vectorize,irce,0.0026689398581601353,2.822911928514992,0.004759753362537811,59471,59599,0.01738730799225566,True
loop-vectorize,nary-reassociate,0.0030272271315014976,3.1890511285563865,0.0014277774677644661,59323,59185,0.005679730822242335,True
loop-vectorize,scalarizer,0.0017782324318136311,1.8724724602508922,0.06114371597181064,59687,59455,0.1620018888671248,False
loop-vectorize,vector-combine,0.004511983221635929,4.7468260371041975,2.0687402807245607e-06,59260,59439,1.1740850636691854e-05,True
loop-vectorize,always-inline,0.003956463145889544,4.186976227574619,2.8289858054650068e-05,59837,59205,0.00014130824114055103,True
loop-vectorize,globalsplit,0.005041959145129782,5.318272157414019,1.0494589287901335e-07,59299,59644,7.013107790344988e-07,True
loop-vectorize,lowerswitch,0.002167397525676462,2.2716017855876958,0.02311235491898643,59516,59189,0.07093102026861353,False
loop-vectorize,early-cse-memssa,-0.00012063927407041097,-0.16742343421945735,0.8670371706857548,60053,59751,0.9431973119399291,False
loop-vectorize,simple-loop-unswitch,0.0017141224291515877,1.8106090682524503,0.07020391034808472,59699,59278,0.1813446655165566,False
loop-vectorize,loop-versioning,0.00133288126736969,1.3916211543018275,0.1640397451436482,59824,59436,0.35218182126235,False
loop-vectorize,loop-flatten,0.002886315802237527,3.0384092125937086,0.0023788231870730606,59324,59690,0.009168771260411521,True
loop-vectorize,loop-reroll,0.0013307611435094402,1.3968443934768051,0.16246298293404365,59250,59355,0.35014036387986514,False
loop-vectorize,loop-instsimplify,0.0020304959225968533,2.1613189884205197,0.03067269442509774,59384,59658,0.09037943669577332,False
loop-vectorize,loop-simplifycfg,0.002722412079522951,2.881080409733199,0.003963852835777328,59313,59749,0.014657646557983017,True
loop-vectorize,loop-predication,0.0012021417585889038,1.2752570673549428,0.20222075682500348,59349,59704,0.40672649395311433,False
loop-vectorize,speculative-execution,0.003574692946948399,3.787373449261178,0.00015232286502206508,59645,59552,0.0006919911130236738,True
loop-vectorize,partially-inline-libcalls,0.003482927538037084,3.682133665230548,0.00023139265636566532,59478,59233,0.0010261989154336866,True
loop-vectorize,load-store-vectorizer,0.003801290385256839,4.037414094455602,5.407737216571384e-05,59664,59532,0.0002595183693638914,True
loop-vectorize,iroutliner,0.005752587966010525,6.16328496693899,7.147837413668543e-10,59283,59884,6.31849465280497e-09,True
loop-vectorize,global-merge,0.0026579645448951417,2.8122717368173378,0.004920098562248069,59151,59711,0.01792771002830924,True
loop-vectorize,break-crit-edges,-0.0024574826273260353,-2.5800035528071166,0.009881118245578656,59601,59313,0.03370597478195646,True
loop-vectorize,unreachableblockelim,0.0028539105894764827,3.02134672541055,0.002517063847482568,59839,59343,0.009644639947888197,True
slp-vectorizer,callsite-splitting,-0.0013679419120549707,-1.4503439069702668,0.14696528532103417,59423,59200,0.3247833280570936,False
slp-vectorizer,dfa-jump-threading,-0.0017960445625835875,-1.9103620407148605,0.05608902888287155,59169,59184,0.1511663022060048,False
slp-vectorizer,consthoist,0.00011582572136664693,0.12258229147360075,0.9024380846245647,59499,59738,0.9605204866203445,False
slp-vectorizer,mldst-motion,-0.0020638326933226647,-2.2055727088239294,0.02741583562824161,59429,59617,0.08233160454002618,False
slp-vectorizer,slsr,-0.0007797382026907274,-0.8294510952469185,0.40685086274087795,59548,59460,0.6349926078934219,False
slp-vectorizer,loop-interchange,-0.000913525369015955,-0.9692104487359458,0.33244217821705413,58947,59488,0.565772955192518,False
slp-vectorizer,loop-fusion,-0.0011258182950302786,-1.1986409669220945,0.2306699576760573,59578,59991,0.4418690055061131,False
slp-vectorizer,loop-distribute,-8.03319459954932e-05,-0.08536802772839984,0.931968954027785,59578,59517,0.9719888499380466,False
slp-vectorizer,loop-load-elim,0.0004382620257996628,0.46556632331252334,0.6415268070512858,59519,59224,0.8188458202127885,False
slp-vectorizer,loop-sink,-0.0004264152965829382,-0.45760459303030615,0.6472373758544021,59607,59780,0.8229160921577398,False
slp-vectorizer,loop-unroll-and-jam,-0.0023558541881311124,-2.4968694177566095,0.012530855160865152,59565,58948,0.041550236079549475,True
slp-vectorizer,hotcoldsplit,-0.0009176317820056568,-0.9742074139853097,0.32995554333890365,59904,59192,0.5632545369290091,False
slp-vectorizer,irce,0.0003494154383090198,0.37079168645247396,0.710793353056872,59618,59556,0.8633581794574164,False
slp-vectorizer,nary-reassociate,0.0002048659832630806,0.21739658827135816,0.8278996625318975,59398,59598,0.9197656550113701,False
slp-vectorizer,scalarizer,-0.0029705704253785714,-3.1470135720532872,0.0016498813069197105,59257,59295,0.006493402208942298,True
slp-vectorizer,vector-combine,-0.001546751014185277,-1.6375882547873628,0.10151027010839311,59528,58968,0.2432767550455737,False
slp-vectorizer,always-inline,-0.0003577040262018327,-0.3831406617918642,0.7016161541149762,59630,59769,0.8568534448573749,False
slp-vectorizer,globalsplit,0.00021789211097794636,0.23169323403278208,0.8167766848939482,59763,59365,0.9143669457708982,False
slp-vectorizer,lowerswitch,-0.003556630973443664,-3.732561279178526,0.0001896306943443946,59462,59579,0.0008486786274887419,True
slp-vectorizer,early-cse-memssa,-0.005718334196243402,-8.077329384189918,6.681033048842835e-16,59755,59814,1.0507198963561665e-14,True
slp-vectorizer,simple-loop-unswitch,-0.0017165815117441419,-1.8186707512042029,0.0689641905362426,59350,59590,0.17873181346123496,False
slp-vectorizer,loop-versioning,-0.0026786459732645596,-2.8307447689602796,0.004644757025010144,59336,59284,0.017010516430065264,True
slp-vectorizer,loop-flatten,-0.0016401089420216564,-1.7403048458721124,0.08180810092405438,59149,59314,0.20496514601317783,False
slp-vectorizer,loop-reroll,-0.0028581924112205392,-3.0296729338534494,0.0024487133005527397,59386,59367,0.009401138514671108,True
slp-vectorizer,loop-instsimplify,-0.0018038864544194233,-1.925763388075242,0.05413630638374426,59497,59443,0.14671126352854155,False
slp-vectorizer,loop-simplifycfg,-0.002780396251511441,-2.959017583988145,0.0030868224738112905,59842,59152,0.011679223968545906,True
slp-vectorizer,loop-predication,-0.0012597355485807205,-1.3339735000179196,0.1822151035701336,59113,59474,0.37914683612148947,False
slp-vectorizer,speculative-execution,-0.0007255583448697034,-0.775083931197342,0.4382915972781313,59810,59883,0.6657872029097679,False
slp-vectorizer,partially-inline-libcalls,-0.0018425447605945333,-1.9523384887062485,0.05090037658316626,59439,59359,0.139291317050789,False
slp-vectorizer,load-store-vectorizer,-0.0010717769150188627,-1.1399204139308678,0.2543217492597144,59417,59824,0.4731230261762668,False
slp-vectorizer,iroutliner,0.0033270089744829034,3.550714697230101,0.00038433511876917177,59420,59342,0.001652092563227307,True
slp-vectorizer,global-merge,-0.0006240024841427938,-0.6668517763715088,0.504868113798859,59200,59410,0.7201107678083166,False
slp-vectorizer,break-crit-edges,-0.005714851628736306,-6.006847485026101,1.897108482506331e-09,59452,59742,1.6080252851720328e-08,True
slp-vectorizer,unreachableblockelim,-0.0013719086352406151,-1.4544595826389826,0.14582157184233563,59412,59458,0.3231676713834671,False
callsite-splitting,dfa-jump-threading,0.0007796578274855137,0.8291787022355026,0.40700496573352635,58872,59577,0.6349926078934219,False
callsite-splitting,consthoist,0.0010373346748747125,1.0996493122069142,0.27148716648172067,59681,59654,0.4977264718831545,False
callsite-splitting,mldst-motion,-0.00033160696056760974,-0.35265599986740753,0.7243469745184571,59374,59558,0.8706392732394961,False
callsite-splitting,slsr,0.00035347460139051323,0.37472413727693143,0.7078663073407327,59512,59451,0.8614059849429179,False
callsite-splitting,loop-interchange,-0.0005804357137591531,-0.6123244562767577,0.5403242902603851,59071,59102,0.7479356382678218,False
callsite-splitting,loop-fusion,0.0028314094134607726,3.004744236921587,0.002658594768979563,59308,59931,0.010157128892998994,True
callsite-splitting,loop-distribute,0.0009313392598496173,0.9837951164523439,0.32521826591709635,59283,59437,0.5568669564194794,False
callsite-splitting,loop-load-elim,-0.00012967993394247257,-0.1373034106712751,0.890791206311804,59608,59736,0.9523173256666733,False
callsite-splitting,loop-sink,-0.0018178022971891972,-1.9327268148904453,0.053272240603312614,59081,59393,0.14466996824034134,False
callsite-splitting,loop-unroll-and-jam,-0.00032791360138950676,-0.34919548438981934,0.7269431763846322,59330,59196,0.8713527636125559,False
callsite-splitting,hotcoldsplit,-0.000186656601352031,-0.1986921846471691,0.8425038779642798,59632,59197,0.9300362695282564,False
callsite-splitting,irce,0.000891734219108653,0.9487737503328123,0.34273762449920475,59326,59520,0.5750473596996083,False
callsite-splitting,nary-reassociate,0.001029037736895999,1.0912290042021935,0.2751743431817866,59083,59632,0.5018020143397739,False
callsite-splitting,scalarizer,-0.000811527429344816,-0.85874924833628,0.39048060682639035,59223,59537,0.6202151337393715,False
callsite-splitting,vector-combine,0.0019150282245181671,2.028987632922842,0.04246177781798774,59154,59534,0.11928287082872309,False
callsite-splitting,always-inline,0.0008090729658896678,0.8648842020490243,0.3871040934602877,59358,59598,0.6159948482837712,False
callsite-splitting,globalsplit,0.0007498734908448212,0.7950757486283275,0.426571027201186,59437,59533,0.655169565991574,False
callsite-splitting,lowerswitch,0.00034183665556003495,0.3585333377479347,0.719944861344372,59221,59538,0.8691082793769775,False
callsite-splitting,early-cse-memssa,-0.0037913717541759318,-5.332853465607837,9.685720160669358e-08,59487,59511,6.505879956977908e-07,True
callsite-splitting,simple-loop-unswitch,-9.491342443113115e-05,-0.10039298738952207,0.9200325059611985,59296,59745,0.9680477045427176,False
callsite-splitting,loop-versioning,-0.0011965598078543804,-1.259066806647261,0.20800868170995984,59309,59241,0.41348324750061055,False
callsite-splitting,loop-flatten,0.0009625507696947588,1.0192352162832532,0.3080933943453957,59037,59368,0.5400598622455548,False
callsite-splitting,loop-reroll,0.0005695198186538297,0.6042882914345235,0.5456531491784214,58696,59509,0.752194806085191,False
callsite-splitting,loop-instsimplify,-0.0010330009623525371,-1.1013482020560157,0.2707473800398617,59324,59014,0.497068326411673,False
callsite-splitting,loop-simplifycfg,-0.0007862160919355765,-0.8357323901855951,0.40330714735263296,59650,59355,0.6324993147909134,False
callsite-splitting,loop-predication,-0.00016639455560529814,-0.17573356103316362,0.8605035684084001,59098,59240,0.93838261595302,False
callsite-splitting,speculative-execution,-0.00011681119104500759,-0.1249025386707977,0.9006009189954525,59775,59527,0.9599219376119194,False
callsite-splitting,partially-inline-libcalls,0.0017932221860039732,1.8997995918625028,0.05746185092726015,59128,59365,0.15412370426791147,False
callsite-splitting,load-store-vectorizer,-0.0003067419953412531,-0.32752804739548397,0.7432691094585778,59320,59623,0.8806783154734616,False
callsite-splitting,iroutliner,0.003464367702971316,3.7404127503034763,0.0001838046258399204,59190,59547,0.0008235456690951124,True
callsite-splitting,global-merge,0.00044233075872557315,0.4696442187304004,0.6386100887544534,59141,59692,0.8169869675146811,False
callsite-splitting,break-crit-edges,-0.006373151236310992,-6.7025726458757084,2.0569179531190022e-11,59694,59080,2.1253009774179452e-10,True
callsite-splitting,unreachableblockelim,-0.0012116049509460214,-1.2893024629282355,0.19729546573934112,59379,59402,0.4007308318647613,False
dfa-jump-threading,consthoist,0.0006632049682575025,0.7042461762117553,0.48128085706526574,59827,59210,0.7025123705648185,False
dfa-jump-threading,mldst-motion,-0.002706362652090899,-2.887027724773732,0.0038897004980821444,59553,59277,0.014410659555808588,True
dfa-jump-threading,slsr,-0.00027807226295278875,-0.2942785266021491,0.7685455961229238,59301,59018,0.8906849820708405,False
dfa-jump-threading,loop-interchange,-0.0015708195000435077,-1.6646923732180696,0.09597680532711308,58734,59062,0.23344420475836944,False
dfa-jump-threading,loop-fusion,-0.00026471466432792523,-0.2811629812555167,0.7785858880895826,58854,59527,0.8956939887658065,False
dfa-jump-threading,loop-distribute,0.0005290354847773404,0.5607966360925029,0.5749372392592051,59760,58894,0.7748738145025165,False
dfa-jump-threading,loop-load-elim,-0.0009216347829383853,-0.9817275808024024,0.3262360843291708,59080,59090,0.5583656058710808,False
dfa-jump-threading,loop-sink,0.00134617327838088,1.4139444794993075,0.15738083234441766,59329,59156,0.3423907441448553,False
dfa-jump-threading,loop-unroll-and-jam,-0.0006765243964273471,-0.7148760756049433,0.47468703049894884,59431,59009,0.6982999291637428,False
dfa-jump-threading,hotcoldsplit,0.0014693367059958051,1.562834819542704,0.11809412372194855,59264,59192,0.2745836862000888,False
dfa-jump-threading,irce,0.0008536512163875853,0.9091519250522508,0.36327178925637843,58972,59314,0.5952185467481079,False
dfa-jump-threading,nary-reassociate,-0.0012351393793912369,-1.3122281755409493,0.18944570657553608,59206,58985,0.38957827290779296,False
dfa-jump-threading,scalarizer,0.0001262686283056147,0.1337566327063615,0.8935952486072893,59298,58987,0.9545332770174972,False
dfa-jump-threading,vector-combine,-0.0005831140747312169,-0.6195065908982152,0.5355838741120599,59152,59189,0.7432127749903708,False
dfa-jump-threading,always-inline,0.0002951468690529646,0.31472510465615405,0.7529709355760366,59415,59087,0.884944232807851,False
dfa-jump-threading,globalsplit,0.00033582700520801145,0.35850523651007155,0.7199658875951193,59612,59059,0.8691082793769775,False
dfa-jump-threading,lowerswitch,0.00019643672008773372,0.20711567842141734,0.8359198724334783,59595,59393,0.9255023026054845,False
dfa-jump-threading,early-cse-memssa,-0.004050416906883181,-5.721785963516175,1.0566313171898563e-08,59274,59191,8.209857615308486e-08,True
dfa-jump-threading,simple-loop-unswitch,-0.0005495968675509055,-0.584827493261868,0.5586648285732795,59216,59374,0.7612148464484908,False
dfa-jump-threading,loop-versioning,-0.002113385773522769,-2.222420034788491,0.02625682058698784,59185,58831,0.0792154926183701,False
dfa-jump-threading,loop-flatten,-0.0005549484847274799,-0.591266945412919,0.554342704294031,59049,59139,0.75769843979596,False
dfa-jump-threading,loop-reroll,0.000535266104027099,0.5666149169125887,0.5709769139578008,59353,58873,0.770747551853544,False
dfa-jump-threading,loop-instsimplify,0.000605338995932736,0.6483549219522543,0.5167566735264201,59361,59307,0.7297580719543675,False
dfa-jump-threading,loop-simplifycfg,-0.0008324418547361323,-0.8782760508639015,0.3797957074224086,59471,59233,0.6098398585659833,False
dfa-jump-threading,loop-predication,-0.00023338565350211615,-0.24680051955305765,0.8050630365463312,59437,58909,0.9085510366768063,False
dfa-jump-threading,speculative-execution,-0.00011604732252878946,-0.12319657366183033,0.9019516468646407,59638,59315,0.9605204866203445,False
dfa-jump-threading,partially-inline-libcalls,-7.99673725098149e-05,-0.08467046313410195,0.9325235212505723,59656,59225,0.9719888499380466,False
dfa-jump-threading,load-store-vectorizer,0.001992056622984406,2.1197289176645038,0.0340309827782426,59281,59402,0.0990820286688461,False
dfa-jump-threading,iroutliner,0.0018436992956543663,1.9735947755483665,0.048430160532202296,59194,59189,0.13327653453556162,False
dfa-jump-threading,global-merge,-0.0010300776295746883,-1.0910618482847154,0.2752478873344827,59264,59241,0.5018020143397739,False
dfa-jump-threading,break-crit-edges,-0.005992515694150269,-6.308144607482376,2.833942906732756e-10,59268,58986,2.611228334768347e-09,True
dfa-jump-threading,unreachableblockelim,0.0007303172704100636,0.7758629404572034,0.4378314646435432,59237,59267,0.6657872029097679,False
consthoist,mldst-motion,-0.0011047782543993079,-1.1740510653587606,0.2403769146500785,59709,59666,0.45474202790807117,False
consthoist,slsr,-0.001892989946979895,-2.0121676565485127,0.04420451654806391,59500,59459,0.1232940789189589,False
consthoist,loop-interchange,0.0011319763312658826,1.1981419744806523,0.2308641433262276,59283,59385,0.4418690055061131,False
consthoist,loop-fusion,-0.0006229186372146978,-0.660591898059643,0.5088753425328948,59510,59737,0.72384883449285,False
consthoist,loop-distribute,-0.0012996664342341258,-1.3819194655275862,0.16699902016226037,59731,59467,0.35698132271573857,False
consthoist,loop-load-elim,-0.001020793862492042,-1.0838240418385838,0.27844501470963073,59687,59583,0.5054263116921218,False
consthoist,loop-sink,-0.0017364711782563158,-1.8418600599323796,0.0654981105710663,59254,59671,0.17133640681115275,False
consthoist,loop-unroll-and-jam,-0.0014233156609662623,-1.503687837004531,0.13266442111448598,59438,59349,0.3009929739770145,False
consthoist,hotcoldsplit,-0.0005203591645105976,-0.553835887332343,0.5796922036459786,59805,59474,0.7774228320128945,False
consthoist,irce,0.0008398464033568809,0.8876422115066036,0.37473503859461876,59672,59063,0.6058886916335785,False
consthoist,nary-reassociate,0.00037876850345014423,0.3999242289442378,0.6892130432383269,59481,59630,0.8511378988714249,False
consthoist,scalarizer,-0.0016773425984843993,-1.7742209729009122,0.07602915794886887,59765,59480,0.19320582902515931,False
consthoist,vector-combine,-0.0008129189041092832,-0.8628220808517856,0.38823703384254526,59513,59616,0.6175208060631223,False
consthoist,always-inline,-0.0007377885896101555,-0.7862015643314003,0.43175097304625953,59778,59406,0.6612189325182449,False
consthoist,globalsplit,-0.0001730189689306827,-0.18369087843701254,0.8542562777798339,59537,59576,0.9348349501561121,False
consthoist,lowerswitch,-0.0013291880827388525,-1.403209421411058,0.16055700396716777,60041,59152,0.3475628676259972,False
consthoist,early-cse-memssa,-0.004242070900286943,-6.007993274164531,1.8837504804208657e-09,59882,59464,1.6001663516980715e-08,True
consthoist,simple-loop-unswitch,0.000508063772385825,0.5394123373348538,0.5896033808486048,59465,59360,0.7821432382801952,False
consthoist,loop-versioning,-0.003300452753281169,-3.462746394979895,0.0005348801751890374,59443,59404,0.0022571021185778775,True
consthoist,loop-flatten,-0.0003696178380810933,-0.3927736759932214,0.6944873539163341,59114,59635,0.8528602959253486,False
consthoist,loop-reroll,0.0003165413452576593,0.3373582211913077,0.7358474701393062,59325,59702,0.8769259565019851,False
consthoist,loop-instsimplify,-0.0012400645317330872,-1.3186511776537329,0.1872883020830959,59001,59641,0.3870295466793686,False
consthoist,loop-simplifycfg,-0.001326993374658414,-1.4057394496070919,0.1598041135731756,59662,59581,0.34650770141337517,False
consthoist,loop-predication,-0.0014240516901081746,-1.5054737387570158,0.1322049822200933,59503,59299,0.3001679642328051,False
consthoist,speculative-execution,-7.288756363432736e-05,-0.0773691058822324,0.938330047101071,59685,59357,0.9746685582089639,False
consthoist,partially-inline-libcalls,-0.0006078810488398534,-0.6452908210010361,0.5187399843073613,59555,59431,0.7310147776755241,False
consthoist,load-store-vectorizer,0.001482391562866725,1.5694163475458598,0.11655361910586669,59509,59381,0.27200475114336947,False
consthoist,iroutliner,0.0013452578790736913,1.4490539382366538,0.14732515815371636,59490,59376,0.3253910039827475,False
consthoist,global-merge,-0.0011611055729915942,-1.237576021998369,0.2158757468039507,59497,59745,0.42374407242319345,False
consthoist,break-crit-edges,-0.005702579227596483,-5.999504009467778,1.9848973210165823e-09,59739,59369,1.6751848942027882e-08,True
consthoist,unreachableblockelim,-0.0007047398883092693,-0.7465723696420095,0.4553232027531003,59486,59858,0.6810716814290071,False
mldst-motion,slsr,0.002246401231751738,2.3797194963924184,0.01732739040089407,59204,59566,0.055412796100911606,False
mldst-motion,loop-interchange,0.0001473466116327926,0.15597091455122597,0.8760562139577494,58911,59222,0.94403856187632,False
mldst-motion,loop-fusion,0.002743560625641517,2.9255886171429673,0.0034387015294703215,59274,59751,0.012910791169133058,True
mldst-motion,loop-distribute,-8.549060606077852e-05,-0.09110762402093656,0.9274072281609189,59483,59468,0.9696382750729815,False
mldst-motion,loop-load-elim,0.0014324352229087567,1.5294687310742117,0.12615094342587105,59396,59603,0.2897402313523232,False
mldst-motion,loop-sink,0.0013136885114979902,1.4025187359860336,0.16076299926958065,59790,59639,0.34781652217661757,False
mldst-motion,loop-unroll-and-jam,0.00027632812902256276,0.2932575899424265,0.7693257796879208,59411,59423,0.8910617430517297,False
mldst-motion,hotcoldsplit,0.0008630247353820786,0.9222403468645826,0.35640508686143024,59483,59838,0.5879538140246754,False
mldst-motion,irce,0.0003432770836228616,0.36755324941161954,0.7132070351808444,59626,59042,0.8652164652317802,False
mldst-motion,nary-reassociate,-0.0006665510916137318,-0.7088158334230278,0.4784401608837307,59109,59805,0.7008615648207392,False
mldst-motion,scalarizer,0.0013533154079854448,1.4393835644734303,0.15004450221432516,59333,59972,0.3297274246191343,False
mldst-motion,vector-combine,0.00048185622302132636,0.5131643838913014,0.6078372918788685,59523,59264,0.7948153592439858,False
mldst-motion,always-inline,0.0020908572717320273,2.2400211903681826,0.025091389408360257,59215,59548,0.076050991426578,False
mldst-motion,globalsplit,0.002111898199361417,2.245232336735619,0.024755044323809837,59821,59580,0.07526456022673861,False
mldst-motion,lowerswitch,0.0006018212000711842,0.6357227014539945,0.5249584004100726,59480,59456,0.7357684667164797,False
mldst-motion,early-cse-memssa,-0.003752462929479561,-5.3019365994724925,1.1478444445083221e-07,59492,59470,7.618574313041676e-07,True
mldst-motion,simple-loop-unswitch,0.00010575286754138657,0.11257949209042509,0.9103641340330856,59320,59987,0.9645524753445788,False
mldst-motion,loop-versioning,-0.001191535995571813,-1.2651807498607157,0.2058090198274861,59404,59608,0.4107788591459916,False
mldst-motion,loop-flatten,0.0022204719968264564,2.3719249320021074,0.017697272977327583,58954,59592,0.056389357997733786,False
mldst-motion,loop-reroll,0.0004871096194559166,0.5194794380927824,0.6034274143019862,59495,59505,0.791102026918841,False
mldst-motion,loop-instsimplify,0.0008285300693279818,0.8884005659610481,0.37432710986511764,59891,59568,0.6057293232362813,False
mldst-motion,loop-simplifycfg,0.002126809468713464,2.2663475865586418,0.023431893924062395,59861,59459,0.0716869504739284,False
mldst-motion,loop-predication,0.0005917156706597981,0.6265905925040346,0.5309288393725983,59396,59519,0.7396361917406954,False
mldst-motion,speculative-execution,-0.0016224426182341878,-1.7273836427524396,0.08410136679688589,59984,59677,0.2097713072462453,False
mldst-motion,partially-inline-libcalls,0.001981458074782172,2.1083252443528013,0.03500494695179815,59560,59646,0.10124030447802183,False
mldst-motion,load-store-vectorizer,8.521647296333423e-05,0.09093463381927772,0.9275446829477499,59714,59668,0.9696382750729815,False
mldst-motion,iroutliner,0.003864988306649164,4.166103793347445,3.10068613494517e-05,59004,59675,0.00015331170333895562,True
mldst-motion,global-merge,-0.00022413370722051962,-0.23821230584987196,0.8117168426267468,59169,60034,0.9110305723261825,False
mldst-motion,break-crit-edges,-0.005585953338384186,-5.873495499440324,4.278286406702685e-09,59407,59727,3.483112176434036e-08,True
mldst-motion,unreachableblockelim,0.0018313714068186604,1.940018128672717,0.052379844453465225,59249,59842,0.14254306523958987,False
slsr,loop-interchange,-0.0006451423738743078,-0.680676929450967,0.4960772699560451,59135,59172,0.7134091107886948,False
slsr,loop-fusion,0.0005353080536013022,0.5665481684390224,0.5710222701028342,59150,59471,0.770747551853544,False
slsr,loop-distribute,0.0003059276838307534,0.32445341301433,0.7455953584154726,59474,59335,0.8815276679868942,False
slsr,loop-load-elim,-0.00034576697306698545,-0.36516249290302344,0.7149907658384607,59304,59222,0.8667599827998389,False
slsr,loop-sink,-0.0019195280678361293,-2.0276713069107903,0.04259603785762047,59174,59399,0.11948859903326774,False
slsr,loop-unroll-and-jam,-0.0004603448053490111,-0.48608348242980876,0.626908876111373,59073,59459,0.8096883769301242,False
slsr,hotcoldsplit,0.0008694833337887231,0.9221815879160733,0.3564357391457046,59817,58996,0.5879538140246754,False
slsr,irce,0.0002765860978880541,0.29382790701778677,0.76888992275023,59306,59434,0.8908203957070712,False
slsr,nary-reassociate,0.00013685706675459208,0.14458542308298006,0.8850384526213939,59402,59270,0.9492770694235494,False
slsr,scalarizer,0.00019190715339695297,0.2016724944789517,0.840173113174177,59053,59442,0.9291493677464211,False
slsr,vector-combine,-0.00015623596762454062,-0.16583042723422428,0.8682906817015945,59576,59503,0.9431973119399291,False
slsr,always-inline,0.0003740451868811667,0.3957319695602071,0.6923034795491037,59313,59425,0.8517312051254444,False
slsr,globalsplit,0.001366891059489228,1.4428693888452178,0.14905990424499732,59246,59557,0.3286690157768021,False
slsr,lowerswitch,0.0006244476912413144,0.6587728743065813,0.510042905571896,59763,59043,0.7244570251068353,False
slsr,early-cse-memssa,-0.003821313072654875,-5.361519832547627,8.267786631926254e-08,59437,59592,5.640531785822859e-07,True
slsr,simple-loop-unswitch,-0.0007654318948366878,-0.8080869695199707,0.41904213517778915,59102,59789,0.6477090451539361,False
slsr,loop-versioning,-0.0010887214806408196,-1.1428856577236661,0.2530883752980039,59416,59191,0.471500512686481,False
slsr,loop-flatten,0.0003936131418325606,0.41404461660459685,0.678842183405685,58839,59332,0.8441873579601976,False
slsr,loop-reroll,-0.0002413617524121836,-0.25617408379267637,0.797816864763897,59344,58989,0.9038358907121052,False
slsr,loop-instsimplify,-0.0007101462404447978,-0.7583650782992796,0.4482339631975967,59269,59456,0.6738580795727828,False
slsr,loop-simplifycfg,-0.0010347485606149176,-1.0953542474967495,0.27336369133052363,59306,59463,0.5001817969347061,False
slsr,loop-predication,-0.0012134970161464809,-1.2853074319473503,0.19868738383710915,59176,59439,0.40272246123505145,False
slsr,speculative-execution,-0.0009542349668243411,-1.0139014690054515,0.3106318257146933,59542,59814,0.5421666428825339,False
slsr,partially-inline-libcalls,9.510768200715614e-06,0.010039540466442636,0.9919897571296488,59435,59139,0.9975942190343361,False
slsr,load-store-vectorizer,-3.8852188470828164e-05,-0.041199870218248606,0.9671366264489552,59191,59481,0.9878213430292405,False
slsr,iroutliner,0.0017956148526084847,1.9176374783119299,0.055159397054289724,58972,59497,0.1490197976668651,False
slsr,global-merge,-0.0009252301861985557,-0.9791163995379053,0.32752445968534516,59466,59556,0.5603258122008788,False
slsr,break-crit-edges,-0.005853853140764753,-6.132307643760893,8.688583497070066e-10,59058,59427,7.594752896099638e-09,True
slsr,unreachableblockelim,0.0016808243218608965,1.777674293675789,0.07545991477360425,59702,59442,0.19225831246157074,False
loop-interchange,loop-fusion,0.00018492205160658415,0.19642915921617451,0.844274610929292,59443,59400,0.9307795233960394,False
loop-interchange,loop-distribute,-0.0013229388361891137,-1.395305374111454,0.16292638644081023,59286,59270,0.3505602908253917,False
loop-interchange,loop-load-elim,-0.00045069101473838025,-0.4777872349494414,0.6328025308548716,59149,59091,0.8132768988604127,False
loop-interchange,loop-sink,-0.00010952354906990092,-0.11565308109027629,0.9079276888002319,59565,58764,0.9637963755331277,False
loop-interchange,loop-unroll-and-jam,-0.0001570686060957116,-0.16646727993585353,0.8677895154356184,59076,59128,0.9431973119399291,False
loop-interchange,hotcoldsplit,0.0015675667143379424,1.6669055869129246,0.0955358128493339,59628,59318,0.2328053784181653,False
loop-interchange,irce,0.00016730351921212527,0.17714456827626326,0.8593951371526489,59438,59318,0.9381051111507778,False
loop-interchange,nary-reassociate,-0.0017193041016740906,-1.8142463188665676,0.06964234653372885,59174,59010,0.18025077926376876,False
loop-interchange,scalarizer,-0.0012335953766482444,-1.302273193179995,0.19282555219725953,58987,59112,0.39433883894914934,False
loop-interchange,vector-combine,-0.0009761560867532215,-1.0325387292305706,0.30182193108169275,59173,58795,0.5333640262255906,False
loop-interchange,always-inline,-0.0003294899763335857,-0.3506760340559595,0.7258320296927511,59423,59243,0.8709219765914676,False
loop-interchange,globalsplit,0.0005607314108179162,0.5929211840697685,0.5532350296582728,59552,59183,0.7572416554148186,False
loop-interchange,lowerswitch,0.000280683129531889,0.29562301701646687,0.7675185121485308,59350,59079,0.8903135092766574,False
loop-interchange,early-cse-memssa,-0.0034955503653230635,-4.907866293071946,9.219447284238254e-07,59332,59283,5.47850615555038e-06,True
loop-interchange,simple-loop-unswitch,-0.0020299690660601777,-2.1383824369449624,0.032487760208195667,59326,58905,0.09544041183442928,False
loop-interchange,loop-versioning,-0.0006570774282277925,-0.6919098859042052,0.48899528025956984,59252,59017,0.708699303292552,False
loop-interchange,loop-flatten,0.00025937223314592694,0.2721029621826681,0.7855433266476303,59164,59197,0.8984440045206984,False
loop-interchange,loop-reroll,-0.00097087432029902,-1.0274983290806827,0.3041879806474569,59075,58780,0.5353708459395242,False
loop-interchange,loop-instsimplify,0.0003296017752190128,0.35016963716520383,0.7262120151096804,59197,59166,0.8710095715679964,False
loop-interchange,loop-simplifycfg,0.00039622479638240504,0.4184518743771297,0.675617523645853,59594,59065,0.8425854212092868,False
loop-interchange,loop-predication,-0.0004526745741811333,-0.47899401413437465,0.6319437705198577,59446,59111,0.8127725614678283,False
loop-interchange,speculative-execution,-4.016309615567648e-05,-0.04250854811224044,0.9660933688306603,59404,59583,0.9872707808822718,False
loop-interchange,partially-inline-libcalls,-0.000942419918057491,-0.994535617973697,0.3199642029282779,59387,59230,0.5519092655291103,False
loop-interchange,load-store-vectorizer,0.0019846756510931707,2.1093706099448384,0.03491468683429756,59439,59581,0.10120348900304164,False
loop-interchange,iroutliner,0.0023217848706639233,2.4926047669504343,0.012682351876001759,58934,59055,0.041981479244651634,True
loop-interchange,global-merge,-0.0005913930330614381,-0.6296352055532595,0.5289344954076988,59295,59498,0.7389320238717048,False
loop-interchange,break-crit-edges,-0.004596849217809451,-4.808040899223362,1.5260362729833105e-06,59532,58678,8.87958104755222e-06,True
loop-interchange,unreachableblockelim,0.0004988474472970017,0.5239966557845828,0.6002818475698357,59236,59070,0.790265474073469,False
loop-fusion,loop-distribute,-0.00028631775199322584,-0.3042542813859328,0.7609347035974671,59902,59468,0.8875402676780506,False
loop-fusion,loop-load-elim,-0.0015148549369650155,-1.6042887969639428,0.10865307117606844,59830,58839,0.25771376543033553,False
loop-fusion,loop-sink,-0.001162037890451606,-1.2413720464024602,0.21447078862783042,59541,59411,0.4220440242545648,False
loop-fusion,loop-unroll-and-jam,-0.0011929351064654536,-1.266824491119,0.20522054062369496,59092,59531,0.4101891970499786,False
loop-fusion,hotcoldsplit,-0.0008260987661003472,-0.8798500558748442,0.378942315407464,59672,59678,0.6089200275484732,False
loop-fusion,irce,-0.0014332660579195466,-1.5210194792647809,0.1282576028646346,59806,59342,0.29337428318803105,False
loop-fusion,nary-reassociate,0.002216752185074944,2.350680683565725,0.01874073250300284,59609,59246,0.05932797775404941,False
loop-fusion,scalarizer,-0.0016623813368522589,-1.757436189928096,0.07884606070243937,59517,59470,0.19958705475808178,False
loop-fusion,vector-combine,-0.00100865635818298,-1.065441548581201,0.2866783320977879,59056,59559,0.5161528039057184,False
loop-fusion,always-inline,-0.0005665147392541758,-0.6023979355679956,0.5469104307436448,59730,59373,0.752709943497599,False
loop-fusion,globalsplit,7.56589799326135e-05,0.0803280008635189,0.9359765234683123,59354,59926,0.9738470771089505,False
loop-fusion,lowerswitch,-0.0020145916370342687,-2.1216767984608396,0.033866945931501274,59589,59587,0.09875127346817499,False
loop-fusion,early-cse-memssa,-0.0039369321902943955,-5.493027022820919,3.959078685599784e-08,59687,59375,2.7934688527583347e-07,True
loop-fusion,simple-loop-unswitch,0.00011332237018579772,0.12028833428083441,0.9042549476040218,59658,59568,0.9615276306623537,False
loop-fusion,loop-versioning,-0.0022228285509575674,-2.3454997870027374,0.019003221807663184,60006,59056,0.059916760546545114,False
loop-fusion,loop-flatten,6.667749491096053e-06,0.007052272010160829,0.9943731595246247,59517,59322,0.9987087183119853,False
loop-fusion,loop-reroll,-0.001947746777324677,-2.0660875365396287,0.038822377612844704,59587,59208,0.11064660169716146,False
loop-fusion,loop-instsimplify,-0.0016705559681933768,-1.7842690148105806,0.07438251079603161,59246,59712,0.19005781830466748,False
loop-fusion,loop-simplifycfg,-0.0012212884360316423,-1.2984007550477963,0.19415217320500341,59608,59532,0.3958754648553812,False
loop-fusion,loop-predication,-0.0016310135966293715,-1.7278699145614416,0.08401414002420823,59354,59815,0.20974315258754836,False
loop-fusion,speculative-execution,-0.0009688766244041469,-1.0307055730254937,0.30268099482113275,59894,59709,0.5343998087103498,False
loop-fusion,partially-inline-libcalls,-0.0010119080984655748,-1.0708579183452438,0.2842354900223433,59817,59325,0.5135714088612058,False
loop-fusion,load-store-vectorizer,0.0007633682405914222,0.8133970666597812,0.4159920615049811,59562,59920,0.6441379647502988,False
loop-fusion,iroutliner,0.001775989778688869,1.9010565559551142,0.057297020193253376,59480,59472,0.15378693014172734,False
loop-fusion,global-merge,-0.0014079467410648694,-1.494410632032506,0.1350709668720219,59472,59986,0.3050391616325478,False
loop-fusion,break-crit-edges,-0.005786286002182783,-6.083036968525896,1.182857592622772e-09,59662,59103,1.0202798089671312e-08,True
loop-fusion,unreachableblockelim,-0.0015850983344844471,-1.6848452748781917,0.09202103713791869,59793,59769,0.22648630864830674,False
loop-distribute,loop-load-elim,-0.0003820808020224553,-0.4071256738176281,0.6839164195067797,59511,59588,0.8480736854935241,False
loop-distribute,loop-sink,-0.00019826372846010187,-0.20907551194763666,0.834389650227718,59400,59126,0.9253667148942917,False
loop-distribute,loop-unroll-and-jam,-0.0009584075286460103,-1.016378877408712,0.3094510733633853,59278,59336,0.5411781266700175,False
loop-distribute,hotcoldsplit,-0.00028107866008797444,-0.2975227918352643,0.7660679301409243,59663,59218,0.8893928296566438,False
loop-distribute,irce,0.0009088671653870728,0.9632530667601649,0.3354224966349092,59668,59400,0.5686209942953698,False
loop-distribute,nary-reassociate,-0.0009186747400138917,-0.9671366813995742,0.33347768680263545,59236,59128,0.5663495925457349,False
loop-distribute,scalarizer,-0.0029603068741794747,-3.1315282732160328,0.0017394126626530126,59420,59249,0.006825190367684567,True
loop-distribute,vector-combine,-0.0006030918643515903,-0.6365327761377632,0.5244304531426255,59222,59410,0.7352916772311212,False
loop-distribute,always-inline,-0.0004573272265487316,-0.4884389256815688,0.6252398769201394,59215,59695,0.8085748195436493,False
loop-distribute,globalsplit,-0.0005242999947714377,-0.5558687578761102,0.5783016224926342,59379,59601,0.7766217948152111,False
loop-distribute,lowerswitch,-0.0010896505102331866,-1.1438253531259828,0.2526983794614097,59518,59210,0.4712054586826695,False
loop-distribute,early-cse-memssa,-0.004876260106263297,-6.885121044852706,5.80226931629767e-12,59764,59401,6.510511931983288e-11,True
loop-distribute,simple-loop-unswitch,-0.0023678668438182338,-2.5165109994119477,0.011853625173057034,59419,59482,0.03953900866924305,True
loop-distribute,loop-versioning,-0.0028356774803588447,-2.9646010912159113,0.003031360654841175,59297,59050,0.011480472267270832,True
loop-distribute,loop-flatten,-0.001747887485263111,-1.8449318424400194,0.06504994691814846,59250,59287,0.1705057510920143,False
loop-distribute,loop-reroll,-0.0007300716409232022,-0.7751557803384077,0.438249153547717,59729,59404,0.6657872029097679,False
loop-distribute,loop-instsimplify,0.0009143742840106439,0.9764931550239075,0.3288221222277911,59422,59646,0.5616037363742723,False
loop-distribute,loop-simplifycfg,0.0005714793606675928,0.6025504443516804,0.5468089435051983,59521,59519,0.752709943497599,False
loop-distribute,loop-predication,-0.00028912693931498756,-0.3051440812140609,0.7602569530720059,59345,59614,0.8875402676780506,False
loop-distribute,speculative-execution,0.00014892140956940247,0.1570307367107698,0.8752208900701391,59570,59744,0.94403856187632,False
loop-distribute,partially-inline-libcalls,-0.0012061369004701672,-1.2801847977008025,0.20048264625745557,59484,59550,0.4054211709635641,False
loop-distribute,load-store-vectorizer,0.0018464908298419513,1.9650060395909896,0.049415856786794776,59582,59657,0.13560791533082575,False
loop-distribute,iroutliner,0.0022254716053177193,2.3914123330082946,0.016785238242406523,59236,59533,0.05387786307972455,False
loop-distribute,global-merge,0.00051826669816879,0.5476944183485245,0.5839027744404257,59268,59520,0.7790948009519083,False
loop-distribute,break-crit-edges,-0.005901545954543064,-6.186060048892222,6.188699943072076e-10,59284,59363,5.507942949334147e-09,True
loop-distribute,unreachableblockelim,-0.0007129716153741472,-0.7540417849526589,0.4508256196647531,59442,59892,0.6764111596196065,False
loop-load-elim,loop-sink,-0.0004992360072931246,-0.53058460323339,0.595707662881383,59206,59161,0.7867761240618872,False
loop-load-elim,loop-unroll-and-jam,-0.001871227409767029,-1.9920542329264388,0.04636739545075089,59242,59427,0.12804987347330077,False
loop-load-elim,hotcoldsplit,-0.0012064145725123598,-1.2724387506910708,0.20321975662496394,59648,59505,0.40789777905861546,False
loop-load-elim,irce,0.0003730082459456052,0.39665718930901206,0.6916209887653471,59142,59235,0.8514265300236087,False
loop-load-elim,nary-reassociate,-0.0008778384233490422,-0.9272448166667048,0.353801332079563,59081,59109,0.5863250175300756,False
loop-load-elim,scalarizer,0.0008520301010029874,0.9022430458553703,0.36692959990064944,59511,59439,0.5994282109573636,False
loop-load-elim,vector-combine,-0.00022764107135425649,-0.2398046012976134,0.8104821564709118,58928,59014,0.9109521591753968,False
loop-load-elim,always-inline,-0.0008146855603916592,-0.8704477858107308,0.38405750427779206,59141,59455,0.6136601082511867,False
loop-load-elim,globalsplit,0.00026675764846290084,0.28309674833868964,0.7771031677770874,59177,59550,0.8951701008542811,False
loop-load-elim,lowerswitch,-0.0013606506078824854,-1.4193929950521806,0.15578709999666104,59163,59522,0.33986756745789676,False
loop-load-elim,early-cse-memssa,-0.003986369877703233,-5.640485941094832,1.699542400522887e-08,59555,59453,1.2749823832275146e-07,True
loop-load-elim,simple-loop-unswitch,8.166388933183999e-05,0.08665603871865699,0.9309450668939911,59311,59555,0.9719888499380466,False
loop-load-elim,loop-versioning,-0.0014766607887883865,-1.553498185971085,0.12030682833105208,59425,59288,0.2787701418605917,False
loop-load-elim,loop-flatten,-0.0016530056692141137,-1.7459261235709138,0.08082638362846262,58911,59490,0.20328588200967218,False
loop-load-elim,loop-reroll,0.0009315356154894205,0.9916626524423338,0.3213641316900857,59387,59621,0.5534337896941425,False
loop-load-elim,loop-instsimplify,-0.0009755352298128073,-1.0471330175318303,0.29504036190861926,59772,59125,0.5253939812146046,False
loop-load-elim,loop-simplifycfg,-0.0008279977822917561,-0.8778818123692936,0.3800096404065139,59217,59267,0.609884324521274,False
loop-load-elim,loop-predication,-0.0020010508735866517,-2.1261514581393284,0.03349271582330487,59046,59229,0.09802501880722111,False
loop-load-elim,speculative-execution,-0.0001961091987524588,-0.20978751810873192,0.8338338747808536,59295,59633,0.9250123098135474,False
loop-load-elim,partially-inline-libcalls,-0.0001307559197235575,-0.13895746096864794,0.8894839993553663,59268,59668,0.9514393175295314,False
loop-load-elim,load-store-vectorizer,0.00028569509670328674,0.30475198487626676,0.7605555876927113,59520,59192,0.8875402676780506,False
loop-load-elim,iroutliner,0.0022471463732307573,2.421314261059558,0.0154659935155392,59503,58980,0.050012246578737825,False
loop-load-elim,global-merge,0.0008229138980311301,0.8726705748464385,0.3828444271474503,59400,59223,0.6124259708780292,False
loop-load-elim,break-crit-edges,-0.006834065190148064,-7.134808059074233,9.747254201903006e-13,59361,59516,1.15667416529249e-11,True
loop-load-elim,unreachableblockelim,0.0005421663716787539,0.5770287160127735,0.5639211492644112,59437,59511,0.765712628474145,False
loop-sink,loop-unroll-and-jam,-0.0004183901098356868,-0.44441353594458444,0.6567444390915997,59190,59512,0.8282154410620173,False
loop-sink,hotcoldsplit,0.0005185817688058147,0.5521789896800651,0.5808267665530177,59293,59500,0.7784256723953379,False
loop-sink,irce,-0.0004175032443937132,-0.44547006054507887,0.655980901950619,59381,59619,0.8280335539129049,False
loop-sink,nary-reassociate,-0.0004018272883470897,-0.42602435541094,0.6700908736654229,59167,59193,0.839260137530292,False
loop-sink,scalarizer,-0.0009054612886449931,-0.9586115121294874,0.33775644505365304,59451,59152,0.5711036598820814,False
loop-sink,vector-combine,0.0004445553056776075,0.4749783306776268,0.6348032965684864,58936,59208,0.8150068545036735,False
loop-sink,always-inline,0.00033333449897926526,0.3565783108515419,0.7214081497710583,59509,59372,0.870223966448921,False
loop-sink,globalsplit,-0.0003103564916060453,-0.329224911652161,0.7419862738913764,59248,59815,0.8796906595696731,False
loop-sink,lowerswitch,-0.0005742458166785314,-0.6038305937699086,0.5459574307308408,59348,59379,0.752276319050659,False
loop-sink,early-cse-memssa,-0.004169308195044685,-5.882220142179629,4.058795710184304e-09,59292,59530,3.318213778931469e-08,True
loop-sink,simple-loop-unswitch,-0.0019007250664844766,-2.0181769077039906,0.0435750802185425,59276,59731,0.12171185031085052,False
loop-sink,loop-versioning,-0.0010382918898229065,-1.0929669861265732,0.27441050978961556,59248,59678,0.5012087482911075,False
loop-sink,loop-flatten,0.00035803664296046867,0.377753429471221,0.7056144513485386,58784,59329,0.8602828802914185,False
loop-sink,loop-reroll,-0.00020915627897316602,-0.22188550629638054,0.8244033947893943,59554,59331,0.9173197383182166,False
loop-sink,loop-instsimplify,0.000242102685953427,0.2578628106982134,0.796513234384526,59471,59191,0.9027918453979172,False
loop-sink,loop-simplifycfg,-0.00031306415981130487,-0.3327132735577204,0.7393513155805393,59541,59366,0.878694917090559,False
loop-sink,loop-predication,0.00032416809755447806,0.3433262606343442,0.7313536345929461,59243,59545,0.8739642456716439,False
loop-sink,speculative-execution,-0.0004402841928611845,-0.4657939695812598,0.6413638327338776,59662,59588,0.8188458202127885,False
loop-sink,partially-inline-libcalls,0.0009700184796546663,1.036491715984639,0.2999749136508896,59407,59306,0.5308186904007608,False
loop-sink,load-store-vectorizer,0.0017439405540505826,1.8596622954426503,0.06293578534294236,59601,59412,0.1660758324817805,False
loop-sink,iroutliner,0.0025690463278236764,2.757330537816688,0.005828432385176803,59127,59506,0.02096505493355597,True
loop-sink,global-merge,-0.001298319234837031,-1.3789620039407882,0.16790907255106846,59178,59296,0.3577431600163134,False
loop-sink,break-crit-edges,-0.004558210093545401,-4.7739060825917585,1.809020832420516e-06,59035,59341,1.0417831734939325e-05,True
loop-sink,unreachableblockelim,0.0004940227556325394,0.5249695541799778,0.5996053347661621,59328,59587,0.790265474073469,False
loop-unroll-and-jam,hotcoldsplit,0.0008348131335831344,0.8853786459924995,0.3759542403090703,59627,59026,0.6066076658633373,False
loop-unroll-and-jam,irce,0.0017236087795470256,1.8271901847232428,0.06767368411816395,59629,59301,0.17608647641643194,False
loop-unroll-and-jam,nary-reassociate,-0.0004708149506050807,-0.5011576571071897,0.616261101104334,59252,59436,0.8020200970171393,False
loop-unroll-and-jam,scalarizer,-0.00047803528771939163,-0.5073497392772471,0.6119103854265544,59516,59408,0.7982144938805201,False
loop-unroll-and-jam,vector-combine,0.0006995994321755683,0.7403321691285869,0.4590999320150069,59326,59240,0.6854118695275513,False
loop-unroll-and-jam,always-inline,0.0009796765405478691,1.046684562142975,0.2952472190474208,59328,59296,0.5253939812146046,False
loop-unroll-and-jam,globalsplit,0.0009995704112304438,1.0637128725957732,0.2874609454097946,59426,59825,0.5168489725549842,False
loop-unroll-and-jam,lowerswitch,0.001321797940384728,1.39177967179708,0.163991737385899,59024,59593,0.35218182126235,False
loop-unroll-and-jam,early-cse-memssa,-0.003570336285374509,-5.08162960021038,3.747745804459999e-07,59496,59630,2.3039517378752523e-06,True
loop-unroll-and-jam,simple-loop-unswitch,-7.103338915165347e-05,-0.07584423251750778,0.9395431522779237,59449,59757,0.9751804567501566,False
loop-unroll-and-jam,loop-versioning,-0.0016243192606956725,-1.7113499222104065,0.087019151102027,59408,59175,0.2162227130174732,False
loop-unroll-and-jam,loop-flatten,-0.0004404366681993732,-0.46765495666493967,0.6400322139521153,59561,59420,0.8182716780399881,False
loop-unroll-and-jam,loop-reroll,0.0013308629773659542,1.4167364901339161,0.15656260490780602,59147,59723,0.34084698198089736,False
loop-unroll-and-jam,loop-instsimplify,3.783807922413951e-05,0.04022232207169849,0.9679159492067024,59138,59615,0.9883595455263224,False
loop-unroll-and-jam,loop-simplifycfg,0.0002808151019822458,0.2970529193162268,0.7664266277060364,59271,59442,0.8895455465610074,False
loop-unroll-and-jam,loop-predication,9.055533189061826e-05,0.09591112147610997,0.9235913234237993,59519,59306,0.9686038767896754,False
loop-unroll-and-jam,speculative-execution,-0.0012646910404434109,-1.337087472951953,0.18119664100374022,59548,59519,0.37803199050114367,False
loop-unroll-and-jam,partially-inline-libcalls,-0.0007332955861777402,-0.7804370470377865,0.4351352212901486,59208,59780,0.6640645076275221,False
loop-unroll-and-jam,load-store-vectorizer,0.001207295550252896,1.277513393948869,0.20142355061018963,59368,59486,0.40607044705047785,False
loop-unroll-and-jam,iroutliner,0.0036527577438653647,3.9221041592359285,8.78283497475509e-05,59097,59644,0.0004089605441277162,True
loop-unroll-and-jam,global-merge,0.0006885949386475909,0.7271871059725986,0.4671127735469945,59211,59870,0.6926215907648733,False
loop-unroll-and-jam,break-crit-edges,-0.0049511650925509465,-5.1944872326167655,2.056222249217672e-07,59083,59895,1.309295337875838e-06,True
loop-unroll-and-jam,unreachableblockelim,0.00015112978548997846,0.15975973755066647,0.8730706137002133,59026,59475,0.9439383001794686,False
hotcoldsplit,irce,0.0012840696367223958,1.3631662099196387,0.1728327208951141,59458,59195,0.36407366058379065,False
hotcoldsplit,nary-reassociate,-0.0018772411986826554,-2.0018368862719087,0.04530453858843733,59498,59737,0.12573534593360777,False
hotcoldsplit,scalarizer,-0.00015672345848399827,-0.16642399786475498,0.8678235725473141,59326,59671,0.9431973119399291,False
hotcoldsplit,vector-combine,-0.001232995553803018,-1.3120457491699957,0.18950723233251826,59205,59681,0.38957827290779296,False
hotcoldsplit,always-inline,0.0007629654584974666,0.8146750846225858,0.4152599468644564,59287,59881,0.6435132378002418,False
hotcoldsplit,globalsplit,0.000754436307985551,0.8046640743477927,0.42101516285618545,59370,59712,0.6497767855521147,False
hotcoldsplit,lowerswitch,0.00015464362367528794,0.16313674969621447,0.8704110426378427,59661,59224,0.9432465423401805,False
hotcoldsplit,early-cse-memssa,-0.004723858795476654,-6.697578673625641,2.1283790088487184e-11,59463,59632,2.193350578592521e-10,True
hotcoldsplit,simple-loop-unswitch,-0.0013961270482847343,-1.486697151244812,0.13709746041723747,59341,59896,0.30766398566985786,False
hotcoldsplit,loop-versioning,-0.0002599406655800496,-0.27342437889304555,0.7845274894320311,59610,59379,0.8984440045206984,False
hotcoldsplit,loop-flatten,-0.0010597530789829834,-1.1222008881702772,0.26177930367032587,59394,59381,0.48483340373610967,False
hotcoldsplit,loop-reroll,0.00021781974415296945,0.23080529510259612,0.8174664650520722,59263,59479,0.9143669457708982,False
hotcoldsplit,loop-instsimplify,-0.00024493569394851145,-0.2624915090556844,0.7929429855374421,59632,59267,0.9003833042272494,False
hotcoldsplit,loop-simplifycfg,-0.0006796321930287452,-0.7262808640194979,0.46766803726436806,59543,59398,0.6930843604579299,False
hotcoldsplit,loop-predication,-0.0011245913555666398,-1.1968067574473806,0.2313842595106714,59743,59701,0.4426481486291105,False
hotcoldsplit,speculative-execution,0.0005918408761981242,0.6281991927708505,0.5298746649196553,59527,59450,0.7392909049460933,False
hotcoldsplit,partially-inline-libcalls,0.00022677332009929385,0.23922461639907022,0.8109318267982994,59568,59666,0.9109521591753968,False
hotcoldsplit,load-store-vectorizer,0.0007930094464495552,0.851210202334446,0.39465430566575077,59431,59821,0.6229207017279645,False
hotcoldsplit,iroutliner,0.003223980663000059,3.4644654824123697,0.0005314739462809018,59084,59542,0.002245147760125147,True
hotcoldsplit,global-merge,0.0002533269425396556,0.2690084300515462,0.7879236614828918,59684,59419,0.8984440045206984,False
hotcoldsplit,break-crit-edges,-0.0057259787671844475,-5.98343701764102,2.191006972047729e-09,59110,59645,1.8333297654997662e-08,True
hotcoldsplit,unreachableblockelim,0.0009903476412086443,1.0529947449466524,0.29234553617893355,59379,59762,0.5220360782839506,False
irce,nary-reassociate,-0.0014521524468803504,-1.5486448546727372,0.1214697774759994,59401,59567,0.28096612439221125,False
irce,scalarizer,-0.0009083647910307358,-0.9586004338279077,0.33776202152372337,59572,59455,0.5711036598820814,False
irce,vector-combine,-0.00020704726224840542,-0.21967796134925677,0.8261223476669965,59336,59308,0.9185392144985686,False
irce,always-inline,-0.0007994310843189578,-0.8538249867635778,0.3932036869428,59368,59600,0.6219120380809108,False
irce,globalsplit,0.0010788586946200995,1.1460466999863876,0.25177813224190654,59510,59593,0.4707660002307486,False
irce,lowerswitch,0.0007399396512025591,0.7762020430087797,0.4376312517507705,59015,59318,0.6657872029097679,False
irce,early-cse-memssa,-0.004101585127179286,-5.814611904481412,6.092918798412161e-09,59359,59783,4.91956082774887e-08,True
irce,simple-loop-unswitch,-0.0009844067341569507,-1.0469866608098428,0.2951078599420498,59261,59585,0.5253939812146046,False
irce,loop-versioning,-0.0006971643033197306,-0.7339986272406565,0.4629510242645243,59299,59432,0.6882749472360961,False
irce,loop-flatten,-0.0013447299440400573,-1.4358570656029792,0.15104565609187484,59044,59519,0.3312250531133631,False
irce,loop-reroll,0.0003702957236078608,0.3941620219540326,0.6934621315601923,59313,59272,0.8526209441725944,False
irce,loop-instsimplify,-0.00039134645457439277,-0.4170839442228742,0.6766177612272265,59348,59608,0.8432957202310054,False
irce,loop-simplifycfg,-0.00012679622664446555,-0.13451613126974973,0.8929946840664227,59278,59483,0.9542773686266431,False
irce,loop-predication,-0.0007087936759860303,-0.7522715368515533,0.451889267069469,59682,59479,0.6776701537334324,False
irce,speculative-execution,-0.0007459953841793543,-0.794974656210223,0.4266298246370056,59533,59891,0.655169565991574,False
irce,partially-inline-libcalls,-0.0005882111183652117,-0.6274641203937178,0.5303562541627062,59347,59455,0.7393645750449118,False
irce,load-store-vectorizer,-0.0014772198559409033,-1.576076022225416,0.11501093774835813,59445,59798,0.2695289241308022,False
irce,iroutliner,0.0012769856669859747,1.3763686568847935,0.16871011886695542,59273,59662,0.35866928636427653,False
irce,global-merge,0.0002614220393746258,0.2778562292434821,0.7811232089656268,59086,59672,0.8967688321047771,False
irce,break-crit-edges,-0.005987479340004709,-6.317355646634682,2.6701377254614783e-10,59167,59714,2.4777865717789456e-09,True
irce,unreachableblockelim,0.000558148851297624,0.5933453362011788,0.5529511897995757,59279,59911,0.7572416554148186,False
nary-reassociate,scalarizer,0.0005236033804160711,0.551873128723494,0.5810363228834455,59176,59072,0.7784256723953379,False
nary-reassociate,vector-combine,0.00031542027087072544,0.3352669637300481,0.737424305098814,58962,59661,0.8777366500811414,False
nary-reassociate,always-inline,0.0002831631763735576,0.3026992633321341,0.762119588962406,59611,59250,0.888232235231185,False
nary-reassociate,globalsplit,0.00140232339227081,1.4854649498544168,0.1374233542580337,59386,59460,0.3082187029063345,False
nary-reassociate,lowerswitch,-0.00028354615171916064,-0.29979333087758386,0.7643353264029903,59701,59277,0.8887356474692288,False
nary-reassociate,early-cse-memssa,-0.004248979672053954,-5.952459444665019,2.648796542240516e-09,59316,59631,2.202269057200395e-08,True
nary-reassociate,simple-loop-unswitch,0.001186434145475701,1.2624692322973687,0.20678246640376483,59505,59419,0.4116726682446075,False
nary-reassociate,loop-versioning,-0.0005953559566008182,-0.6229955169226736,0.5332886653580118,59304,59342,0.7410782163030426,False
nary-reassociate,loop-flatten,0.0013042035845077793,1.3769757878307434,0.16852233821323923,59138,59213,0.3586594980668722,False
nary-reassociate,loop-reroll,0.0013068125398221775,1.3837611739464408,0.16643420232898823,59190,59277,0.3561805279269097,False
nary-reassociate,loop-instsimplify,-0.0005342838966437835,-0.5663279133776088,0.5711719600303843,59515,59097,0.770747551853544,False
nary-reassociate,loop-simplifycfg,0.0012338181293015116,1.315876164147046,0.18821815005353396,59593,59225,0.3885409992670738,False
nary-reassociate,loop-predication,1.9396142503513847e-05,0.02058540287803868,0.9835764193845075,59704,59121,0.9933905527773577,False
nary-reassociate,speculative-execution,0.00028891311069850767,0.30751861520590507,0.7584491924716236,59555,59875,0.8873878212485444,False
nary-reassociate,partially-inline-libcalls,1.291672215197881e-05,0.01370949209699876,0.9890617735601422,59549,59371,0.995991807369362,False
nary-reassociate,load-store-vectorizer,0.0008299073413372549,0.8840573911538253,0.3766670210009549,59502,59354,0.6067577351870586,False
nary-reassociate,iroutliner,0.002987548134767315,3.2049286875163863,0.0013513172652417928,59309,59201,0.005399753480292715,True
nary-reassociate,global-merge,-0.0003434236528230272,-0.3644351263737714,0.7155337567221174,59345,59671,0.8667599827998389,False
nary-reassociate,break-crit-edges,-0.0045442359049229775,-4.762862550651356,1.91089836333824e-06,59780,59416,1.0956190323327304e-05,True
nary-reassociate,unreachableblockelim,7.679157327800112e-07,0.0008113065340013701,0.999352672473382,59352,59661,0.9995743782831803,False
scalarizer,vector-combine,0.0017907437375362933,1.8880700567252953,0.059018986740453895,59291,59215,0.15707512337898427,False
scalarizer,always-inline,0.0018428429479337982,1.9639696290728645,0.049535930507031325,59517,59889,0.13584222959771336,False
scalarizer,globalsplit,0.0012923479247002323,1.362164031133645,0.17314870615994177,59678,59169,0.36446639773775397,False
scalarizer,lowerswitch,0.0008625474678853329,0.9039489261668856,0.36602432031572574,59483,59112,0.5984765087083015,False
scalarizer,early-cse-memssa,-0.0038026320039064587,-5.34592641779393,9.012126014343744e-08,59596,59191,6.105793334285485e-07,True
scalarizer,simple-loop-unswitch,-0.0012188954864738033,-1.2909458894336372,0.19672494906274757,59291,59721,0.3999869680839665,False
scalarizer,loop-versioning,-0.0014165231146525126,-1.4806904706224642,0.13869173072316412,59262,59354,0.3108854135729312,False
scalarizer,loop-flatten,-0.0006389449031626304,-0.6754279156289615,0.49940525115497014,59279,59360,0.7161006823591589,False
scalarizer,loop-reroll,0.00026658991857175796,0.28167636134431756,0.7781921731424264,59470,59211,0.8956939887658065,False
scalarizer,loop-instsimplify,-0.00012033801630967345,-0.1286488497861845,0.8976357284200375,59184,59763,0.9575433158520475,False
scalarizer,loop-simplifycfg,-0.0010360163167922876,-1.0930429734979967,0.2743771521008757,59344,59289,0.5012087482911075,False
scalarizer,loop-predication,-0.00017545095814736067,-0.18561879610490437,0.8527440297481332,59295,59415,0.934720846867061,False
scalarizer,speculative-execution,-0.0008957651561705693,-0.9510603187900235,0.3415756846938039,59712,59517,0.5750473596996083,False
scalarizer,partially-inline-libcalls,0.0008891673566320812,0.9453004739901855,0.34450741595980466,59684,59311,0.5767811205209897,False
scalarizer,load-store-vectorizer,0.0010901348106807096,1.1581775162998051,0.24679391886768404,59728,59642,0.46307857512498835,False
scalarizer,iroutliner,0.0042181228388860625,4.509537333577126,6.503132549463826e-06,59081,59466,3.478998232745948e-05,True
scalarizer,global-merge,0.0006973776901095796,0.738746882847845,0.4600621650540028,59525,59760,0.68572163930436,False
scalarizer,break-crit-edges,-0.00594052315032606,-6.197934342507033,5.739623227686738e-10,59309,59413,5.1315900821053116e-09,True
scalarizer,unreachableblockelim,0.0006381011517629931,0.675909935470534,0.49909914201980043,59597,59474,0.7159238974906734,False
vector-combine,always-inline,-0.0007963239378663278,-0.8487701147196978,0.39601093124792297,59514,59401,0.6243070880703971,False
vector-combine,globalsplit,0.00042434246451972246,0.44927117315415105,0.6532368725180532,59210,59198,0.8262518064537133,False
vector-combine,lowerswitch,-0.0006253546435487367,-0.6584514145425974,0.5102493853221045,59209,59386,0.7244875246270345,False
vector-combine,early-cse-memssa,-0.003921652398142794,-5.536459961170033,3.0929734962587836e-08,59688,58999,2.2142749929340763e-07,True
vector-combine,simple-loop-unswitch,-0.00011162917862989064,-0.11826553361679373,0.9058574663084262,59399,59127,0.9622331723434645,False
vector-combine,loop-versioning,-0.0011571519031110533,-1.2183567929214745,0.22309084384801836,59449,58981,0.43334511136351184,False
vector-combine,loop-flatten,-0.000379767724854041,-0.4027161793184575,0.6871577566095942,59275,59232,0.849761373853257,False
vector-combine,loop-reroll,-0.0001348082908304571,-0.14316979698095716,0.8861563265276444,59254,59003,0.9496957237773004,False
vector-combine,loop-instsimplify,0.000850201219830149,0.90241796855918,0.36683671234119164,59425,59177,0.5994282109573636,False
vector-combine,loop-simplifycfg,-0.0017444872700861924,-1.853047083186851,0.06387808513530263,59528,59435,0.1679963609065447,False
vector-combine,loop-predication,-0.00042466693995391047,-0.4503807811867357,0.6524367236838817,59235,59363,0.8255063683186045,False
vector-combine,speculative-execution,0.00013251848766854257,0.1412778297362346,0.8876507018673225,59998,59312,0.95025701162177,False
vector-combine,partially-inline-libcalls,-0.0015443678183267306,-1.6393264047722005,0.10114795628421741,59514,58900,0.24255688720697818,False
vector-combine,load-store-vectorizer,0.0017316754081906915,1.8370928577406611,0.06619868616599536,59548,59188,0.1724777478549819,False
vector-combine,iroutliner,0.0014963699289554655,1.6129173100826835,0.10676513823250264,59163,59291,0.25415944153099107,False
vector-combine,global-merge,-0.0001559072495148084,-0.1651769556220155,0.8688049836583779,59252,59669,0.9432465423401805,False
vector-combine,break-crit-edges,-0.004692862632631967,-4.956047235278595,7.204031983854602e-07,60027,58949,4.307021259354904e-06,True
vector-combine,unreachableblockelim,0.000290373537102262,0.3078215649399233,0.7582186504652593,59558,59368,0.8873878212485444,False
always-inline,globalsplit,0.00044830477362034493,0.4784454971222396,0.632334036873638,59605,59407,0.8129415917259246,False
always-inline,lowerswitch,-0.0003783431190287345,-0.39924542729314394,0.6897130894674227,59714,59429,0.851218549749268,False
always-inline,early-cse-memssa,-0.004443147781715118,-6.287996924756831,3.226981794120302e-10,59769,59386,2.9525375480782947e-09,True
always-inline,simple-loop-unswitch,-0.0008923333040827264,-0.949954470017616,0.34213731873810316,59296,59596,0.5750473596996083,False
always-inline,loop-versioning,-0.0015791939312119196,-1.67480241275138,0.09397564140515012,59299,59321,0.22971823454592252,False
always-inline,loop-flatten,-0.0007275687803484088,-0.7702015783011098,0.44118185940281957,59131,59689,0.6675688413529527,False
always-inline,loop-reroll,2.7088855565904346e-06,0.0028716817551694986,0.9977087374474388,59084,59410,0.9989842536037254,False
always-inline,loop-instsimplify,-0.0006723540113577342,-0.7178398153422917,0.47285747094462904,59452,59444,0.6969521017344001,False
always-inline,loop-simplifycfg,-0.0003336959019262786,-0.3576598781301447,0.7205984955951222,59598,59558,0.869603608243605,False
always-inline,loop-predication,-0.001979125383045399,-2.1097152857036896,0.03488496965683307,59648,59333,0.10119225272308022,False
always-inline,speculative-execution,3.4455695217594506e-05,0.036894597230823965,0.9705691092744473,59770,59711,0.9886640036901734,False
always-inline,partially-inline-libcalls,-0.0003861498069420155,-0.4118015885085659,0.6804855998371432,59219,59599,0.8451575036353483,False
always-inline,load-store-vectorizer,0.0006705591365572805,0.7180077571348376,0.4727539138774063,59476,59489,0.6969521017344001,False
always-inline,iroutliner,0.0021584802373833534,2.319902867726029,0.020347816836884632,59594,59314,0.06354230520992042,False
always-inline,global-merge,-0.00038143083035774294,-0.40569131672298414,0.6849701534465762,59381,59489,0.8487767758735225,False
always-inline,break-crit-edges,-0.0058762706890297944,-6.171459355215924,6.787951971338918e-10,59669,59455,6.027578213098231e-09,True
always-inline,unreachableblockelim,0.0008257211036507561,0.8801173028358559,0.3787975407200788,59593,59626,0.6089200275484732,False
globalsplit,lowerswitch,-0.0010852004099434764,-1.1423911251816523,0.25329377000365016,59615,59763,0.47165877476666385,False
globalsplit,early-cse-memssa,-0.0041672102751662,-5.851953072230492,4.870987735502272e-09,59777,59664,3.957424890503506e-08,True
globalsplit,simple-loop-unswitch,-0.0007964426500753352,-0.8377955496268054,0.4021472208818253,59418,59619,0.631534490859968,False
globalsplit,loop-versioning,-0.0023156834339319032,-2.447594390347727,0.014382780930658394,59683,59220,0.04697495423224209,True
globalsplit,loop-flatten,-0.0007839392138029866,-0.828424667433491,0.4074317088831853,59488,59131,0.6353334513541298,False
globalsplit,loop-reroll,-0.0006486856178585243,-0.6879452049629387,0.4914886323151841,59203,59515,0.7102686946134161,False
globalsplit,loop-instsimplify,-0.0016816633363201383,-1.7857412678748823,0.07414371673899846,59373,59128,0.18964519578701372,False
globalsplit,loop-simplifycfg,0.00022347709299769258,0.23570084386554063,0.8136652210090577,59721,59192,0.9119384675075758,False
globalsplit,loop-predication,-0.00147455847600092,-1.5608198998533487,0.1185689156743686,59288,59460,0.27523763497803927,False
globalsplit,speculative-execution,-0.001211790921990974,-1.2857799343217022,0.1985223655795226,60029,59549,0.40259636644713126,False
globalsplit,partially-inline-libcalls,-0.0011180371781433496,-1.1847607584182003,0.23611442088784904,59438,59427,0.44862885599069224,False
globalsplit,load-store-vectorizer,-0.0019989985605913807,-2.1278966470519256,0.0333477050330799,59299,59658,0.09767360726218464,False
globalsplit,iroutliner,0.0019066153852005385,2.046855214029539,0.04067449820077922,59344,59460,0.11500457397418876,False
globalsplit,global-merge,-0.002161489323774468,-2.2933493906569367,0.021829628787398334,59444,59841,0.06749366295286821,False
globalsplit,break-crit-edges,-0.007061871979948731,-7.396266245178582,1.4098074117064713e-13,59620,59581,1.8101002702434561e-12,True
globalsplit,unreachableblockelim,-0.0005563848815106076,-0.587145344004538,0.5571072084865345,59810,59376,0.7600116794434032,False
lowerswitch,early-cse-memssa,-0.0039023193123929323,-5.392475802036516,6.962506939109552e-08,59828,59540,4.774987245806131e-07,True
lowerswitch,simple-loop-unswitch,-0.0008844664653167578,-0.9281486506443676,0.35333235026933885,59420,59490,0.5860438304340241,False
lowerswitch,loop-versioning,-0.0011678083153354724,-1.2235908638455542,0.22110903872351612,59666,58940,0.43070365452550063,False
lowerswitch,loop-flatten,8.585727434096135e-05,0.09061700042962442,0.9277970752684546,59810,59479,0.9696432737526737,False
lowerswitch,loop-reroll,-0.0004553349825223152,-0.4794135594671596,0.6316453350762282,59347,58987,0.8127725614678283,False
lowerswitch,loop-instsimplify,-0.00018566703493860803,-0.19684517979449306,0.8439490319847603,59231,59273,0.9307675713510227,False
lowerswitch,loop-simplifycfg,-0.0002637314456532258,-0.27627388621727017,0.7823381915937428,59584,59361,0.8971116715317999,False
lowerswitch,loop-predication,0.0002838819203142551,0.2989694531842305,0.7649638755401732,59325,59572,0.8887356474692288,False
lowerswitch,speculative-execution,7.345378867235075e-05,0.0777752169453458,0.9380069909566516,59516,59977,0.9746685582089639,False
lowerswitch,partially-inline-libcalls,0.0020882136585924638,2.1970380152956817,0.028019654558154587,59480,59381,0.08395177295312423,False
lowerswitch,load-store-vectorizer,-0.0006474934777635499,-0.6819267726277692,0.49528657865325004,59761,59624,0.7128115400272275,False
lowerswitch,iroutliner,0.0029302872007875846,3.1198436419470053,0.001809903225284158,59424,59464,0.0070805005296830795,True
lowerswitch,global-merge,0.0011546034926902538,1.213304256719907,0.22501592987384078,59413,59332,0.43492713790027665,False
lowerswitch,break-crit-edges,-0.004897603886769464,-5.092786946514647,3.5337594621942464e-07,59467,59324,2.1792444179453022e-06,True
lowerswitch,unreachableblockelim,0.0014124775249783617,1.4887699212824266,0.1365506176844234,59627,59331,0.30714084942688225,False
early-cse-memssa,simple-loop-unswitch,0.003399526505690975,4.803765303441931,1.558977367466477e-06,59702,59804,9.030999069524738e-06,True
early-cse-memssa,loop-versioning,0.002997820982520716,4.164480573582708,3.122823901499517e-05,59077,59588,0.00015421158131490677,True
early-cse-memssa,loop-flatten,0.003909127922911815,5.550798064248753,2.849713744666122e-08,59527,59686,2.0513748206089216e-07,True
early-cse-memssa,loop-reroll,0.0024658678952837465,3.476687792353763,0.0005078295551385352,59450,59578,0.0021475815744303496,True
early-cse-memssa,loop-instsimplify,0.003483362049202965,4.901458284881487,9.525228676613281e-07,59661,59768,5.6516356814572135e-06,True
early-cse-memssa,loop-simplifycfg,0.004107521484263188,5.763441795864996,8.261816240714813e-09,59452,59646,6.536014625987718e-08,True
early-cse-memssa,loop-predication,0.003965151901257791,5.587414752855507,2.3097690622609265e-08,59700,59348,1.6938306456580128e-07,True
early-cse-memssa,speculative-execution,0.004162340518305274,5.873503995536756,4.27802532188937e-09,59668,60092,3.483112176434036e-08,True
early-cse-memssa,partially-inline-libcalls,0.0036573741191279208,5.178062106919842,2.245662860152118e-07,59587,59442,1.4183896387670474e-06,True
early-cse-memssa,load-store-vectorizer,0.004089635545648396,5.78063274496439,7.460434615138558e-09,59684,59931,5.938020722130608e-08,True
early-cse-memssa,iroutliner,0.009785921180413881,13.941235314658238,3.8540264204017403e-44,59180,59809,3.681065234705662e-42,True
early-cse-memssa,global-merge,0.0030572500413335035,4.347058298916771,1.3808984834759744e-05,59168,59885,7.115261133278836e-05,True
early-cse-memssa,break-crit-edges,-0.0012209944303614995,-1.6842656379751157,0.09213296467741384,59490,59652,0.22648630864830674,False
early-cse-memssa,unreachableblockelim,0.004722909231576644,6.713196501359136,1.912538155163842e-11,59814,59543,1.9918881424525545e-10,True
simple-loop-unswitch,loop-versioning,0.001578937321759566,1.6640412114500818,0.09610682795028966,59460,59503,0.23347043315963664,False
simple-loop-unswitch,loop-flatten,0.00023595351357341698,0.25032657202766023,0.8023352429449969,59156,59351,0.9070279478558337,False
simple-loop-unswitch,loop-reroll,0.0002978916979893276,0.31660578968075426,0.7515432985807053,59375,59395,0.8839527298879756,False
simple-loop-unswitch,loop-instsimplify,-0.00010347601849730603,-0.11051575315424683,0.9120005437375039,59389,59523,0.9653531599799016,False
simple-loop-unswitch,loop-simplifycfg,0.0008627856192248151,0.9159798909411982,0.35967929430416556,59655,59601,0.5916777397070363,False
simple-loop-unswitch,loop-predication,-0.00043184663179068883,-0.456593804570479,0.6479638663932018,59647,59370,0.8232885893638822,False
simple-loop-unswitch,speculative-execution,5.834245220509571e-05,0.06168204346086066,0.9508161435493228,59518,59506,0.9816493588555624,False
simple-loop-unswitch,partially-inline-libcalls,0.0006104862679586209,0.6478911503026479,0.5170566033134919,59541,59618,0.7299184061195509,False
simple-loop-unswitch,load-store-vectorizer,0.00033527704744090725,0.3557860208353845,0.7220014471380348,59879,59579,0.870223966448921,False
simple-loop-unswitch,iroutliner,0.0039060879697485618,4.229797102911865,2.3407682769311325e-05,59360,59642,0.00011766942968501045,True
simple-loop-unswitch,global-merge,0.0020197949650334612,2.1446562699540506,0.031982356422013754,59495,59633,0.09409685029947848,False
simple-loop-unswitch,break-crit-edges,-0.004902014799877064,-5.150503004444135,2.6020218953885093e-07,59520,59340,1.6303228387746245e-06,True
simple-loop-unswitch,unreachableblockelim,0.0016032955602027776,1.699770422791657,0.0891767250768147,59834,59409,0.2203534967378472,False
loop-versioning,loop-flatten,0.0008109618635954163,0.8551988646183146,0.3924427925836088,59129,59458,0.621685265274034,False
loop-versioning,loop-reroll,0.0011693588643651998,1.2365958580582908,0.21623959647591168,59690,59432,0.4238358322928403,False
loop-versioning,loop-instsimplify,0.0012504573716064504,1.3196710804857583,0.18694740507351099,59120,59586,0.38663961526890883,False
loop-versioning,loop-simplifycfg,0.0011239815122547347,1.185565075009713,0.2357964691359302,59232,59755,0.4483209905544659,False
loop-versioning,loop-predication,0.0008256174898244595,0.8683047289695351,0.38522928965217257,59451,59243,0.6142336719372589,False
loop-versioning,speculative-execution,2.7436132635616506e-05,0.028925626514927274,0.976923955450782,59844,59725,0.9903272610782455,False
loop-versioning,partially-inline-libcalls,0.0025657882834666523,2.6947347101058763,0.00704546091047776,59620,59148,0.02490074451753692,True
loop-versioning,load-store-vectorizer,0.002045931688584135,2.1799160439809437,0.029265638089706447,59025,60000,0.08682139299946247,False
loop-versioning,iroutliner,0.0041309949296894355,4.393668182827333,1.115504891174099e-05,59112,59363,5.8013875206992784e-05,True
loop-versioning,global-merge,0.0021518805075290692,2.2705456608629278,0.023176281572489164,59215,59392,0.0710715102880717,False
loop-versioning,break-crit-edges,-0.007233380191861427,-7.545390735206933,4.5411890182036154e-14,59382,59719,6.153389686949951e-13,True
loop-versioning,unreachableblockelim,-0.0010762589462730565,-1.126176704867449,0.26009300731175444,59602,59165,0.48225578439054473,False
loop-flatten,loop-reroll,0.000603082447838077,0.6440058254705353,0.5195728993396989,59760,59117,0.7316244062618701,False
loop-flatten,loop-instsimplify,-0.0011341359373269744,-1.210758125151221,0.2259905303283351,59604,59034,0.43636182944192164,False
loop-flatten,loop-simplifycfg,-0.0018400703650112704,-1.9516579013394912,0.05098118139203302,59681,59070,0.1394150183877104,False
loop-flatten,loop-predication,-0.002425569750739598,-2.571614585011855,0.010123756662524202,59308,59438,0.03432435592246301,True
loop-flatten,speculative-execution,0.001622895937489488,1.7199568087450772,0.08544288246860327,59835,59673,0.21271095215959973,False
loop-flatten,partially-inline-libcalls,-0.001306015729628407,-1.3837160788917424,0.1664479995164057,59692,59514,0.3561805279269097,False
loop-flatten,load-store-vectorizer,6.836469505572262e-05,0.07285706496246268,0.9419199828978152,59556,59301,0.9760362103250352,False
loop-flatten,iroutliner,0.002326411616670687,2.5023426364328283,0.012338782307256166,59116,59419,0.04094802670780944,True
loop-flatten,global-merge,-8.870405887778654e-05,-0.09378747177402046,0.9252781415929408,59548,59602,0.9686038767896754,False
loop-flatten,break-crit-edges,-0.004914320183935783,-5.126174566226874,2.961530326649921e-07,59264,58930,1.8408496443112845e-06,True
loop-flatten,unreachableblockelim,0.002205432616191827,2.3275277207220904,0.01993886754548365,59386,59331,0.062414552604407654,False
loop-reroll,loop-instsimplify,0.00028952778120966416,0.3077203700062803,0.7582956596255616,59534,58870,0.8873878212485444,False
loop-reroll,loop-simplifycfg,-0.0003891951016580797,-0.41232175874334964,0.6801043454446127,59661,59292,0.8451575036353483,False
loop-reroll,loop-predication,0.0004424348980718862,0.47118141791769413,0.6375120498069402,59657,59523,0.81645301010475,False
loop-reroll,speculative-execution,0.0016446936981259763,1.7383224446265426,0.0821566046546256,59408,59395,0.20570669042679915,False
loop-reroll,partially-inline-libcalls,7.698341598572078e-05,0.0819783066658262,0.9346641021559684,59366,59564,0.9731838936566797,False
loop-reroll,load-store-vectorizer,-4.467228265381262e-05,-0.04751313955516767,0.9621043382624088,58932,59758,0.9862828766061762,False
loop-reroll,iroutliner,0.0026258544393309435,2.8082645898299243,0.004981746816398784,58975,59007,0.018113760940592052,True
loop-reroll,global-merge,-0.0012105363477652453,-1.2832494420558096,0.1994072027097826,59415,59379,0.4039723775538069,False
loop-reroll,break-crit-edges,-0.005940682012728904,-6.228472183802161,4.725773805340238e-10,59464,59216,4.254282809589051e-09,True
loop-reroll,unreachableblockelim,-0.0003266051458666319,-0.3471352267131431,0.7284903439582534,59406,59586,0.8722185216908381,False
loop-instsimplify,loop-simplifycfg,-0.0009819584179877605,-1.0410558270271264,0.29785175953514215,59517,59181,0.5284945583777148,False
loop-instsimplify,loop-predication,-0.0003060419445291007,-0.325013815811233,0.7451711891134429,59255,59252,0.8815276679868942,False
loop-instsimplify,speculative-execution,0.0002008509842948425,0.21376577817639741,0.8307300773362293,59779,59888,0.9223529863477953,False
loop-instsimplify,partially-inline-libcalls,0.0008132363961935174,0.8691218717722852,0.38478222780536686,59487,59508,0.6138039946555561,False
loop-instsimplify,load-store-vectorizer,0.0023989173186064194,2.566397934366098,0.010277295427308068,59648,59631,0.034730811131430304,True
loop-instsimplify,iroutliner,0.0029144748565664846,3.149967450405784,0.0016332913926815032,59410,59374,0.006441056489164921,True
loop-instsimplify,global-merge,0.00031427168551517726,0.3344865110584056,0.7380130588678839,59331,59385,0.8779037480336067,False
loop-instsimplify,break-crit-edges,-0.005532847475145319,-5.800546859910223,6.626597147266889e-09,59325,59423,5.2958682507545175e-08,True
loop-instsimplify,unreachableblockelim,0.00016505435964325743,0.17521659064099002,0.8609097465087686,59348,59712,0.9385641891225884,False
loop-simplifycfg,loop-predication,-0.0006546555453886826,-0.6956590138013992,0.48664375214288885,59543,59950,0.7073580348839066,False
loop-simplifycfg,speculative-execution,0.0006451699611490502,0.6826076907082974,0.49485609919124135,59915,59334,0.7128115400272275,False
loop-simplifycfg,partially-inline-libcalls,0.0012502159697741488,1.3291444450667602,0.18380286500041668,59241,59889,0.3818419200751362,False
loop-simplifycfg,load-store-vectorizer,-0.00015825242845524112,-0.16790999303674894,0.8666543737075459,59487,59546,0.9431973119399291,False
loop-simplifycfg,iroutliner,0.002573747838568341,2.778856410520854,0.0054559202437516234,59271,59537,0.01974619563265375,True
loop-simplifycfg,global-merge,-0.0003007144763050307,-0.31827719921227765,0.7502752375146251,59424,59413,0.8834578355497674,False
loop-simplifycfg,break-crit-edges,-0.005488808544862944,-5.775021621305083,7.713401809258914e-09,59618,59300,6.12691308013345e-08,True
loop-simplifycfg,unreachableblockelim,-6.187060983470216e-05,-0.06570378301731475,0.9476137708375029,59571,59523,0.9805149829074403,False
loop-predication,speculative-execution,0.0003037850790075791,0.322453580388109,0.7471096640129096,59795,59445,0.8817605317283165,False
loop-predication,partially-inline-libcalls,0.0010873131810497094,1.1525144179459033,0.24911206191443444,59591,59532,0.4671520380182286,False
loop-predication,load-store-vectorizer,0.0007320501979570793,0.7747748290415591,0.438474258504671,59935,59556,0.6657872029097679,False
loop-predication,iroutliner,0.0031552500494785307,3.3745206252290614,0.0007396796289410716,59310,59728,0.0030586963325588555,True
loop-predication,global-merge,-0.00023911801146853096,-0.25349530397338177,0.7998859275039664,59519,59486,0.904781424640535,False
loop-predication,break-crit-edges,-0.005175367903803685,-5.411906262215492,6.247756567190769e-08,59252,59568,4.3303034897555844e-07,True
loop-predication,unreachableblockelim,0.002038102218714477,2.166700916141868,0.030259645183892396,59370,59594,0.08936459884238858,False
speculative-execution,partially-inline-libcalls,0.0005392834322837659,0.5735872104372769,0.5662482481167425,59842,59636,0.76780752757104,False
speculative-execution,load-store-vectorizer,-0.0006017339644436293,-0.6414746446898925,0.5212155806143672,59632,59786,0.733093314543209,False
speculative-execution,iroutliner,0.0014251276709721927,1.5322215577815033,0.1254704292653776,59003,60010,0.2885156788040039,False
speculative-execution,global-merge,0.0005640690944446747,0.6001334781048354,0.5484184209958457,59430,60087,0.7535817054675121,False
speculative-execution,break-crit-edges,-0.005931377318094289,-6.225935073084037,4.802766248552442e-10,59881,59582,4.3136772085622394e-09,True
speculative-execution,unreachableblockelim,0.0007459626682942422,0.7883064386501892,0.4305190485296756,59608,59717,0.659848373402039,False
partially-inline-libcalls,load-store-vectorizer,0.0013915830954398523,1.486800083103288,0.1370702658386712,59652,59494,0.30766398566985786,False
partially-inline-libcalls,iroutliner,0.002317631369703921,2.5046500697390197,0.012258585412192019,59578,59444,0.04078557389476971,True
partially-inline-libcalls,global-merge,0.0005893260456807936,0.6241503799207827,0.5325300259000217,59488,59613,0.7405495672672178,False
partially-inline-libcalls,break-crit-edges,-0.006591860561197871,-6.907252576627156,4.965900141105404e-12,59787,59538,5.620365593227966e-11,True
partially-inline-libcalls,unreachableblockelim,-0.0017175392802656342,-1.819993777902875,0.06876246151735732,59724,59387,0.17832701940527898,False
load-store-vectorizer,iroutliner,0.0014224578455576675,1.5285936868018661,0.12636786132316144,59560,59384,0.2900683147371045,False
load-store-vectorizer,global-merge,-0.002331269325348273,-2.489008845490144,0.012811326569751981,59820,59794,0.04226550534721884,True
load-store-vectorizer,break-crit-edges,-0.005935098031122132,-6.257010025508071,3.937542103280359e-10,59944,59368,3.5610657913269942e-09,True
load-store-vectorizer,unreachableblockelim,0.0007519821983330566,0.8006401795866503,0.4233415780355157,59750,59523,0.6519094060507588,False
iroutliner,global-merge,-0.00328077392934617,-3.5176902944660275,0.00043548287794749693,59360,59187,0.001861736845024452,True
iroutliner,break-crit-edges,-0.006938501894490967,-7.322816389203967,2.4435481881896247e-13,59276,59013,3.0185913895743125e-12,True
iroutliner,unreachableblockelim,-0.0030603927112377582,-3.282874768015426,0.001027839136391115,59338,59659,0.004166685360359841,True
global-merge,break-crit-edges,-0.005912094943629709,-6.186484406133313,6.172099967323023e-10,59760,58759,5.505681884290878e-09,True
global-merge,unreachableblockelim,0.0007661502079914784,0.8117152069649191,0.4169566896323776,59444,59590,0.6451214526275744,False
break-crit-edges,unreachableblockelim,0.007146135767987338,7.484069614772511,7.25477185849812e-14,59702,59614,9.63040223656903e-13,True
