pass_a,pass_b,rate_with_bigram,rate_without_bigram,n_with_bigram,chi2,p_value,p_adj,significant,positive
bdce,mem2reg,0.0535426731078905,0.03677094827185473,2484,19.641660527032776,9.341010673603078e-06,9.980736097634285e-05,True,True
bdce,sroa,0.06831566548881036,0.03672362347581303,2547,71.45325579143284,2.839049444086472e-17,1.8685239702592646e-15,True,True
bdce,instcombine,0.060558395595753045,0.036747911383190994,2543,40.524962434902115,1.941201162722777e-10,4.796052841149775e-09,True,True
bdce,simplifycfg,0.047876447876447875,0.03678672800234903,2590,8.952735420769066,0.00277054416576077,0.015499215647313108,True,True
bdce,jump-threading,0.05230530802014723,0.036772865131904926,2581,17.50197871278359,2.8700882283504817e-05,0.0002737945311137755,True,True
bdce,gvn,0.051533742331288344,0.036777756710968126,2445,14.96604963430171,0.00010946298993937368,0.0009169135157274595,True,True
bdce,gvn-hoist,0.047696038803556995,0.03678884762366112,2474,8.273742700707484,0.00402225061381927,0.02114246094458559,True,True
bdce,newgvn,0.05793742757821553,0.036754873305675215,2589,32.6515702088454,1.102503134564857e-08,1.9580055668734603e-07,True,True
bdce,globalopt,0.05078125,0.036778037411761826,2560,14.10997041546299,0.0001724273951999701,0.0013979827735053475,True,True
bdce,libcalls-shrinkwrap,0.05005912495072921,0.0367806726832091,2537,12.573563360091333,0.00039124188328198127,0.002855737586080594,True,True
bdce,attributor,0.04875195007800312,0.03678433445153208,2564,10.32195434061842,0.001314570125628789,0.008197223904398627,True,True
bdce,irce,0.04806201550387597,0.03678627794022291,2580,9.21997560423816,0.0023938873675473566,0.013705355162741885,True,True
bdce,globalsplit,0.047181127548980406,0.03679006274397546,2501,7.590946294811674,0.005866214930620371,0.029263818685744427,True,True
bdce,loop-simplifycfg,0.054343351173322355,0.0367696976591427,2429,21.08880663344616,4.384819811682489e-06,4.9413183727989815e-05,True,True
ipsccp,mem2reg,0.06107171000788022,0.03674646322784594,2538,42.2132305924355,8.184443479275055e-11,2.1295867551389444e-09,True,True
ipsccp,sroa,0.0682984603237268,0.03672421787166159,2533,70.98166591959034,3.605599676914318e-17,2.3532547224660783e-15,True,True
ipsccp,constmerge,0.0472972972972973,0.036789514505146594,2516,7.8088478609304115,0.005199104110157832,0.026389749443134245,True,True
ipsccp,instcombine,0.06041033434650456,0.03674579539420397,2632,41.42614275522748,1.2240936979720181e-10,3.092613497586079e-09,True,True
ipsccp,simplifycfg,0.046706586826347304,0.03679146609251999,2505,6.922512349921382,0.008511731133551035,0.0394338877918269,True,True
ipsccp,jump-threading,0.046702171241294554,0.03679225549810461,2441,6.739096875870433,0.009432236346713443,0.042791893380907435,True,True
ipsccp,gvn,0.05573770491803279,0.03676529950703967,2440,24.69045800918797,6.731663646257711e-07,8.743348205222288e-06,True,True
ipsccp,gvn-hoist,0.051695616211745246,0.03677776527401985,2418,15.127774338578902,0.00010047416489628658,0.0008479673054609014,True,True
ipsccp,newgvn,0.05309734513274336,0.03677000456352289,2599,19.47364437705742,1.0199735902440536e-05,0.00010780611550325813,True,True
ipsccp,early-cse,0.05223585278986941,0.0367741059402537,2527,16.98128948813969,3.7750005231043954e-05,0.0003480205369599199,True,True
ipsccp,indvars,0.04892601431980907,0.036784531143722564,2514,10.417511100036682,0.0012482600879315199,0.007839914201026194,True,True
ipsccp,inferattrs,0.049407921600653326,0.0367840528635439,2449,10.97143593300449,0.0009252703614798786,0.006038931225925342,True,True
ipsccp,sink,0.04888541259288228,0.03678401943740649,2557,10.525284341347216,0.0011775229349694778,0.007473549130211467,True,True
ipsccp,loop-load-elim,0.04979919678714859,0.03678222787659335,2490,11.860064385719326,0.0005735056145891837,0.0039714376423187325,True,True
ipsccp,nary-reassociate,0.048858630356427714,0.03678498947340092,2497,10.231970894223153,0.0013802709805586031,0.008551260494805587,True,True
ipsccp,always-inline,0.05132317562149158,0.03677751463075688,2494,14.833007331466234,0.00011746158953043214,0.0009807667049065508,True,True
ipsccp,early-cse-memssa,0.062146892655367235,0.03674498943083066,2478,44.947770629970634,2.0236046286479973e-11,5.805447418157917e-10,True,True
ipsccp,iroutliner,0.05254963020630596,0.03677232526814301,2569,17.974455166691197,2.238893731352054e-05,0.00021891405373220086,True,True
correlated-propagation,mem2reg,0.06830265848670757,0.03672760411251307,2445,68.52656280312415,1.251800253989621e-16,7.484045487974589e-15,True,True
correlated-propagation,sroa,0.07040523945968072,0.036721398104236413,2443,77.92191676701694,1.0719535846361016e-18,9.125587472684727e-17,True,True
correlated-propagation,constmerge,0.05226337448559671,0.03677585869458851,2430,16.385875004833384,5.166883958343344e-05,0.00046090017268502354,True,True
correlated-propagation,instcombine,0.05841392649903288,0.03675346999198644,2585,34.08892051893349,5.2650196512675385e-09,9.96029804558632e-08,True,True
correlated-propagation,simplifycfg,0.05017640141121129,0.03678007925138151,2551,12.86818157497953,0.0003342162059551827,0.002507261805594819,True,True
correlated-propagation,jump-threading,0.049134111961337094,0.03678435949096416,2483,10.645471678730248,0.0011034073729398542,0.007066137812645085,True,True
correlated-propagation,gvn,0.05065359477124183,0.036780338152077915,2448,13.245200296078888,0.0002732787072215629,0.0021066130265347247,True,True
correlated-propagation,newgvn,0.04820229158435401,0.03678651952058858,2531,9.27147655256308,0.0023274999327815927,0.013383979055466544,True,True
correlated-propagation,attributor,0.048373983739837395,0.036786994336322154,2460,9.284536524625283,0.0023109638582895714,0.013308433042738179,True,True
correlated-propagation,vector-combine,0.050532964863797866,0.03677926933254386,2533,13.468496599497522,0.000242602623218175,0.0018943806032350415,True,True
correlated-propagation,early-cse-memssa,0.059938128383604024,0.03674862117734571,2586,39.08665622523815,4.054053987571317e-10,9.421765825121232e-09,True,True
mem2reg,bdce,0.057805741250491545,0.03675647504853763,2543,31.670876827636974,1.8264062397703066e-08,3.1029096897789676e-07,True,True
mem2reg,ipsccp,0.07829457364341086,0.03669084992108837,2580,125.51749422212993,3.9211791873506424e-29,1.7061486330739017e-26,True,True
mem2reg,correlated-propagation,0.060181368507831824,0.03675243784891942,2426,37.436711718853736,9.442786439918557e-10,2.031755587841817e-08,True,True
mem2reg,sroa,0.06272912423625254,0.036743955620523676,2455,46.60034517813194,8.704491787786216e-12,2.642386809377583e-10,True,True
mem2reg,instsimplify,0.05937372915819439,0.03675392144989975,2459,35.368837007540876,2.728171940043961e-09,5.4369065227542755e-08,True,True
mem2reg,constmerge,0.06051080550098232,0.036748001296786785,2545,40.39446953980859,2.0752770877303017e-10,5.111185582108089e-09,True,True
mem2reg,function-attrs,0.05905667855727309,0.03675312902558883,2523,35.27895014204827,2.8570338894201937e-09,5.636344942553894e-08,True,True
mem2reg,deadargelim,0.05669291338582677,0.0367600102763607,2540,28.367184155582805,1.0035204270700881e-07,1.5231728652738237e-06,True,True
mem2reg,globaldce,0.06752411575562701,0.036728312753375694,2488,66.32885015818823,3.8163183695800854e-16,2.1048877091937484e-14,True,True
mem2reg,elim-avail-extern,0.06027944111776447,0.036749873080146066,2505,38.98482905174389,4.2711181471185407e-10,9.838646273009533e-09,True,True
mem2reg,mergefunc,0.06833976833976833,0.036721885093471664,2590,72.7746592821851,1.4533096563694495e-17,1.0072850644854451e-15,True,True
mem2reg,instcombine,0.078714859437751,0.03669415017248551,2490,123.59305537509546,1.0342047754959804e-28,4.26310094825501e-26,True,True
mem2reg,simplifycfg,0.08156606851549755,0.036687551529178054,2452,138.83073169962532,4.7963747051796086e-32,3.7565206690966697e-29,True,True
mem2reg,tailcallelim,0.0665314401622718,0.03673217245576371,2465,61.5331790719324,4.353449642298645e-15,1.937285090822897e-13,True,True
mem2reg,reassociate,0.050197628458498025,0.03678035771084632,2530,12.802524075226199,0.00034615201725353005,0.0025868917930626407,True,True
mem2reg,memcpyopt,0.07069163163928162,0.03671331024196992,2617,84.91962156573933,3.1074403924559094e-20,3.4767818791020976e-18,True,True
mem2reg,sccp,0.06533066132264528,0.03673474380852769,2495,57.35138751548356,3.645060789682756e-14,1.502532426568176e-12,True,True
mem2reg,dce,0.06393762183235867,0.036736666320032786,2565,53.34378243902001,2.7999602963810196e-13,1.0344004264743465e-11,True,True
mem2reg,adce,0.06351132686084142,0.03674104991204656,2472,49.800272823126335,1.7022029250813402e-12,5.578097618927639e-11,True,True
mem2reg,dse,0.05593561368209256,0.03676365348975186,2485,25.67615868237852,4.0378477250303633e-07,5.4619038657060105e-06,True,True
mem2reg,jump-threading,0.07277289836888332,0.0367166161708207,2391,87.3900568084164,8.909728198015982e-21,1.0903279882322059e-18,True,True
mem2reg,loop-idiom,0.06001622060016221,0.036751789637473026,2466,37.51963940413028,9.049715618384891e-10,1.9579384730163113e-08,True,True
mem2reg,loop-deletion,0.05625764370158989,0.03676343766399143,2453,26.205730660835084,3.069103916336393e-07,4.254375552698518e-06,True,True
mem2reg,gvn,0.07665232694563942,0.036697157915470284,2557,114.73846627086549,8.979211652891032e-27,2.604636506127502e-24,True,True
mem2reg,gvn-hoist,0.06753990994678674,0.036729960722048864,2443,65.1926095894811,6.792378172659975e-16,3.618905159746457e-14,True,True
mem2reg,gvn-sink,0.06805444355484387,0.03672631542891815,2498,68.91679002785871,1.02706693080839e-16,6.187683232377931e-15,True,True
mem2reg,newgvn,0.08313253012048193,0.03668069385658014,2490,151.03342972424775,1.0305797124972099e-34,1.153071472611164e-31,True,True
mem2reg,early-cse,0.07631359466221851,0.036705922069788836,2398,105.76078466060693,8.319583340507243e-25,1.9164404918486095e-22,True,True
mem2reg,mergereturn,0.05859526581296081,0.03675311026911826,2577,34.55629324673483,4.141005704689402e-09,7.929671559688848e-08,True,True
mem2reg,globalopt,0.07200321802091714,0.03671476664415803,2486,87.02347343390751,1.0724078933624339e-20,1.2725907001234214e-18,True,True
mem2reg,strip-dead-prototypes,0.063735377168213,0.03674014124048437,2479,50.78372928323005,1.0312506123623132e-12,3.5116325200094075e-11,True,True
mem2reg,indvars,0.0747588424437299,0.03670629338122139,2488,101.27142293674316,8.020457621218778e-24,1.744895113594041e-21,True,True
mem2reg,mergeicmps,0.058823529411764705,0.036754496599796196,2499,34.21338463362351,4.93880959639224e-09,9.388533193918453e-08,True,True
mem2reg,separate-const-offset-from-gep,0.06218905472636816,0.036746915739696503,2412,43.89286676910358,3.468506782571546e-11,9.53170004249135e-10,True,True
mem2reg,libcalls-shrinkwrap,0.06037277147487844,0.03675065628356343,2468,38.713494379189996,4.908041344788357e-10,1.1174354596622794e-08,True,True
mem2reg,flattencfg,0.06421267893660532,0.03673983645359967,2445,51.87736713148206,5.907748191667963e-13,2.0656019570153342e-11,True,True
mem2reg,loop-rotate,0.061191626409017714,0.03674770571497775,2484,41.72193821691014,1.052216709191529e-10,2.6931245968588417e-09,True,True
mem2reg,partial-inliner,0.06461906661348225,0.03673650639861128,2507,54.78713170428168,1.3431735994760966e-13,5.13157835663258e-12,True,True
mem2reg,lower-expect,0.06130734876167276,0.03674798498324744,2463,41.761966864767814,1.0308935088075775e-10,2.6471993314691628e-09,True,True
mem2reg,alignment-from-assumptions,0.05305145592341444,0.0367719828783169,2507,18.67643379297979,1.5488498380537026e-05,0.00015774501861686084,True,True
mem2reg,rpo-function-attrs,0.04914004914004914,0.03678496112576268,2442,10.479264723864578,0.0012072179202444265,0.00761874329283238,True,True
mem2reg,attributor,0.07770545158665582,0.03669883008029436,2458,116.19162424782017,4.3152054927536814e-27,1.299872669971032e-24,True,True
mem2reg,inferattrs,0.07360506529481599,0.03670804467209755,2527,96.70215374106623,8.058155412330405e-23,1.4024771819860386e-20,True,True
mem2reg,called-value-propagation,0.05798816568047337,0.0367561153147422,2535,32.12224510760187,1.4477015345380855e-08,2.491955696374129e-07,True,True
mem2reg,licm,0.06889605157131345,0.0367243733088023,2482,72.2140039571035,1.930807017710398e-17,1.3036276347161928e-15,True,True
mem2reg,loop-simplify,0.06974890394579514,0.03672069299191012,2509,76.9358278146783,1.766040905778662e-18,1.411391058577396e-16,True,True
mem2reg,div-rem-pairs,0.05977830562153603,0.0367508172013545,2526,37.650897193460686,8.460775332563651e-10,1.8406886779066253e-08,True,True
mem2reg,float2int,0.058004640371229696,0.03675473840296367,2586,32.821569251284366,1.0101772994932158e-08,1.8063261665823892e-07,True,True
mem2reg,inline,0.06913866357667053,0.03671939326686739,2589,76.48105794083709,2.223353857958775e-18,1.7413307415533125e-16,True,True
mem2reg,sink,0.058914131690412014,0.03675156266631431,2597,35.85281552527156,2.1280029425023226e-09,4.3284364775668995e-08,True,True
mem2reg,slp-vectorizer,0.07374749498997996,0.03670905432103296,2495,96.21465943034768,1.0307882885699522e-22,1.681902890849972e-20,True,True
mem2reg,callsite-splitting,0.0667739340305712,0.03673066948513941,2486,63.07619073968781,1.9886345306509425e-15,9.382521472324206e-14,True,True
mem2reg,dfa-jump-threading,0.06189878711836052,0.03674841815697705,2391,42.519569101422434,6.99785741977332e-11,1.839168433277337e-09,True,True
mem2reg,consthoist,0.06724422442244224,0.03673155349187671,2424,63.44480884330623,1.6492345285719284e-15,7.956317800954008e-14,True,True
mem2reg,mldst-motion,0.05625717566016074,0.03675962301963572,2613,27.919152168370353,1.264915208758071e-07,1.8798512172662643e-06,True,True
mem2reg,slsr,0.05710909807010634,0.03675874193031413,2539,29.556204316205008,5.4318501679835494e-08,8.699846731216187e-07,True,True
mem2reg,loop-interchange,0.0674110835401158,0.03673128391304561,2418,63.983434538878065,1.2546978910600098e-15,6.299226847937178e-14,True,True
mem2reg,loop-fusion,0.05866032500990884,0.036754352376420156,2523,34.03241466110164,5.420155547151659e-09,1.0204485155118219e-07,True,True
mem2reg,loop-distribute,0.05474018246727489,0.03676649592808672,2521,22.89278697354814,1.712934409163921e-06,2.0671344056351046e-05,True,True
mem2reg,loop-load-elim,0.060558395595753045,0.036747911383190994,2543,40.524962434902115,1.941201162722777e-10,4.796052841149775e-09,True,True
mem2reg,loop-sink,0.07220921155347385,0.03671083989488468,2562,90.74562593126764,1.6338201984302688e-21,2.285014248947476e-19,True,True
mem2reg,loop-unroll-and-jam,0.060485475527258255,0.0367490094037828,2513,39.79975120546846,2.813809445948953e-10,6.7393747953125994e-09,True,True
mem2reg,hotcoldsplit,0.06247512932749701,0.03674289272445461,2513,46.7738701424045,7.96686078712123e-12,2.4373614720599016e-10,True,True
mem2reg,irce,0.0653386454183267,0.03673419455862204,2510,57.72956562848357,3.007481987144908e-14,1.246275075307879e-12,True,True
mem2reg,nary-reassociate,0.06472868217054263,0.03673367018608464,2580,56.833076853431045,4.7441913727701144e-14,1.9252076078515825e-12,True,True
mem2reg,scalarizer,0.05925925925925926,0.03675134728432746,2565,36.524636515921884,1.5074880489695047e-09,3.148439039874443e-08,True,True
mem2reg,vector-combine,0.05848434925864909,0.036757420595409054,2428,32.22153763258121,1.3755744498573723e-08,2.3835174980714466e-07,True,True
mem2reg,always-inline,0.06485610052695581,0.03673715539038732,2467,54.833678556831224,1.3117358970453684e-13,5.0360370321859445e-12,True,True
mem2reg,globalsplit,0.06897942718838242,0.036724238535678945,2479,72.50192001420707,1.6686952576733018e-17,1.1464229173769561e-15,True,True
mem2reg,lowerswitch,0.06372549019607843,0.03674119451695531,2448,50.10993792552532,1.4536890209674162e-12,4.824276445854578e-11,True,True
mem2reg,early-cse-memssa,0.08636715724244771,0.0366652474772685,2582,179.27572009684943,6.97528131823634e-41,1.0926080656885402e-37,True,True
mem2reg,simple-loop-unswitch,0.061855670103092786,0.03674750007645026,2425,42.97781782191502,5.536405277813492e-11,1.4748682359127642e-09,True,True
mem2reg,loop-versioning,0.06624102154828412,0.03673156815635077,2506,61.34269622193877,4.7956698523602885e-15,2.1100947350385272e-13,True,True
mem2reg,loop-flatten,0.06471061093247589,0.03673687584254681,2488,54.729353581425805,1.383247637177407e-13,5.2336210117746146e-12,True,True
mem2reg,loop-reroll,0.05625764370158989,0.03676343766399143,2453,26.205730660835084,3.069103916336393e-07,4.254375552698518e-06,True,True
mem2reg,loop-instsimplify,0.06903055450773293,0.03671728461676816,2651,77.79540835309295,1.142855267497226e-18,9.624561779611049e-17,True,True
mem2reg,loop-simplifycfg,0.0702247191011236,0.03671992934193561,2492,78.63732543201613,7.462599751629351e-19,6.56708778143383e-17,True,True
mem2reg,loop-predication,0.0667186890362856,0.0367280125570874,2563,64.79631527659583,8.305431130689668e-16,4.336542441037432e-14,True,True
mem2reg,speculative-execution,0.06080525883319639,0.03675035106346543,2434,39.59366286443181,3.126963478821773e-10,7.421326656403674e-09,True,True
mem2reg,partially-inline-libcalls,0.06232408524326498,0.036744170684177756,2487,45.74498848417131,1.3469350721175759e-11,3.9658629642198697e-10,True,True
mem2reg,load-store-vectorizer,0.07165231010180109,0.03671292739382136,2554,87.63655764687486,7.865730730919331e-21,9.936194045896807e-19,True,True
mem2reg,iroutliner,0.06609307782557684,0.036730189761840386,2557,61.96702333363635,3.492574103296928e-15,1.5720597917828473e-13,True,True
mem2reg,global-merge,0.06459426725878079,0.036737604789393655,2477,54.03299509875981,1.9715098033269273e-13,7.387973578783011e-12,True,True
mem2reg,break-crit-edges,0.05488782051282051,0.036766594817567715,2496,23.040107265801808,1.5865677831107236e-06,1.9205562406991014e-05,True,True
mem2reg,unreachableblockelim,0.06647864625302176,0.03673171304564827,2482,61.73882906064702,3.921701022619364e-15,1.7551292805231347e-13,True,True
sroa,bdce,0.06958561376075059,0.036719224068745476,2558,77.66697262281636,1.2196375989045864e-18,1.0054949131179705e-16,True,True
sroa,ipsccp,0.07822736030828516,0.03669029980852873,2595,125.84068032759075,3.331868642625453e-29,1.6309497005651591e-26,True,True
sroa,correlated-propagation,0.06980331662167373,0.03671712605385407,2593,79.78280301146698,4.1791434707594325e-19,3.896553769403318e-17,True,True
sroa,mem2reg,0.07018239492466297,0.036718830282300094,2522,79.38536548322163,5.1103245414658815e-19,4.5481888419046344e-17,True,True
sroa,instsimplify,0.0650767987065481,0.036736246691034355,2474,55.858950318809725,7.786145556594938e-14,3.127235487141105e-12,True,True
sroa,constmerge,0.06735751295336788,0.03672803297118691,2509,66.16644151498409,4.1440840427852665e-16,2.2539212654926533e-14,True,True
sroa,function-attrs,0.06366892160764027,0.03673922271685769,2513,51.228451499998634,8.221831158647886e-13,2.8367128473361338e-11,True,True
sroa,deadargelim,0.05704971475142624,0.03676103613962637,2454,28.396785015679452,9.88292961413842e-08,1.5029729075326623e-06,True,True
sroa,globaldce,0.07216494845360824,0.03671271353562638,2522,89.10114447635551,3.751338869510165e-21,4.896747671000602e-19,True,True
sroa,elim-avail-extern,0.06627450980392156,0.03672987521409347,2550,62.56529739403632,2.57755429005744e-15,1.1874944235135217e-13,True,True
sroa,mergefunc,0.06984255147355672,0.03672170212349521,2477,76.38424812982348,2.335064301100067e-18,1.8107152085362104e-16,True,True
sroa,instcombine,0.08805275407292475,0.036660174314755094,2578,191.38370596289528,1.586001303083212e-43,4.140520735249239e-40,True,True
sroa,simplifycfg,0.08942766295707472,0.036659840427484054,2516,196.92603403243052,9.787358230082652e-45,3.8327294829003667e-41,True,True
sroa,tailcallelim,0.05407493240633449,0.03676710780181584,2589,21.79878994895622,3.02791037490289e-06,3.5184857650206876e-05,True,True
sroa,reassociate,0.05945730247406225,0.03675236468797863,2506,36.31459149381605,1.67902080822378e-09,3.4788600449758315e-08,True,True
sroa,memcpyopt,0.0644515612489992,0.036737325249678265,2498,53.93391793584555,2.0734723658531575e-13,7.733064556839013e-12,True,True
sroa,sccp,0.056545313710302095,0.036759452290767436,2582,28.41091680510742,9.81105066419365e-08,1.4949445292211024e-06,True,True
sroa,dce,0.06578435188789412,0.03673072899908366,2569,60.952382569387574,5.84721252026532e-15,2.5584004725540774e-13,True,True
sroa,adce,0.06369675654552559,0.03673762006187981,2559,52.277347731293126,4.819013323214303e-13,1.706867020437626e-11,True,True
sroa,dse,0.06771463119709795,0.03672799824825162,2481,66.96506360248549,2.763615944016562e-16,1.556019906883757e-14,True,True
sroa,jump-threading,0.08936338473705022,0.036659200093954035,2529,197.46324588552272,7.47180789346148e-45,3.8327294829003667e-41,True,True
sroa,loop-idiom,0.06369426751592357,0.03673917777250385,2512,51.304738166918135,7.908452632785551e-13,2.7406637619458597e-11,True,True
sroa,loop-deletion,0.06485610052695581,0.03673715539038732,2467,54.833678556831224,1.3117358970453684e-13,5.0360370321859445e-12,True,True
sroa,gvn,0.08700787401574803,0.03666581030327498,2540,180.94106679952358,3.019605111822713e-41,5.912386808948872e-38,True,True
sroa,gvn-hoist,0.07176470588235294,0.036712747736726205,2550,88.0644924066009,6.335476356158623e-21,8.134336200235136e-19,True,True
sroa,gvn-sink,0.06671838634600466,0.036727463137959215,2578,65.17541310315953,6.851910437446607e-16,3.6259569287893125e-14,True,True
sroa,newgvn,0.08302507192766133,0.03668425243756399,2433,146.88172829333328,8.328869913820524e-34,8.153963645630293e-31,True,True
sroa,early-cse,0.08063855914858781,0.03669081732633482,2443,132.64458630385906,1.0813711069559583e-30,6.514845007445435e-28,True,True
sroa,mergereturn,0.0692,0.03672273533549453,2500,74.12446116106784,7.334384184111526e-18,5.31878675277421e-16,True,True
sroa,globalopt,0.07185391028185788,0.03671380214354484,2519,87.43532165021132,8.708138178758954e-21,1.0825736224768275e-18,True,True
sroa,strip-dead-prototypes,0.05926511260371395,0.03675226536207257,2531,36.05779587806455,1.915509048617408e-09,3.947964965466194e-08,True,True
sroa,indvars,0.07021696252465483,0.0367181908822324,2535,79.96128868895849,3.818174864135394e-19,3.6028850043263136e-17,True,True
sroa,mergeicmps,0.06279809220985691,0.03674180423128962,2516,48.01643127603668,4.226622464769246e-12,1.3241162857629094e-10,True,True
sroa,separate-const-offset-from-gep,0.06969334926324174,0.0367207828351718,2511,76.73774342460148,1.9523619565746506e-18,1.544535236756835e-16,True,True
sroa,libcalls-shrinkwrap,0.06096625766871166,0.036744716410021756,2608,43.00474788447014,5.460718118083067e-11,1.4596704539531256e-09,True,True
sroa,flattencfg,0.06345475910693302,0.03673857378972519,2553,51.21936646394215,8.259970241462081e-13,2.8373722338215358e-11,True,True
sroa,loop-reduce,0.046969088719389804,0.03679083599299782,2491,7.254168199098979,0.007073662914178476,0.034009163869764165,True,True
sroa,loop-rotate,0.04970645792563601,0.03678148263691361,2555,11.997307151490858,0.0005327747794866499,0.003722294445084248,True,True
sroa,partial-inliner,0.060216780409474105,0.03675046699589826,2491,38.559455647548226,5.311083443281729e-10,1.2022082522480493e-08,True,True
sroa,lower-expect,0.0653386454183267,0.03673419455862204,2510,57.72956562848357,3.007481987144908e-14,1.246275075307879e-12,True,True
sroa,alignment-from-assumptions,0.06360708534621579,0.03674036596017449,2484,50.40249348338925,1.2523500077107263e-12,4.2277608880993135e-11,True,True
sroa,rpo-function-attrs,0.06469428007889547,0.03673531804530135,2535,55.70114322814593,8.436920294332358e-14,3.3205004897090974e-12,True,True
sroa,attributor,0.06726632772780602,0.03672651955668815,2557,67.03408802495778,2.668527881360967e-16,1.5144862584651516e-14,True,True
sroa,inferattrs,0.06979495268138801,0.0367194591724634,2536,77.98398790813637,1.0387921834544261e-18,8.940461956939633e-17,True,True
sroa,called-value-propagation,0.06725380304243395,0.03672876205575373,2498,65.42875549901714,6.025327581056718e-16,3.25450797343698e-14,True,True
sroa,licm,0.05933544303797468,0.03675213047850437,2528,36.240996928213065,1.743636554321595e-09,3.603208837321037e-08,True,True
sroa,loop-simplify,0.07274872198191112,0.03670998657951302,2543,92.83788813961243,5.67581106391849e-22,8.387349481624454e-20,True,True
sroa,div-rem-pairs,0.05562273276904474,0.0367646968875884,2481,24.80232680505884,6.352074563694042e-07,8.264027904128195e-06,True,True
sroa,float2int,0.07253086419753087,0.036708516953403526,2592,93.48821058473686,4.086272537070848e-22,6.400737302067777e-20,True,True
sroa,inline,0.06937327552227039,0.03672072746579758,2537,76.0322102755795,2.790751981681129e-18,2.1016509154352503e-16,True,True
sroa,sink,0.07600950118764846,0.036700659633189144,2526,109.71415808503792,1.1319049824724466e-25,2.903891205001087e-23,True,True
sroa,slp-vectorizer,0.07157633429871742,0.03671900706148865,2417,82.56035718114389,1.0249217078530529e-19,1.0562087915664618e-17,True,True
sroa,callsite-splitting,0.0763019781994348,0.0367021296116202,2477,109.19127276676464,1.4735752052948574e-25,3.606575314959163e-23,True,True
sroa,dfa-jump-threading,0.0626996805111821,0.03674248818882226,2504,47.425321196952076,5.713980085426391e-12,1.7688494873146044e-10,True,True
sroa,consthoist,0.06277314263011521,0.03674184917907645,2517,47.94334499797565,4.387146906945716e-12,1.3689296643505518e-10,True,True
sroa,mldst-motion,0.059463986599664995,0.036755622203576,2388,34.62008921065842,4.007491162279318e-09,7.692811466414612e-08,True,True
sroa,slsr,0.0700915969733174,0.03671955950229926,2511,78.60840156970832,7.572666952113464e-19,6.589903063216961e-17,True,True
sroa,loop-interchange,0.0691699604743083,0.03672163636808495,2530,74.87757600794369,5.008262156757126e-18,3.7004442652567744e-16,True,True
sroa,loop-fusion,0.06188020626735422,0.03674447566699982,2521,44.77208982777841,2.2135553924016807e-11,6.274180674013226e-10,True,True
sroa,loop-distribute,0.054282267792521106,0.036768636623308946,2487,21.44360221294037,3.6438981634950664e-06,4.184605632916915e-05,True,True
sroa,loop-load-elim,0.06539833531510107,0.03673355541228758,2523,58.27266839389673,2.2819240958676284e-14,9.608618020879174e-13,True,True
sroa,loop-sink,0.06438947781703966,0.0367358573433178,2547,54.74829795317285,1.3699779944232965e-13,5.208576530254009e-12,True,True
sroa,loop-unroll-and-jam,0.06267577340297308,0.03674303728251256,2489,47.05329856913581,6.908229701083841e-12,2.1301281503499465e-10,True,True
sroa,hotcoldsplit,0.07341970946211229,0.036707719448056834,2547,96.4900383252784,8.969399187054261e-23,1.494645413468276e-20,True,True
sroa,irce,0.05818619582664526,0.03675662847510208,2492,32.16931000831861,1.4130526694833876e-08,2.443052650638828e-07,True,True
sroa,nary-reassociate,0.07266855066612839,0.03671313914954989,2477,90.01800938555044,2.3600197165843724e-21,3.2427498982962816e-19,True,True
sroa,scalarizer,0.07054603427660422,0.03671824633215119,2509,80.7059827794636,2.6192794070112366e-19,2.5326168291002474e-17,True,True
sroa,vector-combine,0.05787781350482315,0.0367576719162481,2488,31.197015861926445,2.331241667529472e-08,3.918086854096743e-07,True,True
sroa,always-inline,0.06377151799687011,0.036737485227442336,2556,52.50678416646012,4.2876463134305144e-13,1.526402087581263e-11,True,True
sroa,globalsplit,0.0636,0.03673986176524558,2500,50.70130609987405,1.0754796722503319e-12,3.646388222105887e-11,True,True
sroa,lowerswitch,0.06299840510366826,0.036741444652953974,2508,48.60431575988414,3.1317927762291604e-12,9.930445758472382e-11,True,True
sroa,early-cse-memssa,0.08571428571428572,0.03666892995430606,2555,172.75081821464235,1.855187662371383e-39,2.4216382952821118e-36,True,True
sroa,simple-loop-unswitch,0.058634538152610445,0.03675531524478262,2490,33.506656808915096,7.102050342447305e-09,1.3087825478128774e-07,True,True
sroa,loop-versioning,0.05995203836930456,0.03675096152905139,2502,37.858654875435015,7.606020114165282e-10,1.6686372418527308e-08,True,True
sroa,loop-flatten,0.06827309236947791,0.03672595601008,2490,69.66059786925723,7.043925208556769e-17,4.378414462969572e-15,True,True
sroa,loop-reroll,0.06524415264669675,0.03673703048147246,2437,55.67476645640923,8.550884531485449e-14,3.3485263825297015e-12,True,True
sroa,loop-instsimplify,0.06436420722135008,0.036735902285533924,2548,54.6694940430039,1.4260275514452854e-13,5.369542203326671e-12,True,True
sroa,loop-simplifycfg,0.06402199528672427,0.03673703578646544,2546,53.277426477123186,2.8961554577184665e-13,1.0649150021056822e-11,True,True
sroa,loop-predication,0.06805074971164937,0.03672237930186493,2601,71.75050322603566,2.4420166111345865e-17,1.6208367880005154e-15,True,True
sroa,speculative-execution,0.06336633663366337,0.03673976205768113,2525,50.32008323492931,1.306060611593706e-12,4.352794344681662e-11,True,True
sroa,partially-inline-libcalls,0.05844980940279543,0.036759300822295796,2361,31.229997577652465,2.291968998691017e-08,3.860365848978074e-07,True,True
sroa,load-store-vectorizer,0.06130734876167276,0.03674798498324744,2463,41.761966864767814,1.0308935088075775e-10,2.6471993314691628e-09,True,True
sroa,iroutliner,0.06742902208201892,0.036726799394187035,2536,67.19429615313756,2.4602489060949623e-16,1.4168139288629223e-14,True,True
sroa,global-merge,0.07332540626238605,0.03670908839566102,2523,95.08609709409652,1.8228243244137244e-22,2.91354287934863e-20,True,True
sroa,break-crit-edges,0.06462984723854288,0.036734903602533404,2553,55.83882669970764,7.866254081801828e-14,3.127335125313295e-12,True,True
sroa,unreachableblockelim,0.07099391480730223,0.03671871655137403,2465,81.40631962321929,1.8376935553820247e-19,1.8452328109938485e-17,True,True
instsimplify,mem2reg,0.06571087216248507,0.03673301616389724,2511,59.27014915250268,1.3744576337405851e-14,5.882999176723546e-13,True,True
instsimplify,sroa,0.0732200647249191,0.03671169132380321,2472,92.62131896040448,6.3321629826176545e-22,9.183981570344717e-20,True,True
instsimplify,instcombine,0.056566455696202535,0.03676069398670454,2528,27.874555097348164,1.294408529261275e-07,1.9200393184042244e-06,True,True
instsimplify,simplifycfg,0.05718954248366013,0.036760766334516616,2448,28.720129250809045,8.362993365430354e-08,1.2918927818155924e-06,True,True
instsimplify,tailcallelim,0.047619047619047616,0.03678819293646143,2541,8.378591014043847,0.0037966664403604085,0.020145996992481516,True,True
instsimplify,reassociate,0.052132701421800945,0.0367743308808957,2532,16.78802604717831,4.1796207055668697e-05,0.0003810802021653053,True,True
instsimplify,dse,0.0491410307630843,0.03678403615157925,2503,10.743545366128078,0.0010464366243265817,0.006756547107770642,True,True
instsimplify,jump-threading,0.047039740470397405,0.03679093413449071,2466,7.281491726891365,0.006966865747142775,0.03361952712977339,True,True
instsimplify,gvn,0.05352112676056338,0.03677099325353379,2485,19.598984062097873,9.551997687521267e-06,0.00010178400801179125,True,True
instsimplify,newgvn,0.05489260143198091,0.0367661810832897,2514,23.21905717981786,1.4455769428818123e-06,1.7717932107434043e-05,True,True
instsimplify,globalopt,0.0463258785942492,0.03679264440709233,2504,6.3969856220297805,0.011431429784730563,0.049608901043520344,True,True
instsimplify,indvars,0.04992012779552716,0.036781634505520855,2504,12.150271384346754,0.0004908072222077428,0.003472890085027926,True,True
instsimplify,libcalls-shrinkwrap,0.04798080767692923,0.03678761610816088,2501,8.808129384881443,0.002998913366887931,0.016505614539329777,True,True
instsimplify,lower-expect,0.046502384737678856,0.03679196118585721,2516,6.668699298604826,0.00981207723103662,0.043915796581146554,True,True
instsimplify,alignment-from-assumptions,0.0473746545598105,0.036789056258922925,2533,7.9783140583524785,0.004734100982256697,0.02434502882011454,True,True
instsimplify,attributor,0.05858907931446791,0.036754946228535146,2509,33.62253371426391,6.691306070227975e-09,1.2418556668726423e-07,True,True
instsimplify,inferattrs,0.04631828978622328,0.03679241128227211,2526,6.443061259783423,0.011138653407845686,0.048546429321228386,True,True
instsimplify,slp-vectorizer,0.05009784735812133,0.036780259238189617,2555,12.737244721448322,0.0003584453579276125,0.002654037783194042,True,True
instsimplify,loop-fusion,0.04866562009419152,0.03678483781542007,2548,10.109429495104122,0.001475126203001594,0.00903298547451797,True,True
instsimplify,hotcoldsplit,0.046445880452342485,0.036792607471307956,2476,6.485974214402149,0.010872893335654613,0.047643456688357386,True,True
instsimplify,early-cse-memssa,0.047294589178356716,0.0367897927103021,2495,7.739468600911338,0.005402669756851731,0.027228899315098302,True,True
instsimplify,loop-versioning,0.04954419342053112,0.0367824894455407,2523,11.550080611461189,0.0006774631941642061,0.0045859046989577025,True,True
instsimplify,iroutliner,0.04778972520908005,0.036788066143161754,2511,8.543186454876643,0.0034681796659769026,0.018655757653798833,True,True
constmerge,mem2reg,0.07357594936708861,0.03670808957918921,2528,96.58744979797432,8.538782094466462e-23,1.453820464431768e-20,True,True
constmerge,sroa,0.06863140896245458,0.03672537196947177,2477,70.88373712638561,3.7890850384075814e-17,2.4525714066783616e-15,True,True
constmerge,function-attrs,0.04875148632580262,0.03678493614720336,2523,10.155600658968154,0.0014386351500546026,0.008851053020603022,True,True
constmerge,instcombine,0.05078125,0.036778037411761826,2560,14.10997041546299,0.0001724273951999701,0.0013979827735053475,True,True
constmerge,simplifycfg,0.053592695514092896,0.03677007600641522,2519,20.038627359950233,7.589352869243912e-06,8.221274090168509e-05,True,True
constmerge,gvn-hoist,0.04675963904840033,0.03679212048263512,2438,6.809314567315155,0.009068356763576167,0.041536639814945896,True,True
constmerge,alignment-from-assumptions,0.047284095349745994,0.03678900305973518,2559,7.922716483669369,0.004881791966412312,0.024957046136384615,True,True
constmerge,attributor,0.05899459908599917,0.036756476417754175,2407,33.46450390606624,7.25765256353609e-09,1.3343177201317993e-07,True,True
constmerge,loop-simplify,0.04679512386944554,0.03679072970992419,2543,7.154309997120888,0.0074784059138088685,0.035648737137523465,True,True
constmerge,sink,0.052083333333333336,0.03677515799054137,2496,16.442059442185972,5.01598445693505e-05,0.0004494873028228297,True,True
constmerge,slsr,0.048937023666265546,0.036784809476217095,2493,10.349026055834221,0.0012954301593373248,0.008103175770288875,True,True
constmerge,early-cse-memssa,0.05271439811172305,0.03677233401190103,2542,18.159545954693872,2.0314854622435573e-05,0.0001998818359333108,True,True
constmerge,loop-reroll,0.04810324599139617,0.03678646624084131,2557,9.204682715423909,0.0024139683214244685,0.013810226364789216,True,True
function-attrs,mem2reg,0.05800653594771242,0.03675831985732145,2448,31.07038535046184,2.4883912715635907e-08,4.164333427112402e-07,True,True
function-attrs,sroa,0.057628524046434496,0.03676037077175617,2412,29.529408045615714,5.50746781774327e-08,8.802956724196999e-07,True,True
function-attrs,instcombine,0.055193560751245686,0.03676311355970152,2609,24.908671398635228,6.011143392490525e-07,7.885975720265627e-06,True,True
function-attrs,simplifycfg,0.05003971405877681,0.03678104111412325,2518,12.44253669098208,0.00041966541108882417,0.0030461719181164694,True,True
function-attrs,dse,0.04641015470051567,0.036792186232688096,2521,6.555276852279726,0.010457356735543197,0.04619403155824835,True,True
function-attrs,newgvn,0.05689725747032337,0.03676176473106652,2443,27.844596194371377,1.3146072146975778e-07,1.9426422085870625e-06,True,True
function-attrs,strip-dead-prototypes,0.04754601226993865,0.036787538141928346,2608,8.484264832799408,0.0035823131162204466,0.019177495780067354,True,True
function-attrs,alignment-from-assumptions,0.04929022082018927,0.03678307442740154,2536,11.150882530945307,0.0008399170574205827,0.005546568628767289,True,True
function-attrs,attributor,0.04695794201714986,0.03679139230410727,2449,7.115832366298477,0.007640612013983491,0.03622353104934546,True,True
function-attrs,called-value-propagation,0.05185185185185185,0.03677459214446069,2565,16.389296717305346,5.157564791373944e-05,0.00046059347144858294,True,True
function-attrs,early-cse-memssa,0.05575326215895611,0.03676318567788202,2529,25.635955043092316,4.122853108890934e-07,5.567273370488585e-06,True,True
function-attrs,loop-predication,0.04982346018046293,0.036781212648381884,2549,12.187407450377012,0.0004811320463710609,0.0034256601701619536,True,True
deadargelim,mem2reg,0.06434426229508197,0.03673961174786853,2440,52.269562015185336,4.838157284692965e-13,1.706867020437626e-11,True,True
deadargelim,sroa,0.06819093461692739,0.03672609079131991,2493,69.3808809810831,8.117170782166167e-17,4.966693872337923e-15,True,True
deadargelim,simplifycfg,0.047299960583366184,0.03678923628569646,2537,7.878231712272374,0.005003337876107448,0.025511811357860372,True,True
deadargelim,gvn,0.05677023398542386,0.036758129695855964,2607,29.344880625642865,6.057633491191781e-08,9.584522323841218e-07,True,True
deadargelim,newgvn,0.048286604361370715,0.03678573788020779,2568,9.547346083660662,0.0020023872367786856,0.011782642252780364,True,True
deadargelim,attributor,0.04788286505738029,0.03678756286524847,2527,8.744436315715678,0.0031054808182481492,0.01702038192338664,True,True
deadargelim,inferattrs,0.04780719083366258,0.036787742883392725,2531,8.638891163699283,0.0032906164823780595,0.01779841732733768,True,True
deadargelim,mldst-motion,0.046998420221169034,0.0367902346168056,2532,7.41662750228827,0.00646238315908105,0.031613607059289686,True,True
deadargelim,hotcoldsplit,0.051676528599605524,0.036775689215392426,2535,15.821348143673177,6.961264288428611e-05,0.0006112177343831041,True,True
deadargelim,early-cse-memssa,0.048672566371681415,0.03678571778084417,2486,9.874262663799222,0.0016760675009611728,0.01006668762847232,True,True
globaldce,ipsccp,0.04896802913800081,0.03678504279620638,2471,10.3099917692916,0.0013231187298552102,0.0082374132688601,True,True
globaldce,mem2reg,0.06647750304012971,0.03673226232227459,2467,61.359852757415574,4.754062579046896e-15,2.1036055434517114e-13,True,True
globaldce,sroa,0.06963329213020189,0.03672434903972121,2427,73.89228199648333,8.249823912120047e-18,5.82095683601119e-16,True,True
globaldce,instcombine,0.0546843586650583,0.03676741332635239,2487,22.442605788742554,2.165174028199228e-06,2.577149390403701e-05,True,True
globaldce,simplifycfg,0.04785796989579313,0.03678677300916733,2591,8.926287362896316,0.002810951548222929,0.015669304288741626,True,True
globaldce,dse,0.049682034976152624,0.03678217446301475,2516,11.768871377543412,0.0006022948558344186,0.004134244794824861,True,True
globaldce,jump-threading,0.05227454110135674,0.036774384544996354,2506,16.92437735598599,3.889881813536054e-05,0.0003570724975096608,True,True
globaldce,gvn,0.05151757188498403,0.03677674121593353,2504,15.29462262794798,9.197797040145135e-05,0.0007838644876867976,True,True
globaldce,gvn-hoist,0.05,0.03678145452321243,2500,12.279197916025465,0.0004580351852185142,0.0032872923398313647,True,True
globaldce,newgvn,0.0467860048820179,0.03679179735092209,2458,6.9018190703882745,0.008610809132344093,0.03983452872092081,True,True
globaldce,early-cse,0.046875,0.03679106102606385,2496,7.134602395277292,0.007561040652388568,0.03588973963000441,True,True
globaldce,attributor,0.05044974579585452,0.036779125830536843,2557,13.431963915984067,0.00024737300816386314,0.0019258701788661791,True,True
globaldce,early-cse-memssa,0.0562992125984252,0.03676123365263454,2540,27.2542597778365,1.7838169558949625e-07,2.5824130126745557e-06,True,True
globaldce,simple-loop-unswitch,0.046493301812450746,0.03679172803922624,2538,6.714573952268981,0.00956281340167651,0.043093777601462144,True,True
globaldce,loop-simplifycfg,0.046329014526894384,0.036792133133839736,2547,6.5114751694882775,0.010718055760194333,0.04715482109245535,True,True
globaldce,unreachableblockelim,0.04788286505738029,0.03678756286524847,2527,8.744436315715678,0.0031054808182481492,0.01702038192338664,True,True
elim-avail-extern,mem2reg,0.06235107227958697,0.03674311747032169,2518,46.415026610886635,9.56789410164e-12,2.882144100155557e-10,True,True
elim-avail-extern,sroa,0.07074340527577938,0.03671793190514871,2502,81.42490233757927,1.8204950114382104e-19,1.8452328109938485e-17,True,True
elim-avail-extern,instcombine,0.055868167202572344,0.03676378840851318,2488,25.526145718422168,4.3642850088271464e-07,5.832948837736214e-06,True,True
elim-avail-extern,dse,0.05234375,0.03677314378693158,2560,17.44543414702586,2.9567360288341018e-05,0.0002810334536144258,True,True
elim-avail-extern,gvn-hoist,0.04664610639938319,0.03679057840157777,2594,7.081780674255193,0.007787158995946834,0.03671825963651752,True,True
elim-avail-extern,newgvn,0.048751007252215955,0.0367855377825187,2482,9.989263695917884,0.001574555509173775,0.009522717179806182,True,True
elim-avail-extern,indvars,0.04796747967479675,0.036788217592875753,2460,8.642617343985368,0.003283893186305397,0.017774327183928035,True,True
elim-avail-extern,libcalls-shrinkwrap,0.04861111111111111,0.036784371107886626,2592,10.19010988753413,0.0014119590073846148,0.0087006002720978,True,True
elim-avail-extern,rpo-function-attrs,0.0485781990521327,0.03678534115960255,2532,9.89800074439333,0.0016545842802723216,0.009968233910071402,True,True
elim-avail-extern,attributor,0.04814522494080505,0.03678665453086311,2534,9.189641035038182,0.0024338861717068164,0.013914012041465538,True,True
elim-avail-extern,mldst-motion,0.04636542239685658,0.0367920431120436,2545,6.556273481658526,0.010451501245565167,0.04619403155824835,True,True
elim-avail-extern,early-cse-memssa,0.058027079303675046,0.03675469343561322,2585,32.878382410909765,9.81081828225809e-09,1.7623469905193893e-07,True,True
elim-avail-extern,global-merge,0.04697728147862919,0.03678948997556747,2597,7.576055733488764,0.005914872595019858,0.0293787593086948,True,True
mergefunc,mem2reg,0.062193126022913256,0.03674590767529535,2444,44.49121197113435,2.5550152137214108e-11,7.096056437541167e-10,True,True
mergefunc,sroa,0.06047256708049659,0.0367495134276833,2497,39.5024443571969,3.2764903895150263e-10,7.729359256229423e-09,True,True
mergefunc,instcombine,0.055057096247960846,0.03676706242706404,2452,23.058849527862833,1.5711765782896682e-06,1.9078224745991754e-05,True,True
mergefunc,simplifycfg,0.05685884691848907,0.03676010936649397,2515,28.558160515856983,9.092580777312057e-08,1.3908807157794536e-06,True,True
mergefunc,gvn,0.055666003976143144,0.03676377938307021,2515,25.259137088964017,5.012156360288434e-07,6.630947400976185e-06,True,True
mergefunc,gvn-sink,0.046336633663366336,0.03679236627213506,2525,6.465408173441171,0.010999437424275635,0.048046622368615045,True,True
mergefunc,newgvn,0.04750778816199377,0.03678818471657071,2568,8.294285529723396,0.003977002388908909,0.02094679402147584,True,True
mergefunc,early-cse,0.05143540669856459,0.03677692117605898,2508,15.148308407423055,9.938731766701638e-05,0.0008396995382611352,True,True
mergefunc,attributor,0.048588039867109634,0.036787100846195055,2408,9.427599869384565,0.0021374385167752846,0.012427927589743154,True,True
mergefunc,loop-load-elim,0.04790660225442834,0.03678807436639567,2484,8.632117096882313,0.003302875059443656,0.01784946905820236,True,True
mergefunc,lowerswitch,0.04709141274238227,0.036790009578883884,2527,7.53782963485158,0.006041677610412666,0.029948366484020255,True,True
mergefunc,early-cse-memssa,0.06055776892430279,0.03674887453513408,2510,39.995351460669376,2.5456795507183394e-10,6.211140885117144e-09,True,True
instcombine,bdce,0.05806451612903226,0.03675731219494294,2480,31.650303809936652,1.845857187567869e-08,3.129167422734102e-07,True,True
instcombine,ipsccp,0.05011655011655012,0.036779890772422975,2574,12.868442733268992,0.000334169568525423,0.002507261805594819,True,True
instcombine,correlated-propagation,0.05659640905542545,0.03675977626292532,2562,28.33640456134291,1.019603660462844e-07,1.544591077126691e-06,True,True
instcombine,mem2reg,0.07849419303163796,0.03669446439122494,2497,122.63931402333284,1.6724946639697527e-28,6.237608670576716e-26,True,True
instcombine,sroa,0.07086938607334158,0.036720679418193736,2427,79.56457173744778,4.667198894516615e-19,4.2504071792853634e-17,True,True
instcombine,instsimplify,0.05370442963543708,0.03676906871674666,2551,20.56529422678511,5.763149997245747e-06,6.402410039493432e-05,True,True
instcombine,constmerge,0.05085419149781486,0.03677854943463256,2517,14.017587128170625,0.000181108727741064,0.0014623129439876425,True,True
instcombine,function-attrs,0.058823529411764705,0.0367549555456605,2482,33.97993386175167,5.568338391875049e-09,1.0458327646322634e-07,True,True
instcombine,deadargelim,0.05664830841856806,0.03676010021922956,2542,28.262280281025756,1.0594038336269374e-07,1.6017858735455934e-06,True,True
instcombine,globaldce,0.06312028582770941,0.03674071573013502,2519,49.27381085530343,2.2261474463971154e-12,7.204622644703392e-11,True,True
instcombine,elim-avail-extern,0.06463124504361618,0.036735957172986486,2522,55.1642528870269,1.10866813352068e-13,4.298558822640577e-12,True,True
instcombine,mergefunc,0.055057096247960846,0.03676706242706404,2452,23.058849527862833,1.5711765782896682e-06,1.9078224745991754e-05,True,True
instcombine,simplifycfg,0.07759649820931158,0.03669640596156034,2513,118.16716291881617,1.5937408146426444e-27,5.200907525117163e-25,True,True
instcombine,tailcallelim,0.0557081208316987,0.036762861802224364,2549,25.716244652129046,3.9548403715617596e-07,5.368164608331317e-06,True,True
instcombine,reassociate,0.06153235410877332,0.036745609109515055,2519,43.50305160943752,4.2329877524140886e-11,1.1471543279206625e-09,True,True
instcombine,memcpyopt,0.05828707375099128,0.03675553076234237,2522,32.86596225302428,9.87369968137388e-09,1.769583887975291e-07,True,True
instcombine,sccp,0.061838893409275834,0.036746536969169116,2458,43.50605851578278,4.226488423083387e-11,1.1471543279206625e-09,True,True
instcombine,dce,0.053535757091490214,0.03677057962167578,2503,19.77598926148754,8.706962558300963e-06,9.341497363919609e-05,True,True
instcombine,adce,0.0510688836104513,0.03677773101841884,2526,14.501625892361291,0.00014003862373387373,0.0011557244479280286,True,True
instcombine,dse,0.05370442963543708,0.03676906871674666,2551,20.56529422678511,5.763149997245747e-06,6.402410039493432e-05,True,True
instcombine,jump-threading,0.06721311475409836,0.036731049161478145,2440,63.734288247379794,1.4238463808934811e-15,7.057952439973256e-14,True,True
instcombine,loop-idiom,0.054625199362041466,0.03676713454899552,2508,22.483023957582514,2.120089821815212e-06,2.527327775411985e-05,True,True
instcombine,loop-deletion,0.046610169491525424,0.03679066842518664,2596,7.035503399848693,0.00799094090788922,0.03736420847199306,True,True
instcombine,gvn,0.06242544731610338,0.03674298262247151,2515,46.630070419088845,8.573449323430445e-12,2.612733661521683e-10,True,True
instcombine,gvn-hoist,0.053107789142407553,0.036771110632633885,2542,19.06968015141454,1.260313346072779e-05,0.00013073873015154972,True,True
instcombine,gvn-sink,0.04831683168316832,0.03678624950301251,2525,9.436549509033554,0.002127033004747721,0.012376614036540973,True,True
instcombine,newgvn,0.0707070707070707,0.03671916572372244,2475,80.37110283739308,3.10300046769542e-19,2.963743861340309e-17,True,True
instcombine,early-cse,0.059355345911949686,0.03675162648671529,2544,36.53559609521355,1.4990359411521101e-09,3.1391576179420654e-08,True,True
instcombine,mergereturn,0.05255023183925812,0.03677195661163597,2588,18.10919825629404,2.085913464496164e-05,0.0002044665113133161,True,True
instcombine,globalopt,0.050156739811912224,0.03678012424791839,2552,12.835363901849421,0.0003401293037229861,0.002549179623692275,True,True
instcombine,strip-dead-prototypes,0.05775444264943457,0.036758355617426366,2476,30.683349799938828,3.037604712393199e-08,5.029708267962692e-07,True,True
instcombine,indvars,0.05775444264943457,0.036758355617426366,2476,30.683349799938828,3.037604712393199e-08,5.029708267962692e-07,True,True
instcombine,separate-const-offset-from-gep,0.054245283018867926,0.03676753045610137,2544,21.843767984648313,2.957756772580309e-06,3.4433509380837065e-05,True,True
instcombine,libcalls-shrinkwrap,0.05795918367346939,0.03675840978593272,2450,30.956990049501595,2.6381023038392077e-08,4.396088775248654e-07,True,True
instcombine,flattencfg,0.056976744186046514,0.03675813890893965,2580,29.644371055264337,5.1903131292372444e-08,8.347131915438624e-07,True,True
instcombine,loop-reduce,0.05078597339782346,0.03677937634332311,2481,13.682478677345912,0.00021646470061465595,0.0017090237250140983,True,True
instcombine,loop-rotate,0.060008054772452676,0.03675133063475345,2483,37.75247997201181,8.031455102002948e-10,1.7570490603041085e-08,True,True
instcombine,partial-inliner,0.04802604802604803,0.03678808258908639,2457,8.723003298717604,0.003142200019305003,0.01720958779803971,True,True
instcombine,lower-expect,0.05306930693069307,0.03677156925711839,2525,18.852345846266967,1.4123729666252163e-05,0.00014497647542082166,True,True
instcombine,rpo-function-attrs,0.0549800796812749,0.03676600117439812,2510,23.406984559146384,1.311016616775693e-06,1.627239642248372e-05,True,True
instcombine,attributor,0.059742288168684106,0.03674994402909753,2561,38.054526562192,6.879492318552081e-10,1.5350479726182305e-08,True,True
instcombine,inferattrs,0.060495330897279743,0.0367504315053328,2463,39.03798456530355,4.1563935115144355e-10,9.602617693858719e-09,True,True
instcombine,called-value-propagation,0.05403257846642829,0.0367687626998176,2517,21.08678746786435,4.389442658117289e-06,4.9413183727989815e-05,True,True
instcombine,loop-simplify,0.054773082942097026,0.03676562343251847,2556,23.2969271879498,1.3882161315735845e-06,1.712206101178632e-05,True,True
instcombine,div-rem-pairs,0.06031746031746032,0.03674932410114628,2520,39.34622271716264,3.5493881923229624e-10,8.322996503674684e-09,True,True
instcombine,float2int,0.06517311608961303,0.03673661612609251,2455,55.80721340388173,7.993769611314065e-14,3.1619799795864526e-12,True,True
instcombine,inline,0.05894066109119873,0.036753812822730506,2511,34.745194482181084,3.758051984493055e-09,7.249522941514681e-08,True,True
instcombine,sink,0.04843304843304843,0.036786859337021846,2457,9.368246883804508,0.0022077657323826432,0.012779912206962942,True,True
instcombine,slp-vectorizer,0.05958132045088567,0.03675259888484659,2484,36.390324304855135,1.61502982973912e-09,3.355149503054851e-08,True,True
instcombine,callsite-splitting,0.06637692611615963,0.036730244831597994,2531,62.53029764408513,2.623770365228995e-15,1.1947307849112492e-13,True,True
instcombine,dfa-jump-threading,0.055833654216403544,0.0367613503590248,2597,26.551519409553585,2.56602824852149e-07,3.6407850076848387e-06,True,True
instcombine,consthoist,0.05606728073688426,0.03676296985881757,2497,26.15720846596168,3.1472003361930826e-07,4.354924564145622e-06,True,True
instcombine,mldst-motion,0.05566521910777734,0.03676336557717787,2533,25.43835922870705,4.5674532328216005e-07,6.0837234216766625e-06,True,True
instcombine,slsr,0.054848966613672494,0.03676627103839576,2516,23.125499911874744,1.5176462106341765e-06,1.8514338195773943e-05,True,True
instcombine,loop-interchange,0.05594956658786446,0.03676236708049307,2538,26.263781886655813,2.9782184425228497e-07,4.150428263672413e-06,True,True
instcombine,loop-fusion,0.06168958742632613,0.03674433114551538,2545,44.514599500214594,2.524674931464047e-11,7.036745218230041e-10,True,True
instcombine,loop-distribute,0.0640713706407137,0.036739556982155,2466,51.78579995827551,6.189785596234628e-13,2.1545955906537603e-11,True,True
instcombine,loop-load-elim,0.054075546719681906,0.036768672738505204,2515,21.175317685780996,4.191276121957192e-06,4.751232068079801e-05,True,True
instcombine,loop-sink,0.04791408508880628,0.0367889090172948,2421,8.423899874569276,0.0037032063937112365,0.019716867760398642,True,True
instcombine,loop-unroll-and-jam,0.049315068493150684,0.0367827060356376,2555,11.279509871697528,0.00078367243772017,0.005223593644446274,True,True
instcombine,hotcoldsplit,0.0509502628386575,0.03677901641269418,2473,13.961022036153764,0.00018664016987958123,0.001497710871410738,True,True
instcombine,irce,0.0505663430420712,0.03678019469637103,2472,13.207234484594093,0.00027887056257120616,0.0021391912302230038,True,True
instcombine,nary-reassociate,0.05564581640942323,0.036765065664572445,2462,24.672286883195092,6.795433723818635e-07,8.81156240479264e-06,True,True
instcombine,scalarizer,0.06061822561220393,0.03674924369295585,2491,39.89412569697786,2.681083186243055e-10,6.480939356375188e-09,True,True
instcombine,vector-combine,0.05859221392056626,0.03675402828701002,2543,34.08939337258472,5.263740381000174e-09,9.96029804558632e-08,True,True
instcombine,always-inline,0.05645479668377418,0.0367609188455831,2533,27.61485633648092,1.4803737911900044e-07,2.17121489374534e-06,True,True
instcombine,globalsplit,0.05217732444095724,0.036773872309918874,2549,16.99975178352109,3.738470539400353e-05,0.00034568714598091574,True,True
instcombine,lowerswitch,0.05178127589063795,0.0367775853295757,2414,15.277130986191906,9.283364979034415e-05,0.0007894388112464445,True,True
instcombine,early-cse-memssa,0.06969580284944166,0.036717305741827584,2597,79.38615804231442,5.108274931256346e-19,4.5481888419046344e-17,True,True
instcombine,simple-loop-unswitch,0.05269230769230769,0.03677127301645562,2600,18.52360216211379,1.6781330058742626e-05,0.0001691462323540498,True,True
instcombine,loop-versioning,0.049357945425361156,0.0367835411727575,2492,11.076174175166402,0.0008744403056055988,0.005750307702353526,True,True
instcombine,loop-flatten,0.05898876404494382,0.03675418186622432,2492,34.63162622297829,3.983810473956728e-09,7.666143398532947e-08,True,True
instcombine,loop-reroll,0.058703628210354665,0.03675609818751628,2453,33.21669913930301,8.243951463463216e-09,1.5015494851591605e-07,True,True
instcombine,loop-simplifycfg,0.05337646583097452,0.03677167675665493,2473,19.167604464795843,1.197281515162866e-05,0.00012469559610047296,True,True
instcombine,loop-predication,0.04975922953451043,0.03678231786831862,2492,11.796621271578264,0.0005933831380244727,0.004076646260533044,True,True
instcombine,speculative-execution,0.050157977883096366,0.03678044770239951,2532,12.736826433144161,0.00035852553302084984,0.002654037783194042,True,True
instcombine,partially-inline-libcalls,0.0492671009771987,0.03678436783633886,2456,10.758055046264923,0.0010382643664862453,0.006714852616284289,True,True
instcombine,load-store-vectorizer,0.05720164609053498,0.03676118015461395,2430,28.542216477358902,9.167762190399645e-08,1.399647436163938e-06,True,True
instcombine,iroutliner,0.061386138613861385,0.036745878826803684,2525,43.09246292831514,5.221301001628707e-11,1.4004530631765765e-09,True,True
instcombine,global-merge,0.05337812616648003,0.03676748593795693,2679,20.77365906025776,5.168903410216871e-06,5.766787964219165e-05,True,True
instcombine,break-crit-edges,0.04891740176423416,0.036784854475347906,2494,10.31968103071346,0.0013161903479110646,0.008200797776324152,True,True
instcombine,unreachableblockelim,0.055705996131528046,0.03676203409737388,2585,26.07472083045996,3.284563248571358e-07,4.5289963666920555e-06,True,True
simplifycfg,bdce,0.052443384982121574,0.03677365606722508,2517,17.372399259327704,3.072556004574052e-05,0.0002909825710740505,True,True
simplifycfg,ipsccp,0.04763827210335083,0.036788982633065556,2477,8.196028711137405,0.004198218305823292,0.021964225632069487,True,True
simplifycfg,correlated-propagation,0.055731225296442685,0.03676323065254092,2530,25.586452186338914,4.229989036354795e-07,5.692315143080885e-06,True,True
simplifycfg,mem2reg,0.07689305230288837,0.03669615898447249,2562,116.35734817905731,3.969269613780343e-27,1.243492784605106e-24,True,True
simplifycfg,sroa,0.0793518903199003,0.036696540732414074,2407,123.12185763117846,1.311421653331484e-28,5.135527194446091e-26,True,True
simplifycfg,instsimplify,0.05651302605210421,0.03676165660495073,2495,27.360893966367833,1.6881073802725378e-07,2.4485351511127685e-06,True,True
simplifycfg,constmerge,0.04937272359368677,0.036783819523192644,2471,11.008462117233172,0.0009069686560848248,0.005934317890105554,True,True
simplifycfg,function-attrs,0.04692429022082019,0.03679041464912517,2536,7.320553341024414,0.006817041988000994,0.03299819088382187,True,True
simplifycfg,deadargelim,0.05273514364423455,0.036772289025445035,2541,18.19980146305405,1.9889956750560506e-05,0.00019644154006354336,True,True
simplifycfg,globaldce,0.050177795337811144,0.03678040270656787,2531,12.76964715835923,0.0003522892822446669,0.0026177700745163486,True,True
simplifycfg,elim-avail-extern,0.05243752560426055,0.036775130304375854,2441,16.833643950199612,4.080346839134806e-05,0.00037289704135477016,True,True
simplifycfg,mergefunc,0.05134281200631911,0.03677677760949722,2532,15.100523867818568,0.00010193499696768631,0.0008584461250009883,True,True
simplifycfg,instcombine,0.07128473620620218,0.036717078487571976,2483,83.40427450160956,6.687723004072262e-20,7.078141428093778e-18,True,True
simplifycfg,tailcallelim,0.05440826052422557,0.036767584337290445,2518,22.026184389198463,2.689561571511552e-06,3.158117875274134e-05,True,True
simplifycfg,reassociate,0.05244479495268139,0.03677328746510336,2536,17.507104475341,2.8623608815889453e-05,0.00027339037103176367,True,True
simplifycfg,memcpyopt,0.05746661270740591,0.036759354062917825,2471,29.784891343737478,4.827394396300279e-08,7.82777492998422e-07,True,True
simplifycfg,sccp,0.05177993527508091,0.03677652487284062,2472,15.642493091960977,7.651571010537037e-05,0.0006643803121344355,True,True
simplifycfg,dce,0.0549717057396928,0.036766828628608056,2474,23.04897746645773,1.5792647871384602e-06,1.9146752032304058e-05,True,True
simplifycfg,adce,0.05104867431737238,0.036777776010706816,2527,14.466256844862405,0.00014269291553980855,0.0011763904363239796,True,True
simplifycfg,dse,0.05467511885895404,0.03676663086322187,2524,22.753965310196037,1.8412382115476695e-06,2.208357989715367e-05,True,True
simplifycfg,jump-threading,0.053691275167785234,0.03676948240616478,2533,20.38792620284275,6.322745449973484e-06,6.964802020280214e-05,True,True
simplifycfg,loop-idiom,0.04686868686868687,0.036791339184684545,2475,7.065511734893187,0.007858186489602936,0.037008608891503425,True,True
simplifycfg,loop-deletion,0.052819698173153296,0.03677247771068419,2518,18.22671708936629,1.96108531833942e-05,0.00019466692285468107,True,True
simplifycfg,gvn,0.06724341329138812,0.0367271139102063,2543,66.56560752622578,3.38439761122121e-16,1.8799008575237247e-14,True,True
simplifycfg,gvn-hoist,0.05377207062600321,0.036770084823929794,2492,20.24949692905194,6.7971333643755e-06,7.445475316054394e-05,True,True
simplifycfg,gvn-sink,0.047939778129952454,0.03678742785279646,2524,8.824133182092982,0.002972725690634973,0.016396047612009232,True,True
simplifycfg,newgvn,0.06598407281001138,0.036727667368560146,2637,63.43689561059922,1.6558730867664752e-15,7.956317800954008e-14,True,True
simplifycfg,early-cse,0.05946601941747573,0.03675328265714796,2472,35.84799981231762,2.1332692547763317e-09,4.3284364775668995e-08,True,True
simplifycfg,mergereturn,0.06188020626735422,0.03674447566699982,2521,44.77208982777841,2.2135553924016807e-11,6.274180674013226e-10,True,True
simplifycfg,globalopt,0.053166536356528536,0.03677060700373872,2558,19.328780456608975,1.1003524039688589e-05,0.00011505954643369964,True,True
simplifycfg,strip-dead-prototypes,0.04995871180842279,0.03678283801900363,2422,11.820533565379431,0.0005858107024373174,0.0040352413557511605,True,True
simplifycfg,mergeicmps,0.052568697729988054,0.03677338614869122,2511,17.61002266328596,2.7115551278804016e-05,0.0002605754571970467,True,True
simplifycfg,separate-const-offset-from-gep,0.047322540473225407,0.036790815384182565,2409,7.511848556629192,0.006129443267012144,0.030287570767974205,True,True
simplifycfg,libcalls-shrinkwrap,0.04720692368214005,0.03678946132164109,2542,7.754249371896516,0.005358630846325081,0.027059185550237286,True,True
simplifycfg,flattencfg,0.05546813532651455,0.036763770357031,2542,24.997801765996986,5.739571489563239e-07,7.555012421220049e-06,True,True
simplifycfg,alignment-from-assumptions,0.055993690851735015,0.036762277132517916,2536,26.364236330185058,2.8272728109300885e-07,3.975439974004391e-06,True,True
simplifycfg,attributor,0.060859188544152745,0.036747831022856836,2514,41.08315732364085,1.4588810165552588e-10,3.6504652145881108e-09,True,True
simplifycfg,inferattrs,0.059873116574147504,0.0367506373650034,2522,37.90223682107437,7.437991246094437e-10,1.636358074140776e-08,True,True
simplifycfg,called-value-propagation,0.05593607305936073,0.03676029765502458,2628,27.159756517637007,1.8731749158094908e-07,2.706772313767515e-06,True,True
simplifycfg,licm,0.04967159277504105,0.036783467928377986,2436,11.375052376646067,0.0007443712606266348,0.004965856655219594,True,True
simplifycfg,loop-simplify,0.050695012264922325,0.03678024817003953,2446,13.313722121751292,0.0002634708258969586,0.0020370222195705626,True,True
simplifycfg,div-rem-pairs,0.05129224652087475,0.036777236110516434,2515,14.894549603398307,0.00011369099210661641,0.0009513118057468159,True,True
simplifycfg,float2int,0.05246295554665599,0.03677397966610924,2497,17.27714501743099,3.230491719268594e-05,0.0003037360281550015,True,True
simplifycfg,inline,0.05073649754500818,0.03678015818844143,2444,13.382481323291097,0.0002539854918830131,0.001969519180621543,True,True
simplifycfg,sink,0.04874213836477988,0.03678465780774792,2544,10.224350956943736,0.001385985057484801,0.008574277227662687,True,True
simplifycfg,slp-vectorizer,0.0477926285945727,0.03678862261018911,2469,8.404305809074618,0.003743333119056444,0.01990345213065178,True,True
simplifycfg,consthoist,0.0505091649694501,0.036780653092679465,2455,13.00723487855277,0.00031028979191441447,0.002350280125990033,True,True
simplifycfg,slsr,0.048273155416012556,0.03678606120366723,2548,9.450546844173722,0.0021108615719871047,0.012291648945578442,True,True
simplifycfg,loop-fusion,0.04876190476190476,0.036783409292509096,2625,10.585956140442422,0.001139499486242709,0.007249845634648982,True,True
simplifycfg,loop-distribute,0.05532953620829943,0.03676610902614338,2458,23.811302972263906,1.0625666680547486e-06,1.342261636162063e-05,True,True
simplifycfg,loop-load-elim,0.04760061919504644,0.036787681405881824,2584,8.491764469356621,0.0035675764724542106,0.019121629269245294,True,True
simplifycfg,loop-sink,0.05271761340416837,0.036774176975497334,2447,17.485926430967464,2.894423749163858e-05,0.0002754450401391414,True,True
simplifycfg,loop-unroll-and-jam,0.04756195043964828,0.03678888443056928,2502,8.162581606769193,0.0042763457041975735,0.022283659052079435,True,True
simplifycfg,hotcoldsplit,0.05301497369486038,0.03677281006606897,2471,18.324771448922935,1.8626931258782637e-05,0.00018584219824049122,True,True
simplifycfg,nary-reassociate,0.05233219567690557,0.03677171414133875,2637,17.945107123644444,2.2736814649817928e-05,0.00022155870678813966,True,True
simplifycfg,vector-combine,0.04914703493095045,0.036784637817313524,2462,10.577335231264648,0.0011448256163492313,0.007277819989648685,True,True
simplifycfg,globalsplit,0.05345033905065816,0.0367707595514305,2507,19.605750067003008,9.518231002934926e-06,0.0001015623776770931,True,True
simplifycfg,lowerswitch,0.052436003303055326,0.036775498820835494,2422,16.6989715439622,4.380473936720079e-05,0.0003984654108291714,True,True
simplifycfg,early-cse-memssa,0.05692307692307692,0.036757814889582185,2600,29.716017669731436,5.00198078246854e-08,8.094114357085456e-07,True,True
simplifycfg,simple-loop-unswitch,0.04665875840253064,0.03679132295353312,2529,6.921570736914915,0.008516214076339257,0.0394338877918269,True,True
simplifycfg,loop-reroll,0.04696356275303644,0.036791114155697996,2470,7.184996336176048,0.007351570256272931,0.03515109783097045,True,True
simplifycfg,loop-simplifycfg,0.052525252525252523,0.03677421327869354,2475,17.261143537015666,3.2578122474955035e-05,0.00030557108410041655,True,True
simplifycfg,loop-predication,0.05151395988989382,0.03677604914075852,2543,15.525943827627234,8.138064622986415e-05,0.000699641296676505,True,True
simplifycfg,speculative-execution,0.05187207488299532,0.03677454715397621,2564,16.427003178464066,5.055982307062372e-05,0.00045255375347328573,True,True
simplifycfg,partially-inline-libcalls,0.05290791599353797,0.03677303498337562,2476,18.119974262822716,2.074142234023369e-05,0.00020356744331918582,True,True
simplifycfg,load-store-vectorizer,0.050505050505050504,0.036780329673690326,2475,13.1056382334613,0.000294408356569015,0.0022386468433480827,True,True
simplifycfg,iroutliner,0.04988028731045491,0.0367817244973356,2506,12.086145682207542,0.0005079787719765135,0.003569268723876792,True,True
simplifycfg,global-merge,0.057337610264635124,0.036759165019279325,2494,29.688442037221726,5.073642537799227e-08,8.193148114648153e-07,True,True
tailcallelim,mem2reg,0.05620703598867772,0.03676311382460913,2473,26.28263235476352,2.9492901393628637e-07,4.124792923480348e-06,True,True
tailcallelim,sroa,0.07379929714955095,0.036705901351743175,2561,99.04510303207925,2.4681606172266804e-23,4.777139917958341e-21,True,True
tailcallelim,instcombine,0.054684512428298276,0.036764606923721604,2615,23.60177543546905,1.1847815001624178e-06,1.484673393483529e-05,True,True
tailcallelim,simplifycfg,0.04800936768149883,0.03678669126534767,2562,9.069883707582937,0.0025985359467299647,0.014736954044018164,True,True
tailcallelim,reassociate,0.04864207539521686,0.03678608607151464,2467,9.7482112522351,0.0017949729153595576,0.010698803556389691,True,True
tailcallelim,loop-deletion,0.04820229158435401,0.03678651952058858,2531,9.27147655256308,0.0023274999327815927,0.013383979055466544,True,True
tailcallelim,gvn,0.04732107938991005,0.03678891304427613,2557,7.972573197097344,0.004749138089820903,0.02439053757037578,True,True
tailcallelim,newgvn,0.05748031496062992,0.03675756352381302,2540,30.65984480473923,3.0746260389478395e-08,5.080268172371198e-07,True,True
tailcallelim,early-cse-memssa,0.05635445005829771,0.03676027096431635,2573,27.766286419944635,1.3689092521006417e-07,2.0190766972603063e-06,True,True
tailcallelim,loop-reroll,0.049900990099009904,0.03678135608771447,2525,12.216707953709523,0.00047363431210313247,0.0033784188819596843,True,True
reassociate,mem2reg,0.07265625,0.03670952666413829,2560,92.97996049124896,5.282652581161369e-22,7.956487503010738e-20,True,True
reassociate,sroa,0.0692989524576954,0.03672315001932797,2482,74.03962947945155,7.65644164641387e-18,5.451386452246676e-16,True,True
reassociate,constmerge,0.04704510108864697,0.0367895881709564,2572,7.603440190733925,0.005825703951476876,0.029098796778040115,True,True
reassociate,instcombine,0.04862745098039216,0.03678492781991681,2550,10.052284067761674,0.0015215917155279683,0.009230911166549224,True,True
reassociate,simplifycfg,0.05120126033871603,0.03677709255197202,2539,14.848622402459755,0.00011649312343777032,0.0009737184020967098,True,True
reassociate,jump-threading,0.049979846835953246,0.036781822919278895,2481,12.148351022241409,0.0004913128465540017,0.003472890085027926,True,True
reassociate,gvn,0.05062274005624749,0.03677973628099689,2489,13.40769330179338,0.0002505943862337409,0.0019490121479470294,True,True
reassociate,newgvn,0.05043050430504305,0.03678115646150327,2439,12.774110305425058,0.00035144973382640225,0.0026177700745163486,True,True
reassociate,sink,0.047136735488897546,0.036789363125976436,2567,7.7252595421959445,0.005445353146281471,0.027391140553420994,True,True
reassociate,loop-distribute,0.048034934497816595,0.03678720283424534,2519,8.957990931986059,0.0027625852999252362,0.015476801193858691,True,True
reassociate,early-cse-memssa,0.06009615384615385,0.03675069178204523,2496,38.23968499232338,6.256693867243743e-10,1.4040809847636963e-08,True,True
memcpyopt,mem2reg,0.07210159770585825,0.036716415354448695,2441,85.92205420278786,1.8716966831898237e-20,2.1557541798151028e-18,True,True
memcpyopt,sroa,0.06326611308817714,0.03673994184147459,2529,50.02017555705185,1.5217324235465734e-12,5.0287798908087604e-11,True,True
memcpyopt,instsimplify,0.0499001996007984,0.036781679501373184,2505,12.118180459023693,0.0004993260160652014,0.003520001222162608,True,True
memcpyopt,instcombine,0.0550098231827112,0.03676512866938666,2545,23.81221099600493,1.062065533648028e-06,1.342261636162063e-05,True,True
memcpyopt,simplifycfg,0.052653061224489796,0.036774311926605505,2450,17.365523617704685,3.08369162857528e-05,0.0002916844545290047,True,True
memcpyopt,dse,0.04846839860411012,0.036785009499970024,2579,9.89486109927009,0.001657409607236118,0.009977580356551326,True,True
memcpyopt,gvn,0.055716054477919934,0.036765758195142176,2423,24.461832118923702,7.579658764524309e-07,9.796021030322507e-06,True,True
memcpyopt,gvn-sink,0.047092547092547093,0.03679107727386154,2442,7.285133478857927,0.0069527564689293424,0.03358029715060767,True,True
memcpyopt,newgvn,0.05004035512510089,0.03678168793548892,2478,12.245467794744311,0.00046638959474354,0.003329775119445219,True,True
memcpyopt,early-cse,0.050700741962077495,0.03678057157954996,2426,13.21544718040317,0.0002776512459325843,0.002131926037396079,True,True
memcpyopt,mergereturn,0.04838709677419355,0.03678579118383965,2542,9.616778584150056,0.0019280764172429714,0.011405358383570206,True,True
memcpyopt,flattencfg,0.049437299035369774,0.036783361183761444,2488,11.198782173145641,0.0008185103289646531,0.005432688895297596,True,True
memcpyopt,attributor,0.047987616099071206,0.03678645796375186,2584,9.112475807251359,0.002538720313859192,0.014460550907741957,True,True
memcpyopt,slp-vectorizer,0.046418567426970786,0.03679241936213914,2499,6.509303392922684,0.010731153871875967,0.04715482109245535,True,True
memcpyopt,callsite-splitting,0.04693140794223827,0.03679092600589389,2493,7.206192190350713,0.007265247175952473,0.03478081655382626,True,True
memcpyopt,early-cse-memssa,0.055900621118012424,0.03676162931534402,2576,26.52199837426827,2.6055410652148214e-07,3.690162318763559e-06,True,True
sccp,mem2reg,0.06736353077816493,0.03672524092604668,2583,68.15096353300495,1.5144545291847787e-16,8.851647666100886e-15,True,True
sccp,sroa,0.0710295291300878,0.03671688825167228,2506,82.93709518759384,8.470655341440824e-20,8.845623017888604e-18,True,True
sccp,instsimplify,0.047410358565737054,0.03678924447054218,2510,7.959232820544182,0.0047842688730500935,0.024506470774184653,True,True
sccp,instcombine,0.05426356589147287,0.0367667029619389,2580,22.200371007693235,2.456263279529716e-06,2.897206928505533e-05,True,True
sccp,simplifycfg,0.05114988104678826,0.036777551050367736,2522,14.643685943016022,0.00012986897946248648,0.0010797599226647495,True,True
sccp,memcpyopt,0.04712871287128713,0.03678991956448604,2525,7.5866571449777815,0.005880188502544823,0.02931485445698985,True,True
sccp,gvn,0.0516,0.03677656125756927,2500,15.441894690245528,8.508104916139977e-05,0.0007290533665558895,True,True
sccp,rpo-function-attrs,0.05002050020500205,0.036782379686634184,2439,12.01598894006114,0.0005274609329618314,0.003695057269192364,True,True
sccp,attributor,0.048132460531382364,0.03678581959080104,2597,9.397615849164175,0.0021726778909672106,0.012604750549670514,True,True
sccp,inline,0.04644700277888051,0.03679209621362537,2519,6.600500606686919,0.010195009956620505,0.045379681374975396,True,True
sccp,loop-fusion,0.04739522130826479,0.036788733014679526,2553,8.072880832209817,0.004493262416215245,0.023274623838490608,True,True
sccp,irce,0.046700115785411035,0.03679044336699051,2591,7.151552188505744,0.007489913731249301,0.03565633932247048,True,True
sccp,early-cse-memssa,0.0505307855626327,0.036782269950281006,2355,12.515327371114827,0.000403627058905732,0.002943395833658932,True,True
sccp,loop-flatten,0.046977124183006536,0.03679134729945615,2448,7.139865135990198,0.0075388828529932275,0.035849745297293845,True,True
dce,mem2reg,0.0584542958022754,0.036754298074017526,2549,33.73850468560846,6.304045956457577e-09,1.1783600938180368e-07,True,True
dce,sroa,0.059126984126984125,0.036752994140171025,2520,35.460058317893925,2.603345554250117e-09,5.214680915827857e-08,True,True
dce,function-attrs,0.047810365608678185,0.036788299380643236,2489,8.500009767992644,0.003551445741986827,0.01905131715838413,True,True
dce,mergefunc,0.046484375,0.036791494880045024,2560,6.760462716369228,0.009319959036790827,0.04236443364837246,True,True
dce,instcombine,0.05486583900680817,0.03676663979458146,2497,22.993310724748913,1.625660708955611e-06,1.964841770453757e-05,True,True
dce,simplifycfg,0.04683746997598078,0.03679115104006107,2498,7.087124646140298,0.007763971603969375,0.03667516622574677,True,True
dce,gvn-hoist,0.046520874751491054,0.0367919161768214,2515,6.691529242518507,0.009687207319564066,0.04355350615776451,True,True
dce,newgvn,0.046706586826347304,0.03679146609251999,2505,6.922512349921382,0.008511731133551035,0.0394338877918269,True,True
dce,separate-const-offset-from-gep,0.049367605059159526,0.036784142855220615,2451,10.910189472196203,0.0009563674318604713,0.006215991474133785,True,True
dce,attributor,0.05596107055961071,0.03676402229279105,2466,25.547164280941274,4.317000480626322e-07,5.779615002438522e-06,True,True
dce,loop-unroll-and-jam,0.04660347551342812,0.03679145798110636,2532,6.8521361365504045,0.00885353547066738,0.04066914358138822,True,True
dce,early-cse-memssa,0.04775510204081632,0.036788990825688074,2450,8.282483728105273,0.004002933694496964,0.02105505486588329,True,True
dce,loop-flatten,0.048712871287128715,0.036785026149188,2525,10.097985338852377,0.0014843150707739268,0.009075062946371112,True,True
dce,iroutliner,0.04663422546634226,0.03679215740002251,2466,6.715007708085427,0.00956048777054807,0.043093777601462144,True,True
adce,mem2reg,0.06724067240672407,0.036731004231135726,2439,63.82367792347927,1.3606829467217667e-15,6.78781454695852e-14,True,True
adce,sroa,0.0563657863618447,0.03676109873466656,2537,27.408376711125776,1.647161955833921e-07,2.397875917860831e-06,True,True
adce,instcombine,0.05499219968798752,0.036764759856420345,2564,23.944072340254827,9.917517646336877e-07,1.2609415293199744e-05,True,True
adce,simplifycfg,0.05020408163265306,0.036781651376146786,2450,12.408452177980944,0.00042739496960323813,0.0030936759722112396,True,True
adce,gvn,0.0537156704361874,0.03677058842238408,2476,19.985425215389647,7.803470070702669e-06,8.429900357757697e-05,True,True
adce,newgvn,0.04642857142857143,0.03679214122310167,2520,6.57786456380759,0.010325469293300995,0.04578139300817099,True,True
adce,early-cse,0.049800796812749,0.03678190448228616,2510,11.958566720054527,0.0005439669834238614,0.00378025680051081,True,True
adce,attributor,0.054582484725050916,0.036768420601960866,2455,21.901006676714378,2.8708328370825172e-06,3.355875041795563e-05,True,True
adce,inline,0.048425196850393704,0.03678570117811135,2540,9.672604779377162,0.0018703594888979929,0.011119022330584514,True,True
adce,slp-vectorizer,0.04890257989988448,0.03678337266762342,2597,10.720905986916332,0.001059317912551133,0.006817237379704579,True,True
adce,nary-reassociate,0.04763749031758327,0.036787591390903485,2582,8.543320665138161,0.003467923960399356,0.018655757653798833,True,True
adce,early-cse-memssa,0.052486187845303865,0.036773197490629,2534,17.586073591079064,2.7459189788156056e-05,0.0002632317924367665,True,True
dse,bdce,0.04703557312252964,0.03679014460130655,2530,7.464960081040628,0.006291142639328247,0.030949892682926403,True,True
dse,ipsccp,0.0512,0.03677778457398006,2500,14.617281715505282,0.00013170124587171464,0.0010915176271611314,True,True
dse,mem2reg,0.07635467980295567,0.03670395858664194,2436,107.66539018107856,3.1821120692143056e-25,7.552212644268618e-23,True,True
dse,sroa,0.06758893280632411,0.03672652981331506,2530,67.73711722995743,1.868134425321676e-16,1.0837947273421752e-14,True,True
dse,instsimplify,0.050978792822185974,0.03677929487289266,2452,13.898073268039637,0.00019299621148407455,0.0015423942125951755,True,True
dse,deadargelim,0.04720496894409938,0.036791085396955484,2415,7.362925004350457,0.006658239067774505,0.0324097752509695,True,True
dse,instcombine,0.06685461135722916,0.03673053468825041,2483,63.33968386194395,1.7396407133179254e-15,8.307845162625604e-14,True,True
dse,simplifycfg,0.0583266291230893,0.03675635868980163,2486,32.514897845337664,1.1828232329978011e-08,2.077101246824838e-07,True,True
dse,tailcallelim,0.05325686194182712,0.03677268384812889,2441,18.646459034526544,1.5733921821731744e-05,0.00015982889196861612,True,True
dse,sccp,0.049939098660170524,0.03678223629244257,2463,11.985368288512355,0.0005361989397340675,0.0037362189466167406,True,True
dse,loop-idiom,0.0489344909234412,0.036784207796275094,2534,10.515356338673287,0.0011838660045613589,0.007483485510673578,True,True
dse,gvn,0.04819277108433735,0.03678596290328698,2573,9.410049969236558,0.002157993458303599,0.012528839707512075,True,True
dse,newgvn,0.055710306406685235,0.03676368943417046,2513,25.357800717998465,4.762226731888437e-07,6.3109576589086696e-06,True,True
dse,early-cse,0.04679306171843485,0.03679151920985576,2479,6.97082701232152,0.008284919778725808,0.03860053046221328,True,True
dse,flattencfg,0.04767628205128205,0.03678861440521424,2496,8.317236835279619,0.003927061338042933,0.0207255690023937,True,True
dse,lower-expect,0.049062624650977264,0.0367842161471809,2507,10.624229003620984,0.0011161549501582737,0.007136102505828245,True,True
dse,attributor,0.05673192169396724,0.03676079305447326,2503,28.062549579073327,1.1745695459313646e-07,1.7623043455429977e-06,True,True
dse,inferattrs,0.04880905896134322,0.03678419944481758,2561,10.408780339053912,0.0012541755101716963,0.007870755284987761,True,True
dse,called-value-propagation,0.04698512137823023,0.03679000141914078,2554,7.461730081710961,0.006302440624657999,0.03098601065431353,True,True
dse,slp-vectorizer,0.046628131021194605,0.03679062341332714,2595,7.058618366679352,0.007888481285703054,0.03702509637034292,True,True
dse,callsite-splitting,0.051969143321153065,0.036776119987229156,2463,15.982147339398526,6.39426315987582e-05,0.0005639624895061647,True,True
dse,dfa-jump-threading,0.04809619238476954,0.03678734609244545,2495,8.96958728746557,0.002745105982722461,0.015400909782723722,True,True
dse,consthoist,0.05175819834057685,0.036775509255351294,2531,15.970476036768744,6.43380709005269e-05,0.0005661750239246366,True,True
dse,loop-load-elim,0.050157977883096366,0.03678044770239951,2532,12.736826433144161,0.00035852553302084984,0.002654037783194042,True,True
dse,loop-sink,0.04890453834115806,0.03678397443582899,2556,10.554542181900759,0.001159029165337497,0.0073621382181048465,True,True
dse,loop-unroll-and-jam,0.04666393778141629,0.03679234550896812,2443,6.69253759084144,0.009681729786482495,0.04355350615776451,True,True
dse,hotcoldsplit,0.05252188411838266,0.03677568738830972,2399,16.722372826995592,4.3267733270571484e-05,0.00039403824066873937,True,True
dse,always-inline,0.047404985696771554,0.036790079057813854,2447,7.750989266787635,0.005368312679745358,0.027090608832323226,True,True
dse,early-cse-memssa,0.05690072639225181,0.036760892116182574,2478,28.254487024625828,1.0636777460957375e-07,1.605149153645822e-06,True,True
dse,loop-flatten,0.048057669203043656,0.03678743609724351,2497,8.915559145591185,0.002827512279556847,0.015728037055034963,True,True
dse,loop-predication,0.046740467404674045,0.03679216548768151,2439,6.7858580856431425,0.009188285107956558,0.04191185146506451,True,True
dse,speculative-execution,0.04694280078895464,0.03679036964088009,2535,7.344498152242277,0.006726830801309246,0.03264221737041761,True,True
dse,load-store-vectorizer,0.04641015470051567,0.036792186232688096,2521,6.555276852279726,0.010457356735543197,0.04619403155824835,True,True
dse,iroutliner,0.053578412201798986,0.03676933861679755,2557,20.3072283564187,6.595095813996586e-06,7.244430633270863e-05,True,True
dse,global-merge,0.04852405984634048,0.036786356068733435,2473,9.577836135772538,0.001969403839423688,0.011632255558345643,True,True
jump-threading,bdce,0.04857030943987466,0.036785062827487745,2553,9.966958669284942,0.0015937453821046595,0.009623911975823973,True,True
jump-threading,ipsccp,0.048154093097913325,0.03678721108607415,2492,9.051022488842278,0.0026254794765179987,0.014846754700425246,True,True
jump-threading,correlated-propagation,0.05073325406262386,0.03677881939304672,2523,13.809952225313017,0.00020226199196789698,0.0016082395137995624,True,True
jump-threading,mem2reg,0.07631785995279308,0.03669893125587222,2542,112.15569721685733,3.303236580064676e-26,8.921016860367773e-24,True,True
jump-threading,sroa,0.06945540647198106,0.036720592696986604,2534,76.325726637451,2.405298368063538e-18,1.846891844968003e-16,True,True
jump-threading,instsimplify,0.05220558478348847,0.036775256612096456,2471,16.538690855180555,4.7667423045527784e-05,0.0004296101925115922,True,True
jump-threading,function-attrs,0.04961366409109394,0.036783279571273565,2459,11.379477111567155,0.0007426001860490218,0.004958264839843085,True,True
jump-threading,deadargelim,0.05006055712555511,0.03678164294111243,2477,12.277954116449903,0.00045834055606433223,0.0032872923398313647,True,True
jump-threading,globaldce,0.048937023666265546,0.036784809476217095,2493,10.349026055834221,0.0012954301593373248,0.008103175770288875,True,True
jump-threading,elim-avail-extern,0.050861033239887866,0.03677887291379443,2497,13.919426971891355,0.00019081601865667065,0.0015265281492533652,True,True
jump-threading,instcombine,0.06274509803921569,0.03674088573525813,2550,48.46895690701089,3.3555884221607483e-12,1.0597164726759267e-10,True,True
jump-threading,simplifycfg,0.050226430629888845,0.03678192976082571,2429,12.34290120435483,0.0004426665382047545,0.0031894796018579917,True,True
jump-threading,tailcallelim,0.04916700528240553,0.036784592820209204,2461,10.607316259071057,0.0011264106236500361,0.007172396751566734,True,True
jump-threading,reassociate,0.04748713889988128,0.036788786222066175,2527,8.1299405527125,0.0043540174705762385,0.022658249056181464,True,True
jump-threading,memcpyopt,0.05735056542810985,0.036759578897922134,2476,29.510757104855323,5.560721448945226e-08,8.851945200841263e-07,True,True
jump-threading,sccp,0.04982483456597898,0.036780889205890524,2569,12.28593003912919,0.00045638591065803326,0.0032822905897830273,True,True
jump-threading,dce,0.04798698657991053,0.036788172591502535,2459,8.669359738454036,0.003236048677201478,0.017612740263962458,True,True
jump-threading,dse,0.06140350877192982,0.036746337966485694,2508,42.86199890287258,5.874068768451646e-11,1.5490136900509526e-09,True,True
jump-threading,gvn,0.04893203883495146,0.03678360605597186,2575,10.681704198221334,0.0010820033487581276,0.0069461067438308655,True,True
jump-threading,newgvn,0.06688417618270799,0.03673158833416106,2452,62.66972674538562,2.444442749828976e-15,1.1328328767254757e-13,True,True
jump-threading,early-cse,0.04657873042044518,0.03679280363634584,2426,6.531255679177782,0.010599510497286926,0.04674288638217974,True,True
jump-threading,indvars,0.05164878823996821,0.036776102750928824,2517,15.650046184076718,7.621072020850249e-05,0.0006632026229699906,True,True
jump-threading,mergeicmps,0.04675118858954041,0.03679109790978021,2524,7.038268590940353,0.00797861256726667,0.037328849239445974,True,True
jump-threading,separate-const-offset-from-gep,0.050061050061050064,0.03678196632876367,2457,12.179427410631648,0.0004831947432851517,0.0034341027490102614,True,True
jump-threading,flattencfg,0.04863582443653618,0.036785206154478535,2529,9.983391270930111,0.0015795849693480502,0.00954576348760334,True,True
jump-threading,partial-inliner,0.0489344909234412,0.036784207796275094,2534,10.515356338673287,0.0011838660045613589,0.007483485510673578,True,True
jump-threading,alignment-from-assumptions,0.04937791601866252,0.036782247625945404,2572,11.469323406373876,0.0007075443534036337,0.00477714428953212,True,True
jump-threading,rpo-function-attrs,0.04669568658488326,0.036791232935701586,2527,6.968103562132916,0.008297538915859003,0.038613383713017056,True,True
jump-threading,attributor,0.06498621504529342,0.036734274434770266,2539,56.96409491878265,4.438417744133847e-14,1.810504571461265e-12,True,True
jump-threading,inferattrs,0.04783319705641864,0.03678881081927428,2446,8.387469708789599,0.003778164928672899,0.020070010968265013,True,True
jump-threading,called-value-propagation,0.048828900357284634,0.03678475614455532,2519,10.271470394131683,0.0013510308663133837,0.008384527531669113,True,True
jump-threading,loop-simplify,0.053465346534653464,0.03677034590329388,2525,19.78261192688716,8.676845185692502e-06,9.321954937495701e-05,True,True
jump-threading,float2int,0.04744958481613286,0.03678887623391129,2529,8.079197358496248,0.004477627347530758,0.02323974644523585,True,True
jump-threading,inline,0.04998000799680128,0.0367814995186244,2501,12.246881723747121,0.00046603631853409734,0.003329775119445219,True,True
jump-threading,sink,0.0496031746031746,0.036782354452369014,2520,11.643517030081204,0.0006442667545664462,0.004395380855195476,True,True
jump-threading,slp-vectorizer,0.047804119704624955,0.03678718632895225,2573,8.777788227940196,0.003049207023506009,0.01675886976006952,True,True
jump-threading,callsite-splitting,0.0500600720865038,0.036781319537637025,2497,12.376485676923227,0.0004347747131845989,0.0031412874111271024,True,True
jump-threading,dfa-jump-threading,0.047432379459035674,0.036788643000541965,2551,8.123332683857921,0.004369915364529548,0.022725881231736668,True,True
jump-threading,mldst-motion,0.047063253012048195,0.03678847513868938,2656,7.8804808579789425,0.0049971191441253865,0.025511811357860372,True,True
jump-threading,loop-fusion,0.04634239754883186,0.036791343616296296,2611,6.694422872215342,0.009671497103784687,0.04353285363036878,True,True
jump-threading,loop-distribute,0.04979253112033195,0.0367835212955941,2410,11.466106997856352,0.0007087699855966299,0.004781297611707842,True,True
jump-threading,irce,0.051449571253572884,0.03677793666307442,2449,14.819567704372455,0.00011830161912349827,0.0009867287337329484,True,True
jump-threading,nary-reassociate,0.05238282788499409,0.03677342242764044,2539,17.38911002830449,3.0456598190828043e-05,0.00028878459688930414,True,True
jump-threading,scalarizer,0.05277777777777778,0.03677256768163635,2520,18.1457668111868,2.0462379039607862e-05,0.00020108074358620928,True,True
jump-threading,vector-combine,0.049639711769415534,0.036782587846136534,2498,11.607636728856463,0.0006568156037950301,0.004457694808425196,True,True
jump-threading,always-inline,0.04716981132075472,0.036789551336789794,2544,7.705003559837722,0.005506796457084772,0.027682432510839496,True,True
jump-threading,globalsplit,0.05096040768326147,0.0367776324659071,2551,14.423426767845427,0.00014597503624551062,0.00119966052872491,True,True
jump-threading,lowerswitch,0.04663422546634226,0.03679215740002251,2466,6.715007708085427,0.00956048777054807,0.043093777601462144,True,True
jump-threading,early-cse-memssa,0.059567523459812324,0.03675356177805722,2451,35.86190951271762,2.118093520988418e-09,4.320028243849294e-08,True,True
jump-threading,simple-loop-unswitch,0.04721030042918455,0.03678918309197479,2563,7.823594951046286,0.005156852005738523,0.026192259992830164,True,True
jump-threading,loop-versioning,0.05427892234548336,0.03676785421554979,2524,21.75527246603759,3.097374674637924e-06,3.5938723632243286e-05,True,True
jump-threading,speculative-execution,0.05033003300330033,0.036781704802049106,2424,12.50855262046845,0.0004050933089902956,0.002951054089217676,True,True
jump-threading,iroutliner,0.04931285367825384,0.03678395451364933,2474,10.916966759085035,0.0009528749896412026,0.006198435979127823,True,True
jump-threading,global-merge,0.050534100246507806,0.036780931504704496,2434,12.942668616014611,0.0003211768356242225,0.0024210365511154095,True,True
loop-idiom,mem2reg,0.057699656094764996,0.03675490895387804,2617,32.266692733251745,1.3439749053357083e-08,2.3391136574642815e-07,True,True
loop-idiom,sroa,0.0682090147586757,0.03672549645663367,2507,69.85215110520666,6.392035399300838e-17,4.004993699785933e-15,True,True
loop-idiom,instcombine,0.050365556458164096,0.036780968038674575,2462,12.77214552370411,0.00035181907377105406,0.0026177700745163486,True,True
loop-idiom,reassociate,0.04640188753440818,0.036791953090687994,2543,6.601262704559385,0.01019064724400188,0.045379681374975396,True,True
loop-idiom,dse,0.049540551338393926,0.03678281283067893,2503,11.451682536456403,0.0007142929475331977,0.004814408231566269,True,True
loop-idiom,jump-threading,0.05707584050039093,0.036758372971597474,2558,29.68052134808156,5.0944158288032356e-08,8.209766413824473e-07,True,True
loop-idiom,gvn,0.0492379835873388,0.03678288603618097,2559,11.158244095186294,0.0008365906799289418,0.005529264308188585,True,True
loop-idiom,newgvn,0.05143540669856459,0.03677692117605898,2508,15.148308407423055,9.938731766701638e-05,0.0008396995382611352,True,True
loop-idiom,separate-const-offset-from-gep,0.04663422546634226,0.03679215740002251,2466,6.715007708085427,0.00956048777054807,0.043093777601462144,True,True
loop-idiom,mldst-motion,0.0465587044534413,0.03679233742721535,2470,6.62279977974266,0.010068143918801816,0.044879739995478556,True,True
loop-idiom,loop-load-elim,0.04773561811505508,0.03678903582756676,2451,8.25636885705979,0.00406092743544124,0.021317147234836322,True,True
loop-idiom,early-cse-memssa,0.05160778086542279,0.03677619273064026,2519,15.576003583995671,7.925406534906814e-05,0.0006843636602137836,True,True
loop-deletion,mem2reg,0.06615678776290632,0.03672790226773599,2615,63.6532926678401,1.4836080341702515e-15,7.307935926805917e-14,True,True
loop-deletion,sroa,0.06593851132686084,0.036733710264985724,2472,59.269941442710056,1.3746027187696743e-14,5.882999176723546e-13,True,True
loop-deletion,instcombine,0.05825242718446602,0.03675424376816027,2575,33.450573263767645,7.309822817748981e-09,1.3379417943555633e-07,True,True
loop-deletion,jump-threading,0.04752233956133225,0.0367895308554988,2462,7.97255761017434,0.004749178982995795,0.02439053757037578,True,True
loop-deletion,gvn,0.051115618661257606,0.03677865648910989,2465,14.243359908777743,0.00016062652677964817,0.001309081121475759,True,True
loop-deletion,newgvn,0.051807228915662654,0.03677611136936364,2490,15.814295649574735,6.987258899865559e-05,0.0006121276476929201,True,True
loop-deletion,early-cse,0.05452342487883683,0.03676814186139253,2476,21.94225415607088,2.809786734970254e-06,3.2894244705959686e-05,True,True
loop-deletion,attributor,0.05423594615993666,0.036767944175849984,2526,21.665496675870955,3.2457717991669407e-06,3.7549312749003665e-05,True,True
loop-deletion,early-cse-memssa,0.055150040551500405,0.036766468823854655,2466,23.427911508018216,1.2968321136573534e-06,1.6121887482800625e-05,True,True
loop-deletion,loop-simplifycfg,0.04734411085450346,0.03678831152306473,2598,8.136394190619976,0.004338547474832136,0.022592755201386497,True,True
gvn,bdce,0.0489344909234412,0.036784207796275094,2534,10.515356338673287,0.0011838660045613589,0.007483485510673578,True,True
gvn,ipsccp,0.059976009596161534,0.03675091657094204,2501,37.92195656860239,7.36318856328005e-10,1.6244645866932213e-08,True,True
gvn,correlated-propagation,0.05092402464065708,0.03677975327669829,2435,13.694850914737438,0.0002150432794495936,0.0017012312774234515,True,True
gvn,mem2reg,0.07432703897147448,0.036707561583977706,2489,99.01908488316118,2.500801029574719e-23,4.777139917958341e-21,True,True
gvn,sroa,0.07829888712241653,0.03669409395743265,2516,122.41975964433988,1.8681999544097634e-28,6.650791837698757e-26,True,True
gvn,instsimplify,0.05318732890105592,0.03677056201851496,2557,19.37038970721722,1.0766351817836062e-05,0.00011288094703787422,True,True
gvn,constmerge,0.04949290060851927,0.03678354954525159,2465,11.192959232581291,0.0008210829228743898,0.005440542683546718,True,True
gvn,globaldce,0.05011838989739542,0.036780537694393066,2534,12.671353292011975,0.00037130068889753214,0.00272832384090524,True,True
gvn,mergefunc,0.055400557991231565,0.03676473286757087,2509,24.49377839640145,7.455017677271598e-07,9.65085924766796e-06,True,True
gvn,instcombine,0.0795593635250918,0.03669362286681696,2451,126.60552517338331,2.2662519486650595e-29,1.1832856841296498e-26,True,True
gvn,simplifycfg,0.07140070230198986,0.03671333162871443,2563,86.68032849329863,1.2755932286449149e-20,1.49111136817119e-18,True,True
gvn,tailcallelim,0.05485232067510549,0.03676424707864385,2607,23.973501198845153,9.76707502407284e-07,1.2438330339599752e-05,True,True
gvn,reassociate,0.057489245209229566,0.03675710459962344,2557,30.892381327888742,2.7274037632509524e-08,4.535249739656361e-07,True,True
gvn,memcpyopt,0.05405405405405406,0.03677028237032543,2442,20.507662703016543,5.939300602350456e-06,6.588753869349685e-05,True,True
gvn,sccp,0.05258833196384552,0.036774815416456684,2434,17.110992594869384,3.5257645494856356e-05,0.0003283446843230856,True,True
gvn,adce,0.052125100240577385,0.03677506801589321,2494,16.518890394453592,4.8167786462526994e-05,0.00043312296621643106,True,True
gvn,dse,0.07586477987421383,0.03670024443177564,2544,109.6837627287188,1.1493951398753023e-25,2.903891205001087e-23,True,True
gvn,jump-threading,0.06386292834890965,0.03673680115294929,2568,53.11254722828284,3.149740606401883e-13,1.1473845781088162e-11,True,True
gvn,loop-idiom,0.0498603909054647,0.036781769493408105,2507,12.054166986820261,0.0005167673518203234,0.0036233857649568247,True,True
gvn,loop-deletion,0.05070422535211268,0.03677955631127938,2485,13.544618506447167,0.0002329584232353957,0.0018300204320758466,True,True
gvn,gvn-hoist,0.04952015355086373,0.03678128574836819,2605,11.881636259053609,0.0005669011575086486,0.003929176872219235,True,True
gvn,gvn-sink,0.051360674587964734,0.036775348355215266,2609,15.599515590410398,7.827463902239627e-05,0.0006781764624360334,True,True
gvn,newgvn,0.05617088607594937,0.03676191734501885,2528,26.768853192516,2.2930359428658384e-07,3.2712308751412106e-06,True,True
gvn,early-cse,0.046754250386398764,0.03679030833339451,2588,7.221751742401452,0.00720253855016237,0.0345651237284753,True,True
gvn,mergereturn,0.05557684936757378,0.03676189008015015,2609,25.9588460760464,3.4877357956074463e-07,4.800693629384451e-06,True,True
gvn,globalopt,0.05198897203623474,0.036774645802417634,2539,16.520001444306,4.8139570571039086e-05,0.00043312296621643106,True,True
gvn,strip-dead-prototypes,0.04739147749900438,0.0367892894760343,2511,7.934042528357135,0.004851329073696037,0.024817510976608333,True,True
gvn,indvars,0.04908220271348763,0.036784171148115344,2506,10.653976573040453,0.0010983450249633436,0.007039474824478647,True,True
gvn,separate-const-offset-from-gep,0.04853985793212313,0.0367854311635691,2534,9.841337086996669,0.0017063342283416924,0.01021713278010102,True,True
gvn,libcalls-shrinkwrap,0.055288461538461536,0.03676537150714291,2496,24.073333536773944,9.273567033320416e-07,1.1848381240614274e-05,True,True
gvn,flattencfg,0.048663741523733546,0.0367854394740673,2507,9.94310431977244,0.0016145304702969508,0.009734413120373916,True,True
gvn,loop-rotate,0.04983922829581994,0.03678213788530843,2488,11.923732532496087,0.0005542332257390381,0.0038447782320532747,True,True
gvn,partial-inliner,0.055177928828468614,0.036765596385829574,2501,23.83380750776227,1.050216117984573e-06,1.3309535009798019e-05,True,True
gvn,lower-expect,0.0473746545598105,0.036789056258922925,2533,7.9783140583524785,0.004734100982256697,0.02434502882011454,True,True
gvn,alignment-from-assumptions,0.05616653574234093,0.03676150349154152,2546,26.94792619193444,2.0901128684220687e-07,2.9871832090294966e-06,True,True
gvn,rpo-function-attrs,0.059911540008041816,0.03675151046591711,2487,37.499334604286936,9.144417492224789e-10,1.9729773498375908e-08,True,True
gvn,attributor,0.07635372029606545,0.036697606874623034,2567,113.46795277071776,1.7041349531158535e-26,4.7667089117154874e-24,True,True
gvn,inferattrs,0.05689725747032337,0.03676176473106652,2443,27.844596194371377,1.3146072146975778e-07,1.9426422085870625e-06,True,True
gvn,called-value-propagation,0.05812574139976275,0.03675584551901652,2529,32.463914509073625,1.2142641377717774e-08,2.1271261256655816e-07,True,True
gvn,div-rem-pairs,0.05798252581413821,0.036756574247154505,2518,31.889165333686883,1.6322507412066995e-08,2.797327747293407e-07,True,True
gvn,float2int,0.04950495049504951,0.03678415120742337,2424,11.027179474382212,0.00089785653954382,0.00588452921983866,True,True
gvn,inline,0.05429141716566866,0.03676822293854633,2505,21.6219209334407,3.320352559736205e-06,3.83554590676312e-05,True,True
gvn,sink,0.05363389040031092,0.03676883494397322,2573,20.570232476242214,5.748302385087408e-06,6.402410039493432e-05,True,True
gvn,slp-vectorizer,0.054945054945054944,0.03676526360346562,2548,23.67087771176246,1.1429914518987033e-06,1.4392136738377242e-05,True,True
gvn,dfa-jump-threading,0.04950099800399202,0.036782902825266535,2505,11.389689037391598,0.0007385289253422117,0.004943725250666839,True,True
gvn,consthoist,0.04758159653952025,0.036788282948396575,2543,8.327137902234984,0.0039057144849177017,0.020640725941886262,True,True
gvn,mldst-motion,0.05648218347232752,0.036758300379781526,2638,28.843566485488143,7.846610259461039e-08,1.2145188053774477e-06,True,True
gvn,slsr,0.05457400863761288,0.03676644201207972,2547,22.702609632085167,1.8911086643695426e-06,2.264703831703709e-05,True,True
gvn,loop-interchange,0.05685884691848907,0.03676010936649397,2515,28.558160515856983,9.092580777312057e-08,1.3908807157794536e-06,True,True
gvn,loop-fusion,0.05421686746987952,0.03676877156068799,2490,21.309015788948045,3.908887613610002e-06,4.456245675370238e-05,True,True
gvn,loop-distribute,0.04707327056897258,0.036791122277852056,2443,7.26079418932764,0.0070476118094731565,0.033925565883093894,True,True
gvn,loop-load-elim,0.05501365587202497,0.036764714878019834,2563,23.99126345338633,9.677382675860785e-07,1.2344179335071933e-05,True,True
gvn,loop-sink,0.05990415335463259,0.03675105144560008,2504,37.7322947020471,8.114991666761867e-10,1.770379240503592e-08,True,True
gvn,loop-unroll-and-jam,0.05398967844382691,0.03676885266157021,2519,20.998519264889175,4.5963847403394864e-06,5.157433422111584e-05,True,True
gvn,hotcoldsplit,0.056881463802704854,0.03676006439647875,2514,28.611251220643098,8.846665579165531e-08,1.3612393873482208e-06,True,True
gvn,irce,0.04976303317535545,0.036781671066700265,2532,11.993608844083413,0.0005338331168320974,0.0037263645018083664,True,True
gvn,nary-reassociate,0.054945054945054944,0.03676728730398915,2457,22.822948381316476,1.7763197612529984e-06,2.1337632469529883e-05,True,True
gvn,scalarizer,0.0532,0.03677166799192611,2500,18.966605130441373,1.330264641387762e-05,0.000137267887633056,True,True
gvn,vector-combine,0.050715746421267895,0.03678020317918545,2445,13.348072014187844,0.0002586884416106083,0.0020020235915951426,True,True
gvn,always-inline,0.04841936774709884,0.0367863027875677,2499,9.506436367224193,0.002047524185597228,0.011994173090200068,True,True
gvn,globalsplit,0.05248397435897436,0.036773934680116555,2496,17.316651694860834,3.164020958632503e-05,0.00029856159214469594,True,True
gvn,lowerswitch,0.047429254683140694,0.036789199465160176,2509,7.984473706131867,0.004718020867816044,0.024326227410622285,True,True
gvn,early-cse-memssa,0.053750501403931006,0.0367701298049928,2493,20.20612472394899,6.952996435533219e-06,7.584382741378297e-05,True,True
gvn,loop-versioning,0.049723756906077346,0.036781761061687075,2534,11.930364441180943,0.0005522637226055846,0.003834511946318208,True,True
gvn,loop-flatten,0.04654895666131621,0.036792104303829676,2492,6.66859598053686,0.009812646069587138,0.043915796581146554,True,True
gvn,loop-instsimplify,0.04787437763309077,0.03678644968611555,2611,9.022176889307314,0.002667235502508332,0.015039444532501984,True,True
gvn,loop-simplifycfg,0.050894632206759445,0.03677845944937518,2515,14.087262305726766,0.0001745216516348633,0.001412038817772985,True,True
gvn,loop-predication,0.04765655769988184,0.03678810292496675,2539,8.430245795638514,0.0036903045737937848,0.019674925406366863,True,True
gvn,partially-inline-libcalls,0.05250596658711217,0.03677352110746285,2514,17.49093226022037,2.886812662960749e-05,0.0002750549486168928,True,True
gvn,load-store-vectorizer,0.04992076069730586,0.03678131109115688,2524,12.248801553022442,0.00046555707319827276,0.003329775119445219,True,True
gvn,iroutliner,0.04666130329847144,0.0367918342581447,2486,6.807047668728006,0.00907987666845645,0.041536639814945896,True,True
gvn-hoist,mem2reg,0.05407586763518967,0.03676945510060283,2478,20.86362390415152,4.9317187868498145e-06,5.525782766610551e-05,True,True
gvn-hoist,sroa,0.06962785114045618,0.03672146709711041,2499,76.06585706516354,2.743602788185314e-18,2.0862035958317846e-16,True,True
gvn-hoist,instcombine,0.06212664277180406,0.03674402615975015,2511,45.47537619492124,1.5456988657485606e-11,4.517131909157734e-10,True,True
gvn-hoist,simplifycfg,0.04819277108433735,0.03678712108237712,2490,9.105575350678713,0.002548315478483081,0.014494122605286484,True,True
gvn-hoist,reassociate,0.053911633563032024,0.03677018360014826,2467,20.37719697842326,6.358294874620069e-06,6.994124362082076e-05,True,True
gvn-hoist,jump-threading,0.046781287485006,0.03679128606188276,2501,7.016280002378897,0.008077186863192245,0.037722437395659905,True,True
gvn-hoist,gvn,0.05581395348837209,0.0367618092173679,2580,26.32252678206483,2.8889927756112494e-07,4.05494469867156e-06,True,True
gvn-hoist,newgvn,0.04961832061068702,0.03678073727870016,2620,12.135753212344747,0.000494642866263916,0.003493275859854815,True,True
gvn-hoist,early-cse,0.05213641709133673,0.036773962287695486,2551,16.922606291408332,3.8935126771354745e-05,0.0003570724975096608,True,True
gvn-hoist,alignment-from-assumptions,0.04801587301587302,0.03678724783773534,2520,8.931116132590397,0.0028035297424724597,0.015669304288741626,True,True
gvn-hoist,attributor,0.05084745762711865,0.036779241368511705,2478,13.786490096438962,0.00020480368539791457,0.0016267976308686277,True,True
gvn-hoist,inferattrs,0.048970073843762146,0.03678351605195644,2573,10.740531112653759,0.0010481424811339271,0.006761986748139142,True,True
gvn-hoist,early-cse-memssa,0.04703557312252964,0.03679014460130655,2530,7.464960081040628,0.006291142639328247,0.030949892682926403,True,True
gvn-hoist,loop-simplifycfg,0.046781287485006,0.03679128606188276,2501,7.016280002378897,0.008077186863192245,0.037722437395659905,True,True
gvn-sink,correlated-propagation,0.04659902292371289,0.036789923760138704,2661,7.195819016462919,0.007307363193775977,0.03496106813295873,True,True
gvn-sink,mem2reg,0.06347305389221557,0.03674008648899926,2505,50.322483153546315,1.3044643541064513e-12,4.352794344681662e-11,True,True
gvn-sink,sroa,0.05703734099302421,0.03676149492423974,2437,28.164991280649517,1.1140144561627534e-07,1.674656664235448e-06,True,True
gvn-sink,instcombine,0.05024509803921569,0.036781561390675496,2448,12.474409727110917,0.0004125650010704105,0.002997411028185023,True,True
gvn-sink,simplifycfg,0.052481692432872255,0.036774671801069615,2458,17.047255559153104,3.646103211395234e-05,0.00033754468500765336,True,True
gvn-sink,sccp,0.04629996042738425,0.036792456292519295,2527,6.420762334556512,0.011279373194576451,0.049089522555445596,True,True
gvn-sink,adce,0.04992076069730586,0.03678131109115688,2524,12.248801553022442,0.00046555707319827276,0.003329775119445219,True,True
gvn-sink,jump-threading,0.04627450980392157,0.03679226816735992,2550,6.444634678152756,0.011128792478497743,0.04853045806881644,True,True
gvn-sink,gvn,0.04623824451410658,0.036792358190257377,2552,6.400311683714642,0.011410033054960701,0.04956371541123251,True,True
gvn-sink,newgvn,0.04833597464342314,0.036786204500468545,2524,9.464244117711367,0.002095157504936107,0.012227476586184494,True,True
gvn-sink,early-cse,0.05199516324062878,0.03677570647938943,2481,16.154659641885335,5.83747853535595e-05,0.0005177704630680385,True,True
gvn-sink,strip-dead-prototypes,0.046370967741935484,0.03679278750290531,2480,6.395742472494786,0.011439437600178464,0.049608901043520344,True,True
gvn-sink,flattencfg,0.048050413548641195,0.03678687955018956,2539,9.054281250417691,0.002620804101772917,0.014831024367836334,True,True
gvn-sink,attributor,0.048512026090501426,0.036786679339496045,2453,9.480616057858951,0.0020765422511990306,0.012153431613068096,True,True
gvn-sink,div-rem-pairs,0.04970645792563601,0.03678148263691361,2555,11.997307151490858,0.0005327747794866499,0.003722294445084248,True,True
gvn-sink,mldst-motion,0.04671078240560529,0.03679067656331625,2569,7.105959171660502,0.007682810299118569,0.03633561006201488,True,True
gvn-sink,early-cse-memssa,0.05232331120655994,0.03677318877547899,2561,17.40633935590053,3.0181767162829605e-05,0.0002865255762657957,True,True
gvn-sink,loop-simplifycfg,0.047637795275590554,0.036788147930659036,2540,8.404393166399178,0.003743153241890929,0.01990345213065178,True,True
gvn-sink,load-store-vectorizer,0.04918683062276874,0.03678362279782097,2521,10.901653688246665,0.0009607844777556647,0.006239522412754864,True,True
newgvn,bdce,0.053338601343342555,0.036770615804134724,2531,19.528898154087226,9.908926354548949e-06,0.00010530082931998286,True,True
newgvn,ipsccp,0.05348460291734198,0.03677145184848107,2468,19.379451686733624,1.0715383181405967e-05,0.00011249715962033719,True,True
newgvn,correlated-propagation,0.05961754780652419,0.036747369026396,2667,39.20451213069972,3.8165720442151627e-10,8.922803656803927e-09,True,True
newgvn,mem2reg,0.07888446215139443,0.036692601291837934,2510,125.59964757709719,3.76216130586745e-29,1.7061486330739017e-26,True,True
newgvn,sroa,0.0805184603299293,0.036685653605805696,2546,137.49761734261608,9.385580548058662e-32,6.682533350217767e-29,True,True
newgvn,instsimplify,0.056633663366336635,0.036760559072697804,2525,28.03123132425285,1.1937326188343073e-07,1.7842202043340258e-06,True,True
newgvn,constmerge,0.05848434925864909,0.036757420595409054,2428,32.22153763258121,1.3755744498573723e-08,2.3835174980714466e-07,True,True
newgvn,function-attrs,0.047619047619047616,0.03678958403158845,2436,8.031336582211077,0.004597490101515155,0.02376735476902092,True,True
newgvn,deadargelim,0.05663304887509697,0.03675927239983753,2578,28.61968996248301,8.808196022711289e-08,1.3579880167298192e-06,True,True
newgvn,elim-avail-extern,0.056786145791381394,0.03676111696251959,2483,27.98947180398652,1.2197728124502386e-07,1.8196686984971942e-06,True,True
newgvn,mergefunc,0.05388017691998392,0.036769859920265505,2487,20.4673423990076,6.065743030027663e-06,6.710014041126647e-05,True,True
newgvn,instcombine,0.07099143206854346,0.036719310971634216,2451,80.93082400602374,2.3375890356997974e-19,2.2884996659501016e-17,True,True
newgvn,simplifycfg,0.06830391404451266,0.036721380471380474,2606,73.05916036086153,1.2582127321985514e-17,8.798501891588442e-16,True,True
newgvn,tailcallelim,0.049779205138498595,0.03678227287240094,2491,11.828314733389806,0.000583367698849112,0.004025494112234578,True,True
newgvn,reassociate,0.04654036243822076,0.0367928936468988,2428,6.485348093224205,0.010876723768996809,0.047643456688357386,True,True
newgvn,memcpyopt,0.056451612903225805,0.03676220534086878,2480,27.02652790591546,2.006823188744525e-07,2.882379441824068e-06,True,True
newgvn,sccp,0.05405405405405406,0.03676950008012517,2479,20.81932713743534,5.047106281900856e-06,5.646990914263929e-05,True,True
newgvn,dce,0.05128205128205128,0.036776912584183065,2535,14.99221466210551,0.0001079556393520955,0.0009062256885376335,True,True
newgvn,adce,0.056809024979854954,0.03676107199303214,2482,28.042327834223467,1.1869072884581286e-07,1.7774106851250598e-06,True,True
newgvn,dse,0.0727130570758405,0.036709436843032475,2558,93.20189030388637,4.722299084722705e-22,7.251969888538869e-20,True,True
newgvn,jump-threading,0.06229773462783172,0.03674471973557698,2472,45.37433674201842,1.627530326004255e-11,4.738593871102351e-10,True,True
newgvn,loop-idiom,0.05001938735944164,0.0367801157613862,2579,12.705747019168532,0.000364533536704342,0.0026934213768569876,True,True
newgvn,gvn,0.04965089216446858,0.03678129419652251,2578,12.001460038533772,0.0005315888803093187,0.00372064710507827,True,True
newgvn,gvn-hoist,0.048380647740903636,0.03678639279025358,2501,9.450646182518435,0.0021107472508815083,0.012291648945578442,True,True
newgvn,gvn-sink,0.047299960583366184,0.03678923628569646,2537,7.878231712272374,0.005003337876107448,0.025511811357860372,True,True
newgvn,early-cse,0.0502970297029703,0.03678013273388996,2525,12.967753867128804,0.00031690198218938947,0.002394390278630873,True,True
newgvn,mergereturn,0.05336048879837067,0.036772090349176445,2455,18.99096231558759,1.3133907425222595e-05,0.00013588475951696613,True,True
newgvn,globalopt,0.053494728621632175,0.03676951855236613,2561,20.136453490863477,7.210914201308816e-06,7.832993068606192e-05,True,True
newgvn,strip-dead-prototypes,0.059587471352177235,0.036748836458134516,2618,38.38043405398065,5.821312426595027e-10,1.3139054445271542e-08,True,True
newgvn,indvars,0.049167927382753406,0.03678181733646884,2644,11.400330975394018,0.000734310221237983,0.0049196900365576415,True,True
newgvn,mergeicmps,0.058823529411764705,0.03675174252369551,2601,35.61429319714198,2.4051629805041095e-09,4.854957851368089e-08,True,True
newgvn,separate-const-offset-from-gep,0.0489344909234412,0.036784207796275094,2534,10.515356338673287,0.0011838660045613589,0.007483485510673578,True,True
newgvn,libcalls-shrinkwrap,0.052358113509192644,0.036774204597723646,2502,17.080543927954043,3.5827468339031884e-05,0.0003320718722263878,True,True
newgvn,flattencfg,0.05853458862054851,0.03675687180660227,2443,32.57175000826866,1.1487236817941107e-08,2.0263071792368187e-07,True,True
newgvn,loop-rotate,0.051534225019669554,0.036776004149702474,2542,15.562662345748544,7.981528700934726e-05,0.0006884508016048544,True,True
newgvn,partial-inliner,0.058054594386774315,0.036754189458848056,2601,33.16844111201578,8.451106437522325e-09,1.5357091790875836e-07,True,True
newgvn,lower-expect,0.057902973395931145,0.036755836230752854,2556,32.12897813206756,1.442693044118738e-08,2.488804388003955e-07,True,True
newgvn,alignment-from-assumptions,0.05104501607717042,0.03677846798994938,2488,14.234991500330892,0.00016134236215850252,0.0013135482125004071,True,True
newgvn,rpo-function-attrs,0.051470588235294115,0.03677544698458218,2584,15.684044325990186,7.485296333912957e-05,0.0006521116895128618,True,True
newgvn,attributor,0.07333076032419915,0.03670602513705728,2591,97.68563456204167,4.903670329875064e-23,8.931522331065465e-21,True,True
newgvn,inferattrs,0.05568535825545171,0.03676249293476,2568,25.846118986710437,3.6974738476205794e-07,5.062694960588178e-06,True,True
newgvn,called-value-propagation,0.05261075949367089,0.036772927569847645,2528,17.824456847840413,2.4224939358561934e-05,0.000234814016158734,True,True
newgvn,loop-simplify,0.050958010599266204,0.036779339863020906,2453,13.862967458484176,0.0001966351603263145,0.0015682755353112986,True,True
newgvn,div-rem-pairs,0.04891518737672584,0.036784252796926896,2535,10.486016614138942,0.001202814158197162,0.0075971294250001395,True,True
newgvn,float2int,0.059818968909878,0.03675026822557618,2541,38.009468955975166,7.040212315939143e-10,1.5620097127035515e-08,True,True
newgvn,inline,0.04838709677419355,0.036786671070498,2480,9.381511425839367,0.0021918476284027975,0.012698500078148503,True,True
newgvn,sink,0.053446940356312936,0.03676923980385824,2582,20.1858790243395,7.02697503749574e-06,7.643787290787034e-05,True,True
newgvn,loop-vectorize,0.04801920768307323,0.03678752610248198,2499,8.861740011569688,0.002912098514870789,0.01611841382930602,True,True
newgvn,slp-vectorizer,0.04920699471329809,0.03678450282633081,2459,10.667444841247377,0.0010903763553220067,0.0069941258107141325,True,True
newgvn,callsite-splitting,0.05809450038729667,0.03675455853422204,2582,33.04926351875934,8.985307799999576e-09,1.6252408935241725e-07,True,True
newgvn,dfa-jump-threading,0.06018333997608609,0.03675005290901729,2509,38.727989967856836,4.871727456176603e-10,1.1124014413053981e-08,True,True
newgvn,consthoist,0.056431535269709544,0.036763950387748615,2410,26.20774009535241,3.0659119581009325e-07,4.254375552698518e-06,True,True
newgvn,mldst-motion,0.054901960784313725,0.03676535356006851,2550,23.576990197037365,1.2001410509095321e-06,1.5015183243967181e-05,True,True
newgvn,slsr,0.0606425702811245,0.036749198737552904,2490,39.959696815259896,2.592573328739132e-10,6.305911276610212e-09,True,True
newgvn,loop-fusion,0.06002353864260494,0.03674940451504219,2549,38.810882611214346,4.669174802254568e-10,1.0692683348320986e-08,True,True
newgvn,loop-distribute,0.04994007191370355,0.03678158950977862,2503,12.182418525361962,0.0004824205502281085,0.003431714577099497,True,True
newgvn,loop-load-elim,0.05531914893617021,0.036763257541000655,2585,25.0173717450004,5.681610212450098e-07,7.491308280119389e-06,True,True
newgvn,loop-sink,0.05843890478136494,0.03675705165607955,2447,32.33832893568897,1.2953287977098581e-08,2.2594688515954584e-07,True,True
newgvn,loop-unroll-and-jam,0.05265257279617072,0.0367732062052033,2507,17.76968039079064,2.4932495079620093e-05,0.00024137367300813915,True,True
newgvn,hotcoldsplit,0.05408606395578366,0.0367682590403674,2533,21.353348837321857,3.819529787481315e-06,4.367088656285205e-05,True,True
newgvn,irce,0.04631083202511774,0.036792178144902994,2548,6.48914746471716,0.010853501550009406,0.047643456688357386,True,True
newgvn,nary-reassociate,0.06022682831443097,0.03674854078760156,2557,39.61830850841934,3.0877493836691054e-10,7.350532879299828e-09,True,True
newgvn,scalarizer,0.0504930966469428,0.03677935932176434,2535,13.400890962032948,0.00025150480590842517,0.0019541524205107003,True,True
newgvn,vector-combine,0.05448717948717949,0.03676781812799252,2496,22.029542997443574,2.684859454239717e-06,3.157330217057877e-05,True,True
newgvn,always-inline,0.04993958920660491,0.03678191290902263,2483,12.083890979811166,0.0005085934494186031,0.003569268723876792,True,True
newgvn,globalsplit,0.05423594615993666,0.036767944175849984,2526,21.665496675870955,3.2457717991669407e-06,3.7549312749003665e-05,True,True
newgvn,lowerswitch,0.046464646464646465,0.036792562463683905,2475,6.508655064245123,0.01073506716136975,0.04715482109245535,True,True
newgvn,early-cse-memssa,0.04728132387706856,0.03678928129266514,2538,7.853335831864099,0.005072702328483625,0.02581507773663662,True,True
newgvn,simple-loop-unswitch,0.05076551168412571,0.03677942133514706,2482,13.647925734723197,0.0002204847593264795,0.0017390097029657478,True,True
newgvn,loop-versioning,0.05234159779614325,0.036773512403215525,2541,17.310752372558163,3.173858685714232e-05,0.00029912949731063617,True,True
newgvn,loop-flatten,0.05527043031977892,0.03676458894297525,2533,24.38360865284044,7.893748570672489e-07,1.016839454037943e-05,True,True
newgvn,loop-simplifycfg,0.06406124093473006,0.03673905278249424,2482,52.08407400013077,5.317445583775292e-13,1.8675441171357888e-11,True,True
newgvn,loop-predication,0.05086071987480438,0.03677785743472548,2556,14.248712471718303,0.0001601703454323391,0.0013067230681521665,True,True
newgvn,speculative-execution,0.0584,0.036755764878585846,2500,32.92207094172312,9.592799557504452e-09,1.7271449686063187e-07,True,True
newgvn,partially-inline-libcalls,0.06303375355835705,0.03674291215438458,2459,47.780636745639065,4.766767638732132e-12,1.4814811169265897e-10,True,True
newgvn,load-store-vectorizer,0.046974522292993634,0.03679055781600562,2512,7.32334784684006,0.006806450417444538,0.03296729726000348,True,True
newgvn,iroutliner,0.05626697710516104,0.03676045085903253,2577,27.561067365441666,1.5221191101499797e-07,2.228268573961615e-06,True,True
newgvn,global-merge,0.04754358161648178,0.03678865120512438,2524,8.206433615758353,0.004174211490356817,0.02185322486127981,True,True
newgvn,break-crit-edges,0.05130293159609121,0.03677825158349786,2456,14.565571741263799,0.0001353652957519606,0.001119515307633955,True,True
newgvn,unreachableblockelim,0.05815831987075929,0.03675713233693059,2476,31.87878699205091,1.6409952386607877e-08,2.806173517290674e-07,True,True
early-cse,bdce,0.05059159526723786,0.036780473125961013,2451,13.142861368188921,0.00028861675783168207,0.0022074672337282558,True,True
early-cse,ipsccp,0.047695390781563124,0.036788569401373775,2495,8.343192415264888,0.003871351294633172,0.020486772526734462,True,True
early-cse,mem2reg,0.07472880674969867,0.03670633828402823,2489,101.15189167988552,8.519353685083667e-24,1.803339947610143e-21,True,True
early-cse,sroa,0.08242424242424243,0.036683690632741066,2475,145.56398470908564,1.6168193085039146e-33,1.4069920915780733e-30,True,True
early-cse,deadargelim,0.04623824451410658,0.036792358190257377,2552,6.400311683714642,0.011410033054960701,0.04956371541123251,True,True
early-cse,globaldce,0.04845642829230168,0.036785332845602654,2559,9.79771567872284,0.0017472878246656345,0.010446380338000954,True,True
early-cse,elim-avail-extern,0.05061777600637704,0.03677941282612445,2509,13.506038392916292,0.00023779702345413223,0.001860565721970793,True,True
early-cse,instcombine,0.05251054043694902,0.03677167791656114,2609,18.164585875753993,2.026116271888425e-05,0.0001998557007736794,True,True
early-cse,simplifycfg,0.064209726443769,0.036733560254393026,2632,55.845819864958486,7.83832247513103e-14,3.127335125313295e-12,True,True
early-cse,reassociate,0.052734375,0.036771920380724014,2560,18.33454303636216,1.85316376000776e-05,0.00018536371096271743,True,True
early-cse,sccp,0.04860267314702309,0.0367861760701472,2469,9.691203534529805,0.001851522272941309,0.01101909000127381,True,True
early-cse,adce,0.05288270377733598,0.03677234275508144,2515,18.34861200789944,1.8395294827458172e-05,0.00018447112559366504,True,True
early-cse,dse,0.05212892956625547,0.036774699456961206,2513,16.65345406642711,4.4868530916246714e-05,0.00040672492376856974,True,True
early-cse,gvn,0.05714285714285714,0.036759110871878935,2520,29.432054313331083,5.791181344073623e-08,9.181484268579881e-07,True,True
early-cse,gvn-sink,0.04788732394366197,0.03678811936902497,2485,8.605591490704725,0.003351325109937251,0.018089302729861166,True,True
early-cse,newgvn,0.047181127548980406,0.03679006274397546,2501,7.590946294811674,0.005866214930620371,0.029263818685744427,True,True
early-cse,mergeicmps,0.047885075818036714,0.036787841124284966,2506,8.675011767501442,0.00322602772156478,0.017570409676839607,True,True
early-cse,separate-const-offset-from-gep,0.05218446601941747,0.03677530159833047,2472,16.500008661629046,4.864985193744179e-05,0.0004369560096032616,True,True
early-cse,flattencfg,0.046790409899458624,0.036790218311547856,2586,7.268789979005306,0.007016305587439306,0.03379563675327469,True,True
early-cse,alignment-from-assumptions,0.04657756176589713,0.03679229242025197,2469,6.645777235169526,0.009939110962563858,0.044431002887443,True,True
early-cse,rpo-function-attrs,0.0475448168355417,0.03678809470212287,2566,8.34534197914655,0.003866773758849591,0.02047638409689655,True,True
early-cse,attributor,0.049639711769415534,0.036782587846136534,2498,11.607636728856463,0.0006568156037950301,0.004457694808425196,True,True
early-cse,called-value-propagation,0.05033959248901319,0.036780366188878304,2503,12.935753332844754,0.00032236548133542553,0.0024276211508784205,True,True
early-cse,slp-vectorizer,0.046653919694072656,0.03679030018291154,2615,7.15065566633183,0.007493658647189276,0.03565633932247048,True,True
early-cse,dfa-jump-threading,0.04786392405063291,0.03678760786961936,2528,8.717973291618522,0.003150881192769461,0.017245074424717274,True,True
early-cse,loop-interchange,0.058637083993660855,0.0367543973399427,2524,33.973519062386956,5.586727055402651e-09,1.0467762272228126e-07,True,True
early-cse,loop-fusion,0.0485362095531587,0.03678455112472686,2596,10.076614721401574,0.001501629685536708,0.00914787180812302,True,True
early-cse,loop-distribute,0.04926499801350814,0.036783442802040045,2517,11.02235107439311,0.0009001982402986488,0.005894943660551018,True,True
early-cse,hotcoldsplit,0.047339593114241005,0.036788868036711796,2556,7.9975757428298655,0.004684002014055829,0.02416673502904167,True,True
early-cse,lowerswitch,0.04636542239685658,0.0367920431120436,2545,6.556273481658526,0.010451501245565167,0.04619403155824835,True,True
early-cse,loop-flatten,0.04821213338690237,0.03678707608069376,2489,9.13293078953377,0.0025104923259287016,0.014320594243753527,True,True
early-cse,loop-simplifycfg,0.049039640375970577,0.03678518610940877,2447,10.330295117576581,0.001308642800087874,0.008166765267161936,True,True
early-cse,partially-inline-libcalls,0.048608388867110934,0.03678497282233034,2551,10.02378996407022,0.0015453116312376457,0.009353076271911315,True,True
early-cse,unreachableblockelim,0.04916763453348819,0.03678274263580497,2583,11.13595326809505,0.000846704059518029,0.005586677501386018,True,True
mergereturn,mem2reg,0.06954046360309069,0.0367233400734687,2459,74.44644877445748,6.2305660010412604e-18,4.560541394407024e-16,True,True
mergereturn,sroa,0.06217821782178218,0.036743432119154665,2525,45.91630348826046,1.23414577336878e-11,3.6752204171195003e-10,True,True
mergereturn,instsimplify,0.04664610639938319,0.03679057840157777,2594,7.081780674255193,0.007787158995946834,0.03671825963651752,True,True
mergereturn,instcombine,0.05910353034510115,0.036753039101866954,2521,35.39961072382274,2.6854054975386893e-09,5.3653305756946466e-08,True,True
mergereturn,simplifycfg,0.05046055266319584,0.03678009622571573,2497,13.136629847090484,0.00028957826241102636,0.0022105038510752033,True,True
mergereturn,gvn,0.05273833671399594,0.03677376343296819,2465,17.660898685010054,2.6399817807375557e-05,0.00025432149208778025,True,True
mergereturn,newgvn,0.055620838229533884,0.03676304170433706,2553,25.519208401918437,4.380005271285119e-07,5.8439865902393615e-06,True,True
mergereturn,early-cse,0.05048076923076923,0.03678005123224059,2496,13.170310457625485,0.000284419611997409,0.002179622701725741,True,True
mergereturn,separate-const-offset-from-gep,0.048348106365834004,0.03678676107199303,2482,9.32589960781851,0.0022593736912736714,0.01304009929996713,True,True
mergereturn,lower-expect,0.046706586826347304,0.03679146609251999,2505,6.922512349921382,0.008511731133551035,0.0394338877918269,True,True
mergereturn,attributor,0.04820261437908497,0.03678767758366341,2448,8.967031865863998,0.002748948127171359,0.015411425720834706,True,True
mergereturn,globalsplit,0.0507796881247501,0.03677905288280982,2501,13.780700504769893,0.00020543581660330086,0.001630165466704207,True,True
mergereturn,early-cse-memssa,0.05084745762711865,0.03678025665081813,2419,13.457269070989703,0.0002440587460132887,0.001903852688023981,True,True
globalopt,mem2reg,0.061183949145808506,0.03674674254648393,2517,42.251288363851394,8.026711588511243e-11,2.0955068387073354e-09,True,True
globalopt,sroa,0.062096774193548386,0.03674507933012832,2480,44.80628695666501,2.1752314688328854e-11,6.21766892843035e-10,True,True
globalopt,elim-avail-extern,0.04726976365118175,0.03679039408143893,2454,7.575860368102892,0.005915513716778818,0.0293787593086948,True,True
globalopt,instcombine,0.05781499202551834,0.036757347921932075,2508,31.261189303868452,2.2554376777386724e-08,3.807023252596828e-07,True,True
globalopt,simplifycfg,0.049606299212598425,0.03678203104928983,2540,11.741951933003666,0.0006110690237033577,0.004187132627860628,True,True
globalopt,memcpyopt,0.047835051546391755,0.03678908901868445,2425,8.3180469997413,0.003925310160598038,0.0207255690023937,True,True
globalopt,dce,0.04916700528240553,0.036784592820209204,2461,10.607316259071057,0.0011264106236500361,0.007172396751566734,True,True
globalopt,dse,0.05015432098765432,0.03677947729146837,2592,13.03245395449703,0.0003061391390277864,0.0023210859020964406,True,True
globalopt,newgvn,0.0496742671009772,0.03678314458577066,2456,11.473498457879568,0.0007059566172087575,0.004770536864520266,True,True
globalopt,early-cse,0.04827586206896552,0.036787219337357874,2465,9.146093103582484,0.002492496905702819,0.014238684001068183,True,True
globalopt,attributor,0.05092775365179629,0.03677804596674647,2533,14.255263351201602,0.00015961381063453638,0.001303540526475171,True,True
globalopt,called-value-propagation,0.05054151624548736,0.03677991625247567,2493,13.271698570154147,0.0002694429661620552,0.0020811413323286155,True,True
globalopt,consthoist,0.047961630695443645,0.03678766111116548,2502,8.78140210581249,0.0030431719647866394,0.016737445806326516,True,True
globalopt,loop-sink,0.052083333333333336,0.03677515799054137,2496,16.442059442185972,5.01598445693505e-05,0.0004494873028228297,True,True
globalopt,early-cse-memssa,0.05600322320709106,0.0367635185719808,2482,25.826811502422785,3.734644817107583e-07,5.104666353854553e-06,True,True
globalopt,simple-loop-unswitch,0.048292108362779744,0.03678601620008735,2547,9.478122610718032,0.002079366491510629,0.012153431613068096,True,True
strip-dead-prototypes,mem2reg,0.055248618784530384,0.03676463391957094,2534,24.33561952716592,8.09286451483119e-07,1.0390707357402933e-05,True,True
strip-dead-prototypes,sroa,0.0734375,0.03670707985172317,2560,97.07838244063592,6.663647146192457e-23,1.1861291920222572e-20,True,True
strip-dead-prototypes,globaldce,0.047410358565737054,0.03678924447054218,2510,7.959232820544182,0.0047842688730500935,0.024506470774184653,True,True
strip-dead-prototypes,instcombine,0.05866032500990884,0.036754352376420156,2523,34.03241466110164,5.420155547151659e-09,1.0204485155118219e-07,True,True
strip-dead-prototypes,simplifycfg,0.05411858336649423,0.036768582777633015,2513,21.264110543328535,4.001537725267944e-06,4.555238875624787e-05,True,True
strip-dead-prototypes,jump-threading,0.04666130329847144,0.0367918342581447,2486,6.807047668728006,0.00907987666845645,0.041536639814945896,True,True
strip-dead-prototypes,gvn,0.05330243337195829,0.03676955470104397,2589,19.890439201557975,8.200943332796417e-06,8.834908965950691e-05,True,True
strip-dead-prototypes,newgvn,0.0592281238058846,0.0367500149877712,2617,37.164111025600434,1.0859407402895474e-09,2.3301610624514345e-08,True,True
strip-dead-prototypes,mergereturn,0.04676971858898137,0.03679105290136,2523,7.061754709664208,0.007874682986415563,0.03702509637034292,True,True
strip-dead-prototypes,globalopt,0.04686289697908598,0.036790038269176185,2582,7.3634409253927915,0.006656328925803966,0.0324097752509695,True,True
strip-dead-prototypes,early-cse-memssa,0.05073911306432281,0.03677914286797798,2503,13.711686958904782,0.00021312411371966937,0.0016877533454524273,True,True
strip-dead-prototypes,loop-versioning,0.04927884615384615,0.03678372116351501,2496,10.954449746651028,0.0009337909807683149,0.00608946791122185,True,True
indvars,correlated-propagation,0.04692556634304207,0.03679120416696229,2472,7.137051577229245,0.0075507205535945,0.035884249621208814,True,True
indvars,mem2reg,0.06724683544303797,0.03672766331221817,2528,66.18664123785327,4.1018315854884753e-16,2.2465416068213806e-14,True,True
indvars,sroa,0.06661472536034281,0.03672819229174084,2567,64.44719205943257,9.915456171089803e-16,5.0756766491487144e-14,True,True
indvars,instsimplify,0.04644808743169399,0.03679158490215173,2562,6.715039222125594,0.00956031882701803,0.043093777601462144,True,True
indvars,elim-avail-extern,0.04675834970530452,0.03679081972828647,2545,7.107250636168911,0.00767727702967935,0.036331379877008255,True,True
indvars,instcombine,0.05606000789577576,0.03676214221138048,2533,26.515441789920544,2.61439925028207e-07,3.696024355272413e-06,True,True
indvars,simplifycfg,0.04662379421221865,0.03679192427293256,2488,6.7606998100153834,0.0093187208208397,0.04236443364837246,True,True
indvars,dse,0.05227454110135674,0.036774384544996354,2506,16.92437735598599,3.889881813536054e-05,0.0003570724975096608,True,True
indvars,jump-threading,0.049276495893625344,0.036782796035689076,2557,11.21876969465765,0.000809741586389488,0.005379046738424487,True,True
indvars,gvn,0.05109780439121756,0.03677800952969313,2505,14.439139709053055,0.00014476219760406112,0.0011909427853308895,True,True
indvars,newgvn,0.04889779559118237,0.036784899474588816,2495,10.290390205408336,0.0013372480810525166,0.008305572538305559,True,True
indvars,lower-expect,0.04701195219123506,0.036790467801918185,2510,7.371553125002589,0.006626367846584897,0.03229478094241003,True,True
indvars,attributor,0.04819277108433735,0.03678596290328698,2573,9.410049969236558,0.002157993458303599,0.012528839707512075,True,True
indvars,float2int,0.04843875100080064,0.03678625778638991,2498,9.534410924306897,0.0020165488641756333,0.011848170070685341,True,True
indvars,sink,0.047372611464968156,0.03678933448163653,2512,7.908902769260535,0.004919209725173386,0.02513193122476057,True,True
indvars,slp-vectorizer,0.04709703613479497,0.036790799119741355,2463,7.35439534222296,0.006689900474272065,0.032543664915837774,True,True
indvars,loop-interchange,0.047040376323010585,0.03678986639327917,2551,7.534196719590899,0.006053872282272621,0.029989834101681954,True,True
indvars,lowerswitch,0.04649390243902439,0.03679070529996599,2624,6.94368976221086,0.008411542565953448,0.03907425941669479,True,True
indvars,early-cse-memssa,0.052672347017815646,0.03677168668213094,2582,18.348714505509175,1.8394305226773683e-05,0.00018447112559366504,True,True
indvars,loop-simplifycfg,0.04955680902497985,0.03678309120357005,2482,11.384360191778322,0.0007406505924838155,0.004949467099260447,True,True
indvars,unreachableblockelim,0.046820132657042525,0.03679040650267254,2563,7.246961212905076,0.007102110016281107,0.034124985059824316,True,True
mergeicmps,mem2reg,0.057198443579766535,0.036757689202084706,2570,30.182306368510446,3.932810696757494e-08,6.443885643724832e-07,True,True
mergeicmps,sroa,0.059495665878644605,0.03675135672096813,2538,36.90452163787642,1.2405790718174439e-09,2.6260041325606004e-08,True,True
mergeicmps,instsimplify,0.046969088719389804,0.03679083599299782,2491,7.254168199098979,0.007073662914178476,0.034009163869764165,True,True
mergeicmps,instcombine,0.05573248407643312,0.03676364445988564,2512,25.4072371001539,4.641734952851289e-07,6.172167767526536e-06,True,True
mergeicmps,reassociate,0.047225501770956316,0.036789416314231924,2541,7.778946544787349,0.005285861213332135,0.026778049820709755,True,True
mergeicmps,gvn,0.05819477434679335,0.036755710622638924,2526,32.63576631227299,1.1115041907325545e-08,1.969525072809359e-07,True,True
mergeicmps,newgvn,0.05738029283735655,0.036758202301623515,2527,30.20778817046944,3.881476794216795e-08,6.373108228994956e-07,True,True
mergeicmps,separate-const-offset-from-gep,0.048959136468774096,0.03678323765898825,2594,10.808980680028005,0.001010089015396336,0.0065434385182664215,True,True
mergeicmps,attributor,0.046702171241294554,0.03679225549810461,2441,6.739096875870433,0.009432236346713443,0.042791893380907435,True,True
mergeicmps,inferattrs,0.04640371229698376,0.03679144175667145,2586,6.715795313733598,0.009556266414446075,0.043093777601462144,True,True
mergeicmps,always-inline,0.04627450980392157,0.03679226816735992,2550,6.444634678152756,0.011128792478497743,0.04853045806881644,True,True
mergeicmps,early-cse-memssa,0.048354327509142626,0.03678703933630911,2461,9.256740630224623,0.0023463022415178606,0.013452590889874,True,True
separate-const-offset-from-gep,mem2reg,0.07053607416364369,0.03671943523240637,2481,79.75545390905913,4.2373930820587344e-19,3.904383837492236e-17,True,True
separate-const-offset-from-gep,sroa,0.059695669137729224,0.03675003394964686,2563,37.92957311663341,7.334498853349754e-10,1.6227060739953467e-08,True,True
separate-const-offset-from-gep,instsimplify,0.04998000799680128,0.0367814995186244,2501,12.246881723747121,0.00046603631853409734,0.003329775119445219,True,True
separate-const-offset-from-gep,instcombine,0.056021341463414635,0.03676011774983299,2624,27.360772163029345,1.6882137150164644e-07,2.4485351511127685e-06,True,True
separate-const-offset-from-gep,simplifycfg,0.05263157894736842,0.03677325119091018,2508,17.729672465749275,2.5462372892722825e-05,0.00024589556657929123,True,True
separate-const-offset-from-gep,dse,0.05252359458350431,0.03677495036776174,2437,16.99174546487349,3.7542682150408324e-05,0.00034673854552122403,True,True
separate-const-offset-from-gep,gvn,0.05061777600637704,0.03677941282612445,2509,13.506038392916292,0.00023779702345413223,0.001860565721970793,True,True
separate-const-offset-from-gep,newgvn,0.062474969963956746,0.036743396868076816,2497,46.47457885673935,9.281479182939907e-12,2.8066619675978904e-10,True,True
separate-const-offset-from-gep,early-cse,0.04771293375394322,0.03678796790855062,2536,8.508107140676533,0.00353567657964715,0.018979725134884495,True,True
separate-const-offset-from-gep,libcalls-shrinkwrap,0.04752778842468379,0.03678758315072901,2609,8.45870699288893,0.003633000327556298,0.01943555912938588,True,True
separate-const-offset-from-gep,attributor,0.05256723716381418,0.03677449186295713,2454,17.205880839791885,3.3539648804113874e-05,0.00031346363894250583,True,True
separate-const-offset-from-gep,loop-simplify,0.04689287075867327,0.03678943678601099,2623,7.52546959197903,0.006083269530213921,0.030116414007986998,True,True
separate-const-offset-from-gep,early-cse-memssa,0.054706355591311345,0.036767368348942585,2486,22.48884006504589,2.1136802486021177e-06,2.5235280041237475e-05,True,True
separate-const-offset-from-gep,loop-instsimplify,0.047711404189294024,0.036787411362268346,2578,8.64702939865433,0.003275950389415089,0.01774359851306983,True,True
libcalls-shrinkwrap,mem2reg,0.06267136701919311,0.036741020581186376,2553,48.25051420915094,3.750998321908817e-12,1.1798320826180665e-10,True,True
libcalls-shrinkwrap,sroa,0.06645694062131341,0.03672956067173391,2543,63.16833562140872,1.8977469870793465e-15,9.007972365336631e-14,True,True
libcalls-shrinkwrap,deadargelim,0.04805401111993646,0.03678715783086544,2518,8.984917478880707,0.002722170827739838,0.015305127008512859,True,True
libcalls-shrinkwrap,elim-avail-extern,0.0498220640569395,0.036781536075045786,2529,12.088889959438214,0.0005072316381835168,0.003569268723876792,True,True
libcalls-shrinkwrap,instcombine,0.049338146811071,0.03678358617028174,2493,11.045660399253109,0.0008889503202835872,0.005840821231930415,True,True
libcalls-shrinkwrap,simplifycfg,0.04841936774709884,0.0367863027875677,2499,9.506436367224193,0.002047524185597228,0.011994173090200068,True,True
libcalls-shrinkwrap,dse,0.05199844780752813,0.0367739086072087,2577,16.788986244736847,4.17750630702023e-05,0.0003810802021653053,True,True
libcalls-shrinkwrap,jump-threading,0.04800936768149883,0.03678669126534767,2562,9.069883707582937,0.0025985359467299647,0.014736954044018164,True,True
libcalls-shrinkwrap,loop-deletion,0.047082494969818915,0.036790565956952286,2485,7.399299013945139,0.0065249298519327766,0.031859881920409915,True,True
libcalls-shrinkwrap,gvn,0.05244479495268139,0.03677328746510336,2536,17.507104475341,2.8623608815889453e-05,0.00027339037103176367,True,True
libcalls-shrinkwrap,newgvn,0.05596107055961071,0.03676402229279105,2466,25.547164280941274,4.317000480626322e-07,5.779615002438522e-06,True,True
libcalls-shrinkwrap,early-cse,0.04969199178644764,0.036783422934135765,2435,11.406498301653114,0.0007318765062784829,0.004907582874292019,True,True
libcalls-shrinkwrap,indvars,0.05267264923917284,0.036772055342206324,2563,18.213964154781145,1.974260180490985e-05,0.00019547921281422748,True,True
libcalls-shrinkwrap,attributor,0.049062624650977264,0.0367842161471809,2507,10.624229003620984,0.0011161549501582737,0.007136102505828245,True,True
libcalls-shrinkwrap,always-inline,0.04707728520988623,0.03678977637658872,2549,7.582752762221202,0.005892938069760224,0.029322421195909835,True,True
libcalls-shrinkwrap,early-cse-memssa,0.04959000390472472,0.036781752629409005,2561,11.809173385088432,0.0005893959486070635,0.004056370008339649,True,True
libcalls-shrinkwrap,unreachableblockelim,0.048554913294797684,0.03678450612035162,2595,10.104911464441377,0.0014787469682983525,0.009048083012275544,True,True
flattencfg,mem2reg,0.06164650799843933,0.03674391689615812,2563,44.67523659026933,2.3258037125110328e-11,6.552408156973528e-10,True,True
flattencfg,sroa,0.0610236220472441,0.03674655313734845,2540,42.07921397139602,8.764992315609267e-11,2.2730933713858203e-09,True,True
flattencfg,instcombine,0.0562474889513861,0.03676261008170421,2489,26.563715050484717,2.5498806642373105e-07,3.6244401746472986e-06,True,True
flattencfg,simplifycfg,0.04705417160933175,0.03679009959372221,2529,7.489200449034789,0.006207010987667551,0.03063220545394597,True,True
flattencfg,jump-threading,0.051211884284597345,0.036776724019809345,2558,14.982200212994476,0.00010853008182919231,0.0009100723778225205,True,True
flattencfg,gvn,0.05176565008025682,0.03677620134612421,2492,15.739330760916221,7.26967913990267e-05,0.0006340325949189055,True,True
flattencfg,gvn-sink,0.04828411811652035,0.03678661779889509,2506,9.312094854919565,0.0022764604879452924,0.013129041635926016,True,True
flattencfg,newgvn,0.05753646677471637,0.0367592191632354,2468,29.950276672192405,4.432686358069594e-08,7.202655509626777e-07,True,True
flattencfg,partial-inliner,0.048134777376654635,0.03678725608808781,2493,9.023824939318631,0.0026648317751110867,0.015039444532501984,True,True
flattencfg,attributor,0.055731225296442685,0.03676323065254092,2530,25.586452186338914,4.229989036354795e-07,5.692315143080885e-06,True,True
flattencfg,mldst-motion,0.04724096863834855,0.036789649523935354,2519,7.734334336171136,0.005418053362557939,0.027288870698105323,True,True
flattencfg,lowerswitch,0.053642914331465175,0.03677035471195862,2498,19.990243814031217,7.783829914116697e-06,8.42029777449751e-05,True,True
loop-reduce,mem2reg,0.06640471512770138,0.03672965054042977,2545,62.99555055552096,2.071740588162126e-15,9.658257313384386e-14,True,True
loop-reduce,sroa,0.06297029702970297,0.036740985411505646,2525,48.82975413180625,2.791723517897181e-12,8.924399425375805e-11,True,True
loop-reduce,instcombine,0.04669887278582931,0.036791744243797296,2484,6.8535934576300495,0.008846316944076154,0.04066914358138822,True,True
loop-reduce,newgvn,0.04654895666131621,0.036792104303829676,2492,6.66859598053686,0.009812646069587138,0.043915796581146554,True,True
loop-unroll,mem2reg,0.05207100591715976,0.03677446584660179,2535,16.672796046261773,4.441335104630891e-05,0.00040306531331945694,True,True
loop-unroll,sroa,0.05539830165790538,0.036765560376622215,2473,24.135406614419065,8.979404767900778e-07,1.149129054611093e-05,True,True
loop-unroll,instcombine,0.04711425206124853,0.03678968636033878,2547,7.63150530295461,0.0057357411673328905,0.0287043609089784,True,True
loop-rotate,mem2reg,0.05063812268423219,0.03678070655065741,2429,13.11270839915998,0.0002932993568065172,0.0022345530763702745,True,True
loop-rotate,sroa,0.053003533568904596,0.03677133555908163,2547,18.863457132538823,1.4041696955056879e-05,0.000144323583401582,True,True
loop-rotate,instcombine,0.049662296384584824,0.03678221946018818,2517,11.737449830583154,0.0006125489952776734,0.004193604659977918,True,True
loop-rotate,jump-threading,0.04843875100080064,0.03678625778638991,2498,9.534410924306897,0.0020165488641756333,0.011848170070685341,True,True
loop-rotate,attributor,0.046303501945525294,0.03679194499498397,2570,6.535244029997714,0.010575771536496302,0.04669077941028131,True,True
loop-rotate,early-cse-memssa,0.053691275167785234,0.03676948240616478,2533,20.38792620284275,6.322745449973484e-06,6.964802020280214e-05,True,True
partial-inliner,mem2reg,0.062375049980008,0.03674357666349827,2501,46.187340192698315,1.0746916001321615e-11,3.224898318864019e-10,True,True
partial-inliner,sroa,0.06991610067918498,0.036720423464762855,2503,77.53271165661377,1.3054245994203307e-18,1.0650089023604198e-16,True,True
partial-inliner,instcombine,0.05727051177904143,0.03676017262638718,2462,29.11498508807,6.820737423993098e-08,1.0662677745451884e-06,True,True
partial-inliner,simplifycfg,0.049563838223632035,0.03678244444770671,2522,11.58117103995133,0.0006662297302724596,0.004517672075752297,True,True
partial-inliner,dse,0.047768206734534066,0.0367875546246862,2554,8.65587785475172,0.0032600797585995156,0.017694348350208874,True,True
partial-inliner,newgvn,0.05657370517928287,0.03676110784889411,2510,27.695798220285525,1.419707442879353e-07,2.090065543727649e-06,True,True
partial-inliner,lower-expect,0.047839506172839504,0.03678681801609576,2592,8.89988924779888,0.0028518795295228738,0.0158186405631892,True,True
partial-inliner,inferattrs,0.04712460063897764,0.03679019776229867,2504,7.517364821339525,0.006110700827871446,0.03021402076003104,True,True
partial-inliner,early-cse-memssa,0.04833597464342314,0.036786204500468545,2524,9.464244117711367,0.002095157504936107,0.012227476586184494,True,True
partial-inliner,loop-versioning,0.047933884297520664,0.03678886401722261,2420,8.450496848695366,0.003649437275431043,0.01949685725864661,True,True
partial-inliner,loop-instsimplify,0.047503045066991476,0.03678957585869867,2463,7.947068782767785,0.004816532585129412,0.02465560993904154,True,True
partial-inliner,loop-simplifycfg,0.04965404965404965,0.03678318958082821,2457,11.442101350952937,0.0007179854859065769,0.004835135275683844,True,True
lower-expect,mem2reg,0.05389955083707636,0.03677059722251104,2449,20.199480388949567,6.977188512936472e-06,7.600186430225096e-05,True,True
lower-expect,sroa,0.06158705092775365,0.03674501509021711,2533,43.939456108331655,3.386919696460958e-11,9.340265867141628e-10,True,True
lower-expect,globaldce,0.04661182922052487,0.03679117980614071,2553,6.920950176545521,0.008519169834495802,0.0394338877918269,True,True
lower-expect,mergefunc,0.04641015470051567,0.036792186232688096,2521,6.555276852279726,0.010457356735543197,0.04619403155824835,True,True
lower-expect,instcombine,0.047443762781186095,0.03678998905205473,2445,7.801492081956465,0.005220310988721638,0.026480230352116496,True,True
lower-expect,simplifycfg,0.04731355252606255,0.03678974770507526,2494,7.764399237052696,0.005328601689948553,0.026959695371884407,True,True
lower-expect,dse,0.047044632086851626,0.036790655968527014,2487,7.350721128169692,0.006703586193617867,0.0325899981802701,True,True
lower-expect,jump-threading,0.05137254901960785,0.03677636408123318,2550,15.270560645086633,9.315713209414198e-05,0.000791330432279089,True,True
lower-expect,newgvn,0.06102911846828879,0.036747516340588884,2507,41.54970492191562,1.1491182529458355e-10,2.912587105848474e-09,True,True
lower-expect,early-cse,0.048964968152866245,0.03678444114416017,2512,10.476303452884567,0.0012091544832725546,0.00761874329283238,True,True
lower-expect,attributor,0.0548159749412686,0.036765533474594936,2554,23.390015560538238,1.3226325461138312e-06,1.6390598261334692e-05,True,True
lower-expect,early-cse-memssa,0.05533904910366329,0.03676362639836356,2566,24.88637544117824,6.081068322656107e-07,7.951072972127317e-06,True,True
lower-expect,iroutliner,0.04794520547945205,0.03678798436146736,2482,8.685324959606362,0.003207823793994949,0.017483420984390007,True,True
alignment-from-assumptions,ipsccp,0.046336633663366336,0.03679236627213506,2525,6.465408173441171,0.010999437424275635,0.048046622368615045,True,True
alignment-from-assumptions,mem2reg,0.06704591629418935,0.036730769466011164,2461,63.5790942819716,1.5405543323703085e-15,7.494174864052333e-14,True,True
alignment-from-assumptions,sroa,0.06381322957198443,0.036736891042110156,2570,52.958838869131625,3.406118179655501e-13,1.223702641424857e-11,True,True
alignment-from-assumptions,function-attrs,0.046383647798742135,0.03679199810131073,2544,6.5787442011815465,0.010320367814164899,0.04578139300817099,True,True
alignment-from-assumptions,deadargelim,0.0464,0.036792464370909536,2500,6.4867426402542705,0.010868194213564107,0.047643456688357386,True,True
alignment-from-assumptions,instcombine,0.05978705978705979,0.03675315715564863,2442,36.422871172681596,1.5882848647760403e-09,3.308363580033497e-08,True,True
alignment-from-assumptions,jump-threading,0.05078740157480315,0.03677836092046831,2540,14.0117347676216,0.00018167328118861794,0.0014653605955399131,True,True
alignment-from-assumptions,gvn,0.04878048780487805,0.03678577107976856,2460,9.949448334365309,0.0016089760627690298,0.009708397938063976,True,True
alignment-from-assumptions,newgvn,0.055166735282009056,0.0367672512388061,2429,23.117409980875056,1.52404484771803e-06,1.85634824997319e-05,True,True
alignment-from-assumptions,attributor,0.04855902092380576,0.03678538616153077,2533,9.869642621180285,0.001680281431339354,0.010076542243682863,True,True
alignment-from-assumptions,inferattrs,0.04703068951773615,0.03679042279503964,2509,7.3957303567828845,0.0065378873796953065,0.03190326103288077,True,True
alignment-from-assumptions,slp-vectorizer,0.05529225908372828,0.03676454396648961,2532,24.43166588123169,7.699272495308908e-07,9.934217822612746e-06,True,True
alignment-from-assumptions,callsite-splitting,0.0463443867359169,0.03679259939788145,2503,6.419352093992372,0.011288333774560459,0.049089522555445596,True,True
alignment-from-assumptions,early-cse-memssa,0.053674649050371594,0.03677182922175143,2422,19.45344640433586,1.0308166971615982e-05,0.00010865890137509607,True,True
alignment-from-assumptions,loop-simplifycfg,0.0505175983436853,0.03678129988318543,2415,12.810449839633423,0.00034468868399425946,0.0025808812361788145,True,True
alignment-from-assumptions,global-merge,0.04767580452920143,0.03678833616944752,2517,8.386691097995165,0.0037797837306168145,0.020070010968265013,True,True
rpo-function-attrs,mem2reg,0.06109979633401222,0.03674884861681111,2455,40.923219354638356,1.5832881195060025e-10,3.949144124831533e-09,True,True
rpo-function-attrs,sroa,0.059453032104637336,0.0367519056747575,2523,36.54790584767652,1.4895991350787624e-09,3.127758827328919e-08,True,True
rpo-function-attrs,instcombine,0.053275453827940016,0.036770750756040985,2534,19.402899288513193,1.0584624981022161e-05,0.00011142309523033006,True,True
rpo-function-attrs,simplifycfg,0.04668008048289739,0.03679178925091594,2485,6.830295792093149,0.00896244218476887,0.04112489341154628,True,True
rpo-function-attrs,memcpyopt,0.0464926590538336,0.03679275056330413,2452,6.485506403270556,0.010875755141902902,0.047643456688357386,True,True
rpo-function-attrs,dse,0.048547552725825706,0.03678570947975195,2513,9.772349884025312,0.0017715588499269466,0.010575342159015125,True,True
rpo-function-attrs,jump-threading,0.05073325406262386,0.03677881939304672,2523,13.809952225313017,0.00020226199196789698,0.0016082395137995624,True,True
rpo-function-attrs,loop-idiom,0.0479559748427673,0.03678710457226886,2544,8.920205811758452,0.0028203272722578097,0.015710386341623875,True,True
rpo-function-attrs,loop-deletion,0.048458149779735685,0.036786212785322216,2497,9.56243854259036,0.0019859911598704106,0.011703827383372818,True,True
rpo-function-attrs,gvn,0.055248618784530384,0.03676463391957094,2534,24.33561952716592,8.09286451483119e-07,1.0390707357402933e-05,True,True
rpo-function-attrs,newgvn,0.052339413164155434,0.036773881002363513,2522,17.176077534886662,3.406998956972524e-05,0.0003176620932262953,True,True
rpo-function-attrs,separate-const-offset-from-gep,0.04634239754883186,0.036791343616296296,2611,6.694422872215342,0.009671497103784687,0.04353285363036878,True,True
rpo-function-attrs,partial-inliner,0.04824561403508772,0.036786707803122425,2508,9.257042653390084,0.002345915332144178,0.013452590889874,True,True
rpo-function-attrs,early-cse-memssa,0.05388760585065435,0.036767512650608306,2598,21.40237548609655,3.7230962021136498e-06,4.269295674224613e-05,True,True
rpo-function-attrs,iroutliner,0.04644913627639156,0.03679107353687855,2605,6.829590054056791,0.008965984129619933,0.04112489341154628,True,True
attributor,bdce,0.05726204019719378,0.03675580836227981,2637,31.165329013468227,2.369607283498695e-08,3.974039452754129e-07,True,True
attributor,ipsccp,0.04800650935720097,0.03678812759023942,2458,8.69615503520498,0.0031888198545921426,0.017404067666317535,True,True
attributor,correlated-propagation,0.04888888888888889,0.03678522278968776,2475,10.192600575712023,0.0014100531569320011,0.008695697893772782,True,True
attributor,mem2reg,0.06815415821501014,0.03672727939962201,2465,68.43852979850534,1.3089488760403752e-16,7.766429997839558e-15,True,True
attributor,sroa,0.0742063492063492,0.03670650697919088,2520,99.61195134972361,1.853823707347849e-23,3.7228582758841936e-21,True,True
attributor,instsimplify,0.05905667855727309,0.03675312902558883,2523,35.27895014204827,2.8570338894201937e-09,5.636344942553894e-08,True,True
attributor,deadargelim,0.05265322912381736,0.03677468046614207,2431,17.230817224955633,3.3102293908967296e-05,0.00030974571791521127,True,True
attributor,globaldce,0.05108295872496935,0.03677906992390242,2447,14.074501719184207,0.0001757097214077486,0.0014201842498095842,True,True
attributor,instcombine,0.0724929520741039,0.03671340861465967,2483,89.35482166605094,3.299869466286364e-21,4.380436891517763e-19,True,True
attributor,simplifycfg,0.05933890880127439,0.03675258948985796,2511,36.007622557611896,1.965471427303657e-09,4.0403076689349716e-08,True,True
attributor,reassociate,0.05714285714285714,0.03675998360786089,2485,29.022033141269084,7.155974881481042e-08,1.1164461209513849e-06,True,True
attributor,sccp,0.04947409427347098,0.03678202262586817,2567,11.622992385328848,0.0006514151440762568,0.004428718236462885,True,True
attributor,dce,0.049323786793953855,0.036783307806360376,2514,11.113445823363017,0.0008570411200519996,0.005640626934661564,True,True
attributor,adce,0.0556,0.036764328093461376,2500,24.932446414439735,5.937467711935874e-07,7.802390456356001e-06,True,True
attributor,dse,0.056202328382175835,0.03676270002532237,2491,26.461659484891957,2.688209864798081e-07,3.7935242632610033e-06,True,True
attributor,jump-threading,0.07181467181467181,0.036710874033473624,2590,89.70627147980015,2.7627784153292832e-21,3.730703542906715e-19,True,True
attributor,loop-idiom,0.0535279805352798,0.03677136188598187,2466,19.464648213886857,1.0247888857088236e-05,0.00010816909100904995,True,True
attributor,gvn,0.06247464503042596,0.03674440509611797,2465,45.8760314431569,1.2597792239409659e-11,3.737345031024865e-10,True,True
attributor,gvn-sink,0.04814361485108119,0.036787812584480224,2451,8.885208805895264,0.0028749016226008307,0.015923783244844204,True,True
attributor,newgvn,0.06174757281553398,0.03674323291023092,2575,45.25127550877811,1.7330762950998726e-11,5.027205016008222e-10,True,True
attributor,early-cse,0.05488983378430615,0.036764570943387455,2587,23.88809309664285,1.0210132338295166e-06,1.2960414339307576e-05,True,True
attributor,mergereturn,0.04941743672157493,0.03678340618084532,2489,11.168047106446538,0.0008321817770896824,0.005504769998451345,True,True
attributor,globalopt,0.05181347150259067,0.03677574283648606,2509,15.948616684290371,6.50853246218977e-05,0.0005721080386517427,True,True
attributor,indvars,0.05513383939272873,0.03676568633807452,2503,23.738478871662558,1.1035398883214712e-06,1.391775266559382e-05,True,True
attributor,mergeicmps,0.05045689312673818,0.036779772776484435,2517,13.23506785747191,0.0002747599280600469,0.002114273467969323,True,True
attributor,separate-const-offset-from-gep,0.048012593467138924,0.036786969558690936,2541,9.000497377241835,0.0026990613979198377,0.015186098325077708,True,True
attributor,libcalls-shrinkwrap,0.049779205138498595,0.03678227287240094,2491,11.828314733389806,0.000583367698849112,0.004025494112234578,True,True
attributor,flattencfg,0.04880952380952381,0.03678480114505218,2520,10.2424229152473,0.0013724719368537377,0.008510847355058174,True,True
attributor,loop-rotate,0.0475068708284256,0.0367884629735883,2547,8.224834791200559,0.004132096688907383,0.021676209824194662,True,True
attributor,partial-inliner,0.056282203725723345,0.03676169248140813,2523,27.02402649373631,2.0094218274207625e-07,2.882379441824068e-06,True,True
attributor,rpo-function-attrs,0.050833995234312944,0.03677859442742638,2518,13.982836626063012,0.00018448706335093544,0.0014834729775816493,True,True
attributor,inferattrs,0.0502192108409725,0.03678063615600392,2509,12.736935512013407,0.00035850462366824383,0.002654037783194042,True,True
attributor,loop-simplify,0.05207100591715976,0.03677446584660179,2535,16.672796046261773,4.441335104630891e-05,0.00040306531331945694,True,True
attributor,inline,0.05171717171717172,0.03677665983669225,2475,15.530380318078217,8.118988411009552e-05,0.0006987683212640308,True,True
attributor,sink,0.05329027048849415,0.03677185668517492,2477,18.999298253195082,1.3076653719669593e-05,0.0001354713649900162,True,True
attributor,slp-vectorizer,0.05265241488519398,0.036772837597134414,2526,17.904411847937016,2.322820171837821e-05,0.00022599164702899149,True,True
attributor,callsite-splitting,0.057097541633624106,0.0367592008103466,2522,29.324261741558836,6.12243217954214e-08,9.667517909309282e-07,True,True
attributor,dfa-jump-threading,0.04884941461445297,0.03678531278708899,2477,10.1342325533744,0.0014554082652086687,0.008933195558867,True,True
attributor,mldst-motion,0.04813915857605178,0.03678753434343187,2472,8.954513727228226,0.00276784852275247,0.015495203452607109,True,True
attributor,slsr,0.051681706316652996,0.03677744179901946,2438,15.224757730540697,9.544391704873437e-05,0.0008090008206987961,True,True
attributor,loop-interchange,0.05668016194331984,0.0367617556392817,2470,27.547660187520435,1.5327067473187101e-07,2.2395819486940553e-06,True,True
attributor,loop-fusion,0.046177726038028714,0.03679226008199439,2577,6.380398984148612,0.01153874894404677,0.049984226620450385,True,True
attributor,loop-load-elim,0.04982346018046293,0.036781212648381884,2549,12.187407450377012,0.0004811320463710609,0.0034256601701619536,True,True
attributor,loop-sink,0.052079127977392004,0.03677552653115149,2477,16.30752943455021,5.3849558180084895e-05,0.0004792610678027556,True,True
attributor,loop-unroll-and-jam,0.04694280078895464,0.03679036964088009,2535,7.344498152242277,0.006726830801309246,0.03264221737041761,True,True
attributor,hotcoldsplit,0.05591054313099041,0.03676328466956839,2504,25.8052487906262,3.7766005460970437e-07,5.153020117949834e-06,True,True
attributor,irce,0.04782608695652174,0.036787697878691496,2530,8.665200776160217,0.0032434426480486825,0.017616257156392014,True,True
attributor,scalarizer,0.05038602194229988,0.03678092304605934,2461,12.805554560455427,0.00034559176066077706,0.0025851716041023934,True,True
attributor,vector-combine,0.04684398570861453,0.03679087286878036,2519,7.15618961313769,0.007470572986962558,0.03563308625693712,True,True
attributor,always-inline,0.05137540453074434,0.036777748147350756,2472,14.807858872565797,0.00011903839501996846,0.0009918177763791414,True,True
attributor,lowerswitch,0.0471311475409836,0.03679098726621081,2440,7.333966039069559,0.006766358992201264,0.03279339333349028,True,True
attributor,early-cse-memssa,0.07483261126427727,0.036703690065340445,2539,103.7561068252647,2.2881871256000894e-24,5.120309019342829e-22,True,True
attributor,simple-loop-unswitch,0.05410821643286573,0.03676899645852065,2495,21.08603731213188,4.39116137317172e-06,4.9413183727989815e-05,True,True
attributor,loop-flatten,0.052146008824709184,0.036775023028734234,2493,16.5573981261924,4.7199486729760825e-05,0.00042588292634503083,True,True
attributor,loop-reroll,0.05301497369486038,0.03677281006606897,2471,18.324771448922935,1.8626931258782637e-05,0.00018584219824049122,True,True
attributor,loop-simplifycfg,0.05211325400082068,0.036776173589900096,2437,16.115249705582123,5.960216526741998e-05,0.0005274623258468172,True,True
attributor,load-store-vectorizer,0.04952076677316294,0.03678285782791769,2504,11.420658126257802,0.0007263196252546999,0.0048744946915122616,True,True
attributor,iroutliner,0.049885757806549885,0.03677978378219653,2626,12.67736611778434,0.0003701085588810065,0.00272832384090524,True,True
attributor,global-merge,0.04932182490752158,0.03678455616213486,2433,10.750934740454188,0.0010422666245435569,0.006735175085334272,True,True
inferattrs,mem2reg,0.0745114006514658,0.03670852630111047,2456,98.66520790901039,2.990095056518838e-23,5.575815353013223e-21,True,True
inferattrs,sroa,0.06581059390048154,0.036733385690763315,2492,59.22708419261909,1.4048685877913001e-14,5.979853684555142e-13,True,True
inferattrs,elim-avail-extern,0.048119692680954305,0.036787579344739973,2473,8.92735759262325,0.0028093048888840526,0.015669304288741626,True,True
inferattrs,instcombine,0.06230031948881789,0.036743711511219086,2504,45.97283366287773,1.199042136964393e-11,3.5843122201164605e-10,True,True
inferattrs,simplifycfg,0.04656669297553275,0.03679154800003915,2534,6.806088824385624,0.009084753823531829,0.041536639814945896,True,True
inferattrs,loop-deletion,0.04907004352987732,0.03678389279479535,2527,10.722232675578763,0.0010585586522110111,0.006817237379704579,True,True
inferattrs,gvn,0.05343811394891945,0.03677002220441519,2545,19.874595326105386,8.269193432942083e-06,8.896198209725602e-05,True,True
inferattrs,newgvn,0.051807228915662654,0.03677611136936364,2490,15.814295649574735,6.987258899865559e-05,0.0006121276476929201,True,True
inferattrs,attributor,0.06483300589390963,0.03673454407545831,2545,56.479601321319755,5.6784411779307276e-14,2.292451098224405e-12,True,True
inferattrs,slp-vectorizer,0.05090909090909091,0.036779106394690966,2475,13.891031895828373,0.00019372061673077437,0.0015466053723093016,True,True
inferattrs,loop-distribute,0.04871060171919771,0.0367862293533878,2443,9.76534203798494,0.0017783242785106778,0.01060764337341632,True,True
inferattrs,hotcoldsplit,0.0477516912057302,0.03678815615148323,2513,8.490816450415839,0.0035694359029158095,0.019121629269245294,True,True
inferattrs,always-inline,0.04672163329407145,0.036790909747089255,2547,7.060385429050514,0.007880704080207388,0.03702509637034292,True,True
inferattrs,early-cse-memssa,0.05923076923076923,0.03675047409310577,2600,36.93064440828463,1.2240684042119418e-09,2.5980768947934766e-08,True,True
inferattrs,loop-simplifycfg,0.04637336504161712,0.03679227625219133,2523,6.510246193848329,0.010725465768851751,0.04715482109245535,True,True
inferattrs,global-merge,0.050239234449760764,0.03678059116120777,2508,12.769929476677119,0.0003522361163686397,0.0026177700745163486,True,True
called-value-propagation,mem2reg,0.05711987127916331,0.03676002857618195,2486,28.968102640278424,7.35799637342019e-08,1.1456824571894022e-06,True,True
called-value-propagation,sroa,0.06607073455110765,0.036729685322684634,2573,62.26083385262113,3.008493127121519e-15,1.3619952700355917e-13,True,True
called-value-propagation,mergefunc,0.04668304668304668,0.03679230050348131,2442,6.715792023713537,0.009556284044103512,0.043093777601462144,True,True
called-value-propagation,instcombine,0.05597459309249702,0.03676273593734517,2519,26.134814538324022,3.1839121468663555e-07,4.397954133025978e-06,True,True
called-value-propagation,simplifycfg,0.05951417004048583,0.036753192738660276,2470,35.971401127223636,2.0023497163220086e-09,4.105341093778527e-08,True,True
called-value-propagation,tailcallelim,0.04769351055512119,0.03678773464873647,2558,8.551563314052988,0.003452256242856014,0.018595647107323452,True,True
called-value-propagation,dse,0.04654771140418929,0.03679108166171584,2578,6.897691572430041,0.008630712078168264,0.039855977002484576,True,True
called-value-propagation,jump-threading,0.05293631100082713,0.03677409569289031,2418,17.756782983864113,2.5102091066434e-05,0.00024271552744729763,True,True
called-value-propagation,gvn,0.04738562091503268,0.03679012406085857,2448,7.725815713708602,0.005443675983287984,0.027391140553420994,True,True
called-value-propagation,newgvn,0.05460342766042248,0.0367671795273298,2509,22.437038981378212,2.1714583900929135e-06,2.5807074523835655e-05,True,True
called-value-propagation,early-cse,0.04936305732484077,0.03678321780979108,2512,11.174448872276113,0.0008293152665190454,0.005490445619084669,True,True
called-value-propagation,globalopt,0.046285492026448855,0.036791990007083615,2571,6.512982332138116,0.010708975613315939,0.04715482109245535,True,True
called-value-propagation,mergeicmps,0.04734925131525698,0.03678993588826135,2471,7.745016199795447,0.00538609774093014,0.02716285737731156,True,True
called-value-propagation,libcalls-shrinkwrap,0.04690579424517146,0.036790459657480366,2537,7.29665758585146,0.006908300522501336,0.03341927714158768,True,True
called-value-propagation,float2int,0.0487229862475442,0.036784702809500795,2545,10.19554161100122,0.0014078060584396595,0.008695533950867045,True,True
called-value-propagation,scalarizer,0.04675118858954041,0.03679109790978021,2524,7.038268590940353,0.00797861256726667,0.037328849239445974,True,True
called-value-propagation,always-inline,0.047332531087043724,0.03678970269995853,2493,7.7893805832326235,0.0052554210117332035,0.026641072727439773,True,True
called-value-propagation,loop-reroll,0.04806902218570255,0.036788270810601875,2434,8.707517256135798,0.0031690050918792784,0.017320061325609568,True,True
called-value-propagation,partially-inline-libcalls,0.047692307692307694,0.036787178075487856,2600,8.69049536474601,0.003198736775500228,0.01744603511540236,True,True
called-value-propagation,load-store-vectorizer,0.04806902218570255,0.036788270810601875,2434,8.707517256135798,0.0031690050918792784,0.017320061325609568,True,True
licm,mem2reg,0.06136900078678206,0.036745419668023804,2542,43.32297905939116,4.641010876494533e-11,1.2533930063691442e-09,True,True
licm,sroa,0.06320450885668277,0.0367415892526417,2484,48.89880640577634,2.695147090248682e-12,8.686581074414682e-11,True,True
licm,instcombine,0.04929577464788732,0.03678275103560829,2556,11.249112929555029,0.0007966107764749895,0.0053008118957961915,True,True
licm,sccp,0.0475614671503426,0.036789162647146254,2481,8.093134398952442,0.004443325159013556,0.023077004406760065,True,True
licm,gvn,0.05905667855727309,0.03675312902558883,2523,35.27895014204827,2.8570338894201937e-09,5.636344942553894e-08,True,True
licm,newgvn,0.05880077369439071,0.036752246548359666,2585,35.3213427730378,2.7955174224842202e-09,5.556977779922947e-08,True,True
licm,inline,0.0461361014994233,0.03679211695371255,2601,6.3828342133109,0.011522927936148297,0.04994331576973628,True,True
licm,consthoist,0.05163579030350808,0.036775779196073465,2537,15.747141472530606,7.239725218046952e-05,0.0006321240569425165,True,True
licm,early-cse-memssa,0.056282203725723345,0.03676169248140813,2523,27.02402649373631,2.0094218274207625e-07,2.882379441824068e-06,True,True
loop-simplify,mem2reg,0.06003976143141153,0.036750322655623995,2515,38.34517446169071,5.927448009220687e-10,1.334016460006219e-08,True,True
loop-simplify,sroa,0.07140085370585952,0.036712737024589756,2577,87.15606267707767,1.0028713134248517e-20,1.2083827887297598e-18,True,True
loop-simplify,instcombine,0.058310194367314556,0.03675548579754327,2521,32.92370116024567,9.584758871880659e-09,1.7271449686063187e-07,True,True
loop-simplify,simplifycfg,0.047996826656088856,0.03678729284133546,2521,8.904293019225422,0.0028450100410437897,0.015802921022308482,True,True
loop-simplify,jump-threading,0.047339593114241005,0.036788868036711796,2556,7.9975757428298655,0.004684002014055829,0.02416673502904167,True,True
loop-simplify,gvn,0.06031746031746032,0.03674932410114628,2520,39.34622271716264,3.5493881923229624e-10,8.322996503674684e-09,True,True
loop-simplify,newgvn,0.05114780507450665,0.036778243036110325,2483,14.412372103181186,0.0001468344418819232,0.001205458436917424,True,True
loop-simplify,partial-inliner,0.04716227018385292,0.036790107749973086,2502,7.566368930948098,0.005946746882850097,0.029515159433765502,True,True
loop-simplify,attributor,0.052568697729988054,0.03677338614869122,2511,17.61002266328596,2.7115551278804016e-05,0.0002605754571970467,True,True
loop-simplify,loop-interchange,0.0472,0.03679001773808795,2500,7.6155739448945745,0.005786633862000421,0.02894055964699061,True,True
loop-simplify,speculative-execution,0.04850444624090541,0.036786401068655224,2474,9.549628912387506,0.0019998984458407493,0.011776845584830638,True,True
div-rem-pairs,mem2reg,0.06553493880773786,0.036732781432243275,2533,59.0650188631078,1.525471650033529e-14,6.458104844898701e-13,True,True
div-rem-pairs,sroa,0.0689935064935065,0.03672478794743886,2464,72.12501540882269,2.01986938597595e-17,1.352104019740482e-15,True,True
div-rem-pairs,simplifycfg,0.05342902711323764,0.036770804534144316,2508,19.563351353289143,9.731822428872716e-06,0.00010355928432463467,True,True
div-rem-pairs,gvn,0.052321007081038554,0.03677355739116818,2542,17.271664921509313,3.2398222737380105e-05,0.0003042480581284904,True,True
div-rem-pairs,newgvn,0.05454545454545454,0.03676809688369675,2475,21.98799131986754,2.7436173553317017e-06,3.216768132778127e-05,True,True
div-rem-pairs,lower-expect,0.04787437763309077,0.03678644968611555,2611,9.022176889307314,0.002667235502508332,0.015039444532501984,True,True
div-rem-pairs,loop-fusion,0.047802621434078645,0.03678690803028301,2594,8.84724261532496,0.002935320059811232,0.016221779747574553,True,True
float2int,ipsccp,0.050594097355308544,0.03677779531431801,2609,13.997886094049836,0.0001830162770885736,0.00147455412656214,True,True
float2int,mem2reg,0.0679650238473768,0.03672590080667063,2516,69.01801351511587,9.756819565465728e-17,5.923675258661052e-15,True,True
float2int,sroa,0.06934594168636722,0.03672077238895441,2538,75.9345857934613,2.9321907557123787e-18,2.1871350474989857e-16,True,True
float2int,function-attrs,0.0465587044534413,0.03679233742721535,2470,6.62279977974266,0.010068143918801816,0.044879739995478556,True,True
float2int,instcombine,0.051332288401253916,0.0367764540652167,2552,15.198121165322977,9.6799682921091e-05,0.000819605531500524,True,True
float2int,simplifycfg,0.052782324058919805,0.03677404202537963,2444,17.606906504403447,2.7160018445868362e-05,0.00026068292214220714,True,True
float2int,memcpyopt,0.04649298597194389,0.036792239328158734,2495,6.600034145745643,0.01019768120785964,0.045379681374975396,True,True
float2int,adce,0.04876099120703437,0.03678521447235787,2502,10.086866573565684,0.0014932981882275983,0.00912286381450745,True,True
float2int,gvn,0.06234915526950925,0.03674412573520057,2486,45.81648590914943,1.298660050888304e-11,3.83815302587064e-10,True,True
float2int,sink,0.04717741935483871,0.036790340929942385,2480,7.521626765832244,0.006096260207928327,0.03016166136986397,True,True
float2int,consthoist,0.0473746545598105,0.036789056258922925,2533,7.9783140583524785,0.004734100982256697,0.02434502882011454,True,True
float2int,vector-combine,0.049743387287801026,0.036781716064138624,2533,11.961959052129993,0.0005429775193346518,0.003780088827936883,True,True
float2int,lowerswitch,0.046474358974358976,0.03679228433648866,2496,6.577278179196971,0.010328871481797515,0.04578139300817099,True,True
float2int,early-cse-memssa,0.04993958920660491,0.03678191290902263,2483,12.083890979811166,0.0005085934494186031,0.003569268723876792,True,True
float2int,loop-simplifycfg,0.047489295445698715,0.03678822972395982,2569,8.268831817838885,0.0040331448308364515,0.02118550658290482,True,True
float2int,speculative-execution,0.047086991221069435,0.03679028777506471,2506,7.468561135949851,0.0062785711332951,0.030926898815073725,True,True
inline,mem2reg,0.05605644845158761,0.03676172836032342,2551,26.694573066906496,2.3828984394458468e-07,3.3932473777708857e-06,True,True
inline,sroa,0.060421735604217354,0.036750566371941226,2466,38.843039615151774,4.592886773636408e-10,1.0548823815577813e-08,True,True
inline,instcombine,0.05594956658786446,0.03676236708049307,2538,26.263781886655813,2.9782184425228497e-07,4.150428263672413e-06,True,True
inline,simplifycfg,0.05267326732673267,0.0367727926109429,2525,17.944482286546883,2.274427991032486e-05,0.00022155870678813966,True,True
inline,dce,0.04646544876886418,0.03679205120425919,2518,6.623185038389153,0.010065966355423102,0.044879739995478556,True,True
inline,gvn,0.053462940461725394,0.03677149682989574,2469,19.33695164717102,1.0956537972366536e-05,0.00011472139759301431,True,True
inline,newgvn,0.048119692680954305,0.036787579344739973,2473,8.92735759262325,0.0028093048888840526,0.015669304288741626,True,True
inline,globalopt,0.04786597526924611,0.036787886127840105,2507,8.648543567577526,0.003273229010890769,0.017741127760066786,True,True
inline,hotcoldsplit,0.048197492163009406,0.036786241219087884,2552,9.340759845324904,0.002241125830423577,0.012944319693124968,True,True
inline,early-cse-memssa,0.057008980866848885,0.03675850788302754,2561,29.51957928379449,5.535467672337088e-08,8.829690999947877e-07,True,True
sink,mem2reg,0.07079646017699115,0.03671843653053835,2486,81.1558841859458,2.085969611599865e-19,2.0680144301329293e-17,True,True
sink,sroa,0.06111566858080394,0.036749307655422794,2438,40.69215000834409,1.782016125389544e-10,4.430714379063781e-09,True,True
sink,instcombine,0.05505341002465078,0.036767476110559305,2434,22.879818784242037,1.7245303206801482e-06,2.0779263802410647e-05,True,True
sink,gvn,0.04895104895104895,0.036785689384589225,2431,10.114261238290773,0.001471263960788711,0.009016384460795918,True,True
sink,alignment-from-assumptions,0.048458149779735685,0.036786212785322216,2497,9.56243854259036,0.0019859911598704106,0.011703827383372818,True,True
sink,callsite-splitting,0.046644844517184945,0.03679239051456503,2444,6.669333515479618,0.009808586161848832,0.043915796581146554,True,True
sink,loop-sink,0.050970873786407765,0.036778971421860894,2472,13.996106003443503,0.00018318962782749772,0.00147455412656214,True,True
sink,early-cse-memssa,0.05134474327628362,0.036778161605683694,2454,14.63783827379058,0.00013027254131153467,0.001081966642154761,True,True
sink,load-store-vectorizer,0.050316957210776544,0.03678008773882896,2524,13.000969335059594,0.00031132976941571853,0.0023558789894337273,True,True
loop-vectorize,mem2reg,0.06042654028436019,0.0367486402305797,2532,39.90209679701513,2.6701640651375033e-10,6.474527850822577e-09,True,True
loop-vectorize,sroa,0.06306661411115491,0.03674030141434012,2537,49.424641967519634,2.061399625916659e-12,6.699121107958204e-11,True,True
loop-vectorize,jump-threading,0.046825396825396826,0.03679091787676009,2520,7.132507206436917,0.007569880576170368,0.03590993620385604,True,True
slp-vectorizer,mem2reg,0.07048639736191262,0.036721857706929706,2426,77.75251164899908,1.1679466502466523e-18,9.731232090140193e-17,True,True
slp-vectorizer,sroa,0.07787048073102901,0.03669536218870537,2517,119.95173988146199,6.4818559301146255e-28,2.2072128541155545e-25,True,True
slp-vectorizer,instsimplify,0.047410358565737054,0.03678924447054218,2510,7.959232820544182,0.0047842688730500935,0.024506470774184653,True,True
slp-vectorizer,constmerge,0.04856687898089172,0.03678566447852926,2512,9.800676132887238,0.0017444771868726052,0.010437544176918445,True,True
slp-vectorizer,instcombine,0.05932547744819179,0.03675401136896032,2461,35.24638023481371,2.9052157591466893e-09,5.7026691292322984e-08,True,True
slp-vectorizer,simplifycfg,0.052778888444622155,0.03677293629327334,2501,18.01104207101808,2.1962732804929287e-05,0.0002150151541602577,True,True
slp-vectorizer,jump-threading,0.05068762278978389,0.03677858589071513,2545,13.839507922967504,0.00019910534841847402,0.0015863612297187066,True,True
slp-vectorizer,gvn,0.05384615384615385,0.03677031853990312,2470,20.246010508984607,6.809531533573756e-06,7.448638403763919e-05,True,True
slp-vectorizer,newgvn,0.050952936600544535,0.0367773089350228,2571,14.52150407415718,0.00013856873195844472,0.001144799903690442,True,True
slp-vectorizer,libcalls-shrinkwrap,0.050212437234453455,0.03677934229795647,2589,13.131053893896947,0.0002904413521093507,0.002214933466134795,True,True
slp-vectorizer,loop-load-elim,0.04633956386292835,0.0367918549711151,2568,6.579908895834258,0.010313617113869373,0.04578139300817099,True,True
slp-vectorizer,irce,0.04774436090225564,0.03678620807791604,2660,8.977056964635675,0.0027339063586482174,0.015349071398518164,True,True
slp-vectorizer,lowerswitch,0.052204176334106726,0.03677309007981756,2586,17.30766487404357,3.1790196561337294e-05,0.00029925579263028086,True,True
slp-vectorizer,early-cse-memssa,0.06133755441234666,0.03674596873344645,2527,42.95627511746741,5.5977065018164985e-11,1.486143638041587e-09,True,True
slp-vectorizer,simple-loop-unswitch,0.04689984101748808,0.0367907378455019,2516,7.227532374983529,0.007179382398970304,0.03447512136648401,True,True
slp-vectorizer,loop-versioning,0.04824561403508772,0.036786707803122425,2508,9.257042653390084,0.002345915332144178,0.013452590889874,True,True
slp-vectorizer,speculative-execution,0.046336633663366336,0.03679236627213506,2525,6.465408173441171,0.010999437424275635,0.048046622368615045,True,True
slp-vectorizer,load-store-vectorizer,0.04627844195912071,0.03679175684553995,2593,6.559107181054623,0.010434870792585626,0.04619403155824835,True,True
slp-vectorizer,iroutliner,0.046806822689408965,0.03679096288484994,2521,7.108873959185868,0.007670327693857974,0.03632043923717996,True,True
slp-vectorizer,global-merge,0.04665071770334928,0.036791601116654145,2508,6.852703449921031,0.008850724689372817,0.04066914358138822,True,True
callsite-splitting,mem2reg,0.0639466457434288,0.03673717061760384,2549,53.04528440037618,3.2594655344675616e-13,1.1818580586087936e-11,True,True
callsite-splitting,sroa,0.0687111801242236,0.03672125612020935,2576,74.09596320404009,7.441034080562566e-18,5.346621919171193e-16,True,True
callsite-splitting,instcombine,0.05493630573248408,0.03676609112862382,2512,23.312885180150186,1.3767459626584533e-06,1.7007372838392756e-05,True,True
callsite-splitting,simplifycfg,0.046548323471400394,0.03679159300967073,2535,6.783137722925722,0.009202298493415194,0.04192693531147632,True,True
callsite-splitting,tailcallelim,0.0558858501783591,0.03676291583223945,2523,25.934432585561154,3.5321233439563254e-07,4.853261408748411e-06,True,True
callsite-splitting,gvn,0.052897705173084404,0.03677119182166413,2571,18.793512917087213,1.4566172539520563e-05,0.0001491271416072223,True,True
callsite-splitting,newgvn,0.05172413793103448,0.03677416986810874,2610,16.39552184332407,5.140653741521534e-05,0.00045960730711868325,True,True
callsite-splitting,early-cse,0.051341890315052506,0.036776085512351064,2571,15.33189997056646,9.018077246483894e-05,0.0007693854138830268,True,True
callsite-splitting,rpo-function-attrs,0.046706586826347304,0.03679146609251999,2505,6.922512349921382,0.008511731133551035,0.0394338877918269,True,True
callsite-splitting,attributor,0.05066344993968637,0.036779646295917984,2487,13.476039314844051,0.0002416293115908173,0.0018886634414962884,True,True
callsite-splitting,div-rem-pairs,0.048061389337641355,0.036787714349324874,2476,8.84620629782148,0.002936987191274351,0.016221779747574553,True,True
callsite-splitting,lowerswitch,0.0467147740220281,0.03678988691046436,2633,7.289437157002458,0.006936120305644791,0.03353314458877161,True,True
callsite-splitting,early-cse-memssa,0.05813953488372093,0.036754468600511396,2580,33.1635531362531,8.472377438433553e-09,1.5360106504123052e-07,True,True
callsite-splitting,loop-flatten,0.05043002345582486,0.03677917082623759,2558,13.398368953278077,0.00025184319597945805,0.0019548423299416405,True,True
dfa-jump-threading,mem2reg,0.058385579937304075,0.03675443296900653,2552,33.56408331171608,6.895429727931691e-09,1.2737029629519106e-07,True,True
dfa-jump-threading,sroa,0.06783719074221868,0.03672667485479127,2506,68.17967964630567,1.492559460566513e-16,8.789267439967616e-15,True,True
dfa-jump-threading,instcombine,0.06158017041053447,0.03674354758199489,2582,44.76724894369185,2.219034788944923e-11,6.274180674013226e-10,True,True
dfa-jump-threading,sccp,0.048318515655199075,0.03678536953593446,2587,9.671825344056707,0.0018711531450089872,0.011119022330584514,True,True
dfa-jump-threading,newgvn,0.049637266132111495,0.036780692277669634,2619,12.167053597141495,0.0004864108152771739,0.0034538254807351095,True,True
dfa-jump-threading,early-cse,0.04659357870007831,0.036791224816368075,2554,6.897879593094077,0.00862980441294685,0.039855977002484576,True,True
dfa-jump-threading,separate-const-offset-from-gep,0.04723779023218575,0.03678992772664328,2498,7.664980344835575,0.005630287378376355,0.028248821747241266,True,True
dfa-jump-threading,libcalls-shrinkwrap,0.048859934853420196,0.03678559108690706,2456,10.065641598342838,0.0015105995159042673,0.009185143083020516,True,True
dfa-jump-threading,attributor,0.049512987012987016,0.03678350454931338,2464,11.223904816935228,0.000807504121308608,0.005368737078174039,True,True
dfa-jump-threading,always-inline,0.04707728520988623,0.03678977637658872,2549,7.582752762221202,0.005892938069760224,0.029322421195909835,True,True
dfa-jump-threading,lowerswitch,0.046511627906976744,0.03679168302926428,2537,6.7373803438188515,0.009441316619280904,0.042791893380907435,True,True
dfa-jump-threading,early-cse-memssa,0.046511627906976744,0.03679168302926428,2537,6.7373803438188515,0.009441316619280904,0.042791893380907435,True,True
consthoist,ipsccp,0.04936854190585534,0.03678164575933795,2613,11.63534648270178,0.0006471028784543137,0.0044108875057042515,True,True
consthoist,mem2reg,0.0621719822365765,0.036744944481346783,2477,45.01864439332305,1.951673857267765e-11,5.640409464989349e-10,True,True
consthoist,sroa,0.07423580786026202,0.03670646207447479,2519,99.72928660540374,1.747184073049572e-23,3.601038331611644e-21,True,True
consthoist,instcombine,0.053843152555598905,0.03676838511011308,2563,21.003292509665545,4.584947635553391e-06,5.151981331657699e-05,True,True
consthoist,simplifycfg,0.0535426731078905,0.03677094827185473,2484,19.641660527032776,9.341010673603078e-06,9.980736097634285e-05,True,True
consthoist,dse,0.048149621965777954,0.036786932815617596,2513,9.120328584077555,0.002527845537148711,0.014409087515974311,True,True
consthoist,jump-threading,0.050058662495111456,0.036780349232254254,2557,12.672109481976076,0.00037115055059886635,0.00272832384090524,True,True
consthoist,gvn,0.0533175355450237,0.03677066078799341,2532,19.486835150583122,1.0129541297005705e-05,0.00010733998493476698,True,True
consthoist,newgvn,0.058078927773641105,0.0367518941247871,2686,34.33450093116904,4.640814643801515e-09,8.843518318796463e-08,True,True
consthoist,strip-dead-prototypes,0.04813046937151949,0.03678697781844695,2514,9.093142374237905,0.002565696687687498,0.014582392204621543,True,True
consthoist,rpo-function-attrs,0.04879016263387544,0.036784846145659134,2521,10.213428842019397,0.0013942171806838207,0.008618396968520665,True,True
consthoist,attributor,0.04798172124904798,0.03678590130719274,2626,9.251288776758763,0.0023532975288080103,0.013482828270390884,True,True
consthoist,inline,0.0481651376146789,0.03678545123535788,2616,9.521367868737896,0.0020309314547908644,0.011923729500691193,True,True
consthoist,early-cse-memssa,0.05355064027939464,0.036769014880599186,2577,20.39878049971696,6.286984617960539e-06,6.944945490531304e-05,True,True
consthoist,loop-flatten,0.04855902092380576,0.03678538616153077,2533,9.869642621180285,0.001680281431339354,0.010076542243682863,True,True
mldst-motion,ipsccp,0.046788263283108644,0.036791007893049905,2522,7.085289813019233,0.007771924940959234,0.036690606472328344,True,True
mldst-motion,mem2reg,0.06173810460086512,0.036744241240899575,2543,44.65323715225691,2.3520838830072012e-11,6.579114632754427e-10,True,True
mldst-motion,sroa,0.06706586826347305,0.0367290765739591,2505,64.80477757852096,8.269839350264329e-16,4.336542441037432e-14,True,True
mldst-motion,instcombine,0.04746835443037975,0.03678883122793367,2528,8.104543777317595,0.004415443355537338,0.02294741364337653,True,True
mldst-motion,simplifycfg,0.05433932759968726,0.036766936794096344,2558,22.20210146745665,2.4540504609337397e-06,2.897206928505533e-05,True,True
mldst-motion,gvn,0.05107741420590583,0.036778054521165976,2506,14.403688204169793,0.00014751311230648014,0.0012084965434982766,True,True
mldst-motion,newgvn,0.05984251968503937,0.036750223266169973,2540,38.07232190151899,6.81703312542504e-10,1.5254572410951116e-08,True,True
mldst-motion,early-cse,0.04669568658488326,0.036791232935701586,2527,6.968103562132916,0.008297538915859003,0.038613383713017056,True,True
mldst-motion,attributor,0.05139442231075697,0.03677701115678215,2510,15.075509059024089,0.00010329479145335612,0.0008689632724626049,True,True
mldst-motion,dfa-jump-threading,0.04743390357698289,0.0367883647467879,2572,8.192768039505953,0.0042057704045296435,0.02197437879137836,True,True
mldst-motion,vector-combine,0.046849757673667204,0.03679138419081218,2476,7.041765489714118,0.007963049827004728,0.03732292414428548,True,True
mldst-motion,early-cse-memssa,0.04821213338690237,0.03678707608069376,2489,9.13293078953377,0.0025104923259287016,0.014320594243753527,True,True
mldst-motion,loop-simplifycfg,0.04759967453213995,0.036789350843800306,2458,8.075031765725555,0.00448793205612529,0.023274623838490608,True,True
mldst-motion,iroutliner,0.04674717569146864,0.03679058654266115,2567,7.1527673009637525,0.007484841066161255,0.03565633932247048,True,True
slsr,mem2reg,0.06688285366842318,0.03673103905524641,2467,63.04871526978111,2.016568690436116e-15,9.457344900296802e-14,True,True
slsr,sroa,0.059870550161812294,0.03675205938263782,2472,37.14026103717051,1.0993040513454797e-09,2.3523905273600538e-08,True,True
slsr,instcombine,0.060851926977687626,0.03674929815225968,2465,40.25566406670944,2.2280842648854537e-10,5.453236238307148e-09,True,True
slsr,simplifycfg,0.05854049719326383,0.036755495096983816,2494,33.27189222760829,8.013253502748437e-09,1.4629324343479197e-07,True,True
slsr,jump-threading,0.049845440494590415,0.03678052074845662,2588,12.416341851055607,0.0004255930981222935,0.0030863380967535207,True,True
slsr,gvn,0.04916700528240553,0.036784592820209204,2461,10.607316259071057,0.0011264106236500361,0.007172396751566734,True,True
slsr,early-cse,0.0485362095531587,0.03678455112472686,2596,10.076614721401574,0.001501629685536708,0.00914787180812302,True,True
slsr,alignment-from-assumptions,0.04707728520988623,0.03678977637658872,2549,7.582752762221202,0.005892938069760224,0.029322421195909835,True,True
slsr,attributor,0.05017921146953405,0.036780726145926486,2511,12.671117845963943,0.00037134744821309826,0.00272832384090524,True,True
slsr,loop-interchange,0.046220133176654916,0.036792403201871306,2553,6.37822121942911,0.0115529161630881,0.04999029800514143,True,True
slsr,globalsplit,0.04712041884816754,0.036790475945817996,2483,7.448078493441476,0.006350420755565531,0.031163217642599775,True,True
slsr,early-cse-memssa,0.05147347740667976,0.03677613912320086,2545,15.452683542151535,8.459673903508797e-05,0.0007256973276262967,True,True
slsr,iroutliner,0.04841936774709884,0.0367863027875677,2499,9.506436367224193,0.002047524185597228,0.011994173090200068,True,True
loop-interchange,mem2reg,0.050058662495111456,0.036780349232254254,2557,12.672109481976076,0.00037115055059886635,0.00272832384090524,True,True
loop-interchange,sroa,0.07081377151799687,0.03671546402346971,2556,83.53325298865302,6.265316408685958e-20,6.815271960115059e-18,True,True
loop-interchange,instcombine,0.06398687448728466,0.036740745089980334,2438,50.87904145331586,9.823696075460765e-13,3.359789854279856e-11,True,True
loop-interchange,simplifycfg,0.0539906103286385,0.03676807023295987,2556,21.31023100346655,3.9064104812701025e-06,4.456245675370238e-05,True,True
loop-interchange,dse,0.04669887278582931,0.036791744243797296,2484,6.8535934576300495,0.008846316944076154,0.04066914358138822,True,True
loop-interchange,jump-threading,0.05178643115214773,0.03677615635768889,2491,15.776782802414196,7.127176501330684e-05,0.0006236876688091834,True,True
loop-interchange,gvn,0.05670707860774345,0.03675955140305826,2557,28.598366518401246,8.905727886578459e-08,1.3676404079937744e-06,True,True
loop-interchange,newgvn,0.05517519130084575,0.036766010126402654,2483,23.654694669569544,1.1526437305084262e-06,1.4490378326391645e-05,True,True
loop-interchange,partial-inliner,0.04771371769383698,0.036788246160245154,2515,8.438651494088262,0.0036732853919233003,0.01961088697310381,True,True
loop-interchange,attributor,0.04889779559118237,0.036784899474588816,2495,10.290390205408336,0.0013372480810525166,0.008305572538305559,True,True
loop-interchange,called-value-propagation,0.04924704924704925,0.03678441283289276,2457,10.727795909922177,0.0010553808168937409,0.006803080294577595,True,True
loop-interchange,slp-vectorizer,0.046937151949085126,0.03679064783053352,2514,7.275341087674468,0.006990761683674484,0.03371406743013458,True,True
loop-interchange,scalarizer,0.04710144927536232,0.036790520951330084,2484,7.423663524100918,0.006437161874480885,0.0315296133839489,True,True
loop-interchange,early-cse-memssa,0.05562273276904474,0.0367646968875884,2481,24.80232680505884,6.352074563694042e-07,8.264027904128195e-06,True,True
loop-interchange,loop-versioning,0.04727272727272727,0.03679011590568519,2475,7.645222104713154,0.0056922887166633,0.028505118432804965,True,True
loop-fusion,mem2reg,0.06541683286796969,0.036734059744838475,2507,57.9769736905377,2.6520399682121387e-14,1.1107367396276722e-12,True,True
loop-fusion,sroa,0.05860655737704918,0.03675673692064929,2440,32.747646896089435,1.0493325468358502e-08,1.8720666302547559e-07,True,True
loop-fusion,instcombine,0.05092966855295069,0.036779061403637535,2474,13.925997357532584,0.0001901501927373025,0.0015227569626979072,True,True
loop-fusion,simplifycfg,0.05459057071960298,0.036769202918050914,2418,21.589599086911477,3.3767806659125404e-06,3.894984709193964e-05,True,True
loop-fusion,jump-threading,0.04642857142857143,0.03679214122310167,2520,6.57786456380759,0.010325469293300995,0.04578139300817099,True,True
loop-fusion,gvn,0.04741546832491255,0.036788409754617515,2573,8.167512373585321,0.004264735819627332,0.022252772111473192,True,True
loop-fusion,newgvn,0.055710306406685235,0.03676368943417046,2513,25.357800717998465,4.762226731888437e-07,6.3109576589086696e-06,True,True
loop-fusion,early-cse,0.0468384074941452,0.036790361492950716,2562,7.270630363505256,0.007009119994705601,0.03378180172217494,True,True
loop-fusion,attributor,0.05147347740667976,0.03677613912320086,2545,15.452683542151535,8.459673903508797e-05,0.0007256973276262967,True,True
loop-fusion,early-cse-memssa,0.051819620253164556,0.036775374286476266,2528,16.082949410955905,6.062745372074824e-05,0.0005359302681048535,True,True
loop-distribute,bdce,0.04969939879759519,0.03678245285673217,2495,11.701877354739642,0.0006243707188108065,0.004270804777053482,True,True
loop-distribute,mem2reg,0.05867768595041322,0.03675706090296381,2420,32.69086295429202,1.0804392142829395e-08,1.9231818014236324e-07,True,True
loop-distribute,sroa,0.06476484194294525,0.03673307591795986,2594,57.2906301773268,3.7594197688249727e-14,1.5415589334783867e-12,True,True
loop-distribute,instcombine,0.05865809562073122,0.03675527028200734,2489,33.56554260853197,6.890258364407338e-09,1.2737029629519106e-07,True,True
loop-distribute,dce,0.048574869530309116,0.036785942781228174,2491,9.73172210978755,0.0018111471608237316,0.010786999668115183,True,True
loop-distribute,jump-threading,0.05227987421383648,0.03677364736740371,2544,17.193672414426405,3.3755883328275506e-05,0.00031510855569374707,True,True
loop-distribute,gvn,0.054967426710097717,0.03676724232838406,2456,22.869989504893258,1.7333719083600374e-06,2.0853715493511235e-05,True,True
loop-distribute,newgvn,0.05139802631578947,0.036778395093441364,2432,14.612858647368915,0.00013201071061546703,0.0010929258832350294,True,True
loop-distribute,strip-dead-prototypes,0.048818897637795275,0.03678447780183751,2540,10.340116532698058,0.0013016979372616907,0.008129902906406349,True,True
loop-distribute,flattencfg,0.046502384737678856,0.03679196118585721,2516,6.668699298604826,0.00981207723103662,0.043915796581146554,True,True
loop-distribute,attributor,0.0504,0.03678023120680164,2500,13.03593332839525,0.0003055709014381966,0.0023210859020964406,True,True
loop-distribute,loop-simplify,0.046370967741935484,0.03679278750290531,2480,6.395742472494786,0.011439437600178464,0.049608901043520344,True,True
loop-distribute,early-cse-memssa,0.04883812524615991,0.036784432800635175,2539,10.36919028612677,0.0012813573430412806,0.008034900488950609,True,True
loop-distribute,loop-reroll,0.046464646464646465,0.036792562463683905,2475,6.508655064245123,0.01073506716136975,0.04715482109245535,True,True
loop-distribute,loop-instsimplify,0.046691027202598455,0.03679202238078404,2463,6.784686609415071,0.009194317044208106,0.041914954068822986,True,True
loop-load-elim,bdce,0.04771451483560545,0.03678852439764342,2494,8.369199504954805,0.0038163368745595624,0.02022297050172564,True,True
loop-load-elim,mem2reg,0.06996381182147166,0.03672092804200312,2487,77.257869214456,1.500325340408763e-18,1.2113967078434467e-16,True,True
loop-load-elim,sroa,0.0628858024691358,0.03673910330601768,2592,49.80609682061675,1.6971577217698178e-12,5.578097618927639e-11,True,True
loop-load-elim,instcombine,0.058268362741075094,0.036757825257824644,2437,31.699628650633755,1.7995660464253423e-08,3.063956799044192e-07,True,True
loop-load-elim,simplifycfg,0.05286168521462639,0.036772387740172295,2516,18.30791766884531,1.8792449452241093e-05,0.00018701710814479318,True,True
loop-load-elim,jump-threading,0.05208747514910537,0.03677478943279894,2515,16.576598162885887,4.672402653708109e-05,0.0004220790955460428,True,True
loop-load-elim,gvn,0.04947409427347098,0.03678202262586817,2567,11.622992385328848,0.0006514151440762568,0.004428718236462885,True,True
loop-load-elim,newgvn,0.056954668733049205,0.03675818388023035,2581,29.59096966609345,5.335292291802426e-08,8.562706809302582e-07,True,True
loop-load-elim,attributor,0.050393700787401574,0.03677958429674215,2540,13.232869858194352,0.0002750823115246093,0.002114273467969323,True,True
loop-load-elim,loop-interchange,0.04966495861253449,0.03678189605499301,2537,11.835911042952278,0.0005809926573050083,0.004016182252438503,True,True
loop-load-elim,early-cse-memssa,0.0518401266323704,0.036775329297071405,2527,16.120560428571668,5.943526733840395e-05,0.0005265803323465834,True,True
loop-sink,mem2reg,0.06271912738605376,0.03674042645858796,2567,48.695382739416324,2.989694497172913e-12,9.518409472300103e-11,True,True
loop-sink,sroa,0.06173810460086512,0.036744241240899575,2543,44.65323715225691,2.3520838830072012e-11,6.579114632754427e-10,True,True
loop-sink,instsimplify,0.04683929931454684,0.03678957182219047,2626,7.45416494063583,0.006328983321870355,0.031077490518425465,True,True
loop-sink,instcombine,0.06237343053867963,0.03674458488943474,2469,45.588814832327266,1.4587219131843237e-11,4.2789176120073495e-10,True,True
loop-sink,simplifycfg,0.05340773216420885,0.0367708495169682,2509,19.52101691967514,9.949891916327786e-06,0.0001055928909060694,True,True
loop-sink,sccp,0.05604133545310016,0.03676260101732984,2516,26.285838172510527,2.9443985262120065e-07,4.124792923480348e-06,True,True
loop-sink,gvn,0.05204163330664532,0.03677524796562979,2498,16.365474013190322,5.222799346047235e-05,0.00046535795765918027,True,True
loop-sink,newgvn,0.053249475890985325,0.03677383449633974,2385,18.201064519552215,1.9876770595354838e-05,0.00019644154006354336,True,True
loop-sink,strip-dead-prototypes,0.049800796812749,0.03678190448228616,2510,11.958566720054527,0.0005439669834238614,0.00378025680051081,True,True
loop-sink,loop-fusion,0.04684398570861453,0.03679087286878036,2519,7.15618961313769,0.007470572986962558,0.03563308625693712,True,True
loop-sink,irce,0.050505050505050504,0.036780329673690326,2475,13.1056382334613,0.000294408356569015,0.0022386468433480827,True,True
loop-sink,early-cse-memssa,0.048012593467138924,0.036786969558690936,2541,9.000497377241835,0.0026990613979198377,0.015186098325077708,True,True
loop-unroll-and-jam,correlated-propagation,0.04856254856254856,0.036784784481071135,2574,10.035928980546734,0.0015351610560958788,0.009306022748717432,True,True
loop-unroll-and-jam,mem2reg,0.06387147335423198,0.03673730544973195,2552,52.81395735512022,3.6668621419082413e-13,1.3113636664577783e-11,True,True
loop-unroll-and-jam,sroa,0.0666131621187801,0.03673093908188555,2492,62.55193455905137,2.5951025913542575e-15,1.1885873389173418e-13,True,True
loop-unroll-and-jam,instcombine,0.05932547744819179,0.03675401136896032,2461,35.24638023481371,2.9052157591466893e-09,5.7026691292322984e-08,True,True
loop-unroll-and-jam,simplifycfg,0.05161290322580645,0.03677688477864631,2480,15.34474540986383,8.956969468490094e-05,0.0007658404462577993,True,True
loop-unroll-and-jam,gvn,0.04714738510301109,0.03678987455745229,2524,7.611145418707476,0.005800862429430201,0.02899320647562051,True,True
loop-unroll-and-jam,newgvn,0.0583266291230893,0.03675635868980163,2486,32.514897845337664,1.1828232329978011e-08,2.077101246824838e-07,True,True
loop-unroll-and-jam,early-cse,0.05001953888237593,0.03678043922675929,2559,12.607195674125332,0.0003842645855280899,0.002814515274369945,True,True
loop-unroll-and-jam,globalsplit,0.04894283476898982,0.03678388443300432,2554,10.61321650383035,0.0011228220069751727,0.007172396751566734,True,True
loop-unroll-and-jam,early-cse-memssa,0.05415162454873646,0.036768906499057445,2493,21.175029348656626,4.191906740351305e-06,4.751232068079801e-05,True,True
hotcoldsplit,ipsccp,0.04720349067830226,0.03678973953701178,2521,7.684909022645531,0.005568448697246058,0.027956468074891747,True,True
hotcoldsplit,mem2reg,0.05879967558799676,0.03675545943406843,2466,33.68705989692318,6.4729846808923516e-09,1.204190404293323e-07,True,True
hotcoldsplit,sroa,0.0681639085894405,0.03672444250879606,2538,70.51546992238542,4.5667129771847014e-17,2.931680003058244e-15,True,True
hotcoldsplit,instcombine,0.06079151366789066,0.03674989204879761,2451,39.82534165614183,2.7771828526280325e-10,6.672054018951763e-09,True,True
hotcoldsplit,simplifycfg,0.06164383561643835,0.036746392519340206,2482,43.24973877555476,4.8180203756629935e-11,1.2967263086664112e-09,True,True
hotcoldsplit,jump-threading,0.05415162454873646,0.036768906499057445,2493,21.175029348656626,4.191906740351305e-06,4.751232068079801e-05,True,True
hotcoldsplit,loop-deletion,0.05,0.036781131106027425,2520,12.377734337064526,0.00043448405041431927,0.0031412874111271024,True,True
hotcoldsplit,gvn,0.052948255114320095,0.03677257641686352,2493,18.336383044855907,1.851374848907567e-05,0.00018536371096271743,True,True
hotcoldsplit,newgvn,0.05417160933175168,0.03676807911712569,2529,21.53132601260308,3.4809574362495228e-06,4.003356628591228e-05,True,True
hotcoldsplit,slp-vectorizer,0.0492,0.036783901156034006,2500,10.833604653656352,0.000996744029907766,0.006467687856037799,True,True
hotcoldsplit,early-cse-memssa,0.05727051177904143,0.03676017262638718,2462,29.11498508807,6.820737423993098e-08,1.0662677745451884e-06,True,True
irce,mem2reg,0.0630967206309672,0.03674433453490406,2409,47.031376000020174,6.985934096973064e-12,2.145640621470315e-10,True,True
irce,sroa,0.0684931506849315,0.03672559659827663,2482,70.41116787464269,4.8146587489938974e-17,3.065724172530098e-15,True,True
irce,instcombine,0.060435132957292505,0.03675006238776319,2482,39.14022860174435,3.944323950303359e-10,9.194031303207116e-09,True,True
irce,simplifycfg,0.05001953888237593,0.03678043922675929,2559,12.607195674125332,0.0003842645855280899,0.002814515274369945,True,True
irce,newgvn,0.05309734513274336,0.03677226153078301,2486,18.624389337028603,1.591711458686023e-05,0.00016127146370541957,True,True
irce,early-cse,0.0488,0.0367851244724448,2500,10.144746803657021,0.0014471303927083997,0.008896330640260743,True,True
irce,attributor,0.05119047619047619,0.03677746106700268,2520,14.715067256280003,0.0001250430476908233,0.0010407408602704869,True,True
irce,loop-interchange,0.0489344909234412,0.036784207796275094,2534,10.515356338673287,0.0011838660045613589,0.007483485510673578,True,True
irce,loop-fusion,0.046411856474258974,0.03679167492469898,2564,6.669806049823168,0.00980598590733816,0.043915796581146554,True,True
irce,early-cse-memssa,0.04874151018777467,0.03678525947247956,2503,10.05800701437699,0.0015168722952911338,0.009209413811410976,True,True
irce,loop-flatten,0.0463443867359169,0.03679259939788145,2503,6.419352093992372,0.011288333774560459,0.049089522555445596,True,True
nary-reassociate,ipsccp,0.049679487179487176,0.03678249785309021,2496,11.670407981028617,0.0006350208334169459,0.004336079483279443,True,True
nary-reassociate,correlated-propagation,0.05112721417069243,0.03677828802665799,2484,14.376777252536717,0.00014963640398672984,0.0012233322714238707,True,True
nary-reassociate,mem2reg,0.05670529801324503,0.03676299701296827,2416,27.01187559381776,2.0220930785790992e-07,2.895252832071573e-06,True,True
nary-reassociate,sroa,0.05271439811172305,0.03677233401190103,2542,18.159545954693872,2.0314854622435573e-05,0.0001998818359333108,True,True
nary-reassociate,instsimplify,0.0471847739888977,0.03678978454371516,2522,7.660271298417497,0.00564500156648541,0.028286405802120107,True,True
nary-reassociate,instcombine,0.05502392344497608,0.036765911220612596,2508,23.501355965142587,1.248257613525092e-06,1.5542692574131194e-05,True,True
nary-reassociate,simplifycfg,0.049323786793953855,0.036783307806360376,2514,11.113445823363017,0.0008570411200519996,0.005640626934661564,True,True
nary-reassociate,dse,0.04715447154471545,0.036790664105982945,2460,7.427756870005885,0.006422535148253284,0.03147765662147667,True,True
nary-reassociate,gvn,0.057604641525072525,0.03676041573653547,2413,29.473908450481368,5.667455999228144e-08,9.003552816623697e-07,True,True
nary-reassociate,newgvn,0.0521669341894061,0.03677497804168532,2492,16.595967460239546,4.6249253803427084e-05,0.0004187562494664057,True,True
nary-reassociate,mergereturn,0.048273155416012556,0.03678606120366723,2548,9.450546844173722,0.0021108615719871047,0.012291648945578442,True,True
nary-reassociate,strip-dead-prototypes,0.04782608695652174,0.036787697878691496,2530,8.665200776160217,0.0032434426480486825,0.017616257156392014,True,True
nary-reassociate,lower-expect,0.04964539007092199,0.03678194105298185,2538,11.80453650512631,0.0005908656968353937,0.004062914958397545,True,True
nary-reassociate,attributor,0.05061289047054172,0.03677908935542395,2529,13.604391738484862,0.00022565700417219464,0.0017780137391112962,True,True
nary-reassociate,loop-distribute,0.04800650935720097,0.03678812759023942,2458,8.69615503520498,0.0031888198545921426,0.017404067666317535,True,True
nary-reassociate,lowerswitch,0.047418738049713194,0.03678785320584583,2615,8.306385273519638,0.0039505938521362935,0.020821703263749294,True,True
nary-reassociate,early-cse-memssa,0.05464272067252579,0.03676469688609171,2617,23.50949128714484,1.2429906148331188e-06,1.5501755565880552e-05,True,True
scalarizer,ipsccp,0.04795877923107412,0.03678738284886601,2523,8.850801605201665,0.002929602002360961,0.016203843843567125,True,True
scalarizer,correlated-propagation,0.049019607843137254,0.03678523110646824,2448,10.300668013644179,0.001329820608002523,0.008272561558280983,True,True
scalarizer,mem2reg,0.060495330897279743,0.0367504315053328,2463,39.03798456530355,4.1563935115144355e-10,9.602617693858719e-09,True,True
scalarizer,sroa,0.060654429369513166,0.036748694711809006,2506,40.257307054609875,2.2262112477739936e-10,5.453236238307148e-09,True,True
scalarizer,instcombine,0.058213716108452954,0.03675612459354914,2508,32.45995253594434,1.2167422169282183e-08,2.1271261256655816e-07,True,True
scalarizer,simplifycfg,0.04980392156862745,0.036781257646195255,2550,12.15558691438034,0.0004894103995330839,0.003471976674948472,True,True
scalarizer,gvn,0.04972804972804973,0.03678111419958501,2574,12.127348236633098,0.0004968772408337775,0.0035058941893785093,True,True
scalarizer,newgvn,0.05748502994011976,0.03675843634739952,2505,30.249875332581308,3.798156617071093e-08,6.249403912794286e-07,True,True
scalarizer,inferattrs,0.04760015866719556,0.036788516189173615,2521,8.283382042658717,0.004000953853049101,0.02105505486588329,True,True
scalarizer,slsr,0.049268668206312545,0.03678219420763637,2598,11.384903771920698,0.0007404338855894649,0.004949467099260447,True,True
scalarizer,nary-reassociate,0.04688700999231361,0.03678971502958348,2602,7.45634228476711,0.006321332321803298,0.03105939444439362,True,True
scalarizer,vector-combine,0.04624951418577536,0.03679208003161332,2573,6.468600132169652,0.010979698489230597,0.048046622368615045,True,True
scalarizer,early-cse-memssa,0.0518664047151277,0.03677491573944373,2545,16.292611871971584,5.427515557668196e-05,0.00048250058850916357,True,True
vector-combine,mem2reg,0.05539830165790538,0.036765560376622215,2473,24.135406614419065,8.979404767900778e-07,1.149129054611093e-05,True,True
vector-combine,sroa,0.06305609284332689,0.03673878866846513,2585,50.32234120950436,1.3045587109806196e-12,4.352794344681662e-11,True,True
vector-combine,elim-avail-extern,0.04873369148119724,0.03678377769947538,2606,10.459484664892493,0.0012202131392633154,0.007682242207966468,True,True
vector-combine,instcombine,0.057176196032672114,0.03675773417227504,2571,30.12819074730923,4.044095638725167e-08,6.612391866909292e-07,True,True
vector-combine,simplifycfg,0.05761641673243883,0.03675729371580688,2534,30.991549404247728,2.5915432967243823e-08,4.327711535169587e-07,True,True
vector-combine,memcpyopt,0.048721071863580996,0.03678590607557062,2463,9.862877350823865,0.0016864713945207645,0.010105924989966816,True,True
vector-combine,sccp,0.048354327509142626,0.03678703933630911,2461,9.256740630224623,0.0023463022415178606,0.013452590889874,True,True
vector-combine,adce,0.048292108362779744,0.03678601620008735,2547,9.478122610718032,0.002079366491510629,0.012153431613068096,True,True
vector-combine,dse,0.04693877551020408,0.0367914373088685,2450,7.091850464779618,0.007743525189148921,0.036600657381662245,True,True
vector-combine,gvn,0.04916700528240553,0.036784592820209204,2461,10.607316259071057,0.0011264106236500361,0.007172396751566734,True,True
vector-combine,newgvn,0.05,0.036780160759509156,2580,12.673372532906239,0.0003708999137552587,0.00272832384090524,True,True
vector-combine,indvars,0.049501151189562546,0.036781330749354,2606,11.85066455135526,0.0005764077228043614,0.00398800820230014,True,True
vector-combine,libcalls-shrinkwrap,0.04979757085020243,0.036782551255076575,2470,11.761567237591114,0.0006046629257152176,0.004146865178810495,True,True
vector-combine,irce,0.04667721518987342,0.036791277944562294,2528,6.944812801969995,0.008406263373613094,0.03907291082619451,True,True
vector-combine,early-cse-memssa,0.05334394904458599,0.03677098446610018,2512,19.394398532873314,1.0631844236015586e-05,0.00011176993833083768,True,True
vector-combine,partially-inline-libcalls,0.046456692913385826,0.036791818059480556,2540,6.669105481091731,0.009809841238618638,0.043915796581146554,True,True
always-inline,mem2reg,0.06147540983606557,0.03674817433425891,2440,41.940681564755224,9.40846811779898e-11,2.4319182276766207e-09,True,True
always-inline,sroa,0.06591639871382636,0.03673320594718776,2488,59.564158510254806,1.1837145716967266e-14,5.150473625293757e-13,True,True
always-inline,instcombine,0.05467235362543622,0.036765434545634725,2579,23.2441550022874,1.426834317001379e-06,1.754311832143611e-05,True,True
always-inline,simplifycfg,0.04662379421221865,0.03679192427293256,2488,6.7606998100153834,0.0093187208208397,0.04236443364837246,True,True
always-inline,gvn,0.05306603773584906,0.036771200602882775,2544,18.98700347256675,1.3161186041098356e-05,0.00013598734706316928,True,True
always-inline,newgvn,0.052840683353198255,0.036772432725373214,2517,18.267286054207528,1.9197586381614427e-05,0.00019080646769137588,True,True
always-inline,early-cse,0.046466224131198754,0.03679153989104331,2561,6.737727151191329,0.009439481323528962,0.042791893380907435,True,True
always-inline,mergereturn,0.046349942062572425,0.0367915767940971,2589,6.6483620436675706,0.009924702072327023,0.04439192840117947,True,True
always-inline,separate-const-offset-from-gep,0.04648482520169036,0.03679098351128713,2603,6.87501959884593,0.008740879884739327,0.04027443715625606,True,True
always-inline,attributor,0.04996066089693155,0.03678089766677106,2542,12.411695156660382,0.0004266533968257647,0.0030911650360216365,True,True
always-inline,loop-reroll,0.04880100967606226,0.03678692911825611,2377,9.645800053809868,0.001897850180813732,0.01126057773949481,True,True
always-inline,loop-simplifycfg,0.04743390357698289,0.0367883647467879,2572,8.192768039505953,0.0042057704045296435,0.02197437879137836,True,True
always-inline,unreachableblockelim,0.04737666405638215,0.03678877802191349,2554,8.04772950226351,0.004556072005522089,0.023568795209543598,True,True
globalsplit,mem2reg,0.057108626198083066,0.036759614702377895,2504,29.146169442244766,6.711831247468258e-08,1.0534481428892064e-06,True,True
globalsplit,sroa,0.05386796273795059,0.036770273559874785,2469,20.289672935598446,6.655886753254883e-06,7.300967094046533e-05,True,True
globalsplit,function-attrs,0.0498793242156074,0.036782047894463855,2486,11.987626254124594,0.0005355496381533134,0.003735017601083482,True,True
globalsplit,instcombine,0.0589159465828751,0.03675293979476489,2546,35.15231816415437,3.0489823976084135e-09,5.955019984555884e-08,True,True
globalsplit,simplifycfg,0.047192839707078924,0.036790574097361195,2458,7.476919777453321,0.006249489334817151,0.030803021063743188,True,True
globalsplit,dse,0.0512,0.03677778457398006,2500,14.617281715505282,0.00013170124587171464,0.0010915176271611314,True,True
globalsplit,jump-threading,0.04668794892258579,0.03679151110045459,2506,6.899193591816379,0.008623463842304726,0.039855977002484576,True,True
globalsplit,gvn,0.052899686520376174,0.036771560488281105,2552,18.6587914844397,1.563247835095476e-05,0.00015900463694113983,True,True
globalsplit,newgvn,0.06324582338902147,0.03674049099868369,2514,49.646312519101755,1.841158105516591e-12,6.008312617669142e-11,True,True
globalsplit,mergeicmps,0.04821280133000831,0.03678823402777098,2406,8.82851649919483,0.002965593695712722,0.016368238072460916,True,True
globalsplit,attributor,0.05328031809145129,0.03677111941622269,2515,19.26835591247846,1.135731638356842e-05,0.00011844274556072952,True,True
globalsplit,hotcoldsplit,0.046474358974358976,0.03679228433648866,2496,6.577278179196971,0.010328871481797515,0.04578139300817099,True,True
globalsplit,nary-reassociate,0.0465587044534413,0.03679233742721535,2470,6.62279977974266,0.010068143918801816,0.044879739995478556,True,True
globalsplit,early-cse-memssa,0.050365556458164096,0.036780968038674575,2462,12.77214552370411,0.00035181907377105406,0.0026177700745163486,True,True
lowerswitch,mem2reg,0.05699481865284974,0.03675983954805301,2509,28.877796523778773,7.709157809219501e-08,1.1956064150852898e-06,True,True
lowerswitch,sroa,0.06397828615742536,0.03673607211413177,2579,53.79684697393111,2.223292336228492e-13,8.252523970304053e-12,True,True
lowerswitch,instsimplify,0.05248397435897436,0.036773934680116555,2496,17.316651694860834,3.164020958632503e-05,0.00029856159214469594,True,True
lowerswitch,deadargelim,0.050393700787401574,0.03677958429674215,2540,13.232869858194352,0.0002750823115246093,0.002114273467969323,True,True
lowerswitch,instcombine,0.04902336269628495,0.036782779238479994,2611,10.995495018040758,0.0009133361586468015,0.005970992315961394,True,True
lowerswitch,simplifycfg,0.05332782141380736,0.036772917479581814,2419,18.637810058918884,1.5805460220374903e-05,0.00016034762233934746,True,True
lowerswitch,sccp,0.05052546483427647,0.03678028468114049,2474,13.139445344789134,0.0002891434405015951,0.002209337976593652,True,True
lowerswitch,jump-threading,0.0467741935483871,0.03679156421642384,2480,6.94728073783012,0.008394673992938261,0.039042213012287684,True,True
lowerswitch,gvn,0.05300632911392405,0.036771704211533335,2528,18.7287745929098,1.5069131329178475e-05,0.00015407498246752718,True,True
lowerswitch,newgvn,0.04775627830382874,0.036789269021835526,2429,8.21304699334252,0.004159025382714915,0.021802869342318083,True,True
lowerswitch,attributor,0.05011565150346955,0.03677956728769349,2594,12.966994868364326,0.0003170304799464013,0.002394390278630873,True,True
lowerswitch,slp-vectorizer,0.04970873786407767,0.036781159198654226,2575,12.09579493954566,0.0005053566491369795,0.0035593105000367117,True,True
lowerswitch,nary-reassociate,0.050226430629888845,0.03678192976082571,2429,12.34290120435483,0.0004426665382047545,0.0031894796018579917,True,True
lowerswitch,early-cse-memssa,0.05229793977812995,0.036773970977189374,2524,17.09797878450167,3.5500065534586915e-05,0.00032942714842047955,True,True
early-cse-memssa,bdce,0.055865921787709494,0.03676337461648749,2506,25.705324590558266,3.9772818842938016e-07,5.389285764323366e-06,True,True
early-cse-memssa,ipsccp,0.05996691480562448,0.03675330139982288,2418,36.63093515858061,1.4274829200447289e-09,3.0134895498087105e-08,True,True
early-cse-memssa,correlated-propagation,0.05084050840508405,0.03677993323637235,2439,13.555421672691574,0.00023162138972326082,0.0018213441007154405,True,True
early-cse-memssa,mem2reg,0.06783103168155971,0.03672836787818292,2462,66.95238626570689,2.781445185951557e-16,1.556019906883757e-14,True,True
early-cse-memssa,sroa,0.07993668381480015,0.03668847096301425,2527,132.8586638364128,9.708303122477747e-31,6.336285837937143e-28,True,True
early-cse-memssa,instsimplify,0.05014039310068191,0.03678113955841102,2493,12.506996656413074,0.0004054308222673927,0.002951054089217676,True,True
early-cse-memssa,constmerge,0.06158124751688518,0.03674551920463206,2517,43.64059226512812,3.9456934457502365e-11,1.0767481208054302e-09,True,True
early-cse-memssa,function-attrs,0.05491329479768786,0.03676815962266736,2422,22.418091845431032,2.1929852358383304e-06,2.602342479861485e-05,True,True
early-cse-memssa,deadargelim,0.05555555555555555,0.036764418042493224,2502,24.834477999853384,6.247004803505112e-07,8.154423603508673e-06,True,True
early-cse-memssa,globaldce,0.05354330708661417,0.03676979728655142,2540,20.08736680780792,7.398376249635676e-06,8.025496230906733e-05,True,True
early-cse-memssa,elim-avail-extern,0.046998420221169034,0.0367902346168056,2532,7.41662750228827,0.00646238315908105,0.031613607059289686,True,True
early-cse-memssa,mergefunc,0.05534204458109147,0.03676279870997421,2602,25.244798823753076,5.049555782945745e-07,6.669160352787703e-06,True,True
early-cse-memssa,instcombine,0.07866043613707165,0.03669031126205373,2568,127.14581364618529,1.7261374281249547e-29,9.656505955053317e-27,True,True
early-cse-memssa,simplifycfg,0.0717163577759871,0.036715810282482005,2482,85.47196085117164,2.3501052210937185e-20,2.6675397234211596e-18,True,True
early-cse-memssa,tailcallelim,0.0557081208316987,0.036762861802224364,2549,25.716244652129046,3.9548403715617596e-07,5.368164608331317e-06,True,True
early-cse-memssa,reassociate,0.05450141299959629,0.03676818683919836,2477,21.896584792678457,2.877455677974723e-06,3.3586040044557426e-05,True,True
early-cse-memssa,memcpyopt,0.05240683229813665,0.03677264018674438,2576,17.697789273981936,2.589273518560011e-05,0.00024974372164238926,True,True
early-cse-memssa,dce,0.05612037413582757,0.03676370749035769,2459,25.900258821779154,3.595209377172869e-07,4.931292441684398e-06,True,True
early-cse-memssa,adce,0.04962286621675268,0.036782309454865304,2519,11.674772722608013,0.0006335327944892757,0.004329693583280984,True,True
early-cse-memssa,dse,0.06612244897959184,0.03673394495412844,2450,59.48538247971954,1.232058802368624e-14,5.331206928260256e-13,True,True
early-cse-memssa,jump-threading,0.05631067961165048,0.03676036091145435,2575,27.66353782185995,1.4435823054080795e-07,2.1212263819805025e-06,True,True
early-cse-memssa,loop-deletion,0.04917372027408303,0.03678426949523468,2481,10.705417757474326,0.0010682226430420714,0.0068688996225825145,True,True
early-cse-memssa,gvn,0.06635980053701572,0.036727542781916526,2607,64.33929794055517,1.0473574815857272e-15,5.3265609063502695e-14,True,True
early-cse-memssa,gvn-hoist,0.05261044176706827,0.03677366476647175,2490,17.55500325691168,2.7911539607235134e-05,0.0002672410491489799,True,True
early-cse-memssa,gvn-sink,0.050683829444891394,0.036779601303543644,2486,13.510299728209276,0.00023725764203330927,0.001860565721970793,True,True
early-cse-memssa,newgvn,0.056338028169014086,0.03676072983163566,2556,27.535899418771734,1.5420549679535067e-07,2.249045532404444e-06,True,True
early-cse-memssa,early-cse,0.051424050632911396,0.036776597644790576,2528,15.245759719140775,9.438842867668359e-05,0.0008009210979369295,True,True
early-cse-memssa,mergereturn,0.05240847784200385,0.036772271534400595,2595,17.832503721676247,2.4122710121454607e-05,0.0002341128446979337,True,True
early-cse-memssa,globalopt,0.05303319343761923,0.03676977080221062,2621,19.484500609655015,1.0141929117942742e-05,0.00010733998493476698,True,True
early-cse-memssa,strip-dead-prototypes,0.05237515225334957,0.03677489672618647,2463,16.85039727278657,4.044486280918438e-05,0.0003700515952354346,True,True
early-cse-memssa,mergeicmps,0.050287907869481764,0.0367788388012406,2605,13.361814420164583,0.0002567997383016824,0.0019893724533914703,True,True
early-cse-memssa,separate-const-offset-from-gep,0.050513022888713496,0.03677931432709906,2534,13.434665342561146,0.0002470170454816475,0.0019250124380221527,True,True
early-cse-memssa,libcalls-shrinkwrap,0.05145326001571092,0.036776184114587156,2546,15.416141636171833,8.624840796463375e-05,0.0007382486679552038,True,True
early-cse-memssa,flattencfg,0.05275779376498801,0.03677298127831984,2502,17.97065830566375,2.2433640532882797e-05,0.00021907764670017218,True,True
early-cse-memssa,partial-inliner,0.04850157728706624,0.03678552116797608,2536,9.78488353731683,0.0017595237342112723,0.010511510210787708,True,True
early-cse-memssa,lower-expect,0.054962435745353894,0.036765632397503856,2529,23.53890613316453,1.2241320496071684e-06,1.5290912619654453e-05,True,True
early-cse-memssa,alignment-from-assumptions,0.05879967558799676,0.03675545943406843,2466,33.68705989692318,6.4729846808923516e-09,1.204190404293323e-07,True,True
early-cse-memssa,rpo-function-attrs,0.055424528301886794,0.03676386030931997,2544,24.90065400657513,6.036194352761055e-07,7.90559768742886e-06,True,True
early-cse-memssa,attributor,0.06695894778796334,0.036729256301066375,2509,64.45045109342324,9.899068858911084e-16,5.0756766491487144e-14,True,True
early-cse-memssa,inferattrs,0.05248052480524805,0.03677504033584869,2439,16.91256716078358,3.914158405006812e-05,0.00035854606582471754,True,True
early-cse-memssa,called-value-propagation,0.05061777600637704,0.03677941282612445,2509,13.506038392916292,0.00023779702345413223,0.001860565721970793,True,True
early-cse-memssa,div-rem-pairs,0.05464698843238931,0.036767089570771294,2507,22.529076120077015,2.069867789035633e-06,2.4749930570575688e-05,True,True
early-cse-memssa,float2int,0.058984375,0.036752345881403005,2560,35.565502096382474,2.466165901794365e-09,4.952567010988069e-08,True,True
early-cse-memssa,inline,0.059719438877755514,0.03675187013352417,2495,36.99694874478861,1.1831425003520939e-09,2.524897019824959e-08,True,True
early-cse-memssa,sink,0.056530214424951264,0.03675991118016602,2565,28.180075223921804,1.1053662656922203e-07,1.6648516524810517e-06,True,True
early-cse-memssa,slp-vectorizer,0.05912904514582501,0.03675345312907136,2503,35.22662019750651,2.9348432253186167e-09,5.7464230351738516e-08,True,True
early-cse-memssa,callsite-splitting,0.04881000403388463,0.036785402784930595,2479,10.076082210468092,0.001502063731517646,0.00914787180812302,True,True
early-cse-memssa,dfa-jump-threading,0.059282371294851796,0.03675130232228103,2564,36.585606872908755,1.461065536360638e-09,3.0760928174130416e-08,True,True
early-cse-memssa,consthoist,0.051744413955311645,0.03677518568043269,2551,16.067371552318825,6.112825411991188e-05,0.0005397480115751407,True,True
early-cse-memssa,mldst-motion,0.05296694544006372,0.036772162815818674,2511,18.51201810483467,1.688363232337659e-05,0.0001697466089302766,True,True
early-cse-memssa,slsr,0.048770971517752636,0.0367842894491838,2563,10.350843891207118,0.0012941550835469458,0.008103175770288875,True,True
early-cse-memssa,loop-interchange,0.053111375346809354,0.03677147928805875,2523,18.935041519420864,1.352455225217252e-05,0.00013919092409857446,True,True
early-cse-memssa,loop-fusion,0.051899210229409555,0.03677270396957754,2659,17.099120396543164,3.5478732820661705e-05,0.00032942714842047955,True,True
early-cse-memssa,loop-distribute,0.05765485001947799,0.03675633087548921,2567,31.51257917878046,1.981524218846636e-08,3.3519001473016963e-07,True,True
early-cse-memssa,loop-load-elim,0.054076539101497505,0.03677101961235209,2404,20.240321024879286,6.829812857715799e-06,7.460403668288723e-05,True,True
early-cse-memssa,loop-sink,0.05283757338551859,0.036771695447121645,2555,18.536735835746327,1.6666095592474802e-05,0.00016820729469106013,True,True
early-cse-memssa,hotcoldsplit,0.05410821643286573,0.03676899645852065,2495,21.08603731213188,4.39116137317172e-06,4.9413183727989815e-05,True,True
early-cse-memssa,irce,0.047976637463496036,0.03678905220823604,2397,8.434476253358403,0.0036817290826829698,0.01964257641387808,True,True
early-cse-memssa,nary-reassociate,0.0575831305758313,0.036759129230663844,2466,30.060912078502128,4.1868589515145746e-08,6.817355365543066e-07,True,True
early-cse-memssa,scalarizer,0.04698258404212231,0.03679106915023102,2469,7.209044357900866,0.007253710655548188,0.03474682682217334,True,True
early-cse-memssa,vector-combine,0.057334914986160536,0.03675829223863835,2529,30.098459231046853,4.106573565369367e-08,6.700559200827684e-07,True,True
early-cse-memssa,always-inline,0.055642633228840124,0.03676299672864382,2552,25.568364621061914,4.269827248985121e-07,5.736069813730955e-06,True,True
early-cse-memssa,globalsplit,0.05305466237942122,0.0367723514976843,2488,18.541782746000468,1.6622025842870237e-05,0.00016797897600175446,True,True
early-cse-memssa,lowerswitch,0.0495603517186251,0.03678276783355027,2502,11.482762334207688,0.0007024464859628585,0.004750916129586449,True,True
early-cse-memssa,simple-loop-unswitch,0.052897705173084404,0.03677119182166413,2571,18.793512917087213,1.4566172539520563e-05,0.0001491271416072223,True,True
early-cse-memssa,loop-versioning,0.0593186372745491,0.03675309344245249,2495,35.71309319502104,2.2862229615722986e-09,4.626795409569572e-08,True,True
early-cse-memssa,loop-reroll,0.050775193798449615,0.03677771388722366,2580,14.208216265987339,0.0001636543777564314,0.0013309876288560443,True,True
early-cse-memssa,loop-instsimplify,0.05,0.03678048422417695,2560,12.574821645150944,0.00039097855478960537,0.002855737586080594,True,True
early-cse-memssa,loop-simplifycfg,0.053301511535401754,0.036771074432738464,2514,19.31030627228101,1.1110501698185202e-05,0.000116023265733582,True,True
early-cse-memssa,loop-predication,0.054296875,0.03676702675589376,2560,22.111950419489673,2.5720358884036263e-06,3.029200763605594e-05,True,True
early-cse-memssa,speculative-execution,0.048259493670886076,0.03678638451130505,2528,9.353778823670872,0.0022252618632384855,0.012871677188245065,True,True
early-cse-memssa,partially-inline-libcalls,0.058984375,0.036752345881403005,2560,35.565502096382474,2.466165901794365e-09,4.952567010988069e-08,True,True
early-cse-memssa,load-store-vectorizer,0.04856333468231485,0.03678626606922013,2471,9.634412003577042,0.0019096533011638596,0.01130491659464501,True,True
early-cse-memssa,iroutliner,0.05033690051525961,0.03678004274387805,2523,13.034241462680772,0.00030584707730986016,0.0023210859020964406,True,True
early-cse-memssa,global-merge,0.06276803118908382,0.03674033656110646,2565,48.84126367700644,2.775389050617934e-12,8.908543870671992e-11,True,True
early-cse-memssa,break-crit-edges,0.048513302034428794,0.036785197836049686,2556,9.882103089401108,0.0016689407536820016,0.01003928109280909,True,True
early-cse-memssa,unreachableblockelim,0.04758096761295482,0.03678883942606817,2501,8.188229422312522,0.004216305400281803,0.022014735930004723,True,True
simple-loop-unswitch,mem2reg,0.06099009900990099,0.03674710218062819,2525,41.714146429692654,1.0564184348191736e-10,2.6950713946266342e-09,True,True
simple-loop-unswitch,sroa,0.06509357200976404,0.03673675094068199,2458,55.56251928343236,9.053342271949223e-14,3.527650580791359e-12,True,True
simple-loop-unswitch,instcombine,0.055152979066022546,0.03676605510198589,2484,23.607005642294556,1.1815655864444375e-06,1.4830162937552617e-05,True,True
simple-loop-unswitch,simplifycfg,0.05084745762711865,0.036778225939641286,2537,14.115758647534356,0.00017189763540531702,0.001396579129143613,True,True
simple-loop-unswitch,dse,0.04800322710770472,0.03678784935490066,2479,8.765529325779049,0.0030697697235178545,0.01686005362874603,True,True
simple-loop-unswitch,gvn,0.05244195356285028,0.036774024652211995,2498,17.237700592554177,3.298258039138918e-05,0.0003089947005088039,True,True
simple-loop-unswitch,newgvn,0.05913113435237329,0.03675391209888142,2486,34.993192395911585,3.308600487080343e-09,6.446009705177424e-08,True,True
simple-loop-unswitch,slsr,0.04726270185112249,0.03678932629974395,2539,7.828489716242911,0.005142905433717756,0.026138374663775124,True,True
simple-loop-unswitch,scalarizer,0.047410358565737054,0.03678924447054218,2510,7.959232820544182,0.0047842688730500935,0.024506470774184653,True,True
simple-loop-unswitch,early-cse-memssa,0.05893987341772152,0.03675335383681868,2528,34.97866289912096,3.3333813995396673e-09,6.478174471760465e-08,True,True
loop-versioning,mem2reg,0.07285828662930344,0.03671163566790466,2498,91.74708596830497,9.849320620086573e-22,1.402543256300328e-19,True,True
loop-versioning,sroa,0.05835010060362173,0.03675631372596992,2485,32.572765699326474,1.1481235151659685e-08,2.0263071792368187e-07,True,True
loop-versioning,instcombine,0.05244050020169423,0.0367743932200653,2479,17.103008481170622,3.5406174817849595e-05,0.00032933629593040145,True,True
loop-versioning,simplifycfg,0.05059159526723786,0.036780473125961013,2451,13.142861368188921,0.00028861675783168207,0.0022074672337282558,True,True
loop-versioning,dse,0.048217179902755265,0.036787354339300436,2468,9.063668490811665,0.002607383327242511,0.014776429970306327,True,True
loop-versioning,gvn,0.05487077534791252,0.03676622606078771,2515,23.172244744609515,1.4811980351581557e-06,1.8097883013040057e-05,True,True
loop-versioning,newgvn,0.05951911706740244,0.0367513117603953,2537,36.966284287920345,1.201896802043401e-09,2.5579499330445424e-08,True,True
loop-versioning,attributor,0.059256232120964446,0.03675460518187701,2447,34.82993132696411,3.597992476069884e-09,6.957895573476377e-08,True,True
loop-versioning,inline,0.04671768022553363,0.036791699236788766,2483,6.876940725083181,0.008731489171838405,0.04027386524961036,True,True
loop-versioning,early-cse-memssa,0.04961984793917567,0.036782632842824826,2499,11.576334716570303,0.0006679647339149061,0.004525518854689918,True,True
loop-flatten,mem2reg,0.07117153138744502,0.0367166636695378,2501,83.45973201534947,6.502715619425433e-20,6.976612154978081e-18,True,True
loop-flatten,sroa,0.06104417670682731,0.036747975436106965,2490,41.31845414586947,1.293420256121736e-10,3.2572564134872784e-09,True,True
loop-flatten,deadargelim,0.04907734589713388,0.03678356942658639,2547,10.820248887602927,0.0010039599209970033,0.0065091176334838826,True,True
loop-flatten,instcombine,0.04864652805021577,0.036784882817613385,2549,10.080830557583342,0.0014981978668796672,0.009145663050196066,True,True
loop-flatten,simplifycfg,0.0539568345323741,0.03676931132010843,2502,20.776648378126097,5.160841410564513e-06,5.766007122331136e-05,True,True
loop-flatten,jump-threading,0.04739522130826479,0.036788733014679526,2553,8.072880832209817,0.004493262416215245,0.023274623838490608,True,True
loop-flatten,gvn,0.04888888888888889,0.03678522278968776,2475,10.192600575712023,0.0014100531569320011,0.008695697893772782,True,True
loop-flatten,newgvn,0.04921875,0.03678293103659208,2560,11.128061605151828,0.0008503140618964552,0.00560577418583589,True,True
loop-flatten,early-cse,0.04720692368214005,0.03678946132164109,2542,7.754249371896516,0.005358630846325081,0.027059185550237286,True,True
loop-flatten,attributor,0.0534257748776509,0.03677195540539549,2452,19.117729982786905,1.2289788237478554e-05,0.0001276573229123767,True,True
loop-flatten,mldst-motion,0.04803843074459568,0.036787481099807694,2498,8.888623483918874,0.002869529882039824,0.015905278157208706,True,True
loop-flatten,irce,0.04684475416182733,0.0367900832796039,2583,7.339706240917076,0.0067447860543174585,0.03270908010985408,True,True
loop-flatten,vector-combine,0.046420141620771044,0.036791908080175385,2542,6.623829048074729,0.010062327354328063,0.044879739995478556,True,True
loop-flatten,load-store-vectorizer,0.049979846835953246,0.036781822919278895,2481,12.148351022241409,0.0004913128465540017,0.003472890085027926,True,True
loop-flatten,iroutliner,0.04737053392211963,0.0367896126900554,2491,7.839495649544576,0.005111686635581735,0.025996577746672824,True,True
loop-reroll,mem2reg,0.05816285599679102,0.03675667343970386,2493,32.11198105163974,1.4553701832119704e-08,2.4996621216921387e-07,True,True
loop-reroll,sroa,0.06684910086004692,0.03672778789124435,2558,65.23492593485061,6.648077888638662e-16,3.56628397423411e-14,True,True
loop-reroll,instcombine,0.05026347790839076,0.03678119300340191,2467,12.605971870774473,0.00038451625939425955,0.002814515274369945,True,True
loop-reroll,simplifycfg,0.05506072874493927,0.03676664872535108,2470,23.237890012703957,1.4314899536995025e-06,1.7572773224724927e-05,True,True
loop-reroll,gvn,0.06040268456375839,0.036748685187609265,2533,39.83726099616293,2.760286478520136e-10,6.651865753775294e-09,True,True
loop-reroll,newgvn,0.0606550748079256,0.03674965778853717,2473,39.72773092028722,2.91950563088432e-10,6.971209786916462e-09,True,True
loop-reroll,early-cse-memssa,0.059063136456211814,0.03675496486217041,2455,34.34519669315347,4.615380347225307e-09,8.816502165724049e-08,True,True
loop-instsimplify,mem2reg,0.06785859406745226,0.036728322949911255,2461,67.04413483702521,2.6549629810269866e-16,1.5144862584651516e-14,True,True
loop-instsimplify,sroa,0.0669607056936648,0.03672980564091523,2494,64.07143388651193,1.1998876216795646e-15,6.062916034189903e-14,True,True
loop-instsimplify,instsimplify,0.04887662593614505,0.036784342798560826,2537,10.427497061839087,0.0012415288262464705,0.0078101636684035,True,True
loop-instsimplify,function-attrs,0.04694280078895464,0.03679036964088009,2535,7.344498152242277,0.006726830801309246,0.03264221737041761,True,True
loop-instsimplify,instcombine,0.061232765612327655,0.03674811984087762,2466,41.55865060012344,1.1438720955016887e-10,2.908703328561437e-09,True,True
loop-instsimplify,simplifycfg,0.052099533437014,0.0367736836567659,2572,16.980266064410753,3.7770359603668524e-05,0.0003480205369599199,True,True
loop-instsimplify,jump-threading,0.047192839707078924,0.036790574097361195,2458,7.476919777453321,0.006249489334817151,0.030803021063743188,True,True
loop-instsimplify,loop-idiom,0.046638165565487756,0.03679085660594805,2573,7.01291832570005,0.00809236658426654,0.03777080756136802,True,True
loop-instsimplify,newgvn,0.05661124307205067,0.036760604043923346,2526,27.978934303443513,1.226433196329025e-07,1.8261263866252708e-06,True,True
loop-instsimplify,attributor,0.048012593467138924,0.036786969558690936,2541,9.000497377241835,0.0026990613979198377,0.015186098325077708,True,True
loop-instsimplify,slsr,0.049358725223474544,0.03678229262629117,2573,11.438750514774597,0.0007192814271123968,0.004839701148749391,True,True
loop-instsimplify,early-cse-memssa,0.05487077534791252,0.03676622606078771,2515,23.172244744609515,1.4811980351581557e-06,1.8097883013040057e-05,True,True
loop-instsimplify,iroutliner,0.047831374138629916,0.036788532605571,2467,8.456896452292098,0.0036366186002408964,0.01944163609357454,True,True
loop-simplifycfg,mem2reg,0.06889605157131345,0.0367243733088023,2482,72.2140039571035,1.930807017710398e-17,1.3036276347161928e-15,True,True
loop-simplifycfg,sroa,0.06380510440835267,0.036736386726109786,2586,53.257508445455976,2.925670521906544e-13,1.0707407255874792e-11,True,True
loop-simplifycfg,instsimplify,0.053806297329613395,0.03676962618708873,2509,20.470479332131926,6.055809571383846e-06,6.708500786856901e-05,True,True
loop-simplifycfg,mergefunc,0.050894632206759445,0.03677845944937518,2515,14.087262305726766,0.0001745216516348633,0.001412038817772985,True,True
loop-simplifycfg,instcombine,0.05416991426344505,0.03676729664392746,2566,21.843055703480903,2.9588549301970562e-06,3.4433509380837065e-05,True,True
loop-simplifycfg,simplifycfg,0.0471847739888977,0.03678978454371516,2522,7.660271298417497,0.00564500156648541,0.028286405802120107,True,True
loop-simplifycfg,dse,0.05365853658536585,0.0367668561150639,2665,21.370658783150102,3.7851988167779796e-06,4.3341633235387626e-05,True,True
loop-simplifycfg,jump-threading,0.04733492442322991,0.03678942449317133,2514,7.858774609577651,0.005057465710820536,0.025754272722461925,True,True
loop-simplifycfg,gvn,0.05931528662420382,0.036752634450563836,2512,35.94646666018422,2.028138237881558e-09,4.147357357464325e-08,True,True
loop-simplifycfg,newgvn,0.06073667711598746,0.03674709260360314,2552,41.28203967120017,1.317741143898769e-10,3.3078681535305e-09,True,True
loop-simplifycfg,early-cse,0.04856333468231485,0.03678626606922013,2471,9.634412003577042,0.0019096533011638596,0.01130491659464501,True,True
loop-simplifycfg,flattencfg,0.05,0.03678145452321243,2500,12.279197916025465,0.0004580351852185142,0.0032872923398313647,True,True
loop-simplifycfg,alignment-from-assumptions,0.05199516324062878,0.03677570647938943,2481,16.154659641885335,5.83747853535595e-05,0.0005177704630680385,True,True
loop-simplifycfg,attributor,0.058704453441295545,0.036755639281694966,2470,33.45011889331176,7.311530745456858e-09,1.3379417943555633e-07,True,True
loop-simplifycfg,inferattrs,0.04760076775431862,0.03678740311618717,2605,8.561232423534273,0.003433968782085068,0.01850987164576067,True,True
loop-simplifycfg,called-value-propagation,0.05387848681696599,0.03676714386914513,2617,21.536364912824464,3.4718232465785724e-06,3.998723480471085e-05,True,True
loop-simplifycfg,div-rem-pairs,0.04658507698381366,0.03679150299051769,2533,6.829088276534997,0.008968503312936804,0.04112489341154628,True,True
loop-simplifycfg,loop-unroll-and-jam,0.046912590216519647,0.0367909710125071,2494,7.182279089492642,0.007362712171699314,0.0351614400785055,True,True
loop-simplifycfg,early-cse-memssa,0.057297715834301204,0.03675705038250871,2583,30.631761921424683,3.119450845184094e-08,5.143481898838278e-07,True,True
loop-predication,mem2reg,0.057177129148340666,0.036759479796293106,2501,29.308075002754393,6.173788276960858e-08,9.728995932627252e-07,True,True
loop-predication,sroa,0.0683453237410072,0.03672527182157152,2502,70.31922114965963,5.0443787939413097e-17,3.1860947350119627e-15,True,True
loop-predication,instsimplify,0.05060141020323517,0.03678111992210769,2411,12.946175004921601,0.00032057582326269605,0.002418834150090015,True,True
loop-predication,elim-avail-extern,0.04686868686868687,0.036791339184684545,2475,7.065511734893187,0.007858186489602936,0.037008608891503425,True,True
loop-predication,mergefunc,0.05461847389558233,0.03676754825924204,2490,22.304310029740986,2.3268377186401e-06,2.7570034814507202e-05,True,True
loop-predication,instcombine,0.0576625386996904,0.03675587191050276,2584,31.745350482353345,1.7576954592630338e-08,2.9991875461760527e-07,True,True
loop-predication,simplifycfg,0.04900039200313602,0.036783749429593136,2551,10.701625519944738,0.0010704144491790466,0.006877346977826327,True,True
loop-predication,gvn,0.048100242522231204,0.036787624346158176,2474,8.900254352170307,0.002851309359593962,0.0158186405631892,True,True
loop-predication,newgvn,0.057074910820451845,0.03675924577974547,2523,29.270474984131543,6.294754860641662e-08,9.899702825009135e-07,True,True
speculative-execution,mem2reg,0.07084468664850137,0.03671482454326685,2569,84.11223311671485,4.6746920730792114e-20,5.156646241740336e-18,True,True
speculative-execution,sroa,0.06658786446020488,0.03672933600191825,2538,63.602015864395774,1.5227327105744283e-15,7.453776618261827e-14,True,True
speculative-execution,instsimplify,0.05021577089054531,0.03677998925863805,2549,12.933984232979107,0.0003226702780981149,0.0024276211508784205,True,True
speculative-execution,instcombine,0.04983792544570503,0.03678246126520217,2468,11.825225814418822,0.0005843362733207191,0.0040286282505703095,True,True
speculative-execution,simplifycfg,0.05279747832939322,0.03677215406673746,2538,18.320939149921923,1.8664438530571183e-05,0.00018597949436569147,True,True
speculative-execution,dse,0.05256963515103962,0.036772648920175045,2549,17.87948202113579,2.3534480398239847e-05,0.00022868740754220158,True,True
speculative-execution,gvn,0.060389352403655144,0.036749189230187676,2517,39.540101075806604,3.2139142883596593e-10,7.604645530644365e-09,True,True
speculative-execution,newgvn,0.05319148936170213,0.03677281879276727,2444,18.521219642802443,1.680231981249371e-05,0.0001691462323540498,True,True
speculative-execution,rpo-function-attrs,0.05175819834057685,0.036775509255351294,2531,15.970476036768744,6.43380709005269e-05,0.0005661750239246366,True,True
speculative-execution,attributor,0.05061823802163833,0.03677807385222215,2588,13.933577961107915,0.000189384901135057,0.0015181807018319,True,True
speculative-execution,slp-vectorizer,0.0475799835931091,0.036789674035365844,2438,7.979893573650979,0.004729972252281269,0.02434502882011454,True,True
speculative-execution,consthoist,0.049103663289166016,0.036783201041371005,2566,10.948087064158273,0.0009370030182764977,0.0061003476964071246,True,True
speculative-execution,early-cse-memssa,0.05337194869673149,0.03677282751888915,2417,18.722058023270154,1.5122301687560904e-05,0.0001544170362672451,True,True
partially-inline-libcalls,mem2reg,0.05992063492063492,0.03675054744748786,2520,38.02838775102882,6.972276324991737e-10,1.5513314823106615e-08,True,True
partially-inline-libcalls,sroa,0.06836569579288027,0.036726370617924886,2472,69.56333867211767,7.399962911400379e-17,4.563504686778564e-15,True,True
partially-inline-libcalls,instcombine,0.050940438871473356,0.0367776774594506,2552,14.388369175035221,0.00014871804633678857,0.0012170948159976262,True,True
partially-inline-libcalls,simplifycfg,0.05691699604743083,0.03675956056861834,2530,28.89600414256984,7.637029849352209e-08,1.186770194050129e-06,True,True
partially-inline-libcalls,sccp,0.048057669203043656,0.03678743609724351,2497,8.915559145591185,0.002827512279556847,0.015728037055034963,True,True
partially-inline-libcalls,dse,0.05073911306432281,0.03677914286797798,2503,13.711686958904782,0.00021312411371966937,0.0016877533454524273,True,True
partially-inline-libcalls,jump-threading,0.04789719626168224,0.03678696129838925,2568,8.909801526890913,0.002836440914067248,0.015766504782806733,True,True
partially-inline-libcalls,newgvn,0.053471667996807665,0.03677071456882673,2506,19.648213137656143,9.30903236474492e-06,9.973781324306733e-05,True,True
partially-inline-libcalls,early-cse,0.04939271255060729,0.03678377452659392,2470,11.03907192956239,0.0008921151069243334,0.005851796915771674,True,True
partially-inline-libcalls,libcalls-shrinkwrap,0.04941176470588235,0.03678248103743577,2550,11.4323023987064,0.0007217818993501802,0.0048523569405241294,True,True
partially-inline-libcalls,rpo-function-attrs,0.04760076775431862,0.03678740311618717,2605,8.561232423534273,0.003433968782085068,0.01850987164576067,True,True
partially-inline-libcalls,slsr,0.047135310849248276,0.03679070911045898,2461,7.403252045069685,0.006510607295355492,0.0318296356661824,True,True
partially-inline-libcalls,early-cse-memssa,0.05160778086542279,0.03677619273064026,2519,15.576003583995671,7.925406534906814e-05,0.0006843636602137836,True,True
load-store-vectorizer,mem2reg,0.06057227796358231,0.03674355375713207,2691,42.94142425423829,5.6403608029321726e-11,1.4924089800190802e-09,True,True
load-store-vectorizer,sroa,0.06157443491816056,0.03674405175535611,2566,44.46835667735516,2.5850175839753303e-11,7.154013327807345e-10,True,True
load-store-vectorizer,function-attrs,0.046875,0.03679106102606385,2496,7.134602395277292,0.007561040652388568,0.03588973963000441,True,True
load-store-vectorizer,instcombine,0.05277454404346139,0.036771461743903944,2577,18.54997963614849,1.6550699681504814e-05,0.0001674742634438575,True,True
load-store-vectorizer,simplifycfg,0.0480295566502463,0.03678836081094636,2436,8.653642789470139,0.003264081190768782,0.017703797705056163,True,True
load-store-vectorizer,dse,0.04703476482617587,0.03679121228616339,2445,7.2122692771027515,0.007240688966503792,0.034726929568681994,True,True
load-store-vectorizer,gvn,0.04939271255060729,0.03678377452659392,2470,11.03907192956239,0.0008921151069243334,0.005851796915771674,True,True
load-store-vectorizer,newgvn,0.05596013798390188,0.03676066660059877,2609,27.030704225564595,2.0024920452518407e-07,2.882379441824068e-06,True,True
load-store-vectorizer,indvars,0.050059594755661505,0.0367809961183363,2517,12.475022091609421,0.0004124297768148662,0.002997411028185023,True,True
load-store-vectorizer,partial-inliner,0.04731095835018197,0.03679002589675306,2473,7.695016883679746,0.0055373491854065265,0.027818164733870377,True,True
load-store-vectorizer,attributor,0.050365556458164096,0.036780968038674575,2462,12.77214552370411,0.00035181907377105406,0.0026177700745163486,True,True
load-store-vectorizer,early-cse-memssa,0.049775601795185635,0.036782919612134084,2451,11.631336634228024,0.0006484993685250427,0.004416562655902725,True,True
iroutliner,correlated-propagation,0.051554506099960644,0.03677595915875651,2541,15.599439873390859,7.827777349874542e-05,0.0006781764624360334,True,True
iroutliner,mem2reg,0.055924912006257335,0.036761998206493084,2557,26.392843816510496,2.785706528069948e-07,3.924038404288459e-06,True,True
iroutliner,sroa,0.061748195669607056,0.036745708637529115,2494,43.82568469702285,3.589631673220286e-11,9.830068274357091e-10,True,True
iroutliner,instcombine,0.060216780409474105,0.03675046699589826,2491,38.559455647548226,5.311083443281729e-10,1.2022082522480493e-08,True,True
iroutliner,simplifycfg,0.05078274150439099,0.0367770217941079,2619,14.439288201007813,0.00014475078444834512,0.0011909427853308895,True,True
iroutliner,memcpyopt,0.046912590216519647,0.0367909710125071,2494,7.182279089492642,0.007362712171699314,0.0351614400785055,True,True
iroutliner,dse,0.049099836333878884,0.03678505111889087,2444,10.41950979146039,0.0012469098751248372,0.007837719215070406,True,True
iroutliner,jump-threading,0.05475166210402816,0.036765668411645316,2557,23.250482465418262,1.4221476690770327e-06,1.7512988277061825e-05,True,True
iroutliner,gvn,0.05267264923917284,0.036772055342206324,2563,18.213964154781145,1.974260180490985e-05,0.00019547921281422748,True,True
iroutliner,newgvn,0.06105675146771037,0.03674600407391775,2555,42.44445448689574,7.27182999282724e-11,1.9047816890910683e-09,True,True
iroutliner,libcalls-shrinkwrap,0.047016989332279734,0.03679018960900102,2531,7.440769118267118,0.0063762635221415,0.031270442019669525,True,True
iroutliner,attributor,0.04809220985691574,0.03678706782443598,2516,9.038926061528704,0.002642908503499082,0.01493453059120116,True,True
iroutliner,float2int,0.048278591214879304,0.036786339508430764,2527,9.381316923861116,0.002192080197351478,0.012698500078148503,True,True
iroutliner,nary-reassociate,0.051953125,0.03677436719313914,2560,16.578422440267797,4.6679102303216745e-05,0.0004220790955460428,True,True
iroutliner,early-cse-memssa,0.05017103762827822,0.036778785272335524,2631,13.262370162287617,0.0002707870650344892,0.0020894623579804134,True,True
iroutliner,simple-loop-unswitch,0.049298597194388775,0.036783676165660494,2495,10.984798251150423,0.0009186228196034391,0.006000545390437144,True,True
global-merge,ipsccp,0.050827878321139774,0.03677725535967936,2597,14.410339876853323,0.00014699298359482796,0.001205496384832139,True,True
global-merge,correlated-propagation,0.04652071931196247,0.03679140485837885,2558,6.806076978090952,0.009084814096399683,0.041536639814945896,True,True
global-merge,mem2reg,0.0557081208316987,0.036762861802224364,2549,25.716244652129046,3.9548403715617596e-07,5.368164608331317e-06,True,True
global-merge,sroa,0.061953931691818905,0.036744340813670125,2518,44.98217073161886,1.9883660071341536e-11,5.725324473483342e-10,True,True
global-merge,instcombine,0.06001622060016221,0.036751789637473026,2466,37.51963940413028,9.049715618384891e-10,1.9579384730163113e-08,True,True
global-merge,simplifycfg,0.0519318653926049,0.03677727043103543,2407,15.540923226605363,8.073835846647822e-05,0.0006956466705274559,True,True
global-merge,reassociate,0.046628131021194605,0.03679062341332714,2595,7.058618366679352,0.007888481285703054,0.03702509637034292,True,True
global-merge,loop-idiom,0.04884941461445297,0.03678531278708899,2477,10.1342325533744,0.0014554082652086687,0.008933195558867,True,True
global-merge,gvn,0.048964968152866245,0.03678444114416017,2512,10.476303452884567,0.0012091544832725546,0.00761874329283238,True,True
global-merge,newgvn,0.05910735826296743,0.03675395705983023,2487,34.93273340594741,3.4129459167607077e-09,6.61638426239353e-08,True,True
global-merge,attributor,0.05148833467417538,0.03677715471262343,2486,15.12398473338817,0.00010067604837517455,0.0008487565240843564,True,True
global-merge,loop-unroll-and-jam,0.047541649735879724,0.03678948585240902,2461,7.998098259039368,0.004682650516320275,0.02416673502904167,True,True
global-merge,early-cse-memssa,0.0642570281124498,0.03673818902453943,2490,53.006304742833535,3.324794629527201e-13,1.1999903934772828e-11,True,True
global-merge,loop-flatten,0.047398843930635835,0.03678817649613693,2595,8.211735363315729,0.0041620327642317104,0.021804040541446662,True,True
global-merge,loop-predication,0.04819277108433735,0.03678712108237712,2490,9.105575350678713,0.002548315478483081,0.014494122605286484,True,True
break-crit-edges,mem2reg,0.04763795156808257,0.036788426179090346,2519,8.334934775787259,0.003888987416239126,0.02056620489127943,True,True
break-crit-edges,sroa,0.05321683876092136,0.036771254367335755,2518,19.14288700355854,1.212886536896097e-05,0.00012615308574993666,True,True
break-crit-edges,simplifycfg,0.05177993527508091,0.03677652487284062,2472,15.642493091960977,7.651571010537037e-05,0.0006643803121344355,True,True
break-crit-edges,memcpyopt,0.04709141274238227,0.036790009578883884,2527,7.53782963485158,0.006041677610412666,0.029948366484020255,True,True
break-crit-edges,jump-threading,0.04814814814814815,0.03678809081123398,2430,8.81591024560598,0.002986152078259081,0.016446936059722306,True,True
break-crit-edges,gvn,0.05369398465886153,0.036770633403182734,2477,19.94222513070748,7.981787002066191e-06,8.610655068895649e-05,True,True
break-crit-edges,newgvn,0.05017640141121129,0.03678007925138151,2551,12.86818157497953,0.0003342162059551827,0.002507261805594819,True,True
break-crit-edges,early-cse,0.04788961038961039,0.03678839759946959,2464,8.536175503008627,0.0034815640487527587,0.01871490022637722,True,True
break-crit-edges,early-cse-memssa,0.05445935280189424,0.03676708065415896,2534,22.295561832550415,2.3374621975917076e-06,2.7654084488728483e-05,True,True
unreachableblockelim,correlated-propagation,0.04952076677316294,0.03678285782791769,2504,11.420658126257802,0.0007263196252546999,0.0048744946915122616,True,True
unreachableblockelim,mem2reg,0.05493630573248408,0.03676609112862382,2512,23.312885180150186,1.3767459626584533e-06,1.7007372838392756e-05,True,True
unreachableblockelim,sroa,0.0666406858924396,0.03672814735791256,2566,64.53432621280781,9.486517936274917e-16,4.92042440244405e-14,True,True
unreachableblockelim,instcombine,0.049979846835953246,0.036781822919278895,2481,12.148351022241409,0.0004913128465540017,0.003472890085027926,True,True
unreachableblockelim,simplifycfg,0.048050413548641195,0.03678687955018956,2539,9.054281250417691,0.002620804101772917,0.014831024367836334,True,True
unreachableblockelim,reassociate,0.046628131021194605,0.03679062341332714,2595,7.058618366679352,0.007888481285703054,0.03702509637034292,True,True
unreachableblockelim,gvn,0.04863097670617082,0.03678640934651004,2447,9.650797035671248,0.001892694438495994,0.01123850101766537,True,True
unreachableblockelim,newgvn,0.050283860502838604,0.036781148010236284,2466,12.639090632483121,0.0003777636918739772,0.002772863387775998,True,True
unreachableblockelim,separate-const-offset-from-gep,0.049980166600555334,0.03678117610214465,2521,12.345417250361766,0.00044207033020065434,0.0031894796018579917,True,True
unreachableblockelim,attributor,0.050854353132628156,0.03677956481531318,2458,13.688333795362235,0.00021579084190353066,0.0017054226778894573,True,True
unreachableblockelim,called-value-propagation,0.048119692680954305,0.036787579344739973,2473,8.92735759262325,0.0028093048888840526,0.015669304288741626,True,True
unreachableblockelim,licm,0.049205734211545914,0.036782652633021315,2581,11.19608777714292,0.0008196997076345852,0.005435976384584311,True,True
unreachableblockelim,loop-fusion,0.048859934853420196,0.03678559108690706,2456,10.065641598342838,0.0015105995159042673,0.009185143083020516,True,True
unreachableblockelim,vector-combine,0.04804198627371821,0.03678775935107337,2477,8.819261356234348,0.002980672973304449,0.01642831156011291,True,True
unreachableblockelim,early-cse-memssa,0.05307262569832402,0.03677193789421661,2506,18.717696029337876,1.515693340871609e-05,0.0001545691438243026,True,True
unreachableblockelim,loop-simplifycfg,0.046586345381526104,0.03679201428816089,2490,6.71454940545474,0.009562945029537948,0.043093777601462144,True,True
