pass_a,pass_b,rate_with_bigram,rate_without_bigram,n_with_bigram,chi2,p_value,p_adj,significant,positive
bdce,mem2reg,0.032814778804083615,0.021925187718907776,4114,22.64817290099689,1.945451303320838e-06,2.075854851172862e-05,True,True
bdce,sroa,0.03667068757539204,0.021913238803052477,4145,41.90665409836124,9.57362882758051e-11,2.1924169876494312e-09,True,True
bdce,deadargelim,0.03076923076923077,0.021930630615459072,4225,15.321600484960708,9.067376413892891e-05,0.0006828818336304808,True,True
bdce,instcombine,0.03146013448607109,0.021928918995300997,4164,17.560510635175063,2.7830815707991726e-05,0.0002338744083959133,True,True
bdce,simplifycfg,0.036231884057971016,0.02191317616943007,4278,40.71383673320432,1.762348569728343e-10,3.855506703383347e-09,True,True
bdce,sccp,0.027810791537913004,0.021939859962702604,4207,6.7313584688582,0.00947324256854083,0.03890636381584257,True,True
bdce,jump-threading,0.02904162633107454,0.021936458801599584,4132,9.683870544352143,0.0018589262121222496,0.009843887825112549,True,True
bdce,gvn,0.027566539923954372,0.02194060821011907,4208,6.1827330500890865,0.012900286599689724,0.04947847436276685,True,True
bdce,gvn-sink,0.027843883864826273,0.02193977964304751,4202,6.799576085626388,0.009117951890662113,0.03770422344649718,True,True
bdce,newgvn,0.034986820033549006,0.02191808102573339,4173,33.08588341528052,8.817659126345304e-09,1.4180678907091666e-07,True,True
bdce,separate-const-offset-from-gep,0.029764762361977917,0.021934076232592876,4166,11.859001002946,0.0005738331823111944,0.0035084008461056006,True,True
bdce,loop-reduce,0.028524280999528525,0.021937493410185218,4242,8.543248147135175,0.0034680621237421294,0.016997410859291837,True,True
bdce,attributor,0.03080964891330308,0.02193075262172545,4187,15.32298782382403,9.060720053472145e-05,0.0006828818336304808,True,True
bdce,mldst-motion,0.028050490883590462,0.02193880390244474,4278,7.417483321069546,0.006459310014429358,0.028581534481926966,True,True
bdce,early-cse-memssa,0.03520634180461646,0.02191628157636723,4289,35.164143070841924,3.03052450233126e-09,5.3337231241030174e-08,True,True
bdce,iroutliner,0.02976899261728983,0.02193387402281615,4199,11.966185658236773,0.0005417472587219055,0.0033461865380993404,True,True
ipsccp,mem2reg,0.03665413533834586,0.021912090969664576,4256,42.935609766616565,5.6571495256595266e-11,1.3305343869358983e-09,True,True
ipsccp,sroa,0.038766931340495095,0.02190518589679755,4282,56.51243755340951,5.584402878448152e-14,2.3019496496845224e-12,True,True
ipsccp,globaldce,0.027607361963190184,0.021940357957690584,4238,6.317922632332843,0.011952357340708123,0.04650316080100647,True,True
ipsccp,instcombine,0.03245192307692308,0.021925926142861537,4160,21.396903266580996,3.733737579617925e-06,3.778117922941549e-05,True,True
ipsccp,simplifycfg,0.03577390889577868,0.021915473281822355,4193,37.382978449171,9.70655894428198e-10,1.849678093713296e-08,True,True
ipsccp,sccp,0.02770480057320277,0.0219402708597678,4187,6.458821080408302,0.011040286895912065,0.04382540647176041,True,True
ipsccp,jump-threading,0.030534351145038167,0.0219323901385508,4061,13.950524010482322,0.0001876853321361327,0.0013043048103728405,True,True
ipsccp,gvn,0.029482262703739215,0.021934904752770143,4172,11.032183938190274,0.0008954359491007517,0.0052025625766743975,True,True
ipsccp,newgvn,0.03118860510805501,0.021930370433277644,4072,16.20403729724027,5.687277939811853e-05,0.00044766593793574305,True,True
ipsccp,lower-expect,0.02791696492483894,0.021939602941876343,4191,6.9511719545307615,0.008376434111168536,0.03525213968762599,True,True
ipsccp,slsr,0.028409090909090908,0.021937936477951503,4224,8.211040637073957,0.0041636265694223575,0.019847549173290263,True,True
ipsccp,hotcoldsplit,0.027654089524255916,0.02194009162939082,4267,6.466955684262032,0.01098986314150052,0.04364736720295744,True,True
ipsccp,scalarizer,0.02868563367035034,0.021936937893424265,4253,8.991592715674914,0.0027122450509220954,0.013651865834718413,True,True
ipsccp,always-inline,0.030310206014681505,0.02193206288353104,4223,13.76029403146564,0.00020767959472200992,0.0014394217574006918,True,True
ipsccp,early-cse-memssa,0.03486373680333906,0.02191940482300117,4073,31.683450489709045,1.8146195791556367e-08,2.786686381166068e-07,True,True
ipsccp,loop-predication,0.029276164130935915,0.021934642016097853,4338,10.85266211468945,0.0009865383205414876,0.005667754576264323,True,True
ipsccp,iroutliner,0.03380539058931019,0.02191990673751179,4378,28.705907476824272,8.42463479169395e-08,1.15248838670945e-06,True,True
correlated-propagation,ipsccp,0.028192771084337348,0.021938944353494857,4150,7.534840780708084,0.006051708520559674,0.027083989218870494,True,True
correlated-propagation,mem2reg,0.03717559036707973,0.021910231242526775,4277,46.26442955904077,1.0332280342602027e-11,2.800083724680245e-10,True,True
correlated-propagation,sroa,0.03838951310861423,0.021906489938596223,4272,53.87663738786489,2.134811081515639e-13,7.74066684742152e-12,True,True
correlated-propagation,function-attrs,0.02979027645376549,0.021933825844383106,4196,12.022863484239913,0.0005255190318102143,0.0032588005202989693,True,True
correlated-propagation,instcombine,0.032577903682719546,0.021924949661358228,4236,22.315314110557463,2.3135422899768856e-06,2.4289092781634003e-05,True,True
correlated-propagation,simplifycfg,0.04085556356645037,0.021900316658429887,4161,69.4044638762024,8.020693378241403e-17,6.158634366508497e-15,True,True
correlated-propagation,jump-threading,0.03255703422053232,0.02192523235840671,4208,22.080318376607828,2.614769490215501e-06,2.7160311203405575e-05,True,True
correlated-propagation,newgvn,0.031055900621118012,0.021930004393029726,4186,16.183524998791718,5.749196025829789e-05,0.0004520853742399489,True,True
correlated-propagation,early-cse,0.02862550272060563,0.021937252472800838,4227,8.777424167888347,0.0030498156657314157,0.015165813520005364,True,True
correlated-propagation,attributor,0.030476190476190476,0.021931693544962386,4200,14.234449693029733,0.00016138881904962515,0.0011387362439609589,True,True
correlated-propagation,early-cse-memssa,0.028243178554332216,0.021938661949556598,4178,7.708988755501637,0.005494652386406124,0.025048962450717555,True,True
correlated-propagation,load-store-vectorizer,0.030600047812574707,0.021931420563580547,4183,14.591916063712672,0.00013348595017798157,0.0009609025384135584,True,True
correlated-propagation,iroutliner,0.0321256038647343,0.021927069376781863,4140,19.990025703163653,7.784717840378848e-06,7.363515715682021e-05,True,True
mem2reg,bdce,0.03841565258888094,0.02190738727261412,4191,53.0202532887205,3.301267967705123e-13,1.1542647644226127e-11,True,True
mem2reg,ipsccp,0.034055727554179564,0.021920694808194835,4199,28.70426911170305,8.431765137698097e-08,1.15248838670945e-06,True,True
mem2reg,correlated-propagation,0.034499514091350825,0.02192009488457906,4116,30.237205479072774,3.823048902106887e-08,5.544836852092804e-07,True,True
mem2reg,sroa,0.03572290610668598,0.021916135309841614,4143,36.663648755928925,1.4037274184335993e-09,2.61761741456475e-08,True,True
mem2reg,instsimplify,0.04617196702002356,0.02188262635448449,4245,116.25542615268273,4.1785907419478386e-27,1.258720103497518e-24,True,True
mem2reg,constmerge,0.032590462497004556,0.021925402672254547,4173,22.03443694080471,2.6780225983387577e-06,2.770865678023821e-05,True,True
mem2reg,function-attrs,0.03725205611998065,0.0219115980355119,4134,45.163387662715635,1.8126232695714186e-11,4.685302127816287e-10,True,True
mem2reg,deadargelim,0.03903002309468822,0.02190375907256293,4330,58.95087041178127,1.616583206608617e-14,7.627156430216078e-13,True,True
mem2reg,globaldce,0.03767772511848341,0.021909316822940388,4220,48.70798907341637,2.9705391114051613e-12,8.77934427189631e-11,True,True
mem2reg,elim-avail-extern,0.04276315789473684,0.021893053531810827,4256,86.05011375499063,1.7543304936631195e-20,2.4981666229762824e-18,True,True
mem2reg,mergefunc,0.03735224586288416,0.02191020943711761,4230,46.82290643990278,7.769989333445027e-12,2.162005881278861e-10,True,True
mem2reg,instcombine,0.05081967213114754,0.021867650375334256,4270,166.1429065531863,5.148131473416538e-38,4.0320165699798325e-35,True,True
mem2reg,simplifycfg,0.059292242793531756,0.021841242598221157,4267,277.8091683638162,2.254358047946142e-62,8.82806611575709e-59,True,True
mem2reg,tailcallelim,0.030998580217699953,0.021929914479850047,4226,16.133418866156685,5.903311448364993e-05,0.00046234735263594626,True,True
mem2reg,reassociate,0.03618499880182123,0.021914420202472813,4173,39.45104660124502,3.3638739567274505e-10,6.8968222065679035e-09,True,True
mem2reg,memcpyopt,0.03462469733656175,0.021919587423564417,4130,30.94906677623309,2.6488942236994284e-08,3.9366488728679174e-07,True,True
mem2reg,sccp,0.038209095171120484,0.021907125911607064,4266,52.625762177734224,4.0356068570264113e-13,1.3802127905777665e-11,True,True
mem2reg,dce,0.039201710620099785,0.021904747261082887,4209,58.456685877578195,2.0781616880941868e-14,9.518223591317937e-13,True,True
mem2reg,adce,0.039243498817966904,0.02190435187544481,4230,59.03433524387589,1.5494455033078362e-14,7.399547062138398e-13,True,True
mem2reg,dse,0.036661842739990354,0.021913254846834183,4146,41.86641219727734,9.772702546287226e-11,2.2314812344758467e-09,True,True
mem2reg,jump-threading,0.05020716548866683,0.021873030120442234,4103,152.92225170498915,3.983498968342853e-35,2.5998969933384356e-32,True,True
mem2reg,loop-idiom,0.035120580660266916,0.02191672493895139,4271,34.56423344431683,4.124148431536778e-09,7.052473911745861e-08,True,True
mem2reg,loop-deletion,0.032420749279538905,0.02192599035599075,4164,21.29048215638621,3.946863101283227e-06,3.978356732207237e-05,True,True
mem2reg,gvn,0.044834758493182345,0.02188540477527699,4327,105.78055089665806,8.23700910913768e-25,1.954916828568676e-22,True,True
mem2reg,gvn-hoist,0.03897024090694379,0.02190514822603225,4234,57.23685202841407,3.863633806303794e-14,1.6718220978437191e-12,True,True
mem2reg,gvn-sink,0.04706441644877585,0.021880553149521264,4207,123.86065945402183,9.037216652799608e-29,3.3704514678441205e-26,True,True
mem2reg,newgvn,0.04840642223819794,0.021877079805214916,4173,136.34158434559131,1.6799566773336608e-31,7.739659233457195e-29,True,True
mem2reg,early-cse,0.044439048081593005,0.02189010943956517,4118,97.203750245029,6.254807786231014e-23,1.1392477809711931e-20,True,True
mem2reg,mergereturn,0.03449928126497365,0.02191956140376567,4174,30.663452161674407,3.0689150788774556e-08,4.54361869523029e-07,True,True
mem2reg,globalopt,0.041294373339773004,0.021899263825690324,4141,72.31474490988417,1.834714034422839e-17,1.5619000345217038e-15,True,True
mem2reg,strip-dead-prototypes,0.036173828599174555,0.021915018080091254,4119,38.87787674611238,4.5116480678015045e-10,9.03714262583667e-09,True,True
mem2reg,indvars,0.031166948538294274,0.021929981908661803,4139,16.394265623719605,5.144061865600307e-05,0.00040818938734935766,True,True
mem2reg,mergeicmps,0.03673856364067315,0.021912229538420536,4219,43.05161460188241,5.3314600436624624e-11,1.2577106946374822e-09,True,True
mem2reg,separate-const-offset-from-gep,0.03081627852270054,0.021930315910480436,4251,15.581248213447932,7.903452982203984e-05,0.0006027248661793729,True,True
mem2reg,libcalls-shrinkwrap,0.037063267233238904,0.021911037891268532,4236,45.14565614555923,1.8291097130388744e-11,4.712364234381731e-10,True,True
mem2reg,flattencfg,0.0391742904058175,0.021904148937961797,4263,59.02085339439826,1.5600980538231687e-14,7.405265428813974e-13,True,True
mem2reg,loop-reduce,0.035568372987262675,0.021916424139256492,4161,36.00126961851496,1.97189003383883e-09,3.534060124719843e-08,True,True
mem2reg,loop-unroll,0.030849549121974372,0.02193045398499896,4214,15.561450211944454,7.986647517434612e-05,0.0006084768809002712,True,True
mem2reg,loop-rotate,0.028085909841869247,0.02193887749505949,4237,7.431835542382804,0.006407994599755579,0.028386546213396886,True,True
mem2reg,partial-inliner,0.03882324571979744,0.02190668153420718,4147,55.092642679056766,1.1498049659365438e-13,4.392815850348786e-12,True,True
mem2reg,lower-expect,0.03724928366762178,0.0219110000161078,4188,45.73855224650757,1.3513679586855583e-11,3.5999706981038407e-10,True,True
mem2reg,alignment-from-assumptions,0.03613304618329744,0.02191451647267879,4179,39.2199308436405,3.786551200735393e-10,7.663118605725994e-09,True,True
mem2reg,rpo-function-attrs,0.046803377563329314,0.02188248851806323,4145,119.50538680271832,8.117461880199378e-28,2.67339923122105e-25,True,True
mem2reg,attributor,0.04157757186980281,0.021897425421573215,4209,75.67477020948387,3.344538984261514e-18,3.2743036655920223e-16,True,True
mem2reg,inferattrs,0.03788235294117647,0.021908333675029434,4250,50.34076763249794,1.2923667278162e-12,4.064986430625091e-11,True,True
mem2reg,called-value-propagation,0.03519333178976615,0.021916030774705695,4319,35.341368362533196,2.766921061841058e-09,4.891766536419676e-08,True,True
mem2reg,licm,0.03930778739184178,0.021906509871216985,4045,56.86544893741574,4.666734023711839e-14,1.9756681553357366e-12,True,True
mem2reg,loop-simplify,0.03836930455635491,0.021907782600291695,4170,52.4570617109726,4.397588563451097e-13,1.4845652426271117e-11,True,True
mem2reg,div-rem-pairs,0.0351981351981352,0.021916297624068607,4290,35.128806740744224,3.0860172912150516e-09,5.419212427084369e-08,True,True
mem2reg,float2int,0.0362267701717243,0.021913475161726103,4251,40.42709434355743,2.0409114343296402e-10,4.452484221077923e-09,True,True
mem2reg,inline,0.03345111896348645,0.021922165330029632,4245,26.191572016115188,3.0916893486412825e-07,3.765917194596466e-06,True,True
mem2reg,sink,0.034627004415524056,0.021917970715019518,4303,32.261313883875864,1.3477005476784818e-08,2.0984474531645864e-07,True,True
mem2reg,loop-vectorize,0.03536203993264373,0.02191709211035935,4157,34.88432588598821,3.4988625908173514e-09,6.089575958062555e-08,True,True
mem2reg,slp-vectorizer,0.03410159924741298,0.02192008106995945,4252,29.288555362387797,6.236293181364393e-08,8.721901463651059e-07,True,True
mem2reg,callsite-splitting,0.031451036454610434,0.021928716661211944,4197,17.666228500889016,2.6325944226040952e-05,0.00022338547689962376,True,True
mem2reg,dfa-jump-threading,0.033427495291902073,0.02192221348457757,4248,26.102503410228124,3.237639707280479e-07,3.925262258114661e-06,True,True
mem2reg,consthoist,0.03613604156825697,0.021913934594274802,4234,39.75450216466483,2.8797601099033484e-10,5.982567952457036e-09,True,True
mem2reg,mldst-motion,0.037776193870277974,0.02190914036478869,4209,49.19115633022716,2.32195175707027e-12,7.048653550920294e-11,True,True
mem2reg,slsr,0.03639313861845155,0.021912289334481486,4314,41.990432848532556,9.172107754775436e-11,2.116286942762585e-09,True,True
mem2reg,loop-interchange,0.039514401333015946,0.02190388677573703,4201,60.48042720646023,7.431373610730952e-15,3.7309306486695393e-13,True,True
mem2reg,loop-fusion,0.03322179732313576,0.021923382745083108,4184,24.794204087703825,6.378898725302624e-07,7.35781072408986e-06,True,True
mem2reg,loop-distribute,0.03609687936655799,0.02191343289702217,4294,40.09720416661656,2.416345707478604e-10,5.142614016568595e-09,True,True
mem2reg,loop-load-elim,0.03830402312695736,0.02190820999608298,4151,51.802727791284994,6.136649401516656e-13,2.0109723059698097e-11,True,True
mem2reg,loop-sink,0.036217792902284884,0.021914937856548782,4114,39.0710877793695,4.086511575105776e-10,8.248855323770216e-09,True,True
mem2reg,loop-unroll-and-jam,0.037350246652572236,0.02190991038485673,4257,47.1104691155701,6.709634041581892e-12,1.8835073051494402e-10,True,True
mem2reg,hotcoldsplit,0.0329512893982808,0.021924179124585042,4188,23.640263841971958,1.16131984008737e-06,1.2938061148740089e-05,True,True
mem2reg,irce,0.03517946280009508,0.02191716229346036,4207,34.3499737759413,4.60406568819053e-09,7.804987547599183e-08,True,True
mem2reg,nary-reassociate,0.037494177922682816,0.021909039519891746,4294,48.414100875608696,3.4507793097686007e-12,1.0122285975321229e-10,True,True
mem2reg,scalarizer,0.03395585738539898,0.021921671499996704,4123,27.719771432756037,1.4022223007459476e-07,1.8212612038876056e-06,True,True
mem2reg,vector-combine,0.0393297649522923,0.02190322979829229,4297,60.57243004539453,7.0920364843775286e-15,3.583537402944826e-13,True,True
mem2reg,always-inline,0.03793344193623458,0.021907623185073614,4297,51.2263434478919,8.230665054184164e-13,2.641908553457802e-11,True,True
mem2reg,globalsplit,0.037902264600715135,0.021908915785797387,4195,49.81163176619074,1.6923767873229909e-12,5.177615233716275e-11,True,True
mem2reg,early-cse-memssa,0.041777348466553975,0.021897799530693454,4141,75.97232866817666,2.8766778184628856e-18,2.9259922953508207e-16,True,True
mem2reg,simple-loop-unswitch,0.03728813559322034,0.021911533865941944,4130,45.33268436829667,1.6625137963698406e-11,4.325849851551027e-10,True,True
mem2reg,loop-versioning,0.04028776978417266,0.021901925295940303,4170,65.43817131765402,5.996608366047003e-16,3.7572349378304095e-14,True,True
mem2reg,loop-flatten,0.03270016830968983,0.021925177932490717,4159,22.41579440060076,2.1956099960772173e-06,2.3175225726788096e-05,True,True
mem2reg,loop-reroll,0.03372365339578454,0.021921102191085114,4270,27.610597025469357,1.483637169677053e-07,1.908020741036236e-06,True,True
mem2reg,loop-instsimplify,0.03330902017991733,0.021923707401786258,4113,24.75111114598852,6.523118487545796e-07,7.502065197424182e-06,True,True
mem2reg,loop-simplifycfg,0.03677839851024209,0.02191126829661197,4296,44.07643200408933,3.158004877540219e-11,7.77782836506132e-10,True,True
mem2reg,loop-predication,0.0370193455935037,0.021911716145640758,4187,44.362717143568226,2.7283388455242068e-11,6.783603123220822e-10,True,True
mem2reg,speculative-execution,0.035998129967274424,0.021913908390373344,4278,39.39127789245546,3.468427708616686e-10,7.092617705975428e-09,True,True
mem2reg,partially-inline-libcalls,0.033825631252977606,0.021921410936397157,4198,27.616165539333263,1.4793721585510308e-07,1.9056649252913937e-06,True,True
mem2reg,load-store-vectorizer,0.03999030538051381,0.021903416162710673,4126,62.66122860933304,2.4550129770985265e-15,1.354060678636314e-13,True,True
mem2reg,iroutliner,0.04935927859515899,0.02187334342774636,4214,147.78471223002737,5.2867919796025304e-34,3.185088829557463e-31,True,True
mem2reg,global-merge,0.03418803418803419,0.02192122211801674,4095,28.606788939403014,8.867075712094411e-08,1.2077728169934508e-06,True,True
mem2reg,break-crit-edges,0.027738264580369845,0.021940036668013894,4218,6.582787131284864,0.01029695395080893,0.0415699707952245,True,True
mem2reg,unreachableblockelim,0.03144063819802909,0.02192829590751865,4262,17.901402779277216,2.3264956470602352e-05,0.00019979291565543598,True,True
sroa,bdce,0.03609496124031008,0.021915162483947818,4128,38.53196103287614,5.386432717858965e-10,1.0599633428711409e-08,True,True
sroa,ipsccp,0.0366230677764566,0.021912737107925795,4205,42.24036631695339,8.07166450882288e-11,1.8703336222810888e-09,True,True
sroa,correlated-propagation,0.034764349043397105,0.02191769788386908,4286,32.833945833752125,1.00376617873322e-08,1.5913960955138827e-07,True,True
sroa,mem2reg,0.03818224408526587,0.02190717403385914,4269,52.48900519664891,4.326638196980521e-13,1.466936379166729e-11,True,True
sroa,instsimplify,0.041947926711668276,0.021897179606951922,4148,77.41672521460144,1.3843793736636792e-18,1.485268391032046e-16,True,True
sroa,constmerge,0.04197649316382825,0.021896784122616718,4169,78.03240254981311,1.0136407241626014e-18,1.1181456551607737e-16,True,True
sroa,function-attrs,0.036768263183357526,0.02191306232300425,4134,42.35131606015076,7.626499797924966e-11,1.7777007862306053e-09,True,True
sroa,deadargelim,0.03895793499043977,0.021905810651910013,4184,56.477067727307855,5.685762536269639e-14,2.331460323772974e-12,True,True
sroa,globaldce,0.0323846908734053,0.021926774091997277,4076,20.69580680947556,5.383376210401355e-06,5.2703253099829256e-05,True,True
sroa,elim-avail-extern,0.03577351338545368,0.021915190387804637,4221,37.63123125783311,8.546507210195583e-10,1.64867597217369e-08,True,True
sroa,mergefunc,0.045355850422195414,0.021886881415918838,4145,105.9859852959441,7.425852712990876e-25,1.817477451504517e-22,True,True
sroa,instcombine,0.04082119837670088,0.021900033460316576,4189,69.61903439846182,7.193930705835497e-17,5.578501513673625e-15,True,True
sroa,simplifycfg,0.06351414000927214,0.02182661722580532,4314,347.9961681097952,1.157459805316678e-77,9.065225195240222e-74,True,True
sroa,tailcallelim,0.035422978326730366,0.02191558144388022,4291,36.34053310674796,1.6568203362387228e-09,3.0318263722947843e-08,True,True
sroa,reassociate,0.04,0.021903068889676358,4150,63.094609534374854,1.9701253223852546e-15,1.1021443946372367e-13,True,True
sroa,memcpyopt,0.035324798482693216,0.021916606627187047,4218,35.201379076486404,2.973129332962772e-09,5.244493003550547e-08,True,True
sroa,sccp,0.04155844155844156,0.021897110088149305,4235,75.99526442080902,2.8434583075471857e-18,2.9259922953508207e-16,True,True
sroa,dce,0.03879105188005712,0.021906099353924194,4202,55.61263783348814,8.82544341126047e-14,3.4218253859897034e-12,True,True
sroa,adce,0.03913147220233834,0.021905190749709876,4191,57.732716817048704,3.002667817398163e-14,1.3211738396551917e-12,True,True
sroa,dse,0.03512936150011868,0.021917258578109246,4213,34.138907346101206,5.131492504298471e-09,8.624431178898203e-08,True,True
sroa,jump-threading,0.05309090909090909,0.021863864624584787,4125,186.73596030853034,1.639955803139888e-42,1.834876264313086e-39,True,True
sroa,loop-idiom,0.04144228517911496,0.021896955074814293,4271,75.73757730413773,3.239829819994054e-18,3.211942677239675e-16,True,True
sroa,loop-deletion,0.03387438249823571,0.0219207972264019,4251,28.19613951268466,1.096229970534405e-07,1.465131933314925e-06,True,True
sroa,gvn,0.03861549328938074,0.021906088937930307,4247,55.043703669022015,1.178793368321253e-13,4.481703718782551e-12,True,True
sroa,gvn-hoist,0.039291777831675964,0.021905564467300163,4123,57.85837392504252,2.8168528511234917e-14,1.2464176005649259e-12,True,True
sroa,gvn-sink,0.04024390243902439,0.0219029992254112,4100,64.0288183552688,1.2261248700474346e-15,7.220308257301885e-14,True,True
sroa,newgvn,0.041646605681271064,0.02189800795412613,4154,75.20938566373385,4.233498436402379e-18,3.9947903317955936e-16,True,True
sroa,early-cse,0.04325761237312711,0.02189335855819974,4138,87.68070916458205,7.692095843961904e-21,1.1366885783001817e-18,True,True
sroa,mergereturn,0.03875968992248062,0.02190710893811802,4128,54.426928151693296,1.6133682666635618e-13,5.932347542023012e-12,True,True
sroa,globalopt,0.04083077649280151,0.02189933875111752,4237,70.49077556794653,4.624236810943016e-17,3.658285121546031e-15,True,True
sroa,strip-dead-prototypes,0.03861363107699465,0.02190545857140033,4299,55.70731928846673,8.410456168423042e-14,3.277148891098968e-12,True,True
sroa,indvars,0.032022604191193786,0.021926590658976567,4247,20.094886559713018,7.3693441137207e-06,7.0459837146007e-05,True,True
sroa,mergeicmps,0.04019370460048426,0.021902748166717428,4130,64.1451072543908,1.1558468600951248e-15,6.858024703231073e-14,True,True
sroa,separate-const-offset-from-gep,0.04084967320261438,0.021898627958368663,4284,71.4179669566567,2.890282455070824e-17,2.3579887695952805e-15,True,True
sroa,libcalls-shrinkwrap,0.0404420409122972,0.021900327516432568,4253,67.8729385260193,1.7437808640072894e-16,1.2763824043836534e-14,True,True
sroa,flattencfg,0.04030527068924398,0.021901561949724445,4193,65.9259180594772,4.68194215018586e-16,3.055747576687971e-14,True,True
sroa,loop-reduce,0.03261640274166864,0.02192486939458395,4231,22.450786130616475,2.1559723393587497e-06,2.2818345083591524e-05,True,True
sroa,partial-inliner,0.03538351935407267,0.021916494298109133,4211,35.45222322013315,2.613838704832203e-09,4.631580257069189e-08,True,True
sroa,lower-expect,0.040495474035254886,0.021900909950885495,4198,67.38038196419585,2.2386548931945054e-16,1.5795626237386814e-14,True,True
sroa,alignment-from-assumptions,0.03435114503816794,0.021919850284889228,4192,30.07287443388746,4.161111143244717e-08,5.979783940163785e-07,True,True
sroa,rpo-function-attrs,0.0345475910693302,0.02191866480295168,4255,31.50165171467367,1.992706811851258e-08,3.03046208746001e-07,True,True
sroa,attributor,0.04241552839683681,0.021895383921517807,4173,81.57107648390878,1.690704568676418e-19,2.170753800307165e-17,True,True
sroa,inferattrs,0.03619909502262444,0.02191410520088418,4199,39.7763069506234,2.8477885689133967e-10,5.931882997800458e-09,True,True
sroa,called-value-propagation,0.036312190521103516,0.02191331471101853,4241,40.816033915654636,1.6725515284355144e-10,3.6796133625581317e-09,True,True
sroa,licm,0.0404569252736792,0.02190097409253586,4202,67.16457173011385,2.4976238645590577e-16,1.7310964696660655e-14,True,True
sroa,loop-simplify,0.030626780626780627,0.02193115405623478,4212,14.784434030606002,0.00012052629212213919,0.0008760472168241148,True,True
sroa,div-rem-pairs,0.03975040443725445,0.021901514214016822,4327,63.98635068590739,1.2528420622760269e-15,7.322581366974509e-14,True,True
sroa,float2int,0.03802192675530674,0.021907462771811357,4287,51.67445937908653,6.550941848716905e-13,2.137790689964617e-11,True,True
sroa,inline,0.0371442354076218,0.021911790546476892,4146,44.65849601892864,2.345774819852192e-11,5.907430350187257e-10,True,True
sroa,sink,0.03356180571968802,0.021921940611603106,4231,26.61015828116941,2.4893146591310757e-07,3.0897484010007267e-06,True,True
sroa,loop-vectorize,0.0415965376292378,0.021898088118041305,4159,74.91770069565861,4.907504135692136e-18,4.575663379850097e-16,True,True
sroa,slp-vectorizer,0.03584995251661918,0.021915045973931267,4212,37.96741791527996,7.193597644862424e-10,1.4014989242428484e-08,True,True
sroa,callsite-splitting,0.03227360308285164,0.02192652987112636,4152,20.636025073029646,5.554111179239142e-06,5.416598057274976e-05,True,True
sroa,dfa-jump-threading,0.040903686087990485,0.021899557835406994,4205,70.49831075560168,4.606607671922086e-17,3.658285121546031e-15,True,True
sroa,consthoist,0.03691275167785235,0.021912207665172562,4172,43.57983859747496,4.070107081701719e-11,9.778244988922656e-10,True,True
sroa,mldst-motion,0.036501540649443,0.021912961727732477,4219,41.6819335865127,1.0739682234425353e-10,2.431017088439866e-09,True,True
sroa,slsr,0.038905918415468047,0.021905260498848615,4241,56.899059461941626,4.587652014843081e-14,1.9527440532745115e-12,True,True
sroa,loop-interchange,0.03644107903454804,0.021913074039362698,4226,41.4048848657567,1.2374777086273302e-10,2.785036038496911e-09,True,True
sroa,loop-fusion,0.03780808805934434,0.021909391297599147,4179,49.03661645166082,2.5122856499400988e-12,7.510008095546128e-11,True,True
sroa,loop-distribute,0.03776722090261283,0.02190915640632139,4210,49.14707444588305,2.3747227701838687e-12,7.1533956677231e-11,True,True
sroa,loop-load-elim,0.03415559772296015,0.02192023547156549,4216,29.298647568081822,6.203897618278539e-08,8.692115589688285e-07,True,True
sroa,loop-sink,0.03488092374308396,0.0219185564225097,4157,32.42505645428241,1.2387884841499277e-08,1.948231206398039e-07,True,True
sroa,loop-unroll-and-jam,0.0383349012229539,0.021906901343892733,4252,53.26776776941811,2.9104305889393383e-13,1.0361132896624045e-11,True,True
sroa,hotcoldsplit,0.03475363008807427,0.02191853036898194,4201,32.12693192898452,1.4442133132829967e-08,2.2442616408000852e-07,True,True
sroa,irce,0.040046838407494144,0.02190133234142384,4270,65.26227076505037,6.556466369573824e-16,4.0433263469686764e-14,True,True
sroa,nary-reassociate,0.03209700427960057,0.021926664616556107,4206,20.195595828055176,6.991371352258971e-06,6.710345641040719e-05,True,True
sroa,scalarizer,0.036787689348401056,0.021912731260986935,4159,42.72006000511624,6.316124157949503e-11,1.4766532658227017e-09,True,True
sroa,vector-combine,0.03595930920274426,0.021914554471176833,4227,38.70529449505891,4.928703314107439e-10,9.747879887901379e-09,True,True
sroa,always-inline,0.041793848321202164,0.02189603046582516,4259,78.27411680516937,8.968938547466044e-19,1.0034960957679151e-16,True,True
sroa,globalsplit,0.04018509498295178,0.021903095440302223,4106,63.71102863359861,1.4407573572241922e-15,8.236504833415966e-14,True,True
sroa,lowerswitch,0.029006882989183875,0.021936895186973157,4068,9.44014445483155,0.0021228677313798413,0.011047375463233831,True,True
sroa,early-cse-memssa,0.04603701945894637,0.021883594040586568,4214,114.1210966022808,1.2258864526637687e-26,3.4289795347366556e-24,True,True
sroa,simple-loop-unswitch,0.03934347091479604,0.021905153081283865,4143,58.48717311193134,2.046206559335136e-14,9.448996035738087e-13,True,True
sroa,loop-versioning,0.03626562117128155,0.02191514051123614,4081,39.017166199182775,4.2009532539523975e-10,8.436375867937225e-09,True,True
sroa,loop-flatten,0.037476722532588456,0.021909071604829793,4296,48.32794298788851,3.6057728277282233e-12,1.0498294716270425e-10,True,True
sroa,loop-reroll,0.0342549547345241,0.021921093726549327,4087,28.86403638494844,7.764119952969504e-08,1.0743566691105504e-06,True,True
sroa,loop-instsimplify,0.04235860409145608,0.021895827521852998,4155,80.76679636127948,2.5398998081127884e-19,3.108202390178025e-17,True,True
sroa,loop-simplifycfg,0.036916647318319014,0.021910712546652618,4307,45.01791224651006,1.9524036824999842e-11,4.964683649785674e-10,True,True
sroa,loop-predication,0.039206076941926,0.021906355127186736,4081,56.70235116383144,5.070289222337005e-14,2.1235564272376163e-12,True,True
sroa,speculative-execution,0.03582667634955217,0.021915942761127644,4131,37.110396707468425,1.1162696508025614e-09,2.111744904610063e-08,True,True
sroa,partially-inline-libcalls,0.04282964388835419,0.021894379241926155,4156,84.55997298803977,3.727353142322478e-20,5.033212036322353e-18,True,True
sroa,load-store-vectorizer,0.043374071411454586,0.021892455262909345,4173,89.3941849992042,3.234860169229496e-21,5.067084969081083e-19,True,True
sroa,iroutliner,0.047217537942664416,0.02188112034030465,4151,123.70211543719174,9.788945215461038e-29,3.4848644967041296e-26,True,True
sroa,global-merge,0.03686635944700461,0.02191288584579859,4123,42.79966705629487,6.064247968017082e-11,1.4220116792068798e-09,True,True
sroa,unreachableblockelim,0.032810615199034984,0.021924953197334097,4145,22.801851321014865,1.7959262144469658e-06,1.9374234313427874e-05,True,True
instsimplify,bdce,0.02797854977850315,0.021938980608436572,4289,7.262030343785815,0.007042762536542058,0.030647728909603725,True,True
instsimplify,ipsccp,0.029376354442571636,0.02193533177189305,4153,10.674819163744816,0.0010860380474126373,0.006177087862988944,True,True
instsimplify,correlated-propagation,0.029721955896452542,0.021934172588654093,4172,11.746252065233021,0.0006096588171709581,0.003692844436259044,True,True
instsimplify,mem2reg,0.040495474035254886,0.021900909950885495,4198,67.38038196419585,2.2386548931945054e-16,1.5795626237386814e-14,True,True
instsimplify,sroa,0.041105598866052445,0.021898542415795537,4233,72.48994925793862,1.678847998681825e-17,1.460970836186228e-15,True,True
instsimplify,constmerge,0.028372093023255815,0.021937692851797558,4300,8.263636134666747,0.0040447035346495895,0.01943442827200956,True,True
instsimplify,deadargelim,0.027978774722624215,0.02193961225326539,4146,7.019695770779515,0.008061792719371436,0.034222200855348016,True,True
instsimplify,globaldce,0.028978388998035363,0.021936959427899562,4072,9.373214241780786,0.002201790969818833,0.011394115097355889,True,True
instsimplify,instcombine,0.03114598193057537,0.02192959334592687,4206,16.584688175958476,4.652513421404305e-05,0.000371442253990199,True,True
instsimplify,simplifycfg,0.04035339063992359,0.021901481771096458,4188,66.19291181303885,4.088803073420102e-16,2.691050896724894e-14,True,True
instsimplify,memcpyopt,0.02771141901576684,0.021940254795724118,4186,6.4721553919543116,0.010957755692110995,0.043564031766808786,True,True
instsimplify,dse,0.03062399263182132,0.0219303287901743,4343,15.235911363680076,9.488190293980431e-05,0.0007090792593745681,True,True
instsimplify,jump-threading,0.03387438249823571,0.0219207972264019,4251,28.19613951268466,1.096229970534405e-07,1.465131933314925e-06,True,True
instsimplify,gvn-sink,0.029209213963429115,0.02193553110871117,4211,10.342103056473523,0.0013002977799908312,0.0072073122525747975,True,True
instsimplify,newgvn,0.033694627709707825,0.02192141707584595,4244,27.30672439823534,1.7360661915959172e-07,2.2217108517286316e-06,True,True
instsimplify,globalopt,0.027691573167820484,0.021940302987925733,4189,6.432203760099434,0.011206944396527635,0.04433290413201439,True,True
instsimplify,indvars,0.03164108618654073,0.021927862399514993,4235,18.547589263646014,1.6571467964138913e-05,0.00014681870712119453,True,True
instsimplify,lower-expect,0.03046294075317822,0.021931927922994077,4169,14.085145508299416,0.00017471817404833003,0.0012206893301931496,True,True
instsimplify,alignment-from-assumptions,0.029304029304029304,0.021934391608780787,4368,11.011332481129392,0.0009055652394693664,0.005253619967054872,True,True
instsimplify,attributor,0.03092540132200189,0.021930075050338643,4236,15.910973041771623,6.639267772629714e-05,0.0005153493081787505,True,True
instsimplify,inferattrs,0.02802428771602055,0.02193886815883969,4282,7.360715544165143,0.006666425689219444,0.029287096803179966,True,True
instsimplify,inline,0.029944457860420187,0.02193367475811677,4141,12.33651048909182,0.0004441845469373311,0.0028032662140315694,True,True
instsimplify,sink,0.02824858757062147,0.021938321991480065,4248,7.852047449225504,0.005076318552646928,0.023400663275062236,True,True
instsimplify,loop-vectorize,0.028649725959143,0.021938224209573844,4014,8.394490062944866,0.0037636007867677787,0.018240421634879482,True,True
instsimplify,dfa-jump-threading,0.028299585264698706,0.02193885731396521,4099,7.6991374097007315,0.005524722166172709,0.02515675814271201,True,True
instsimplify,loop-sink,0.028112449799196786,0.02193881324075437,4233,7.4892493121591945,0.0062068425619743,0.027604764875288314,True,True
instsimplify,hotcoldsplit,0.03028083028083028,0.021932936083479574,4095,13.248281891588265,0.0002728298192745975,0.001823210874196798,True,True
instsimplify,nary-reassociate,0.02831984769157544,0.021938315282650844,4202,7.943717034885464,0.004825461601883585,0.02241578604149006,True,True
instsimplify,scalarizer,0.032407407407407406,0.021924833744121915,4320,22.034328940247587,2.678173286853974e-06,2.770865678023821e-05,True,True
instsimplify,early-cse-memssa,0.027918170878459686,0.02193975682203728,4155,6.894070384353938,0.008648212351055612,0.03624012794728066,True,True
instsimplify,loop-instsimplify,0.02756833176248822,0.021940454346428533,4244,6.23977654893239,0.012491223493839637,0.0481690115232654,True,True
instsimplify,speculative-execution,0.029931652132924817,0.02193311625979412,4243,12.600818248758213,0.00038557792202607795,0.002477068552286242,True,True
instsimplify,iroutliner,0.031693472090823085,0.021927750011349008,4228,18.717730568292044,1.5156658876665633e-05,0.00013582031158128747,True,True
constmerge,mem2reg,0.03805648635710866,0.021908643088926115,4178,50.573484488351674,1.1478540619444072e-12,3.65446870453195e-11,True,True
constmerge,sroa,0.0322180916976456,0.021927580125494985,4035,19.837563447224515,8.430946708465118e-06,7.917407028860768e-05,True,True
constmerge,globaldce,0.02822291317866539,0.021938710137977237,4181,7.664874024003681,0.005630619163282625,0.02553503722456834,True,True
constmerge,instcombine,0.031382727701746105,0.02192864276572252,4238,17.583537968634545,2.7495827963778806e-05,0.0002315562630239953,True,True
constmerge,simplifycfg,0.035153503632528706,0.02191666074792838,4267,34.70472127728047,3.836999025628405e-09,6.604698103015752e-08,True,True
constmerge,jump-threading,0.028765201122544434,0.021936575114775463,4276,9.255472187297698,0.0023479278983293953,0.012050439908070658,True,True
constmerge,loop-deletion,0.028432563791008506,0.021938382175183454,4115,8.056828554394984,0.004533246672545116,0.02129837308900621,True,True
constmerge,gvn,0.0279236276849642,0.021939586878274648,4190,6.965057255495263,0.008311677313679969,0.035036090807718794,True,True
constmerge,newgvn,0.03033197993790303,0.02193221696603966,4187,13.713854963570643,0.000212878237055765,0.001471403051665844,True,True
constmerge,strip-dead-prototypes,0.02988235294117647,0.021933228676698863,4250,12.466082542125896,0.00041440828226942643,0.002636592743082167,True,True
constmerge,flattencfg,0.02937692489931296,0.021934959528176517,4221,10.851814450610913,0.0009869900106576485,0.005667754576264323,True,True
constmerge,loop-reduce,0.02890995260663507,0.021936407847317915,4220,9.526462713881504,0.0020253010254907902,0.010631472943461038,True,True
constmerge,attributor,0.028896257697773566,0.021936439970595214,4222,9.493478262515138,0.002062035346194631,0.010788150187973513,True,True
constmerge,mldst-motion,0.02773168997392747,0.021940052732274246,4219,6.569383011301567,0.010374791122687698,0.041798026786466075,True,True
constmerge,early-cse-memssa,0.029364161849710982,0.021934433215856645,4325,11.081809008661672,0.0008717871131522964,0.00508023561771487,True,True
constmerge,iroutliner,0.035347504179603535,0.02191684135074048,4187,35.06068385947793,3.1958867927855983e-09,5.587094946673394e-08,True,True
function-attrs,mem2reg,0.04101469890943575,0.021899034096566912,4218,71.5480925865931,2.7058201920700394e-17,2.2544663557758033e-15,True,True
function-attrs,sroa,0.04280338664158043,0.021892989410822312,4252,86.30176582529694,1.5447054260267073e-20,2.2403949808594763e-18,True,True
function-attrs,instsimplify,0.028875739644970415,0.02193648815568756,4225,9.444139935284733,0.002118248084588681,0.0110306642277251,True,True
function-attrs,globaldce,0.028328611898016998,0.021938129233022147,4236,8.030271362175878,0.004600194701000123,0.021574086765408958,True,True
function-attrs,instcombine,0.031552280055274065,0.021927383710542425,4342,18.67046699102535,1.5537044145738813e-05,0.00013838553011003541,True,True
function-attrs,simplifycfg,0.03794749403341289,0.02190883558013056,4190,50.03474331842129,1.5104766623310388e-12,4.675910363389998e-11,True,True
function-attrs,sccp,0.029014015244652077,0.021936879126800344,4067,9.456925209829587,0.0021035339125461926,0.010975934445744025,True,True
function-attrs,dce,0.027960526315789474,0.021939182708148756,4256,7.16290232389987,0.007442667482444485,0.03197497863231343,True,True
function-attrs,jump-threading,0.032022604191193786,0.021926590658976567,4247,20.094886559713018,7.3693441137207e-06,7.0459837146007e-05,True,True
function-attrs,newgvn,0.035238095238095235,0.02191704996243921,4200,34.59746625346376,4.054336693315308e-09,6.948263672220019e-08,True,True
function-attrs,early-cse,0.03146603098927295,0.021928684549832295,4195,17.713609534878742,2.5678285872290403e-05,0.00021860036407802004,True,True
function-attrs,strip-dead-prototypes,0.027677496991576414,0.021940488977040352,4155,6.348551477513628,0.011747718170901754,0.04600406435725127,True,True
function-attrs,attributor,0.02924791086350975,0.02193489241241347,4308,10.69431777731857,0.0010746509554511625,0.0061167632871319075,True,True
function-attrs,called-value-propagation,0.028578290105667627,0.02193770491323174,4164,8.52419288896844,0.003504561372432909,0.017142460938055132,True,True
function-attrs,consthoist,0.0281019290307216,0.02193899927294666,4199,7.403533120295208,0.006509590131378136,0.028694817271170268,True,True
function-attrs,early-cse-memssa,0.032650142993326976,0.021925039720601263,4196,22.405679126492874,2.2072039215843896e-06,2.3266246452017415e-05,True,True
function-attrs,loop-flatten,0.028037383177570093,0.021939313800644743,4173,7.2037741292786475,0.007275042496830817,0.0314466003654624,True,True
function-attrs,iroutliner,0.0308411214953271,0.02193004936640829,4280,15.775990750244016,7.130160930143327e-05,0.0005496399646149856,True,True
deadargelim,bdce,0.027641133754977745,0.021940123759168262,4269,6.440598309373364,0.01115410721841837,0.04421000391429791,True,True
deadargelim,mem2reg,0.03865189724251709,0.02190602477918613,4243,55.23232334189577,1.0709307586027118e-13,4.111534167341392e-12,True,True
deadargelim,sroa,0.032005689900426744,0.021926857270048793,4218,19.890225809609685,8.20185878620868e-06,7.73007918334373e-05,True,True
deadargelim,constmerge,0.029101149964796996,0.02193560196964982,4261,10.15568801221435,0.001438566984460282,0.007835088054445709,True,True
deadargelim,globaldce,0.029952830188679246,0.021933068081473422,4240,12.658857296490156,0.0003737906048319043,0.002410434256412531,True,True
deadargelim,mergefunc,0.030073349633251832,0.021933587915917464,4090,12.580562594790972,0.00038977938036528656,0.002500206475856613,True,True
deadargelim,instcombine,0.03196022727272727,0.02192695359806467,4224,19.738765618430513,8.878204933891589e-06,8.258206774612699e-05,True,True
deadargelim,simplifycfg,0.04144319843978547,0.02189937066398025,4102,72.73852097176044,1.480166502330083e-17,1.302546522050473e-15,True,True
deadargelim,jump-threading,0.03620771796093378,0.02191408915585728,4198,39.814976583316806,2.7919601071049437e-10,5.8311017490255775e-09,True,True
deadargelim,gvn,0.028423772609819122,0.021937734352862098,4257,8.31309860766353,0.003936018559346236,0.018970398373415215,True,True
deadargelim,gvn-sink,0.03179122182680902,0.021927541293525782,4215,19.036591912879913,1.2823563141929805e-05,0.00011597476504341135,True,True
deadargelim,newgvn,0.032250414986957555,0.021926109027222026,4217,20.86595772636912,4.9257134262972835e-06,4.846505974216121e-05,True,True
deadargelim,indvars,0.027553444180522565,0.021940640339265002,4210,6.156828273001555,0.01309057331700235,0.04998799133045461,True,True
deadargelim,rpo-function-attrs,0.027629665535627727,0.021940755275064793,4126,6.199109603388506,0.012781459597310803,0.04911893599908647,True,True
deadargelim,attributor,0.030194959581550166,0.021932522075297632,4206,13.329140046592576,0.0002613133308942766,0.0017612788361135753,True,True
deadargelim,hotcoldsplit,0.02765752765752766,0.021940537168662524,4158,6.308864133379867,0.012013578202890821,0.04667179785964331,True,True
deadargelim,early-cse-memssa,0.02875629043853343,0.021937117306688396,4173,9.008216163913536,0.002687686123904388,0.013563117089187606,True,True
deadargelim,loop-instsimplify,0.027664180899687276,0.021940521104764944,4157,6.322076066141465,0.011924394033763335,0.04644050426277197,True,True
deadargelim,load-store-vectorizer,0.02759117082533589,0.021940697808932083,4168,6.177686871163673,0.012937129661659264,0.04957123263704274,True,True
globaldce,mem2reg,0.03497843794920939,0.02191809707338931,4174,33.05126846395781,8.976046945959747e-09,1.437635985291549e-07,True,True
globaldce,sroa,0.03720019579050416,0.021912292261512555,4086,44.335220518841844,2.766930646655816e-11,6.857785071078592e-10,True,True
globaldce,instcombine,0.029078014184397163,0.021935836269436123,4230,10.01637445554076,0.0015515458560902973,0.008392062945372382,True,True
globaldce,simplifycfg,0.03610528767761472,0.02191341685137143,4293,40.13553067055691,2.3693998843373487e-10,5.0981153555302516e-09,True,True
globaldce,memcpyopt,0.028790341304852564,0.021936340823868566,4307,9.3917711767367,0.0021796153007738774,0.01130513048719272,True,True
globaldce,jump-threading,0.03033980582524272,0.021932605394672684,4120,13.518977696671822,0.00023616303105121906,0.0016139867881266557,True,True
globaldce,gvn,0.02765303710706689,0.02194024550523337,4231,6.4098567857675315,0.011348856865742309,0.04468790697460722,True,True
globaldce,newgvn,0.03439278937381404,0.02191950328386185,4216,30.44918527393935,3.427272366814058e-08,5.026666137993952e-07,True,True
globaldce,globalopt,0.028119916337438995,0.02193847327674138,4303,7.631971401692024,0.005734259108887611,0.025885139677699003,True,True
globaldce,indvars,0.028097982708933718,0.021939169232886864,4164,7.332206133808744,0.0067729872069523245,0.029667805259983557,True,True
globaldce,rpo-function-attrs,0.02822677925211098,0.02193886404054352,4145,7.608057259448169,0.005810805600781949,0.02615530429041622,True,True
globaldce,attributor,0.028481776490465845,0.02193809976695711,4143,8.235597719166238,0.004107664251298385,0.019640553367624516,True,True
globaldce,div-rem-pairs,0.03048065650644783,0.02193127293202638,4265,14.47059425410647,0.00014236470597089315,0.0010164087303227304,True,True
globaldce,loop-fusion,0.027972027972027972,0.02193962831636818,4147,7.005667097753276,0.00812520908906244,0.03443540994888367,True,True
globaldce,loop-distribute,0.028773469885393806,0.0219374251858685,4101,8.89711965178072,0.0028562084771830724,0.014308053776665112,True,True
globaldce,early-cse-memssa,0.029023124115148655,0.02193596476070256,4238,9.881244830187427,0.0016697193907011104,0.008963154398883547,True,True
globaldce,iroutliner,0.030920590302178495,0.021929872733516535,4269,16.018111741524574,6.27394149622271e-05,0.00048795938230800664,True,True
elim-avail-extern,mem2reg,0.03524436090225564,0.021916484224553903,4256,35.09329428626756,3.1428119039002062e-09,5.5066001859835376e-08,True,True
elim-avail-extern,sroa,0.03749695641587533,0.021911164898208407,4107,46.315930608344985,1.006423432815861e-11,2.746448894011785e-10,True,True
elim-avail-extern,instcombine,0.02997601918465228,0.021933408306829032,4170,12.521550327119812,0.00040228495092222046,0.0025741394119414432,True,True
elim-avail-extern,simplifycfg,0.0387858347386172,0.021906745690365236,4151,54.90156420571903,1.267201148854473e-13,4.7714997104943425e-12,True,True
elim-avail-extern,dce,0.02765303710706689,0.02194024550523337,4231,6.4098567857675315,0.011348856865742309,0.04468790697460722,True,True
elim-avail-extern,jump-threading,0.03166041275797373,0.021927595806467203,4264,18.74961485062016,1.4905345829974231e-05,0.00013372126980567948,True,True
elim-avail-extern,alignment-from-assumptions,0.029023746701846966,0.021936320898041244,4169,9.721587702923877,0.0018211612382764203,0.009676617922782174,True,True
elim-avail-extern,attributor,0.02875629043853343,0.021937117306688396,4173,9.008216163913536,0.002687686123904388,0.013563117089187606,True,True
elim-avail-extern,div-rem-pairs,0.030843373493975902,0.021930890677943765,4150,15.303113584002414,9.156546429416573e-05,0.0006882348525450154,True,True
elim-avail-extern,mldst-motion,0.028605200945626477,0.021937300659854324,4230,8.73026479294167,0.003129710420823525,0.015523680820702879,True,True
elim-avail-extern,iroutliner,0.03058321479374111,0.021931250402703828,4218,14.657121690877304,0.00012894650726645262,0.0009316504104343699,True,True
mergefunc,mem2reg,0.03741007194244604,0.02191071125246739,4170,46.504133798647274,9.142537653177638e-12,2.503648772716338e-10,True,True
mergefunc,sroa,0.03392259913999045,0.02192121833357739,4186,27.988814473707553,1.2201872257597925e-07,1.6034406631125328e-06,True,True
mergefunc,constmerge,0.031013257575757576,0.021929882366034492,4224,16.178162052055743,5.7654960252990655e-05,0.000452458565833089,True,True
mergefunc,instcombine,0.03123509775870291,0.021929400670087393,4194,16.859572277078094,4.024981586549243e-05,0.0003270088774466149,True,True
mergefunc,simplifycfg,0.04043583535108959,0.021902016025115385,4130,65.85982237907174,4.841614361880098e-16,3.133844932416937e-14,True,True
mergefunc,jump-threading,0.028591851322373123,0.021937502791426786,4197,8.627190862639026,0.003311818878843049,0.016333857342001736,True,True
mergefunc,gvn,0.03209459459459459,0.021927133592318876,4144,19.887536017762848,8.213406818382993e-06,7.731658918458605e-05,True,True
mergefunc,gvn-sink,0.030060606060606062,0.02193341782216492,4125,12.648727421135996,0.00037582141001651285,0.0024205865816195136,True,True
mergefunc,newgvn,0.031607099440797475,0.021928832329213624,4113,17.885454318441955,2.3460739349287216e-05,0.00020125357128545178,True,True
mergefunc,partial-inliner,0.030837004405286344,0.02193132732996559,4086,15.044816412113969,0.00010498819971566641,0.000775724132238773,True,True
mergefunc,lower-expect,0.027877913962989664,0.021939853202277013,4161,6.811108309398316,0.009059251947841792,0.037520920812002596,True,True
mergefunc,attributor,0.02772511848341232,0.02194006879655812,4220,6.5559958997375976,0.010453131782910257,0.04204875609848646,True,True
mergefunc,inferattrs,0.02981029810298103,0.021934554335627014,4059,11.688679106525028,0.0006288152362910153,0.003802996857630295,True,True
mergefunc,loop-vectorize,0.028052805280528052,0.021938957813470168,4242,7.360459083253185,0.006667376608793396,0.029287096803179966,True,True
mergefunc,early-cse-memssa,0.03325358851674641,0.021923318538650437,4180,24.91044887031458,6.005603676686794e-07,6.978618397004595e-06,True,True
mergefunc,iroutliner,0.031431334622823985,0.021929201596075705,4136,17.33650255138631,3.131142116336286e-05,0.00026005413632180054,True,True
instcombine,bdce,0.030135725787899702,0.02193185754068242,4347,13.579964784635743,0.0002286125246934253,0.001571987088146538,True,True
instcombine,ipsccp,0.029039812646370025,0.02193574652416754,4270,10.003178097239868,0.0015627031184884805,0.00844075229241502,True,True
instcombine,correlated-propagation,0.029812206572769954,0.0219333892742761,4260,12.275267771150803,0.00045900079403742423,0.002885147848235238,True,True
instcombine,mem2reg,0.04474754726011007,0.021888158429412063,4179,101.37402114019773,7.615606417906942e-24,1.5696165648696624e-21,True,True
instcombine,sroa,0.04474754726011007,0.021888158429412063,4179,101.37402114019773,7.615606417906942e-24,1.5696165648696624e-21,True,True
instcombine,instsimplify,0.030484877580412868,0.021931879749893836,4166,14.147678946350073,0.0001690054834656002,0.0011860671563643196,True,True
instcombine,constmerge,0.0329542817359016,0.021923192672938036,4309,24.338679398389964,8.080019531406847e-07,9.198068745636398e-06,True,True
instcombine,function-attrs,0.03302665723047889,0.021923533421636658,4239,24.258267204384946,8.424470852866193e-07,9.555100949639204e-06,True,True
instcombine,deadargelim,0.03164406376397811,0.02192808081518074,4203,18.418332937817,1.7734352274310373e-05,0.00015659013191927717,True,True
instcombine,globaldce,0.03266913809082484,0.021924037285727886,4316,23.130442020662596,1.5137505722470082e-06,1.6558232516534316e-05,True,True
instcombine,elim-avail-extern,0.032684450853160296,0.02192521003788919,4161,22.36102814624879,2.2591203585538084e-06,2.3781492806711598e-05,True,True
instcombine,mergefunc,0.03183023872679045,0.02192791390493316,4147,18.877462650830406,1.3938977975438402e-05,0.00012548284540647538,True,True
instcombine,simplifycfg,0.05347467608951708,0.021859928053708573,4245,196.95237862422115,9.658641994432003e-45,1.5129296820078289e-41,True,True
instcombine,tailcallelim,0.027868852459016394,0.02193940760743815,4270,6.968704983235216,0.008294750533673192,0.03502128635025792,True,True
instcombine,reassociate,0.034107402031930335,0.02192111590421217,4134,28.500507642926948,9.367392444543587e-08,1.2692978827969788e-06,True,True
instcombine,memcpyopt,0.033107781536974384,0.021924108685593125,4138,24.026886943752203,9.499979810199258e-07,1.0736485118828369e-05,True,True
instcombine,sccp,0.03566265060240964,0.021916247631487237,4150,36.404957853634606,1.602949555512425e-09,2.94701899501721e-08,True,True
instcombine,dce,0.028400954653937948,0.021938122530743977,4190,8.124213873697204,0.004367791896629134,0.02063241624511422,True,True
instcombine,adce,0.03199422660572528,0.021927342295411798,4157,19.557000554350676,9.76422757710472e-06,9.007471187736651e-05,True,True
instcombine,dse,0.03149790013999067,0.02192794903712382,4286,18.220599082722703,1.9673946789015308e-05,0.0001723560975968321,True,True
instcombine,jump-threading,0.03903614457831325,0.021905997498967666,4150,56.533330881736696,5.525380157639364e-14,2.289670761620714e-12,True,True
instcombine,loop-idiom,0.033877943296492075,0.021921565296846447,4162,27.620518545665877,1.4760466820682987e-07,1.9045136102073998e-06,True,True
instcombine,loop-deletion,0.03116883116883117,0.021929326795294312,4235,16.782553145413214,4.1916928418106815e-05,0.0003394967770120089,True,True
instcombine,gvn,0.033939990162321694,0.02192222092069814,4066,27.263154096784454,1.7756300929142327e-07,2.2612577053177674e-06,True,True
instcombine,gvn-hoist,0.035058430717863104,0.021917669807943078,4193,33.61139290558672,6.729740222488073e-09,1.1026637117683386e-07,True,True
instcombine,gvn-sink,0.03849855630413859,0.021907558041630363,4156,53.107145738105004,3.158413811958939e-13,1.1142656295163249e-11,True,True
instcombine,newgvn,0.034944949736716135,0.021918161264247976,4178,32.913081769865414,9.637258110939581e-09,1.5341261285544472e-07,True,True
instcombine,early-cse,0.03375029502006136,0.02192130471997417,4237,27.52076139948343,1.5541718060158113e-07,1.992188802735816e-06,True,True
instcombine,mergereturn,0.03863298662704309,0.021908593884979517,4038,52.43689107963655,4.4429884765844013e-13,1.4934543239746364e-11,True,True
instcombine,globalopt,0.035597189695550355,0.021915244457852145,4270,37.10391245631162,1.1199877847480178e-09,2.1136733325654155e-08,True,True
instcombine,indvars,0.028761587829807464,0.021936931231187475,4207,9.09599658102691,0.0025616959156634935,0.013034037490022531,True,True
instcombine,mergeicmps,0.03156146179401993,0.021928257425104628,4214,18.153067505251123,2.038408164999313e-05,0.00017726877714259497,True,True
instcombine,separate-const-offset-from-gep,0.030780416868637906,0.021931237462111782,4126,14.999512657680159,0.00010753894484388165,0.0007927193259642753,True,True
instcombine,libcalls-shrinkwrap,0.03504560729716755,0.021917968692799928,4166,33.328954985966526,7.78153618416987e-09,1.261801064066634e-07,True,True
instcombine,flattencfg,0.030802292263610316,0.021930768678823664,4188,15.301193485041876,9.165858301450987e-05,0.0006882742302681125,True,True
instcombine,loop-unroll,0.028406355320173327,0.021938276449812277,4154,8.067707203420067,0.004506109919248452,0.021196308040572896,True,True
instcombine,partial-inliner,0.032148900169204735,0.02192702121537593,4137,20.067137018897,7.477050293493533e-06,7.115462685132607e-05,True,True
instcombine,lower-expect,0.03313981615868408,0.021924044479196866,4134,24.14171803535595,8.950024246511954e-07,1.012956501426035e-05,True,True
instcombine,alignment-from-assumptions,0.03397481587075315,0.021920855308004163,4209,28.389254727196466,9.921446417377764e-08,1.337431468862352e-06,True,True
instcombine,rpo-function-attrs,0.030927835051546393,0.02192985667612201,4268,16.040247786949184,6.20101844833641e-05,0.00048324752723752004,True,True
instcombine,attributor,0.03497005988023952,0.021918113121068727,4175,33.01668084335606,9.13715588491721e-09,1.457478714677629e-07,True,True
instcombine,inferattrs,0.03470873786407767,0.02191942694232084,4120,31.28494100305947,2.228011680093163e-08,3.3428711644616193e-07,True,True
instcombine,called-value-propagation,0.03349964362081254,0.021922319675906098,4209,26.18851242123978,3.096591768794847e-07,3.765917194596466e-06,True,True
instcombine,licm,0.033205924510272336,0.021923414848440473,4186,24.7362293602664,6.573679343129795e-07,7.549128535981312e-06,True,True
instcombine,loop-simplify,0.031490384615384615,0.02192885477359488,4160,17.655467206824486,2.6475314780923807e-05,0.00022433524013325149,True,True
instcombine,div-rem-pairs,0.028321925890960584,0.0219381452960976,4237,8.015322448476189,0.004638321460836054,0.021713887436502075,True,True
instcombine,inline,0.032273262661955245,0.021925826346283813,4245,21.098292295428003,4.363167849596552e-06,4.336590177416268e-05,True,True
instcombine,sink,0.031879194630872486,0.021927583111609635,4172,19.180433859033194,1.1892615015110161e-05,0.00010817997769842367,True,True
instcombine,loop-vectorize,0.03054892601431981,0.021931532966855957,4190,14.443997412146324,0.00014438930205068972,0.0010289872735768897,True,True
instcombine,slp-vectorizer,0.030338389731621937,0.021931594104419635,4285,14.05734072669809,0.00017732034454456894,0.0012366633468148388,True,True
instcombine,dfa-jump-threading,0.029947292764734068,0.021933472542341112,4174,12.443951172264416,0.0004193477058430869,0.0026636911858581155,True,True
instcombine,consthoist,0.03302325581395349,0.02192304819702333,4300,24.593325350571632,7.079652942340003e-07,8.094575451738234e-06,True,True
instcombine,mldst-motion,0.032304038004750596,0.02192599664952379,4210,21.0488370085009,4.477245234783321e-06,4.438211457509156e-05,True,True
instcombine,slsr,0.028853089685020438,0.021936892446847222,4159,9.235386872553178,0.0023738224222751058,0.012175361631472578,True,True
instcombine,loop-interchange,0.034482758620689655,0.021919593501292273,4176,30.59740903384094,3.175174816186193e-08,4.6920696529000503e-07,True,True
instcombine,loop-fusion,0.03632075471698113,0.021913298666077,4240,40.8550869664443,1.639459473297219e-10,3.616970871792625e-09,True,True
instcombine,loop-distribute,0.028763627928554858,0.021936405074413752,4311,9.327156833084645,0.00225782404241754,0.011641394272688723,True,True
instcombine,loop-sink,0.0326217318301751,0.02192533846042332,4169,22.142919435035086,2.530876847755849e-06,2.646438914769534e-05,True,True
instcombine,loop-unroll-and-jam,0.03016733443318407,0.021932384057615526,4243,13.356717064776976,0.00025749867223336884,0.0017483265317596842,True,True
instcombine,hotcoldsplit,0.030453257790368272,0.021931539447190188,4236,14.279639749384424,0.0001575599462547475,0.0011157409575652643,True,True
instcombine,irce,0.030026423252462166,0.021933295895588227,4163,12.658123268024053,0.00037393738783723506,0.002410434256412531,True,True
instcombine,nary-reassociate,0.03152069297401348,0.021928790552264925,4156,17.750779496453024,2.518142953407847e-05,0.00021530672064509014,True,True
instcombine,scalarizer,0.03121387283236994,0.02192857524671203,4325,17.30837960994053,3.177824175171054e-05,0.00026309428054904543,True,True
instcombine,vector-combine,0.03455775737071049,0.021919715810251213,4138,30.682317124397567,3.039221800189457e-08,4.508179003614361e-07,True,True
instcombine,always-inline,0.03386641580432737,0.021920813276963158,4252,28.165096008351938,1.1139541787075812e-07,1.483756654360166e-06,True,True
instcombine,globalsplit,0.03625089434772239,0.021914008931075205,4193,40.008761901694626,2.528262421213201e-10,5.325488148626437e-09,True,True
instcombine,lowerswitch,0.02801774457156199,0.02193888422299724,4283,7.346566413561427,0.006719096131172974,0.02947012343870944,True,True
instcombine,early-cse-memssa,0.03722781549988293,0.021910134984239025,4271,46.516968444079,9.082850464245863e-12,2.4960310468762664e-10,True,True
instcombine,simple-loop-unswitch,0.029397705544933077,0.021935097473865173,4184,10.816740870736204,0.0010058639873114642,0.005762931052394578,True,True
instcombine,loop-versioning,0.03296969696969697,0.021924632155102167,4125,23.36160806390976,1.3423100778524235e-06,1.478617796025342e-05,True,True
instcombine,loop-flatten,0.03135552339604438,0.021929362150764364,4146,17.10151528176151,3.543402269720596e-05,0.0002912059451883705,True,True
instcombine,loop-reroll,0.028019778667294562,0.021939038132468943,4247,7.289515365719999,0.006935818360945994,0.030301469694670062,True,True
instcombine,loop-instsimplify,0.03279479141548107,0.0219249853020744,4147,22.746410808878938,1.8484906338655082e-06,1.9913863334848226e-05,True,True
instcombine,loop-simplifycfg,0.030584781012967948,0.021932075504850653,4087,14.205705569147083,0.00016387287774387971,0.0011552226629073501,True,True
instcombine,loop-predication,0.03486983520420349,0.02191830569505469,4187,32.60375407289183,1.129962832722865e-08,1.7806577275423498e-07,True,True
instcombine,partially-inline-libcalls,0.03170377541142304,0.021928405232184405,4132,18.330181077728216,1.8574115266592903e-05,0.00016308572956048834,True,True
instcombine,load-store-vectorizer,0.03444976076555024,0.021919657696627487,4180,30.465641223852533,3.398322633279501e-08,4.993557760571304e-07,True,True
instcombine,iroutliner,0.044349070100143065,0.02188913099505635,4194,98.21229917487855,3.7584832345168966e-23,7.179619681155204e-21,True,True
instcombine,global-merge,0.030918102430965305,0.021930091107516828,4237,15.888844528969802,6.717348917495442e-05,0.0005203786025897557,True,True
instcombine,unreachableblockelim,0.02929171668667467,0.021935524494058885,4165,10.462866039688842,0.0012179816344173608,0.006815720972869588,True,True
simplifycfg,bdce,0.0344909047956532,0.02191904392668367,4233,31.056699676024802,2.505998424362257e-08,3.7384723161152755e-07,True,True
simplifycfg,ipsccp,0.03649809160305344,0.021913260711351783,4192,41.394725678922434,1.2439255873970294e-10,2.7915258454136203e-09,True,True
simplifycfg,correlated-propagation,0.044412607449856735,0.021889034835312397,4188,98.62872978199421,3.0456841708927235e-23,6.116358570879951e-21,True,True
simplifycfg,mem2reg,0.056050656660412757,0.021851445608989238,4264,231.4980913129335,2.8095603357751875e-52,7.33482551659709e-49,True,True
simplifycfg,sroa,0.05232837253960634,0.02186525310802302,4166,179.47221316497118,6.31914775116504e-41,6.186445648390574e-38,True,True
simplifycfg,instsimplify,0.03905160390516039,0.02190404222353048,4302,58.71662889654098,1.8209597753127922e-14,8.489141047767732e-13,True,True
simplifycfg,constmerge,0.03806060606060606,0.021909257237742348,4125,49.95555514495239,1.5726819463384994e-12,4.8302921583227954e-11,True,True
simplifycfg,function-attrs,0.03954666023631541,0.021904485082063115,4147,59.920239736746325,9.878039609782304e-15,4.835300388988438e-13,True,True
simplifycfg,deadargelim,0.03994327582131884,0.021902171326482422,4231,63.92604069917082,1.2917881226086486e-15,7.494284871311804e-14,True,True
simplifycfg,globaldce,0.037775202780996525,0.021907911934865718,4315,50.4275873875609,1.2364383923021874e-12,3.920560926522563e-11,True,True
simplifycfg,elim-avail-extern,0.03770413064361191,0.021909882839784393,4164,48.221249374964906,3.8073992715626935e-12,1.1044278183288524e-10,True,True
simplifycfg,mergefunc,0.03922542204568024,0.021906969321165072,4028,56.08939082891319,6.924978569436961e-14,2.7813554951707835e-12,True,True
simplifycfg,instcombine,0.05331102079847,0.02186186441236401,4183,192.05678991866853,1.1308125403978818e-43,1.4760873027327018e-40,True,True
simplifycfg,tailcallelim,0.03360560093348892,0.021921342958671042,4285,27.154666068119973,1.878113588418307e-07,2.376314317365457e-06,True,True
simplifycfg,reassociate,0.038037097910307585,0.021907745837931005,4259,51.43291246920941,7.408602491897427e-13,2.3976931701049857e-11,True,True
simplifycfg,memcpyopt,0.035976331360946745,0.02191452237983073,4225,38.78104853552763,4.741086034085329e-10,9.400553371887669e-09,True,True
simplifycfg,sccp,0.037207054844165255,0.021911678248002886,4139,44.95247073512964,2.0187533342816417e-11,5.116788386438129e-10,True,True
simplifycfg,dce,0.03957845433255269,0.021902796774732083,4270,61.92630524823069,3.565544879105222e-15,1.9258860340104895e-13,True,True
simplifycfg,adce,0.04214095422620489,0.02189687500228794,4129,78.55646109919172,7.774414183721297e-19,8.824523461870318e-17,True,True
simplifycfg,dse,0.042270531400966184,0.021896319204361255,4140,79.7809980195576,4.182963032873005e-19,4.9637827990092996e-17,True,True
simplifycfg,jump-threading,0.029864896894998817,0.021933463028466788,4219,12.320413775432574,0.0004480313741522645,0.0028229941451009943,True,True
simplifycfg,loop-idiom,0.030164092664092663,0.021932990785171344,4144,13.033825515764915,0.00030591501396307617,0.002018472105609783,True,True
simplifycfg,loop-deletion,0.03881876637294594,0.021906051236393376,4199,55.75595461663383,8.204937672027888e-14,3.213053592366121e-12,True,True
simplifycfg,gvn,0.034958382877526756,0.021917862380571994,4205,33.1949988261416,8.33646654741412e-09,1.3434404526614686e-07,True,True
simplifycfg,gvn-hoist,0.039025602783992044,0.0219076212166801,4023,54.73055039479215,1.3824055328517707e-13,5.155714349188128e-12,True,True
simplifycfg,gvn-sink,0.04645706241201314,0.021881434316157584,4262,119.48719820793887,8.192234620697803e-28,2.67339923122105e-25,True,True
simplifycfg,newgvn,0.05148095909732017,0.02186592977245902,4254,173.19009222481043,1.487494752945833e-39,1.2944509894524183e-36,True,True
simplifycfg,early-cse,0.043993231810490696,0.02189114609301614,4137,93.81892799204009,3.457496195113304e-22,5.815625348662463e-20,True,True
simplifycfg,mergereturn,0.03579308654081883,0.021916572650993078,4079,36.46458909371145,1.5546512003138952e-09,2.8649478119666887e-08,True,True
simplifycfg,globalopt,0.03565446279014118,0.02191598080841583,4179,36.61634074427303,1.43821033497624e-09,2.675549487775276e-08,True,True
simplifycfg,strip-dead-prototypes,0.038010996892182645,0.02190872329318357,4183,50.34844577098462,1.2873201454466758e-12,4.064986430625091e-11,True,True
simplifycfg,indvars,0.036052692396579614,0.021913230169463973,4327,40.15417329832942,2.346895866139497e-10,5.063605626337339e-09,True,True
simplifycfg,mergeicmps,0.03344246959775491,0.021921930717355806,4276,26.343744911230576,2.857428177046449e-07,3.513246072626027e-06,True,True
simplifycfg,separate-const-offset-from-gep,0.035196195005945306,0.021917130198765396,4205,34.420548474855806,4.440107823441105e-09,7.576236268669005e-08,True,True
simplifycfg,libcalls-shrinkwrap,0.036939313984168866,0.021912159535281812,4169,43.70324127572694,3.821383602540623e-11,9.237369251573506e-10,True,True
simplifycfg,flattencfg,0.037116345467523196,0.021911240658289054,4203,45.10821767093891,1.8644139697683715e-11,4.787570561057668e-10,True,True
simplifycfg,loop-reduce,0.03183933382316924,0.021928350695473983,4083,18.619518714990782,1.595783161312276e-05,0.00014186349284219915,True,True
simplifycfg,loop-unroll,0.036095939206839234,0.021914297743039667,4211,39.3145348579296,3.607459344712534e-10,7.338603009815211e-09,True,True
simplifycfg,partial-inliner,0.03920631125986134,0.02190506244311954,4183,58.125482279990194,2.459200805257265e-14,1.1069230291249942e-12,True,True
simplifycfg,lower-expect,0.03835159599809433,0.021907499553371387,4198,52.69646660383885,3.8929083438855395e-13,1.3431391255203324e-11,True,True
simplifycfg,alignment-from-assumptions,0.03736526946107784,0.021910791463826254,4175,46.2904609742471,1.0195914122807046e-11,2.7727222017300274e-10,True,True
simplifycfg,rpo-function-attrs,0.042641325536062376,0.02189574209192302,4104,81.99881554344041,1.3616826052436666e-19,1.807575960045491e-17,True,True
simplifycfg,attributor,0.03608847497089639,0.02191344894269641,4295,40.05890595457601,2.46418702663229e-10,5.2302202689929795e-09,True,True
simplifycfg,inferattrs,0.03334921391138637,0.021922875292505133,4198,25.44342930680839,4.555465455776874e-07,5.414022071266234e-06,True,True
simplifycfg,called-value-propagation,0.031220209723546236,0.021929432782492184,4196,16.813542013105334,4.123797247743328e-05,0.0003343434787197282,True,True
simplifycfg,licm,0.0313102119460501,0.02192945848470605,4152,16.96158556044709,3.814383152112926e-05,0.0003108662731253739,True,True
simplifycfg,loop-simplify,0.0338409475465313,0.02192189619789596,4137,27.283955342052565,1.7566300982761158e-07,2.244360021158e-06,True,True
simplifycfg,div-rem-pairs,0.03583215464403583,0.021914795159268502,4242,38.14076454255144,6.582054330114138e-10,1.2919962284073667e-08,True,True
simplifycfg,float2int,0.03989488772097468,0.02190291404305169,4186,62.90420602269997,2.1700832054572165e-15,1.2053965719958097e-13,True,True
simplifycfg,inline,0.032946195780990756,0.021923944567411573,4219,23.79372780008675,1.072313179682247e-06,1.2014816628428266e-05,True,True
simplifycfg,sink,0.03768665560559374,0.021909300781172775,4219,48.751756117037914,2.90498328657508e-12,8.618117083506071e-11,True,True
simplifycfg,loop-vectorize,0.03170028818443804,0.021928186835473436,4164,18.459353565205557,1.7356684355742422e-05,0.00015360175353014083,True,True
simplifycfg,slp-vectorizer,0.04190751445086705,0.021897243735329475,4152,77.17860620573273,1.5617612904566917e-18,1.652934382007677e-16,True,True
simplifycfg,callsite-splitting,0.03994259746472136,0.02190283385988483,4181,63.16351479782758,1.9023973152382368e-15,1.0719119261112138e-13,True,True
simplifycfg,dfa-jump-threading,0.03444976076555024,0.021919657696627487,4180,30.465641223852533,3.398322633279501e-08,4.993557760571304e-07,True,True
simplifycfg,consthoist,0.03366696997270246,0.02192019566634202,4396,28.154706177466558,1.1199501380456512e-07,1.489210438229803e-06,True,True
simplifycfg,mldst-motion,0.036414565826330535,0.021912540217412,4284,41.82139176687739,1.0000330386353358e-10,2.276819406567427e-09,True,True
simplifycfg,slsr,0.03704600484261501,0.021912266007543986,4130,43.91199567862859,3.434772932119871e-11,8.391012059715674e-10,True,True
simplifycfg,loop-interchange,0.034556213017751476,0.0219189155350021,4225,31.321718116070038,2.1862029173657398e-08,3.292757932463168e-07,True,True
simplifycfg,loop-fusion,0.031475252282556467,0.02192888688440092,4162,17.607944520258602,2.7145197966254455e-05,0.00022934324754229224,True,True
simplifycfg,loop-distribute,0.03848015488867377,0.021907905237309407,4132,52.68212256663131,3.9214438971335563e-13,1.3470503772960532e-11,True,True
simplifycfg,loop-load-elim,0.03189755529685681,0.02192662908373856,4295,19.820853834270036,8.504969799898428e-06,7.977356104527482e-05,True,True
simplifycfg,loop-sink,0.037472976219072786,0.0219105989575516,4163,46.804590480445945,7.842948236979492e-12,2.1705289961845716e-10,True,True
simplifycfg,loop-unroll-and-jam,0.03121998078770413,0.02192965115512856,4164,16.684101005326095,4.414946112207203e-05,0.0003542813314631846,True,True
simplifycfg,hotcoldsplit,0.03273669335845502,0.02192437799288298,4246,23.04205274574748,1.5849631399288371e-06,1.7216964371598686e-05,True,True
simplifycfg,irce,0.03274440518256773,0.02192436193978214,4245,23.069584535580187,1.5624285023351744e-06,1.6995750042068173e-05,True,True
simplifycfg,nary-reassociate,0.037628006668254346,0.021909712129343742,4199,48.158775181084096,3.9306593424426685e-12,1.1359750542439476e-10,True,True
simplifycfg,scalarizer,0.039562485454968585,0.02190249756716207,4297,62.20620487473175,3.093117971009323e-15,1.6823124964545152e-13,True,True
simplifycfg,vector-combine,0.040171143332541,0.02190178645300594,4207,65.18312843683388,6.82513654630614e-16,4.176130424271069e-14,True,True
simplifycfg,always-inline,0.04093975343103047,0.021898136249374856,4299,72.35391219125579,1.7986587827378892e-17,1.5480324820223242e-15,True,True
simplifycfg,globalsplit,0.03839925977330558,0.021905843535337782,4323,54.586563703704996,1.4874917576511488e-13,5.4952997386433e-12,True,True
simplifycfg,lowerswitch,0.030823529411764704,0.02193029985297305,4250,15.603083459596345,7.81270821233604e-05,0.0005986418749020248,True,True
simplifycfg,early-cse-memssa,0.04849061088661754,0.02187616005224857,4207,138.33233253478528,6.164660716240783e-32,3.017601420599863e-29,True,True
simplifycfg,simple-loop-unswitch,0.03423212192262603,0.02191955750845158,4265,30.01330299117842,4.290924459997055e-08,6.155040360933504e-07,True,True
simplifycfg,loop-versioning,0.03395504543280727,0.021921154133389565,4182,28.113849512684542,1.1438437825525335e-07,1.5132744096201761e-06,True,True
simplifycfg,loop-flatten,0.035025017869907075,0.021917733998443392,4197,33.47215923737564,7.229142285873589e-09,1.1771027522445311e-07,True,True
simplifycfg,loop-reroll,0.03613884926295768,0.021914217516730367,4206,39.50643302493155,3.269804869599833e-10,6.757021566940868e-09,True,True
simplifycfg,loop-instsimplify,0.03894862604540024,0.021905826690711165,4185,56.428757719738684,5.827185747571577e-14,2.364690091967906e-12,True,True
simplifycfg,loop-simplifycfg,0.032411820781696854,0.021925771897583084,4196,21.41799942811424,3.692880789472485e-06,3.7464562620658686e-05,True,True
simplifycfg,loop-predication,0.0355576079427384,0.02191475885197945,4331,37.41752623927975,9.536132428868e-10,1.8260877550829874e-08,True,True
simplifycfg,speculative-execution,0.040782649693540785,0.021899418924776533,4242,70.21474212862323,5.31874659014768e-17,4.165642329403663e-15,True,True
simplifycfg,partially-inline-libcalls,0.039770004791566844,0.02190345376962569,4174,61.85296960259184,3.700838506546132e-15,1.985271724881459e-13,True,True
simplifycfg,load-store-vectorizer,0.046135552913198576,0.021883449835661792,4205,114.81050211319238,8.658881850913496e-27,2.5117171354205373e-24,True,True
simplifycfg,iroutliner,0.03838003296444549,0.02190682114225339,4247,53.49858268306799,2.587794618127742e-13,9.254615273596565e-12,True,True
simplifycfg,global-merge,0.03793266951161688,0.02190855255065282,4218,50.27678047261983,1.335200747523026e-12,4.166251894263084e-11,True,True
simplifycfg,unreachableblockelim,0.03694056358039308,0.021911561522753215,4223,44.278454196113145,2.8483397971480727e-11,7.037286211755112e-10,True,True
tailcallelim,mem2reg,0.03865791393143691,0.021907600487014532,4113,53.5735770613512,2.4908709424672245e-13,8.990092728757281e-12,True,True
tailcallelim,sroa,0.03249450280967506,0.021926314872394836,4093,21.222435301181513,4.089494243345958e-06,4.09576968208255e-05,True,True
tailcallelim,elim-avail-extern,0.028008544979824353,0.021939224160969648,4213,7.204202464622365,0.007273306370609663,0.0314466003654624,True,True
tailcallelim,mergefunc,0.027912621359223302,0.021939926757090375,4120,6.823098904422095,0.008998629077199225,0.03730929747624369,True,True
tailcallelim,instcombine,0.03158142823473957,0.02192799084454396,4243,18.354464655948586,1.8338873864529864e-05,0.0001613820900078628,True,True
tailcallelim,simplifycfg,0.03454025726536446,0.021919214402235192,4198,31.042161123290455,2.5248395696943125e-08,3.7594189182216453e-07,True,True
tailcallelim,jump-threading,0.028152353915306363,0.021938716860002386,4227,7.575892816283709,0.005915407228140509,0.026549839203894827,True,True
tailcallelim,newgvn,0.030215827338129497,0.021932676143785107,4170,13.281745890284466,0.00026800280265028845,0.0017955500003054398,True,True
tailcallelim,early-cse,0.028431372549019607,0.021938552140484045,4080,7.985157659371428,0.004716238803653025,0.021999751227046154,True,True
tailcallelim,slp-vectorizer,0.03088165959453088,0.02193017139376047,4242,15.778517326397964,7.120645255196919e-05,0.00054944722796751,True,True
tailcallelim,slsr,0.029405008040431887,0.021934150683236273,4353,11.277148446777785,0.0007846699167998868,0.004652183791352546,True,True
tailcallelim,early-cse-memssa,0.03036723163841808,0.021931732147747227,4248,14.031666274238875,0.00017975779797759576,0.0012525472186481583,True,True
tailcallelim,load-store-vectorizer,0.02834008097165992,0.021938267094356586,4199,7.9885999809700685,0.004707280117342795,0.021984149003594973,True,True
tailcallelim,iroutliner,0.03112473473237444,0.021929423135358356,4241,16.645871255591675,4.5048256355222735e-05,0.0003603860508417819,True,True
reassociate,mem2reg,0.03395504543280727,0.021921154133389565,4182,28.113849512684542,1.1438437825525335e-07,1.5132744096201761e-06,True,True
reassociate,sroa,0.03499879314506396,0.021918331755553164,4143,32.90770379173813,9.663955064915178e-09,1.5352554983451454e-07,True,True
reassociate,instcombine,0.03378054623862003,0.021921757899330215,4174,27.24957559856067,1.7881437518016816e-07,2.273497055862138e-06,True,True
reassociate,simplifycfg,0.03585943103036098,0.02191531282329882,4183,37.75667806348327,8.014189784708014e-10,1.553641940441415e-08,True,True
reassociate,dse,0.028142141664679227,0.02193890289377673,4193,7.490011415384033,0.006204216281485826,0.027604764875288314,True,True
reassociate,jump-threading,0.035203003989673784,0.021916564462098886,4261,34.916263518739825,3.4419379330126248e-09,6.003843628364115e-08,True,True
reassociate,gvn,0.02896451846488052,0.021936635469816078,4143,9.499494551384819,0.0020552850682937435,0.010767219167141536,True,True
reassociate,newgvn,0.03557031064737965,0.021915858391865682,4217,36.49767141593076,1.5284874279051739e-09,2.830050481170998e-08,True,True
reassociate,loop-reduce,0.028413195280520106,0.021938260387616933,4153,8.082879099873026,0.004468539632768496,0.021044860134601842,True,True
reassociate,rpo-function-attrs,0.030194959581550166,0.021932522075297632,4206,13.329140046592576,0.0002613133308942766,0.0017612788361135753,True,True
reassociate,called-value-propagation,0.02835538752362949,0.021938064980955574,4232,8.090243901883897,0.004450417262743252,0.02097212274476844,True,True
reassociate,inline,0.030619684082624544,0.021931792973128503,4115,14.419294114638088,0.00014629572030411663,0.0010416255285653105,True,True
reassociate,early-cse-memssa,0.02800658978583196,0.02193907026023312,4249,7.261258704803658,0.0070457891758147215,0.030647728909603725,True,True
reassociate,iroutliner,0.028380634390651086,0.021938170718403156,4193,8.078848055774136,0.0044784905151338955,0.021079049107288864,True,True
memcpyopt,correlated-propagation,0.027824418325737586,0.021939981710580553,4169,6.701467657903373,0.009633358303567038,0.039314247727649215,True,True
memcpyopt,mem2reg,0.03651685393258427,0.021912347680407465,4272,42.29611730823331,7.844814798857551e-11,1.8231628933131257e-09,True,True
memcpyopt,sroa,0.03711484593837535,0.02191034354493147,4284,45.97117124141509,1.2000600507873137e-11,3.229852342874997e-10,True,True
memcpyopt,elim-avail-extern,0.028859690286250586,0.021936350243533832,4262,9.482949781322635,0.002073902448401215,0.01083636856521483,True,True
memcpyopt,instcombine,0.03697478991596639,0.021912095362423042,4165,43.868205473516674,3.5124868127196276e-11,8.543415129571467e-10,True,True
memcpyopt,simplifycfg,0.036445926631729395,0.02191335697780329,4198,41.157244593506405,1.4046167496581062e-10,3.1341761775846975e-09,True,True
memcpyopt,jump-threading,0.033737229745782846,0.02192158749195513,4209,27.27778647992862,1.7622434253823224e-07,2.247864903516995e-06,True,True
memcpyopt,gvn,0.029163653892504218,0.02193599968371043,4149,10.061732796391833,0.0015138078038806615,0.008199268824338411,True,True
memcpyopt,newgvn,0.03161122906345836,0.02192792662184138,4239,18.450851070376462,1.7434295489764716e-05,0.00015411444952126102,True,True
memcpyopt,partial-inliner,0.03005400328715661,0.02193264100365593,4259,13.039623214825468,0.0003049694455761718,0.0020150742851584957,True,True
memcpyopt,called-value-propagation,0.029088242483500365,0.021936532456740817,4091,9.714094583830008,0.0018286014573855773,0.009709563806267012,True,True
memcpyopt,loop-simplify,0.027559990496555,0.021940624274680274,4209,6.1697722421962755,0.012995133787141141,0.04974481320669082,True,True
memcpyopt,div-rem-pairs,0.0281019290307216,0.02193899927294666,4199,7.403533120295208,0.006509590131378136,0.028694817271170268,True,True
memcpyopt,mldst-motion,0.029467680608365018,0.021934750742800074,4208,11.084584807937084,0.0008704831058850016,0.005080196486804272,True,True
memcpyopt,loop-flatten,0.02791145332050048,0.021939772885351764,4156,6.880199689098408,0.008715582545959343,0.03642499599784075,True,True
memcpyopt,iroutliner,0.03284416491963662,0.02192366805716951,4293,23.764818799110856,1.0885404096306617e-06,1.2179212126039063e-05,True,True
sccp,mem2reg,0.03743188817815683,0.02191006505511563,4221,47.20766612142091,6.3850228147649245e-12,1.8053248622829923e-10,True,True
sccp,sroa,0.04241552839683681,0.021895383921517807,4173,81.57107648390878,1.690704568676418e-19,2.170753800307165e-17,True,True
sccp,constmerge,0.02768496420047733,0.021940319052039983,4190,6.418920726895516,0.011291076112798719,0.04454997889946578,True,True
sccp,deadargelim,0.02938475665748393,0.021934198867921764,4356,11.223653062611273,0.0008076136694018008,0.004766563872460365,True,True
sccp,instcombine,0.030057251908396948,0.021933029431964117,4192,12.844163596677655,0.0003385334969676205,0.0022094952902086697,True,True
sccp,simplifycfg,0.03903127204326358,0.021904720761671572,4253,57.90775965091705,2.7470137060247572e-14,1.2224210991810169e-12,True,True
sccp,dce,0.029869168106640337,0.02193442586945938,4051,11.841143963742976,0.0005793622280990526,0.0035339291047288006,True,True
sccp,dse,0.02763067004374856,0.0219398481155031,4343,6.528490003475776,0.01061600408499673,0.042529178513398665,True,True
sccp,jump-threading,0.03057176196032672,0.021930861879723308,4285,14.851152530518792,0.0001163369601553312,0.0008498475144075005,True,True
sccp,gvn,0.03098391674550615,0.021929946593759655,4228,16.088760513897775,6.0441695642039286e-05,0.00047290645381463706,True,True
sccp,gvn-hoist,0.02835231234022775,0.02193774104239417,4303,8.21849435765486,0.004146558996676032,0.01980234759876017,True,True
sccp,gvn-sink,0.03153683219581078,0.02192808717930319,4249,18.21054244962282,1.9778101965079327e-05,0.00017307496602290645,True,True
sccp,newgvn,0.0323443579766537,0.021926619878553953,4112,20.717929591036395,5.321538168053171e-06,5.222842973958952e-05,True,True
sccp,attributor,0.02865329512893983,0.021937358233062282,4188,8.768839025003622,0.0030642042933578897,0.015218039331375392,True,True
sccp,loop-simplify,0.027646502835538753,0.02194026156979954,4232,6.396672837422914,0.011433444061953282,0.044953179665270133,True,True
sccp,loop-fusion,0.02804642166344294,0.021939451623531135,4136,7.160953513416659,0.0074507579167482135,0.03197497863231343,True,True
sccp,early-cse-memssa,0.028800755429650614,0.021936664836170603,4236,9.264647771459858,0.002336194038660835,0.011998079810355186,True,True
sccp,loop-instsimplify,0.028140013726835965,0.021938101148566765,4371,7.803619832762153,0.005214167587047898,0.02395153110953615,True,True
sccp,iroutliner,0.029523809523809525,0.021934622261467022,4200,11.229443228465074,0.0008050979385536098,0.00475888834320896,True,True
dce,mem2reg,0.03205591708845505,0.02192721386226907,4149,19.759945368482523,8.780359936223649e-06,8.19044482573855e-05,True,True
dce,sroa,0.038765088207985146,0.021904870694263216,4308,56.844191364152714,4.71745351545475e-14,1.9864030071527744e-12,True,True
dce,elim-avail-extern,0.029322073657049027,0.021934901879810183,4263,10.798665546985148,0.0010157328771750586,0.005802834505788827,True,True
dce,instcombine,0.03333333333333333,0.021922656755672315,4230,25.566543380319494,4.2738593518515917e-07,5.118175297202089e-06,True,True
dce,simplifycfg,0.03564500484966052,0.02191656258099281,4124,36.08309163357462,1.89080388703729e-09,3.396508266806435e-08,True,True
dce,gvn-sink,0.03057889822595705,0.021930845821416384,4284,14.87228746939784,0.00011504068454133469,0.00084205480497919,True,True
dce,newgvn,0.03400048227634435,0.02192132454850096,4147,28.089408095690434,1.1583810387396523e-07,1.527346851078949e-06,True,True
dce,early-cse,0.02767175572519084,0.021940351180339056,4192,6.392405853373522,0.011460959092002038,0.04503875143430003,True,True
dce,alignment-from-assumptions,0.028052425845021843,0.021938479991388635,4349,7.545770590720073,0.006015109257644513,0.026950992966745895,True,True
dce,rpo-function-attrs,0.02939781887150308,0.02193491134658302,4218,10.905243500651142,0.0009589243354468541,0.00553448444747219,True,True
dce,attributor,0.031331592689295036,0.021928973555634796,4213,17.29033509037257,3.2081445344853815e-05,0.0002653240548478301,True,True
dce,early-cse-memssa,0.03270803270803271,0.02192516187982674,4158,22.443213484000214,2.164489107284563e-06,2.2877569079963157e-05,True,True
dce,loop-versioning,0.028245905530500832,0.0219384919748743,4213,7.780514830094616,0.0052812744554245365,0.024231365866950773,True,True
dce,loop-simplifycfg,0.027678358387019805,0.021940335116177757,4191,6.405654762050665,0.011375746767371629,0.044771280744751056,True,True
dce,load-store-vectorizer,0.02777129521586931,0.021939648576079246,4285,6.764326992401295,0.009299798938209208,0.0383145845786715,True,True
dce,iroutliner,0.03387059098341509,0.021920546530912605,4281,28.377681327101637,9.980936857749403e-08,1.3431391317851088e-06,True,True
adce,mem2reg,0.03532990173139916,0.021916040863666716,4274,35.69743213279857,2.3046759650731845e-09,4.102323217830268e-08,True,True
adce,sroa,0.03680113234253362,0.02191181822109073,4239,43.62332804806473,3.980655443342006e-11,9.59276720992449e-10,True,True
adce,constmerge,0.02842130403630284,0.021938074343296487,4187,8.169741339749423,0.004259498075754723,0.020255245251554945,True,True
adce,globaldce,0.02768575485092286,0.02194016518275539,4226,6.476029732317637,0.010933894774511007,0.04349124625392088,True,True
adce,mergefunc,0.030202140309155766,0.021932506016703997,4205,13.349205349980883,0.00025853215199310865,0.001751577694126321,True,True
adce,instcombine,0.032472149798530456,0.021925408946035452,4219,21.785043366480256,3.0496826320339066e-06,3.1304212810078056e-05,True,True
adce,simplifycfg,0.036214389183969097,0.021914654967917273,4142,39.319036154720656,3.5991526678978205e-10,7.338603009815211e-09,True,True
adce,jump-threading,0.03558718861209965,0.02191582629884512,4215,36.57082775117302,1.4721851449546296e-09,2.732263994143284e-08,True,True
adce,newgvn,0.02760590195145169,0.021940511823245842,4202,6.260852182016966,0.01234348146738931,0.04771675560345166,True,True
adce,attributor,0.02914001421464108,0.02193569171856066,4221,10.169822210109505,0.0014275804081096926,0.0077860792174896335,True,True
adce,called-value-propagation,0.029197080291970802,0.021935377110853537,4247,10.39591446359904,0.0012629443796944302,0.007035121181910938,True,True
adce,loop-fusion,0.02784332232184993,0.02193962575819258,4238,6.856702702537061,0.008830936100883983,0.03678930401176774,True,True
adce,loop-load-elim,0.029740661432310255,0.02193393826105611,4203,11.890890781932324,0.0005640913759731771,0.0034569355685617554,True,True
adce,hotcoldsplit,0.02805755395683453,0.02193926561118042,4170,7.246426158325673,0.0071042266156436246,0.03085984628603487,True,True
adce,scalarizer,0.02794083118102841,0.021939230900465467,4259,7.121006926511182,0.007618590524344909,0.03257410563490698,True,True
adce,globalsplit,0.028468899521531102,0.021937961906742246,4180,8.276602676975983,0.004015919894013644,0.019319830841471045,True,True
adce,iroutliner,0.029916512059369203,0.02193275994124513,4312,12.757795042070919,0.00035452857689421334,0.0023103554349340424,True,True
dse,mem2reg,0.038625592417061615,0.02190638806354822,4220,54.759023967702426,1.3625214777044957e-13,5.105869958555794e-12,True,True
dse,sroa,0.03811973807296539,0.021907286319936152,4276,52.17101881075752,5.087140906782777e-13,1.6882409992340132e-11,True,True
dse,instsimplify,0.02952565343659245,0.02193499451625137,4132,11.052468471334498,0.0008856919693779682,0.005149769490845024,True,True
dse,constmerge,0.027600849256900213,0.021940374022421428,4239,6.304856401346579,0.01204076668311808,0.04673485611701697,True,True
dse,function-attrs,0.03065314784248998,0.02193088753757107,4241,14.977237521702383,0.00010881588760448426,0.0008002310156979538,True,True
dse,instcombine,0.030160226201696512,0.02193240011656667,4244,13.336749240023304,0.00026025511613445045,0.0017586868589862087,True,True
dse,simplifycfg,0.04353054353054353,0.021892214832321493,4158,90.3781948072785,1.96722245263769e-21,3.144344132460896e-19,True,True
dse,sccp,0.02859889449651526,0.02193765672761884,4161,8.571135951389563,0.003415340037303763,0.01679155252489835,True,True
dse,jump-threading,0.03374605486768633,0.021922339437148712,4119,26.732764980192762,2.336262330599468e-07,2.920873747561229e-06,True,True
dse,loop-idiom,0.027992277992277992,0.021939580127130372,4144,7.047805979086284,0.00793624007895546,0.03376242927668613,True,True
dse,gvn,0.03048780487804878,0.021931256873653642,4264,14.491469340745798,0.00014079569937326921,0.0010070428470241503,True,True
dse,newgvn,0.036230168126923985,0.021913758097122267,4223,40.179119910307975,2.317116508697562e-10,5.01316477793351e-09,True,True
dse,early-cse,0.03061468548194212,0.021931388448570625,4181,14.634366227595512,0.00013051275274996544,0.0009420975848274003,True,True
dse,strip-dead-prototypes,0.028790786948176585,0.02193703699907308,4168,9.088930700756649,0.002571611822644594,0.01306151997078629,True,True
dse,flattencfg,0.028222013170272814,0.02193838624505211,4252,7.793201396377325,0.005244318943375414,0.02407591205422992,True,True
dse,loop-reduce,0.03134796238244514,0.021929378206362538,4147,17.078138462273024,3.587287733354157e-05,0.00029450353802546917,True,True
dse,partial-inliner,0.031082028511334424,0.021929301087275675,4279,16.639360009357027,4.520316139360235e-05,0.0003612562857496873,True,True
dse,attributor,0.03389054270666361,0.02191973017364287,4367,29.046629174975205,7.065693693838367e-08,9.829220783328966e-07,True,True
dse,float2int,0.02869808679421372,0.021936735739913598,4286,9.09515669121937,0.0025628725401729696,0.013034037490022531,True,True
dse,loop-vectorize,0.02849069931716506,0.02193757372382278,4247,8.466086350130313,0.0036182908876049606,0.017601524367529223,True,True
dse,slp-vectorizer,0.029179622099976082,0.02193578146221459,4181,10.18456253525236,0.0014162131663302872,0.0077294644729608425,True,True
dse,loop-interchange,0.028591851322373123,0.021937502791426786,4197,8.627190862639026,0.003311818878843049,0.016333857342001736,True,True
dse,loop-unroll-and-jam,0.030067895247332686,0.0219334017638678,4124,12.668414039334623,0.0003718848470465347,0.0024037132394004726,True,True
dse,vector-combine,0.02843488649940263,0.0219380422184491,4185,8.200182959655148,0.004188616568593191,0.019954528567653205,True,True
dse,globalsplit,0.03005530175522962,0.021933231661110813,4159,12.736609067620506,0.0003585672035338621,0.002330538039898098,True,True
dse,simple-loop-unswitch,0.028995756718528994,0.021936029006900268,4242,9.81412546834069,0.001731766034767508,0.009277148826469989,True,True
dse,loop-reroll,0.027965284474445518,0.021939644379494493,4148,6.991656028518162,0.008189055280545627,0.0346310372339273,True,True
dse,iroutliner,0.03680835905960579,0.0219121011879702,4211,43.37649961581938,4.515790580977745e-11,1.0815801782941192e-09,True,True
jump-threading,bdce,0.03818615751789976,0.021908103406365224,4190,51.539544221389455,7.016939864207965e-13,2.280359876202356e-11,True,True
jump-threading,ipsccp,0.033373063170441,0.021922827138266397,4195,25.531764426979674,4.351594236632964e-07,5.203310849054866e-06,True,True
jump-threading,correlated-propagation,0.031303497187576426,0.021929911259780204,4089,16.67947320915489,4.425729595408221e-05,0.00035478315446506846,True,True
jump-threading,mem2reg,0.045554739162380606,0.02188735217654548,4083,106.17825934118945,6.7391956628054e-25,1.7026251751965125e-22,True,True
jump-threading,sroa,0.0478559583037195,0.02187784867821331,4221,132.23370305220976,1.3300280532000686e-30,5.787099840368298e-28,True,True
jump-threading,instsimplify,0.03327826292187869,0.021922769117897943,4237,25.361628873569593,4.7527853528250993e-07,5.631439467976729e-06,True,True
jump-threading,constmerge,0.03231132075471698,0.021925746075771045,4240,21.229149636617358,4.0751934840822774e-06,4.086672902347298e-05,True,True
jump-threading,function-attrs,0.03272032481490327,0.021924895244468622,4187,22.651937082029903,1.9416437231291688e-06,2.075854851172862e-05,True,True
jump-threading,deadargelim,0.03209060877772534,0.021926446167228508,4238,20.324060219786737,6.537333807005057e-06,6.305467780352661e-05,True,True
jump-threading,globaldce,0.03130267276667469,0.02192947454044528,4153,16.93834110772362,3.861373644492719e-05,0.00031436879816701635,True,True
jump-threading,elim-avail-extern,0.035393939393939394,0.021917310765883206,4125,34.7799311253287,3.691593075922222e-09,6.382462907422261e-08,True,True
jump-threading,mergefunc,0.03304224687278735,0.02192350131685983,4237,24.315134567736905,8.179386990374327e-07,9.29767182998719e-06,True,True
jump-threading,instcombine,0.036153289949385395,0.021914767281893812,4149,39.04881946789941,4.1333899656573814e-10,8.322033473272137e-09,True,True
jump-threading,simplifycfg,0.03806559731864975,0.021908627048145092,4177,50.618589085717296,1.1217749731496416e-12,3.5860169753910175e-11,True,True
jump-threading,tailcallelim,0.032845840326060895,0.021924638402711933,4171,23.094506173295233,1.5423074771814425e-06,1.6823610252486153e-05,True,True
jump-threading,reassociate,0.030776746458231558,0.021931455781276997,4094,14.870451575869236,0.00011515270703364612,0.0008420877698296138,True,True
jump-threading,sccp,0.031992472359444836,0.021926654878142538,4251,19.993617779254986,7.770107493058025e-06,7.363515715682021e-05,True,True
jump-threading,dce,0.03306565895134624,0.0219234531598709,4234,24.40061588093583,7.824367589104306e-07,8.920006835205956e-06,True,True
jump-threading,adce,0.038909599254426844,0.021904614064351166,4292,57.61046349865456,3.1952131927898385e-14,1.398039649493297e-12,True,True
jump-threading,dse,0.0378698224852071,0.021908664839602243,4225,49.965004749900324,1.565126245401137e-12,4.826011320465238e-11,True,True
jump-threading,loop-idiom,0.030791094268119375,0.02193058244323324,4222,15.38676240085748,8.759983115986969e-05,0.0006628810412020285,True,True
jump-threading,loop-deletion,0.03336466165413534,0.02192234189773967,4256,25.866065152495132,3.6594627036772446e-07,4.416165161047793e-06,True,True
jump-threading,gvn,0.030027932960893854,0.021932502983839672,4296,13.068687761451836,0.0003002734264706857,0.001987947148029087,True,True
jump-threading,gvn-hoist,0.029304916444659723,0.02193567847878658,4129,10.409527478902458,0.0012536681864123954,0.006993396891724986,True,True
jump-threading,gvn-sink,0.03492602473926752,0.021918742948597334,4123,32.38391208072858,1.2652967771906057e-08,1.981960871791365e-07,True,True
jump-threading,newgvn,0.044720206040739875,0.02188670403415061,4271,103.36426940006702,2.7885883981543278e-24,6.240064095527056e-22,True,True
jump-threading,early-cse,0.039307440336920914,0.021903593144088945,4274,60.09244916947521,9.050488139188922e-15,4.4580769249136874e-13,True,True
jump-threading,mergereturn,0.031446540880503145,0.021929169485420088,4134,17.38376682042837,3.054233944553241e-05,0.000253935883797675,True,True
jump-threading,globalopt,0.030666027791087687,0.02193127604677657,4174,14.783601237385414,0.00012057953265275738,0.0008760472168241148,True,True
jump-threading,strip-dead-prototypes,0.02907402882970926,0.021936564577166733,4093,9.680149281455302,0.0018626949505442178,0.009857180305852914,True,True
jump-threading,indvars,0.03028868906767629,0.021932111059044048,4226,13.69924282134197,0.00021454096709975593,0.0014804271844275668,True,True
jump-threading,mergeicmps,0.0328852616418627,0.021924558140897044,4166,23.23407203938946,1.4343346332397488e-06,1.5755552380832695e-05,True,True
jump-threading,separate-const-offset-from-gep,0.03151157065484983,0.021929477774751745,4062,17.3150179414256,3.166742338204929e-05,0.00026245424331027516,True,True
jump-threading,libcalls-shrinkwrap,0.031190476190476192,0.021929497007583912,4200,16.721741351848692,4.3282136932505696e-05,0.00034839228823780536,True,True
jump-threading,flattencfg,0.031029619181946404,0.021929631875067728,4254,16.352354085298078,5.259079749717372e-05,0.00041647232153474683,True,True
jump-threading,partial-inliner,0.03281437125748503,0.021924702612586954,4175,22.983287760544822,1.6341585297082641e-06,1.7726772305644217e-05,True,True
jump-threading,lower-expect,0.03958529688972667,0.021903112007978082,4244,61.59587562322015,4.2170103167434215e-15,2.2166191141432535e-13,True,True
jump-threading,alignment-from-assumptions,0.03316326530612245,0.02192250859282669,4312,25.29022124936679,4.932028366083225e-07,5.808668595964483e-06,True,True
jump-threading,rpo-function-attrs,0.0332934131736527,0.021923238281138457,4175,25.05631004508843,5.568024473905079e-07,6.518500400541791e-06,True,True
jump-threading,attributor,0.03263458789899952,0.021925071826667097,4198,22.351216193190997,2.2706920679907383e-06,2.3871221847655656e-05,True,True
jump-threading,inferattrs,0.032273262661955245,0.021925826346283813,4245,21.098292295428003,4.363167849596552e-06,4.336590177416268e-05,True,True
jump-threading,called-value-propagation,0.03369434416365824,0.021922185101963566,4155,26.731047356145467,2.3383399383566018e-07,2.920873747561229e-06,True,True
jump-threading,licm,0.030490827962320277,0.0219326887035562,4034,13.717209417238006,0.00021249836651290635,0.0014702183803260447,True,True
jump-threading,loop-simplify,0.030624547865927176,0.021931574658506602,4147,14.548089542520565,0.00013662711946749067,0.0009799117213089624,True,True
jump-threading,div-rem-pairs,0.03099273607748184,0.02193056954759506,4130,15.745439312248566,7.246242370661466e-05,0.0005580390388104288,True,True
jump-threading,float2int,0.03322337417530632,0.02192288148127538,4244,25.157908702146653,5.282258323006823e-07,6.1932106565553054e-06,True,True
jump-threading,inline,0.02944697151065358,0.02193498505281485,4177,10.942077253494041,0.0009400471759799495,0.005445598729493317,True,True
jump-threading,loop-vectorize,0.029921633816195677,0.021933334553641704,4211,12.474087653461085,0.00041263614033579845,0.0026295901148169027,True,True
jump-threading,slp-vectorizer,0.031492248062015504,0.021929073154017476,4128,17.52609558122296,2.8339126102852608e-05,0.00023763601245989466,True,True
jump-threading,callsite-splitting,0.03848946986201888,0.021907889197608825,4131,52.728739112237044,3.8294638146632684e-13,1.3270956016125097e-11,True,True
jump-threading,dfa-jump-threading,0.0313588850174216,0.021928254109122115,4305,17.772137212406705,2.4900319595770945e-05,0.00021313585035418367,True,True
jump-threading,consthoist,0.03363123236124177,0.021921545483966864,4252,27.06360708726571,1.968695446854887e-07,2.486906893510883e-06,True,True
jump-threading,mldst-motion,0.03200192492781521,0.02192732624118668,4156,19.582288104684995,9.635836660801165e-06,8.899513293324849e-05,True,True
jump-threading,loop-interchange,0.028705882352941175,0.021936889706356134,4250,9.039398040517536,0.002642226259779377,0.013385456705428254,True,True
jump-threading,loop-fusion,0.03216650898770104,0.021926285623075244,4228,20.580851064142752,5.716505862260166e-06,5.554798252260747e-05,True,True
jump-threading,loop-distribute,0.032526115859449194,0.021925296571760775,4212,21.97261793843578,2.7656822207340827e-06,2.8576283842729996e-05,True,True
jump-threading,loop-load-elim,0.03006253006253006,0.021933215602550248,4158,12.756281131010494,0.0003548156416599888,0.0023103554349340424,True,True
jump-threading,loop-sink,0.034128878281622914,0.021920550360375927,4190,28.989983636375026,7.275351067031628e-08,1.0085053018936585e-06,True,True
jump-threading,loop-unroll-and-jam,0.027751196172248804,0.021940158411956016,4180,6.552521152447418,0.010473564796627659,0.04208771651471925,True,True
jump-threading,hotcoldsplit,0.030694668820678513,0.021930168205246868,4333,15.449667685008572,8.473184046956876e-05,0.000641798621429074,True,True
jump-threading,irce,0.030827602561062366,0.02193050215666046,4217,15.495784706129092,8.268944859257428e-05,0.0006281510779602733,True,True
jump-threading,nary-reassociate,0.029432878679109833,0.021935017172997357,4179,10.906170237424723,0.0009584447175287013,0.00553448444747219,True,True
jump-threading,scalarizer,0.03169185763042418,0.021928655727719192,4102,18.15222029518765,2.0393152222354197e-05,0.00017726877714259497,True,True
jump-threading,vector-combine,0.027777777777777776,0.02194024802210498,4140,6.54931726791229,0.010492441312253104,0.042141948901316055,True,True
jump-threading,globalsplit,0.03435114503816794,0.021919850284889228,4192,30.07287443388746,4.161111143244717e-08,5.979783940163785e-07,True,True
jump-threading,early-cse-memssa,0.041004977482815834,0.02189905013080562,4219,71.49211133640794,2.7836884331821797e-17,2.2949313482824034e-15,True,True
jump-threading,simple-loop-unswitch,0.027659574468085105,0.021940229440690722,4230,6.42305759850262,0.011264804836867514,0.04449115052059827,True,True
jump-threading,loop-versioning,0.028564627469650085,0.021937567040200324,4201,8.564709169818228,0.0034274172115605107,0.016840358595321153,True,True
jump-threading,loop-flatten,0.032809936723693464,0.021923982898385392,4267,23.472141169269346,1.2673571590544433e-06,1.4019691058918646e-05,True,True
jump-threading,loop-reroll,0.027817067421027818,0.02193969001511264,4242,6.802097647808511,0.009105083754525378,0.03767090119674737,True,True
jump-threading,loop-instsimplify,0.031227651966626937,0.02192941672627803,4195,16.836546304427024,4.074111525838707e-05,0.00033065742456340677,True,True
jump-threading,loop-simplifycfg,0.03529980657640232,0.021917487278983783,4136,34.38603106504038,4.51955428183113e-09,7.682296322320551e-08,True,True
jump-threading,loop-predication,0.02923003802281369,0.021935482926214948,4208,10.39415527507358,0.0012641481852681475,0.007036822023468466,True,True
jump-threading,speculative-execution,0.031654676258992806,0.021928283165521565,4170,18.31334279891085,1.8739009521359664e-05,0.0001643492973922608,True,True
jump-threading,partially-inline-libcalls,0.037690263348634935,0.021910213955150176,4139,47.84647358245212,4.609353993971737e-12,1.3272228117936266e-10,True,True
jump-threading,load-store-vectorizer,0.03519921779516011,0.021918229439305364,4091,33.499885693124625,7.126817947000069e-09,1.1628591283521779e-07,True,True
jump-threading,iroutliner,0.03613327076489911,0.021913651660218317,4262,40.00258455329757,2.536270530436237e-10,5.325488148626437e-09,True,True
jump-threading,global-merge,0.032397408207343416,0.02192603851608449,4167,21.210913562275337,4.1141516720085884e-06,4.10995355805756e-05,True,True
loop-idiom,correlated-propagation,0.029640084685956247,0.021933976942818335,4251,11.71826827655356,0.000618895202298301,0.0037458943001547865,True,True
loop-idiom,mem2reg,0.03028135431568908,0.021932329373726012,4194,13.571262353847874,0.00022967486651295955,0.0015779066267802625,True,True
loop-idiom,sroa,0.03414634146341464,0.02192130236344761,4100,28.44687487842553,9.63050940362622e-08,1.3004508560206993e-06,True,True
loop-idiom,globaldce,0.027703523693803158,0.02194057857586844,4115,6.344599749584182,0.011773917253683045,0.04608361815634463,True,True
loop-idiom,mergefunc,0.029217719132893498,0.021935328927425533,4244,10.447867837558745,0.0012279111208058158,0.0068594863752861265,True,True
loop-idiom,simplifycfg,0.04206049149338374,0.021895597596638925,4232,79.88141717796506,3.9756815035500765e-19,4.7903903901237226e-17,True,True
loop-idiom,sccp,0.027857142857142858,0.021939747515350137,4200,6.826983553593648,0.008979078010841508,0.03726769421351918,True,True
loop-idiom,jump-threading,0.03219512195121951,0.02192715936761926,4100,20.067931215511983,7.473945866654646e-06,7.115462685132607e-05,True,True
loop-idiom,gvn,0.029288702928870293,0.021934796043594273,4302,10.799225729921371,0.001015425559163084,0.005802834505788827,True,True
loop-idiom,gvn-sink,0.028617585968151397,0.02193675845914006,4333,8.976877701956747,0.0027341745911729195,0.013744579844715216,True,True
loop-idiom,newgvn,0.032737404225679126,0.021923892803506533,4307,23.37721269711752,1.3314648677918297e-06,1.4687370203585367e-05,True,True
loop-idiom,early-cse,0.027857142857142858,0.021939747515350137,4200,6.826983553593648,0.008979078010841508,0.03726769421351918,True,True
loop-idiom,attributor,0.027797408716136632,0.021939738208049696,4245,6.761322614140752,0.009315469043577185,0.03833880901171651,True,True
loop-idiom,loop-distribute,0.02936180538704198,0.0219355499994509,4121,10.550812141852333,0.0011613704681174316,0.006557933313839744,True,True
loop-idiom,early-cse-memssa,0.03273244781783681,0.021924628597787328,4216,22.86072782931991,1.741744530602984e-06,1.8841634203981454e-05,True,True
loop-idiom,iroutliner,0.028686581318160265,0.02193710791291054,4218,8.919880328501261,0.002820829953294814,0.014143879765816252,True,True
loop-deletion,mem2reg,0.033659584626402485,0.021921998657194297,4189,26.791055602057714,2.2668411810223952e-07,2.840624020762784e-06,True,True
loop-deletion,sroa,0.03922484240018678,0.021903737489044103,4283,59.647364693000526,1.1347110532037891e-14,5.485837634995109e-13,True,True
loop-deletion,instsimplify,0.028834504482675067,0.021937110638799467,4127,9.114778647525748,0.002535526355319685,0.012911731088988148,True,True
loop-deletion,instcombine,0.03274440518256773,0.02192436193978214,4245,23.069584535580187,1.5624285023351744e-06,1.6995750042068173e-05,True,True
loop-deletion,simplifycfg,0.038316878232252,0.0219069334247129,4254,53.1756674995765,3.050137290087277e-13,1.0809355319440522e-11,True,True
loop-deletion,reassociate,0.02777106978990582,0.021940264085602686,4141,6.535811620471555,0.010572397630359004,0.042376160819330454,True,True
loop-deletion,dse,0.028205128205128206,0.021938264445381696,4290,7.8207350797025645,0.0051650184231072805,0.02378155455013299,True,True
loop-deletion,jump-threading,0.034259702922855774,0.021920293568953853,4174,29.50311358859498,5.582694577203869e-08,7.863968332492932e-07,True,True
loop-deletion,gvn,0.03050927012438395,0.021931208698676527,4261,14.554216660503721,0.0001361835363071221,0.0009776255328665263,True,True
loop-deletion,newgvn,0.03262910798122066,0.021924602738763118,4260,22.65907168697983,1.934447359310012e-06,2.07258436636334e-05,True,True
loop-deletion,early-cse,0.03262955854126679,0.021925322407524282,4168,22.17009952758036,2.495298228767263e-06,2.6162216502952083e-05,True,True
loop-deletion,mergeicmps,0.029599810561212407,0.02193425945790009,4223,11.519110106348645,0.0006888435752239705,0.004143642765863393,True,True
loop-deletion,libcalls-shrinkwrap,0.02890869669959046,0.021936763957579063,4151,9.366839680650328,0.002209461310661688,0.01142211286145369,True,True
loop-deletion,partial-inliner,0.027764480612733365,0.0219401262842215,4178,6.579447135462867,0.010316292986747577,0.041626587672440506,True,True
loop-deletion,early-cse-memssa,0.034516285853184246,0.02192006278772828,4114,30.303355026638755,3.6948624724662675e-08,5.388857147924731e-07,True,True
loop-deletion,iroutliner,0.034400382226469184,0.021919753990335335,4186,30.268783343672837,3.761309958012562e-08,5.465413653275396e-07,True,True
loop-deletion,unreachableblockelim,0.027633443552196504,0.021940293699002453,4234,6.370355486201288,0.011604234749539045,0.04555607346285203,True,True
gvn,bdce,0.028957055214723925,0.021937007608841277,4075,9.323218632517014,0.002262681851074767,0.011643445635753992,True,True
gvn,ipsccp,0.029404954850659876,0.0219343368478553,4319,11.188627570773102,0.0008230019643434825,0.004846429612585079,True,True
gvn,correlated-propagation,0.029252182118424157,0.021935248622182584,4239,10.534832280206473,0.0011714551287925084,0.006605353901154014,True,True
gvn,mem2reg,0.041073512252042005,0.021897911768388543,4285,73.13750448277641,1.209247244267801e-17,1.0886005077132665e-15,True,True
gvn,sroa,0.0365622032288699,0.021912849417253515,4212,41.960425004620745,9.313949145935028e-11,2.1392038038405613e-09,True,True
gvn,instsimplify,0.03373662168450442,0.02192081939652395,4298,27.853519148416186,1.3085584342553276e-07,1.7081049428479542e-06,True,True
gvn,deadargelim,0.03196022727272727,0.02192695359806467,4224,19.738765618430513,8.878204933891589e-06,8.258206774612699e-05,True,True
gvn,mergefunc,0.027529411764705882,0.021940550736013403,4250,6.162232033608847,0.013050642556545183,0.04988415446698968,True,True
gvn,instcombine,0.047722868217054265,0.02188001973850869,4128,127.98578613091549,1.1304969909117449e-29,4.660027596221466e-27,True,True
gvn,simplifycfg,0.044172932330827065,0.0218886602769215,4256,98.10680011542965,3.9641520222155007e-23,7.392199675712333e-21,True,True
gvn,memcpyopt,0.02937692489931296,0.021934959528176517,4221,10.851814450610913,0.0009869900106576485,0.005667754576264323,True,True
gvn,dce,0.02939068100358423,0.021935113534109287,4185,10.798912859364831,0.001015597189278653,0.005802834505788827,True,True
gvn,dse,0.0381641307059117,0.02191032499083074,4009,49.17284206617594,2.34373199394404e-12,7.087300763154333e-11,True,True
gvn,jump-threading,0.03567210016536735,0.0219153829425965,4233,37.18654162805739,1.073521172864516e-09,2.0357912411319343e-08,True,True
gvn,loop-idiom,0.02910999761393462,0.021935942070369273,4191,10.013096172462527,0.0015543100257614613,0.008401211954288314,True,True
gvn,loop-deletion,0.02797854977850315,0.021938980608436572,4289,7.262030343785815,0.007042762536542058,0.030647728909603725,True,True
gvn,gvn-hoist,0.02774539519701562,0.021939712835277517,4289,6.710466035838527,0.009584867219219657,0.039179895647666156,True,True
gvn,gvn-sink,0.031180947704394796,0.02193038648874416,4073,16.181148736884715,5.756412648180254e-05,0.00045219883511080994,True,True
gvn,newgvn,0.03130227001194743,0.021929256165429664,4185,17.067784251326582,3.6068999525767486e-05,0.0002958035646971843,True,True
gvn,mergereturn,0.028203257962557744,0.021939082184068356,4113,7.492601588840363,0.00619529877090801,0.027600443671075958,True,True
gvn,globalopt,0.035302593659942365,0.02191720443806001,4164,34.63399353744646,3.9789687160686315e-09,6.834053286019633e-08,True,True
gvn,separate-const-offset-from-gep,0.029894633668218575,0.021934175510009847,4081,12.00601705697338,0.0005302906432784167,0.003280597407706604,True,True
gvn,libcalls-shrinkwrap,0.02880952380952381,0.0219368187988455,4200,9.209225190437051,0.0024079858573980567,0.012326369434733057,True,True
gvn,flattencfg,0.02847408128498418,0.021938285804651517,4109,8.148550833988413,0.004309558623034563,0.020443648174201513,True,True
gvn,loop-reduce,0.02888680131517144,0.021936285995454437,4258,9.548598199642537,0.0020010217633461454,0.010511068041936291,True,True
gvn,rpo-function-attrs,0.030484877580412868,0.021931879749893836,4166,14.147678946350073,0.0001690054834656002,0.0011860671563643196,True,True
gvn,attributor,0.03900046707146193,0.021904453673709676,4282,58.09365241444772,2.4993145837237852e-14,1.1185503896985535e-12,True,True
gvn,called-value-propagation,0.028035162746495604,0.02193915990677834,4209,7.2608051192025735,0.007047568918053666,0.030647728909603725,True,True
gvn,loop-simplify,0.029476248477466504,0.021935293045294575,4105,10.837135711421343,0.0009948450413850508,0.005708151182511148,True,True
gvn,div-rem-pairs,0.030197444831591175,0.021931915286219843,4305,13.652102079448222,0.0002199948935595734,0.0015153913864191548,True,True
gvn,float2int,0.028035162746495604,0.02193915990677834,4209,7.2608051192025735,0.007047568918053666,0.030647728909603725,True,True
gvn,sink,0.03193987787693753,0.02192676726258816,4258,19.817261339062448,8.520969474679322e-06,7.98280298154168e-05,True,True
gvn,callsite-splitting,0.028988979396262576,0.021936401203093838,4174,9.637733814017627,0.0019062027514485846,0.010060229076378244,True,True
gvn,consthoist,0.02844168260038241,0.021938026156060688,4184,8.215430801007019,0.0041535653111756205,0.019811646478153144,True,True
gvn,slsr,0.02961714423308452,0.02193459961796208,4153,11.379035524308348,0.0007427767473610773,0.004440784339948059,True,True
gvn,loop-interchange,0.02787121576165305,0.021939869265732628,4162,6.79734236477671,0.009129366658486805,0.03773150378325523,True,True
gvn,loop-distribute,0.029537875178656504,0.021934590141368938,4198,11.26585116187157,0.0007894597335989859,0.004677041326435142,True,True
gvn,loop-load-elim,0.030523255813953487,0.021932001716137402,4128,14.14471189548726,0.00016927223564165386,0.0011868756934157862,True,True
gvn,hotcoldsplit,0.031917446604271656,0.02192750283895597,4167,19.305385399185546,1.1139172509957304e-05,0.00010179929883078834,True,True
gvn,irce,0.031521994824747115,0.0219281192910777,4251,18.162743197462643,2.0280776811722012e-05,0.00017688089531114342,True,True
gvn,nary-reassociate,0.03413461538461538,0.021920801039078185,4160,28.80892635982217,7.988209663066216e-08,1.101472853541102e-06,True,True
gvn,scalarizer,0.028766455387615797,0.021937441246840873,4102,8.880987040483172,0.0028815571401857886,0.014409792713186377,True,True
gvn,vector-combine,0.02857817666509211,0.02193736490958827,4234,8.667638234713223,0.003239107155928255,0.01602570261859134,True,True
gvn,always-inline,0.029778393351800554,0.021933081146469018,4332,12.376143313126748,0.0004348544428030893,0.0027488135561209003,True,True
gvn,early-cse-memssa,0.033565092304003834,0.021922441911971974,4171,26.24650734951552,3.004977975035976e-07,3.6830966354431555e-06,True,True
gvn,simple-loop-unswitch,0.0301941049604601,0.021932724318775704,4173,13.221496996266454,0.0002767564849394388,0.0018478745013177193,True,True
gvn,loop-versioning,0.027527180198935925,0.021940259053661114,4323,6.2633921070068075,0.012325797989480409,0.04767192585363485,True,True
gvn,loop-reroll,0.0297719087635054,0.021934060173331646,4165,11.877861840627379,0.0005680511680560301,0.0034757630845428343,True,True
gvn,loop-instsimplify,0.029811590746482233,0.02193377766616171,4193,12.079718876678017,0.0005097328296477115,0.00317095116902373,True,True
gvn,partially-inline-libcalls,0.02998819362455726,0.021932987784742605,4235,12.755983998965219,0.00035487201075404154,0.0023103554349340424,True,True
gvn,iroutliner,0.039476757766876897,0.021902973189671267,4281,61.37174369817369,4.725437283823782e-15,2.4509685302587983e-13,True,True
gvn,unreachableblockelim,0.029221556886227545,0.021935685098450664,4175,10.288353397945059,0.001338725000939207,0.007368161776075805,True,True
gvn-hoist,mem2reg,0.037668798862828715,0.021909332864731488,4221,48.66425339096714,3.0375268793048714e-12,8.943575382975847e-11,True,True
gvn-hoist,sroa,0.03954802259887006,0.021903176158238256,4248,61.393643242312166,4.673168561690083e-15,2.440017078343782e-13,True,True
gvn-hoist,function-attrs,0.027777777777777776,0.021939940282945786,4212,6.663569705075944,0.009840360097984271,0.03995318832940011,True,True
gvn-hoist,instcombine,0.035923925804179385,0.021914335734740546,4259,38.80235899546398,4.689607735856341e-10,9.338431049145408e-09,True,True
gvn-hoist,simplifycfg,0.03357767793804682,0.021921908509346832,4229,26.670352410416864,2.4129566220754743e-07,3.004495431493659e-06,True,True
gvn-hoist,dse,0.02893658066071859,0.021936699713509426,4147,9.433016424155007,0.0021311346789372305,0.011075678039440205,True,True
gvn-hoist,jump-threading,0.033493975903614456,0.021922837002392673,4150,25.79494490310559,3.796815892145567e-07,4.560837740380994e-06,True,True
gvn-hoist,newgvn,0.03171247357293869,0.021927483417281173,4257,18.920155707849844,1.3630492290146698e-05,0.00012313035249876463,True,True
gvn-hoist,early-cse,0.02919878533053025,0.02193519098194705,4281,10.48433839552203,0.0012039072165724262,0.006754298939967938,True,True
gvn-hoist,strip-dead-prototypes,0.028097982708933718,0.021939169232886864,4164,7.332206133808744,0.0067729872069523245,0.029667805259983557,True,True
gvn-hoist,lower-expect,0.027718040621266427,0.02194023873170396,4185,6.485506820741531,0.010875752587705057,0.04334803779486311,True,True
gvn-hoist,attributor,0.0323270739244117,0.021925948488005748,4207,21.127560269002515,4.2970347189270094e-06,4.287181645686158e-05,True,True
gvn-hoist,consthoist,0.02763187942452615,0.0219396942165645,4379,6.585586565335107,0.01028077347554925,0.04156893023257704,True,True
gvn-hoist,loop-load-elim,0.029624277456647398,0.021934583558470503,4152,11.397487051228515,0.0007354352272299493,0.004406984467991555,True,True
gvn-hoist,globalsplit,0.029221556886227545,0.021935685098450664,4175,10.288353397945059,0.001338725000939207,0.007368161776075805,True,True
gvn-hoist,loop-instsimplify,0.029361389772449228,0.02193573609761776,4087,10.462328304485508,0.001218336231105391,0.006815720972869588,True,True
gvn-hoist,loop-predication,0.02834008097165992,0.021938267094356586,4199,7.9885999809700685,0.004707280117342795,0.021984149003594973,True,True
gvn-hoist,speculative-execution,0.027699530516431925,0.021939979175910833,4260,6.559733908708643,0.010431196310664425,0.042003665555333566,True,True
gvn-hoist,iroutliner,0.03317535545023697,0.021923228430053173,4220,24.80240179115489,6.351827459969105e-07,7.337391248743072e-06,True,True
gvn-hoist,global-merge,0.027664180899687276,0.021940521104764944,4157,6.322076066141465,0.011924394033763335,0.04644050426277197,True,True
gvn-sink,correlated-propagation,0.03055037313432836,0.02193091005478517,4288,14.787869731239073,0.00012030689760225073,0.0008760472168241148,True,True
gvn-sink,mem2reg,0.039886039886039885,0.021902598819424003,4212,63.23369119495723,1.8358135849850778e-15,1.0418907244639948e-13,True,True
gvn-sink,sroa,0.04176784847013113,0.02189816292643213,4118,75.47668186384527,3.6974780436100756e-18,3.53154244360416e-16,True,True
gvn-sink,instsimplify,0.031272380042969686,0.021929320389486872,4189,16.975027902905843,3.7874711691005774e-05,0.0003089945228791221,True,True
gvn-sink,constmerge,0.029659995177236557,0.021934503261365357,4147,11.490040727273358,0.0006997010364571451,0.004199278557496062,True,True
gvn-sink,function-attrs,0.028363806844819504,0.021937878921008697,4266,8.176923958550152,0.0042426644773059016,0.02018745333308616,True,True
gvn-sink,deadargelim,0.03215207697723539,0.021926083215874352,4261,20.683383238863836,5.4184185261340296e-06,5.291403229012683e-05,True,True
gvn-sink,globaldce,0.028995926192187875,0.02193638514203628,4173,9.654466972723917,0.0018889169471838615,0.009975723216685101,True,True
gvn-sink,mergefunc,0.028267697511476203,0.021938767665778083,4139,7.6965089971668625,0.005532773328818147,0.025178780192506522,True,True
gvn-sink,instcombine,0.03821196827685652,0.02190837039884319,4161,51.344676544262676,7.749185503820858e-13,2.4975975664989694e-11,True,True
gvn-sink,simplifycfg,0.048652516098259005,0.02187593581164935,4193,139.55831137696686,3.3250784018757383e-32,1.736134269566052e-29,True,True
gvn-sink,reassociate,0.0313715953307393,0.021929548406368377,4112,17.018911954310173,3.7009353854110466e-05,0.00030256498892003463,True,True
gvn-sink,memcpyopt,0.03169014084507042,0.021927531583934113,4260,18.846934877038155,1.4163852014754845e-05,0.00012736083694553382,True,True
gvn-sink,dce,0.02773859896567936,0.0219398827881312,4254,6.6399133857574,0.009971878249688268,0.040445235863054645,True,True
gvn-sink,dse,0.0323791647114031,0.021925367058058583,4262,21.620229730631365,3.323281498364077e-06,3.393473363127438e-05,True,True
gvn-sink,jump-threading,0.04021894336030462,0.021901706272734196,4202,65.44760231712709,5.967980125037182e-16,3.7572349378304095e-14,True,True
gvn-sink,gvn,0.03181155900922778,0.021928180468390797,4118,18.674185569152883,1.5506771965645728e-05,0.0001383246446867168,True,True
gvn-sink,gvn-hoist,0.029278743156391337,0.021935370501213587,4201,10.516274040017104,0.001183278231455112,0.006667219502702473,True,True
gvn-sink,newgvn,0.04024191672481973,0.0219003329459825,4299,67.13175899900007,2.539541960280788e-16,1.7447098800806253e-14,True,True
gvn-sink,early-cse,0.03250244379276637,0.02192629881967415,4092,21.249227757506116,4.032728110325727e-06,4.04927263590655e-05,True,True
gvn-sink,libcalls-shrinkwrap,0.028484706981088022,0.021937419775749194,4283,8.522418579960826,0.0035079797732512495,0.017142460938055132,True,True
gvn-sink,loop-reduce,0.028544468034913895,0.021937445222284947,4239,8.589759867492493,0.0033805858208242386,0.016652042860814738,True,True
gvn-sink,attributor,0.029730352615810095,0.021933193570520055,4339,12.24437521688046,0.00046666276508533993,0.00292860799370864,True,True
gvn-sink,inferattrs,0.031919961886612676,0.02192726836082906,4198,19.459272561777478,1.0276771509403805e-05,9.435835224109097e-05,True,True
gvn-sink,called-value-propagation,0.02944640753828033,0.021934612785293843,4245,11.119089001950039,0.0008544374392398488,0.005016457289450146,True,True
gvn-sink,div-rem-pairs,0.03023758099352052,0.021932627969006142,4167,13.342178588566977,0.0002595026950255757,0.001755116673091804,True,True
gvn-sink,float2int,0.029839883551673944,0.021934101784657916,4122,11.960265711185034,0.0005434712000391468,0.003351548376934329,True,True
gvn-sink,sink,0.029800528719057917,0.021933995936521882,4161,11.953503851599537,0.000545447090647112,0.003361087029070166,True,True
gvn-sink,slp-vectorizer,0.029551954242135366,0.021934558021364924,4196,11.30233664736866,0.0007740960900350317,0.004603432480755025,True,True
gvn-sink,callsite-splitting,0.03015797032072762,0.021932804610896993,4178,13.121489553163478,0.00029192783941817986,0.0019408988440774064,True,True
gvn-sink,dfa-jump-threading,0.02837902837902838,0.021938340698828843,4158,8.007200718523963,0.004659170459048089,0.021798460594542792,True,True
gvn-sink,slsr,0.0328537170263789,0.021924622350301945,4170,23.122371035387975,1.520117757621213e-06,1.6604689369162258e-05,True,True
gvn-sink,loop-fusion,0.030595037340399905,0.021931638887566947,4151,14.463163236801911,0.00014292747268313582,0.0010194972368436426,True,True
gvn-sink,loop-distribute,0.02834989096195784,0.02193857491878737,4127,7.875360583872116,0.005011287807401625,0.023155401833374355,True,True
gvn-sink,loop-sink,0.029224605232147066,0.021935312866329902,4243,10.465223142147355,0.0012164285310749276,0.006815720972869588,True,True
gvn-sink,loop-unroll-and-jam,0.028684701492537313,0.021936767865223496,4288,9.063309129508974,0.002607895813336417,0.01322865285625053,True,True
gvn-sink,irce,0.027777777777777776,0.021939786401198473,4248,6.7207004410920135,0.009530019183054945,0.03901678528054695,True,True
gvn-sink,vector-combine,0.030244839174267884,0.021932611910793515,4166,13.362363735240628,0.0002567245321046805,0.0017453702564616822,True,True
gvn-sink,globalsplit,0.03009478672985782,0.02193274689807771,4220,13.050342395942723,0.0003032289677143799,0.0020058186445430937,True,True
gvn-sink,early-cse-memssa,0.03819691577698695,0.021907772240002166,4215,51.91677476946506,5.790361035697325e-13,1.9054667072093043e-11,True,True
gvn-sink,simple-loop-unswitch,0.029606821411653245,0.021934243397834473,4222,11.537514358031713,0.0006820576979170185,0.004105976856330583,True,True
gvn-sink,loop-simplifycfg,0.028050827139774633,0.021939281674311674,4171,7.232191218266656,0.007160775296082043,0.03105381623417196,True,True
gvn-sink,speculative-execution,0.028591682419659734,0.021937332784674253,4232,8.69891546947585,0.003183994339945327,0.01578293903193152,True,True
gvn-sink,iroutliner,0.0388465204957102,0.021906003119073942,4196,55.8995724834278,7.626914381955372e-14,3.0321824080951512e-12,True,True
gvn-sink,global-merge,0.03009314545020301,0.021932949138196763,4187,12.942754201588661,0.0003211621523155987,0.00211151845994197,True,True
newgvn,bdce,0.03177257525083612,0.02192780787816664,4186,18.833584622808484,1.4263334501803423e-05,0.00012810829795656468,True,True
newgvn,ipsccp,0.0340719561591613,0.021920662708515004,4197,28.767580467394865,8.160576326883936e-08,1.12326245680413e-06,True,True
newgvn,correlated-propagation,0.028281876031110063,0.02193824167504428,4243,7.925999463372222,0.0048729419553486565,0.0226095268923523,True,True
newgvn,mem2reg,0.04341637010676157,0.02189166412231626,4215,90.65372628918706,1.711494196095567e-21,2.7925880299626003e-19,True,True
newgvn,sroa,0.046289493019838354,0.021885155827317166,4083,112.89351917515982,2.2767958536136925e-26,6.1489190087939445e-24,True,True
newgvn,instsimplify,0.02831094049904031,0.021938501323016682,4168,7.85719765870292,0.00506187869740632,0.023347840964715132,True,True
newgvn,constmerge,0.03475999054149917,0.021918247535981875,4229,32.37388409816927,1.2718432098150137e-08,1.9882387264014345e-07,True,True
newgvn,function-attrs,0.03250915750915751,0.021924139839984536,4368,22.715943267558664,1.8780318743604255e-06,2.020432093405337e-05,True,True
newgvn,deadargelim,0.03563842341279207,0.021915447128279062,4237,37.0392103597851,1.157774635992818e-09,2.17973340122494e-08,True,True
newgvn,globaldce,0.029814271749755622,0.02193435215324176,4092,11.795923114817993,0.0005936057059937436,0.0036067648482102405,True,True
newgvn,elim-avail-extern,0.033783783783783786,0.02192072309023837,4292,28.037698281265275,1.1897501037898194e-07,1.5660710609885488e-06,True,True
newgvn,mergefunc,0.03988326848249027,0.021903923787992156,4112,61.70881404470557,3.981938794621213e-15,2.1071989621265772e-13,True,True
newgvn,instcombine,0.044312796208530805,0.02188881550719523,4220,98.50310227822739,3.2451587525505494e-23,6.354020837493976e-21,True,True
newgvn,simplifycfg,0.04470198675496689,0.021887479333820486,4228,102.15665484071441,5.130020058740851e-24,1.1160643638905095e-21,True,True
newgvn,tailcallelim,0.028947987761826312,0.021936141438651805,4249,9.697377972815174,0.001845311277323351,0.00978502229112829,True,True
newgvn,reassociate,0.03618499880182123,0.021914420202472813,4173,39.45104660124502,3.3638739567274505e-10,6.8968222065679035e-09,True,True
newgvn,memcpyopt,0.02976190476190476,0.021933890082340864,4200,11.947332443121175,0.0005472567743845983,0.0033695873089466775,True,True
newgvn,sccp,0.03029585798816568,0.021932095000516197,4225,13.719572955924297,0.00021223112099972378,0.0014696676743323049,True,True
newgvn,dce,0.03258087037468001,0.02192446450106869,4297,22.65032354968619,1.9432749424705743e-06,2.075854851172862e-05,True,True
newgvn,adce,0.0336073500967118,0.0219226122927115,4136,26.215444078595073,3.0537050947630424e-07,3.731141700808759e-06,True,True
newgvn,dse,0.0366565491477936,0.021911791948908365,4283,43.22304183623488,4.88420960749354e-11,1.1627091077777933e-09,True,True
newgvn,jump-threading,0.042287949156685406,0.021896997939080235,4091,78.96915748934913,6.308719329850069e-19,7.26616026343908e-17,True,True
newgvn,loop-idiom,0.028286189683860232,0.02193839559694504,4207,7.869268110664058,0.005028200056178134,0.02321984837263393,True,True
newgvn,gvn,0.02909006283453572,0.021935447968022003,4297,10.209992541959826,0.0013968173831003224,0.007639576637179975,True,True
newgvn,gvn-hoist,0.034466697717745694,0.02191855850367433,4294,31.38406543517902,2.1171131288046517e-08,3.2010096572969175e-07,True,True
newgvn,gvn-sink,0.03687071614275585,0.02191168987117016,4231,43.949932541970675,3.36883956012688e-11,8.271081954518409e-10,True,True
newgvn,early-cse,0.029476787030213707,0.021935479147677565,4071,10.748648445059738,0.0010435550367435124,0.005952748031882876,True,True
newgvn,mergereturn,0.034119532860087017,0.021918997904979354,4367,30.172147912474887,3.9534643552403745e-08,5.712828935469117e-07,True,True
newgvn,globalopt,0.03502879078694818,0.021918000787806282,4168,33.25936882039521,8.065025575849972e-09,1.3023769136094223e-07,True,True
newgvn,strip-dead-prototypes,0.030721600381043105,0.02193094530845586,4199,15.062847074716998,0.00010399003576600513,0.0007690745610192183,True,True
newgvn,indvars,0.029469069654164636,0.02193530910475298,4106,10.819093018092994,0.0010045868959029417,0.00575982764913019,True,True
newgvn,mergeicmps,0.03035964502568893,0.021931545927960965,4282,14.118815067236415,0.00017161856255074932,0.0012022509677079326,True,True
newgvn,separate-const-offset-from-gep,0.033244358165493815,0.021923835811006213,4121,24.517662522412753,7.363176191495255e-07,8.406471710173591e-06,True,True
newgvn,libcalls-shrinkwrap,0.033444816053511704,0.021922682676819447,4186,25.79810863921255,3.790597399386202e-07,4.56036233978383e-06,True,True
newgvn,flattencfg,0.03554389312977099,0.02191618941070176,4192,36.139952629571084,1.836428832709698e-09,3.306416233972955e-08,True,True
newgvn,loop-reduce,0.03195121951219512,0.021927891493140717,4100,19.123084107068575,1.2255360660688401e-05,0.0001111131243629486,True,True
newgvn,partial-inliner,0.03211009174311927,0.021927101484503355,4142,19.938734430464496,7.996372951840381e-06,7.554595049314098e-05,True,True
newgvn,lower-expect,0.03428571428571429,0.021919978678943845,4200,29.81313170969552,4.757585594610444e-08,6.787142145171038e-07,True,True
newgvn,alignment-from-assumptions,0.031712962962962964,0.02192703047450841,4320,19.20297043206571,1.1753036497686388e-05,0.00010703463005799976,True,True
newgvn,attributor,0.03719497749348496,0.021910797245499776,4221,45.77321013841881,1.3276689015529093e-11,3.548908818075899e-10,True,True
newgvn,inferattrs,0.031521994824747115,0.0219281192910777,4251,18.162743197462643,2.0280776811722012e-05,0.00017688089531114342,True,True
newgvn,called-value-propagation,0.030438886267107126,0.021931571563714537,4238,14.238107291952275,0.0001610754620625094,0.0011375500621042143,True,True
newgvn,licm,0.02909611256856666,0.021935974192282433,4193,9.97902968510538,0.001583330994342965,0.008534513659803235,True,True
newgvn,loop-simplify,0.028860384805130736,0.021937402447559616,4054,9.020591416431243,0.0026695500368560865,0.013488977992681851,True,True
newgvn,div-rem-pairs,0.031242659149635893,0.02192894783664988,4257,17.141525337703655,3.469539544452862e-05,0.0002854352280688531,True,True
newgvn,float2int,0.03145414952818776,0.021929153430127548,4133,17.4074324115894,3.016441576063833e-05,0.0002510602595508177,True,True
newgvn,inline,0.03234062354583527,0.02192521278652225,4298,21.642451224867756,3.285002712000904e-06,3.358765174985781e-05,True,True
newgvn,sink,0.031894484412470024,0.02192755100247764,4170,19.23034620528833,1.1585697577271746e-05,0.00010563350806192353,True,True
newgvn,loop-vectorize,0.029238387172836597,0.021935280744209206,4241,10.499990100696396,0.0011937518403823755,0.0067117476050787975,True,True
newgvn,slp-vectorizer,0.03326256192498231,0.021922801221602537,4239,25.303301497754543,4.898695512360658e-07,5.786814970257718e-06,True,True
newgvn,callsite-splitting,0.03266913809082484,0.021924037285727886,4316,23.130442020662596,1.5137505722470082e-06,1.6558232516534316e-05,True,True
newgvn,dfa-jump-threading,0.030784030784030785,0.021931019132716563,4158,15.128584899426288,0.00010043103683953312,0.0007475172442867399,True,True
newgvn,consthoist,0.028780372729417317,0.021936713022250826,4239,9.216079737149101,0.002398986848858423,0.01229637761797066,True,True
newgvn,mldst-motion,0.03432657926102503,0.02191989843248345,4195,29.97527457202161,4.375906861739702e-08,6.265466643719441e-07,True,True
newgvn,slsr,0.032119914346895075,0.0219266164537119,4203,20.272451219704113,6.716068660800021e-06,6.461947143904885e-05,True,True
newgvn,loop-interchange,0.02947468504872831,0.02193473468255113,4207,11.102624590115553,0.0008620563360327386,0.00504228918880389,True,True
newgvn,loop-fusion,0.032001868722261156,0.021926404311326385,4281,20.172884985999204,7.0748715616020866e-06,6.782177976801413e-05,True,True
newgvn,loop-distribute,0.032946195780990756,0.021923944567411573,4219,23.79372780008675,1.072313179682247e-06,1.2014816628428266e-05,True,True
newgvn,loop-load-elim,0.03105737316263632,0.021929786025152147,4218,16.312901816459497,5.369710765722811e-05,0.000424375123280939,True,True
newgvn,loop-sink,0.028282363761784318,0.021937747732376906,4349,8.125893186224873,0.0043637480419708155,0.020625754173032848,True,True
newgvn,loop-unroll-and-jam,0.03492516037063435,0.021917926572200295,4209,33.05706960205795,8.949305265030997e-09,1.436290140076286e-07,True,True
newgvn,hotcoldsplit,0.03107074569789675,0.02192997228002302,4184,16.228599637230776,5.614016077281905e-05,0.0004423438019846266,True,True
newgvn,irce,0.030059171597633137,0.021932827193044756,4225,12.951724789310443,0.0003196268798366404,0.0021053975802191485,True,True
newgvn,nary-reassociate,0.02999516207063377,0.02193356234789714,4134,12.472465605933165,0.0004129946045221551,0.0026297347500955437,True,True
newgvn,vector-combine,0.029638273045507584,0.02193379077850862,4285,11.80671587048425,0.0005901744447309207,0.003591488928618936,True,True
newgvn,always-inline,0.03465464039876572,0.02191872295029994,4213,31.72241127426764,1.7785790297956638e-08,2.736705493390892e-07,True,True
newgvn,globalsplit,0.032419547079856975,0.021925755844049346,4195,21.444542747932047,3.642111222465107e-06,3.6997425543899765e-05,True,True
newgvn,lowerswitch,0.02794083118102841,0.021939230900465467,4259,7.121006926511182,0.007618590524344909,0.03257410563490698,True,True
newgvn,early-cse-memssa,0.029597282872392043,0.021934833921971732,4122,11.235343966925692,0.0008025423132162978,0.004747365103557435,True,True
newgvn,simple-loop-unswitch,0.03527380365071534,0.021918367825045464,4054,33.57103200423234,6.870840154805511e-09,1.1234325697794731e-07,True,True
newgvn,loop-versioning,0.03247823017180513,0.021925158357721873,4249,21.965815528380496,2.7755022100970544e-06,2.863996483462468e-05,True,True
newgvn,loop-flatten,0.03347077370846471,0.021923135775696392,4123,25.523635318722423,4.3699671428789956e-07,5.217314430339679e-06,True,True
newgvn,loop-reroll,0.03221288515406162,0.021925720252295156,4284,21.044206234431886,4.4880790019755505e-06,4.438211457509156e-05,True,True
newgvn,loop-instsimplify,0.0337869544814641,0.021920973783868484,4262,27.856041473396893,1.306853637628995e-07,1.7081049428479542e-06,True,True
newgvn,loop-simplifycfg,0.03087152695321776,0.021930405813549082,4211,15.62730530292302,7.713270709576592e-05,0.0005916781214241319,True,True
newgvn,loop-predication,0.030191458026509573,0.02193333099057626,4074,12.898600816230196,0.00032882786082082376,0.0021515286599404276,True,True
newgvn,partially-inline-libcalls,0.03184103423509696,0.02192766338485103,4177,19.05605028189424,1.2693469287702059e-05,0.00011493092654483528,True,True
newgvn,load-store-vectorizer,0.027995255041518386,0.021939256288206442,4215,7.17600542908628,0.007388502929130821,0.0317921430721792,True,True
newgvn,iroutliner,0.04739336492890995,0.021879297039170693,4220,127.52164315245959,1.428347255509864e-29,5.593407852576627e-27,True,True
newgvn,global-merge,0.029719448407037566,0.021933986439983014,4206,11.83462580293367,0.0005813938096861661,0.003543561336546345,True,True
newgvn,unreachableblockelim,0.03139866793529972,0.021928829051781323,4204,17.50108648307274,2.8714354504371645e-05,0.0002405249459660307,True,True
early-cse,ipsccp,0.029626146249706088,0.02193400906326493,4253,11.68129432926607,0.0006313159905831218,0.0038122334913238327,True,True
early-cse,correlated-propagation,0.02844744455159113,0.021938180076993025,4148,8.15901088721829,0.004284773329634295,0.020343567912031724,True,True
early-cse,mem2reg,0.04062126642771804,0.021900701493116494,4185,68.08579738224623,1.565340889743935e-16,1.1675952236642381e-14,True,True
early-cse,sroa,0.03763440860215054,0.02190878284377041,4278,49.10777351937067,2.422781641419161e-12,7.270201461913744e-11,True,True
early-cse,constmerge,0.027698863636363636,0.02194013305392887,4224,6.502617296545897,0.010771581283135517,0.04299848349108938,True,True
early-cse,function-attrs,0.027965284474445518,0.021939644379494493,4148,6.991656028518162,0.008189055280545627,0.0346310372339273,True,True
early-cse,elim-avail-extern,0.03225806451612903,0.02192609297319461,4216,20.892014200735733,4.8591615647628505e-06,4.7870381604053635e-05,True,True
early-cse,instcombine,0.03711533944092084,0.021910642594541084,4257,45.683508579002876,1.3898800509741444e-11,3.6651651714577437e-10,True,True
early-cse,simplifycfg,0.04519774011299435,0.02188560324161735,4248,107.1647138093312,4.096661632599144e-25,1.0695017968838832e-22,True,True
early-cse,adce,0.02798552472858866,0.02193959619018612,4145,7.033742060314046,0.007998803827680746,0.03399166119283538,True,True
early-cse,dse,0.028498609823911027,0.02193721762944196,4316,8.624917291528693,0.003315954956710571,0.016343964267436874,True,True
early-cse,jump-threading,0.03868836989856098,0.021905960620817764,4239,55.42146818971761,9.726832590660778e-14,3.752736593598779e-12,True,True
early-cse,loop-deletion,0.027704167670440857,0.021940424721873433,4151,6.401708830683064,0.011401057399103853,0.04484835838763505,True,True
early-cse,gvn,0.028482527525131644,0.02193792978222415,4178,8.307297102427524,0.003948610965761993,0.01901938566042308,True,True
early-cse,gvn-sink,0.028645221883071142,0.02193703426819562,4259,8.896469105397381,0.0028572262649009493,0.014308053776665112,True,True
early-cse,newgvn,0.031787143866258534,0.02192732286329965,4247,19.165659684677795,1.1985019832118637e-05,0.0001088940549015698,True,True
early-cse,globalopt,0.028149190710767064,0.02193856294431594,4263,7.632814288029807,0.005731579967221807,0.025885139677699003,True,True
early-cse,mergeicmps,0.0321256038647343,0.021927069376781863,4140,19.990025703163653,7.784717840378848e-06,7.363515715682021e-05,True,True
early-cse,libcalls-shrinkwrap,0.03035372848948375,0.021932168791669655,4184,13.775273234270475,0.0002060301730400331,0.001429254486492063,True,True
early-cse,lower-expect,0.029679831736387007,0.02193369441615222,4279,11.9180703282956,0.0005559203627865535,0.0034148770834072843,True,True
early-cse,rpo-function-attrs,0.029128610219698838,0.021936622167233435,4051,9.728053034104542,0.001814766211457161,0.009649184635527825,True,True
early-cse,attributor,0.03255925305242997,0.021925466884461883,4177,21.926334229163576,2.833192298139755e-06,2.9196792209250738e-05,True,True
early-cse,inferattrs,0.029467680608365018,0.021934750742800074,4208,11.084584807937084,0.0008704831058850016,0.005080196486804272,True,True
early-cse,called-value-propagation,0.027666114920785054,0.021940213376171604,4229,6.436275287568184,0.011181285287836327,0.044295309243466925,True,True
early-cse,loop-simplify,0.029227053140096618,0.02193585514033061,4140,10.217287147258721,0.0013913034921048657,0.007620062202912803,True,True
early-cse,div-rem-pairs,0.029487479522583664,0.02193433027290507,4273,11.315772501871178,0.0007685148180149086,0.004584164550413377,True,True
early-cse,loop-vectorize,0.030529014215800513,0.021930958230058688,4291,14.724769659904263,0.00012440117705126956,0.0009021389061717993,True,True
early-cse,callsite-splitting,0.02849616858237548,0.02193789765780013,4176,8.338063991158451,0.0038822946466165126,0.01874607378070316,True,True
early-cse,slsr,0.0277845478917865,0.021940385816354695,4103,6.5057183654189155,0.010752811313552553,0.04294544528696767,True,True
early-cse,loop-fusion,0.027697495183044315,0.02194044078562988,4152,6.388393645058031,0.011486893238111627,0.04511802800445851,True,True
early-cse,irce,0.028338136407300672,0.0219384370730593,4164,7.916982861297827,0.004897287529800071,0.022709032524212053,True,True
early-cse,nary-reassociate,0.03155629930671767,0.021928491883529324,4183,17.99974925349977,2.2093406959082915e-05,0.0001901489706632279,True,True
early-cse,globalsplit,0.028543783260764392,0.021937955210374185,4134,8.374605989868607,0.0038050004119404334,0.018412217967309064,True,True
early-cse,early-cse-memssa,0.030895486362539224,0.021930778281251943,4143,15.456948409162376,8.440605554795689e-05,0.000639949880979282,True,True
early-cse,loop-reroll,0.03349730616069337,0.021921818356218748,4269,26.552242894084742,2.565067468560629e-07,3.1743012326579714e-06,True,True
early-cse,loop-simplifycfg,0.03147254766827475,0.02192756033282734,4353,18.408106636355093,1.7829782168726335e-05,0.00015725546615480255,True,True
early-cse,partially-inline-libcalls,0.030011723329425557,0.02193273735997323,4265,12.922021796167085,0.00032473891645781543,0.002128330706023105,True,True
early-cse,iroutliner,0.03340543138668589,0.021923013563231016,4161,25.46802127891375,4.4977658115537213e-07,5.361720218582762e-06,True,True
early-cse,global-merge,0.027553444180522565,0.021940640339265002,4210,6.156828273001555,0.01309057331700235,0.04998799133045461,True,True
mergereturn,mem2reg,0.04045268480616422,0.02190165269106838,4153,66.34854841223935,3.7783702189732085e-16,2.5078131826269637e-14,True,True
mergereturn,sroa,0.036567528035104824,0.02191401319584972,4102,40.89110335894369,1.6095218144292237e-10,3.560953347629853e-09,True,True
mergereturn,instcombine,0.028076171875,0.021939541251491702,4096,7.1609621456435955,0.007450722060477208,0.03197497863231343,True,True
mergereturn,simplifycfg,0.03551977267345489,0.02191595467149132,4223,36.27887316314797,1.7100762904278445e-09,3.1219854327810907e-08,True,True
mergereturn,jump-threading,0.0322045938905991,0.02192620535188023,4223,20.710101354042855,5.3433378862629255e-06,5.237674884256725e-05,True,True
mergereturn,gvn-hoist,0.027664180899687276,0.021940521104764944,4157,6.322076066141465,0.011924394033763335,0.04644050426277197,True,True
mergereturn,gvn-sink,0.03156384505021521,0.021928475828156897,4182,18.023738170459232,2.181674764731371e-05,0.0001879744417753146,True,True
mergereturn,newgvn,0.030969267139479905,0.02192997870776332,4230,16.044186875134216,6.188131490157626e-05,0.00048272356405293354,True,True
mergereturn,early-cse,0.027863046044864226,0.02193957756574954,4235,6.8978356722411664,0.008630016431059569,0.03618323805570586,True,True
mergereturn,separate-const-offset-from-gep,0.028488652824722356,0.021938083705020487,4142,8.250969835662533,0.004073023392171564,0.019522594374227473,True,True
mergereturn,called-value-propagation,0.028059990324141266,0.021939419497866534,4134,7.189417584165009,0.007333477996187782,0.03161023647008404,True,True
mergereturn,vector-combine,0.03167848699763593,0.02192778212213602,4230,18.669008212275564,1.554893596741971e-05,0.00013838553011003541,True,True
mergereturn,always-inline,0.028288201160541586,0.02193871947871289,4136,7.7409778510116105,0.005398156121899017,0.024695303006257652,True,True
mergereturn,early-cse-memssa,0.027712541099107563,0.021939947046556853,4258,6.586393050596057,0.01027611690205512,0.04156893023257704,True,True
mergereturn,iroutliner,0.03091040811398213,0.02193074616812303,4141,15.501094386544414,8.245750027851447e-05,0.0006269972254187624,True,True
globalopt,mem2reg,0.03893294881038212,0.021906173924185018,4161,56.000679991202404,7.24459586256748e-14,2.894881367123903e-12,True,True
globalopt,sroa,0.036983669548511046,0.02191207931926708,4164,43.90952297180331,3.4391150040458776e-11,8.391012059715674e-10,True,True
globalopt,deadargelim,0.028404952658412235,0.02193844642267512,4119,7.996047112578585,0.004687958125926003,0.021920052562538782,True,True
globalopt,elim-avail-extern,0.027610208816705336,0.021940050202244165,4310,6.432075027870838,0.01120775666258791,0.04433290413201439,True,True
globalopt,mergefunc,0.028193184604069624,0.021939268193222526,4079,7.406528852656903,0.006498759154153571,0.028694817271170268,True,True
globalopt,instcombine,0.027952480782669462,0.021939044865866633,4293,7.206013722489656,0.007265969670340847,0.0314466003654624,True,True
globalopt,simplifycfg,0.03524334691920403,0.021917316766912064,4171,34.38502857674867,4.521882794420039e-09,7.682296322320551e-08,True,True
globalopt,jump-threading,0.0360381861575179,0.021914692970253245,4190,38.79893882670538,4.697831758635458e-10,9.338431049145408e-09,True,True
globalopt,loop-deletion,0.027993413314514232,0.021939102388091394,4251,7.23307094147475,0.0071572672759315885,0.03105381623417196,True,True
globalopt,early-cse,0.02753992131451053,0.021940226922415085,4321,6.289162778244333,0.012147842007945159,0.047099949805062616,True,True
globalopt,mergereturn,0.02999754118514876,0.021933950695465835,4067,12.276986690392041,0.0004585782152364667,0.0028848068929574356,True,True
globalopt,libcalls-shrinkwrap,0.030998291432755676,0.021930771826993264,4097,15.638464788253197,7.667887265483625e-05,0.0005887734614045859,True,True
globalopt,attributor,0.028066037735849057,0.021938925686035324,4240,7.388957652344698,0.006562550855145049,0.028875223762638215,True,True
globalopt,inferattrs,0.027898027898027897,0.021939805012051297,4158,6.852510755652175,0.008851679299906545,0.036856114979727836,True,True
globalopt,loop-simplify,0.02837386742966142,0.021938186781003257,4194,8.063761978427483,0.004515932100779398,0.021229760031995348,True,True
globalopt,slp-vectorizer,0.029304916444659723,0.02193567847878658,4129,10.409527478902458,0.0012536681864123954,0.006993396891724986,True,True
globalopt,dfa-jump-threading,0.028192371475953566,0.021938620480097235,4221,7.663166113545244,0.005635951604195971,0.025544428798647482,True,True
globalopt,loop-fusion,0.03036008472581784,0.021931748206279834,4249,14.011133780205526,0.00018173135627372493,0.0012651733176318343,True,True
globalopt,loop-distribute,0.030281007751937983,0.021932733856667386,4128,13.355936831540847,0.0002576058245212813,0.0017483265317596842,True,True
globalopt,early-cse-memssa,0.03415783274440518,0.021919968720277124,4245,29.511618441018243,5.558250769489912e-08,7.843643248044142e-07,True,True
globalopt,iroutliner,0.03198090692124105,0.021927139924263945,4190,19.66043985281578,9.24965666284194e-06,8.573172897441192e-05,True,True
strip-dead-prototypes,mem2reg,0.02909611256856666,0.021935974192282433,4193,9.97902968510538,0.001583330994342965,0.008534513659803235,True,True
strip-dead-prototypes,sroa,0.03917378917378917,0.021904795376101755,4212,58.30919006794134,2.2399528322993387e-14,1.0140641955241861e-12,True,True
strip-dead-prototypes,simplifycfg,0.04011461318051576,0.021902213943789637,4188,64.48566873151313,9.723704052120188e-16,5.849568859653179e-14,True,True
strip-dead-prototypes,reassociate,0.02825523899222981,0.02193830592814586,4247,7.8668027488016055,0.005035060234998612,0.023237826611967667,True,True
strip-dead-prototypes,jump-threading,0.033214709371293,0.021923148170520535,4215,24.947049568509417,5.892663970416406e-07,6.857554861263193e-06,True,True
strip-dead-prototypes,newgvn,0.03520617313720762,0.021917663794927513,4147,33.99552992611397,5.523883152434004e-09,9.204904861673004e-08,True,True
strip-dead-prototypes,early-cse,0.030006978367062107,0.02193255116289457,4299,13.01001525994053,0.0003098294169071983,0.0020425791188696777,True,True
strip-dead-prototypes,attributor,0.027604416706673067,0.02194066568068999,4166,6.203785591370586,0.012747737869713784,0.049061564125601156,True,True
strip-dead-prototypes,float2int,0.03148496240601504,0.021928199570925438,4256,18.043626312086037,2.159002248329691e-05,0.0001866369272507521,True,True
strip-dead-prototypes,always-inline,0.028700189753320685,0.021937075788749205,4216,8.951737142966936,0.002772058571715366,0.013917155598509453,True,True
strip-dead-prototypes,early-cse-memssa,0.028264424199953283,0.021938119872153942,4281,7.9531289776767,0.004800431002257196,0.022312745168948583,True,True
strip-dead-prototypes,loop-flatten,0.027629665535627727,0.021940755275064793,4126,6.199109603388506,0.012781459597310803,0.04911893599908647,True,True
indvars,mem2reg,0.031154118480056645,0.02192935890855494,4237,16.73690709205707,4.293754186459711e-05,0.0003459741027608277,True,True
indvars,sroa,0.03287606433301798,0.021924089040664597,4228,23.54124249730061,1.2226465090274966e-06,1.3544225542720443e-05,True,True
indvars,globaldce,0.029613835583984838,0.02193422733779237,4221,11.555937977656463,0.0006753323044481042,0.004068617391105808,True,True
indvars,instcombine,0.034039514401333015,0.021920726907968677,4201,28.64106077783733,8.711521322109777e-08,1.1886521776091251e-06,True,True
indvars,simplifycfg,0.04328180737217598,0.021892236017340996,4205,89.30730177582193,3.380092874911025e-21,5.190762234569244e-19,True,True
indvars,jump-threading,0.03247663551401869,0.02192492381229928,4280,22.11986939715586,2.561447782628428e-06,2.6712728406851994e-05,True,True
indvars,gvn,0.028785396676807865,0.021936526927692716,4273,9.303918311831083,0.0022866427409547222,0.011751303114932667,True,True
indvars,gvn-sink,0.03257328990228013,0.02192448055485587,4298,22.623289154263063,1.9708110611190916e-06,2.1000533647190103e-05,True,True
indvars,newgvn,0.03495512517713746,0.02191759558104253,4234,33.40789038554864,7.472020208607644e-09,1.2141257733156653e-07,True,True
indvars,lower-expect,0.030146019783325484,0.021932432234539518,4246,13.296873556906322,0.00026584905375684725,0.0017841729126166473,True,True
indvars,attributor,0.029659995177236557,0.021934503261365357,4147,11.490040727273358,0.0006997010364571451,0.004199278557496062,True,True
indvars,float2int,0.02863905325443787,0.021937220348216123,4225,8.8089541602883,0.0029975580426017494,0.014934398593929327,True,True
indvars,vector-combine,0.029344337459880788,0.021934295237927864,4362,11.117161265012156,0.0008553259687964338,0.005017912350272412,True,True
indvars,iroutliner,0.03156146179401993,0.021928257425104628,4214,18.153067505251123,2.038408164999313e-05,0.00017726877714259497,True,True
mergeicmps,mem2reg,0.0345235280208087,0.021918979730654868,4229,31.18899866026725,2.3408894854127616e-08,3.4988256583497617e-07,True,True
mergeicmps,sroa,0.04018286814244466,0.021902432952856505,4156,64.47346126567707,9.784135860758e-16,5.849568859653179e-14,True,True
mergeicmps,simplifycfg,0.03673856364067315,0.021912229538420536,4219,43.05161460188241,5.3314600436624624e-11,1.2577106946374822e-09,True,True
mergeicmps,jump-threading,0.03541110841620179,0.02191727867289765,4123,34.851916614667495,3.5575917479489656e-09,6.178061767169912e-08,True,True
mergeicmps,gvn-sink,0.03158650394831299,0.021928427662180675,4179,18.09583829735836,2.1006005187021926e-05,0.00018178898632569693,True,True
mergeicmps,newgvn,0.034934497816593885,0.021918726901067748,4122,32.4183552339316,1.2430676811381048e-08,1.951043302339406e-07,True,True
mergeicmps,mergereturn,0.027658559847401048,0.02194038330873222,4194,6.365959155814852,0.011633019722477775,0.04564619762847993,True,True
mergeicmps,indvars,0.02778420930771012,0.021939462548337185,4319,6.84849519681916,0.008871596445951075,0.03691941730323529,True,True
mergeicmps,attributor,0.03065314784248998,0.02193088753757107,4241,14.977237521702383,0.00010881588760448426,0.0008002310156979538,True,True
mergeicmps,dfa-jump-threading,0.027645376549094377,0.021940415437219484,4196,6.339580536920759,0.011807280034288319,0.046168056529478835,True,True
mergeicmps,loop-versioning,0.030101919886228963,0.021932730839154847,4219,13.070125920507675,0.00030004296229736905,0.001987947148029087,True,True
mergeicmps,loop-instsimplify,0.028598218471636194,0.021937146706499135,4266,8.78630923898591,0.003034996632222808,0.015101711323741444,True,True
mergeicmps,load-store-vectorizer,0.02768003753225428,0.021940027370118246,4263,6.519871211909998,0.010667572775170537,0.04269209503072849,True,True
mergeicmps,iroutliner,0.03309082375029336,0.021923154368558823,4261,24.668095922860726,6.810227309321189e-07,7.809326542694517e-06,True,True
separate-const-offset-from-gep,mem2reg,0.03412391093901258,0.021921083805443334,4132,28.56414627316457,9.064515727628796e-08,1.230386259597725e-06,True,True
separate-const-offset-from-gep,sroa,0.04638439581351094,0.02188270163173918,4204,117.15803000255386,2.650819201088444e-27,8.304486393169876e-25,True,True
separate-const-offset-from-gep,globaldce,0.029522024367385193,0.021934249969613052,4268,11.40643690050065,0.000731900695842133,0.004389162519016528,True,True
separate-const-offset-from-gep,instcombine,0.03395504543280727,0.021921154133389565,4182,28.113849512684542,1.1438437825525335e-07,1.5132744096201761e-06,True,True
separate-const-offset-from-gep,simplifycfg,0.03589375448671931,0.02191524864054731,4179,37.906959281889556,7.420008595697187e-10,1.4420225141811503e-08,True,True
separate-const-offset-from-gep,jump-threading,0.02900943396226415,0.021935996883754375,4240,9.847648115755618,0.0017004902395812123,0.009122081887945244,True,True
separate-const-offset-from-gep,gvn,0.03001429252024774,0.02193312578526096,4198,12.726518124338188,0.0003605070957158795,0.0023412036265727763,True,True
separate-const-offset-from-gep,newgvn,0.033657264754681206,0.021921747999475754,4219,26.972817540753972,2.0633687544564444e-07,2.602303395314472e-06,True,True
separate-const-offset-from-gep,early-cse,0.030048076923076924,0.021933247719694897,4160,12.716957264203174,0.00036235484932067093,0.0023493072681121645,True,True
separate-const-offset-from-gep,attributor,0.028967867575462512,0.021936805483359422,4108,9.428008164672084,0.0021369626805182577,0.011098601932240713,True,True
separate-const-offset-from-gep,div-rem-pairs,0.028155795401220086,0.021938546880628882,4262,7.647307975621758,0.0056857105103861735,0.025710441522716232,True,True
separate-const-offset-from-gep,simple-loop-unswitch,0.027823240589198037,0.021939520058811942,4277,6.872855805532471,0.008751469165580178,0.03655547013590611,True,True
libcalls-shrinkwrap,mem2reg,0.03845223700120919,0.02190795335655207,4135,52.54247326729111,4.210433041456174e-13,1.4337439817689024e-11,True,True
libcalls-shrinkwrap,sroa,0.03762662807525326,0.021910326246119605,4146,47.54070143334734,5.387369463824698e-12,1.5343228232972742e-10,True,True
libcalls-shrinkwrap,instsimplify,0.027677496991576414,0.021940488977040352,4155,6.348551477513628,0.011747718170901754,0.04600406435725127,True,True
libcalls-shrinkwrap,deadargelim,0.027857829010566763,0.021939901392714425,4164,6.7698627065011925,0.009270996662782834,0.038216024138376395,True,True
libcalls-shrinkwrap,instcombine,0.033237685318029654,0.02192335064181976,4182,24.852277210703573,6.189588378754602e-07,7.160540056485384e-06,True,True
libcalls-shrinkwrap,simplifycfg,0.03909810506116575,0.02190557007271106,4169,57.20578918968313,3.9251408562127465e-14,1.689104570651551e-12,True,True
libcalls-shrinkwrap,jump-threading,0.030187782267649156,0.021932538133914783,4207,13.309094963457435,0.00026412181975510025,0.0017756241135810688,True,True
libcalls-shrinkwrap,newgvn,0.028531006838009902,0.02193747734752827,4241,8.55873414181571,0.003438684396657551,0.0168851261408288,True,True
libcalls-shrinkwrap,early-cse,0.03268593083846518,0.021924724915871264,4222,22.696114433487203,1.8975117903521491e-06,2.0357962112380865e-05,True,True
libcalls-shrinkwrap,attributor,0.028233590733590733,0.021938847978023812,4144,7.622754305223437,0.0057636394409952925,0.025987808924510726,True,True
libcalls-shrinkwrap,slsr,0.028517558331369316,0.021937509472865685,4243,8.527780047704645,0.0034976606592385133,0.017131756274644173,True,True
libcalls-shrinkwrap,hotcoldsplit,0.02864708714492056,0.021937544295345255,4154,8.681312223527264,0.0032148942791185697,0.01592602909174993,True,True
libcalls-shrinkwrap,load-store-vectorizer,0.030447193149381543,0.021931757776863365,4204,14.151208999546945,0.00016868866610285252,0.0011859691498362127,True,True
libcalls-shrinkwrap,iroutliner,0.033902323376007584,0.02192099975984208,4218,28.107928763853327,1.147348456062153e-07,1.515351282947518e-06,True,True
flattencfg,mem2reg,0.03205439533754249,0.02192744833322107,4118,19.605949772849257,9.51723616625101e-06,8.800353442039896e-05,True,True
flattencfg,sroa,0.03697558663190329,0.021911497349108595,4219,44.44343736261978,2.6181313846470156e-11,6.551183707525695e-10,True,True
flattencfg,instcombine,0.03265602322206096,0.021925508766689215,4134,22.09789683130889,2.59093452972589e-06,2.6948471762036083e-05,True,True
flattencfg,simplifycfg,0.03485890443443206,0.021918054956584897,4217,32.78250694960666,1.0306819680235735e-08,1.630767913850632e-07,True,True
flattencfg,jump-threading,0.02980769230769231,0.021933979877378232,4160,11.97246409091786,0.0005399249547587741,0.003337562940545161,True,True
flattencfg,loop-deletion,0.028641370869033046,0.021937900330990315,4085,8.522096200520904,0.00350860123642778,0.017142460938055132,True,True
flattencfg,gvn,0.031339712918660285,0.02192917588588716,4180,17.184221134583005,3.392424535422694e-05,0.0002796786206466373,True,True
flattencfg,gvn-sink,0.02940467582550012,0.02193526753192365,4149,10.746089315644479,0.0010449991118214154,0.005956647047878694,True,True
flattencfg,newgvn,0.02781136638452237,0.021940167704969284,4135,6.6171066054269785,0.010100379293136405,0.04092404067451853,True,True
flattencfg,mergeicmps,0.030430711610486893,0.021931385341294005,4272,14.325036795890359,0.00015380562345738622,0.0010911282997447906,True,True
flattencfg,attributor,0.031602155805977465,0.021929066757253805,4082,17.732063890243065,2.5430384482048526e-05,0.00021672554000370407,True,True
flattencfg,early-cse-memssa,0.029098651525904896,0.02193578808559929,4227,10.067355397321325,0.001509195026812908,0.00817994148788837,True,True
flattencfg,iroutliner,0.031235210601041175,0.02192918228678538,4226,16.98902124668703,3.759658795518715e-05,0.0003070453356256786,True,True
loop-reduce,mem2reg,0.04012200844673862,0.021901204050013032,4262,65.68212835449614,5.298415511769676e-16,3.373755307982122e-14,True,True
loop-reduce,sroa,0.03794749403341289,0.02190883558013056,4190,50.03474331842129,1.5104766623310388e-12,4.675910363389998e-11,True,True
loop-reduce,instsimplify,0.0319323784926039,0.021926783317603005,4259,19.79215706786731,8.633621407652032e-06,8.06903614137598e-05,True,True
loop-reduce,instcombine,0.03107947805456702,0.021929737855028403,4215,16.38055943774384,5.181394706419616e-05,0.0004107356613428991,True,True
loop-reduce,simplifycfg,0.03378218757382471,0.021921240517135968,4233,27.643619398613875,1.4585237636685115e-07,1.8881253086036004e-06,True,True
loop-reduce,jump-threading,0.03317422434367542,0.02192347905543727,4190,24.620574529229426,6.980248235156132e-07,7.99258833007936e-06,True,True
loop-reduce,newgvn,0.0389207258834766,0.02190587480725554,4188,56.284030341827396,6.27227990450459e-14,2.5321905263958736e-12,True,True
loop-reduce,early-cse,0.028350515463917526,0.021937911047522254,4268,8.146856793272812,0.004313586395299343,0.02045036843098333,True,True
loop-reduce,flattencfg,0.028003829583532792,0.02193939411688905,4178,7.133038766513416,0.007567636842798423,0.03240553950398975,True,True
loop-reduce,loop-vectorize,0.027683341427877612,0.021940626766276096,4118,6.304712500583535,0.01204174408122322,0.04673485611701697,True,True
loop-reduce,consthoist,0.02875090601594588,0.021937303372925373,4139,8.92045123551466,0.0028199482964276243,0.014143879765816252,True,True
loop-reduce,loop-load-elim,0.028516654684878982,0.021937849471340514,4173,8.384350420402532,0.0037846544597564566,0.01833111547854828,True,True
loop-reduce,early-cse-memssa,0.029241179313678107,0.021935823019838225,4138,10.252066155564254,0.0013653159564567076,0.007503968119978199,True,True
loop-reduce,iroutliner,0.02904275092936803,0.021935560401323294,4304,10.091448372166514,0.0014895897929563012,0.008084869894964484,True,True
loop-unroll,mem2reg,0.03497005988023952,0.021918113121068727,4175,33.01668084335606,9.13715588491721e-09,1.457478714677629e-07,True,True
loop-unroll,sroa,0.036430317848410755,0.0219145527917206,4090,40.00889349442188,2.528092104411857e-10,5.325488148626437e-09,True,True
loop-unroll,instcombine,0.029160739687055477,0.02193564353535886,4218,10.221308798102363,0.00138827301067019,0.007608785318102819,True,True
loop-unroll,simplifycfg,0.03668839005551533,0.021913206715559547,4143,41.98722865996612,9.187149649377922e-11,2.116286942762585e-09,True,True
loop-unroll,adce,0.029128494244773314,0.021935537723809042,4257,10.223951729146185,0.001386285091814765,0.007603210671633921,True,True
loop-unroll,jump-threading,0.03179536218025341,0.021927759713516518,4183,18.90753683700641,1.3720951315139368e-05,0.00012380471278821605,True,True
loop-unroll,iroutliner,0.031992472359444836,0.021926654878142538,4251,19.993617779254986,7.770107493058025e-06,7.363515715682021e-05,True,True
loop-rotate,mem2reg,0.031088082901554404,0.021929503419391684,4246,16.53255572380415,4.782189828104214e-05,0.00038101842048537336,True,True
loop-rotate,sroa,0.03275529865125241,0.021925065564336516,4152,22.608232461185995,1.9863165378361487e-06,2.1136998810234667e-05,True,True
loop-rotate,simplifycfg,0.027702868350085806,0.021940732421753456,4079,6.287493841045267,0.012159286310521327,0.04712099474715638,True,True
partial-inliner,mem2reg,0.04158921933085502,0.02189601971762094,4304,77.48009642833328,1.3406668626002291e-18,1.4583476205395825e-16,True,True
partial-inliner,sroa,0.04293294741919923,0.02189421894218942,4146,85.1929861146015,2.7062011535115546e-20,3.784815613268303e-18,True,True
partial-inliner,instcombine,0.02914903620122238,0.02193548953967543,4254,10.275344712008136,0.001348196825923518,0.0074150825425793486,True,True
partial-inliner,simplifycfg,0.04075235109717868,0.02190082432848967,4147,68.41673446778519,1.323496379321861e-16,9.966945810431554e-15,True,True
partial-inliner,dse,0.028354080221300138,0.021937571028552014,4338,8.290136871047023,0.003986098419459316,0.019188151703260825,True,True
partial-inliner,jump-threading,0.032722832722832725,0.021925614855065303,4095,22.16304445143517,2.504484786346263e-06,2.6223428939390283e-05,True,True
partial-inliner,gvn-sink,0.03005530175522962,0.021933231661110813,4159,12.736609067620506,0.0003585672035338621,0.002330538039898098,True,True
partial-inliner,newgvn,0.030536130536130537,0.021930942171610665,4290,14.745782737535826,0.00012302238644623285,0.0008929669422121368,True,True
partial-inliner,indvars,0.02791696492483894,0.021939602941876343,4191,6.9511719545307615,0.008376434111168536,0.03525213968762599,True,True
partial-inliner,alignment-from-assumptions,0.02894672828995378,0.02193685366523291,4111,9.378095960817891,0.0021959351927862956,0.011374711924538535,True,True
partial-inliner,early-cse-memssa,0.034949544671425053,0.021919244349791315,4063,32.027101020569006,1.5203669253719043e-08,2.3532635888365127e-07,True,True
partial-inliner,iroutliner,0.03769455252918288,0.021910512975574614,4112,47.55933832011949,5.336394832063009e-12,1.525351982653923e-10,True,True
lower-expect,mem2reg,0.041073512252042005,0.021897911768388543,4285,73.13750448277641,1.209247244267801e-17,1.0886005077132665e-15,True,True
lower-expect,sroa,0.041312272174969626,0.021899579096415402,4115,71.99243100203543,2.1602438392457054e-17,1.8192505106421896e-15,True,True
lower-expect,instcombine,0.0291005291005291,0.021936144228995157,4158,9.907727458649566,0.0016458622673798664,0.008841147653030942,True,True
lower-expect,simplifycfg,0.034085566525622946,0.021920113170080222,4254,29.225052853973562,6.444058362637619e-08,8.996410890584284e-07,True,True
lower-expect,dse,0.028886168910648716,0.021937168213508884,4085,9.157812194257719,0.0024765848382748406,0.012644467049132042,True,True
lower-expect,jump-threading,0.030239099859353025,0.021932021204932196,4266,13.665165761089305,0.0002184696533429025,0.0015062097931176166,True,True
lower-expect,gvn,0.02813852813852814,0.02193907285544007,4158,7.4186229507002075,0.006455220054393138,0.02857958364387058,True,True
lower-expect,newgvn,0.032265552460538534,0.021925373331048752,4308,21.380402226081646,3.766010933844814e-06,3.8058577592093654e-05,True,True
lower-expect,strip-dead-prototypes,0.027612473220661748,0.021940495758849307,4201,6.273931196991852,0.01225270026080202,0.04743605953662947,True,True
lower-expect,flattencfg,0.027718040621266427,0.02194023873170396,4185,6.485506820741531,0.010875752587705057,0.04334803779486311,True,True
lower-expect,loop-fusion,0.027896995708154508,0.021939651132822566,4194,6.909620107705729,0.008573320433409174,0.03602266396698533,True,True
lower-expect,scalarizer,0.027895981087470448,0.021939497245481623,4230,6.966732880767491,0.008303897420644546,0.035036090807718794,True,True
lower-expect,early-cse-memssa,0.02819905213270142,0.02193860441686204,4220,7.677773081245083,0.005590511521347016,0.02538254274503758,True,True
lower-expect,loop-instsimplify,0.02829057779908895,0.021938549510731688,4171,7.812547187375272,0.00518847207322501,0.02384748431778068,True,True
lower-expect,iroutliner,0.03161196911196911,0.021928597890531993,4144,18.038860958689323,2.1644131018822102e-05,0.00018689838383617938,True,True
alignment-from-assumptions,mem2reg,0.03173121791880541,0.021927216811891338,4286,19.12273109014354,1.2257627611030081e-05,0.0001111131243629486,True,True
alignment-from-assumptions,sroa,0.03296703296703297,0.021924147020061503,4186,23.696665840187823,1.127777500007297e-06,1.2600218801793366e-05,True,True
alignment-from-assumptions,instsimplify,0.02771362586605081,0.02193963926493934,4330,6.700643239093112,0.009637813538953842,0.039314247727649215,True,True
alignment-from-assumptions,instcombine,0.035705727294512345,0.021915884531777043,4173,36.83782613096109,1.2837519240016294e-09,2.405345710234632e-08,True,True
alignment-from-assumptions,simplifycfg,0.036276849642004776,0.02191396079648791,4190,40.12538356700035,2.3817393840858e-10,5.110625440043832e-09,True,True
alignment-from-assumptions,adce,0.028893587033121917,0.021936269933493395,4257,9.565055980427719,0.001983161520403581,0.010424242300537482,True,True
alignment-from-assumptions,jump-threading,0.029971455756422453,0.021933222139404386,4204,12.60959328025441,0.0003837720019047447,0.002467735894021314,True,True
alignment-from-assumptions,newgvn,0.03479896543616271,0.021917900497388582,4253,32.756724189382744,1.0444437728264538e-08,1.6492104090275777e-07,True,True
alignment-from-assumptions,mergereturn,0.030202140309155766,0.021932506016703997,4205,13.349205349980883,0.00025853215199310865,0.001751577694126321,True,True
alignment-from-assumptions,early-cse-memssa,0.033214709371293,0.021923148170520535,4215,24.947049568509417,5.892663970416406e-07,6.857554861263193e-06,True,True
alignment-from-assumptions,iroutliner,0.030817009077878644,0.021930736564650753,4186,15.344803308521273,8.956694980788415e-05,0.0006771123078140431,True,True
rpo-function-attrs,mem2reg,0.035265700483091786,0.02191755146627072,4140,34.24363881045844,4.8626229407559035e-09,8.207772170689707e-08,True,True
rpo-function-attrs,sroa,0.03442545109211776,0.02191943908728677,4212,30.580221332246673,3.20342824430048e-08,4.7249058398043996e-07,True,True
rpo-function-attrs,instcombine,0.03391053391053391,0.021921501096770605,4158,27.744987464569924,1.384063521226782e-07,1.8036581527867151e-06,True,True
rpo-function-attrs,simplifycfg,0.034352049277422414,0.021919583530109497,4221,30.285978692836373,3.728111830351256e-08,5.427243839277144e-07,True,True
rpo-function-attrs,jump-threading,0.029954469206805657,0.02193345648342782,4173,12.463320860959199,0.00041502143281100113,0.00263835053715565,True,True
rpo-function-attrs,gvn,0.030224321133412044,0.021932255586852946,4235,13.51718112549665,0.00023638922624173836,0.0016141241673280687,True,True
rpo-function-attrs,gvn-hoist,0.027641133754977745,0.021940123759168262,4269,6.440598309373364,0.01115410721841837,0.04421000391429791,True,True
rpo-function-attrs,newgvn,0.03413370998116761,0.021920016869999955,4248,29.41586656279869,5.839756639199233e-08,8.196590322259568e-07,True,True
rpo-function-attrs,alignment-from-assumptions,0.02986857825567503,0.02193364919193938,4185,12.232204258287473,0.00046971673270422017,0.0029454134912245415,True,True
rpo-function-attrs,dfa-jump-threading,0.028175856205975226,0.021939146433515952,4117,7.434242490077697,0.006399429555076069,0.028364647580846503,True,True
rpo-function-attrs,early-cse-memssa,0.03065761759887667,0.021930669181592324,4273,15.106118692022786,0.00010163333823823724,0.0007538305769246665,True,True
rpo-function-attrs,loop-versioning,0.027790973871733966,0.02193990815477794,4210,6.690633845833548,0.009692073940222133,0.039453390384521704,True,True
rpo-function-attrs,loop-simplifycfg,0.02761387774368657,0.021940341892983266,4237,6.331005644444505,0.01186450221970741,0.04634552687518625,True,True
rpo-function-attrs,iroutliner,0.030940009447331128,0.021930042936052812,4234,15.955293258649192,6.485616715232358e-05,0.0005039221241438474,True,True
attributor,bdce,0.027943635060902795,0.021939538687610696,4187,7.006817388092201,0.008119990071009794,0.03443540994888367,True,True
attributor,mem2reg,0.0371509701845717,0.021910877460168697,4226,45.56326516866374,1.4778741148848088e-11,3.8582366892592746e-10,True,True
attributor,sroa,0.03525954946131244,0.02191811711235506,4084,33.747835973309456,6.2738796051935545e-09,1.0366460984783949e-07,True,True
attributor,instsimplify,0.03359922649262751,0.021922628343250244,4137,26.185243503726973,3.1018381992339135e-07,3.766449112620157e-06,True,True
attributor,function-attrs,0.028013182674199624,0.021939054196339267,4248,7.275378416992973,0.006990616402750427,0.030504082323465825,True,True
attributor,mergefunc,0.028530670470756064,0.021937647351696468,4206,8.487014671773219,0.003576902561204756,0.017432670105386218,True,True
attributor,instcombine,0.03786782440906898,0.02190959409594096,4146,49.015599737844475,2.5393488496239004e-12,7.562045699716497e-11,True,True
attributor,simplifycfg,0.041403508771929824,0.02189701920830981,4275,75.50729364703095,3.640595925095794e-18,3.520141640166698e-16,True,True
attributor,reassociate,0.0293282876064333,0.021935071952717832,4228,10.727813604092825,0.0010553707250238592,0.006011391649735903,True,True
attributor,sccp,0.029909291493012993,0.02193414339336426,4079,12.04448092051921,0.0005194595015761137,0.003226333716371231,True,True
attributor,dce,0.02824994014843189,0.021938645886796764,4177,7.723729275350233,0.0054499704619703675,0.02487422415976219,True,True
attributor,dse,0.03107074569789675,0.02192997228002302,4184,16.228599637230776,5.614016077281905e-05,0.0004423438019846266,True,True
attributor,jump-threading,0.04266855256954267,0.021893561311636733,4242,84.98795971903273,3.0018748192538024e-20,4.124681330595751e-18,True,True
attributor,loop-idiom,0.02947468504872831,0.02193473468255113,4207,11.102624590115553,0.0008620563360327386,0.00504228918880389,True,True
attributor,loop-deletion,0.028292914883499762,0.021938379534039158,4206,7.884122356053151,0.004987067348313597,0.023070709670402888,True,True
attributor,gvn,0.030395852968897265,0.021931667913851958,4244,14.113998887112599,0.0001720585213374516,0.0012042558883958183,True,True
attributor,gvn-sink,0.03017241379310345,0.02193277249397793,4176,13.161431511021267,0.00028577048515013585,0.001903192550761789,True,True
attributor,newgvn,0.03424657534246575,0.02191979217310317,4234,29.86468585853425,4.6327442685543704e-08,6.621104582357268e-07,True,True
attributor,early-cse,0.02962603205439534,0.02193476968491831,4118,11.309048440082288,0.0007713029010708394,0.004593797962879707,True,True
attributor,mergereturn,0.027824418325737586,0.021939981710580553,4169,6.701467657903373,0.009633358303567038,0.039314247727649215,True,True
attributor,globalopt,0.028641370869033046,0.021937900330990315,4085,8.522096200520904,0.00350860123642778,0.017142460938055132,True,True
attributor,strip-dead-prototypes,0.029121540312876053,0.021936096047021923,4155,9.958891078936693,0.0016007444336191207,0.008622441818504094,True,True
attributor,loop-reduce,0.028169014084507043,0.02193851475332534,4260,7.676347428182485,0.005594930012621444,0.025387886360863934,True,True
attributor,partial-inliner,0.03269090021956575,0.021925679064227127,4099,22.053338360421773,2.6517808488847477e-06,2.7508274978099794e-05,True,True
attributor,inferattrs,0.029290728637133865,0.02193571059885566,4131,10.374400618096843,0.0012777462234391215,0.007107463367880113,True,True
attributor,called-value-propagation,0.03073967339097022,0.021931115474783682,4164,14.998581646172763,0.00010759201270429325,0.0007927193259642753,True,True
attributor,loop-simplify,0.03074670571010249,0.021931520007496954,4098,14.783787570761481,0.00012056761829108092,0.0008760472168241148,True,True
attributor,loop-vectorize,0.031358024691358025,0.021930017218961942,4050,16.713251525989804,4.3476254736491905e-05,0.00034959551036571314,True,True
attributor,slsr,0.03044496487119438,0.021931353224242816,4270,14.366523328377289,0.00015045351899349438,0.0010683154675947852,True,True
attributor,loop-interchange,0.033301158301158304,0.021923472846786085,4144,24.903695346704286,6.026679152321218e-07,6.992733499404412e-06,True,True
attributor,loop-fusion,0.032235294117647056,0.021925906617384326,4250,20.96800702944162,4.670174232687351e-06,4.606650452192359e-05,True,True
attributor,loop-distribute,0.028066037735849057,0.021938925686035324,4240,7.388957652344698,0.006562550855145049,0.028875223762638215,True,True
attributor,loop-load-elim,0.029188692254654102,0.02193485082031436,4351,10.62663041383672,0.0011147064436367409,0.006317207573489837,True,True
attributor,loop-unroll-and-jam,0.02793560606060606,0.021939400861936412,4224,7.049976126509203,0.007926630780354911,0.03373987623464112,True,True
attributor,hotcoldsplit,0.02818920210224558,0.021938790452482062,4186,7.591704800805959,0.00586374732994443,0.026363300280209404,True,True
attributor,irce,0.02761767531219981,0.021940633552541985,4164,6.229952579375168,0.012560710009408272,0.04838931667175877,True,True
attributor,nary-reassociate,0.02842003853564547,0.02193824432544511,4152,8.098069132540617,0.0044312439119978874,0.020919531234941204,True,True
attributor,scalarizer,0.029238387172836597,0.021935280744209206,4241,10.499990100696396,0.0011937518403823755,0.0067117476050787975,True,True
attributor,globalsplit,0.030489246041125028,0.021931459156290842,4231,14.38382852545295,0.0001490770963666181,0.0010595025578433329,True,True
attributor,early-cse-memssa,0.02963489805595069,0.021934179157807182,4218,11.611325181698739,0.0006555142924544048,0.003952261692457967,True,True
attributor,simple-loop-unswitch,0.03023758099352052,0.021932627969006142,4167,13.342178588566977,0.0002595026950255757,0.001755116673091804,True,True
attributor,loop-versioning,0.030663180413596388,0.02193107376815722,4207,14.891098748048266,0.00011389915948464064,0.000834479155363616,True,True
attributor,loop-simplifycfg,0.029558998808104888,0.021934541961398192,4195,11.320608506755068,0.0007665159018355244,0.004575726023762064,True,True
attributor,speculative-execution,0.030460448642266824,0.02193152338896329,4235,14.300436603407164,0.00015582873163545225,0.0011044802046777033,True,True
attributor,load-store-vectorizer,0.03226589034449297,0.021926780411519742,4122,20.455848128373784,6.102280918236121e-06,5.914983187082339e-05,True,True
attributor,iroutliner,0.0337869544814641,0.021920973783868484,4262,27.856041473396893,1.306853637628995e-07,1.7081049428479542e-06,True,True
attributor,unreachableblockelim,0.028606060606060607,0.021937810655696298,4125,8.515103612401877,0.0035221086973260545,0.017187012658852124,True,True
inferattrs,correlated-propagation,0.027876210725253956,0.0219395454375718,4233,6.925343156274231,0.008498268432426964,0.03572648328650992,True,True
inferattrs,mem2reg,0.03543586109142452,0.021916115139413935,4233,35.91643575534944,2.059639643145166e-09,3.682015828187171e-08,True,True
inferattrs,sroa,0.03637257311378717,0.021914947980001712,4069,39.48586518872027,3.3044261800044456e-10,6.810596274156532e-09,True,True
inferattrs,instcombine,0.028333333333333332,0.021938283157097817,4200,7.973621170035261,0.00474638949606185,0.022100905192126284,True,True
inferattrs,simplifycfg,0.034690436039508554,0.02191919228896609,4151,31.430630794700328,2.0669425782211737e-08,3.137266331904696e-07,True,True
inferattrs,memcpyopt,0.02781107648046032,0.02194001383789166,4171,6.674231015330966,0.009781670528587688,0.03975612017638753,True,True
inferattrs,jump-threading,0.033550792171481825,0.021921455318687787,4292,26.94379428438703,2.0945858335503925e-07,2.6331936193204934e-06,True,True
inferattrs,loop-idiom,0.027872031022782354,0.02194002313560687,4126,6.740228013466952,0.009426257638840425,0.03873370924837262,True,True
inferattrs,gvn,0.0283203125,0.02193880912811427,4096,7.743858667124973,0.005389551286350189,0.024670348144181575,True,True
inferattrs,gvn-sink,0.029009829777031888,0.021936353019991726,4171,9.68798969173869,0.001854763524461435,0.00982848979944652,True,True
inferattrs,newgvn,0.033309540804187486,0.021922955550039792,4203,25.296697974524808,4.915495176232655e-07,5.79791539461659e-06,True,True
inferattrs,slsr,0.030736240171551108,0.021930913193765656,4197,15.105993512081579,0.0001016400777875955,0.0007538305769246665,True,True
inferattrs,loop-fusion,0.02831310968355936,0.02193833134546264,4203,7.928791685265789,0.004865427756253703,0.022588043975684056,True,True
inferattrs,always-inline,0.028672985781990522,0.021937140037165955,4220,8.88809632161934,0.00287035851225608,0.014364631225552472,True,True
inferattrs,early-cse-memssa,0.03343609200853687,0.02192244808602333,4217,25.95028779798017,3.503232070907576e-07,4.234153330146317e-06,True,True
inferattrs,loop-predication,0.02771855010660981,0.021940084860865523,4221,6.542625784527941,0.010531978523773869,0.04223576845785814,True,True
inferattrs,iroutliner,0.03289940828402367,0.021924040882702025,4225,23.625189096468258,1.1704530389149118e-06,1.3021290057928393e-05,True,True
called-value-propagation,ipsccp,0.02805755395683453,0.02193926561118042,4170,7.246426158325673,0.0071042266156436246,0.03085984628603487,True,True
called-value-propagation,mem2reg,0.037539355776217004,0.02191078568254217,4129,46.81923830595851,7.784546201744621e-12,2.162005881278861e-10,True,True
called-value-propagation,sroa,0.03829583532790809,0.021907910921593665,4178,52.088485510721995,5.305512742232293e-13,1.7532816792052032e-11,True,True
called-value-propagation,instsimplify,0.032001815705855655,0.021925482212686184,4406,20.763589990490267,5.196152157458787e-06,5.106181141432525e-05,True,True
called-value-propagation,instcombine,0.03135970044465247,0.02192847252680468,4273,17.64267993016462,2.6653914335121634e-05,0.00022543569878258387,True,True
called-value-propagation,simplifycfg,0.035153503632528706,0.02191666074792838,4267,34.70472127728047,3.836999025628405e-09,6.604698103015752e-08,True,True
called-value-propagation,dse,0.027573529411764705,0.02193999270668422,4352,6.410932475822766,0.011341983723432137,0.04468790697460722,True,True
called-value-propagation,jump-threading,0.033752327746741154,0.02192078729433473,4296,27.914813231933238,1.267754849755451e-07,1.6631584561615903e-06,True,True
called-value-propagation,loop-idiom,0.02798552472858866,0.02193959619018612,4145,7.033742060314046,0.007998803827680746,0.03399166119283538,True,True
called-value-propagation,loop-deletion,0.02933460529453852,0.021935242016908857,4193,10.656980797602769,0.0010965624482530874,0.006232421694280246,True,True
called-value-propagation,gvn,0.02979122683556181,0.021933437454007877,4263,12.218403478029614,0.0004732040694868789,0.002962537387866695,True,True
called-value-propagation,gvn-sink,0.030902348578491966,0.021931401136652314,4045,15.113422732868317,0.0001012408744633038,0.0007522946193516084,True,True
called-value-propagation,newgvn,0.036737692872887584,0.02191370836728523,4083,41.65478355192044,1.0889862081901147e-10,2.4579077759495615e-09,True,True
called-value-propagation,globalopt,0.028944246737841045,0.021936327539536275,4215,9.609247423050363,0.0019359996662703096,0.010210605647292299,True,True
called-value-propagation,strip-dead-prototypes,0.028958430639887903,0.0219359392664882,4282,9.802151524362978,0.001743078169799244,0.009331365841331292,True,True
called-value-propagation,partial-inliner,0.028896257697773566,0.021936439970595214,4222,9.493478262515138,0.002062035346194631,0.010788150187973513,True,True
called-value-propagation,attributor,0.027939464493597205,0.021939076994722816,4295,7.17810735434145,0.007379851732402158,0.0317921430721792,True,True
called-value-propagation,consthoist,0.027718040621266427,0.02194023873170396,4185,6.485506820741531,0.010875752587705057,0.04334803779486311,True,True
called-value-propagation,loop-sink,0.02763094666025949,0.021940601424488074,4162,6.256187933403421,0.012376022827967707,0.047795370211362466,True,True
called-value-propagation,early-cse-memssa,0.028455284552845527,0.021937994031354425,4182,8.245980611028214,0.004084233835686949,0.019540451680574333,True,True
called-value-propagation,iroutliner,0.028122020972354625,0.021938951083255845,4196,7.446693133779047,0.00635531055906612,0.028210224710919798,True,True
licm,mem2reg,0.03176895306859206,0.021928042341988137,4155,18.679890081255152,1.5460447810885068e-05,0.00013806867417885045,True,True
licm,sroa,0.030646718146718148,0.021931526486958227,4144,14.612005707690356,0.00013207047160811243,0.0009524640272879709,True,True
licm,instcombine,0.02932622394571013,0.021935630298859327,4126,10.462363322510821,0.0012183131361219327,0.006815720972869588,True,True
licm,simplifycfg,0.0366353338153772,0.021913302978320254,4149,41.745867750684695,1.0394169843392481e-10,2.359627194592751e-09,True,True
licm,jump-threading,0.031089351285189717,0.021930579156176033,4085,15.908217867634178,6.648939517504906e-05,0.0005155890524861231,True,True
licm,gvn,0.030194959581550166,0.021932522075297632,4206,13.329140046592576,0.0002613133308942766,0.0017612788361135753,True,True
licm,inline,0.029151119402985076,0.021935303412613915,4288,10.363729956124246,0.0012851528139477542,0.007143588955882761,True,True
licm,loop-predication,0.028324531925108018,0.021938469197990952,4166,7.887054325456254,0.004978989071177758,0.023046951776279075,True,True
licm,iroutliner,0.03326256192498231,0.021922801221602537,4239,25.303301497754543,4.898695512360658e-07,5.786814970257718e-06,True,True
loop-simplify,mem2reg,0.03907346747777258,0.021904325362887635,4274,58.48258661231644,2.0509822855917704e-14,9.448996035738087e-13,True,True
loop-simplify,sroa,0.03533487297921478,0.021915475053747063,4330,36.19353600120623,1.7866218320292176e-09,3.231598657841301e-08,True,True
loop-simplify,function-attrs,0.028089887640449437,0.02193870751855806,4272,7.5031500702442875,0.006159117109879152,0.027454869211481797,True,True
loop-simplify,instcombine,0.03049070986183897,0.021931661429152986,4198,14.276193745562091,0.00015784867048473694,0.0011157678585166605,True,True
loop-simplify,simplifycfg,0.03683329347046161,0.021912352056113426,4181,43.21127239426845,4.9136777029108995e-11,1.1661795081575202e-09,True,True
loop-simplify,jump-threading,0.032639545884579,0.02192482123480148,4228,22.53235059433042,2.0663426034507775e-06,2.1928990881065703e-05,True,True
loop-simplify,gvn,0.030532544378698224,0.021931362807987635,4225,14.509531521141051,0.00013945217117629697,0.0009992583757115808,True,True
loop-simplify,newgvn,0.030138921591711797,0.021932448293561214,4247,13.276965670350087,0.0002686870200159338,0.0017985955049271737,True,True
loop-simplify,attributor,0.03157644824311491,0.02192822531399778,4212,18.20109854877325,1.9876415455969656e-05,0.00017374116724459192,True,True
loop-simplify,loop-instsimplify,0.03133836003770028,0.0219287391029931,4244,17.44311466136241,2.960345962932116e-05,0.0002469161829785339,True,True
loop-simplify,iroutliner,0.03108076289145279,0.02192951947626889,4247,16.509956369054745,4.8395277597232785e-05,0.0003851949330706577,True,True
loop-simplify,unreachableblockelim,0.028639618138424822,0.021937390356978642,4190,8.7372339632994,0.0031177710488769095,0.01547426036426106,True,True
div-rem-pairs,mem2reg,0.033990967435227004,0.02192082320785427,4207,28.452052439779955,9.604789113194771e-08,1.2992177605274862e-06,True,True
div-rem-pairs,sroa,0.038526774897019625,0.021907825039041366,4127,52.91553983706018,3.4820374478961054e-13,1.2120585463076578e-11,True,True
div-rem-pairs,instsimplify,0.027837772978161746,0.021939949583363535,4167,6.728773608846215,0.009486980527050295,0.03892196515864741,True,True
div-rem-pairs,instcombine,0.031909901454716096,0.021926831482788615,4262,19.716978167238672,8.979999783210222e-06,8.342984377473603e-05,True,True
div-rem-pairs,simplifycfg,0.036468330134357005,0.02191360781597548,4168,40.988698559548745,1.5311204058351333e-10,3.397092073229678e-09,True,True
div-rem-pairs,jump-threading,0.0314374850011999,0.021928967161827444,4167,17.48952603104125,2.8889487228692875e-05,0.00024147541512819912,True,True
div-rem-pairs,loop-idiom,0.02860635696821516,0.02193798063688597,4090,8.443390635443999,0.0036637251709315754,0.01781148078133836,True,True
div-rem-pairs,loop-deletion,0.02757653657396588,0.021940284409467038,4279,6.309811577936041,0.012007159952192663,0.046670013273237186,True,True
div-rem-pairs,gvn,0.031235431235431235,0.021928745489479356,4290,17.247937399576028,3.280534909667908e-05,0.00027073919296648105,True,True
div-rem-pairs,gvn-sink,0.030563514804202482,0.021931500851516843,4188,14.48615578469729,0.00014119341569046693,0.0010089660873063293,True,True
div-rem-pairs,newgvn,0.034613560929350404,0.021918803193514566,4218,31.554992516925182,1.938712905720934e-08,2.9598439527497775e-07,True,True
div-rem-pairs,iroutliner,0.02989571263035921,0.021932808121428952,4315,12.700056155739615,0.00036564459514483926,0.0023667177431193234,True,True
float2int,correlated-propagation,0.028172405490007223,0.021938992541547905,4153,7.4911254285006645,0.006200379326325943,0.027604764875288314,True,True
float2int,mem2reg,0.037177362064882785,0.021910829331296865,4223,45.68914063330269,1.3858895759122734e-11,3.6651651714577437e-10,True,True
float2int,sroa,0.03687842017606471,0.021911972839023477,4203,43.70330438272607,3.821260381322227e-11,9.237369251573506e-10,True,True
float2int,instcombine,0.032311712995961035,0.02192598059566093,4209,21.07505495648068,4.4164009931036754e-06,4.38393568795792e-05,True,True
float2int,simplifycfg,0.039284874147259466,0.021903956477647566,4251,59.612685604589856,1.154883353802935e-14,5.549108237413857e-13,True,True
float2int,jump-threading,0.029616724738675958,0.02193536012556663,4018,11.00684769591828,0.0009077589664313756,0.005262448723235036,True,True
float2int,gvn,0.031461197855977625,0.021928029318405647,4291,18.10183135575323,2.093999341337736e-05,0.00018141817302386225,True,True
float2int,newgvn,0.035910940866650705,0.02191521654931253,4177,37.9822722708391,7.139036422584508e-10,1.3943374878224905e-08,True,True
float2int,early-cse,0.03145258103241297,0.021928935050786302,4165,17.536826953271742,2.817963061518444e-05,0.0002365518402766608,True,True
float2int,loop-simplify,0.02897174067917359,0.021936263293734326,4211,9.675808884165075,0.0018671005079000116,0.009873822537388853,True,True
float2int,slsr,0.0277060342803475,0.021939963111222083,4259,6.573055070708797,0.010353407819590718,0.04173334536440273,True,True
float2int,hotcoldsplit,0.02759117082533589,0.021940697808932083,4168,6.177686871163673,0.012937129661659264,0.04957123263704274,True,True
float2int,globalsplit,0.02952565343659245,0.02193499451625137,4132,11.052468471334498,0.0008856919693779682,0.005149769490845024,True,True
float2int,early-cse-memssa,0.033213859020310633,0.021923398796750038,4185,24.765204433344845,6.475596069528307e-07,7.458363002433192e-06,True,True
float2int,loop-simplifycfg,0.02835538752362949,0.021938064980955574,4232,8.090243901883897,0.004450417262743252,0.02097212274476844,True,True
float2int,iroutliner,0.03241296518607443,0.021926006409331823,4165,21.263935773383086,4.001902588531151e-06,4.0234789567876725e-05,True,True
inline,mem2reg,0.041811846689895474,0.02189530351524258,4305,79.2658435631298,5.429023803068856e-19,6.346285735169445e-17,True,True
inline,sroa,0.0383364312267658,0.02190627100598822,4304,53.93133659008717,2.07619826184616e-13,7.563155714780988e-12,True,True
inline,constmerge,0.030561478322672354,0.0219312985762558,4221,14.593744951280033,0.0001333564607121424,0.0009608535421320141,True,True
inline,deadargelim,0.02913533834586466,0.02193552166240765,4256,10.241064111616874,0.0013734833148023983,0.007543563339083018,True,True
inline,instcombine,0.03093525179856115,0.021930479654653334,4170,15.696739302532274,7.435223679655453e-05,0.0005714688111782286,True,True
inline,simplifycfg,0.034981343283582086,0.02191699775499415,4288,33.971952253535626,5.59122770309812e-09,9.297345089313053e-08,True,True
inline,jump-threading,0.0315963216222589,0.021927958733145646,4241,18.402613952924618,1.7881251605902573e-05,0.0001575320163975579,True,True
inline,gvn,0.02954710583676435,0.021934946337720567,4129,11.107123819734337,0.0008599675270917551,0.0050413665210947796,True,True
inline,gvn-hoist,0.030174446016030174,0.021932367998687894,4242,13.376704897144881,0.00025476893286330754,0.001733579741255799,True,True
inline,newgvn,0.030123339658444024,0.021932682662527365,4216,13.12959675643887,0.00029066732635182164,0.0019341601529205327,True,True
inline,early-cse,0.028982092365692744,0.021936061130140246,4244,9.780676783415762,0.0017635538952776272,0.009428091541170223,True,True
inline,lower-expect,0.028975265017667843,0.021936077191795515,4245,9.763980144276244,0.0017796420966701642,0.009494657289591774,True,True
inline,attributor,0.027643400138217002,0.02193981598438833,4341,6.55479405083713,0.010460194545063185,0.04205556656926841,True,True
inline,slp-vectorizer,0.028192771084337348,0.021938944353494857,4150,7.534840780708084,0.006051708520559674,0.027083989218870494,True,True
inline,loop-fusion,0.02863330125120308,0.021937576418734395,4156,8.649741332303195,0.003271077925511531,0.01616345887230682,True,True
inline,iroutliner,0.03075805279728748,0.021931285632390506,4129,14.9344487120962,0.00011131177077322021,0.0008162863190036148,True,True
sink,mem2reg,0.034482758620689655,0.02191879319598484,4263,31.236844794433136,2.283899187847701e-08,3.420171785702332e-07,True,True
sink,sroa,0.03940537989617744,0.02190374798279038,4238,60.25933790060136,8.314743959793404e-15,4.1478391524268753e-13,True,True
sink,instcombine,0.029217719132893498,0.021935328927425533,4244,10.447867837558745,0.0012279111208058158,0.0068594863752861265,True,True
sink,simplifycfg,0.032076797003043785,0.02192624376242481,4271,20.42701069592135,6.194924467407449e-06,5.9973607452082996e-05,True,True
sink,jump-threading,0.028383767300023458,0.02193783073141479,4263,8.222156703403067,0.0041381990411094366,0.019774481323959186,True,True
sink,gvn-hoist,0.029433406916850625,0.0219355755031997,4077,10.640684320121006,0.0011062673167929963,0.006278532622873482,True,True
sink,newgvn,0.03529692344383496,0.021916937632569505,4193,34.84630946875466,3.567852222867798e-09,6.18217225873907e-08,True,True
sink,rpo-function-attrs,0.02817562808170932,0.02193849868970885,4259,7.690893217560076,0.005550015290868075,0.02524257825672402,True,True
sink,inline,0.02874503388642206,0.021936623302069917,4279,9.207188547212446,0.002410666264726597,0.01233203016677904,True,True
sink,early-cse-memssa,0.029889385737820663,0.02193321261707049,4249,12.485271590358996,0.00041017307617340824,0.002620289993956063,True,True
loop-vectorize,mem2reg,0.02830188679245283,0.02193868735412036,4134,7.770713987038606,0.005310005637542678,0.02433467767889658,True,True
loop-vectorize,sroa,0.03589619209313607,0.02191581439719796,4123,37.41054395524152,9.570333211286098e-10,1.8281670661168956e-08,True,True
loop-vectorize,instcombine,0.02883922134102379,0.021936924569399448,4161,9.202710681742431,0.002416570193393159,0.012354163025231867,True,True
loop-vectorize,simplifycfg,0.04231043498930354,0.021895196807096902,4207,81.39497304101499,1.848274782526461e-19,2.3347884027011683e-17,True,True
loop-vectorize,jump-threading,0.02809917355371901,0.02193884536785988,4235,7.460507636360833,0.0063067219297142365,0.0280171560711979,True,True
loop-vectorize,gvn,0.03036191401505951,0.021932557221812633,4117,13.580461462728858,0.00022855204271791298,0.001571987088146538,True,True
loop-vectorize,gvn-hoist,0.02956358517128109,0.021934153606438783,4262,11.5158629817438,0.0006900478893900619,0.004147701511667663,True,True
loop-vectorize,gvn-sink,0.027837259100642397,0.02193979570693148,4203,6.785898180709701,0.00918807873002158,0.037934123676082766,True,True
loop-vectorize,newgvn,0.033621293485874386,0.02192131085602067,4283,27.215136087406147,1.820280304133235e-07,2.3106054038851695e-06,True,True
loop-vectorize,early-cse-memssa,0.028162175285263415,0.021939178558380866,4119,7.405170937346699,0.006503666373123799,0.028694817271170268,True,True
loop-vectorize,loop-simplifycfg,0.02844168260038241,0.021938026156060688,4184,8.215430801007019,0.0041535653111756205,0.019811646478153144,True,True
slp-vectorizer,mem2reg,0.033877943296492075,0.021921565296846447,4162,27.620518545665877,1.4760466820682987e-07,1.9045136102073998e-06,True,True
slp-vectorizer,sroa,0.03827864954826438,0.021907627875646152,4206,52.3283839332468,4.695385874264768e-13,1.5715496652667378e-11,True,True
slp-vectorizer,instcombine,0.031501657981999054,0.021928385870472498,4222,17.96182395673182,2.2538001166239563e-05,0.0001937624864258927,True,True
slp-vectorizer,simplifycfg,0.034916201117318434,0.02191712614136444,4296,33.695898242190616,6.443641334380418e-09,1.060222666614862e-07,True,True
slp-vectorizer,dse,0.027893320283826767,0.021940128808938288,4087,6.724479371691282,0.009509848578725546,0.03897495241683856,True,True
slp-vectorizer,jump-threading,0.030614576193740004,0.021930142522493628,4377,15.322218827811426,9.064409038062283e-05,0.0006828818336304808,True,True
slp-vectorizer,gvn-sink,0.029508970727101038,0.021934468240893283,4236,11.281611086678836,0.0007827859501412952,0.004644529970838351,True,True
slp-vectorizer,newgvn,0.03323836657169991,0.021923100015083023,4212,25.034130990101453,5.632440295854053e-07,6.584070507034172e-06,True,True
slp-vectorizer,early-cse,0.031602155805977465,0.021929066757253805,4082,17.732063890243065,2.5430384482048526e-05,0.00021672554000370407,True,True
slp-vectorizer,strip-dead-prototypes,0.028046193730850814,0.021938973877222875,4243,7.346235769280704,0.006720332030328787,0.02947012343870944,True,True
slp-vectorizer,partial-inliner,0.028764805414551606,0.02193727125033587,4137,8.952652188450763,0.002770670398623946,0.013917155598509453,True,True
slp-vectorizer,inferattrs,0.028212422949265053,0.021938572290462217,4218,7.707039772895426,0.005500588097657038,0.025061434543833576,True,True
slp-vectorizer,globalsplit,0.028334147532975085,0.021938777004331236,4094,7.773764158169253,0.005301047020316046,0.024307845587304026,True,True
slp-vectorizer,early-cse-memssa,0.03225806451612903,0.021925858454653488,4247,21.046109652995334,4.483622744181229e-06,4.438211457509156e-05,True,True
slp-vectorizer,loop-versioning,0.027744270205066344,0.02194032833982872,4145,6.48196267843265,0.010897458775919099,0.043412460393183305,True,True
slp-vectorizer,loop-instsimplify,0.02774539519701562,0.021939712835277517,4289,6.710466035838527,0.009584867219219657,0.039179895647666156,True,True
slp-vectorizer,iroutliner,0.030636668262326472,0.02193134027623209,4178,14.698198331955629,0.00012616697332526125,0.0009140978122881093,True,True
callsite-splitting,ipsccp,0.027922385234264078,0.02193943298969072,4226,7.022159553703209,0.008050707603844557,0.0341936778488669,True,True
callsite-splitting,mem2reg,0.03562831006259028,0.02191631181580165,4154,36.25776354681905,1.7286998873368794e-09,3.1413404913277125e-08,True,True
callsite-splitting,sroa,0.03324748302505268,0.021922582676473495,4271,25.42694407216749,4.5945593067519465e-07,5.452210377345643e-06,True,True
callsite-splitting,instcombine,0.029938650306748468,0.02193407916035525,4075,12.121654249361468,0.0004983967131700006,0.0031053644053678957,True,True
callsite-splitting,simplifycfg,0.03290719696969697,0.021924024830094847,4224,23.65321905487536,1.1535279084529444e-06,1.286955922934966e-05,True,True
callsite-splitting,dse,0.028829709259711702,0.021937296698936154,4093,9.026859710157824,0.002660411228294239,0.01345147885087184,True,True
callsite-splitting,jump-threading,0.029661016949152543,0.021933928762324837,4248,11.773873825583632,0.0006006784211857472,0.0036469096083153268,True,True
callsite-splitting,gvn,0.028308563340410473,0.02193817742231907,4239,7.985477599083937,0.004715405424893094,0.021999751227046154,True,True
callsite-splitting,newgvn,0.0293703007518797,0.02193478945325943,4256,10.92254601416168,0.0009500095912862778,0.005491125549043636,True,True
callsite-splitting,early-cse,0.029502736140851773,0.021934670441790535,4203,11.174976496758914,0.0008290794583772113,0.004878550201360119,True,True
callsite-splitting,attributor,0.028462998102466792,0.021937807976452842,4216,8.332978290118817,0.0038931779126804324,0.01878704215164088,True,True
callsite-splitting,slp-vectorizer,0.027927716498474538,0.02193926302879423,4261,7.093162199569235,0.0077378596914735994,0.03302611286300885,True,True
callsite-splitting,loop-distribute,0.028050827139774633,0.021939281674311674,4171,7.232191218266656,0.007160775296082043,0.03105381623417196,True,True
callsite-splitting,early-cse-memssa,0.03355704697986577,0.021922457962797275,4172,26.216438463616974,3.052133058351361e-07,3.731141700808759e-06,True,True
callsite-splitting,load-store-vectorizer,0.029252182118424157,0.021935248622182584,4239,10.534832280206473,0.0011714551287925084,0.006605353901154014,True,True
dfa-jump-threading,mem2reg,0.03535120147874307,0.021915442958632396,4328,36.26513706170345,1.7221717630281066e-09,3.13675563907817e-08,True,True
dfa-jump-threading,sroa,0.03340595497458242,0.02192326418250839,4131,25.286159368788976,4.942425596473756e-07,5.8121737645018705e-06,True,True
dfa-jump-threading,instcombine,0.03271590089006495,0.021925145827186274,4157,22.470656561249193,2.133784052041914e-06,2.2614068600260178e-05,True,True
dfa-jump-threading,simplifycfg,0.03303806559731865,0.02192400255086912,4177,23.951675332150632,9.878429356747093e-07,1.1148106444098448e-05,True,True
dfa-jump-threading,dse,0.030196629213483147,0.02193211755902041,4272,13.544442594232837,0.00023298025891150992,0.0015964141625502586,True,True
dfa-jump-threading,jump-threading,0.02850412249705536,0.021937541598297187,4245,8.496897484099362,0.0035575257424903498,0.017349029648309103,True,True
dfa-jump-threading,gvn,0.027829747427502338,0.021939503994259396,4276,6.886497783582411,0.008684926269263735,0.03633565306670597,True,True
dfa-jump-threading,gvn-sink,0.02853688029020556,0.021937971272122655,4135,8.359087255767841,0.0038376328250957505,0.018553296472932048,True,True
dfa-jump-threading,newgvn,0.029404557706444498,0.021935639740684746,4081,10.569104866290928,0.001149933962707677,0.006507429765842865,True,True
dfa-jump-threading,loop-interchange,0.029037676985841133,0.021936288776184837,4167,9.755261114501964,0.001788102430330884,0.00953330036375186,True,True
dfa-jump-threading,early-cse-memssa,0.02796871296515762,0.021939320542962305,4219,7.119819448067687,0.007623638359140001,0.03257410563490698,True,True
dfa-jump-threading,loop-simplifycfg,0.027777777777777776,0.021939786401198473,4248,6.7207004410920135,0.009530019183054945,0.03901678528054695,True,True
dfa-jump-threading,iroutliner,0.030218503021850304,0.0219318671083501,4302,13.712381315200059,0.0002130453346002384,0.001471403051665844,True,True
consthoist,bdce,0.028450505525511403,0.021937670100964098,4253,8.374080520191159,0.003806100726388327,0.018412217967309064,True,True
consthoist,mem2reg,0.038149150873738616,0.021909726975825137,4063,49.74506646984619,1.7507787436841937e-12,5.335447128612687e-11,True,True
consthoist,sroa,0.03232656913638509,0.021925713967730503,4238,21.281653207054706,3.965083626484586e-06,3.9915854707747143e-05,True,True
consthoist,instcombine,0.03397719339073772,0.021920071114287367,4297,28.99614308833873,7.252254812645185e-08,1.007086164763069e-06,True,True
consthoist,simplifycfg,0.03641990002380385,0.02191340511134622,4201,41.03890258359162,1.4922908940104978e-10,3.3203472391733576e-09,True,True
consthoist,dce,0.028306374881065653,0.02193834740829796,4204,7.913884130699934,0.004905682942424752,0.0227345022515211,True,True
consthoist,jump-threading,0.030180608365019013,0.02193255419255545,4208,13.289070086183328,0.0002669578582971065,0.0017900804333758034,True,True
consthoist,gvn,0.030671973776633107,0.02193063706556639,4271,15.148899625486212,9.935620094150318e-05,0.0007403974936002407,True,True
consthoist,gvn-hoist,0.029069767441860465,0.021936394559317295,4128,9.751486656733862,0.0017917775293964737,0.009546395653219852,True,True
consthoist,gvn-sink,0.029508970727101038,0.021934468240893283,4236,11.281611086678836,0.0007827859501412952,0.004644529970838351,True,True
consthoist,newgvn,0.03081627852270054,0.021930315910480436,4251,15.581248213447932,7.903452982203984e-05,0.0006027248661793729,True,True
consthoist,mergeicmps,0.028030666027791088,0.02193932986384656,4174,7.189591955101754,0.007332765383494239,0.03161023647008404,True,True
consthoist,loop-reduce,0.028019778667294562,0.021939038132468943,4247,7.289515365719999,0.006935818360945994,0.030301469694670062,True,True
consthoist,inferattrs,0.028481012658227847,0.02193826974297851,4108,8.163902232435941,0.004273233034655677,0.020308228839455864,True,True
consthoist,scalarizer,0.02810077519379845,0.02193932312143722,4128,7.275236690798366,0.006991167999313222,0.030504082323465825,True,True
consthoist,early-cse-memssa,0.03403330919623461,0.02192126034983523,4143,28.215430457933202,1.0853585098505072e-07,1.4555698371830775e-06,True,True
mldst-motion,mem2reg,0.03462998102466793,0.02191877109615821,4216,31.6218804320056,1.873072173741796e-08,2.8708221653122793e-07,True,True
mldst-motion,sroa,0.04047058823529412,0.02190027940978344,4250,68.03457531808621,1.6065365166134774e-16,1.1870183017091277e-14,True,True
mldst-motion,instsimplify,0.02763466042154567,0.02194013982409227,4270,6.427444678100815,0.011237013138357213,0.04442619227643296,True,True
mldst-motion,instcombine,0.03579047167575255,0.021915158295668296,4219,37.70574101260954,8.226210274969636e-10,1.5908068857669677e-08,True,True
mldst-motion,simplifycfg,0.03709055876685934,0.021911886803227917,4152,44.40772791054538,2.6663250575934725e-11,6.650527978048432e-10,True,True
mldst-motion,dse,0.029663028001898434,0.021934114918156177,4214,11.685446773644347,0.0006299085883787434,0.003806669802609813,True,True
mldst-motion,jump-threading,0.03125,0.021929150174042036,4224,17.03513951833037,3.6694416855673655e-05,0.00030030373334758207,True,True
mldst-motion,gvn-sink,0.030688084392232078,0.021931227874931816,4171,14.847874017972458,0.0001165393552698743,0.0008498475144075005,True,True
mldst-motion,newgvn,0.03458076740881099,0.02191886738850929,4222,31.421534360404305,2.076648781950301e-08,3.1459019845715193e-07,True,True
mldst-motion,indvars,0.02846715328467153,0.021938301866348042,4110,8.133217844111003,0.004346154480073802,0.020567421080325086,True,True
mldst-motion,consthoist,0.027638789611627353,0.0219404315014984,4197,6.326416726617779,0.011895241993556007,0.04639618291510491,True,True
mldst-motion,loop-distribute,0.02761387774368657,0.021940341892983266,4237,6.331005644444505,0.01186450221970741,0.04634552687518625,True,True
mldst-motion,early-cse-memssa,0.03386641580432737,0.021920813276963158,4252,28.165096008351938,1.1139541787075812e-07,1.483756654360166e-06,True,True
mldst-motion,speculative-execution,0.02900287631831256,0.021936369081002244,4172,9.671218927465805,0.001871770861761854,0.009891841693197598,True,True
mldst-motion,iroutliner,0.027877055039313797,0.0219396993239805,4197,6.86822408515143,0.008774180272548544,0.036572315005109206,True,True
slsr,mem2reg,0.036941176470588234,0.02191126249875525,4250,44.566077940469086,2.459157091855436e-11,6.17311485365762e-10,True,True
slsr,sroa,0.03755980861244019,0.02191013950736781,4180,47.52382141039178,5.433959256862649e-12,1.541984380425662e-10,True,True
slsr,instsimplify,0.028030489304155397,0.021939807558134853,4067,7.004331163088862,0.008131274706543732,0.03444247890841023,True,True
slsr,instcombine,0.03096495439270283,0.021930415428094478,4166,15.785577058493239,7.094124317825838e-05,0.0005479406475070213,True,True
slsr,simplifycfg,0.03620234955646128,0.021914388112592116,4171,39.528318990972004,3.2333634868108116e-10,6.6993922827254706e-09,True,True
slsr,jump-threading,0.028864503816793893,0.021936690306151585,4192,9.339735771689162,0.0022423785475547543,0.011576999857909581,True,True
slsr,newgvn,0.03404974643805844,0.021921228250643375,4141,28.278597976711698,1.0505106746674576e-07,1.4112520761570373e-06,True,True
slsr,early-cse,0.032490974729241874,0.021925845876978923,4155,21.53046097914842,3.4825279358462625e-06,3.546834693569302e-05,True,True
slsr,attributor,0.02895752895752896,0.02193665153070414,4144,9.482846717208936,0.002074018958025668,0.01083636856521483,True,True
slsr,loop-interchange,0.027784374257895986,0.021939924218850104,4211,6.677093222778397,0.009765975488127925,0.039712938745076795,True,True
slsr,early-cse-memssa,0.029496402877697843,0.02193487263291688,4170,11.06836256216743,0.0008781319536446606,0.0051134048036765665,True,True
slsr,load-store-vectorizer,0.027626918536009445,0.0219403097636392,4235,6.357222059500585,0.011690443659071495,0.04582560297189587,True,True
slsr,iroutliner,0.030191458026509573,0.02193333099057626,4074,12.898600816230196,0.00032882786082082376,0.0021515286599404276,True,True
loop-interchange,mem2reg,0.03725205611998065,0.0219115980355119,4134,45.163387662715635,1.8126232695714186e-11,4.685302127816287e-10,True,True
loop-interchange,sroa,0.031183051654368008,0.021929513063915624,4201,16.698845235355062,4.380765596864906e-05,0.00035189903748354814,True,True
loop-interchange,constmerge,0.02865612648221344,0.02193803818328504,4048,8.482007358159274,0.0035867611201326165,0.017469846450795183,True,True
loop-interchange,instcombine,0.028834504482675067,0.021937110638799467,4127,9.114778647525748,0.002535526355319685,0.012911731088988148,True,True
loop-interchange,simplifycfg,0.03722504230118443,0.02191164616293602,4137,45.03674380422856,1.933718392042301e-11,4.949307989044216e-10,True,True
loop-interchange,jump-threading,0.029854310962502986,0.021933681310353868,4187,12.19396388503649,0.00047944397731514724,0.002996811835859723,True,True
loop-interchange,loop-deletion,0.02776470588235294,0.021939818530081947,4250,6.693703755414611,0.009675398923664381,0.039447019453482265,True,True
loop-interchange,gvn,0.032273262661955245,0.021925826346283813,4245,21.098292295428003,4.363167849596552e-06,4.336590177416268e-05,True,True
loop-interchange,gvn-sink,0.03315306842229015,0.02192302595016742,4253,24.897728231332753,6.045362209025199e-07,7.004035032704936e-06,True,True
loop-interchange,newgvn,0.03162836669137633,0.02192923695714084,4047,17.67525894122869,2.6201252180627355e-05,0.00022281021398335877,True,True
loop-interchange,early-cse,0.02986127439454503,0.021933276855725093,4253,12.408632940577892,0.0004273536003701649,0.002712344731036573,True,True
loop-interchange,attributor,0.02922855773838045,0.021935669037905656,4174,10.305718575517052,0.001326186030097991,0.007330055742926934,True,True
loop-interchange,irce,0.029743343727512594,0.02193412441051766,4169,11.802537457700154,0.000591500474465297,0.0035967637546678623,True,True
loop-interchange,loop-flatten,0.02783625730994152,0.021939487929730377,4275,6.9001566624213915,0.008618819668543347,0.036175024460895766,True,True
loop-interchange,loop-simplifycfg,0.028182469548602818,0.02193880651545359,4187,7.57712414120591,0.005911367703369872,0.026546921933940846,True,True
loop-interchange,iroutliner,0.03000714455822815,0.021933141844226078,4199,12.706980689984146,0.00036429312983797486,0.0023599204242274767,True,True
loop-fusion,correlated-propagation,0.02918841955386806,0.021935579291419066,4214,10.290220949348162,0.0013373707483205163,0.007368161776075805,True,True
loop-fusion,mem2reg,0.04012569494802997,0.021902860418684642,4137,63.77578482129725,1.3941678214018562e-15,8.028766453837748e-14,True,True
loop-fusion,sroa,0.031198298274639564,0.02192926256905521,4231,16.87410212713608,3.994286540574802e-05,0.00032485204761974917,True,True
loop-fusion,function-attrs,0.02874792112140651,0.021936963354925437,4209,9.06381084905458,0.002607180338052166,0.01322865285625053,True,True
loop-fusion,instcombine,0.035175879396984924,0.02191744514415287,4179,34.10216274144325,5.229311267131746e-09,8.770014099395254e-08,True,True
loop-fusion,simplifycfg,0.0346053567196018,0.021918819242227994,4219,31.521588296790913,1.972352052048348e-08,3.0053426598526583e-07,True,True
loop-fusion,memcpyopt,0.029688972667295005,0.021933864521996103,4244,11.848285101612497,0.0005771447038459237,0.0035258949458044264,True,True
loop-fusion,jump-threading,0.032806513409961685,0.021924718665114473,4176,22.955543329801564,1.6579143212286803e-06,1.7959591927888e-05,True,True
loop-fusion,gvn,0.02809917355371901,0.02193884536785988,4235,7.460507636360833,0.0063067219297142365,0.0280171560711979,True,True
loop-fusion,gvn-sink,0.03014354066985646,0.021932836727910115,4180,13.081628818456487,0.0002982060352027617,0.0019776034442913035,True,True
loop-fusion,newgvn,0.032735961768219836,0.021924863138919944,4185,22.706922938772482,1.8868684811462523e-06,2.0271541761779765e-05,True,True
loop-fusion,globalopt,0.027638789611627353,0.0219404315014984,4197,6.326416726617779,0.011895241993556007,0.04639618291510491,True,True
loop-fusion,attributor,0.03226583192872622,0.0219265459247214,4153,20.609922987830632,5.630352623247806e-06,5.477878477674139e-05,True,True
loop-fusion,inline,0.030813673567645642,0.021930954905142068,4154,15.215678687959272,9.590386820532861e-05,0.0007160334564195746,True,True
loop-fusion,slp-vectorizer,0.028043935498948354,0.02193881996650819,4279,7.403265664702933,0.006510558004452192,0.028694817271170268,True,True
loop-fusion,loop-unroll-and-jam,0.027977044476327116,0.02193945837030789,4182,7.076765787717276,0.0078089828949276475,0.03327527422909322,True,True
loop-fusion,early-cse-memssa,0.033841754051477595,0.021921378835692163,4196,27.678018695270218,1.4328161163263286e-07,1.857916526997981e-06,True,True
loop-fusion,loop-reroll,0.028155795401220086,0.021938546880628882,4262,7.647307975621758,0.0056857105103861735,0.025710441522716232,True,True
loop-fusion,iroutliner,0.029871977240398292,0.021933446969031344,4218,12.339553841245156,0.0004434609949656199,0.002800956864976399,True,True
loop-distribute,mem2reg,0.033171912832929785,0.021923980273176675,4130,24.256945502535622,8.430253774515693e-07,9.555100949639204e-06,True,True
loop-distribute,sroa,0.03547459252157239,0.02191660064986887,4172,35.60101145036188,2.421617718720083e-09,4.30070520930061e-08,True,True
loop-distribute,mergefunc,0.027824418325737586,0.021939981710580553,4169,6.701467657903373,0.009633358303567038,0.039314247727649215,True,True
loop-distribute,instcombine,0.031594064145524174,0.021928411606902287,4178,18.119916184791958,2.0742054966757554e-05,0.00018010174556501682,True,True
loop-distribute,simplifycfg,0.03496831729640929,0.021917296673927767,4261,33.68988154265847,6.4636022910717895e-09,1.0612774243956866e-07,True,True
loop-distribute,dse,0.027837772978161746,0.021939949583363535,4167,6.728773608846215,0.009486980527050295,0.03892196515864741,True,True
loop-distribute,jump-threading,0.03349964362081254,0.021922319675906098,4209,26.18851242123978,3.096591768794847e-07,3.765917194596466e-06,True,True
loop-distribute,gvn,0.02973100519112789,0.021933768162208548,4238,11.960483528081067,0.0005434076717894183,0.003351548376934329,True,True
loop-distribute,newgvn,0.03592814371257485,0.021915184458171737,4175,38.057700399573434,6.868310755312213e-10,1.3448152458901314e-08,True,True
loop-distribute,strip-dead-prototypes,0.029664133366021084,0.02193487550762973,4079,11.313218289184446,0.0007695727021545976,0.0045869812810310565,True,True
loop-distribute,attributor,0.028503562945368172,0.02193771160131676,4210,8.425184162609307,0.00370059162483085,0.017968402731354752,True,True
loop-distribute,inline,0.0293703007518797,0.02193478945325943,4256,10.92254601416168,0.0009500095912862778,0.005491125549043636,True,True
loop-distribute,dfa-jump-threading,0.027656477438136828,0.021940691020482274,4122,6.251772541676992,0.012406909180399222,0.04789103632374899,True,True
loop-distribute,slsr,0.03214723926380368,0.021927490151261685,4075,19.75905739609575,8.784440313611316e-06,8.19044482573855e-05,True,True
loop-distribute,loop-load-elim,0.028713811105837685,0.02193704366468195,4214,8.983666868494174,0.002724034527353079,0.013702401039325185,True,True
loop-distribute,nary-reassociate,0.029850746268656716,0.02193349514740823,4221,12.282192791246148,0.0004573007419505825,0.0028790831277789087,True,True
loop-distribute,early-cse-memssa,0.031411157993436474,0.021928360132384382,4266,17.807019947291458,2.444795768230231e-05,0.00020949278399101935,True,True
loop-distribute,loop-reroll,0.02851033499643621,0.021937695538876405,4209,8.440614750524903,0.003669321860670402,0.017827623332984235,True,True
loop-distribute,speculative-execution,0.027738264580369845,0.021940036668013894,4218,6.582787131284864,0.01029695395080893,0.0415699707952245,True,True
loop-distribute,iroutliner,0.03199023199023199,0.021927811223589583,4095,19.24910916271804,1.147238975661293e-05,0.00010472232700908213,True,True
loop-load-elim,bdce,0.02944613227389577,0.021934426637631645,4279,11.207601532552976,0.0008146294111760177,0.004804350563501936,True,True
loop-load-elim,correlated-propagation,0.029883921956038527,0.0219343937531526,4049,11.87946530304467,0.0005675623288243591,0.0034754872238877098,True,True
loop-load-elim,mem2reg,0.040345821325648415,0.021901829081681215,4164,65.75827696720181,5.097603826711598e-16,3.2724945221971503e-14,True,True
loop-load-elim,sroa,0.03890489913544669,0.021906222040646586,4164,55.856126050531465,7.797339029508345e-14,3.0842807716721893e-12,True,True
loop-load-elim,globaldce,0.028243178554332216,0.021938661949556598,4178,7.708988755501637,0.005494652386406124,0.025048962450717555,True,True
loop-load-elim,instcombine,0.03513770180436847,0.02191724253060902,4212,34.17401669115527,5.0397393964758644e-09,8.488438484558919e-08,True,True
loop-load-elim,simplifycfg,0.03339649455234486,0.021922528343110523,4222,25.802201449719306,3.782567906021438e-07,4.557703359993831e-06,True,True
loop-load-elim,jump-threading,0.032156673114119926,0.02192700516162097,4136,20.092887366630666,7.377051386583981e-06,7.0459837146007e-05,True,True
loop-load-elim,gvn,0.028850739151168335,0.021936722429183948,4194,9.306997138402576,0.0022828032645375086,0.011739274568521186,True,True
loop-load-elim,gvn-hoist,0.02826086956521739,0.02193878372818019,4140,7.681722087056949,0.005578291035873213,0.025345907996014494,True,True
loop-load-elim,gvn-sink,0.030347890451517395,0.0219329937852003,4053,13.324143895293346,0.00026201050601256027,0.001764459400765582,True,True
loop-load-elim,newgvn,0.0379416646905383,0.021908536509468293,4217,50.321446887619,1.3051533658598482e-12,4.088784464565732e-11,True,True
loop-load-elim,early-cse,0.029030710172744723,0.021936304837101284,4168,9.738414976891782,0.0018045643748270555,0.009601459363889606,True,True
loop-load-elim,attributor,0.029691211401425176,0.021934050678881458,4210,11.75988001816814,0.0006052112733037139,0.003668742022070191,True,True
loop-load-elim,slp-vectorizer,0.029342723004694836,0.021934853696861597,4260,10.851644018428132,0.0009870808531696293,0.005667754576264323,True,True
loop-load-elim,early-cse-memssa,0.031925108017282766,0.02192748678449576,4166,19.330444042476636,1.099394169558671e-05,0.00010058942915868588,True,True
loop-load-elim,simple-loop-unswitch,0.02926947266569908,0.021935758779135662,4134,10.321855598097056,0.0013146404589563412,0.007275210348627972,True,True
loop-load-elim,iroutliner,0.028564683663833804,0.021937397034596375,4236,8.636432986731664,0.003295059526776651,0.01627169370347713,True,True
loop-sink,ipsccp,0.028175856205975226,0.021939146433515952,4117,7.434242490077697,0.006399429555076069,0.028364647580846503,True,True
loop-sink,correlated-propagation,0.028206364513018323,0.02193891222824376,4148,7.564073673913859,0.005954325041147248,0.02670920602649785,True,True
loop-sink,mem2reg,0.030012004801920768,0.021933328012968024,4165,12.61900163678043,0.0003818452185752106,0.0024573638059827855,True,True
loop-sink,sroa,0.03863160344426344,0.021905426491682953,4297,55.80155195124592,8.016823076241125e-14,3.155163735332688e-12,True,True
loop-sink,function-attrs,0.02933201873305398,0.021935986423891725,4057,10.303065747937573,0.0013280938510403244,0.007335423865548534,True,True
loop-sink,instcombine,0.029908675799086758,0.021932387526123934,4380,12.934121859621383,0.0003226465560966672,0.0021163884651164973,True,True
loop-sink,simplifycfg,0.0389426481000708,0.021905196342812624,4237,57.091883638401214,4.159186148883698e-14,1.7800407605495695e-12,True,True
loop-sink,jump-threading,0.03354594849988188,0.0219219727139534,4233,26.550063455111662,2.5679628344374027e-07,3.1743012326579714e-06,True,True
loop-sink,gvn,0.031451036454610434,0.021928716661211944,4197,17.666228500889016,2.6325944226040952e-05,0.00022338547689962376,True,True
loop-sink,newgvn,0.029904306220095694,0.021933568896314704,4180,12.32815343388094,0.0004461775558799378,0.002813576986837096,True,True
loop-sink,early-cse,0.03031772980839195,0.021932653567744348,4123,13.457681489234504,0.0002440051030805058,0.0016617808411534968,True,True
loop-sink,float2int,0.027758501040943788,0.021939526808590407,4323,6.794498160228979,0.009143922303992117,0.037771729686110894,True,True
loop-sink,loop-fusion,0.027649769585253458,0.021940707084092622,4123,6.2385808678569195,0.012499659585220587,0.048177821787129746,True,True
loop-sink,early-cse-memssa,0.03722902921771913,0.02191043403512523,4244,46.229336239031504,1.0519011197463484e-11,2.8408584723632414e-10,True,True
loop-sink,iroutliner,0.02947468504872831,0.02193473468255113,4207,11.102624590115553,0.0008620563360327386,0.00504228918880389,True,True
loop-unroll-and-jam,ipsccp,0.027877055039313797,0.0219396993239805,4197,6.86822408515143,0.008774180272548544,0.036572315005109206,True,True
loop-unroll-and-jam,mem2reg,0.0395897925113284,0.021903758475845168,4193,60.884451288364076,6.052499301287731e-15,3.0982467011559154e-13,True,True
loop-unroll-and-jam,sroa,0.038396522579087176,0.021908049595671546,4141,52.264074012341815,4.851697207224516e-13,1.6169571288077622e-11,True,True
loop-unroll-and-jam,instcombine,0.032419547079856975,0.021925755844049346,4195,21.444542747932047,3.642111222465107e-06,3.6997425543899765e-05,True,True
loop-unroll-and-jam,simplifycfg,0.036425449247207385,0.02191426990016605,4118,40.256520115331696,2.2271081670124237e-10,4.845197545567028e-09,True,True
loop-unroll-and-jam,memcpyopt,0.02882587297867354,0.021936430554162313,4267,9.401299382598273,0.0021683171822922554,0.01125398288383893,True,True
loop-unroll-and-jam,sccp,0.029597282872392043,0.021934833921971732,4122,11.235343966925692,0.0008025423132162978,0.004747365103557435,True,True
loop-unroll-and-jam,dse,0.029439696106362774,0.021934814984031034,4212,11.012618045937183,0.0009049373959865644,0.005253619967054872,True,True
loop-unroll-and-jam,gvn,0.030725596785629875,0.021930726960545634,4231,15.191840585269029,9.712216959528195e-05,0.0007244388878764268,True,True
loop-unroll-and-jam,gvn-sink,0.029156626506024096,0.02193601574420355,4150,10.044544781729792,0.0015279975698672856,0.008270405644229841,True,True
loop-unroll-and-jam,newgvn,0.02785646836638338,0.021939593629873695,4236,6.884107593581501,0.008696547617777325,0.03636484834086065,True,True
loop-unroll-and-jam,early-cse,0.030783582089552237,0.02193017782848038,4288,15.601479299318273,7.819339096332628e-05,0.0005986418749020248,True,True
loop-unroll-and-jam,nary-reassociate,0.02772511848341232,0.02194006879655812,4220,6.5559958997375976,0.010453131782910257,0.04204875609848646,True,True
loop-unroll-and-jam,early-cse-memssa,0.032325581395348836,0.021925244895239462,4300,21.589860366000313,3.3763206838743865e-06,3.4431436974094004e-05,True,True
loop-unroll-and-jam,loop-predication,0.030007318858258112,0.02193373243906707,4099,12.403990503225241,0.0004284173478090426,0.0027168944680489244,True,True
loop-unroll-and-jam,iroutliner,0.029587210689572895,0.021934477721766443,4191,11.393890378883174,0.0007368605012196944,0.004408778797213634,True,True
hotcoldsplit,mem2reg,0.0389765662362506,0.021905778574378167,4182,56.57378921007235,5.412855896537456e-14,2.254972733068157e-12,True,True
hotcoldsplit,sroa,0.04063476797307045,0.02190101674663043,4159,67.75944655615663,1.8470973010512138e-16,1.3394875983178803e-14,True,True
hotcoldsplit,instcombine,0.0329277022190408,0.021924227281546645,4191,23.555842131794712,1.2134044211436135e-06,1.346088304022207e-05,True,True
hotcoldsplit,simplifycfg,0.03613327076489911,0.021913651660218317,4262,40.00258455329757,2.536270530436237e-10,5.325488148626437e-09,True,True
hotcoldsplit,dse,0.02903682719546742,0.021935932637744827,4236,9.914915716360449,0.0016394464488426624,0.008818780623170146,True,True
hotcoldsplit,jump-threading,0.03322337417530632,0.02192288148127538,4244,25.157908702146653,5.282258323006823e-07,6.1932106565553054e-06,True,True
hotcoldsplit,gvn-sink,0.02835358589468668,0.02193823496894469,4197,8.018611153162054,0.004629906196891033,0.021687455343331677,True,True
hotcoldsplit,newgvn,0.030187782267649156,0.021932538133914783,4207,13.309094963457435,0.00026412181975510025,0.0017756241135810688,True,True
hotcoldsplit,early-cse,0.027863046044864226,0.02193957756574954,4235,6.8978356722411664,0.008630016431059569,0.03618323805570586,True,True
hotcoldsplit,consthoist,0.02799043062200957,0.021939426243551427,4180,7.104867301073687,0.007687491590666799,0.032829026247602165,True,True
hotcoldsplit,globalsplit,0.028462090408993064,0.021937977969036574,4181,8.261282605542343,0.004049950458374747,0.019447708148369724,True,True
hotcoldsplit,load-store-vectorizer,0.030041918956683743,0.02193247086458733,4294,13.107900636138025,0.00029405302536419345,0.00195337005483661,True,True
hotcoldsplit,iroutliner,0.034333733493397356,0.02192014912642286,4165,29.7946940754869,4.8030469950226966e-08,6.83953892091232e-07,True,True
irce,mem2reg,0.040203327171903884,0.021900065755848096,4328,67.3010606889279,2.3305597281465253e-16,1.629727124182463e-14,True,True
irce,sroa,0.03619489559164733,0.021912957392529415,4310,40.80702977970875,1.6802756572318268e-10,3.6862518060055094e-09,True,True
irce,instsimplify,0.028455284552845527,0.021937994031354425,4182,8.245980611028214,0.004084233835686949,0.019540451680574333,True,True
irce,mergefunc,0.027584552650515713,0.021940713873088415,4169,6.164663080840267,0.013032719337370996,0.049839969653461734,True,True
irce,instcombine,0.03152405783360986,0.02192833770328321,4219,18.033375443679247,2.1706585382056215e-05,0.0001872312518857536,True,True
irce,simplifycfg,0.042095416276894296,0.02189483858212944,4276,80.99524129966628,2.262618736875425e-19,2.812830150350529e-17,True,True
irce,jump-threading,0.028720626631853787,0.02193702760268361,4213,8.999659105296436,0.002700299708833982,0.013600480591374758,True,True
irce,newgvn,0.03233419872551333,0.021925697913745497,4237,21.307939478735786,3.9110829152102875e-06,3.947371313392651e-05,True,True
irce,mergereturn,0.029197080291970802,0.021935377110853537,4247,10.39591446359904,0.0012629443796944302,0.007035121181910938,True,True
irce,loop-simplify,0.029064272211720227,0.02193586839211161,4232,9.98248042381719,0.0015803665241586073,0.008530276097319236,True,True
irce,float2int,0.028551369061549262,0.021937259145955262,4273,8.677025835826194,0.003222464437045735,0.015953439615007708,True,True
irce,loop-fusion,0.029044647143542966,0.021936272715291912,4166,9.772126129314724,0.0017717744608278176,0.009465578156346159,True,True
irce,early-cse-memssa,0.02820267686424474,0.02193875832660957,4184,7.620919266981765,0.005769507095765346,0.025999297798638774,True,True
irce,loop-instsimplify,0.02865261662325361,0.021937188223725493,4223,8.840556599640683,0.002946092830403222,0.014696687291540148,True,True
irce,iroutliner,0.029461482733639216,0.02193513905311364,4141,10.88956365838071,0.0009670760781154924,0.005573318501692816,True,True
nary-reassociate,bdce,0.027818448023426062,0.021940305500890264,4098,6.573595941973632,0.010350262013784108,0.04173334536440273,True,True
nary-reassociate,ipsccp,0.028947987761826312,0.021936141438651805,4249,9.697377972815174,0.001845311277323351,0.00978502229112829,True,True
nary-reassociate,mem2reg,0.03962264150943396,0.02190304785809367,4240,61.79865869470928,3.804333902547814e-15,2.0269076955615292e-13,True,True
nary-reassociate,sroa,0.04367222352664945,0.02189017277977224,4259,93.80042475681402,3.4899692465160333e-22,5.815625348662463e-20,True,True
nary-reassociate,globaldce,0.028333333333333332,0.021938283157097817,4200,7.973621170035261,0.00474638949606185,0.022100905192126284,True,True
nary-reassociate,mergefunc,0.02768575485092286,0.02194016518275539,4226,6.476029732317637,0.010933894774511007,0.04349124625392088,True,True
nary-reassociate,instcombine,0.03190476190476191,0.021927300470205434,4200,19.40920741957806,1.0549721284828351e-05,9.675107389083798e-05,True,True
nary-reassociate,simplifycfg,0.039316639363444886,0.02190357710587803,4273,60.14207118143848,8.82516842915859e-15,4.3746024770360816e-13,True,True
nary-reassociate,jump-threading,0.03438463362580033,0.021919519333064377,4217,30.416491709283495,3.485522827797668e-08,5.102544820058194e-07,True,True
nary-reassociate,gvn,0.027637587118481133,0.021940585360496402,4161,6.269331278423693,0.012284549764265042,0.04753586647911255,True,True
nary-reassociate,newgvn,0.02820157189089228,0.021938110510668834,4326,7.877595026785222,0.0050050996990687,0.023140460946343602,True,True
nary-reassociate,early-cse-memssa,0.0356111645813282,0.021916343908099836,4156,36.18433742080988,1.7950749242656264e-09,3.239407098352163e-08,True,True
nary-reassociate,load-store-vectorizer,0.028269363364743737,0.021937779860650906,4351,8.096254259572053,0.004435683202742197,0.020927874002335478,True,True
scalarizer,mem2reg,0.03760479041916168,0.021910059298102007,4175,47.7408980480666,4.864373665271057e-12,1.3955228771576161e-10,True,True
scalarizer,sroa,0.03493037526551806,0.021917643725164727,4237,33.30443221405079,7.88028308530761e-09,1.2751730810770497e-07,True,True
scalarizer,instcombine,0.03090294543698696,0.021930762224675732,4142,15.47901064548021,8.342652893358333e-05,0.0006331362157052565,True,True
scalarizer,simplifycfg,0.04031694243766022,0.021900204657701757,4291,67.55747072022326,2.0463439008015772e-16,1.470363801016326e-14,True,True
scalarizer,tailcallelim,0.028083028083028084,0.02193952518905242,4095,7.175262971082393,0.007391561247184192,0.0317921430721792,True,True
scalarizer,jump-threading,0.027559990496555,0.021940624274680274,4209,6.1697722421962755,0.012995133787141141,0.04974481320669082,True,True
scalarizer,gvn,0.029766123316796598,0.021933687863032333,4233,12.054517155574064,0.0005166702899671121,0.003211556913509859,True,True
scalarizer,newgvn,0.03012774162448783,0.02193307107656331,4149,12.934243813498679,0.000322625536999225,0.0021163884651164973,True,True
scalarizer,early-cse,0.028701267639320738,0.021937245800095914,4181,8.880033551263343,0.0028830624593415544,0.014409792713186377,True,True
scalarizer,strip-dead-prototypes,0.02801774457156199,0.02193888422299724,4283,7.346566413561427,0.006719096131172974,0.02947012343870944,True,True
scalarizer,alignment-from-assumptions,0.02893352462936394,0.02193652969240096,4182,9.504543586458535,0.0020496373448293578,0.01074481906606662,True,True
scalarizer,dfa-jump-threading,0.029488703923900118,0.021934702562123796,4205,11.138761960391339,0.0008454229781584712,0.004970985559262122,True,True
scalarizer,irce,0.0313404050144648,0.021929394261984217,4148,17.054783743752484,3.6316772898932866e-05,0.00029752402232682243,True,True
scalarizer,iroutliner,0.027743976636651253,0.021940482195688192,4109,6.424844447241002,0.01125347682945685,0.04446883477714735,True,True
scalarizer,unreachableblockelim,0.02786527744124061,0.021940039198775275,4127,6.7264777579159185,0.009499199579218217,0.03895169167771574,True,True
vector-combine,mem2reg,0.03586140053307487,0.021915878578974844,4127,37.26023790675292,1.0337088772021804e-09,1.9650504675357953e-08,True,True
vector-combine,sroa,0.03909415971394517,0.0219052549035687,4195,57.53715228714603,3.316551974554321e-14,1.4430686147060802e-12,True,True
vector-combine,instsimplify,0.0300187617260788,0.02193272130052822,4264,12.941572701545262,0.00032136491371946227,0.00211151845994197,True,True
vector-combine,instcombine,0.031940441882804996,0.021927454675645875,4164,19.380629795417576,1.0708774790715452e-05,9.809488205951278e-05,True,True
vector-combine,simplifycfg,0.03758847937515255,0.021911004481330473,4097,46.748678421223715,8.069934054214577e-12,2.2254832222749496e-10,True,True
vector-combine,jump-threading,0.029925784055542255,0.021933520719222086,4177,12.385962304815404,0.00043257364267943745,0.00273660482186216,True,True
vector-combine,gvn-sink,0.030724915986557848,0.021931147588994157,4166,14.955416720767612,0.00011008158231652591,0.0008080215114367674,True,True
vector-combine,newgvn,0.031998103816070156,0.02192687332465933,4219,19.86492591434442,8.311125915460622e-06,7.81425428209935e-05,True,True
vector-combine,early-cse,0.02789132002885309,0.021939821075436346,4159,6.838692492283162,0.00892041073102842,0.037063478432580683,True,True
vector-combine,inline,0.027771184429147874,0.021939956347064995,4213,6.650063280569221,0.009915230292756374,0.04023631277350669,True,True
vector-combine,mldst-motion,0.0286046511627907,0.021936960619058848,4300,8.873724116216382,0.002893043616048526,0.014450457653630136,True,True
vector-combine,loop-distribute,0.030048076923076924,0.021933247719694897,4160,12.716957264203174,0.00036235484932067093,0.0023493072681121645,True,True
vector-combine,scalarizer,0.02824994014843189,0.021938645886796764,4177,7.723729275350233,0.0054499704619703675,0.02487422415976219,True,True
vector-combine,early-cse-memssa,0.028053204353083436,0.021939435560687073,4135,7.175176670185612,0.007391916820025322,0.0317921430721792,True,True
vector-combine,loop-instsimplify,0.027607361963190184,0.021940357957690584,4238,6.317922632332843,0.011952357340708123,0.04650316080100647,True,True
vector-combine,iroutliner,0.029767666989351405,0.021934262373577262,4132,11.770677190430922,0.0006017108398255422,0.003650348022861074,True,True
vector-combine,unreachableblockelim,0.029293645168910937,0.0219351522566672,4233,10.639811208844794,0.0011067897170135572,0.006278532622873482,True,True
always-inline,correlated-propagation,0.028488652824722356,0.021938083705020487,4142,8.250969835662533,0.004073023392171564,0.019522594374227473,True,True
always-inline,mem2reg,0.03140495867768595,0.021928594597404653,4235,17.65404202884007,2.649516051114117e-05,0.00022433524013325149,True,True
always-inline,sroa,0.03642384105960265,0.021913106128611366,4228,41.32599207196209,1.2884421559258912e-10,2.88316541863188e-09,True,True
always-inline,constmerge,0.028585271317829456,0.02193785884037726,4128,8.468104987776105,0.003614277651037444,0.01759292887689575,True,True
always-inline,instcombine,0.030976590210451644,0.02192996265074973,4229,16.066463112829233,6.115758688645396e-05,0.0004775535598152616,True,True
always-inline,simplifycfg,0.035942303144951525,0.02191458656261692,4229,38.6296545403159,5.123454580080586e-10,1.0107530546899534e-08,True,True
always-inline,sccp,0.028211704359990673,0.021938248381595624,4289,7.835376142016754,0.00512334911485734,0.02360357074562511,True,True
always-inline,jump-threading,0.03146937787460663,0.021929121319612988,4131,17.454830588061235,2.9421570720999497e-05,0.0002456607056363199,True,True
always-inline,gvn,0.028199566160520606,0.021938928290857546,4149,7.549448286208375,0.006002845074180987,0.026911438248989977,True,True
always-inline,gvn-sink,0.0300048007681229,0.021933344071693197,4166,12.599471087439268,0.00038585592872691715,0.002477068552286242,True,True
always-inline,newgvn,0.03417393353759133,0.021919936620579422,4243,29.57558114395456,5.377818666956167e-08,7.602721263465831e-07,True,True
always-inline,early-cse,0.029652113004903106,0.021933758657629074,4283,11.843757383642693,0.0005785496913463096,0.0035317234470961002,True,True
always-inline,separate-const-offset-from-gep,0.033474776049033476,0.02192211717569325,4242,26.28086185380373,2.9519951579932703e-07,3.623828538777946e-06,True,True
always-inline,attributor,0.028035217794253938,0.021938682112076856,4316,7.4461054764172685,0.006357385931406211,0.028210224710919798,True,True
always-inline,float2int,0.028265107212475632,0.021938937624187155,4104,7.6249663699239045,0.005756574310029329,0.02597090437566227,True,True
always-inline,inline,0.027790751985053715,0.021939600381927563,4282,6.804899013497075,0.009090809518074276,0.03763172312133072,True,True
always-inline,iroutliner,0.028103616813294232,0.021939477001875693,4092,7.2182733104928465,0.007216509272776698,0.031260896363045965,True,True
globalsplit,correlated-propagation,0.029681978798586573,0.021933880582043007,4245,11.829653254848278,0.000582948489988277,0.0035502741629768156,True,True
globalsplit,mem2reg,0.035571260306242636,0.021915575500772107,4245,36.74588812392852,1.3457416094472187e-09,2.515476917706591e-08,True,True
globalsplit,sroa,0.03886324993927617,0.021906932509633062,4117,54.95266136008835,1.2346808405665417e-13,4.671507412230509e-12,True,True
globalsplit,function-attrs,0.02784989379277791,0.021939609694021377,4237,6.870396607705575,0.008763520055906146,0.03656724177862571,True,True
globalsplit,deadargelim,0.027622970680881997,0.02194077133876923,4127,6.185987059074359,0.012876585703137865,0.049435989817144976,True,True
globalsplit,instcombine,0.03212755830556878,0.021926600399477515,4202,20.29811544688892,6.626582123086428e-06,6.383688953015117e-05,True,True
globalsplit,simplifycfg,0.04023391812865497,0.021900680304984,4275,66.69741612216532,3.16549748185994e-16,2.1372565756833664e-14,True,True
globalsplit,reassociate,0.030683403068340307,0.021930402640728017,4302,15.29925436739725,9.175272079148837e-05,0.0006883211774319319,True,True
globalsplit,jump-threading,0.03100405437634152,0.021930116789293838,4193,16.026439889835522,6.246405310376072e-05,0.0004863006599489602,True,True
globalsplit,loop-idiom,0.027777777777777776,0.021940555728821202,4068,6.435076875652472,0.011188831513702887,0.044302794952133975,True,True
globalsplit,gvn,0.03047024952015355,0.021931911865270482,4168,14.105969205218363,0.00017279456127007017,0.0012083276820242764,True,True
globalsplit,gvn-sink,0.027645376549094377,0.021940415437219484,4196,6.339580536920759,0.011807280034288319,0.046168056529478835,True,True
globalsplit,newgvn,0.027942221169784513,0.021939384798094545,4223,7.063910264695736,0.00786521396348889,0.033496658924439905,True,True
globalsplit,globalopt,0.02788191190253046,0.021939375478685935,4268,6.99624303233398,0.008168096731919886,0.0345797478942684,True,True
globalsplit,attributor,0.03089820359281437,0.021930559938380934,4175,15.586173609500515,7.882891421359807e-05,0.0006023298108496587,True,True
globalsplit,slp-vectorizer,0.0291833372558249,0.021935409233256476,4249,10.361372531932476,0.0012867949724567303,0.007147644130695824,True,True
globalsplit,consthoist,0.027972027972027972,0.02193962831636818,4147,7.005667097753276,0.00812520908906244,0.03443540994888367,True,True
globalsplit,loop-sink,0.02931519699812383,0.021934917940840085,4264,10.781043704975742,0.00102544844328816,0.0058537260990035485,True,True
globalsplit,early-cse-memssa,0.029822485207100593,0.021933559385573318,4225,12.205987021299496,0.0004763639247982215,0.0029799379065652324,True,True
globalsplit,iroutliner,0.028195937873357228,0.021938774389534052,4185,7.606303171839309,0.005816461104823358,0.026165722787464984,True,True
lowerswitch,mem2reg,0.031005917159763315,0.021929898422930513,4225,16.15577984738327,5.834027177888984e-05,0.0004573783869592244,True,True
lowerswitch,instcombine,0.027877913962989664,0.021939853202277013,4161,6.811108309398316,0.009059251947841792,0.037520920812002596,True,True
lowerswitch,simplifycfg,0.028867505551443375,0.021937386387180045,4053,9.036976325583776,0.0026457287347739305,0.013394536167258839,True,True
lowerswitch,attributor,0.03017031630170316,0.02193317695017703,4110,12.946180591911025,0.00032057486653060433,0.0021098675249308346,True,True
early-cse-memssa,bdce,0.03058321479374111,0.021931250402703828,4218,14.657121690877304,0.00012894650726645262,0.0009316504104343699,True,True
early-cse-memssa,ipsccp,0.029716981132075472,0.02193380028204366,4240,11.923006371557431,0.0005544493067845945,0.003408514105758983,True,True
early-cse-memssa,correlated-propagation,0.0277845478917865,0.021940385816354695,4103,6.5057183654189155,0.010752811313552553,0.04294544528696767,True,True
early-cse-memssa,mem2reg,0.04321728691476591,0.021893059192968918,4165,87.92070332721785,6.813180203483486e-21,1.0261697568015896e-18,True,True
early-cse-memssa,sroa,0.05050738007380074,0.02186724270493904,4336,165.0876610377571,8.753075021893766e-38,6.232189415588362e-35,True,True
early-cse-memssa,instsimplify,0.029130966952264383,0.021936436096027457,4085,9.81639400421109,0.001729631278604198,0.009272054876131471,True,True
early-cse-memssa,constmerge,0.03155577299412916,0.02192916308538412,4088,17.587805006619366,2.7434200095524587e-05,0.00023153518873722905,True,True
early-cse-memssa,function-attrs,0.032571706368497814,0.021925919851933418,4114,21.64539591383082,3.2799634927409387e-06,3.357996611130331e-05,True,True
early-cse-memssa,deadargelim,0.03228915662650603,0.021926497764006805,4150,20.68829944618156,5.4045244265778586e-06,5.2844238837650176e-05,True,True
early-cse-memssa,globaldce,0.03205741626794258,0.02192697938067339,4180,19.913948838857944,8.10071240114492e-06,7.643949340453858e-05,True,True
early-cse-memssa,elim-avail-extern,0.030952380952380953,0.02193022918671007,4200,15.870402531252326,6.78312730796077e-05,0.0005249550699204422,True,True
early-cse-memssa,mergefunc,0.03216957605985037,0.021927910885696383,4010,19.528295006964928,9.912055436544208e-06,9.122352312457606e-05,True,True
early-cse-memssa,instcombine,0.04108601633829889,0.02189960053418303,4162,71.12466904630055,3.353507269381546e-17,2.7076978282264196e-15,True,True
early-cse-memssa,simplifycfg,0.04868913857677903,0.021874272358634386,4272,142.58637011079296,7.23885698191017e-33,4.049623420165746e-30,True,True
early-cse-memssa,tailcallelim,0.02967289719626168,0.021933710476486155,4280,11.899463318823516,0.0005615011986814567,0.0034437567643486044,True,True
early-cse-memssa,reassociate,0.03475177304964539,0.021918263584417716,4230,32.34000580646717,1.2942114604288458e-08,2.019176127107315e-07,True,True
early-cse-memssa,memcpyopt,0.03110161443494777,0.02192968968511628,4212,16.44840943075272,4.999210871827102e-05,0.00039709756134026226,True,True
early-cse-memssa,sccp,0.02802637776731041,0.021939022068622138,4246,7.303669563139941,0.00688139297051318,0.030125807571301975,True,True
early-cse-memssa,dse,0.036109773712084736,0.021914847506867608,4154,38.856689104622326,4.5608836955599044e-10,9.112459465210502e-09,True,True
early-cse-memssa,jump-threading,0.037405878066553315,0.021911325317435275,4117,45.88637431449344,1.2531454956507445e-11,3.3611765486084353e-10,True,True
early-cse-memssa,loop-idiom,0.02801574438527437,0.021938730305411203,4319,7.403622097176718,0.006509268172816349,0.028694817271170268,True,True
early-cse-memssa,loop-deletion,0.032551460028721876,0.021925482937572485,4178,21.899367764630995,2.8732857187157138e-06,2.957105617474569e-05,True,True
early-cse-memssa,gvn,0.0311994453431939,0.021928607360988357,4327,17.262468045673607,3.255542025841644e-05,0.0002689599698986472,True,True
early-cse-memssa,gvn-sink,0.034383954154727794,0.02191978608842596,4188,30.20337513375413,3.890318689804002e-08,5.631973378658955e-07,True,True
early-cse-memssa,newgvn,0.03294853294853295,0.021924429723215514,4158,23.45863713456271,1.2762843766049404e-06,1.4098532069915224e-05,True,True
early-cse-memssa,early-cse,0.027884615384615386,0.02193983713884492,4160,6.824891681051503,0.008989600794317513,0.03729160668490188,True,True
early-cse-memssa,mergereturn,0.03164108618654073,0.021927862399514993,4235,18.547589263646014,1.6571467964138913e-05,0.00014681870712119453,True,True
early-cse-memssa,globalopt,0.029133112269066792,0.021935707779674966,4222,10.15269756683909,0.0014409024224397062,0.00784235425472396,True,True
early-cse-memssa,indvars,0.028799612778315584,0.021937190944273693,4132,9.03348133646621,0.002650791774943296,0.013411499471160139,True,True
early-cse-memssa,mergeicmps,0.03146769156858035,0.021928902939839203,4163,17.584216485518866,2.748601900338737e-05,0.0002315562630239953,True,True
early-cse-memssa,separate-const-offset-from-gep,0.028999516674722087,0.021936555165728545,4138,9.583017360440937,0.0019638539161599207,0.01034358027664055,True,True
early-cse-memssa,libcalls-shrinkwrap,0.0288576198425948,0.021936706367656007,4193,9.32335719063481,0.002262510758466693,0.011643445635753992,True,True
early-cse-memssa,loop-reduce,0.02816240319173903,0.021938530816965347,4261,7.661819018273092,0.005640161140273064,0.02554872299052553,True,True
early-cse-memssa,partial-inliner,0.029925784055542255,0.021933520719222086,4177,12.385962304815404,0.00043257364267943745,0.00273660482186216,True,True
early-cse-memssa,lower-expect,0.03841565258888094,0.02190738727261412,4191,53.0202532887205,3.301267967705123e-13,1.1542647644226127e-11,True,True
early-cse-memssa,rpo-function-attrs,0.028066779578998308,0.021939403435069515,4133,7.20367626822031,0.007275439206105448,0.0314466003654624,True,True
early-cse-memssa,attributor,0.03550295857988166,0.021915986764887853,4225,36.206163467963485,1.775082619136863e-09,3.218159044694424e-08,True,True
early-cse-memssa,inferattrs,0.030940294899685764,0.02193068194214734,4137,15.589644709676682,7.868433299652252e-05,0.0006018122031530902,True,True
early-cse-memssa,loop-simplify,0.029184756391702846,0.021935951502372167,4146,10.113411636813598,0.001471942344931695,0.007994627216022909,True,True
early-cse-memssa,div-rem-pairs,0.03192756730998332,0.021927252306176138,4197,19.48433907833285,1.0142786817258552e-05,9.323744877085562e-05,True,True
early-cse-memssa,float2int,0.03733270720826485,0.021909942470200852,4259,47.02531806074237,7.007560261051053e-12,1.9601147130197087e-10,True,True
early-cse-memssa,inline,0.034161490683229816,0.02192048616195636,4186,29.117641029256408,6.811393413526351e-08,9.492319077355583e-07,True,True
early-cse-memssa,sink,0.03361742424242424,0.02192182825411748,4224,26.821273109442483,2.2316712763987432e-07,2.801033563582525e-06,True,True
early-cse-memssa,callsite-splitting,0.03009872381411028,0.021933135310100136,4153,12.854945858950112,0.0003365884451356666,0.0021986327792348132,True,True
early-cse-memssa,dfa-jump-threading,0.02814885496183206,0.021938886830664067,4192,7.504486071899037,0.006154549988711823,0.02745013411821811,True,True
early-cse-memssa,consthoist,0.030848329048843187,0.0219300333087551,4279,15.797897811727067,7.048077360739271e-05,0.0005449214401708783,True,True
early-cse-memssa,mldst-motion,0.02958864565792639,0.021934663856163546,4157,11.305426303613944,0.0007728090270271797,0.004599270744435313,True,True
early-cse-memssa,slsr,0.03196564885496183,0.021927172033264167,4192,19.61001176253878,9.497023965415221e-06,8.792043935831206e-05,True,True
early-cse-memssa,loop-interchange,0.03007518796992481,0.021932592825814765,4256,13.098690811798914,0.00029550222119712627,0.0019613333867931296,True,True
early-cse-memssa,loop-fusion,0.029550033579583614,0.021933052560967663,4467,12.028602824658432,0.0005239033282896579,0.0032513556792112524,True,True
early-cse-memssa,loop-load-elim,0.029411764705882353,0.021935809772025125,4046,10.498483970401074,0.0011947252898185789,0.00671240205872246,True,True
early-cse-memssa,loop-sink,0.030715123094958968,0.021930540718052956,4265,15.277735994259045,9.280391988673142e-05,0.0006948760043526581,True,True
early-cse-memssa,loop-unroll-and-jam,0.02850299401197605,0.021937881595623408,4175,8.353474641737954,0.0038495048707196853,0.018599211688757913,True,True
early-cse-memssa,hotcoldsplit,0.03318427865380089,0.02192296174153589,4249,25.013122254329335,5.694146033074887e-07,6.646281927130032e-06,True,True
early-cse-memssa,irce,0.03436754176610979,0.021919818186610592,4190,30.138072213996804,4.023542249168286e-08,5.803385431949543e-07,True,True
early-cse-memssa,nary-reassociate,0.028790786948176585,0.02193703699907308,4168,9.088930700756649,0.002571611822644594,0.01306151997078629,True,True
early-cse-memssa,scalarizer,0.02991972756020433,0.021933925139562552,4111,12.171140991400318,0.00048534608010193073,0.003028868923791491,True,True
early-cse-memssa,vector-combine,0.030433740714114546,0.021931992154123586,4173,14.002058196873092,0.00018261063197417228,0.001270165603571685,True,True
early-cse-memssa,always-inline,0.03049645390070922,0.02193144309818152,4230,14.404727704856288,0.000147431706357166,0.0010487603307804943,True,True
early-cse-memssa,globalsplit,0.03527980535279805,0.021917802201663988,4110,34.06684967603229,5.32507840009426e-09,8.892540304805595e-08,True,True
early-cse-memssa,lowerswitch,0.027611044417767107,0.021940649616604226,4165,6.216860545763461,0.012653929904739588,0.04872447345817132,True,True
early-cse-memssa,simple-loop-unswitch,0.032397408207343416,0.02192603851608449,4167,21.210913562275337,4.1141516720085884e-06,4.10995355805756e-05,True,True
early-cse-memssa,loop-versioning,0.03049070986183897,0.021931661429152986,4198,14.276193745562091,0.00015784867048473694,0.0011157678585166605,True,True
early-cse-memssa,loop-flatten,0.029488086812927576,0.021934516422148467,4239,11.227264953607241,0.0008060434321878,0.004760883982575301,True,True
early-cse-memssa,loop-reroll,0.03225047080979284,0.02192587450887359,4248,21.02005261590857,4.54501470374341e-06,4.48884680450421e-05,True,True
early-cse-memssa,loop-predication,0.028905876731963688,0.021936593937618976,4186,9.438397105590207,0.0021248912582230647,0.01105056330305647,True,True
early-cse-memssa,partially-inline-libcalls,0.030703826169107228,0.02193077513340636,4234,15.127241803584843,0.00010050250998901137,0.0007475172442867399,True,True
early-cse-memssa,load-store-vectorizer,0.030976590210451644,0.02192996265074973,4229,16.066463112829233,6.115758688645396e-05,0.0004775535598152616,True,True
early-cse-memssa,iroutliner,0.03525954946131244,0.02191811711235506,4084,33.747835973309456,6.2738796051935545e-09,1.0366460984783949e-07,True,True
early-cse-memssa,unreachableblockelim,0.027910305343511452,0.02193961900550156,4192,6.937304004502822,0.00844162532882641,0.035507416528124836,True,True
simple-loop-unswitch,mem2reg,0.036976363210858884,0.021910899288503514,4273,45.01871498467277,1.9516035041920234e-11,4.964683649785674e-10,True,True
simple-loop-unswitch,sroa,0.03608736942070275,0.021914313788372015,4212,39.276241848925096,3.67890578377455e-10,7.464557020342559e-09,True,True
simple-loop-unswitch,instsimplify,0.028461167390255667,0.0219381479529081,4146,8.189590922617597,0.004213142281392373,0.020059167384720404,True,True
simple-loop-unswitch,simplifycfg,0.03997093023255814,0.02190344823546811,4128,62.55704692550129,2.5883748723538207e-15,1.4176330070122465e-13,True,True
simple-loop-unswitch,jump-threading,0.035379568884723524,0.021915944580067043,4268,35.9124596840845,2.0638469721324927e-09,3.682015828187171e-08,True,True
simple-loop-unswitch,gvn,0.03020369936782955,0.021932101499946913,4271,13.56451326408304,0.00023050217977242118,0.001582202517070642,True,True
simple-loop-unswitch,newgvn,0.02833530106257379,0.02193811316997022,4235,8.045237951859585,0.004562342545920725,0.021422222313939518,True,True
simple-loop-unswitch,attributor,0.0298932384341637,0.021933398790866112,4215,12.39709250167066,0.00043000286118135547,0.002724743049168589,True,True
simple-loop-unswitch,irce,0.02801519468186135,0.021939208097386538,4212,7.218327036793614,0.0072162932768463075,0.031260896363045965,True,True
simple-loop-unswitch,early-cse-memssa,0.028089887640449437,0.02193950912663666,4094,7.1895817649374,0.007332807026333908,0.03161023647008404,True,True
simple-loop-unswitch,loop-flatten,0.027975460122699386,0.021939936057327306,4075,6.891531189028939,0.008660505288692852,0.03627223391499594,True,True
simple-loop-unswitch,iroutliner,0.03236475313016773,0.02192563369804057,4233,21.413314854861408,3.7019144474830824e-06,3.750762477708603e-05,True,True
loop-versioning,correlated-propagation,0.029221556886227545,0.021935685098450664,4175,10.288353397945059,0.001338725000939207,0.007368161776075805,True,True
loop-versioning,mem2reg,0.036790885354854024,0.02191213327544182,4213,43.29509881222056,4.707612188337532e-11,1.1240859347274254e-09,True,True
loop-versioning,sroa,0.03396579995315062,0.021920353923982786,4269,28.752021258949352,8.226401861518554e-08,1.1303364803405845e-06,True,True
loop-versioning,instcombine,0.0371509701845717,0.021910877460168697,4226,45.56326516866374,1.4778741148848088e-11,3.8582366892592746e-10,True,True
loop-versioning,simplifycfg,0.033504524333577895,0.021923322183151437,4089,25.461154069339596,4.513804074104741e-07,5.37266162741464e-06,True,True
loop-versioning,jump-threading,0.03362959404275763,0.021922313506215665,4163,26.48796670463118,2.6518485708685e-07,3.2707524420538727e-06,True,True
loop-versioning,loop-idiom,0.027684159845931634,0.021940472913213337,4154,6.361814980894093,0.011660220824613649,0.04573001977885533,True,True
loop-versioning,gvn,0.03208556149732621,0.021927384117984703,4114,19.707957284014324,9.0224892282198e-06,8.372527918888328e-05,True,True
loop-versioning,gvn-sink,0.031746031746031744,0.02192763762433508,4221,18.888957615552602,1.3855235946115658e-05,0.00012487250624853606,True,True
loop-versioning,newgvn,0.029186602870813396,0.021935765401528473,4180,10.201813437453824,0.001403026170659062,0.007668179322122661,True,True
loop-versioning,early-cse,0.029811590746482233,0.02193377766616171,4193,12.079718876678017,0.0005097328296477115,0.00317095116902373,True,True
loop-versioning,attributor,0.028746465598491987,0.021936793332854962,4244,9.135497447862045,0.00250697288909709,0.012782950304302348,True,True
loop-versioning,mldst-motion,0.028805620608899296,0.021936478740821663,4270,9.352527262661251,0.0022267819616380207,0.011504060899438642,True,True
loop-versioning,loop-fusion,0.02765303710706689,0.02194024550523337,4231,6.4098567857675315,0.011348856865742309,0.04468790697460722,True,True
loop-versioning,loop-load-elim,0.028741092636579573,0.021936979416829698,4210,9.047745467627813,0.002630189587154427,0.013333103460578298,True,True
loop-versioning,irce,0.029327610872675252,0.021935258077364635,4194,10.639325587631003,0.0011070803820465117,0.006278532622873482,True,True
loop-versioning,globalsplit,0.02828886844526219,0.021937731668275194,4348,8.140738385894771,0.004328165538826543,0.02049467503028385,True,True
loop-versioning,early-cse-memssa,0.034606205250596656,0.021919086012845257,4190,31.30845531195272,2.201188884673888e-08,3.3089657091681176e-07,True,True
loop-versioning,iroutliner,0.030545112781954886,0.021931128407518322,4256,14.659203251892746,0.00012880418268007825,0.0009316504104343699,True,True
loop-flatten,mem2reg,0.03875787999066075,0.02190520193629215,4283,56.46481700278,5.72129707626283e-14,2.3338124323588794e-12,True,True
loop-flatten,sroa,0.034312573443008226,0.02191939701156377,4255,30.33651826682295,3.632227396497674e-08,5.30738898682272e-07,True,True
loop-flatten,instsimplify,0.030151946818613485,0.021932618427353282,4212,13.209172348333109,0.0002785823675207637,0.0018568996616362735,True,True
loop-flatten,instcombine,0.030887076847047196,0.02193143324848328,4047,15.069326821781821,0.00010363365940438906,0.0007678891395034769,True,True
loop-flatten,simplifycfg,0.03942652329749104,0.02190436234854126,4185,59.647735106231956,1.1344975033082836e-14,5.485837634995109e-13,True,True
loop-flatten,sccp,0.030787878787878788,0.021931221405399232,4125,15.021243453666246,0.00010630774045764814,0.0007847334809277099,True,True
loop-flatten,gvn-sink,0.03055423969682615,0.021931314634153484,4222,14.572660670595843,0.00013485698302484833,0.0009689907257345065,True,True
loop-flatten,newgvn,0.031154118480056645,0.02192935890855494,4237,16.73690709205707,4.293754186459711e-05,0.0003459741027608277,True,True
loop-flatten,alignment-from-assumptions,0.02813238770685579,0.021938765050272525,4230,7.532492507262291,0.006059601493978398,0.027103825757189497,True,True
loop-flatten,attributor,0.02829057779908895,0.021938549510731688,4171,7.812547187375272,0.00518847207322501,0.02384748431778068,True,True
loop-flatten,early-cse-memssa,0.028592023065833735,0.021937672789466286,4162,8.555469943140704,0.0034448556341055226,0.01690483040495893,True,True
loop-flatten,loop-predication,0.029238387172836597,0.021935280744209206,4241,10.499990100696396,0.0011937518403823755,0.0067117476050787975,True,True
loop-reroll,mem2reg,0.03724039150155168,0.021911016058755436,4189,45.69631455670694,1.3808232424199283e-11,3.6651651714577437e-10,True,True
loop-reroll,sroa,0.031857577887092994,0.02192694386904461,4269,19.542339881494247,9.839448452092129e-06,9.066183561974772e-05,True,True
loop-reroll,instsimplify,0.028325980961225912,0.021937805296852336,4307,8.15854929002216,0.004285864026411177,0.020343567912031724,True,True
loop-reroll,function-attrs,0.028720626631853787,0.02193702760268361,4213,8.999659105296436,0.002700299708833982,0.013600480591374758,True,True
loop-reroll,instcombine,0.033550792171481825,0.021921455318687787,4292,26.94379428438703,2.0945858335503925e-07,2.6331936193204934e-06,True,True
loop-reroll,simplifycfg,0.037116858237547894,0.021911539672428815,4176,44.820589427755834,2.1594006448963686e-11,5.455621242202697e-10,True,True
loop-reroll,dse,0.02773792443806791,0.021940190539784625,4182,6.525663933106576,0.010632885038163986,0.042575028435020625,True,True
loop-reroll,jump-threading,0.035265700483091786,0.02191755146627072,4140,34.24363881045844,4.8626229407559035e-09,8.207772170689707e-08,True,True
loop-reroll,gvn,0.027544351073762838,0.021940364735498666,4284,6.245040825982687,0.012454151063662367,0.04804970991655353,True,True
loop-reroll,gvn-hoist,0.028271028037383177,0.021938103808579593,4280,7.9679263062728145,0.004761345371145792,0.022144214338963093,True,True
loop-reroll,newgvn,0.02784503631961259,0.021940087388421618,4130,6.685332266975542,0.009720940219887607,0.039550339637485575,True,True
loop-reroll,attributor,0.03284150404569253,0.021924403858882516,4202,23.248149998521725,1.4238734895448024e-06,1.5662608384992826e-05,True,True
loop-reroll,loop-vectorize,0.028862478777589132,0.021937046394843406,4123,9.180154716328735,0.0024465334154756694,0.01249918441618098,True,True
loop-reroll,dfa-jump-threading,0.028225806451612902,0.021938540164156483,4216,7.736376889479424,0.005411927994079046,0.024743852918638114,True,True
loop-reroll,globalsplit,0.02801053387598755,0.021939378053593146,4177,7.147150762605975,0.007508317565198462,0.032169115520040675,True,True
loop-reroll,early-cse-memssa,0.034088200238379024,0.021920630608929185,4195,28.830994992074164,7.897705988896225e-08,1.0909141676373057e-06,True,True
loop-reroll,loop-instsimplify,0.03031772980839195,0.021932653567744348,4123,13.457681489234504,0.0002440051030805058,0.0016617808411534968,True,True
loop-instsimplify,bdce,0.02821697883726587,0.02193905005948568,4111,7.521889344649015,0.006095371659578787,0.027248259610628458,True,True
loop-instsimplify,mem2reg,0.041588345864661654,0.02189671457755193,4256,76.606495950471,2.0865219519862064e-18,2.1788853237274625e-16,True,True
loop-instsimplify,sroa,0.040132200188857416,0.02190151931173348,4236,65.3534738011567,6.259948327555453e-16,3.891104389001136e-14,True,True
loop-instsimplify,instcombine,0.03028846153846154,0.02193251556201156,4160,13.483905242388937,0.00024061848409769228,0.0016415714002204931,True,True
loop-instsimplify,simplifycfg,0.03617571059431524,0.02191357143327849,4257,40.1951135149765,2.2982238665031586e-10,4.986063524225135e-09,True,True
loop-instsimplify,dce,0.028893587033121917,0.021936269933493395,4257,9.565055980427719,0.001983161520403581,0.010424242300537482,True,True
loop-instsimplify,jump-threading,0.03579308654081883,0.021916572650993078,4079,36.46458909371145,1.5546512003138952e-09,2.8649478119666887e-08,True,True
loop-instsimplify,gvn,0.02794883941260066,0.0219393687342762,4222,7.077861653701735,0.007804208546080952,0.033273032843171485,True,True
loop-instsimplify,gvn-sink,0.03218059558117195,0.021926722515818314,4164,20.32433932581113,6.5363802895577015e-06,6.305467780352661e-05,True,True
loop-instsimplify,newgvn,0.0330837961844965,0.021924156840637116,4141,23.941023056460818,9.93323808290506e-07,1.1193830311555747e-05,True,True
loop-instsimplify,early-cse,0.02814885496183206,0.021938886830664067,4192,7.504486071899037,0.006154549988711823,0.02745013411821811,True,True
loop-instsimplify,float2int,0.030016945049624787,0.021933514172441437,4131,12.53103630514133,0.0004002477618478956,0.0025652540677518153,True,True
loop-instsimplify,loop-interchange,0.02768496420047733,0.021940319052039983,4190,6.418920726895516,0.011291076112798719,0.04454997889946578,True,True
loop-instsimplify,loop-sink,0.028544243577545196,0.021937615227027446,4204,8.51803821225825,0.0035164335551246427,0.017170017209311845,True,True
loop-instsimplify,early-cse-memssa,0.03141486810551559,0.021929015328565487,4170,17.418740512992347,2.99854957765894e-05,0.0002498365988534555,True,True
loop-instsimplify,load-store-vectorizer,0.028240405503258507,0.021938831915527625,4143,7.637469297890821,0.005716806845646202,0.025836140343393568,True,True
loop-instsimplify,iroutliner,0.0326549929010885,0.021924789128397376,4226,22.58684436858628,2.008552744439118e-06,2.1344620209561976e-05,True,True
loop-instsimplify,unreachableblockelim,0.027857829010566763,0.021939901392714425,4164,6.7698627065011925,0.009270996662782834,0.038216024138376395,True,True
loop-simplifycfg,mem2reg,0.03347578347578348,0.02192236782952377,4212,26.098992199593585,3.24353268991786e-07,3.926328906868111e-06,True,True
loop-simplifycfg,sroa,0.039132484677039135,0.021904544336273854,4242,58.444335114386156,2.0912487854826296e-14,9.522477027848812e-13,True,True
loop-simplifycfg,instcombine,0.029286726499763816,0.021935168317527634,4234,10.622267518995598,0.001117339510749123,0.006327551010981296,True,True
loop-simplifycfg,simplifycfg,0.03900300023078698,0.021903807189674097,4333,58.805239253570484,1.740771244475989e-14,8.163904423195176e-13,True,True
loop-simplifycfg,sccp,0.027738264580369845,0.021940036668013894,4218,6.582787131284864,0.01029695395080893,0.0415699707952245,True,True
loop-simplifycfg,dse,0.03205428170332241,0.021926291926848415,4274,20.350537782005002,6.447496532830838e-06,6.234171956189027e-05,True,True
loop-simplifycfg,jump-threading,0.028645833333333332,0.021937204285959046,4224,8.824746317675402,0.002971727024615831,0.014815127980134428,True,True
loop-simplifycfg,gvn-sink,0.032227261876342804,0.02192639169656984,4189,20.633841068587632,5.560450508234271e-06,5.416598057274976e-05,True,True
loop-simplifycfg,newgvn,0.0328747959897412,0.021923603844776696,4289,23.87640506620191,1.0272312230576437e-06,1.1559303073257853e-05,True,True
loop-simplifycfg,early-cse,0.028113382899628253,0.021938489340856803,4304,7.617571478029739,0.005780227572867008,0.026032629298846695,True,True
loop-simplifycfg,flattencfg,0.028048490610886618,0.021939127779823823,4207,7.2892109361915045,0.006936993764369691,0.030301469694670062,True,True
loop-simplifycfg,called-value-propagation,0.03128789716226049,0.021929725016344978,4123,16.762480037680525,4.236270979793026e-05,0.0003420461269457627,True,True
loop-simplifycfg,slp-vectorizer,0.02765087761481125,0.021940553232583627,4159,6.295669366074525,0.012103330313767098,0.0469506107069955,True,True
loop-simplifycfg,callsite-splitting,0.027559055118110236,0.021940178725722504,4318,6.327941657959398,0.011885017876827443,0.04639618291510491,True,True
loop-simplifycfg,early-cse-memssa,0.029517638588912886,0.02193482445331336,4167,11.12277650791886,0.0008527403979855051,0.005010249660181902,True,True
loop-simplifycfg,loop-instsimplify,0.0292590844738084,0.021935232561204557,4238,10.552281611043355,0.0011604475286788613,0.006557933313839744,True,True
loop-predication,mem2reg,0.035091907376462166,0.021917605617818754,4189,33.75106387746473,6.263478069529494e-09,1.0366460984783949e-07,True,True
loop-predication,sroa,0.035869041887337506,0.02191557966133463,4154,37.54598275590438,8.928311759035411e-10,1.718096749306274e-08,True,True
loop-predication,instcombine,0.0363330125120308,0.021914147441482467,4156,40.11160876143405,2.3985933988584075e-10,5.118742098054236e-09,True,True
loop-predication,simplifycfg,0.038516746411483255,0.021907210833749448,4180,53.53231379504985,2.5437417131729795e-13,9.138800503472831e-12,True,True
loop-predication,sccp,0.028564512224642943,0.021937907025269886,4131,8.421272567329332,0.0037085613616635437,0.01799594336093487,True,True
loop-predication,jump-threading,0.0333885863130476,0.021922544394598478,4223,25.77265815353892,3.8409124197728856e-07,4.60674212429728e-06,True,True
loop-predication,gvn-sink,0.02914432268594078,0.02193531947423184,4289,10.346574237777002,0.0012971519409687167,0.007194967423276905,True,True
loop-predication,newgvn,0.03426939552594003,0.021920010777692518,4202,29.748457380149357,4.918975641994373e-08,6.991908752831203e-07,True,True
loop-predication,libcalls-shrinkwrap,0.0288576198425948,0.021936706367656007,4193,9.32335719063481,0.002262510758466693,0.011643445635753992,True,True
loop-predication,flattencfg,0.028216164514586323,0.02193872620083116,4182,7.650204680357824,0.005676588037127414,0.025698865610856592,True,True
loop-predication,irce,0.028591516287790015,0.021937162769208013,4267,8.77064376365479,0.0030611738521499603,0.015212635539364522,True,True
loop-predication,early-cse-memssa,0.027926460321154294,0.021939109123673105,4297,7.150268821576436,0.007495275150406704,0.03214840907885285,True,True
loop-predication,iroutliner,0.03201682636129937,0.02192637220135798,4279,20.223531136355785,6.890018022141348e-06,6.621180509130189e-05,True,True
loop-predication,global-merge,0.02937515558874782,0.02193607614814099,4017,10.320881854492104,0.0013153342509776822,0.007275210348627972,True,True
speculative-execution,mem2reg,0.041404977901837635,0.021896671784969762,4299,75.94400256772104,2.918240853987713e-18,2.930213124157919e-16,True,True
speculative-execution,sroa,0.040945649524738,0.0219008509513626,4103,69.08814350194422,9.415972365212335e-17,7.159795685858545e-15,True,True
speculative-execution,instcombine,0.031473533619456366,0.02192866849417774,4194,17.737333063668984,2.5360044872740822e-05,0.00021659746067972314,True,True
speculative-execution,simplifycfg,0.03566333808844508,0.02191568188141575,4206,36.90142027273892,1.2425540123398755e-09,2.3337369363659244e-08,True,True
speculative-execution,jump-threading,0.02999285884313259,0.02193317396222685,4201,12.667965816426628,0.00037197400997872484,0.0024037132394004726,True,True
speculative-execution,gvn,0.031257572086261204,0.02192978923885994,4127,16.669897531255472,4.4481265679757664e-05,0.0003562139803720471,True,True
speculative-execution,gvn-sink,0.030721600381043105,0.02193094530845586,4199,15.062847074716998,0.00010399003576600513,0.0007690745610192183,True,True
speculative-execution,newgvn,0.031496062992125984,0.02192773060509582,4318,18.3499978142886,1.8381919577981276e-05,0.00016157934246324281,True,True
speculative-execution,loop-interchange,0.02878211227402474,0.021936883045756937,4204,9.144412797561625,0.002494786898721075,0.012729101622660235,True,True
speculative-execution,nary-reassociate,0.027797921198936426,0.021940199831752997,4137,6.589938599963645,0.010255670853499356,0.04153175497652893,True,True
speculative-execution,early-cse-memssa,0.03133414932680539,0.021929847038694605,4085,16.77259202353658,4.213755135779722e-05,0.00034093109734945027,True,True
partially-inline-libcalls,mem2reg,0.04044029672170376,0.021901337451045427,4179,66.67578608214316,3.200422676981765e-16,2.1423684107795884e-14,True,True
partially-inline-libcalls,sroa,0.044124700239808155,0.02189021068723752,4170,95.70140565914,1.3358556938945807e-22,2.3778231351323536e-20,True,True
partially-inline-libcalls,globaldce,0.029643353404353867,0.02193358854421426,4318,11.913675731845357,0.0005572333705223077,0.0034202599983783025,True,True
partially-inline-libcalls,instcombine,0.031597136509503826,0.02192930117465326,4051,17.578689885310055,2.756601658068626e-05,0.00023189800414600943,True,True
partially-inline-libcalls,simplifycfg,0.034243295019157086,0.021920325667552587,4176,29.438606833640637,5.7716341974624285e-08,8.115518677652736e-07,True,True
partially-inline-libcalls,adce,0.027566539923954372,0.02194060821011907,4208,6.1827330500890865,0.012900286599689724,0.04947847436276685,True,True
partially-inline-libcalls,dse,0.03005130710969949,0.021933636090089047,4093,12.521520140127269,0.00040229145048727356,0.0025741394119414432,True,True
partially-inline-libcalls,jump-threading,0.035167464114832535,0.021917461191413714,4180,34.06692895057434,5.3248614566425434e-09,8.892540304805595e-08,True,True
partially-inline-libcalls,gvn,0.02768575485092286,0.02194016518275539,4226,6.476029732317637,0.010933894774511007,0.04349124625392088,True,True
partially-inline-libcalls,gvn-sink,0.029822029822029823,0.021933947759161476,4158,12.010444353756679,0.0005290324274943824,0.0032754007684869585,True,True
partially-inline-libcalls,newgvn,0.03041735439754775,0.021931619738677424,4241,14.175961516049107,0.0001664838997735434,0.0011722682878868294,True,True
partially-inline-libcalls,early-cse,0.02920057443752992,0.021935733280226796,4178,10.236372290831204,0.001376981311533546,0.007557475565473533,True,True
partially-inline-libcalls,strip-dead-prototypes,0.0279236276849642,0.021939586878274648,4190,6.965057255495263,0.008311677313679969,0.035036090807718794,True,True
partially-inline-libcalls,attributor,0.029447260439295197,0.021935171172675044,4143,10.853578036493724,0.0009860504932601793,0.005667754576264323,True,True
partially-inline-libcalls,nary-reassociate,0.027862327323811754,0.021939423671849544,4271,6.95496142263123,0.008358710142890944,0.03521539421146954,True,True
partially-inline-libcalls,early-cse-memssa,0.029242569511025888,0.021935636916886193,4172,10.340506225601201,0.001301423150587091,0.007208448455019871,True,True
partially-inline-libcalls,load-store-vectorizer,0.028604923798358734,0.02193713064381378,4265,8.801992601275085,0.0030090172940237204,0.014981960233181041,True,True
load-store-vectorizer,mem2reg,0.039384758797483106,0.021903133569354798,4291,60.87116078553528,6.093498483258498e-15,3.0989792286286073e-13,True,True
load-store-vectorizer,sroa,0.03972868217054264,0.02190418037599809,4128,60.885766484749695,6.048457157787911e-15,3.0982467011559154e-13,True,True
load-store-vectorizer,instsimplify,0.02991556091676719,0.02193373899304531,4145,12.259266536463425,0.0004629534389665483,0.002907659449868489,True,True
load-store-vectorizer,mergefunc,0.02821316614420063,0.021938896165653494,4147,7.578716956736988,0.005906146435201379,0.026538691268214114,True,True
load-store-vectorizer,instcombine,0.030859835100117784,0.02193021956578883,4245,15.712572759952907,7.373243879010782e-05,0.0005672617491199652,True,True
load-store-vectorizer,simplifycfg,0.043942992874109264,0.021890119609657806,4210,95.04464972580013,1.8613917134256946e-22,3.239648866566676e-20,True,True
load-store-vectorizer,memcpyopt,0.02814885496183206,0.021938886830664067,4192,7.504486071899037,0.006154549988711823,0.02745013411821811,True,True
load-store-vectorizer,adce,0.027902577441475528,0.02193948118149861,4229,6.980563770372904,0.008239964751962313,0.034827525060641566,True,True
load-store-vectorizer,jump-threading,0.03209580838323353,0.021926899109759698,4175,20.041562143816304,7.577714689433769e-06,7.202507457238505e-05,True,True
load-store-vectorizer,loop-idiom,0.027867342238599723,0.021939099794675624,4342,7.08296297311306,0.007782022931297163,0.03319651612087112,True,True
load-store-vectorizer,gvn,0.029051620648259304,0.021936256654422503,4165,9.78901003490336,0.0017555795276517803,0.009391870806399414,True,True
load-store-vectorizer,gvn-sink,0.027584552650515713,0.021940713873088415,4169,6.164663080840267,0.013032719337370996,0.049839969653461734,True,True
load-store-vectorizer,newgvn,0.035545023696682464,0.021915906531572757,4220,36.388146672199255,1.6168352826121301e-09,2.9655864012688998e-08,True,True
load-store-vectorizer,libcalls-shrinkwrap,0.029886719691491925,0.021933803228350087,4149,12.182344824197902,0.0004824396113186073,0.003013131607533758,True,True
load-store-vectorizer,slp-vectorizer,0.027973671838269865,0.021939150580055237,4254,7.190918267292242,0.007327347375656664,0.03161023647008404,True,True
load-store-vectorizer,loop-load-elim,0.027797408716136632,0.021939738208049696,4245,6.761322614140752,0.009315469043577185,0.03833880901171651,True,True
load-store-vectorizer,early-cse-memssa,0.0314374850011999,0.021928967161827444,4167,17.48952603104125,2.8889487228692875e-05,0.00024147541512819912,True,True
load-store-vectorizer,simple-loop-unswitch,0.02912621359223301,0.02193572384081279,4223,10.135591677740187,0.0014543355335995543,0.00790996937441091,True,True
load-store-vectorizer,iroutliner,0.028878281622911693,0.021936658183213307,4190,9.372548573235743,0.002202590686593056,0.011394115097355889,True,True
iroutliner,ipsccp,0.029137807499402913,0.021935877826825177,4187,10.081455607958821,0.0014976897334204825,0.008123203595671204,True,True
iroutliner,correlated-propagation,0.030724915986557848,0.021931147588994157,4166,14.955416720767612,0.00011008158231652591,0.0008080215114367674,True,True
iroutliner,mem2reg,0.040408842405514615,0.02190105427012716,4207,66.89562567540811,2.862694139244694e-16,1.9496191737882126e-14,True,True
iroutliner,sroa,0.04517999516791495,0.021887517415933117,4139,104.24724746582302,1.785809266583179e-24,4.1136641693763113e-22,True,True
iroutliner,instsimplify,0.034958148695224026,0.02191922830259956,4062,32.061619899407496,1.493590523106549e-08,2.3163962330634636e-07,True,True
iroutliner,constmerge,0.034309021113243764,0.021920197273721683,4168,29.697263746792867,5.0506060559609014e-08,7.153046406923288e-07,True,True
iroutliner,function-attrs,0.03154648956356736,0.021928289536305528,4216,18.10512464942492,2.0903807522335275e-05,0.00018130522759128448,True,True
iroutliner,deadargelim,0.028940444869648408,0.021936513631155254,4181,9.521126861166682,0.0020311981905440507,0.010655287493865375,True,True
iroutliner,mergefunc,0.03027413587604291,0.021932345432060983,4195,13.55097367386661,0.00023217094890312214,0.0015922617091149321,True,True
iroutliner,instcombine,0.03773131458783946,0.021909834715281972,4161,48.35292137052567,3.560134409446989e-12,1.0404094289100305e-10,True,True
iroutliner,simplifycfg,0.05575411007862759,0.021854034554385778,4197,223.90286455416907,1.2738036719768403e-50,2.4941075897306535e-47,True,True
iroutliner,reassociate,0.030609842241582294,0.021930983884915052,4247,14.849468583208214,0.00011644087242874928,0.0008498475144075005,True,True
iroutliner,memcpyopt,0.03375527426160337,0.021921037987288755,4266,27.733119995730796,1.392580078010852e-07,1.8117420549802315e-06,True,True
iroutliner,sccp,0.02954600048042277,0.021934760214171237,4163,11.195601575421495,0.0008199145160766491,0.004831881482251554,True,True
iroutliner,dce,0.0292495804363462,0.02193562085641174,4171,10.357928725539015,0.0012891977123179379,0.007155915296154564,True,True
iroutliner,adce,0.034916201117318434,0.02191712614136444,4296,33.695898242190616,6.443641334380418e-09,1.060222666614862e-07,True,True
iroutliner,dse,0.036170212765957444,0.021913870413163113,4230,39.90850462489223,2.661418661554893e-10,5.573323785373775e-09,True,True
iroutliner,jump-threading,0.04122974261201144,0.021898681349255742,4196,72.78913208178261,1.4426911344368092e-17,1.2839951096487603e-15,True,True
iroutliner,loop-idiom,0.03293556085918854,0.021924211229202604,4190,23.583958553278396,1.1958026525177145e-06,1.3284434573785447e-05,True,True
iroutliner,gvn,0.03615872270486029,0.02191360352398393,4259,40.1180160848941,2.390738986677927e-10,5.1159201485414e-09,True,True
iroutliner,gvn-hoist,0.03341783821156949,0.02192147751212429,4339,26.618562999789866,2.47850926562148e-07,3.0812197727535603e-06,True,True
iroutliner,gvn-sink,0.03716856060606061,0.021910845374230648,4224,45.647151660994375,1.4159181715279981e-11,3.721299033358148e-10,True,True
iroutliner,newgvn,0.03484662576687116,0.021919436917925108,4075,31.61505493392941,1.879667119214697e-08,2.875303296423732e-07,True,True
iroutliner,early-cse,0.03266392451004113,0.021925492714076844,4133,22.125180934277207,2.5543704798588844e-06,2.6674439464339708e-05,True,True
iroutliner,mergereturn,0.031608522594240226,0.021927708196805337,4271,18.580148341405366,1.6290820981136323e-05,0.00014465953506151893,True,True
iroutliner,strip-dead-prototypes,0.028885175459536883,0.021936642121779443,4189,9.388982820245385,0.0021829328886578602,0.011314844727973766,True,True
iroutliner,indvars,0.029587210689572895,0.021934477721766443,4191,11.393890378883174,0.0007368605012196944,0.004408778797213634,True,True
iroutliner,mergeicmps,0.029723991507430998,0.021933784222114346,4239,11.941735228256055,0.0005489033248413667,0.0033770705735723366,True,True
iroutliner,separate-const-offset-from-gep,0.03391405342624855,0.02192019951950712,4305,28.745884134746937,8.25251195271682e-08,1.131938241920808e-06,True,True
iroutliner,libcalls-shrinkwrap,0.03015541637671074,0.021932011642594323,4311,13.532076737537636,0.00023452039084879986,0.0016055626758110144,True,True
iroutliner,flattencfg,0.028433734939759037,0.02193821220117203,4150,8.128503658866707,0.004357469481143461,0.020608515082316176,True,True
iroutliner,loop-unroll,0.02829057779908895,0.021938549510731688,4171,7.812547187375272,0.00518847207322501,0.02384748431778068,True,True
iroutliner,partial-inliner,0.028633826741082263,0.021937746409784277,4121,8.578027611323693,0.003402437327511177,0.016749144656862062,True,True
iroutliner,lower-expect,0.03172709923664122,0.021927904208101662,4192,18.686287034871942,1.5408665908096916e-05,0.00013776332350709479,True,True
iroutliner,alignment-from-assumptions,0.031971995332555424,0.021926468531545337,4285,20.071860296811945,7.45860654655408e-06,7.115201762802869e-05,True,True
iroutliner,rpo-function-attrs,0.031066133207813602,0.021929551590093847,4249,16.464821291318593,4.956119493653574e-05,0.0003940743946628913,True,True
iroutliner,attributor,0.031384762817441306,0.021929079551212025,4174,17.324668770880052,3.1507007633337506e-05,0.00026140135994099506,True,True
iroutliner,inferattrs,0.03087770483831753,0.021931028726682494,4113,15.283689241890523,9.251188965826609e-05,0.0006933522677545839,True,True
iroutliner,called-value-propagation,0.03372434017595308,0.02192263821350705,4092,26.45925712041573,2.6915551626802425e-07,3.314506294671644e-06,True,True
iroutliner,licm,0.03010279001468429,0.021933523684017863,4086,12.659574701287866,0.0003736472022028571,0.002410434256412531,True,True
iroutliner,loop-simplify,0.029059040590405903,0.021935342144766227,4336,10.213520739688674,0.0013941477102628243,0.007630303890131684,True,True
iroutliner,div-rem-pairs,0.031053000233481204,0.021929365315884932,4283,16.549156907692424,4.740505747143889e-05,0.0003780818840288283,True,True
iroutliner,float2int,0.02789132002885309,0.021939821075436346,4159,6.838692492283162,0.00892041073102842,0.037063478432580683,True,True
iroutliner,sink,0.03240197229396572,0.021925318896089774,4259,21.699634883592843,3.1885196357145276e-06,3.268649972109448e-05,True,True
iroutliner,loop-vectorize,0.033635496183206104,0.02192204680940171,4192,26.700034511680258,2.37617272851578e-07,2.9634052244801895e-06,True,True
iroutliner,slp-vectorizer,0.02839708988500352,0.021937798605136467,4261,8.252400008889534,0.004069815669682051,0.019522594374227473,True,True
iroutliner,callsite-splitting,0.02979122683556181,0.021933437454007877,4263,12.218403478029614,0.0004732040694868789,0.002962537387866695,True,True
iroutliner,dfa-jump-threading,0.02865261662325361,0.021937188223725493,4223,8.840556599640683,0.002946092830403222,0.014696687291540148,True,True
iroutliner,consthoist,0.03104265402843602,0.021929818138685542,4220,16.267903406492156,5.498754146439634e-05,0.00043413550881970977,True,True
iroutliner,slsr,0.030455635491606715,0.02193194398074118,4170,14.064342573908093,0.0001766614068931637,0.001233165899097378,True,True
iroutliner,loop-fusion,0.033978291647003306,0.021920588571244477,4238,28.602002100971806,8.889022804523985e-08,1.2086601841151363e-06,True,True
iroutliner,loop-distribute,0.03272468579558928,0.02192464465074255,4217,22.833233112677792,1.7668396851373754e-06,1.9086742639994378e-05,True,True
iroutliner,loop-load-elim,0.02943947244465379,0.021934628845900393,4246,11.101126448970799,0.0008627529994318804,0.005042598128022752,True,True
iroutliner,loop-sink,0.029822029822029823,0.021933947759161476,4158,12.010444353756679,0.0005290324274943824,0.0032754007684869585,True,True
iroutliner,loop-unroll-and-jam,0.030131826741996232,0.02193246435260643,4248,13.257077735022223,0.0002715526359031426,0.0018162256570396352,True,True
iroutliner,hotcoldsplit,0.02857142857142857,0.02193738097208056,4235,8.652026618737422,0.003266977726782214,0.016153389871312058,True,True
iroutliner,irce,0.03256477299738531,0.021925216305126963,4207,22.107302171981544,2.5782712891200926e-06,2.6852421192006074e-05,True,True
iroutliner,nary-reassociate,0.029123951537744643,0.021935367659226736,4292,10.295217886597223,0.0013337540406344675,0.007361495170013495,True,True
iroutliner,scalarizer,0.030146019783325484,0.021932432234539518,4246,13.296873556906322,0.00026584905375684725,0.0017841729126166473,True,True
iroutliner,vector-combine,0.03011764705882353,0.02193249647076741,4250,13.217361661811527,0.00027736778133726083,0.001850378588955219,True,True
iroutliner,always-inline,0.0322503008423586,0.021926578031981996,4155,20.557788935825247,5.785789559238546e-06,5.61515536901565e-05,True,True
iroutliner,globalsplit,0.03287736981041517,0.02192457419321301,4167,23.2061105203106,1.455341630151379e-06,1.596391547247283e-05,True,True
iroutliner,early-cse-memssa,0.03860729512079583,0.02190642014286509,4222,54.664839635354205,1.4294088759507685e-13,5.305748965140483e-12,True,True
iroutliner,loop-versioning,0.03359542530378842,0.021922127063550814,4197,26.548835784291114,2.5695952266409014e-07,3.1743012326579714e-06,True,True
iroutliner,loop-flatten,0.027790973871733966,0.02193990815477794,4210,6.690633845833548,0.009692073940222133,0.039453390384521704,True,True
iroutliner,loop-reroll,0.033006457785218844,0.02192406675916401,4181,23.838094849421147,1.0478795900761765e-06,1.1774738808431296e-05,True,True
iroutliner,loop-instsimplify,0.028030666027791088,0.02193932986384656,4174,7.189591955101754,0.007332765383494239,0.03161023647008404,True,True
iroutliner,loop-simplifycfg,0.028875739644970415,0.02193648815568756,4225,9.444139935284733,0.002118248084588681,0.0110306642277251,True,True
iroutliner,loop-predication,0.03110047846889952,0.021929908054291753,4180,16.31900728559119,5.3524381329718986e-05,0.00042343732785288794,True,True
iroutliner,speculative-execution,0.028781947962238083,0.021936186836530484,4343,9.4472679363931,0.0021146385491824797,0.01102653070385964,True,True
iroutliner,load-store-vectorizer,0.0346144664597756,0.02191906996427727,4189,31.34186181433607,2.1636373174739654e-08,3.2650496089510785e-07,True,True
iroutliner,global-merge,0.03375826251180359,0.02192128866922936,4236,27.551438250576517,1.5297157674739982e-07,1.96405473620596e-06,True,True
iroutliner,unreachableblockelim,0.0324009324009324,0.021925084352593844,4290,21.85372374881248,2.94245023300909e-06,3.0243136778119672e-05,True,True
global-merge,mem2reg,0.040359834670556774,0.021902475559587166,4113,65.04948945267179,7.304047582639726e-16,4.4345194315685526e-14,True,True
global-merge,sroa,0.03463713477851084,0.02191848826498709,4244,31.86849641348387,1.6497121207435895e-08,2.5484310314918723e-07,True,True
global-merge,instsimplify,0.028785679729075954,0.02193722306662801,4134,9.001093592655016,0.0026981810082985793,0.013600480591374758,True,True
global-merge,deadargelim,0.02789132002885309,0.021939821075436346,4159,6.838692492283162,0.00892041073102842,0.037063478432580683,True,True
global-merge,instcombine,0.02783625730994152,0.021939487929730377,4275,6.9001566624213915,0.008618819668543347,0.036175024460895766,True,True
global-merge,simplifycfg,0.03760310528869481,0.021910673390615757,4122,47.12286528359917,6.667332452797446e-12,1.8783650277089783e-10,True,True
global-merge,tailcallelim,0.02781740370898716,0.02193984389872454,4206,6.7449676351250405,0.009401248212091156,0.038651220995851936,True,True
global-merge,adce,0.02844058809351651,0.02193819613907077,4149,8.143748178730172,0.0043209874468048935,0.020473063329326028,True,True
global-merge,jump-threading,0.03117063033941353,0.021928671589823198,4331,17.170896597311238,3.416303905703837e-05,0.0002813511271237902,True,True
global-merge,gvn,0.028900375939849624,0.021936253871555872,4256,9.581532057405868,0.0019654432909603677,0.010344994526076344,True,True
global-merge,attributor,0.02801053387598755,0.021939378053593146,4177,7.147150762605975,0.007508317565198462,0.032169115520040675,True,True
global-merge,irce,0.02996164908916587,0.021933440424538042,4172,12.482710606729446,0.00041073577492923777,0.002621746201504312,True,True
global-merge,always-inline,0.02814885496183206,0.021938886830664067,4192,7.504486071899037,0.006154549988711823,0.02745013411821811,True,True
global-merge,early-cse-memssa,0.03420618070299599,0.021919872421466056,4239,29.703814683713446,5.0335671628334724e-08,7.141829351324593e-07,True,True
global-merge,loop-simplifycfg,0.029850746268656716,0.021933106733699543,4288,12.477760350818716,0.0004118256526053883,0.0026265623055418577,True,True
break-crit-edges,sroa,0.029905178701677606,0.02193395725664099,4113,12.13261779939257,0.0004954751945378613,0.003089619206704243,True,True
break-crit-edges,simplifycfg,0.04124440254536884,0.02189797055522159,4243,73.71901360940065,9.00671148663466e-18,8.298889925096783e-16,True,True
break-crit-edges,jump-threading,0.03834603834603834,0.021905939778436315,4329,54.309248535029276,1.7129372139116838e-13,6.269030027736592e-12,True,True
unreachableblockelim,ipsccp,0.02771855010660981,0.021940084860865523,4221,6.542625784527941,0.010531978523773869,0.04223576845785814,True,True
unreachableblockelim,mem2reg,0.035808068751492006,0.021915409098130983,4189,37.53211566839456,8.992013843193389e-10,1.72611402989928e-08,True,True
unreachableblockelim,sroa,0.033662900188323915,0.021921481279718366,4248,27.184966738086747,1.8489075432762027e-07,2.343146258728029e-06,True,True
unreachableblockelim,instsimplify,0.031605856379270277,0.02192748976153324,4303,18.70945455091911,1.5222583586615333e-05,0.00013625517102899576,True,True
unreachableblockelim,instcombine,0.03076206012584479,0.021930226002145427,4291,15.536378028877966,8.093270696527215e-05,0.0006160009338697876,True,True
unreachableblockelim,simplifycfg,0.0346045197740113,0.021918552460281546,4248,31.73473061283691,1.7673329465728653e-08,2.7247542593619454e-07,True,True
unreachableblockelim,jump-threading,0.030720078643401327,0.021931786484830337,4069,14.590047675749634,0.00013361836708212217,0.0009609724986108179,True,True
unreachableblockelim,gvn-sink,0.029965156794425088,0.021932647521639387,4305,12.893197426600778,0.00032977855706521955,0.0021559479623829716,True,True
unreachableblockelim,newgvn,0.028975095785440615,0.021936433325279503,4176,9.604323830794792,0.0019411974264622973,0.010231129370156604,True,True
unreachableblockelim,flattencfg,0.027958544227524706,0.021939660442644327,4149,6.977662550369291,0.008253333646375233,0.034865215274223746,True,True
unreachableblockelim,rpo-function-attrs,0.029356060606060608,0.02193500770998168,4224,10.798557060756016,0.0010157924039117061,0.005802834505788827,True,True
unreachableblockelim,attributor,0.02758783305824098,0.021940406151953695,4241,6.278774235360901,0.012219259066665579,0.047329988630130965,True,True
unreachableblockelim,called-value-propagation,0.02773757838880849,0.021940344403444036,4146,6.46854379214825,0.010980046578240766,0.04363050471881364,True,True
unreachableblockelim,slsr,0.027830637488106564,0.021939811770838976,4204,6.772237478818483,0.009258668759488694,0.03820542345854344,True,True
unreachableblockelim,loop-flatten,0.028095238095238097,0.021939015336223975,4200,7.389181561319432,0.006561733951920645,0.028875223762638215,True,True
unreachableblockelim,loop-simplifycfg,0.027693029805210045,0.021939995240623112,4261,6.54642955277796,0.010509484926032459,0.04218876778097704,True,True
unreachableblockelim,iroutliner,0.0293703007518797,0.02193478945325943,4256,10.92254601416168,0.0009500095912862778,0.005491125549043636,True,True
