pass_a,pass_b,rate_with_bigram,rate_without_bigram,n_with_bigram,chi2,p_value,p_adj,significant,positive
bdce,mem2reg,0.10876132930513595,0.08005525768683663,662,7.377641201598528,0.006603973014118986,0.03530533559493509,True,True
bdce,sroa,0.17360114777618366,0.07984459715185978,697,82.84736990496646,8.864011272564313e-20,1.3739937960538033e-17,True,True
bdce,instcombine,0.14555256064690028,0.07992027584193818,742,43.21082243346112,4.9148078309048876e-11,1.4580596565017835e-09,True,True
bdce,jump-threading,0.113997113997114,0.08003465493262807,693,10.808915399452037,0.0010101246333598251,0.0077744702082358855,True,True
bdce,gvn,0.12307692307692308,0.08000164171413196,715,17.93780693749161,2.282418770524151e-05,0.0002841956090738498,True,True
bdce,newgvn,0.11094452773613193,0.08004796403609157,667,8.610895258189391,0.003341580125775689,0.020781650807607695,True,True
bdce,consthoist,0.11059907834101383,0.08005124300765454,651,8.216288173062713,0.004151603299111924,0.024745324991358134,True,True
bdce,loop-sink,0.10703812316715543,0.08005799850444108,682,6.713433460460776,0.009568931043907174,0.04739796589974132,True,True
bdce,hotcoldsplit,0.11465892597968069,0.08003319517210876,689,11.170578553563605,0.0008310470791451331,0.006601177204730915,True,True
bdce,early-cse-memssa,0.1222707423580786,0.08000966663778834,687,16.592061197143753,4.634461056125064e-05,0.0005345669954576069,True,True
bdce,loop-instsimplify,0.10755813953488372,0.08005562901828461,688,7.037098754447817,0.007983825795943875,0.04097596568403174,True,True
bdce,loop-predication,0.11095890410958904,0.08003903898425671,730,9.435727514449548,0.002127986570026197,0.014355203114939857,True,True
ipsccp,mem2reg,0.13416536661466458,0.07998377074814116,641,25.451606868051435,4.536196723561807e-07,7.877492846770748e-06,True,True
ipsccp,sroa,0.14852941176470588,0.07992959994163726,680,43.274407666760844,4.7576576171453473e-11,1.4276618566085196e-09,True,True
ipsccp,instcombine,0.16405135520684735,0.07987341368098971,701,67.16598760503128,2.4958307527031457e-16,2.0151903562031998e-14,True,True
ipsccp,simplifycfg,0.11363636363636363,0.08004085019467672,660,10.074476171809183,0.001503373572131011,0.010636334071300884,True,True
ipsccp,dce,0.10782865583456426,0.08005617337145098,677,7.061555588394533,0.007875558283605285,0.04059671023344158,True,True
ipsccp,gvn-sink,0.11145038167938931,0.08004814377481843,655,8.735512144762797,0.0031207165050964394,0.019694965082929342,True,True
ipsccp,attributor,0.11029411764705882,0.08004814926271442,680,8.412406900921438,0.003726689526943828,0.022625916569786096,True,True
ipsccp,called-value-propagation,0.11002785515320335,0.08004377964246626,718,8.727842215333888,0.003133871580064547,0.019746164292088118,True,True
ipsccp,loop-distribute,0.11470588235294117,0.08003447049489781,680,11.054225945051286,0.0008848528028247582,0.00696499211228493,True,True
ipsccp,early-cse-memssa,0.1389290882778582,0.07995640814018705,691,32.49633374827281,1.1941759959839968e-08,2.55540612036794e-07,True,True
ipsccp,loop-predication,0.10735294117647058,0.08005726844125881,680,6.851298481034109,0.00885768734591233,0.04449865766079882,True,True
ipsccp,iroutliner,0.11408450704225352,0.08003173908284995,710,11.132178134202954,0.0008484290391256557,0.0067188030681821385,True,True
correlated-propagation,mem2reg,0.11128048780487805,0.08004850872153987,656,8.65419631143051,0.0032630897569187493,0.020450889638543347,True,True
correlated-propagation,sroa,0.16986706056129985,0.07986467324150447,677,74.16159102589032,7.19772112541076e-18,7.321110630417802e-16,True,True
correlated-propagation,instcombine,0.16468842729970326,0.07988181867921432,674,65.55525948239371,5.650711824264202e-16,4.255420673811272e-14,True,True
correlated-propagation,adce,0.10688140556368961,0.08005836354102547,683,6.645186797635,0.009942405335017527,0.048698510684088356,True,True
correlated-propagation,dse,0.11661341853035144,0.08003756176722644,626,11.327827775841625,0.0007635416568378611,0.006171370749591463,True,True
correlated-propagation,gvn,0.10964912280701754,0.08004960923607247,684,8.103893024750429,0.004417028839028564,0.025971598999453234,True,True
correlated-propagation,gvn-sink,0.11510791366906475,0.08003082493171548,695,11.563213752932423,0.00067269482749526,0.0055283797365612555,True,True
correlated-propagation,newgvn,0.1409295352323838,0.07995677765568934,667,33.53510113484499,6.9989439673874984e-09,1.5706512651168735e-07,True,True
correlated-propagation,early-cse,0.11075441412520064,0.08005470085470086,623,7.942293148190967,0.004829259920993859,0.0277599012272087,True,True
correlated-propagation,indvars,0.10823170731707317,0.08005762690228045,656,7.042506101167437,0.007959757765525637,0.04095980474349329,True,True
correlated-propagation,mergeicmps,0.10923076923076923,0.08005543702244834,650,7.483086217519813,0.006228122907553634,0.03378023449581722,True,True
correlated-propagation,libcalls-shrinkwrap,0.10714285714285714,0.08005890774463584,672,6.666309490706148,0.009825243455495809,0.04830590504924242,True,True
correlated-propagation,rpo-function-attrs,0.10810810810810811,0.08005671767001624,666,7.087402668357813,0.007762767204583381,0.040183736117843386,True,True
correlated-propagation,loop-distribute,0.11029411764705882,0.08004814926271442,680,8.412406900921438,0.003726689526943828,0.022625916569786096,True,True
correlated-propagation,loop-unroll-and-jam,0.11308562197092084,0.08004868287301883,619,9.138762705797298,0.0025025027593414285,0.01644261880131046,True,True
correlated-propagation,early-cse-memssa,0.1142433234421365,0.0800368404734548,674,10.66510154440511,0.0010917585819548038,0.008269490535657661,True,True
correlated-propagation,loop-reroll,0.11363636363636363,0.08003410946035915,704,10.748264057431738,0.0010437718115471667,0.007983223464880283,True,True
correlated-propagation,iroutliner,0.11027190332326284,0.0800506984717511,662,8.176991599573068,0.004242506272186157,0.02515314846613322,True,True
correlated-propagation,global-merge,0.1095679012345679,0.08005470708912697,648,7.633912325417242,0.005728091734489103,0.031637809918560404,True,True
mem2reg,bdce,0.12444444444444444,0.08000528900297735,675,18.026924407212167,2.1780264224544162e-05,0.00027249685208726815,True,True
mem2reg,ipsccp,0.1398002853067047,0.07995093412130581,701,33.952495128119814,5.647421623498027e-09,1.2783412183594377e-07,True,True
mem2reg,correlated-propagation,0.1171303074670571,0.08002644597952717,683,12.715380293143445,0.00036266053471937425,0.0032461226376253017,True,True
mem2reg,sroa,0.15409309791332262,0.07993162393162394,623,46.34831822109381,9.899243474520952e-12,3.2852065632393265e-10,True,True
mem2reg,instsimplify,0.12946428571428573,0.07999051640024439,672,22.243928189583578,2.4011688437314487e-06,3.658745989125429e-05,True,True
mem2reg,constmerge,0.107981220657277,0.08006054002799065,639,6.7376804771374585,0.00943972830014598,0.046913746251022063,True,True
mem2reg,function-attrs,0.1375,0.07997428860584067,640,28.645706749933645,8.690645535396392e-08,1.6440854065996265e-06,True,True
mem2reg,deadargelim,0.15269461077844312,0.07992066748734783,668,47.84410235924903,4.614932150111178e-12,1.5783471004223031e-10,True,True
mem2reg,globaldce,0.1297071129707113,0.07997956959335283,717,23.972662006950053,9.771333173435381e-07,1.571439043415727e-05,True,True
mem2reg,elim-avail-extern,0.12041116005873716,0.08001659698062621,681,15.026828583101167,0.00010599360121489972,0.0011294447411089722,True,True
mem2reg,mergefunc,0.14045801526717558,0.07996152145270194,655,32.421087845882134,1.2413209327943419e-08,2.649053282192176e-07,True,True
mem2reg,instcombine,0.22337278106508876,0.07970016687792378,676,188.70307414083487,6.1013637480162164e-43,6.826554410637573e-40,True,True
mem2reg,simplifycfg,0.1398176291793313,0.07996261511808152,658,31.882098617342994,1.6381998709671292e-08,3.430583259201753e-07,True,True
mem2reg,tailcallelim,0.12017167381974249,0.08001404475168605,699,15.242354165981258,9.455877885893518e-05,0.0010186854965930953,True,True
mem2reg,reassociate,0.11631205673758865,0.08002535420647262,705,12.551943873255352,0.0003957943652111366,0.0035145821636435623,True,True
mem2reg,memcpyopt,0.125,0.08000911784818783,648,17.740414204804985,2.531900450732328e-05,0.00031081260705541683,True,True
mem2reg,sccp,0.14969135802469136,0.0799361750626852,648,42.64495914483339,6.563335029717519e-11,1.8898544100274856e-09,True,True
mem2reg,dce,0.11981566820276497,0.08002388908897774,651,13.941242948175109,0.00018861424519719375,0.0018396348298685198,True,True
mem2reg,adce,0.14064697609001406,0.07994545960316846,711,35.42286326347561,2.65353711008464e-09,6.24099178564051e-08,True,True
mem2reg,dse,0.15477996965098634,0.07991738815258573,659,49.94970931967052,1.5773744065776242e-12,5.939421323228824e-11,True,True
mem2reg,jump-threading,0.17932148626817448,0.07986179169382666,619,82.82892745197913,8.947099540186921e-20,1.3739937960538033e-17,True,True
mem2reg,loop-idiom,0.1345565749235474,0.07997939309942374,654,26.346796320458655,2.8529173475848404e-07,5.1013809740375504e-06,True,True
mem2reg,loop-deletion,0.1276595744680851,0.07998887333385014,705,21.663022891772563,3.2499603686385096e-06,4.8429289092821195e-05,True,True
mem2reg,gvn,0.13567073170731708,0.07997556327561525,656,27.520909079745604,1.554053139477235e-07,2.8571230489168317e-06,True,True
mem2reg,gvn-hoist,0.16228748068006182,0.07989933941491036,647,59.398489768377964,1.2876786570537892e-14,7.415514148562703e-13,True,True
mem2reg,gvn-sink,0.16714697406340057,0.07986630430817496,694,71.48982889644753,2.786910369434087e-17,2.6618392699277766e-15,True,True
mem2reg,newgvn,0.1564245810055866,0.07989255844072929,716,56.7027969192612,5.069140016525253e-14,2.5449682441939603e-12,True,True
mem2reg,early-cse,0.1297709923664122,0.07999343493979749,655,21.949990517348514,2.79848283534291e-06,4.223066968478935e-05,True,True
mem2reg,mergereturn,0.14494875549048317,0.07993981259831749,683,39.03348624462803,4.1659814921857397e-10,1.0839856161727147e-08,True,True
mem2reg,globalopt,0.11935953420669577,0.0800187861074,687,14.378198475045902,0.000149523502716719,0.0015100315986766252,True,True
mem2reg,strip-dead-prototypes,0.13229018492176386,0.0799744636220616,703,26.016602616065427,3.3849387135281444e-07,5.9979276027946666e-06,True,True
mem2reg,indvars,0.15654952076677317,0.07992360009481611,626,49.71747144557566,1.7755770385739e-12,6.559584606656031e-11,True,True
mem2reg,mergeicmps,0.1407185628742515,0.0799571422058086,668,33.352810350609694,7.686666024362888e-09,1.7102831904207428e-07,True,True
mem2reg,separate-const-offset-from-gep,0.11604584527220631,0.08002735978112176,698,12.244668818136192,0.000466589341957111,0.004037931189180214,True,True
mem2reg,libcalls-shrinkwrap,0.1339155749636099,0.07997318875934176,687,27.03208560456001,2.0010615188762628e-07,3.644724143218347e-06,True,True
mem2reg,flattencfg,0.113997113997114,0.08003465493262807,693,10.808915399452037,0.0010101246333598251,0.0077744702082358855,True,True
mem2reg,loop-reduce,0.13872832369942195,0.07995677272851633,692,32.321611479391485,1.3065209890375324e-08,2.780617496234227e-07,True,True
mem2reg,loop-rotate,0.10930576070901034,0.0800516138445475,677,7.8351236468385315,0.005124064819496599,0.02908092439586766,True,True
mem2reg,partial-inliner,0.13901345291479822,0.07996206611984735,669,31.548918238123203,1.944786863504334e-08,4.0083080828857744e-07,True,True
mem2reg,lower-expect,0.14814814814814814,0.07994073398677912,648,40.773492083689504,1.7093612404180978e-10,4.664709837963255e-09,True,True
mem2reg,alignment-from-assumptions,0.12951807228915663,0.07999215807854687,664,22.026278903388086,2.6894291368856346e-06,4.0820947674589714e-05,True,True
mem2reg,rpo-function-attrs,0.13914373088685014,0.07996571595302356,654,30.976075013496015,2.6122880378902593e-08,5.327979143947008e-07,True,True
mem2reg,attributor,0.14878397711015737,0.07992284506541297,699,44.819214086481125,2.160917929653854e-11,6.851947054675703e-10,True,True
mem2reg,inferattrs,0.11144578313253012,0.08004686915845241,664,8.853304181179581,0.002925588010288167,0.01862862219233896,True,True
mem2reg,called-value-propagation,0.1361031518624642,0.07996352029183766,698,29.746458269179975,4.924050731040839e-08,9.617248210850836e-07,True,True
mem2reg,licm,0.1282420749279539,0.07998942107759092,694,21.84995392449067,2.9482367967441926e-06,4.431975161631577e-05,True,True
mem2reg,loop-simplify,0.13702623906705538,0.07996370467644269,686,30.20582612402009,3.885405433253296e-08,7.684468523545408e-07,True,True
mem2reg,div-rem-pairs,0.12443778110944528,0.08000693016491058,667,17.807264449771427,2.4444816273736627e-05,0.0003005994640332745,True,True
mem2reg,float2int,0.14050822122571002,0.07995750675925209,669,33.17132458318612,8.438583529017974e-09,1.8669770112787788e-07,True,True
mem2reg,inline,0.12061068702290076,0.08002078935730796,655,14.594965932537535,0.00013327008282161624,0.0013887489131167617,True,True
mem2reg,sink,0.1451851851851852,0.07994145620842319,675,38.856850307125896,4.5605070714071683e-10,1.1749306376072677e-08,True,True
mem2reg,slp-vectorizer,0.14453781512605043,0.07996700136278902,595,33.56094186048984,6.906575398284901e-09,1.554376394234694e-07,True,True
mem2reg,callsite-splitting,0.10798816568047337,0.080055808354839,676,7.132572018811058,0.007569606964509588,0.03947081341280898,True,True
mem2reg,dfa-jump-threading,0.14452554744525548,0.07994054160036113,685,38.63851683106302,5.100243999627614e-10,1.3096757706584745e-08,True,True
mem2reg,consthoist,0.12831858407079647,0.07999270472369141,678,21.41260745316539,3.703280515631269e-06,5.441668480004521e-05,True,True
mem2reg,mldst-motion,0.12713178294573643,0.08000346473492498,645,19.37622955415395,1.0733478082268734e-05,0.00014293632618213144,True,True
mem2reg,slsr,0.14328358208955225,0.07994875255325358,670,36.345963560117326,1.6522103638729132e-09,3.969359377255416e-08,True,True
mem2reg,loop-interchange,0.11836115326251896,0.08002680781803509,659,13.097230526704667,0.00029573266225852595,0.0027281251010704065,True,True
mem2reg,loop-fusion,0.10793650793650794,0.08006181393822254,630,6.6211913031783585,0.010077240586202517,0.04929728186829363,True,True
mem2reg,loop-distribute,0.11444921316165951,0.08003228468894066,699,11.195929092897615,0.0008197698095568371,0.006544788122782006,True,True
mem2reg,loop-load-elim,0.12425149700598802,0.08000729494369216,668,17.684359255874355,2.6076195659564585e-05,0.0003191074443839216,True,True
mem2reg,loop-sink,0.141399416909621,0.07995002553439848,686,35.02868036237175,3.248846468800992e-09,7.505889540899519e-08,True,True
mem2reg,loop-unroll-and-jam,0.12590448625180897,0.07999744650193565,691,19.69206282849513,9.097845765604984e-06,0.00012306446983802806,True,True
mem2reg,hotcoldsplit,0.13131313131313133,0.07997993661795216,693,24.69337479337291,6.721483465605261e-07,1.1200565638855405e-05,True,True
mem2reg,irce,0.13157894736842105,0.0799812141495755,684,24.62554193442998,6.962278585094355e-07,1.1528238029272515e-05,True,True
mem2reg,nary-reassociate,0.14367816091954022,0.07993999142734676,696,38.23429610367039,6.273996435169468e-10,1.5850948412982994e-08,True,True
mem2reg,scalarizer,0.1411589895988113,0.07995440556252137,673,34.09362636458662,5.252302194488418e-09,1.1923487184705302e-07,True,True
mem2reg,vector-combine,0.12336719883889695,0.08000583651377736,689,17.5179630926503,2.8460599544368733e-05,0.00034558669090154403,True,True
mem2reg,globalsplit,0.12386706948640483,0.08000966553598132,662,17.220899968867382,3.3275540217092755e-05,0.00039486974390950074,True,True
mem2reg,lowerswitch,0.12445095168374817,0.08000364772131409,683,18.24660118633308,1.9407193491330623e-05,0.00024555272927964694,True,True
mem2reg,early-cse-memssa,0.15988372093023256,0.07989147781678901,688,59.53121103505398,1.2036988924560095e-14,7.035350541578706e-13,True,True
mem2reg,simple-loop-unswitch,0.11363636363636363,0.08004085019467672,660,10.074476171809183,0.001503373572131011,0.010636334071300884,True,True
mem2reg,loop-flatten,0.14125874125874127,0.07994235759269984,715,36.34679869488318,1.6515025490326868e-09,3.969359377255416e-08,True,True
mem2reg,loop-reroll,0.1410071942446043,0.0799487467111713,695,35.03668322346629,3.235521421323987e-09,7.497220050831203e-08,True,True
mem2reg,loop-instsimplify,0.1336206896551724,0.07997191088088572,696,27.08779203889669,1.9442186354747678e-07,3.54944530373855e-06,True,True
mem2reg,loop-simplifycfg,0.14119359534206696,0.07995039008531264,687,34.84456684340286,3.571047072245465e-09,8.201888759479906e-08,True,True
mem2reg,loop-predication,0.15565345080763582,0.07990716633913468,681,52.83773243712709,3.6227432038863803e-13,1.542028520262942e-11,True,True
mem2reg,speculative-execution,0.11773049645390071,0.0800207940973948,705,13.555707482216786,0.0002315861222364939,0.002203866961550693,True,True
mem2reg,partially-inline-libcalls,0.13570487483530963,0.07994927909724091,759,31.89617483339075,1.626371157617477e-08,3.414943406557662e-07,True,True
mem2reg,load-store-vectorizer,0.14985163204747776,0.07992741332457916,674,44.56597305588952,2.4592888356833983e-11,7.613102830463389e-10,True,True
mem2reg,iroutliner,0.22776280323450135,0.07964206224687123,742,220.08438871323676,8.66914519335495e-50,1.3579349030871192e-46,True,True
mem2reg,global-merge,0.1248097412480974,0.08000784167118778,657,17.835288505022227,2.408743268115609e-05,0.0002970909807225425,True,True
mem2reg,break-crit-edges,0.10900473933649289,0.0800583502381875,633,7.174009235407216,0.007396728547291591,0.03882786728042074,True,True
mem2reg,unreachableblockelim,0.12324492979719189,0.08001568219842539,641,16.20193832590623,5.693582937689616e-05,0.0006453276637913904,True,True
sroa,bdce,0.17006802721088435,0.07984019191564468,735,80.89764161265308,2.377171972344172e-19,3.324644801321349e-17,True,True
sroa,ipsccp,0.1635036496350365,0.07988126558845121,685,64.77421088425405,8.399125109248034e-16,6.090921097743575e-14,True,True
sroa,correlated-propagation,0.152276295133438,0.07993216661120253,637,45.09283309891005,1.87911849990363e-11,6.007043302549073e-10,True,True
sroa,mem2reg,0.1493212669683258,0.0799325233090934,663,43.171944464606554,5.013443158754445e-11,1.4817089365798043e-09,True,True
sroa,instsimplify,0.17679558011049723,0.07982250517617227,724,92.05134380145378,8.445657322377193e-22,2.280909936167523e-19,True,True
sroa,constmerge,0.16956521739130434,0.07986028781439801,690,75.0824227561664,4.514677772086886e-18,4.851196568727143e-16,True,True
sroa,function-attrs,0.16129032258064516,0.07987778461819094,713,63.89739251782422,1.310710155257052e-15,9.165608871404671e-14,True,True
sroa,deadargelim,0.13583815028901733,0.07996589240604453,692,29.211317580788762,6.489901397202539e-08,1.2519435404652782e-06,True,True
sroa,globaldce,0.13062409288824384,0.07998303763183454,689,23.893692161247184,1.0180479375521657e-06,1.6239004983520495e-05,True,True
sroa,elim-avail-extern,0.1780821917808219,0.07984827278073867,657,85.74528006376649,2.046721919910708e-20,3.64316501744106e-18,True,True
sroa,mergefunc,0.1426553672316384,0.0799398057366957,708,37.653452957285786,8.449697116080401e-10,2.107580503603239e-08,True,True
sroa,instcombine,0.2750759878419453,0.07955685237530774,658,340.1922087312456,5.794433647363144e-76,4.538200432614815e-72,True,True
sroa,simplifycfg,0.17488789237668162,0.07985264146556087,669,81.71348278683742,1.5731661142409035e-19,2.3694301936028377e-17,True,True
sroa,tailcallelim,0.12269938650306748,0.08001513590400554,652,16.06625776427492,6.116421938435839e-05,0.0006882732273251364,True,True
sroa,reassociate,0.1807909604519774,0.07981668110720963,708,97.60581756621875,5.105371416563245e-23,1.5378949590201282e-20,True,True
sroa,memcpyopt,0.16163141993957703,0.07989568515884306,662,59.812773987962046,1.0432404119369778e-14,6.143352561120608e-13,True,True
sroa,sccp,0.16570605187319884,0.0798708641885237,694,69.14150673003653,9.16461811517627e-17,7.717988072909737e-15,True,True
sroa,dce,0.1557377049180328,0.0798892669178076,732,56.934793750984916,4.505043103233876e-14,2.3522331723018477e-12,True,True
sroa,adce,0.15338345864661654,0.07991957434585767,665,48.53728642541476,3.2406840504862354e-12,1.1432899767300988e-10,True,True
sroa,dse,0.15625,0.07990844678697465,672,52.96432822923108,3.3966123570905153e-13,1.461663075864446e-11,True,True
sroa,jump-threading,0.15419847328244274,0.07992048982643622,655,48.875068862354986,2.7279633025140264e-12,9.845810407967674e-11,True,True
sroa,loop-idiom,0.1476608187134503,0.07993105775281104,684,42.43103613737284,7.321890421312498e-11,2.070218259195649e-09,True,True
sroa,loop-deletion,0.12557427258805512,0.08000638263922132,653,18.338375093978087,1.8494400749778068e-05,0.00023629387711625096,True,True
sroa,gvn,0.17706821480406387,0.07983712478740043,689,88.08218496365807,6.279060992414065e-21,1.2941475182259726e-18,True,True
sroa,gvn-hoist,0.1781874039938556,0.07985064760402467,651,85.14252773103574,2.776148968774752e-20,4.726695374661708e-18,True,True
sroa,gvn-sink,0.18658892128279883,0.07980867439994163,686,105.77193419677612,8.272904449845499e-25,2.9451539841449976e-22,True,True
sroa,newgvn,0.19738751814223512,0.0797732879179605,689,128.88355633804363,7.191607354320222e-30,4.6937223999196654e-27,True,True
sroa,early-cse,0.17118402282453637,0.07985061355148497,701,79.07007315886058,5.994554890019978e-19,7.696615393219093e-17,True,True
sroa,mergereturn,0.15843023255813954,0.07989603757238611,688,57.38079481059131,3.5909662850408135e-14,1.9003005367864632e-12,True,True
sroa,globalopt,0.13190184049079753,0.07998778186062203,652,23.765632382633402,1.0880803775960394e-06,1.7215849529964e-05,True,True
sroa,strip-dead-prototypes,0.17787742899850523,0.07984352274437033,669,86.95146142295243,1.1121748284104798e-20,2.233475193874584e-18,True,True
sroa,indvars,0.1453804347826087,0.07992264961552846,736,42.63496316412469,6.596961217191239e-11,1.8925787638476843e-09,True,True
sroa,mergeicmps,0.1437216338880484,0.07995003123048094,661,36.35549944101371,1.644146305004102e-09,3.969359377255416e-08,True,True
sroa,separate-const-offset-from-gep,0.13949843260188088,0.0799690007293946,638,30.580436878022596,3.203072371814346e-08,6.41597514476981e-07,True,True
sroa,libcalls-shrinkwrap,0.1474164133738602,0.07993981945837512,658,40.5183853769292,1.9477464477786747e-10,5.260258682414683e-09,True,True
sroa,flattencfg,0.15789473684210525,0.07991940593788605,627,51.565983158553756,6.92307761170858e-13,2.7805919925590566e-11,True,True
sroa,loop-reduce,0.12857142857142856,0.08000255278800919,630,20.10166453471763,7.3432738287862515e-06,0.00010143301697893108,True,True
sroa,loop-rotate,0.13793103448275862,0.07996589629372956,667,30.308308382483805,3.6854388284938745e-08,7.307432127788361e-07,True,True
sroa,partial-inliner,0.15527065527065528,0.07990113818765504,702,53.921427519826835,2.086695564405718e-13,9.23333314148338e-12,True,True
sroa,lower-expect,0.15926493108728942,0.07990608402288632,653,55.62034949521679,8.790890204212258e-14,4.12276958559224e-12,True,True
sroa,alignment-from-assumptions,0.15702479338842976,0.07988708088584041,726,58.40572294177339,2.132697203752192e-14,1.1680618531319698e-12,True,True
sroa,rpo-function-attrs,0.1205564142194745,0.08002242980428628,647,14.377540028991294,0.0001495757987037188,0.0015100315986766252,True,True
sroa,attributor,0.1437037037037037,0.07994601569374848,675,37.106941942356315,1.1182491065544798e-09,2.762816089127661e-08,True,True
sroa,inferattrs,0.14788732394366197,0.07992229396957426,710,44.3451710694797,2.752902262002474e-11,8.488476581103691e-10,True,True
sroa,called-value-propagation,0.17872968980797638,0.07983731608008353,677,89.53577202977198,3.011437873609249e-21,6.738737550316469e-19,True,True
sroa,licm,0.1562021439509954,0.07991520207891678,653,51.397669243120745,7.54280383587239e-13,2.9835979617450787e-11,True,True
sroa,loop-simplify,0.15514592933947774,0.07991903240071667,651,49.82657975068027,1.6795323693090404e-12,6.234169439065595e-11,True,True
sroa,div-rem-pairs,0.1643192488262911,0.07989642549428107,639,61.599637100970476,4.2089620318803305e-15,2.747049219473896e-13,True,True
sroa,float2int,0.15639097744360902,0.07991045579096624,665,52.60528779093899,4.077898046905929e-13,1.6988349735833637e-11,True,True
sroa,inline,0.15151515151515152,0.07992687085685107,660,45.745014804869484,1.3469169739438476e-11,4.377200721961915e-10,True,True
sroa,sink,0.14225352112676057,0.07994053482178687,710,37.276269168788495,1.0252461361024585e-09,2.5410530816311563e-08,True,True
sroa,loop-vectorize,0.12954876273653565,0.07998686796375923,687,22.819968916961756,1.7790756382132683e-06,2.7591525541557064e-05,True,True
sroa,slp-vectorizer,0.15983026874115983,0.07988471939112868,707,61.0985491826238,5.42881312508749e-15,3.428908419006873e-13,True,True
sroa,callsite-splitting,0.15229885057471265,0.07991263189574195,696,49.3134862896691,2.1815752630168774e-12,7.947022074394504e-11,True,True
sroa,dfa-jump-threading,0.16022889842632332,0.07988636519090374,699,61.010834180385835,5.6761577925174065e-15,3.5004462859052223e-13,True,True
sroa,consthoist,0.13855421686746988,0.0799648025385941,664,30.82580632829398,2.8225921538937172e-08,5.697562306519482e-07,True,True
sroa,mldst-motion,0.12861736334405144,0.08000419371307708,622,19.883345949174434,8.231428488181065e-06,0.00011290463733701243,True,True
sroa,slsr,0.15465465465465467,0.07991537942479894,666,50.31252178797148,1.3111027483422165e-12,5.0584023275942066e-11,True,True
sroa,loop-interchange,0.1407185628742515,0.0799571422058086,668,33.352810350609694,7.686666024362888e-09,1.7102831904207428e-07,True,True
sroa,loop-fusion,0.13617021276595745,0.07996151267938328,705,30.117787375899084,4.065848264931604e-08,8.021089070766832e-07,True,True
sroa,loop-distribute,0.16220238095238096,0.07989020909513692,672,61.57289973448527,4.266506267257762e-15,2.761593147534115e-13,True,True
sroa,loop-load-elim,0.1336405529953917,0.07998285821096254,651,25.350048982234306,4.781402461305568e-07,8.272984030717248e-06,True,True
sroa,loop-sink,0.18037518037518038,0.07982490139303709,693,94.7437175497589,2.167001396758364e-22,6.061412478361253e-20,True,True
sroa,loop-unroll-and-jam,0.1381668946648427,0.07994819101825629,731,33.49791736758481,7.1340339663110004e-09,1.5963929721185073e-07,True,True
sroa,hotcoldsplit,0.13117283950617284,0.07999088215181217,648,22.958764832157318,1.6551382738299513e-06,2.5720323334595593e-05,True,True
sroa,irce,0.17457886676875958,0.07986049374273405,653,79.23398031164739,5.51729230402648e-19,7.323971750022948e-17,True,True
sroa,nary-reassociate,0.15813953488372093,0.07991228750005698,645,53.385275024837505,2.7414405901583686e-13,1.1994951230234828e-11,True,True
sroa,scalarizer,0.17345399698340874,0.07985957553514031,663,78.54589437619279,7.8161110135403535e-19,9.873513138394846e-17,True,True
sroa,vector-combine,0.15660919540229884,0.07989895212993954,696,55.3809811750868,9.929251342791495e-14,4.628922411710893e-12,True,True
sroa,always-inline,0.13650306748466257,0.07997410483893028,652,28.178731582570155,1.1061338884431248e-07,2.0432171260109795e-06,True,True
sroa,globalsplit,0.1761194029850746,0.07984844616282463,670,83.97723116201182,5.0050598017858927e-20,8.166589243247316e-18,True,True
sroa,lowerswitch,0.139937106918239,0.07996827162407345,636,30.936546760626175,2.666037377583364e-08,5.409431280112152e-07,True,True
sroa,early-cse-memssa,0.173974540311174,0.0798391178844549,707,84.7126889165089,3.450290305105332e-20,5.749505036081906e-18,True,True
sroa,simple-loop-unswitch,0.17664233576642335,0.07984022834943665,685,86.80138707942093,1.1998535056629334e-20,2.292012843012706e-18,True,True
sroa,loop-versioning,0.13596491228070176,0.0799675351322761,684,29.004135318238625,7.222395618174512e-08,1.3864167274887935e-06,True,True
sroa,loop-flatten,0.1717171717171717,0.07985226055037505,693,79.08300814289889,5.955434760678045e-19,7.696615393219093e-17,True,True
sroa,loop-reroll,0.16491754122938532,0.07988382855136757,667,65.2244204712996,6.683613159937443e-16,4.9383073838330236e-14,True,True
sroa,loop-instsimplify,0.17546583850931677,0.07986177594208449,644,79.61340785051,4.55325103228816e-19,6.148458980151874e-17,True,True
sroa,loop-simplifycfg,0.14348462664714495,0.07994437224996011,683,37.28971225457789,1.0182031641262446e-09,2.531608629027539e-08,True,True
sroa,loop-predication,0.15864022662889518,0.07988891523630592,706,59.20319875082456,1.4220249432606635e-14,8.070506779432983e-13,True,True
sroa,speculative-execution,0.14449213161659513,0.07993652501835394,699,39.38980705192872,3.47104126615383e-10,9.122548723663354e-09,True,True
sroa,partially-inline-libcalls,0.1372854914196568,0.0799746531909171,641,28.476403767017445,9.484740463437134e-08,1.7789933407248034e-06,True,True
sroa,load-store-vectorizer,0.17087667161961367,0.07986321668756412,673,75.3904781172996,3.862482093376097e-18,4.2606985570875476e-16,True,True
sroa,iroutliner,0.22424242424242424,0.07970803052822584,660,186.46714373704953,1.877216984317403e-42,1.8377954276467375e-39,True,True
sroa,global-merge,0.14634146341463414,0.07993123606367504,697,41.56668764118971,1.1391792536478393e-10,3.1751074429074294e-09,True,True
sroa,break-crit-edges,0.15014577259475217,0.07992266725031007,686,45.74553024520182,1.3465626050112587e-11,4.377200721961915e-10,True,True
sroa,unreachableblockelim,0.16124260355029585,0.07989166613472429,676,60.50010253367836,7.35746467030516e-15,4.4325894844484625e-13,True,True
instsimplify,mem2reg,0.11290322580645161,0.08003975998103194,682,9.960554368716023,0.001599298900434787,0.011233819720363454,True,True
instsimplify,sroa,0.13372093023255813,0.07997355341753681,688,26.875930717595185,2.1694391558515828e-07,3.94223839179341e-06,True,True
instsimplify,globaldce,0.11773940345368916,0.08003245791184395,637,12.250213302867946,0.00046520497664664684,0.004034867527238691,True,True
instsimplify,instcombine,0.15813953488372093,0.07991228750005698,645,53.385275024837505,2.7414405901583686e-13,1.1994951230234828e-11,True,True
instsimplify,adce,0.11194029850746269,0.08004449956229939,670,9.218026345584299,0.00239643746631769,0.015838732688776495,True,True
instsimplify,jump-threading,0.1244309559939302,0.08000857120712687,659,17.587621341175176,2.7436849873231136e-05,0.0003341919256720782,True,True
instsimplify,early-cse,0.12363067292644757,0.08001495265751576,639,16.441616235470356,5.017157304298815e-05,0.0005736405256535521,True,True
instsimplify,indvars,0.10866372980910426,0.0800530738611234,681,7.538364483582125,0.006039884391973612,0.03291884102848805,True,True
instsimplify,loop-sink,0.11126961483594865,0.08004213463932475,701,9.243292268972873,0.002363596169773001,0.01570117489538774,True,True
instsimplify,early-cse-memssa,0.12874251497005987,0.07999361692426936,668,21.46872242519715,3.5964724320284156e-06,5.294656407452359e-05,True,True
instsimplify,loop-instsimplify,0.10741301059001512,0.08005945189366136,661,6.688721667131157,0.009702475318674898,0.04791285415880315,True,True
instsimplify,loop-simplifycfg,0.10755813953488372,0.08005562901828461,688,7.037098754447817,0.007983825795943875,0.04097596568403174,True,True
instsimplify,iroutliner,0.11144578313253012,0.08004686915845241,664,8.853304181179581,0.002925588010288167,0.01862862219233896,True,True
constmerge,mem2reg,0.11240875912408758,0.0800408548512856,685,9.704791356823204,0.0018378818907967389,0.012704581614051243,True,True
constmerge,sroa,0.14518760195758565,0.07995988786835928,613,35.28042566268001,2.854870144278117e-09,6.694414062870123e-08,True,True
constmerge,instcombine,0.15179968701095461,0.07993289539066097,639,44.63904792791897,2.3691915595936797e-11,7.415624184456597e-10,True,True
constmerge,dce,0.10944527736131934,0.08005252335511168,667,7.793068727095731,0.005244704037209362,0.029466658550519168,True,True
constmerge,dse,0.10966810966810966,0.08004833451129705,693,8.221430251299477,0.004139855932355897,0.024745324991358134,True,True
constmerge,loop-idiom,0.11789181692094314,0.08001751209657192,721,13.983625345824526,0.00018440968686588488,0.0018259123483357906,True,True
constmerge,gvn-sink,0.11343283582089553,0.08003994018091626,670,10.103669584613147,0.0014797437910130185,0.01051665460182755,True,True
constmerge,newgvn,0.11800302571860817,0.08002753753356706,661,12.892056001696137,0.00032997973872786967,0.0029877471834874854,True,True
constmerge,dfa-jump-threading,0.10869565217391304,0.08005179929596731,690,7.655411277886897,0.00566022862518714,0.0313292654363715,True,True
constmerge,globalsplit,0.1111111111111111,0.08004887367158899,657,8.573393407523136,0.003411108111885082,0.021135916718579083,True,True
constmerge,early-cse-memssa,0.125,0.07999598697591273,712,19.498242903952907,1.0069226264273512e-05,0.000135037979626353,True,True
function-attrs,mem2reg,0.13704819277108435,0.07996936179525291,664,29.256762865633668,6.339457936773675e-08,1.2289761029903818e-06,True,True
function-attrs,sroa,0.14837712519319937,0.07994036954470232,647,40.984988630115986,1.5340296055809422e-10,4.21562100733682e-09,True,True
function-attrs,instcombine,0.1558641975308642,0.07991793936630955,648,50.550738059265115,1.1612351112007111e-12,4.5247728313054573e-11,True,True
function-attrs,simplifycfg,0.11194029850746269,0.08004449956229939,670,9.218026345584299,0.00239643746631769,0.015838732688776495,True,True
function-attrs,dse,0.11030478955007257,0.08004687450127446,689,8.530132333523254,0.0034931430054950478,0.021423880985933605,True,True
function-attrs,jump-threading,0.11637931034482758,0.08002662994409536,696,12.437319825738005,0.00042083926700463086,0.0037033855496407518,True,True
function-attrs,gvn,0.1188707280832095,0.08002279721873931,673,13.735392691955676,0.00021045107945457273,0.002024880656373727,True,True
function-attrs,gvn-hoist,0.1134020618556701,0.08003866514073107,679,10.220888349322793,0.0013885895232821507,0.010032687404378049,True,True
function-attrs,gvn-sink,0.11594202898550725,0.08002900031006621,690,12.033992136628248,0.0005223907277170551,0.004451974079956448,True,True
function-attrs,newgvn,0.13009404388714735,0.0799963530269876,638,21.6578642323951,3.2587123789474936e-06,4.8429289092821195e-05,True,True
function-attrs,early-cse,0.11128284389489954,0.0800497832241476,647,8.536406399105053,0.0034811224172712953,0.021423880985933605,True,True
function-attrs,mergereturn,0.10714285714285714,0.08005890774463584,672,6.666309490706148,0.009825243455495809,0.04830590504924242,True,True
function-attrs,loop-fusion,0.1062937062937063,0.08005636551853085,715,6.655071591181787,0.009887399846509125,0.04858100100242124,True,True
function-attrs,early-cse-memssa,0.15204678362573099,0.07991737873551163,684,48.12261836791484,4.003812101448534e-12,1.375344578006356e-10,True,True
function-attrs,simple-loop-unswitch,0.11179173047473201,0.08004741389135836,653,8.899692011055846,0.002852187594986386,0.018250272258115503,True,True
function-attrs,loop-simplifycfg,0.10983606557377049,0.08005907342242967,610,7.316551782976531,0.00683223777469516,0.03635196076862262,True,True
function-attrs,speculative-execution,0.11273792093704246,0.080040124934455,683,9.87479511578882,0.0016755825412893902,0.011696223229392606,True,True
function-attrs,partially-inline-libcalls,0.12005649717514125,0.08001276848009485,708,15.350523806699904,8.929616758133719e-05,0.0009699966497878403,True,True
deadargelim,mem2reg,0.10835913312693499,0.08005853605164302,646,6.997894756049581,0.008160563259428677,0.04169180133584175,True,True
deadargelim,sroa,0.1513353115727003,0.07992285386004268,674,46.48320961127384,9.240687873780767e-12,3.079704996912807e-10,True,True
deadargelim,instcombine,0.15056818181818182,0.07991554716499312,704,47.51800786014452,5.450098150515814e-12,1.8478428015082188e-10,True,True
deadargelim,simplifycfg,0.13009404388714735,0.0799963530269876,638,21.6578642323951,3.2587123789474936e-06,4.8429289092821195e-05,True,True
deadargelim,adce,0.10778443113772455,0.0800574476815757,668,6.945153380989658,0.008404663047674609,0.04260538575364889,True,True
deadargelim,loop-deletion,0.11380880121396054,0.08004048527621627,659,10.163005774245532,0.0014328682082501165,0.010286181307988005,True,True
deadargelim,gvn-sink,0.12518195050946143,0.0800005471681767,687,18.964381271144088,1.3318160664556842e-05,0.0001744278165966709,True,True
deadargelim,newgvn,0.1318840579710145,0.07997884254108377,690,25.137822457399746,5.337564113406005e-07,9.068069877699747e-06,True,True
deadargelim,loop-unroll-and-jam,0.10846953937592868,0.08005471332497435,673,7.348442486353017,0.0067120880435395875,0.03578561848672706,True,True
deadargelim,early-cse-memssa,0.12187958883994127,0.08001203737056407,681,16.142716809081698,5.874402338988238e-05,0.00066294407952386,True,True
deadargelim,iroutliner,0.11827956989247312,0.08002844807542388,651,12.882588490419687,0.00033165321114904807,0.002992520679400166,True,True
globaldce,ipsccp,0.11394302848575712,0.08003884539805135,667,10.368943681159323,0.001281528513084334,0.009459878712984452,True,True
globaldce,mem2reg,0.1393103448275862,0.07994600338390956,725,34.54431358612753,4.166569555529803e-09,9.541687941201583e-08,True,True
globaldce,sroa,0.15789473684210525,0.07989914004577911,684,56.26842024664559,6.322274979702781e-14,3.114217461700137e-12,True,True
globaldce,deadargelim,0.11674347158218126,0.08003300706187,651,11.865732164092275,0.0005717628767328112,0.004794721092946318,True,True
globaldce,instcombine,0.13839285714285715,0.07996315986248781,672,31.026212129951585,2.5456718296412162e-08,5.205666258420367e-07,True,True
globaldce,gvn-sink,0.11823361823361823,0.08001969940172188,702,13.86159065534092,0.0001967792752497872,0.0019121281436182795,True,True
globaldce,partial-inliner,0.1143740340030912,0.08004066541752716,647,10.315227836632575,0.0013193700670059753,0.009675380491377152,True,True
globaldce,called-value-propagation,0.1145374449339207,0.0800348354208748,681,10.962898375936048,0.0009295431044036135,0.007258406374565405,True,True
globaldce,hotcoldsplit,0.10823170731707317,0.08005762690228045,656,7.042506101167437,0.007959757765525637,0.04095980474349329,True,True
globaldce,early-cse-memssa,0.1163141993957704,0.08003246161140898,662,11.78544981092088,0.0005969546646226865,0.004968489833501468,True,True
globaldce,iroutliner,0.10795454545454546,0.0800523498134924,704,7.411024708611201,0.0064825390408615275,0.034801324261347494,True,True
elim-avail-extern,mem2reg,0.11988304093567251,0.08001769152904055,684,14.69994470658471,0.00012605014726837013,0.0013233575782920575,True,True
elim-avail-extern,sroa,0.13725490196078433,0.07995567392057788,714,31.696024373940052,1.802908904501829e-08,3.745459559697168e-07,True,True
elim-avail-extern,instcombine,0.14969135802469136,0.0799361750626852,648,42.64495914483339,6.563335029717519e-11,1.8898544100274856e-09,True,True
elim-avail-extern,memcpyopt,0.10644257703081232,0.08005600043778843,714,6.7216105640878645,0.009525157262998896,0.04724574520823771,True,True
elim-avail-extern,gvn-sink,0.11160058737151249,0.0800439546409991,681,9.170706890407686,0.002459195632097937,0.0162195991233615,True,True
elim-avail-extern,newgvn,0.11937984496124031,0.08002625904364198,645,13.510580518256646,0.00023722214416850622,0.002238462449551495,True,True
elim-avail-extern,early-cse-memssa,0.1071932299012694,0.08005417508402154,709,7.060811419348795,0.007878830382383963,0.04059671023344158,True,True
elim-avail-extern,loop-versioning,0.10778443113772455,0.0800574476815757,668,6.945153380989658,0.008404663047674609,0.04260538575364889,True,True
elim-avail-extern,iroutliner,0.11746987951807229,0.08002863213181723,664,12.58858018078933,0.00038811086632493014,0.003458116388005521,True,True
mergefunc,correlated-propagation,0.11079545454545454,0.08004322963692577,704,9.00232290591696,0.0026963666875610068,0.01740968169577725,True,True
mergefunc,mem2reg,0.12756598240469208,0.07999416367250907,682,20.87162655364117,4.9111570203515196e-06,7.019011274341807e-05,True,True
mergefunc,sroa,0.1747269890795632,0.07986524250422827,641,78.01782777751679,1.021147563799586e-18,1.2496293311997434e-16,True,True
mergefunc,instcombine,0.1754636233951498,0.07983693347378214,701,86.67843241026674,1.276816777239298e-20,2.3255881393809724e-18,True,True
mergefunc,gvn,0.11128284389489954,0.0800497832241476,647,8.536406399105053,0.0034811224172712953,0.021423880985933605,True,True
mergefunc,gvn-sink,0.12609970674486803,0.07999872330336136,682,19.60095198351592,9.542164118341895e-06,0.0001284093288227727,True,True
mergefunc,loop-simplify,0.10946745562130178,0.08005124884872471,676,7.910507132758819,0.004914848965982137,0.02817942686791515,True,True
mergefunc,div-rem-pairs,0.10827067669172932,0.08005635266922898,665,7.159241575417027,0.007457872397674994,0.039096423439484974,True,True
mergefunc,early-cse-memssa,0.12743628185907047,0.07999781152687034,667,20.29968503743699,6.621148243424659e-06,9.26014875758963e-05,True,True
instcombine,bdce,0.14909638554216867,0.07993288774198255,664,42.95661282222077,5.596740317931413e-11,1.6295044672876887e-09,True,True
instcombine,ipsccp,0.1534954407294833,0.07992158293061001,658,48.171801008321765,3.904634405883353e-12,1.3471848751928818e-10,True,True
instcombine,correlated-propagation,0.15256797583081572,0.07992304044935623,662,47.24770149251627,6.2559300407094264e-12,2.0938651315741977e-10,True,True
instcombine,mem2reg,0.18922852983988356,0.07979991883672045,687,111.24513293048018,5.228847777445578e-26,2.5595209870596106e-23,True,True
instcombine,sroa,0.24925816023738873,0.07962192920063468,674,262.2922011433789,5.4309936875006865e-59,1.4178514186835126e-55,True,True
instcombine,instsimplify,0.14831130690161526,0.07992996438944541,681,43.06225299127594,5.302548548115139e-11,1.5554142407804407e-09,True,True
instcombine,constmerge,0.1611842105263158,0.07991704270933042,608,54.319123138966376,1.7043510737626e-13,7.671538856154415e-12,True,True
instcombine,function-attrs,0.1749271137026239,0.07984515211205953,686,83.86579546499011,5.295281722845993e-20,8.463805398638739e-18,True,True
instcombine,deadargelim,0.14678899082568808,0.07994292070902327,654,39.52367882063073,3.241055518359232e-10,8.575657709388346e-09,True,True
instcombine,globaldce,0.15527065527065528,0.07990113818765504,702,53.921427519826835,2.086695564405718e-13,9.23333314148338e-12,True,True
instcombine,elim-avail-extern,0.16228070175438597,0.07988546102847971,684,62.79554083419973,2.2931743609375416e-15,1.5617514430315502e-13,True,True
instcombine,mergefunc,0.1441717791411043,0.07995130980277734,652,36.368581198401785,1.633147737565856e-09,3.969359377255416e-08,True,True
instcombine,simplifycfg,0.17220543806646527,0.07986377065324433,662,76.34233285114473,2.3851565381463912e-18,2.7881411950391845e-16,True,True
instcombine,tailcallelim,0.13102409638554216,0.07998759882188808,664,23.390411249029732,1.3223605102973026e-06,2.0814079829116805e-05,True,True
instcombine,reassociate,0.15512048192771086,0.07991465071534737,664,50.79011116220395,1.0279029374324614e-12,4.025267902985519e-11,True,True
instcombine,memcpyopt,0.1523809523809524,0.07993417453776303,630,44.72538295919026,2.266992889694114e-11,7.159309803259799e-10,True,True
instcombine,sccp,0.15315315315315314,0.07991993872303176,666,48.30527021306486,3.647705364591994e-12,1.2697257073548663e-10,True,True
instcombine,dce,0.1674074074074074,0.07987306392854375,675,69.94344220529855,6.10294619430046e-17,5.370592650984405e-15,True,True
instcombine,adce,0.14556040756914118,0.07993671088089517,687,40.007427642416026,2.5299899646473527e-10,6.762758158060773e-09,True,True
instcombine,dse,0.16120218579234974,0.07987102423540357,732,65.46337901651103,5.920394570732798e-16,4.416050502664693e-14,True,True
instcombine,jump-threading,0.16167664670658682,0.07989331144850226,668,60.423549045346114,7.649236379479869e-15,4.57319231481575e-13,True,True
instcombine,loop-idiom,0.13933236574746008,0.07995567897350314,689,32.848057386792995,9.965060428408689e-09,2.1559766098148302e-07,True,True
instcombine,loop-deletion,0.15165165165165165,0.07992449802126457,666,46.338878164400164,9.947052042027782e-12,3.2871439490785475e-10,True,True
instcombine,gvn,0.1518624641833811,0.07991336069311446,698,48.85926412562876,2.75003417761871e-12,9.879939302343916e-11,True,True
instcombine,gvn-hoist,0.15673981191222572,0.0799188548504741,638,50.92600833606273,9.59142256470198e-13,3.7748754536053217e-11,True,True
instcombine,gvn-sink,0.12716763005780346,0.07999325143862913,692,20.82433197759755,5.033934694457945e-06,7.168323004908114e-05,True,True
instcombine,newgvn,0.1819526627218935,0.07982783304912412,676,95.34406796320896,1.6001127277988871e-22,4.641512179304031e-20,True,True
instcombine,early-cse,0.15037593984962405,0.0799286929007491,665,44.63296819016442,2.3765598446100686e-11,7.415624184456597e-10,True,True
instcombine,mergereturn,0.16486902927580893,0.07989095003852309,649,63.386426767869196,1.6988458687713116e-15,1.177465561435125e-13,True,True
instcombine,globalopt,0.14947683109118087,0.07993015059568047,669,43.75997663041611,3.712193534594424e-11,1.126895339648974e-09,True,True
instcombine,strip-dead-prototypes,0.13984962406015036,0.07996060784286906,665,32.256859017695035,1.3507940266892166e-08,2.867051169926814e-07,True,True
instcombine,indvars,0.16666666666666666,0.07985753244739555,720,73.36019909155243,1.080225214433122e-17,1.0846569076205398e-15,True,True
instcombine,mergeicmps,0.15963855421686746,0.07990097294537099,664,57.09554826293053,4.1514432682587724e-14,2.1821546091948126e-12,True,True
instcombine,libcalls-shrinkwrap,0.18057663125948406,0.07983988255622575,659,90.4438887408995,1.9029779034095035e-21,4.383565570442127e-19,True,True
instcombine,flattencfg,0.1659056316590563,0.07988474566998419,657,65.74990128229409,5.119313350958353e-16,3.930829623990767e-14,True,True
instcombine,loop-reduce,0.16850393700787403,0.07988585130582641,635,67.45030604091491,2.1606495646001188e-16,1.7627299364529302e-14,True,True
instcombine,loop-rotate,0.17606602475928473,0.07982359728372652,727,91.04389699400683,1.4051990049950648e-21,3.5501672926197896e-19,True,True
instcombine,partial-inliner,0.15211267605633802,0.0799086133304148,710,50.04936580301121,1.4992624028751033e-12,5.700108320057189e-11,True,True
instcombine,lower-expect,0.1476407914764079,0.07993945500385245,657,40.72693866188167,1.750571958948044e-10,4.744110582173384e-09,True,True
instcombine,alignment-from-assumptions,0.1638888888888889,0.07986665328943168,720,68.72553305464187,1.131662040255344e-16,9.428911807744524e-15,True,True
instcombine,rpo-function-attrs,0.15915915915915915,0.07990170153010048,666,56.57943367014285,5.3973406358346764e-14,2.6924822840673365e-12,True,True
instcombine,attributor,0.17790530846484937,0.07983091732367842,697,90.65394856413641,1.711301941464151e-21,4.0614899410749187e-19,True,True
instcombine,inferattrs,0.16395864106351551,0.07988291134911842,677,64.71609003103423,8.650558760806836e-16,6.21570423987515e-14,True,True
instcombine,called-value-propagation,0.15760869565217392,0.07988160283131596,736,60.11573038336099,8.944066744773232e-15,5.306812935232118e-13,True,True
instcombine,licm,0.15429403202328967,0.07990935247206023,687,51.40273636578413,7.52336022303886e-13,2.9835979617450787e-11,True,True
instcombine,loop-simplify,0.1278538812785388,0.0799987234488764,657,20.349080424492232,6.4524089032795345e-06,9.089076714116063e-05,True,True
instcombine,div-rem-pairs,0.15680473372781065,0.07990534465306717,676,54.060090248818746,1.9445098203390924e-13,8.702514807369012e-12,True,True
instcombine,float2int,0.17725258493353027,0.07984187560698702,677,86.87291440315855,1.1572343098703068e-20,2.2658647787260604e-18,True,True
instcombine,inline,0.17065868263473055,0.07986595540965669,668,74.46954802825826,6.158088051516383e-18,6.346071792036357e-16,True,True
instcombine,sink,0.14739884393063585,0.0799294136959317,692,42.59638926781663,6.72834731953775e-11,1.923226868854732e-09,True,True
instcombine,loop-vectorize,0.1324404761904762,0.07998139755432553,672,25.009372902352784,5.70522949070162e-07,9.630033916201529e-06,True,True
instcombine,slp-vectorizer,0.15933232169954475,0.07990371069440455,659,56.22860426545284,6.451608219838064e-14,3.13844693029638e-12,True,True
instcombine,callsite-splitting,0.16134185303514376,0.07990992469412687,626,56.14965084094855,6.715952613430771e-14,3.2269534275085767e-12,True,True
instcombine,dfa-jump-threading,0.13707165109034267,0.07997501777931763,642,28.307899281658724,1.0347287881601042e-07,1.92116005167999e-06,True,True
instcombine,consthoist,0.15474452554744525,0.07990862374779426,685,51.87726046248021,5.908069146558766e-13,2.40999987270043e-11,True,True
instcombine,mldst-motion,0.16422287390029325,0.07988017290120192,682,65.60724398024797,5.503609747780914e-16,4.1848807324873904e-14,True,True
instcombine,slsr,0.14905149051490515,0.07990969625102617,738,47.697888754222106,4.972268097453024e-12,1.6931653799674822e-10,True,True
instcombine,loop-interchange,0.16951566951566951,0.07985553772070626,702,76.30775239533342,2.4272912845767756e-18,2.7956684324713687e-16,True,True
instcombine,loop-fusion,0.16766467065868262,0.07987507408927187,668,69.62459811208586,7.173667087656718e-17,6.240283665742819e-15,True,True
instcombine,loop-distribute,0.16818181818181818,0.07987671994820779,660,69.60356182729014,7.25058495381252e-17,6.240283665742819e-15,True,True
instcombine,loop-load-elim,0.15748031496062992,0.07991776188327111,635,51.670586123191505,6.563878168596403e-13,2.6636421666552865e-11,True,True
instcombine,loop-sink,0.15976331360946747,0.07989622564083858,676,58.313174841244596,2.2354204613368514e-14,1.2158203509159876e-12,True,True
instcombine,loop-unroll-and-jam,0.13374805598755832,0.07998450001139705,643,25.1383388635165,5.336134987377804e-07,9.068069877699747e-06,True,True
instcombine,hotcoldsplit,0.16203703703703703,0.0798997036699339,648,59.128374045466686,1.4771385319967726e-14,8.322984879567426e-13,True,True
instcombine,irce,0.15789473684210525,0.07991265181078815,646,53.133190641712886,3.1168123755876743e-13,1.3561596958668147e-11,True,True
instcombine,nary-reassociate,0.1593984962406015,0.07990133723607483,665,56.83697228673709,4.7348030262844796e-14,2.423724006657519e-12,True,True
instcombine,scalarizer,0.14018691588785046,0.07996590018052846,642,31.490734635683488,2.0039419033148048e-08,4.119389235370486e-07,True,True
instcombine,vector-combine,0.14502762430939226,0.07992739677298723,724,41.48516406904868,1.1876885464798656e-10,3.2869175604347375e-09,True,True
instcombine,always-inline,0.15328467153284672,0.07991318344101808,685,49.8668224583886,1.64543561320778e-12,6.136691296496825e-11,True,True
instcombine,globalsplit,0.12481644640234948,0.08000291815043978,681,18.49438007006986,1.704060345546974e-05,0.00021914943557182104,True,True
instcombine,lowerswitch,0.14130434782608695,0.07996207044321052,644,32.77580071947546,1.0342439117154998e-08,2.2314595913376846e-07,True,True
instcombine,early-cse-memssa,0.168141592920354,0.07986959693598394,678,71.44238074066838,2.854740451034576e-17,2.6937743629521447e-15,True,True
instcombine,simple-loop-unswitch,0.16096866096866097,0.07988289800087553,702,62.41071111587995,2.7880273950349037e-15,1.8823991860270144e-13,True,True
instcombine,loop-versioning,0.15843023255813954,0.07989603757238611,688,57.38079481059131,3.5909662850408135e-14,1.9003005367864632e-12,True,True
instcombine,loop-flatten,0.1676470588235294,0.07987032528109868,680,70.85069485298163,3.853079436067773e-17,3.5502727227391526e-15,True,True
instcombine,loop-reroll,0.15789473684210525,0.07990589651352054,665,54.7006696475538,1.4035845759785242e-13,6.3912060459673264e-12,True,True
instcombine,loop-instsimplify,0.15601783060921248,0.07990881112504275,673,52.7202607853424,3.846030462178184e-13,1.6217052220173518e-11,True,True
instcombine,loop-simplifycfg,0.13569321533923304,0.07996990698522706,678,28.469760318563818,9.517341799842858e-08,1.7789933407248034e-06,True,True
instcombine,loop-predication,0.1437216338880484,0.07995003123048094,661,36.35549944101371,1.644146305004102e-09,3.969359377255416e-08,True,True
instcombine,speculative-execution,0.14396284829721362,0.07995368175352857,646,35.79814764813837,2.1885587892066105e-09,5.209967306099141e-08,True,True
instcombine,partially-inline-libcalls,0.15169366715758467,0.07992011636018767,679,47.30172616558593,6.085859980998646e-12,2.0456847798790296e-10,True,True
instcombine,load-store-vectorizer,0.16440422322775264,0.07988693095037272,663,64.04934767187024,1.2134146290849873e-15,8.561678716210469e-14,True,True
instcombine,iroutliner,0.24210526315789474,0.07965057697656075,665,237.35162259726152,1.4865622797152584e-53,2.910688943682476e-50,True,True
instcombine,global-merge,0.16434108527131783,0.07989405205308339,645,62.21200238977632,3.084025332623544e-15,2.0469564750091184e-13,True,True
instcombine,break-crit-edges,0.13852813852813853,0.07995713732017054,693,32.14764453034775,1.4288982535448859e-08,3.008368581119233e-07,True,True
instcombine,unreachableblockelim,0.1882183908045977,0.07979863384738853,696,110.6294579581534,7.133167637446934e-26,3.286292290381434e-23,True,True
simplifycfg,ipsccp,0.10849056603773585,0.08005944511811526,636,6.953581854171434,0.008365158166365584,0.04248762565432895,True,True
simplifycfg,correlated-propagation,0.11046511627906977,0.08004650950709041,688,8.608502387177207,0.0033459731445854577,0.020781650807607695,True,True
simplifycfg,mem2reg,0.12121212121212122,0.08001805432711158,660,15.147091468150002,9.945139794474441e-05,0.0010684545249701484,True,True
simplifycfg,sroa,0.15254237288135594,0.07992742159754547,649,46.28439060238126,1.022755199164826e-11,3.3656381175877803e-10,True,True
simplifycfg,instsimplify,0.10614525139664804,0.08005673060260304,716,6.588962118364648,0.01026129774544413,0.049948094432764725,True,True
simplifycfg,elim-avail-extern,0.11580594679186229,0.08003774634275321,639,11.057389064267728,0.0008833444867810739,0.006960114708721701,True,True
simplifycfg,instcombine,0.18865248226950354,0.07979278864350435,705,112.9666356875322,2.1943648468004584e-26,1.1457510320094128e-23,True,True
simplifycfg,tailcallelim,0.11467889908256881,0.0800386607338245,654,10.613713108073426,0.0011225204931006722,0.008477898266118096,True,True
simplifycfg,memcpyopt,0.11940298507462686,0.08002170265538372,670,14.052405835725068,0.0001777862495040099,0.0017647135984761777,True,True
simplifycfg,sccp,0.12366412213740458,0.0800116712181378,655,16.88046626113717,3.9809161957225007e-05,0.0004646577592384296,True,True
simplifycfg,dce,0.11604584527220631,0.08002735978112176,698,12.244668818136192,0.000466589341957111,0.004037931189180214,True,True
simplifycfg,dse,0.12465753424657534,0.07999343269423718,730,19.68871687078656,9.113789482817795e-06,0.00012306758487832582,True,True
simplifycfg,loop-idiom,0.11797752808988764,0.08001878824913583,712,13.87128086765832,0.00019576722247063825,0.0019070259780970633,True,True
simplifycfg,loop-deletion,0.10826210826210826,0.08005161972858602,702,7.554246119745363,0.005986883857348318,0.03276678851904404,True,True
simplifycfg,gvn,0.12917271407837447,0.0799875974082231,689,22.539546932786628,2.0586164223539142e-06,3.167599964612152e-05,True,True
simplifycfg,gvn-hoist,0.11538461538461539,0.08002881949511163,702,11.865639569037036,0.0005717913050066217,0.004794721092946318,True,True
simplifycfg,gvn-sink,0.1565217391304348,0.07990132598902001,690,54.77654521116758,1.350428297411794e-13,6.185119546976123e-12,True,True
simplifycfg,newgvn,0.11937984496124031,0.08002625904364198,645,13.510580518256646,0.00023722214416850622,0.002238462449551495,True,True
simplifycfg,mergereturn,0.12735166425470332,0.07999288668396358,691,20.957216636016614,4.696552842696683e-06,6.736886788278465e-05,True,True
simplifycfg,globalopt,0.10775862068965517,0.08005398947570018,696,7.223682888832061,0.007194794255876316,0.03792034226919468,True,True
simplifycfg,strip-dead-prototypes,0.11818181818181818,0.08002717267413763,660,12.9943558037974,0.00031243132017361256,0.002861943976140039,True,True
simplifycfg,indvars,0.11800302571860817,0.08002753753356706,661,12.892056001696137,0.00032997973872786967,0.0029877471834874854,True,True
simplifycfg,flattencfg,0.11705202312138728,0.08002517030997784,692,12.828985116127464,0.0003412908242165978,0.003072401994556775,True,True
simplifycfg,attributor,0.12343966712898752,0.07999927032930951,721,18.395771502802553,1.7945577913326977e-05,0.00023003235060094416,True,True
simplifycfg,inferattrs,0.10872894333843798,0.08005653194738882,653,7.260582300108462,0.007048443365684885,0.037350073369447914,True,True
simplifycfg,called-value-propagation,0.1130030959752322,0.08004485940406288,646,9.490828893936023,0.002065015064084174,0.01397856351072364,True,True
simplifycfg,div-rem-pairs,0.11515151515151516,0.08003629102116368,660,11.006539533866498,0.0009079099006233683,0.007117868209892113,True,True
simplifycfg,float2int,0.11544011544011544,0.08003009507307175,693,11.74995531108757,0.000608446990525781,0.005037375084352977,True,True
simplifycfg,slsr,0.11554921540656206,0.08002845456162191,701,11.959618369739248,0.0005436600472295692,0.004593252955665573,True,True
simplifycfg,loop-distribute,0.12965964343598055,0.0800023703055415,617,20.58031433814326,5.718108801706663e-06,8.09841376762506e-05,True,True
simplifycfg,loop-load-elim,0.10766961651917405,0.08005653839139157,678,6.991005892368774,0.008192030275432763,0.04174364418815186,True,True
simplifycfg,loop-sink,0.1161764705882353,0.08002991090562563,680,12.01487400357426,0.0005277765589261381,0.004492984792945124,True,True
simplifycfg,irce,0.11290322580645161,0.08003975998103194,682,9.960554368716023,0.001599298900434787,0.011233819720363454,True,True
simplifycfg,nary-reassociate,0.10822510822510822,0.08005289437085338,693,7.4374800641666345,0.006387927182143823,0.03440869717369355,True,True
simplifycfg,globalsplit,0.10919540229885058,0.08004942955376604,696,7.9948631574981714,0.004691024553287464,0.027255270253225085,True,True
simplifycfg,lowerswitch,0.1125,0.08004722873111535,640,9.116730633022007,0.0025328222139584656,0.016613956096920186,True,True
simplifycfg,early-cse-memssa,0.14345403899721448,0.07993433053630063,718,39.169006202197146,3.886612769822911e-10,1.014665040441768e-08,True,True
simplifycfg,loop-versioning,0.11659192825112108,0.0800304565287764,669,12.094045787050847,0.0005058309540934813,0.004339176377283839,True,True
simplifycfg,loop-flatten,0.1099236641221374,0.08005270284440351,655,7.90433922984553,0.004931635274511595,0.028254987176280038,True,True
simplifycfg,loop-reroll,0.11926605504587157,0.08002498358742433,654,13.620320129569533,0.0002237505291096096,0.0021344873860980056,True,True
simplifycfg,loop-simplifycfg,0.10843373493975904,0.08005598767177,664,7.231559521797108,0.007163295358326745,0.037805208387072145,True,True
simplifycfg,loop-predication,0.12359550561797752,0.08000054723055736,712,18.296395011080993,1.8906461177454818e-05,0.00024038214925621126,True,True
simplifycfg,partially-inline-libcalls,0.13379310344827586,0.07996424548394011,725,28.402436043820938,9.85412351650641e-08,1.8375594138399573e-06,True,True
simplifycfg,load-store-vectorizer,0.12081513828238719,0.08001422637259417,687,15.465322667107017,8.403289721498663e-05,0.0009217726204310579,True,True
simplifycfg,iroutliner,0.13559322033898305,0.07999252534091737,590,24.67555925588542,6.783905047212338e-07,1.1265239725901503e-05,True,True
tailcallelim,mem2reg,0.1316931982633864,0.07997920723004738,691,24.988992500595128,5.76585541742715e-07,9.711436479417084e-06,True,True
tailcallelim,sroa,0.14583333333333334,0.07994036274769065,672,39.458417043313304,3.3512012858508377e-10,8.837241909354802e-09,True,True
tailcallelim,instcombine,0.15245901639344261,0.07994056192681459,610,43.39521827591461,4.472798069257723e-11,1.3473444030164032e-09,True,True
tailcallelim,simplifycfg,0.11279229711141678,0.0800333833475471,727,10.548159480269296,0.0011630384240363923,0.008725016223230866,True,True
tailcallelim,dse,0.11192930780559647,0.08004322470921352,679,9.335777059960344,0.002247227799173105,0.015042981301815177,True,True
tailcallelim,jump-threading,0.10778443113772455,0.0800574476815757,668,6.945153380989658,0.008404663047674609,0.04260538575364889,True,True
tailcallelim,gvn,0.11077844311377245,0.08004832900196052,668,8.531098193128562,0.0034912897541303453,0.021423880985933605,True,True
tailcallelim,newgvn,0.11808669656203288,0.08002589716818113,669,13.106299291504842,0.00029430448656675564,0.002721360966695195,True,True
tailcallelim,indvars,0.11160714285714286,0.08004522947575755,672,9.052908527391052,0.0026227725287830423,0.01702257965471877,True,True
tailcallelim,rpo-function-attrs,0.10895522388059702,0.08005361832506566,670,7.568588856025567,0.00593942680599942,0.03252978373747375,True,True
tailcallelim,attributor,0.11428571428571428,0.08003811555944614,665,10.548433528522951,0.0011628659941833755,0.008725016223230866,True,True
tailcallelim,early-cse-memssa,0.1263482280431433,0.08000492366046802,649,18.851957101279016,1.4126608401533754e-05,0.0001837867059814159,True,True
tailcallelim,iroutliner,0.11038107752956636,0.08003667264193544,761,9.472352476402177,0.0020859170666515147,0.014095688063860797,True,True
reassociate,mem2reg,0.12,0.08001440961613877,700,15.133585339225393,0.00010016538674485107,0.0010731809972444235,True,True
reassociate,sroa,0.15835777126099707,0.07989841142461106,682,56.77358324341866,4.8899128897826695e-14,2.47082566146954e-12,True,True
reassociate,elim-avail-extern,0.11248285322359397,0.08003411334935627,729,10.377733882729295,0.0012754414451347153,0.009441642153398004,True,True
reassociate,instcombine,0.1738484398216939,0.07985409780006839,673,80.4097515330352,3.0428982903643655e-19,4.181049019321703e-17,True,True
reassociate,gvn,0.12235649546827794,0.08001422475106686,662,16.051598613388144,6.163956529113271e-05,0.0006926270808610493,True,True
reassociate,newgvn,0.12442396313364056,0.08001021212963934,651,17.367995110009424,3.0796841972743785e-05,0.0003705082432112586,True,True
reassociate,loop-interchange,0.11484593837535013,0.08002863866036737,714,11.703005851493018,0.0006239921723075418,0.005160619528524464,True,True
reassociate,early-cse-memssa,0.10866372980910426,0.0800530738611234,681,7.538364483582125,0.006039884391973612,0.03291884102848805,True,True
reassociate,break-crit-edges,0.10892586989409984,0.08005489269936217,661,7.451409302347123,0.006338679951388723,0.03426124318790647,True,True
memcpyopt,mem2reg,0.11859443631039532,0.08002188632788455,683,13.741933245354845,0.00020971953656494864,0.002020323998003294,True,True
memcpyopt,sroa,0.14985163204747776,0.07992741332457916,674,44.56597305588952,2.4592888356833983e-11,7.613102830463389e-10,True,True
memcpyopt,deadargelim,0.11366906474820145,0.08003538483285683,695,10.631149969265019,0.0011119854485634841,0.00840643825593553,True,True
memcpyopt,instcombine,0.1411229135053111,0.07995842052712923,659,33.34280461120566,7.726315888698065e-09,1.7142352985915933e-07,True,True
memcpyopt,gvn-sink,0.1337295690936107,0.07997720278126069,673,26.29665274590928,2.927956965615101e-07,5.223635297197602e-06,True,True
memcpyopt,newgvn,0.10980966325036604,0.08004924423774024,683,8.180299730285384,0.004234776231967284,0.025145388513091557,True,True
memcpyopt,always-inline,0.1111111111111111,0.08005014816503306,648,8.455602711920745,0.003639206318822024,0.022215326491827038,True,True
memcpyopt,early-cse-memssa,0.1328358208955224,0.07998066822293551,670,25.31311767645662,4.873829027481713e-07,8.371015119130872e-06,True,True
memcpyopt,iroutliner,0.1145374449339207,0.0800348354208748,681,10.962898375936048,0.0009295431044036135,0.007258406374565405,True,True
sccp,sroa,0.16066066066066065,0.07989714223186767,666,58.75012335001713,1.7902232228001855e-14,1.0015020200693608e-12,True,True
sccp,instcombine,0.14437689969604864,0.07994893772225768,658,36.93980630247412,1.218329974290474e-09,3.0006164649820725e-08,True,True
sccp,simplifycfg,0.1203125,0.08002443494196701,640,14.050389538563891,0.00017797696352539054,0.0017647135984761777,True,True
sccp,dce,0.10850439882697947,0.08005343887358879,682,7.465357903647011,0.006289752554460014,0.034043774710802235,True,True
sccp,adce,0.12035661218424963,0.08001823777499145,673,14.809557466346972,0.00011893122559458489,0.00125534954023826,True,True
sccp,dse,0.11596385542168675,0.08003319138847602,664,11.593287845781296,0.0006619028557522233,0.0054511284608321905,True,True
sccp,gvn-sink,0.1166429587482219,0.08002462436444059,703,12.746276076444621,0.0003567186830095378,0.0031965912189138444,True,True
sccp,newgvn,0.14076246334310852,0.0799531269948385,682,34.10337120109582,5.226064690469329e-09,1.1898412399929007e-07,True,True
sccp,mergereturn,0.10802469135802469,0.08005926601322089,648,6.854213005899352,0.00884324997034992,0.044454642983171096,True,True
sccp,div-rem-pairs,0.11526479750778816,0.08003884097084192,642,10.774874729819363,0.0010288717902712332,0.007884661312528669,True,True
sccp,unreachableblockelim,0.11141678129298486,0.0800379439141519,727,9.678128826003835,0.0018647444257235727,0.012833636504628314,True,True
dce,ipsccp,0.10828025477707007,0.08006108401331084,628,6.764371762712503,0.009299565631429337,0.046361679201371464,True,True
dce,mem2reg,0.15407407407407409,0.07991409929647142,675,50.20294462040342,1.3863961866634995e-12,5.322673987229671e-11,True,True
dce,sroa,0.15819209039548024,0.07988964385060879,708,58.69550484925572,1.840615422357822e-14,1.0223900700642883e-12,True,True
dce,instsimplify,0.10790273556231003,0.08005835688884837,658,6.899551953555589,0.008621735430852871,0.04357395583682939,True,True
dce,function-attrs,0.10614525139664804,0.08005673060260304,716,6.588962118364648,0.01026129774544413,0.049948094432764725,True,True
dce,instcombine,0.1695906432748538,0.07986266266631405,684,74.46982596299199,6.157221137428332e-18,6.346071792036357e-16,True,True
dce,simplifycfg,0.1375,0.07997428860584067,640,28.645706749933645,8.690645535396392e-08,1.6440854065996265e-06,True,True
dce,gvn,0.10863095238095238,0.0800543483216764,672,7.421346686096084,0.006445455683097396,0.03467088524039753,True,True
dce,gvn-hoist,0.11283497884344147,0.08003593431499072,709,10.313060390357464,0.0013209205032011146,0.009677688850393948,True,True
dce,newgvn,0.1389290882778582,0.07995640814018705,691,32.49633374827281,1.1941759959839968e-08,2.55540612036794e-07,True,True
dce,libcalls-shrinkwrap,0.11006289308176101,0.08005488644341317,636,7.746310496478169,0.005382238826220538,0.030088290140584763,True,True
dce,called-value-propagation,0.11519198664440734,0.08004594369163032,599,10.009593272165214,0.0015572690997048431,0.010987866296295794,True,True
dce,loop-distribute,0.12012012012012012,0.0800202432841537,666,14.483195704324311,0.00014141546623987788,0.001449693627736549,True,True
dce,loop-predication,0.10704225352112676,0.08005454014811572,710,6.992097685158281,0.00818703490930726,0.04174364418815186,True,True
dce,partially-inline-libcalls,0.10798816568047337,0.080055808354839,676,7.132572018811058,0.007569606964509588,0.03947081341280898,True,True
dce,iroutliner,0.12167832167832168,0.08000620203116521,715,16.7882057208239,4.179224974248803e-05,0.0004863549776867255,True,True
adce,mem2reg,0.16184971098265896,0.0798838153082907,692,62.86733922391511,2.211085071511311e-15,1.5190542350944375e-13,True,True
adce,sroa,0.1588921282798834,0.07989530896622164,686,57.89056866953426,2.7711256497970955e-14,1.4865380883021131e-12,True,True
adce,instsimplify,0.1152073732718894,0.08003756604831613,651,10.890673969192873,0.0009664965439042358,0.007502082192128816,True,True
adce,deadargelim,0.11163522012578617,0.08005032776871109,636,8.581820149628694,0.0033953580064490767,0.021054983298898787,True,True
adce,instcombine,0.14222873900293256,0.07994856736398621,682,35.773084330404934,2.2168955110044468e-09,5.2297366392129e-08,True,True
adce,gvn,0.11246200607902736,0.08004467949302453,658,9.351907855654101,0.0022275346594294405,0.01492391056685319,True,True
adce,gvn-sink,0.10714285714285714,0.08005890774463584,672,6.666309490706148,0.009825243455495809,0.04830590504924242,True,True
adce,newgvn,0.12573099415204678,0.07999945283930802,684,19.344442994026533,1.0913638186115807e-05,0.0001448739224977271,True,True
adce,sink,0.11323529411764706,0.08003903008417002,680,10.133598741768155,0.0014559087948371242,0.01038495235078721,True,True
adce,slp-vectorizer,0.10762331838565023,0.08005781269234802,669,6.8747387371793875,0.008742253638697788,0.044003425770103514,True,True
adce,callsite-splitting,0.10911808669656203,0.08005325333175276,669,7.642931105389811,0.005699522781521215,0.03152447911361169,True,True
adce,loop-fusion,0.11043872919818457,0.08005033350506298,661,8.25526459889896,0.004063398436004745,0.024312098205339312,True,True
adce,loop-load-elim,0.10896551724137932,0.08004633493407762,725,8.197799211175285,0.004194123403138498,0.024979752466449213,True,True
adce,hotcoldsplit,0.10850439882697947,0.08005343887358879,682,7.465357903647011,0.006289752554460014,0.034043774710802235,True,True
adce,lowerswitch,0.10982658959537572,0.08004796950379835,692,8.297893187991471,0.003969109683222694,0.02391773393231135,True,True
adce,early-cse-memssa,0.11461318051575932,0.08003191974464205,698,11.286980992524498,0.0007805250264391003,0.006289168731554561,True,True
dse,correlated-propagation,0.10921985815602837,0.08004815475186167,705,8.112216978533407,0.004396792124049586,0.02589148565079425,True,True
dse,mem2reg,0.16765578635014836,0.07987269975014134,674,70.23762900040411,5.2573948389966577e-17,4.732863951611704e-15,True,True
dse,sroa,0.1791044776119403,0.07983932740005836,670,89.28213830653937,3.4233610455804435e-21,7.369378142817291e-19,True,True
dse,instsimplify,0.11076443057722309,0.08005215242732167,641,8.177784952475186,0.00424065115276405,0.02515314846613322,True,True
dse,function-attrs,0.11160714285714286,0.08004522947575755,672,9.052908527391052,0.0026227725287830423,0.01702257965471877,True,True
dse,globaldce,0.11458333333333333,0.08003611062983869,672,10.846453636039485,0.0009898514460648085,0.0076530271723391705,True,True
dse,elim-avail-extern,0.1259600614439324,0.0800056531431932,651,18.593842093476884,1.6174216792665127e-05,0.00020903707247550045,True,True
dse,instcombine,0.157001414427157,0.07989383969246344,707,56.83768783755267,4.733080506142807e-14,2.423724006657519e-12,True,True
dse,sccp,0.11388888888888889,0.08003082844608214,720,11.15973298396503,0.0008359195349495505,0.006633152783915785,True,True
dse,jump-threading,0.12445730824891461,0.08000200631990771,691,18.466294761309317,1.7293582195139898e-05,0.00022203825533169785,True,True
dse,loop-idiom,0.11144130757800892,0.08004559443747863,673,8.971106256679418,0.0027428247563549496,0.017680496701046888,True,True
dse,gvn-hoist,0.10926694329183956,0.08004560483411241,723,8.346986666597578,0.003863275085156397,0.023328581701576638,True,True
dse,gvn-sink,0.13399153737658676,0.07996753143112513,709,27.979422415057652,1.2261238746597753e-07,2.2595299261965553e-06,True,True
dse,newgvn,0.10762331838565023,0.08005781269234802,669,6.8747387371793875,0.008742253638697788,0.044003425770103514,True,True
dse,early-cse,0.11416184971098266,0.08003428998750604,692,10.898561333295945,0.0009623897762308379,0.007485041437378274,True,True
dse,mergeicmps,0.10827067669172932,0.08005635266922898,665,7.159241575417027,0.007457872397674994,0.039096423439484974,True,True
dse,separate-const-offset-from-gep,0.10799438990182328,0.08005107508493513,713,7.527597616099634,0.006076087898490916,0.03305967699414832,True,True
dse,flattencfg,0.11127819548872181,0.08004723411433756,665,8.771995986833051,0.0030589052514220874,0.019336033841112016,True,True
dse,partial-inliner,0.10699001426533523,0.08005581471702759,701,6.876397107537912,0.008734145396429275,0.044003425770103514,True,True
dse,alignment-from-assumptions,0.10822510822510822,0.08005289437085338,693,7.4374800641666345,0.006387927182143823,0.03440869717369355,True,True
dse,attributor,0.11094890510948906,0.08004541454450945,685,8.846512853660148,0.0029364939325333206,0.018652571354096485,True,True
dse,licm,0.12116788321167883,0.08001349669194256,685,15.688784773025656,7.466559077654633e-05,0.0008224766623936862,True,True
dse,loop-simplify,0.11061285500747384,0.08004869397115748,669,8.451800329640829,0.0036468226270394218,0.022227171062235606,True,True
dse,slp-vectorizer,0.12461059190031153,0.08001148817447437,642,17.27185176782181,3.239503698768783e-05,0.0003867651367188584,True,True
dse,consthoist,0.10814814814814815,0.08005544334155561,675,7.204057254459027,0.007273894888122747,0.0382600031993132,True,True
dse,loop-fusion,0.12518195050946143,0.0800005471681767,687,18.964381271144088,1.3318160664556842e-05,0.0001744278165966709,True,True
dse,loop-load-elim,0.11869436201780416,0.08002316207984535,674,13.63086587247802,0.000222497243082253,0.0021303159019806913,True,True
dse,hotcoldsplit,0.11337209302325581,0.08003738999589621,688,10.338133777367231,0.0013030969601388097,0.009582962809208598,True,True
dse,scalarizer,0.12385321100917432,0.08001130644102414,654,17.001389844498238,3.735246641010932e-05,0.00043728627342896296,True,True
dse,globalsplit,0.10746268656716418,0.08005817770644878,670,6.80479460549568,0.009091341113165716,0.045439300318005034,True,True
dse,early-cse-memssa,0.1271186440677966,0.07998996762278261,708,21.263006184602038,4.003843831109148e-06,5.8394981164333046e-05,True,True
dse,loop-versioning,0.116991643454039,0.08002097774534842,718,13.269058291003926,0.0002698227113089697,0.0025217798030690345,True,True
dse,loop-simplifycfg,0.11950549450549451,0.08001094540976877,728,15.352779391154673,8.91896250911127e-05,0.0009699966497878403,True,True
dse,speculative-execution,0.10948905109489052,0.08004997423773329,685,8.027963988460147,0.004606058693094571,0.026861244738880623,True,True
dse,iroutliner,0.1287758346581876,0.08000218809403334,629,20.23943796996743,6.8329661180591345e-06,9.539356619721773e-05,True,True
jump-threading,mem2reg,0.1473533619456366,0.07992740504972663,699,42.97047534765082,5.557222930605119e-11,1.6240361937499736e-09,True,True
jump-threading,sroa,0.14367816091954022,0.07993999142734676,696,38.23429610367039,6.273996435169468e-10,1.5850948412982994e-08,True,True
jump-threading,mergefunc,0.10977443609022557,0.08005179339178327,665,7.945158389840803,0.0048216197845537745,0.02774645565953355,True,True
jump-threading,instcombine,0.16715116279069767,0.07986867903880351,688,70.87664624784473,3.802728037228922e-17,3.545591188997252e-15,True,True
jump-threading,simplifycfg,0.1071932299012694,0.08005417508402154,709,7.060811419348795,0.007878830382383963,0.04059671023344158,True,True
jump-threading,tailcallelim,0.11045655375552282,0.08004778427769596,679,8.49074538396781,0.0035695753313043747,0.021824288832768043,True,True
jump-threading,sccp,0.10810810810810811,0.08005671767001624,666,7.087402668357813,0.007762767204583381,0.040183736117843386,True,True
jump-threading,dce,0.13497822931785197,0.07996935830266884,689,28.193126090852427,1.0979380186336319e-07,2.032872473271538e-06,True,True
jump-threading,adce,0.11864406779661017,0.08001732865155729,708,14.283356383663765,0.00015724914326941617,0.001583001658208313,True,True
jump-threading,dse,0.11925287356321838,0.08001751010022709,696,14.488028311324936,0.00014105312934271455,0.001449693627736549,True,True
jump-threading,loop-deletion,0.11621233859397417,0.08002699486094454,697,12.34073108460354,0.000443181426394562,0.0038782088620359883,True,True
jump-threading,gvn,0.11353032659409021,0.08004376467370244,643,9.752180392479644,0.0017911014818238046,0.012438443100149918,True,True
jump-threading,gvn-sink,0.13513513513513514,0.07998395397708884,629,25.87841247385342,3.636129128736313e-07,6.370953766501746e-06,True,True
jump-threading,newgvn,0.13119533527696792,0.07998194353250164,686,24.330760461246577,8.113304396557244e-07,1.3292779611739219e-05,True,True
jump-threading,flattencfg,0.11331444759206799,0.08003483939222589,706,10.572702029304844,0.001147698478093092,0.00863474974104236,True,True
jump-threading,loop-reduce,0.10810810810810811,0.08005671767001624,666,7.087402668357813,0.007762767204583381,0.040183736117843386,True,True
jump-threading,attributor,0.11305732484076433,0.08004740848794274,628,9.256095362699213,0.0023471290839750087,0.015644764976355523,True,True
jump-threading,called-value-propagation,0.11015736766809728,0.08004596464188163,699,8.569942424869701,0.0034175796304858116,0.02115927562526868,True,True
jump-threading,float2int,0.11127819548872181,0.08004723411433756,665,8.771995986833051,0.0030589052514220874,0.019336033841112016,True,True
jump-threading,callsite-splitting,0.12463343108504399,0.08000328293421365,682,18.370181269309054,1.8188220545273524e-05,0.00023276167207611476,True,True
jump-threading,dfa-jump-threading,0.11390532544378698,0.08003757033038181,676,10.485854059485412,0.0012029199894550105,0.008982117919112725,True,True
jump-threading,loop-sink,0.11441307578008915,0.0800364755499829,673,10.75551334345388,0.0010396912470858161,0.007959786751882808,True,True
jump-threading,irce,0.12233285917496443,0.0800063840944846,703,17.029831580362085,3.679713325575436e-05,0.0004323983637896492,True,True
jump-threading,globalsplit,0.14106583072100312,0.0799644420131291,638,32.216797833688105,1.3789342198842869e-08,2.9110007574484463e-07,True,True
jump-threading,lowerswitch,0.11964549483013294,0.08001969715622308,677,14.375634266770842,0.00014972726453195374,0.0015100315986766252,True,True
jump-threading,early-cse-memssa,0.13740458015267176,0.07997063959187209,655,29.221627585760356,6.455460127485113e-08,1.2483744128015656e-06,True,True
jump-threading,loop-versioning,0.11428571428571428,0.08003811555944614,665,10.548433528522951,0.0011628659941833755,0.008725016223230866,True,True
jump-threading,load-store-vectorizer,0.11897590361445783,0.08002407287515843,664,13.624854739201108,0.00022321075381623182,0.002131934907181375,True,True
jump-threading,iroutliner,0.1288888888888889,0.07999161054700145,675,21.825259573532186,2.986425255899795e-06,4.48078210808567e-05,True,True
loop-idiom,mem2reg,0.12749615975422426,0.08000109415674707,651,19.86148720837235,8.326089649730523e-06,0.00011380442257711948,True,True
loop-idiom,sroa,0.14804063860667635,0.07992832031517175,689,43.22441207768016,4.8807903404830175e-11,1.4534733820023953e-09,True,True
loop-idiom,instcombine,0.15830721003134796,0.07991429613420861,638,53.03148948087214,3.2824373641861923e-13,1.4203342230003458e-11,True,True
loop-idiom,tailcallelim,0.11042944785276074,0.08005160796185022,652,8.137540931087333,0.00433580448710634,0.02559006838207751,True,True
loop-idiom,gvn,0.11964549483013294,0.08001969715622308,677,14.375634266770842,0.00014972726453195374,0.0015100315986766252,True,True
loop-idiom,gvn-sink,0.10925644916540213,0.08005416273439744,659,7.60041104326675,0.005835499563042913,0.032072724615966386,True,True
loop-idiom,newgvn,0.11914893617021277,0.080016233988317,705,14.598077167850567,0.000133050234118943,0.0013887489131167617,True,True
loop-idiom,flattencfg,0.1267387944358578,0.0800041941910454,647,19.11274464442156,1.2321931795011095e-05,0.00016219389885466706,True,True
loop-idiom,float2int,0.10889570552147239,0.08005616696908081,652,7.334255290524719,0.006765270237624353,0.03604462347011832,True,True
loop-idiom,hotcoldsplit,0.11014492753623188,0.08004723949878709,690,8.452242167100156,0.003645936779026704,0.022227171062235606,True,True
loop-idiom,irce,0.13224368499257058,0.07998176222500855,673,24.85856550950986,6.169430413409608e-07,1.0346676444930203e-05,True,True
loop-idiom,early-cse-memssa,0.11269614835948645,0.0800375746134238,701,10.109908642635952,0.001474742739434904,0.010509418089626592,True,True
loop-idiom,loop-versioning,0.10906298003072197,0.08005580199410067,651,7.408422503875348,0.006491922209630833,0.034801324261347494,True,True
loop-idiom,loop-simplifycfg,0.11403508771929824,0.08003593021877309,684,10.692047072104513,0.0010759707985406137,0.008165700866443882,True,True
loop-deletion,mem2reg,0.12875536480686695,0.07998668484580412,699,22.480083594991925,2.123337630664351e-06,3.260780455561411e-05,True,True
loop-deletion,sroa,0.1545595054095827,0.07992213393146144,647,48.74820914936826,2.910241714155754e-12,1.0407768541218202e-10,True,True
loop-deletion,instcombine,0.1691616766467066,0.07987051474946427,668,72.02670428827186,2.1230477534662717e-17,2.0528037043392397e-15,True,True
loop-deletion,dce,0.11253561253561253,0.08003793958850139,702,10.024770600782986,0.0015444891105822168,0.010907519129017062,True,True
loop-deletion,gvn,0.1154970760233918,0.08003137054633995,684,11.634340169509409,0.0006474530564402567,0.005343363896775649,True,True
loop-deletion,gvn-sink,0.12444444444444444,0.08000528900297735,675,18.026924407212167,2.1780264224544162e-05,0.00027249685208726815,True,True
loop-deletion,newgvn,0.11078286558345643,0.080047054317644,677,8.648889355669114,0.0032726078567965875,0.020450889638543347,True,True
loop-deletion,separate-const-offset-from-gep,0.1168,0.0800371969203138,625,11.425692227891783,0.0007243543300636849,0.00590001713825654,True,True
loop-deletion,attributor,0.11459968602825746,0.08004157530281135,637,10.289657684231633,0.001337779053213544,0.00977377382907507,True,True
loop-deletion,loop-sink,0.10953058321479374,0.08004742470188558,703,8.262931705290002,0.004046273253543831,0.024312098205339312,True,True
loop-deletion,hotcoldsplit,0.10785824345146379,0.0800596309990016,649,6.783107302841561,0.009202455319863804,0.0459317399664518,True,True
loop-deletion,early-cse-memssa,0.11764705882352941,0.08003409779868623,629,12.036578224036639,0.0005216664649863745,0.00445064461195347,True,True
loop-deletion,loop-simplifycfg,0.10891089108910891,0.08004888481515429,707,7.963341658342474,0.0047734204663784875,0.02752977105498992,True,True
gvn,bdce,0.10773899848254932,0.0800587218871245,659,6.828797248825012,0.008969964754964387,0.044918647033811425,True,True
gvn,ipsccp,0.11353711790393013,0.08003702504662329,687,10.425845086557654,0.0012426398361566303,0.009233733583281526,True,True
gvn,mem2reg,0.15835777126099707,0.07989841142461106,682,56.77358324341866,4.8899128897826695e-14,2.47082566146954e-12,True,True
gvn,sroa,0.20508744038155802,0.07978337869069924,629,133.58518374331103,6.733090844499539e-31,5.273356749412039e-28,True,True
gvn,instcombine,0.20361990950226244,0.07976839081769896,663,137.53911761540834,9.191467606484191e-32,7.998619365998242e-29,True,True
gvn,reassociate,0.11729323308270677,0.08002899700455472,665,12.488554200486737,0.0004094529589404719,0.003615372688186895,True,True
gvn,sccp,0.1145374449339207,0.0800348354208748,681,10.962898375936048,0.0009295431044036135,0.007258406374565405,True,True
gvn,dce,0.10944527736131934,0.08005252335511168,667,7.793068727095731,0.005244704037209362,0.029466658550519168,True,True
gvn,dse,0.11710323574730354,0.08003227732973481,649,12.062854177071705,0.0005143648116023642,0.004407554928303848,True,True
gvn,jump-threading,0.11428571428571428,0.08004357973815689,630,9.991658400497771,0.0015725092142606725,0.011075442595404304,True,True
gvn,gvn-sink,0.12710566615620214,0.08000182361120609,653,19.595470121743087,9.569581919618496e-06,0.00012855740239185604,True,True
gvn,newgvn,0.12447552447552447,0.07999708139709873,715,19.125476021639667,1.2240011714610311e-05,0.000161386821125973,True,True
gvn,early-cse,0.11332312404287902,0.08004285486334313,653,9.781752605428297,0.0017625223451939673,0.012259391658578287,True,True
gvn,strip-dead-prototypes,0.13333333333333333,0.07997793209102556,675,25.98644222184939,3.438234550530204e-07,6.078612415294031e-06,True,True
gvn,indvars,0.11337209302325581,0.08003738999589621,688,10.338133777367231,0.0013030969601388097,0.009582962809208598,True,True
gvn,flattencfg,0.11465892597968069,0.08003319517210876,689,11.170578553563605,0.0008310470791451331,0.006601177204730915,True,True
gvn,loop-reduce,0.1109375,0.08005178748894501,640,8.257542066203776,0.00405830381838934,0.024312098205339312,True,True
gvn,partial-inliner,0.10699588477366255,0.08005235578216711,729,7.155101743688792,0.007475105444282833,0.03916055240108572,True,True
gvn,attributor,0.1263482280431433,0.08000492366046802,649,18.851957101279016,1.4126608401533754e-05,0.0001837867059814159,True,True
gvn,called-value-propagation,0.12173913043478261,0.08001076112134532,690,16.246824366436435,5.5602713235944806e-05,0.0006311310870491591,True,True
gvn,float2int,0.11363636363636363,0.08004085019467672,660,10.074476171809183,0.001503373572131011,0.010636334071300884,True,True
gvn,inline,0.1259150805270864,0.07999908806967147,683,19.472382204610792,1.0206478093879834e-05,0.00013664467766028523,True,True
gvn,sink,0.11477761836441894,0.08003155480367166,697,11.378544266446045,0.0007429732184765318,0.00602377458292774,True,True
gvn,slp-vectorizer,0.1099554234769688,0.0800501538812265,673,8.13955645696021,0.0043309876541054925,0.02559006838207751,True,True
gvn,consthoist,0.11290322580645161,0.0800490477623098,620,9.052490313229903,0.002623372528504284,0.01702257965471877,True,True
gvn,mldst-motion,0.11174785100286533,0.08004103967168262,698,9.488581338229112,0.0020675462900501713,0.013983611868456772,True,True
gvn,slsr,0.11323529411764706,0.08003903008417002,680,10.133598741768155,0.0014559087948371242,0.01038495235078721,True,True
gvn,loop-load-elim,0.13549337260677466,0.0799702716134945,679,28.307111294149074,1.0351500789184829e-07,1.92116005167999e-06,True,True
gvn,hotcoldsplit,0.12215909090909091,0.0800067489306593,704,16.91394523723018,3.911317852296159e-05,0.00045721554356990325,True,True
gvn,nary-reassociate,0.11320754716981132,0.08003775494849732,689,10.250930106179563,0.0013661570205270206,0.009916350124900488,True,True
gvn,always-inline,0.13049645390070921,0.07997975311569452,705,24.326853413125345,8.129777111878301e-07,1.3292779611739219e-05,True,True
gvn,globalsplit,0.11195158850226929,0.0800457743107638,661,9.10028755678666,0.002555693121847078,0.01670800378155786,True,True
gvn,early-cse-memssa,0.13210445468509985,0.07998741719740868,651,23.9152113416268,1.0067314165215468e-06,1.615721404548515e-05,True,True
gvn,loop-versioning,0.13185185185185186,0.07998249157635086,675,24.55906495218841,7.206651254567494e-07,1.1882630026478446e-05,True,True
gvn,loop-reroll,0.10755813953488372,0.08005562901828461,688,7.037098754447817,0.007983825795943875,0.04097596568403174,True,True
gvn,loop-instsimplify,0.12352941176470589,0.08000711295926463,680,17.418427124786827,2.99904398951314e-05,0.00036247704515226717,True,True
gvn,loop-simplifycfg,0.10979228486646884,0.08005051886706425,674,8.062721390864377,0.004518526418603845,0.026469034338448254,True,True
gvn,load-store-vectorizer,0.129080118694362,0.07999124582808995,674,21.96414331671775,2.7779215742873117e-06,4.200131615795024e-05,True,True
gvn,iroutliner,0.1362179487179487,0.0799821309726768,624,26.69302953760156,2.3848027353868187e-07,4.323559033229066e-06,True,True
gvn-hoist,mem2reg,0.10679611650485436,0.08005399563109675,721,6.971434225951163,0.008282108925368743,0.042135665118516255,True,True
gvn-hoist,sroa,0.18435754189944134,0.07980135168413276,716,105.83214537251332,8.025312886481205e-25,2.9451539841449976e-22,True,True
gvn-hoist,instcombine,0.1348314606741573,0.07998632478632478,623,25.348572544392976,4.78506354177083e-07,8.272984030717248e-06,True,True
gvn-hoist,simplifycfg,0.11314984709480122,0.08004321978262455,654,9.694724699448635,0.0018479776684414266,0.012751859999324452,True,True
gvn-hoist,sccp,0.11178247734138973,0.08004613925666557,662,9.01744765949257,0.0026741454462787867,0.017280451431728926,True,True
gvn-hoist,gvn,0.13138686131386862,0.07998157883937569,685,24.477808952580805,7.517064775946976e-07,1.234248455455277e-05,True,True
gvn-hoist,gvn-sink,0.12006079027355623,0.08002188383331814,658,14.26626349662229,0.00015868366210125906,0.0015831980147478482,True,True
gvn-hoist,newgvn,0.11463046757164404,0.08003738573415095,663,10.730058004493367,0.001054091422374246,0.008038601772186071,True,True
gvn-hoist,globalopt,0.11555555555555555,0.08003264591492912,675,11.518796520563646,0.0006889597872290256,0.005638383546058232,True,True
gvn-hoist,attributor,0.12205270457697642,0.0800038307711251,721,17.23610680124296,3.3010260374812474e-05,0.0003923161748945847,True,True
gvn-hoist,mldst-motion,0.10688140556368961,0.08005836354102547,683,6.645186797635,0.009942405335017527,0.048698510684088356,True,True
gvn-hoist,loop-distribute,0.11834319526627218,0.08002389181203892,676,13.423513363536976,0.0002484898655129615,0.0023335403197811922,True,True
gvn-hoist,early-cse-memssa,0.12133891213389121,0.08000693174511243,717,16.561309819398275,4.710222651865151e-05,0.0005417101880970318,True,True
gvn-hoist,loop-versioning,0.11209439528023599,0.08004285974831296,678,9.419063094281857,0.0021474121099860303,0.014473779385034932,True,True
gvn-hoist,load-store-vectorizer,0.11976047904191617,0.08002097296311494,668,14.266634160755322,0.00015865241478754102,0.0015831980147478482,True,True
gvn-sink,bdce,0.11879699248120301,0.080024437727109,665,13.519995710321334,0.00023603495606020077,0.00223533951132224,True,True
gvn-sink,ipsccp,0.11158798283261803,0.08004140465756798,699,9.406334920232833,0.0021623702770560767,0.014549327952140562,True,True
gvn-sink,correlated-propagation,0.11195158850226929,0.0800457743107638,661,9.10028755678666,0.002555693121847078,0.01670800378155786,True,True
gvn-sink,mem2reg,0.1409090909090909,0.07995878507144225,660,33.159783525470836,8.488818266062274e-09,1.8728006946422457e-07,True,True
gvn-sink,sroa,0.17411402157164868,0.0798635963692563,649,77.97386928362518,1.044127180611739e-18,1.258092935161714e-16,True,True
gvn-sink,instsimplify,0.12907801418439716,0.07998431322477234,705,22.97563511411278,1.6406766959266552e-06,2.564826323851809e-05,True,True
gvn-sink,constmerge,0.12917271407837447,0.0799875974082231,689,22.539546932786628,2.0586164223539142e-06,3.167599964612152e-05,True,True
gvn-sink,globaldce,0.11782032400589101,0.08002498643528376,679,13.116699897629612,0.00029267512621735596,0.0027094936034684778,True,True
gvn-sink,mergefunc,0.125193199381762,0.08000875309435562,647,17.865859825901037,2.3703548703159945e-05,0.00029281733981569193,True,True
gvn-sink,instcombine,0.19142419601837674,0.07981034443456655,653,110.02191610492534,9.691332678577891e-26,4.2168065299234474e-23,True,True
gvn-sink,simplifycfg,0.1447178002894356,0.07993816886829878,691,39.211150072457116,3.803618609027113e-10,9.963190951806137e-09,True,True
gvn-sink,tailcallelim,0.11479944674965421,0.08002736290046746,723,11.819277982486959,0.0005862058765890336,0.004889418983434836,True,True
gvn-sink,reassociate,0.11544011544011544,0.08003009507307175,693,11.74995531108757,0.000608446990525781,0.005037375084352977,True,True
gvn-sink,memcpyopt,0.10798816568047337,0.080055808354839,676,7.132572018811058,0.007569606964509588,0.03947081341280898,True,True
gvn-sink,dce,0.13146233382570163,0.07998322094099516,677,24.262362569888452,8.406577399861831e-07,1.3659816223177979e-05,True,True
gvn-sink,adce,0.11730205278592376,0.08002608108847507,682,12.814885537050513,0.00034387244589121865,0.003088542426857826,True,True
gvn-sink,dse,0.1435114503816794,0.07995240331353178,655,35.78672263900795,2.201430701882525e-09,5.224728865801193e-08,True,True
gvn-sink,jump-threading,0.11320754716981132,0.08003775494849732,689,10.250930106179563,0.0013661570205270206,0.009916350124900488,True,True
gvn-sink,loop-idiom,0.13787638668779714,0.0799755660605287,631,28.613579266697304,8.836035968130896e-08,1.6635536947692592e-06,True,True
gvn-sink,loop-deletion,0.1210762331838565,0.0800167784469906,669,15.252836868534612,9.403540754116542e-05,0.0010172449058873034,True,True
gvn-sink,gvn,0.1574074074074074,0.07991338044221563,648,52.632160455337086,4.022481014376039e-13,1.684709695432788e-11,True,True
gvn-sink,gvn-hoist,0.10906298003072197,0.08005580199410067,651,7.408422503875348,0.006491922209630833,0.034801324261347494,True,True
gvn-sink,newgvn,0.14722222222222223,0.0799213783416485,720,44.09310385345909,3.1312215114937456e-11,9.542306178217516e-10,True,True
gvn-sink,early-cse,0.11006289308176101,0.08005488644341317,636,7.746310496478169,0.005382238826220538,0.030088290140584763,True,True
gvn-sink,globalopt,0.11925287356321838,0.08001751010022709,696,14.488028311324936,0.00014105312934271455,0.001449693627736549,True,True
gvn-sink,indvars,0.12428571428571429,0.08000072960081715,700,18.56298451160689,1.6438166548461973e-05,0.00021209838617389484,True,True
gvn-sink,mergeicmps,0.12018489984591679,0.08002315943997922,649,14.15818225736557,0.00016806458264260408,0.0016725308910506675,True,True
gvn-sink,attributor,0.14545454545454545,0.07992867664160012,715,41.50865638150181,1.1735015320142646e-10,3.2591716307573476e-09,True,True
gvn-sink,inferattrs,0.10843373493975904,0.08005598767177,664,7.231559521797108,0.007163295358326745,0.037805208387072145,True,True
gvn-sink,licm,0.13513513513513514,0.07997465030182555,666,27.405294361054985,1.649789462984312e-07,3.02603069650893e-06,True,True
gvn-sink,div-rem-pairs,0.11612021857923498,0.08002152636523674,732,12.89636765969872,0.00032922043672316357,0.0029877471834874854,True,True
gvn-sink,float2int,0.12051649928263988,0.08001331503276318,697,15.461578120252106,8.419954924803658e-05,0.0009220451021220687,True,True
gvn-sink,inline,0.13063763608087092,0.07999361765175173,643,22.30575466305125,2.3250879120868304e-06,3.549724859154786e-05,True,True
gvn-sink,sink,0.11554921540656206,0.08002845456162191,701,11.959618369739248,0.0005436600472295692,0.004593252955665573,True,True
gvn-sink,loop-vectorize,0.1461187214611872,0.07994401411500814,657,38.9109058275696,4.4359545804123263e-10,1.1466137384088892e-08,True,True
gvn-sink,slp-vectorizer,0.11823361823361823,0.08001969940172188,702,13.86159065534092,0.0001967792752497872,0.0019121281436182795,True,True
gvn-sink,callsite-splitting,0.1095890410958904,0.08005343278274468,657,7.751381683570303,0.005367146340108501,0.030046812105596697,True,True
gvn-sink,dfa-jump-threading,0.1221264367816092,0.08000839025635881,696,16.695151550221006,4.3893033515338584e-05,0.0005085358557575914,True,True
gvn-sink,mldst-motion,0.11234396671289876,0.08003575386383432,721,10.1755129202074,0.0014231810168646884,0.010244810408165661,True,True
gvn-sink,slsr,0.13088235294117648,0.07998431501290364,680,23.822501626995557,1.0564027156181356e-06,1.6748473823322344e-05,True,True
gvn-sink,loop-distribute,0.11229946524064172,0.08003192702394527,748,10.52870505572282,0.0011753453912333046,0.008808904405874873,True,True
gvn-sink,loop-sink,0.12482468443197756,0.07999635177964749,713,19.373394439019165,1.0749424938875818e-05,0.00014293632618213144,True,True
gvn-sink,loop-unroll-and-jam,0.1326219512195122,0.07998468145635583,656,24.58184307254686,7.121964086426671e-07,1.1767768507361538e-05,True,True
gvn-sink,irce,0.11703703703703704,0.08002808642960382,675,12.502693534450293,0.00040636571557491313,0.0035962217902629602,True,True
gvn-sink,nary-reassociate,0.11203319502074689,0.08003648386728993,723,10.007836285024956,0.0015587554621013476,0.010988454346694649,True,True
gvn-sink,globalsplit,0.11287988422575977,0.08003848486368424,691,10.078036875907152,0.0015004711197068121,0.010636334071300884,True,True
gvn-sink,lowerswitch,0.11643835616438356,0.08004502903187581,584,10.464603993353782,0.0012168362962834956,0.009076439878564132,True,True
gvn-sink,early-cse-memssa,0.1628614916286149,0.07989386389229555,657,61.16523204957567,5.248016706057296e-15,3.341663970881361e-13,True,True
gvn-sink,loop-versioning,0.11951588502269289,0.08002297833926789,661,13.942917266263173,0.00018844632612178191,0.0018396348298685198,True,True
gvn-sink,loop-flatten,0.11175616835994194,0.08004231472488589,689,9.370781366166112,0.0022047151925597744,0.014783672421342597,True,True
gvn-sink,loop-instsimplify,0.11859838274932614,0.08001149341409129,742,14.936093541748853,0.0001112147708181587,0.001183470224249754,True,True
gvn-sink,loop-simplifycfg,0.13202247191011235,0.07997318570268964,712,26.080898510409977,3.274070828206961e-07,5.814631003745333e-06,True,True
gvn-sink,loop-predication,0.1268882175226586,0.08000054710581027,662,19.682819665660737,9.141958391700717e-06,0.00012323548730430294,True,True
gvn-sink,partially-inline-libcalls,0.11922503725782414,0.08002206750650855,671,13.94616011924378,0.00018812152523867257,0.0018396348298685198,True,True
gvn-sink,iroutliner,0.12658227848101267,0.08000784077751338,632,18.543159285330674,1.6610026195770205e-05,0.00021396336375867147,True,True
gvn-sink,global-merge,0.11682242990654206,0.08003428217144733,642,11.75174836726172,0.0006078611164952733,0.005037375084352977,True,True
gvn-sink,unreachableblockelim,0.10909090909090909,0.08005452771521579,660,7.525665177269789,0.006082609109878414,0.03305967699414832,True,True
newgvn,bdce,0.1293233082706767,0.07999252278498903,665,21.885868191080665,2.893570044619705e-06,4.358161651819524e-05,True,True
newgvn,correlated-propagation,0.1085383502170767,0.08005216431760044,691,7.582304884419982,0.005894402394352529,0.03232840304801751,True,True
newgvn,mem2reg,0.16591928251121077,0.07987999762913249,669,66.97579142346675,2.748617817091577e-16,2.196650484026656e-14,True,True
newgvn,sroa,0.19732937685459942,0.07978151045941165,674,125.94404844685052,3.162759722830795e-29,1.769338153515056e-26,True,True
newgvn,instsimplify,0.11377245508982035,0.08003921032234533,668,10.27999326046914,0.001344804381267761,0.009815944001946976,True,True
newgvn,function-attrs,0.10964912280701754,0.08004960923607247,684,8.103893024750429,0.004417028839028564,0.025971598999453234,True,True
newgvn,deadargelim,0.119533527696793,0.08001842124461954,686,14.484880524369359,0.00014128903632148123,0.001449693627736549,True,True
newgvn,elim-avail-extern,0.12462908011869436,0.0800049242216994,674,18.150482581403075,2.0411769576503623e-05,0.00025701765164497806,True,True
newgvn,instcombine,0.2324159021406728,0.07968761397622,654,206.32153928085924,8.718359016119055e-47,1.1380364635707407e-43,True,True
newgvn,simplifycfg,0.1458625525946704,0.07992794764803794,713,41.910936530223395,9.55268438763142e-11,2.6720222901403313e-09,True,True
newgvn,reassociate,0.10946745562130178,0.08005124884872471,676,7.910507132758819,0.004914848965982137,0.02817942686791515,True,True
newgvn,memcpyopt,0.12883435582822086,0.0799968998750832,652,21.032237319993165,4.516202492016622e-06,6.490073012380585e-05,True,True
newgvn,sccp,0.11574074074074074,0.08003647139275132,648,11.172620273344952,0.0008301330362903019,0.006601177204730915,True,True
newgvn,dce,0.10860366713681241,0.08004961489176383,709,7.816290205433407,0.005177737018249865,0.02921616450067215,True,True
newgvn,adce,0.11904761904761904,0.08001495777165685,714,14.70833712989133,0.0001254902422573426,0.0013227988928122573,True,True
newgvn,dse,0.15304606240713226,0.07991793001253847,673,48.67144726829512,3.0264053929413883e-12,1.0725252053175092e-10,True,True
newgvn,jump-threading,0.12158054711246201,0.08001732470137686,658,15.373198995436528,8.823090690753368e-05,0.000962429614066579,True,True
newgvn,loop-idiom,0.12631578947368421,0.08000164133988046,665,19.291014998021364,1.1223325715619743e-05,0.00014873280373051408,True,True
newgvn,loop-deletion,0.1320754716981132,0.07996588462801474,742,27.239099696569703,1.797858491059382e-07,3.2899130144806264e-06,True,True
newgvn,gvn-hoist,0.1289855072463768,0.07998796213544422,690,22.40032408221556,2.213366609590419e-06,3.385759235607844e-05,True,True
newgvn,gvn-sink,0.1411042944785276,0.07996042781723851,652,32.967438709678575,9.371535115504104e-09,2.0388295284618931e-07,True,True
newgvn,early-cse,0.11908396946564885,0.08002534842689304,655,13.514531218114227,0.00023672325829280583,0.002238462449551495,True,True
newgvn,mergereturn,0.11574074074074074,0.08003647139275132,648,11.172620273344952,0.0008301330362903019,0.006601177204730915,True,True
newgvn,strip-dead-prototypes,0.11095305832147938,0.08004286463439658,703,9.082169467632728,0.002581136680198061,0.016846218732759346,True,True
newgvn,indvars,0.11416184971098266,0.08003428998750604,692,10.898561333295945,0.0009623897762308379,0.007485041437378274,True,True
newgvn,mergeicmps,0.10918774966711052,0.08004214424826793,751,8.624260225395584,0.0033171512682727794,0.02068465663464364,True,True
newgvn,flattencfg,0.1152073732718894,0.08003756604831613,651,10.890673969192873,0.0009664965439042358,0.007502082192128816,True,True
newgvn,loop-reduce,0.11591962905718702,0.08003610651421694,647,11.2677222200593,0.0007886644066503288,0.00633519962347218,True,True
newgvn,lower-expect,0.11661807580174927,0.08002754067264901,686,12.420129579456267,0.0004247307683110617,0.0037334358893515544,True,True
newgvn,alignment-from-assumptions,0.10948905109489052,0.08004997423773329,685,8.027963988460147,0.004606058693094571,0.026861244738880623,True,True
newgvn,rpo-function-attrs,0.12116564417177914,0.08001969491123613,652,14.92909841067082,0.00011162788157433775,0.001186254502700425,True,True
newgvn,attributor,0.11827956989247312,0.08002844807542388,651,12.882588490419687,0.00033165321114904807,0.002992520679400166,True,True
newgvn,inferattrs,0.11180124223602485,0.08004868842145572,644,8.781947589366684,0.003042262079612481,0.019293114661963522,True,True
newgvn,called-value-propagation,0.12442396313364056,0.08001021212963934,651,17.367995110009424,3.0796841972743785e-05,0.0003705082432112586,True,True
newgvn,licm,0.1134020618556701,0.08003866514073107,679,10.220888349322793,0.0013885895232821507,0.010032687404378049,True,True
newgvn,div-rem-pairs,0.13446676970633695,0.0799813996744943,647,25.978005383653773,3.4532931215656676e-07,6.091484623446467e-06,True,True
newgvn,float2int,0.11694152923538231,0.08002972676001112,667,12.290185918506058,0.00045534637363708197,0.003962525331472918,True,True
newgvn,sink,0.11611030478955008,0.0800286353957202,689,12.12972670831824,0.0004962439176071536,0.004270969629339811,True,True
newgvn,loop-vectorize,0.11688311688311688,0.0800384717068857,616,11.311821785550341,0.0007701517173370097,0.006218379639364393,True,True
newgvn,slp-vectorizer,0.11875,0.08002899369979669,640,12.978628947928751,0.00031506659772253165,0.0028759925330569557,True,True
newgvn,dfa-jump-threading,0.11969696969696969,0.0800226135006246,660,14.05010871167099,0.00017800354223648882,0.0017647135984761777,True,True
newgvn,consthoist,0.11722141823444283,0.08002480540976804,691,12.928240530415401,0.00032366186062127763,0.002947581037657961,True,True
newgvn,slsr,0.12106918238993711,0.08002297572049853,636,14.493279296251426,0.00014066048305328444,0.001449693627736549,True,True
newgvn,loop-sink,0.12030075187969924,0.0800198784496633,665,14.592358002724398,0.00013345464828077262,0.0013887489131167617,True,True
newgvn,loop-unroll-and-jam,0.11694152923538231,0.08002972676001112,667,12.290185918506058,0.00045534637363708197,0.003962525331472918,True,True
newgvn,hotcoldsplit,0.12330827067669173,0.08001075989477188,665,16.859844935235945,4.024403404873928e-05,0.00046903463492518763,True,True
newgvn,nary-reassociate,0.12981455064194009,0.07998285430261244,701,23.537706600798465,1.2248954566351167e-06,1.9341494387835148e-05,True,True
newgvn,scalarizer,0.13212795549374132,0.07997117827060503,719,26.44536240453639,2.7109856099662686e-07,4.9035656575648534e-06,True,True
newgvn,vector-combine,0.13313161875945537,0.07998194559057524,661,25.253213407480537,5.02757369755316e-07,8.616183194581258e-06,True,True
newgvn,early-cse-memssa,0.12307692307692308,0.08000164171413196,715,17.93780693749161,2.282418770524151e-05,0.0002841956090738498,True,True
newgvn,simple-loop-unswitch,0.1158357771260997,0.08003064071932736,682,11.823537958353965,0.0005848662104678407,0.004889418983434836,True,True
newgvn,loop-versioning,0.11065006915629322,0.08004104435070117,723,9.15858746593194,0.0024755358247129,0.016292770234581037,True,True
newgvn,loop-flatten,0.119533527696793,0.08001842124461954,686,14.484880524369359,0.00014128903632148123,0.001449693627736549,True,True
newgvn,loop-simplifycfg,0.1151685393258427,0.08002790875842507,712,11.888090252785982,0.0005649401625843644,0.004747437074421397,True,True
newgvn,loop-predication,0.12198795180722892,0.08001495436184085,664,15.82035052623586,6.96493546626319e-05,0.0007759512741361778,True,True
newgvn,speculative-execution,0.11461318051575932,0.08003191974464205,698,11.286980992524498,0.0007805250264391003,0.006289168731554561,True,True
newgvn,load-store-vectorizer,0.1430722891566265,0.07995112476861772,664,35.77883005669734,2.2103670753263476e-09,5.2297366392129e-08,True,True
newgvn,iroutliner,0.14814814814814814,0.0799323372377726,675,42.47761619733077,7.149576790524442e-11,2.0361994699413607e-09,True,True
newgvn,break-crit-edges,0.12310030395136778,0.08001276556943558,658,16.521489284457637,4.8101811851456496e-05,0.0005523950006167262,True,True
early-cse,mem2reg,0.10975609756097561,0.08005306781191017,656,7.827610959471853,0.005145406426377048,0.029117646771231968,True,True
early-cse,sroa,0.15773809523809523,0.07990388736401521,672,55.05572738028708,1.1716042124140077e-13,5.42958827906894e-12,True,True
early-cse,instsimplify,0.11177347242921014,0.08004486451736448,671,9.135214473125442,0.002507360662172916,0.016460728169436948,True,True
early-cse,instcombine,0.15,0.07992504035236506,680,45.1555353958003,1.8199057371515853e-11,5.841599071053777e-10,True,True
early-cse,simplifycfg,0.13201820940819423,0.07998577544349159,659,24.1296849129642,9.006123640034298e-07,1.4573545526600954e-05,True,True
early-cse,sccp,0.1094224924012158,0.08005379775690709,658,7.675649130714894,0.005597095527906407,0.031023674575062263,True,True
early-cse,dce,0.11485451761102604,0.08003829583532791,653,10.70548369239992,0.0010681845746950327,0.008130244498553445,True,True
early-cse,dse,0.10757575757575757,0.08005908688872881,660,6.758521209634173,0.009330104851636713,0.04648433918449029,True,True
early-cse,loop-reduce,0.10703812316715543,0.08005799850444108,682,6.713433460460776,0.009568931043907174,0.04739796589974132,True,True
early-cse,alignment-from-assumptions,0.11078286558345643,0.080047054317644,677,8.648889355669114,0.0032726078567965875,0.020450889638543347,True,True
early-cse,slp-vectorizer,0.11232876712328767,0.08003447835525476,730,10.293229542363093,0.0013351919866559543,0.009763980989252507,True,True
early-cse,scalarizer,0.11791044776119403,0.08002626203676685,670,13.004297278697608,0.00031077694847987967,0.0028568134512845277,True,True
early-cse,globalsplit,0.11782945736434108,0.08003081790538538,645,12.464008103002316,0.00041486876532308235,0.0036549518222838934,True,True
early-cse,simple-loop-unswitch,0.10773899848254932,0.0800587218871245,659,6.828797248825012,0.008969964754964387,0.044918647033811425,True,True
early-cse,iroutliner,0.13623188405797101,0.0799651631495431,690,29.539889829682327,5.4777639931887785e-08,1.0672101391705102e-06,True,True
mergereturn,mem2reg,0.14008321775312066,0.07994454502752227,721,35.25641236190199,2.890288778648728e-09,6.757236332649803e-08,True,True
mergereturn,sroa,0.16138328530259366,0.07988454382956992,694,62.331836359369944,2.9019565436680917e-15,1.942574670940897e-13,True,True
mergereturn,instcombine,0.1539568345323741,0.07990770760089921,695,51.5313305072084,7.046358257625461e-13,2.8156672384552355e-11,True,True
mergereturn,simplifycfg,0.1085972850678733,0.08005562267763923,663,7.30435867149881,0.00687875439048307,0.03657461261796565,True,True
mergereturn,dce,0.10846953937592868,0.08005471332497435,673,7.348442486353017,0.0067120880435395875,0.03578561848672706,True,True
mergereturn,dse,0.1224188790560472,0.08001094291446288,678,16.489378967777032,4.892336748599833e-05,0.0005601868627928932,True,True
mergereturn,jump-threading,0.12369597615499255,0.08000838929999499,671,17.31939930732329,3.159449498484648e-05,0.00037836098581241234,True,True
mergereturn,gvn-sink,0.11282843894899536,0.08004522432083738,647,9.404789229647829,0.002164193956108753,0.014549327952140562,True,True
mergereturn,newgvn,0.12379421221864952,0.08001786886441543,622,16.123545815976268,5.9341653235487e-05,0.0006687249325760204,True,True
mergereturn,mergeicmps,0.1093525179856115,0.08004906453628086,695,8.069917262631948,0.004500617181234133,0.02640362079657358,True,True
mergereturn,slp-vectorizer,0.11403508771929824,0.08003593021877309,684,10.692047072104513,0.0010759707985406137,0.008165700866443882,True,True
mergereturn,callsite-splitting,0.11031518624641834,0.08004559963520291,698,8.647869509545421,0.003274440194935311,0.020450889638543347,True,True
mergereturn,loop-sink,0.10823909531502424,0.08006235783734997,619,6.647666239261666,0.009928578693356224,0.04869168962202,True,True
mergereturn,early-cse-memssa,0.11755725190839694,0.08002990749647812,655,12.47564013694193,0.0004122933434385449,0.0036363530020390583,True,True
mergereturn,loop-instsimplify,0.1134020618556701,0.08003866514073107,679,10.220888349322793,0.0013885895232821507,0.010032687404378049,True,True
globalopt,mem2reg,0.14469914040114612,0.07993616051071592,698,39.58674511533022,3.1380597654236106e-10,8.33128273993143e-09,True,True
globalopt,sroa,0.12588401697312587,0.07999416300714575,707,20.13147827929916,7.2296953407643355e-06,0.0001002176529360465,True,True
globalopt,instcombine,0.15384615384615385,0.07991446366529578,676,49.96803337964844,1.5627123136323081e-12,5.91263905331799e-11,True,True
globalopt,tailcallelim,0.10895522388059702,0.08005361832506566,670,7.568588856025567,0.00593942680599942,0.03252978373747375,True,True
globalopt,memcpyopt,0.11666666666666667,0.08003173184765065,660,11.979832744529238,0.0005377941074603776,0.004568333459468197,True,True
globalopt,gvn,0.12828947368421054,0.08000820456720908,608,19.172548980490312,1.1941841475426863e-05,0.0001577209147311015,True,True
globalopt,gvn-sink,0.11195158850226929,0.0800457743107638,661,9.10028755678666,0.002555693121847078,0.01670800378155786,True,True
globalopt,newgvn,0.13569321533923304,0.07996990698522706,678,28.469760318563818,9.517341799842858e-08,1.7789933407248034e-06,True,True
globalopt,inline,0.11826347305389222,0.08002553230292253,668,13.208867589983146,0.00027862767064356346,0.0025917006133971366,True,True
globalopt,sink,0.11901081916537867,0.0800269887075965,647,13.298878316238655,0.0002655649453254688,0.002487924224628076,True,True
globalopt,early-cse-memssa,0.12220566318926974,0.08001294870216617,671,16.154430261262743,5.838185511181386e-05,0.0006598076323747852,True,True
globalopt,iroutliner,0.11526946107784432,0.08003465098253773,668,11.21554713984006,0.0008111489101097141,0.006482569657121715,True,True
globalopt,global-merge,0.10782865583456426,0.08005617337145098,677,7.061555588394533,0.007875558283605285,0.04059671023344158,True,True
strip-dead-prototypes,mem2reg,0.1323943661971831,0.07997245631315895,710,26.381591305293508,2.801982684320161e-07,5.044857099677126e-06,True,True
strip-dead-prototypes,sroa,0.1608832807570978,0.07990828030123448,634,56.22877557792823,6.451046117754427e-14,3.13844693029638e-12,True,True
strip-dead-prototypes,instcombine,0.15864022662889518,0.07988891523630592,706,59.20319875082456,1.4220249432606635e-14,8.070506779432983e-13,True,True
strip-dead-prototypes,simplifycfg,0.10746268656716418,0.08005817770644878,670,6.80479460549568,0.009091341113165716,0.045439300318005034,True,True
strip-dead-prototypes,sccp,0.11022364217252396,0.0800557956348121,626,7.7063058598813,0.005502824955878494,0.030566046137900968,True,True
strip-dead-prototypes,gvn-sink,0.11436950146627566,0.08003520035017965,682,10.872094235575801,0.0009762407583081211,0.007570215464424955,True,True
strip-dead-prototypes,newgvn,0.11487481590574374,0.08003410557224865,679,11.146079252055154,0.0008420946582923233,0.006675390044276797,True,True
strip-dead-prototypes,mergereturn,0.10822510822510822,0.08005289437085338,693,7.4374800641666345,0.006387927182143823,0.03440869717369355,True,True
strip-dead-prototypes,partial-inliner,0.11059907834101383,0.08005124300765454,651,8.216288173062713,0.004151603299111924,0.024745324991358134,True,True
strip-dead-prototypes,slsr,0.12148148148148148,0.08001440797362794,675,15.696282897441689,7.437018020334249e-05,0.0008203764103557442,True,True
strip-dead-prototypes,loop-simplifycfg,0.11195158850226929,0.0800457743107638,661,9.10028755678666,0.002555693121847078,0.01670800378155786,True,True
indvars,sroa,0.14124293785310735,0.07994436590815815,708,35.97119725401345,2.00255923550546e-09,4.7817207111215744e-08,True,True
indvars,function-attrs,0.11059190031152648,0.08005251736902569,642,8.098547902831603,0.004430073564716515,0.026028759308972055,True,True
indvars,mergefunc,0.11317829457364341,0.08004449449061558,645,9.577405641089596,0.0019698656831906042,0.013427317694298358,True,True
indvars,instcombine,0.1800595238095238,0.07983549601962375,672,91.28621266673096,1.2432386339707694e-21,3.2456816604196886e-19,True,True
indvars,simplifycfg,0.12302839116719243,0.08001768749658103,634,15.863894168583002,6.806495499419842e-05,0.0007593799537244473,True,True
indvars,reassociate,0.11982248520710059,0.08001933230592462,676,14.483246993181938,0.00014141161581236576,0.001449693627736549,True,True
indvars,gvn,0.1324599708879185,0.07997774849414759,687,25.58843237071831,4.22565033473927e-07,7.370889403491751e-06,True,True
indvars,gvn-sink,0.11918604651162791,0.08001915097350781,688,14.272079830129186,0.00015819405365105935,0.0015831980147478482,True,True
indvars,newgvn,0.13030746705710103,0.07998540911474364,683,23.388798938723518,1.3234693251915435e-06,2.0814079829116805e-05,True,True
indvars,slp-vectorizer,0.1134020618556701,0.08003866514073107,679,10.220888349322793,0.0013885895232821507,0.010032687404378049,True,True
indvars,loop-load-elim,0.11970802919708029,0.0800180563851664,685,14.592128442084283,0.00013347090680446535,0.0013887489131167617,True,True
indvars,early-cse-memssa,0.12316715542521994,0.08000784256506593,682,17.179314411020574,3.401198469978751e-05,0.0004023895229134982,True,True
indvars,iroutliner,0.11866859623733719,0.08002024559179598,691,13.957079895922833,0.0001870319522290437,0.0018396348298685198,True,True
mergeicmps,mem2reg,0.13525179856115108,0.07996698631573668,695,28.723883000736098,8.346799008728414e-08,1.5905627697411422e-06,True,True
mergeicmps,sroa,0.1593984962406015,0.07990133723607483,665,56.83697228673709,4.7348030262844796e-14,2.423724006657519e-12,True,True
mergeicmps,instcombine,0.17378048780487804,0.07986158601635801,656,78.25890077803574,9.038291984789284e-19,1.1236175051566614e-16,True,True
mergeicmps,jump-threading,0.11304347826086956,0.08003811990442665,690,10.164231869329189,0.0014319156133425,0.010286181307988005,True,True
mergeicmps,gvn-sink,0.1174785100286533,0.08002279981760146,698,13.241348642723883,0.0002738408144060135,0.0025532395933665453,True,True
mergeicmps,newgvn,0.12,0.08001440961613877,700,15.133585339225393,0.00010016538674485107,0.0010731809972444235,True,True
mergeicmps,globalopt,0.10724233983286909,0.0800529004013134,718,7.176721082283108,0.007385556248987373,0.038795222362219384,True,True
mergeicmps,inferattrs,0.11255411255411256,0.0800392147921844,693,9.907147918942176,0.001646380637346086,0.011533500135683852,True,True
mergeicmps,early-cse-memssa,0.12878787878787878,0.07999525845954646,660,21.25045297962644,4.0301511789125566e-06,5.856056406909673e-05,True,True
mergeicmps,loop-simplifycfg,0.1202435312024353,0.08002151900465486,657,14.375232222804483,0.00014975923783307294,0.0015100315986766252,True,True
mergeicmps,iroutliner,0.11093990755007704,0.08005051310924599,649,8.375316699809702,0.003803512725843904,0.023014751975311273,True,True
separate-const-offset-from-gep,mem2reg,0.11818181818181818,0.08002717267413763,660,12.9943558037974,0.00031243132017361256,0.002861943976140039,True,True
separate-const-offset-from-gep,sroa,0.17079889807162535,0.0798414754277792,726,81.20788201418944,2.0317999255630657e-19,3.002463588115081e-17,True,True
separate-const-offset-from-gep,deadargelim,0.11232876712328767,0.08003447835525476,730,10.293229542363093,0.0013351919866559543,0.009763980989252507,True,True
separate-const-offset-from-gep,instcombine,0.12700729927007298,0.0799952579190472,685,20.472706476421706,6.048766976452916e-06,8.535845578302565e-05,True,True
separate-const-offset-from-gep,simplifycfg,0.1091703056768559,0.08005070425104076,687,7.877530593935494,0.0050052780315443315,0.0285966807889836,True,True
separate-const-offset-from-gep,gvn-sink,0.1095679012345679,0.08005470708912697,648,7.633912325417242,0.005728091734489103,0.031637809918560404,True,True
separate-const-offset-from-gep,early-cse-memssa,0.11492537313432835,0.08003538079953312,670,11.029929153141648,0.0008965257400351985,0.007035660917791257,True,True
separate-const-offset-from-gep,speculative-execution,0.10714285714285714,0.08005890774463584,672,6.666309490706148,0.009825243455495809,0.04830590504924242,True,True
separate-const-offset-from-gep,iroutliner,0.10984308131241084,0.0800466946652257,701,8.415501555235508,0.003720351482997646,0.022625916569786096,True,True
libcalls-shrinkwrap,mem2reg,0.13056379821958458,0.07998668636355347,674,23.316115600607567,1.3744356185021473e-06,2.1572304136490616e-05,True,True
libcalls-shrinkwrap,sroa,0.17008797653958943,0.07986193437779278,682,75.07936641177145,4.521671980555177e-18,4.851196568727143e-16,True,True
libcalls-shrinkwrap,instcombine,0.14772727272727273,0.07995186478380177,616,38.276135021097524,6.14090839930947e-10,1.566631745387354e-08,True,True
libcalls-shrinkwrap,jump-threading,0.11420204978038068,0.08003556528281239,683,10.781811228360432,0.0010250233283903658,0.007862862593490054,True,True
libcalls-shrinkwrap,newgvn,0.11702127659574468,0.0800310020972007,658,12.176456869614414,0.0004839648522468104,0.004169870982174939,True,True
libcalls-shrinkwrap,indvars,0.11066666666666666,0.08003721812741735,750,9.512120711123105,0.0020411912771500307,0.01385321497629033,True,True
libcalls-shrinkwrap,lower-expect,0.116991643454039,0.08002097774534842,718,13.269058291003926,0.0002698227113089697,0.0025217798030690345,True,True
libcalls-shrinkwrap,slp-vectorizer,0.11049723756906077,0.08004140937822085,724,9.0796399423813,0.002584709335859917,0.016855490023692646,True,True
libcalls-shrinkwrap,iroutliner,0.12238325281803543,0.08002206247692328,621,15.073742686896182,0.00010339149793815037,0.0011062325298519039,True,True
flattencfg,mem2reg,0.1471004243281471,0.07992576074713509,707,43.13733545928156,5.102913709601097e-11,1.5024819614133756e-09,True,True
flattencfg,sroa,0.1388888888888889,0.0799680875313426,648,30.42650212352408,3.467582590271411e-08,6.91045975750781e-07,True,True
flattencfg,instcombine,0.15350877192982457,0.07991281906307851,684,50.09938752638238,1.4615260442858368e-12,5.5837424287056944e-11,True,True
flattencfg,simplifycfg,0.1199421965317919,0.08001605063244964,692,14.916724914395143,0.00011236240798173059,0.0011924422483914822,True,True
flattencfg,gvn,0.11678832116788321,0.08002717577161408,685,12.518004694090688,0.00040304908658313833,0.0035709054820352256,True,True
flattencfg,gvn-sink,0.10909090909090909,0.08005452771521579,660,7.525665177269789,0.006082609109878414,0.03305967699414832,True,True
flattencfg,newgvn,0.11290322580645161,0.0800490477623098,620,9.052490313229903,0.002623372528504284,0.01702257965471877,True,True
flattencfg,globalopt,0.10741301059001512,0.08005945189366136,661,6.688721667131157,0.009702475318674898,0.04791285415880315,True,True
flattencfg,strip-dead-prototypes,0.11390532544378698,0.08003757033038181,676,10.485854059485412,0.0012029199894550105,0.008982117919112725,True,True
flattencfg,called-value-propagation,0.10794602698650675,0.0800570826741318,667,7.01604064959627,0.008078266702016288,0.04143351984950332,True,True
flattencfg,iroutliner,0.11620294599018004,0.0800412057232197,611,10.808186710081998,0.00101052230234731,0.0077744702082358855,True,True
loop-reduce,mem2reg,0.13146233382570163,0.07998322094099516,677,24.262362569888452,8.406577399861831e-07,1.3659816223177979e-05,True,True
loop-reduce,sroa,0.16224188790560473,0.07988783512675543,678,62.18418941369767,3.1278912968905274e-15,2.0586255997686228e-13,True,True
loop-reduce,instcombine,0.1305785123966942,0.08000255249711705,605,20.934784923074023,4.751869786499391e-06,6.803774070907354e-05,True,True
loop-reduce,simplifycfg,0.11458333333333333,0.08003611062983869,672,10.846453636039485,0.0009898514460648085,0.0076530271723391705,True,True
loop-reduce,dse,0.10932944606413994,0.0800503392427227,686,7.9525105359594015,0.004802071650235509,0.027674632203564763,True,True
loop-reduce,newgvn,0.11190817790530846,0.0800406746891259,697,9.571313920719087,0.001976412791898477,0.013460230422738148,True,True
loop-reduce,sink,0.11314984709480122,0.08004321978262455,654,9.694724699448635,0.0018479776684414266,0.012751859999324452,True,True
loop-reduce,dfa-jump-threading,0.10901162790697674,0.08005106926268751,688,7.803022101129933,0.0052158926579663955,0.029346890299707478,True,True
loop-reduce,early-cse-memssa,0.10741301059001512,0.08005945189366136,661,6.688721667131157,0.009702475318674898,0.04791285415880315,True,True
loop-unroll,mem2reg,0.10814814814814815,0.08005544334155561,675,7.204057254459027,0.007273894888122747,0.0382600031993132,True,True
loop-unroll,sroa,0.1224188790560472,0.08001094291446288,678,16.489378967777032,4.892336748599833e-05,0.0005601868627928932,True,True
loop-rotate,mem2reg,0.11908177905308465,0.0800178749754903,697,14.38224801150657,0.00014920227955731675,0.0015100315986766252,True,True
loop-rotate,sroa,0.12076583210603829,0.08001586729831889,679,15.247638996683722,9.42945570398749e-05,0.0010186413389466208,True,True
loop-rotate,instcombine,0.13230769230769232,0.07998705253752028,650,24.065518378890086,9.311281313080992e-07,1.5005340585195542e-05,True,True
loop-rotate,simplifycfg,0.112,0.08005087225866446,625,8.629453582337486,0.003307707747890625,0.0206422048458003,True,True
loop-rotate,dse,0.10810810810810811,0.08005671767001624,666,7.087402668357813,0.007762767204583381,0.040183736117843386,True,True
loop-rotate,gvn-sink,0.10930576070901034,0.0800516138445475,677,7.8351236468385315,0.005124064819496599,0.02908092439586766,True,True
loop-rotate,newgvn,0.10638297872340426,0.08005727497001729,705,6.606568757351065,0.01016032516567506,0.049641713473217136,True,True
loop-rotate,globalsplit,0.11295180722891567,0.08004230990179362,664,9.725649845976418,0.0018171406053866324,0.01258341752554209,True,True
partial-inliner,mem2reg,0.11730205278592376,0.08002608108847507,682,12.814885537050513,0.00034387244589121865,0.003088542426857826,True,True
partial-inliner,sroa,0.16831683168316833,0.07985735848712441,707,74.805066421249,5.195620395340949e-18,5.498932288690583e-16,True,True
partial-inliner,constmerge,0.1199400299850075,0.0800206081219709,667,14.374621970229603,0.00014980778245297978,0.0015100315986766252,True,True
partial-inliner,instcombine,0.13343108504398826,0.07997592514909993,682,26.353363393326042,2.843233587882167e-07,5.095699189998429e-06,True,True
partial-inliner,simplifycfg,0.11875,0.08002899369979669,640,12.978628947928751,0.00031506659772253165,0.0028759925330569557,True,True
partial-inliner,gvn-sink,0.13544668587896252,0.07996662167584723,694,28.885642185215602,7.677994559907987e-08,1.4666842291024234e-06,True,True
partial-inliner,strip-dead-prototypes,0.10704225352112676,0.08005454014811572,710,6.992097685158281,0.00818703490930726,0.04174364418815186,True,True
partial-inliner,attributor,0.11214953271028037,0.08004795856963111,642,8.948274497604304,0.0027773179864555657,0.017873421914478216,True,True
partial-inliner,loop-vectorize,0.11145510835913312,0.0800494182865896,646,8.61773016173492,0.003329064338567821,0.020742427923359726,True,True
partial-inliner,loop-fusion,0.1099554234769688,0.0800501538812265,673,8.13955645696021,0.0043309876541054925,0.02559006838207751,True,True
partial-inliner,early-cse-memssa,0.12148148148148148,0.08001440797362794,675,15.696282897441689,7.437018020334249e-05,0.0008203764103557442,True,True
lower-expect,mem2reg,0.1402439024390244,0.07996188600450438,656,32.24061179295051,1.3621365652291045e-08,2.883311778074148e-07,True,True
lower-expect,sroa,0.14873417721518986,0.07994402049542773,632,40.452101287139996,2.0149563078484675e-10,5.423071409989416e-09,True,True
lower-expect,deadargelim,0.12166172106824925,0.08001404315077237,674,15.809922188155618,7.003427958653672e-05,0.000779131360400221,True,True
lower-expect,instcombine,0.17604617604617603,0.07983858097170607,693,86.73663690626336,1.2397869279620911e-20,2.311907433285499e-18,True,True
lower-expect,simplifycfg,0.11315417256011315,0.08003520436315216,707,10.48566338666254,0.001203044139064,0.008982117919112725,True,True
lower-expect,gvn-sink,0.1232,0.08001896313584625,625,15.763455253981029,7.17756204259858e-05,0.0007973711477678309,True,True
lower-expect,newgvn,0.12265512265512266,0.08000729577529012,693,17.044241336150343,3.651895366846811e-05,0.00043009991749089053,True,True
lower-expect,attributor,0.1150855365474339,0.08003920585352511,643,10.681831281973059,0.0010819290191000888,0.00820297006543262,True,True
lower-expect,irce,0.10930576070901034,0.0800516138445475,677,7.8351236468385315,0.005124064819496599,0.02908092439586766,True,True
lower-expect,iroutliner,0.11458333333333333,0.08003611062983869,672,10.846453636039485,0.0009898514460648085,0.0076530271723391705,True,True
alignment-from-assumptions,mem2reg,0.13834586466165413,0.07996516712031478,665,30.652526551901854,3.086244605163013e-08,6.21374492227165e-07,True,True
alignment-from-assumptions,sroa,0.15507246376811595,0.07990588578620023,690,52.71754980139413,3.8513428408481545e-13,1.6217052220173518e-11,True,True
alignment-from-assumptions,instcombine,0.15091463414634146,0.07992997237191235,656,44.7050687349937,2.2906355653661508e-11,7.204922790340439e-10,True,True
alignment-from-assumptions,jump-threading,0.1266891891891892,0.08001604331695578,592,17.44642504197494,2.955195197326682e-05,0.00035772934753419743,True,True
alignment-from-assumptions,gvn,0.12874251497005987,0.07999361692426936,668,21.46872242519715,3.5964724320284156e-06,5.294656407452359e-05,True,True
alignment-from-assumptions,gvn-sink,0.11538461538461539,0.08003301082426752,676,11.424816896688716,0.0007246956699441768,0.00590001713825654,True,True
alignment-from-assumptions,newgvn,0.1242603550295858,0.08000565378758173,676,17.90398946700013,2.3233357436123206e-05,0.0002879171763286661,True,True
alignment-from-assumptions,inferattrs,0.11773472429210134,0.08002662690867973,671,12.90285902328536,0.0003280806005598511,0.0029843522225142323,True,True
alignment-from-assumptions,slp-vectorizer,0.10866372980910426,0.0800530738611234,681,7.538364483582125,0.006039884391973612,0.03291884102848805,True,True
alignment-from-assumptions,loop-interchange,0.1072463768115942,0.08005635909314754,690,6.898023029941145,0.008629112040720427,0.04357395583682939,True,True
alignment-from-assumptions,loop-versioning,0.1191553544494721,0.08002370802653476,663,13.730292924856487,0.000211023257769675,0.0020278946685301775,True,True
alignment-from-assumptions,iroutliner,0.1158357771260997,0.08003064071932736,682,11.823537958353965,0.0005848662104678407,0.004889418983434836,True,True
rpo-function-attrs,mem2reg,0.11891117478510028,0.08001823985408117,698,14.27702046628758,0.00015777935495484886,0.0015831980147478482,True,True
rpo-function-attrs,sroa,0.12792511700468018,0.08000200586258929,641,19.911392347923538,8.11155187298687e-06,0.00011145556889339152,True,True
rpo-function-attrs,constmerge,0.10730253353204174,0.08005854272387805,671,6.735318885862948,0.00945223334832901,0.046913746251022063,True,True
rpo-function-attrs,instcombine,0.17142857142857143,0.07986486301650915,665,75.40054157266829,3.842845869404187e-18,4.2606985570875476e-16,True,True
rpo-function-attrs,loop-deletion,0.10806916426512968,0.08005325940247328,694,7.365757644351816,0.006647758419579631,0.03551517322111028,True,True
rpo-function-attrs,newgvn,0.10614525139664804,0.08005673060260304,716,6.588962118364648,0.01026129774544413,0.049948094432764725,True,True
rpo-function-attrs,lower-expect,0.1111111111111111,0.0800526968381897,630,8.220050316273921,0.00414300514640228,0.024745324991358134,True,True
rpo-function-attrs,loop-simplify,0.1111111111111111,0.08004249963519626,702,9.162491910924652,0.002470259603304884,0.016271718429843443,True,True
rpo-function-attrs,early-cse-memssa,0.11144578313253012,0.08004686915845241,664,8.853304181179581,0.002925588010288167,0.01862862219233896,True,True
rpo-function-attrs,loop-simplifycfg,0.11287988422575977,0.08003848486368424,691,10.078036875907152,0.0015004711197068121,0.010636334071300884,True,True
rpo-function-attrs,iroutliner,0.1282798833819242,0.07999106296053111,686,21.631259053443546,3.3042267482557918e-06,4.901269676579424e-05,True,True
attributor,bdce,0.10882352941176471,0.0800527088519866,680,7.61184226335785,0.005798621148986012,0.031914828418031234,True,True
attributor,mem2reg,0.15853658536585366,0.07990717692006091,656,54.85266707465172,1.2991234929560173e-13,5.9851383510773696e-12,True,True
attributor,sroa,0.15828402366863906,0.07990078514695288,676,56.16650407962473,6.65863117558946e-14,3.21916045476646e-12,True,True
attributor,constmerge,0.10849056603773585,0.08005944511811526,636,6.953581854171434,0.008365158166365584,0.04248762565432895,True,True
attributor,deadargelim,0.1140215716486903,0.0800413952194904,649,10.135232324553083,0.001454619086511672,0.01038495235078721,True,True
attributor,instcombine,0.13110181311018132,0.07997500923472622,717,25.34075446673479,4.804496697350791e-07,8.288285932522333e-06,True,True
attributor,simplifycfg,0.1267806267806268,0.07999233912155261,702,20.77993662255162,5.151987800382938e-06,7.323115871615094e-05,True,True
attributor,reassociate,0.11832611832611832,0.08002097535395909,693,13.74985242773566,0.00020883722583757246,0.0020143019122658467,True,True
attributor,sccp,0.11360239162929746,0.08003957524996694,669,10.19156934626465,0.0014108419275621878,0.010165330245323878,True,True
attributor,dce,0.11521418020679468,0.08003337573693353,677,11.331372384480353,0.0007620855952765092,0.006165965270873574,True,True
attributor,dse,0.12184249628528974,0.08001367833124359,673,15.924158069850282,6.593178669961325e-05,0.0007366301760789887,True,True
attributor,jump-threading,0.11094890510948906,0.08004541454450945,685,8.846512853660148,0.0029364939325333206,0.018652571354096485,True,True
attributor,gvn,0.1267605633802817,0.08000583518342079,639,18.893372307491667,1.3823208902763633e-05,0.00018074018718939027,True,True
attributor,gvn-sink,0.12423312883435583,0.08001057689677496,652,17.245151332009204,3.285348966134023e-05,0.0003910463997380192,True,True
attributor,newgvn,0.11373092926490985,0.08003119342201873,721,11.070912864296599,0.0008769249912382249,0.006916491975204207,True,True
attributor,strip-dead-prototypes,0.11094452773613193,0.08004796403609157,667,8.610895258189391,0.003341580125775689,0.020781650807607695,True,True
attributor,indvars,0.10997067448680352,0.08004887924273651,682,8.257186202751626,0.004059099444260184,0.024312098205339312,True,True
attributor,lower-expect,0.10843373493975904,0.08005598767177,664,7.231559521797108,0.007163295358326745,0.037805208387072145,True,True
attributor,div-rem-pairs,0.1130952380952381,0.08004067005279812,672,9.929433173296088,0.0016265661614647943,0.011406749608651255,True,True
attributor,float2int,0.11739130434782609,0.08002444051288599,690,13.028036232179037,0.0003068621593763134,0.0028274640379238663,True,True
attributor,inline,0.11287758346581876,0.08004777338639461,629,9.16990286637917,0.0024602762715211263,0.0162195991233615,True,True
attributor,dfa-jump-threading,0.10975609756097561,0.08005306781191017,656,7.827610959471853,0.005145406426377048,0.029117646771231968,True,True
attributor,consthoist,0.11840228245363767,0.08001933450982002,701,13.964630736545391,0.00018628225062183526,0.0018396348298685198,True,True
attributor,mldst-motion,0.1099554234769688,0.0800501538812265,673,8.13955645696021,0.0043309876541054925,0.02559006838207751,True,True
attributor,loop-distribute,0.1079136690647482,0.0800536244374222,695,7.29449257521064,0.006916630165028371,0.03672613386610319,True,True
attributor,loop-sink,0.11818181818181818,0.08002717267413763,660,12.9943558037974,0.00031243132017361256,0.002861943976140039,True,True
attributor,loop-unroll-and-jam,0.11420204978038068,0.08003556528281239,683,10.781811228360432,0.0010250233283903658,0.007862862593490054,True,True
attributor,vector-combine,0.10848400556328233,0.08004870507435732,719,7.860382319168116,0.005052970684097702,0.02878172101662051,True,True
attributor,always-inline,0.10888252148997135,0.0800501595987232,698,7.846149679837731,0.005092905943159493,0.028988109990425257,True,True
attributor,lowerswitch,0.10948905109489052,0.08004997423773329,685,8.027963988460147,0.004606058693094571,0.026861244738880623,True,True
attributor,early-cse-memssa,0.12389380530973451,0.08000638336677002,678,17.65997827187992,2.6412596212267484e-05,0.00032271989630963953,True,True
attributor,simple-loop-unswitch,0.11335403726708075,0.08004412958049545,644,9.664521969344941,0.0018786063744768615,0.012906355372721737,True,True
attributor,loop-versioning,0.11894273127753303,0.08002115659068837,681,13.950902626796339,0.00018764753557602826,0.0018396348298685198,True,True
attributor,loop-simplifycfg,0.12012012012012012,0.0800202432841537,666,14.483195704324311,0.00014141546623987788,0.001449693627736549,True,True
attributor,loop-predication,0.10881542699724518,0.08004669998905468,726,8.123874068217457,0.0043686106263917815,0.025764275923117797,True,True
attributor,iroutliner,0.14563106796116504,0.07995715197374419,618,36.0556581185586,1.917611650252023e-09,4.5928851513069855e-08,True,True
inferattrs,mem2reg,0.12139605462822459,0.08001768951258098,659,15.259841484722065,9.368731274063742e-05,0.0010148810973508607,True,True
inferattrs,sroa,0.16037735849056603,0.07990900885294627,636,55.70200077581467,8.433240767815727e-14,3.978863957441733e-12,True,True
inferattrs,instcombine,0.1573816155988858,0.07988872674206494,718,58.29741031961825,2.2534052202343976e-14,1.2171496334397104e-12,True,True
inferattrs,gvn,0.11206896551724138,0.08004030970989777,696,9.654534759812249,0.0018888472453977504,0.012953985661957252,True,True
inferattrs,alignment-from-assumptions,0.10962962962962963,0.08005088385623031,675,7.986372333902801,0.004713075616404451,0.0273023729494672,True,True
inferattrs,attributor,0.11044776119402985,0.08004905894368253,670,8.372999436055107,0.003808365495403908,0.023014751975311273,True,True
inferattrs,sink,0.10955056179775281,0.08004614977700354,712,8.380441936719297,0.0037928018808543818,0.023009468885245174,True,True
inferattrs,early-cse-memssa,0.12172573189522343,0.08001860049510141,649,15.268736132928213,9.324716065514035e-05,0.0010115121360817995,True,True
inferattrs,iroutliner,0.11533052039381153,0.0800275438124467,711,11.98139068747432,0.0005373446740521808,0.004568333459468197,True,True
called-value-propagation,correlated-propagation,0.11335403726708075,0.08004412958049545,644,9.664521969344941,0.0018786063744768615,0.012906355372721737,True,True
called-value-propagation,mem2reg,0.12259970457902511,0.08001057810241609,677,16.606130440230746,4.6002085985516075e-05,0.0005313987277854895,True,True
called-value-propagation,sroa,0.15142857142857144,0.07991408950378025,700,48.408630705270504,3.4604185516314315e-12,1.2153362375057117e-10,True,True
called-value-propagation,instsimplify,0.11634756995581738,0.0800295460037662,679,12.111349768157424,0.000501158455497645,0.004303808139756091,True,True
called-value-propagation,function-attrs,0.11161387631975868,0.0800465042058951,663,8.935120638830906,0.002797389923354139,0.017973058145783115,True,True
called-value-propagation,instcombine,0.1678726483357453,0.07986521178074571,691,72.37213382290238,1.782127379110199e-17,1.7667875485051998e-15,True,True
called-value-propagation,jump-threading,0.10838150289017341,0.08005252934256245,692,7.509661813941394,0.006136889321471226,0.03333156530219323,True,True
called-value-propagation,gvn,0.1143317230273752,0.08004485429192669,621,9.875075770887165,0.0016753269765793413,0.011696223229392606,True,True
called-value-propagation,gvn-sink,0.11029411764705882,0.08004814926271442,680,8.412406900921438,0.003726689526943828,0.022625916569786096,True,True
called-value-propagation,newgvn,0.11026033690658499,0.08005197291937359,653,8.059301909282567,0.004527062316069463,0.026499216785841582,True,True
called-value-propagation,slp-vectorizer,0.10860366713681241,0.08004961489176383,709,7.816290205433407,0.005177737018249865,0.02921616450067215,True,True
called-value-propagation,vector-combine,0.11095100864553314,0.0800441396417758,694,8.964336284381488,0.002753006923843613,0.01773153801607169,True,True
called-value-propagation,globalsplit,0.10730253353204174,0.08005854272387805,671,6.735318885862948,0.00945223334832901,0.046913746251022063,True,True
called-value-propagation,loop-reroll,0.11062590975254731,0.08004614451623493,687,8.68735442016726,0.0032042538812333495,0.020124872813006893,True,True
called-value-propagation,iroutliner,0.1199400299850075,0.0800206081219709,667,14.374621970229603,0.00014980778245297978,0.0015100315986766252,True,True
licm,mem2reg,0.11694152923538231,0.08002972676001112,667,12.290185918506058,0.00045534637363708197,0.003962525331472918,True,True
licm,sroa,0.12812960235640647,0.07999306945590669,679,21.276379978292486,3.976006358954481e-06,5.8097167543528906e-05,True,True
licm,instcombine,0.12812960235640647,0.07999306945590669,679,21.276379978292486,3.976006358954481e-06,5.8097167543528906e-05,True,True
licm,simplifycfg,0.1125,0.08003538886710021,720,10.260063813849293,0.0013594097766070558,0.009904090577103683,True,True
licm,gvn,0.11616954474097331,0.08003701660732765,637,11.248578470839481,0.0007968401875835343,0.006387771084088271,True,True
licm,indvars,0.10885341074020319,0.08005143427766302,689,7.72898300825099,0.005434134883284283,0.03031349316658298,True,True
licm,partial-inliner,0.11028315946348734,0.08004942391953566,671,8.2946932940039,0.003976109496918971,0.02391773393231135,True,True
licm,inferattrs,0.11390532544378698,0.08003757033038181,676,10.485854059485412,0.0012029199894550105,0.008982117919112725,True,True
licm,mldst-motion,0.1111111111111111,0.08003612298233531,747,9.751832232449257,0.0017914407325037166,0.012438443100149918,True,True
licm,early-cse-memssa,0.12257100149476831,0.08001221908639532,669,16.38712094111039,5.163488643853676e-05,0.0005886527373895486,True,True
licm,iroutliner,0.10901162790697674,0.08005106926268751,688,7.803022101129933,0.0052158926579663955,0.029346890299707478,True,True
loop-simplify,mem2reg,0.12199036918138041,0.08002279202279203,623,14.842432048685865,0.0001168760915762725,0.0012369912827369814,True,True
loop-simplify,sroa,0.1328358208955224,0.07998066822293551,670,25.31311767645662,4.873829027481713e-07,8.371015119130872e-06,True,True
loop-simplify,instcombine,0.1484848484848485,0.07993598920387712,660,41.9430851962999,9.396909929442049e-11,2.6378709163939116e-09,True,True
loop-simplify,simplifycfg,0.12254160363086233,0.08001385995066952,661,16.16814277940485,5.796072964672236e-05,0.0006559948476779329,True,True
loop-simplify,gvn-sink,0.1115819209039548,0.08004012950886953,708,9.524164531204487,0.0020278388373822735,0.01377453059356285,True,True
loop-simplify,newgvn,0.11571428571428571,0.08002808963146038,700,12.054114697548334,0.0005167818472503532,0.004418597628454986,True,True
loop-simplify,slsr,0.11158798283261803,0.08004140465756798,699,9.406334920232833,0.0021623702770560767,0.014549327952140562,True,True
loop-simplify,early-cse-memssa,0.1217008797653959,0.08001240219591822,682,16.028351408650476,6.240102235912344e-05,0.000700178806757385,True,True
loop-simplify,loop-predication,0.10719530102790015,0.08005763347118554,681,6.782136684682895,0.009207460641895981,0.0459317399664518,True,True
div-rem-pairs,mem2reg,0.14450867052023122,0.07993853337345991,692,39.01414732290542,4.2074544571966016e-10,1.0911517651908537e-08,True,True
div-rem-pairs,sroa,0.13543307086614173,0.0799815830381605,635,26.409829803713773,2.7613165245159893e-07,4.983094705071251e-06,True,True
div-rem-pairs,instcombine,0.15851851851851853,0.07990042084049552,675,56.42026300003796,5.85241467636497e-14,2.9010197307145853e-12,True,True
div-rem-pairs,jump-threading,0.10960960960960961,0.08005215837178342,666,7.868868456006915,0.005029311498222054,0.02868868729357256,True,True
div-rem-pairs,loop-idiom,0.10835913312693499,0.08005853605164302,646,6.997894756049581,0.008160563259428677,0.04169180133584175,True,True
div-rem-pairs,loop-deletion,0.12158054711246201,0.08001732470137686,658,15.373198995436528,8.823090690753368e-05,0.000962429614066579,True,True
div-rem-pairs,gvn-sink,0.11093990755007704,0.08005051310924599,649,8.375316699809702,0.003803512725843904,0.023014751975311273,True,True
div-rem-pairs,attributor,0.11267605633802817,0.08004686381684818,639,9.201763399326937,0.002417821035390781,0.01596658882730236,True,True
div-rem-pairs,early-cse-memssa,0.13623595505617977,0.07995950493875578,712,30.489224787962208,3.3572604049787225e-08,6.707669258110549e-07,True,True
float2int,mem2reg,0.10835913312693499,0.08005853605164302,646,6.997894756049581,0.008160563259428677,0.04169180133584175,True,True
float2int,sroa,0.1627260083449235,0.07987084946574911,719,66.73706989622157,3.1024572740758035e-16,2.4543884212688578e-14,True,True
float2int,instcombine,0.16172106824925817,0.07989093760828728,674,61.03439404195315,5.6086354187663505e-15,3.486256555537941e-13,True,True
float2int,simplifycfg,0.10744985673352435,0.0800547195622435,698,7.083421849106042,0.007780030445678048,0.04024649831608353,True,True
float2int,memcpyopt,0.10739191073919108,0.08005253533137846,717,7.246018349313388,0.007105840282544687,0.03762876341642325,True,True
float2int,gvn-sink,0.10785824345146379,0.0800596309990016,649,6.783107302841561,0.009202455319863804,0.0459317399664518,True,True
float2int,newgvn,0.12917271407837447,0.0799875974082231,689,22.539546932786628,2.0586164223539142e-06,3.167599964612152e-05,True,True
float2int,mergereturn,0.11234177215189874,0.0800488681017113,632,8.914617069355256,0.0028289712500695692,0.018116519076488036,True,True
float2int,libcalls-shrinkwrap,0.11912225705329153,0.08002826404084609,638,13.188647837288498,0.0002816500412511491,0.0026167059585753254,True,True
float2int,attributor,0.12422360248447205,0.08001221769377354,644,17.025573725652468,3.6879737871742294e-05,0.0004323983637896492,True,True
float2int,slsr,0.10819165378670788,0.08005890103076804,647,6.9258080673454145,0.008496059500248192,0.04303298112050293,True,True
float2int,loop-load-elim,0.11094890510948906,0.08004541454450945,685,8.846512853660148,0.0029364939325333206,0.018652571354096485,True,True
float2int,early-cse-memssa,0.12035661218424963,0.08001823777499145,673,14.809557466346972,0.00011893122559458489,0.00125534954023826,True,True
inline,mem2reg,0.1426403641881639,0.07995386137440218,659,35.02284734704382,3.2585932576023898e-09,7.50626540986527e-08,True,True
inline,sroa,0.15552099533437014,0.07992067652891431,643,49.70589049310291,1.7860887005560006e-12,6.567439766551455e-11,True,True
inline,instcombine,0.12369597615499255,0.08000838929999499,671,17.31939930732329,3.159449498484648e-05,0.00037836098581241234,True,True
inline,simplifycfg,0.10798816568047337,0.080055808354839,676,7.132572018811058,0.007569606964509588,0.03947081341280898,True,True
inline,gvn,0.11388455538221529,0.0800430348700976,641,9.929133656930887,0.0016268308622144347,0.011406749608651255,True,True
inline,gvn-sink,0.1130690161527166,0.08003939503093696,681,10.046821498334015,0.0015261102871868303,0.010787451055277305,True,True
inline,newgvn,0.11746522411128284,0.08003154761090672,647,12.262272379927989,0.00046220832045804636,0.004017775322782929,True,True
inline,early-cse,0.1104199066874028,0.08005288231405712,643,8.019828494555215,0.004626795161544554,0.02696209799495309,True,True
inline,mergeicmps,0.10866372980910426,0.0800530738611234,681,7.538364483582125,0.006039884391973612,0.03291884102848805,True,True
inline,loop-simplify,0.109717868338558,0.08005561633843909,638,7.592563805590394,0.005860954061372105,0.03219003661196797,True,True
inline,sink,0.10835913312693499,0.08005853605164302,646,6.997894756049581,0.008160563259428677,0.04169180133584175,True,True
inline,mldst-motion,0.1092814371257485,0.08005288834176812,668,7.717757005158901,0.005468028979761675,0.030394324321854817,True,True
inline,nary-reassociate,0.10882352941176471,0.0800527088519866,680,7.61184226335785,0.005798621148986012,0.031914828418031234,True,True
inline,early-cse-memssa,0.12347560975609756,0.08001203599857756,656,16.76017689865239,4.241416150610193e-05,0.0004928601081836652,True,True
inline,loop-simplifycfg,0.10814814814814815,0.08005544334155561,675,7.204057254459027,0.007273894888122747,0.0382600031993132,True,True
sink,mem2reg,0.12579617834394904,0.08001094042029448,628,17.806965751101995,2.4448654058886092e-05,0.0003005994640332745,True,True
sink,sroa,0.1534954407294833,0.07992158293061001,658,48.171801008321765,3.904634405883353e-12,1.3471848751928818e-10,True,True
sink,constmerge,0.10850439882697947,0.08005343887358879,682,7.465357903647011,0.006289752554460014,0.034043774710802235,True,True
sink,instcombine,0.15565345080763582,0.07990716633913468,681,52.83773243712709,3.6227432038863803e-13,1.542028520262942e-11,True,True
sink,simplifycfg,0.12481203007518797,0.08000620061732616,665,18.05496957534442,2.1461770726549466e-05,0.00026937273770887086,True,True
sink,dse,0.11591962905718702,0.08003610651421694,647,11.2677222200593,0.0007886644066503288,0.00633519962347218,True,True
sink,gvn,0.12293853073463268,0.08001148948393068,667,16.62225183632995,4.561272836695925e-05,0.0005276793036484858,True,True
sink,gvn-hoist,0.10923076923076923,0.08005543702244834,650,7.483086217519813,0.006228122907553634,0.03378023449581722,True,True
sink,callsite-splitting,0.10771470160116449,0.08005526398584659,687,7.107321105679349,0.00767697522087094,0.03995087702980811,True,True
sink,scalarizer,0.11836115326251896,0.08002680781803509,659,13.097230526704667,0.00029573266225852595,0.0027281251010704065,True,True
sink,partially-inline-libcalls,0.1123076923076923,0.08004631909112461,650,9.14986798221883,0.0024873601159697742,0.01635684670720006,True,True
loop-vectorize,correlated-propagation,0.11338582677165354,0.08004540419304988,635,9.547318172194776,0.0020024176859071347,0.013613659128493645,True,True
loop-vectorize,mem2reg,0.10689170182841069,0.08005490521553946,711,6.923822572140774,0.00850549728990533,0.04303298112050293,True,True
loop-vectorize,sroa,0.15937940761636107,0.07988544797048644,709,60.580581264873686,7.062730265735486e-15,4.288008018700801e-13,True,True
loop-vectorize,instcombine,0.16148148148148148,0.07989130186984493,675,60.766723854237185,6.425492470409479e-15,3.9315982053318e-13,True,True
loop-vectorize,dse,0.1095890410958904,0.08005343278274468,657,7.751381683570303,0.005367146340108501,0.030046812105596697,True,True
loop-vectorize,jump-threading,0.1173780487804878,0.08003027236005872,656,12.375342655807533,0.0004350409573299104,0.0038165447843624906,True,True
loop-vectorize,newgvn,0.12445095168374817,0.08000364772131409,683,18.24660118633308,1.9407193491330623e-05,0.00024555272927964694,True,True
loop-vectorize,early-cse-memssa,0.1182108626198083,0.08003300330033003,626,12.341864335486754,0.0004429124730329049,0.0038782088620359883,True,True
slp-vectorizer,mem2reg,0.12462462462462462,0.08000656538945526,666,17.93080027580338,2.2908364940545087e-05,0.00028433964217804933,True,True
slp-vectorizer,sroa,0.16691285081240767,0.07987379229531144,677,69.35844522768912,8.210032631056953e-17,6.9892364746128316e-15,True,True
slp-vectorizer,instcombine,0.15220483641536273,0.07991062267721562,703,49.681331411254554,1.8085867177853685e-12,6.619089333502338e-11,True,True
slp-vectorizer,simplifycfg,0.1278409090909091,0.07998850857752605,704,21.797614128140903,3.0297665607188112e-06,4.53711887257165e-05,True,True
slp-vectorizer,dce,0.10798816568047337,0.080055808354839,676,7.132572018811058,0.007569606964509588,0.03947081341280898,True,True
slp-vectorizer,gvn-sink,0.10846953937592868,0.08005471332497435,673,7.348442486353017,0.0067120880435395875,0.03578561848672706,True,True
slp-vectorizer,early-cse,0.10885341074020319,0.08005143427766302,689,7.72898300825099,0.005434134883284283,0.03031349316658298,True,True
slp-vectorizer,indvars,0.11851851851851852,0.08002352694427853,675,13.526906935225517,0.00023516731233680322,0.0022298188743605845,True,True
slp-vectorizer,called-value-propagation,0.1111111111111111,0.08004377465174073,693,9.04465286955799,0.0026346424912080785,0.017067427618810315,True,True
slp-vectorizer,loop-simplify,0.1080669710806697,0.08005799189390037,657,6.970787505882434,0.008285102691843084,0.042135665118516255,True,True
slp-vectorizer,globalsplit,0.1071932299012694,0.08005417508402154,709,7.060811419348795,0.007878830382383963,0.04059671023344158,True,True
slp-vectorizer,early-cse-memssa,0.11669128508124077,0.08002881621003005,677,12.305928694857267,0.0004515217804430763,0.0039423841520960685,True,True
slp-vectorizer,unreachableblockelim,0.11019283746556474,0.08004213944324856,726,8.923117961165655,0.0028158337528339434,0.01806192461277268,True,True
callsite-splitting,mem2reg,0.1238244514106583,0.0800145878920496,638,16.56242826708687,4.7074454534569214e-05,0.0005417101880970318,True,True
callsite-splitting,sroa,0.13848396501457727,0.07995914496242795,686,31.77377229954002,1.7321609553365217e-08,3.6080544154775635e-07,True,True
callsite-splitting,instcombine,0.17436661698956782,0.07985336962617462,671,81.05915697697036,2.1906094917196213e-19,3.1771950998422356e-17,True,True
callsite-splitting,memcpyopt,0.10962962962962963,0.08005088385623031,675,7.986372333902801,0.004713075616404451,0.0273023729494672,True,True
callsite-splitting,gvn,0.1076923076923077,0.08005999598811021,650,6.712488703264578,0.00957400179435531,0.04739796589974132,True,True
callsite-splitting,gvn-sink,0.12974683544303797,0.07999872359435829,632,21.156396242171937,4.232861508873834e-06,6.127869008780013e-05,True,True
callsite-splitting,globalopt,0.1092814371257485,0.08005288834176812,668,7.717757005158901,0.005468028979761675,0.030394324321854817,True,True
callsite-splitting,rpo-function-attrs,0.1077762619372442,0.08004925546712882,733,7.618708357483101,0.005776584717284559,0.03188316526129152,True,True
callsite-splitting,attributor,0.12094395280235988,0.08001550246215576,678,15.358918208503606,8.890030548875893e-05,0.0009683827435159386,True,True
callsite-splitting,early-cse-memssa,0.11826347305389222,0.08002553230292253,668,13.208867589983146,0.00027862767064356346,0.0025917006133971366,True,True
callsite-splitting,simple-loop-unswitch,0.10834553440702782,0.08005380388938285,683,7.392820457353561,0.006548472450839207,0.03505648409772568,True,True
callsite-splitting,partially-inline-libcalls,0.11525974025974026,0.08004302996599538,616,10.33430718409035,0.0013058012909069252,0.009593187924138687,True,True
callsite-splitting,iroutliner,0.11488673139158576,0.08004375968638891,618,10.148876728331576,0.0014438919567750252,0.010355825829177653,True,True
dfa-jump-threading,ipsccp,0.10883280757097792,0.08005871519483598,634,7.100026592571541,0.007708280819581143,0.040060554332421706,True,True
dfa-jump-threading,mem2reg,0.13292117465224113,0.07998595857780452,647,24.520841682923386,7.35103724444628e-07,1.2095236071114133e-05,True,True
dfa-jump-threading,sroa,0.138268156424581,0.07995184283251704,716,32.92291077485401,9.588656426416735e-09,2.0802869011550102e-07,True,True
dfa-jump-threading,instcombine,0.15993788819875776,0.07990736435168723,644,55.78851979204164,8.070143225974321e-14,3.8306279845958115e-12,True,True
dfa-jump-threading,simplifycfg,0.1078125,0.08006090500460435,640,6.666708146857461,0.009823045872374753,0.04830590504924242,True,True
dfa-jump-threading,adce,0.10875706214689265,0.08004924985179443,708,7.889588912824113,0.00497201642239885,0.028465520921219147,True,True
dfa-jump-threading,jump-threading,0.11933534743202417,0.08002334318123792,662,13.83631288826458,0.00019944418194564034,0.0019290634307651201,True,True
dfa-jump-threading,gvn,0.11452513966480447,0.08002936857562408,716,11.519929310035751,0.0006885400793019256,0.005638383546058232,True,True
dfa-jump-threading,gvn-sink,0.11700680272108843,0.080018060502684,735,13.595460173012,0.0002267331804172409,0.0021603093297175554,True,True
dfa-jump-threading,early-cse,0.12180451127819548,0.08001531917221759,665,15.705641077695935,7.400313612950466e-05,0.0008197914599240178,True,True
dfa-jump-threading,slp-vectorizer,0.11128526645768025,0.0800510576221736,638,8.418626252734647,0.003713963031729478,0.02261878574222805,True,True
dfa-jump-threading,loop-load-elim,0.11009174311926606,0.08005233788022467,654,7.981568780009919,0.004725597400959498,0.027314301730121615,True,True
dfa-jump-threading,always-inline,0.11475409836065574,0.0800357457130221,671,10.937924781470649,0.0009421563730386848,0.007342257426506447,True,True
dfa-jump-threading,early-cse-memssa,0.1206896551724138,0.0800237053245806,638,14.270594023965781,0.00015831898127063545,0.0015831980147478482,True,True
dfa-jump-threading,iroutliner,0.12061068702290076,0.08002078935730796,655,14.594965932537535,0.00013327008282161624,0.0013887489131167617,True,True
consthoist,mem2reg,0.15692307692307692,0.07991410908693036,650,52.13528287593795,5.180566987435019e-13,2.1354842445047933e-11,True,True
consthoist,sroa,0.17851959361393324,0.07983256501101187,689,90.73982053534817,1.638620894084458e-21,4.010524638271711e-19,True,True
consthoist,instcombine,0.1618320610687023,0.07989769447851082,655,59.47019659084736,1.2416029260157571e-14,7.203136382633637e-13,True,True
consthoist,newgvn,0.11178247734138973,0.08004613925666557,662,9.01744765949257,0.0026741454462787867,0.017280451431728926,True,True
consthoist,iroutliner,0.11424100156494522,0.08004230507980069,639,10.108285860115885,0.0014760418665205888,0.010509418089626592,True,True
mldst-motion,bdce,0.10906298003072197,0.08005580199410067,651,7.408422503875348,0.006491922209630833,0.034801324261347494,True,True
mldst-motion,mem2reg,0.1318840579710145,0.07997884254108377,690,25.137822457399746,5.337564113406005e-07,9.068069877699747e-06,True,True
mldst-motion,sroa,0.1446629213483146,0.07993214341088807,712,40.33802639884215,2.136105688453119e-10,5.7294451205359e-09,True,True
mldst-motion,instcombine,0.16109422492401215,0.07989878727090362,658,58.66905332721697,1.865527819890707e-14,1.0289305553087335e-12,True,True
mldst-motion,simplifycfg,0.10892586989409984,0.08005489269936217,661,7.451409302347123,0.006338679951388723,0.03426124318790647,True,True
mldst-motion,jump-threading,0.11386861313868613,0.08003629515806177,685,10.602799497949311,0.0011291656243948404,0.008511670038749173,True,True
mldst-motion,gvn,0.10822510822510822,0.08005289437085338,693,7.4374800641666345,0.006387927182143823,0.03440869717369355,True,True
mldst-motion,loop-vectorize,0.10802469135802469,0.08005926601322089,648,6.854213005899352,0.00884324997034992,0.044454642983171096,True,True
mldst-motion,simple-loop-unswitch,0.10807113543091655,0.08004852531388672,731,7.760861162205369,0.005339049829792642,0.029942942462539795,True,True
slsr,correlated-propagation,0.11702127659574468,0.0800310020972007,658,12.176456869614414,0.0004839648522468104,0.004169870982174939,True,True
slsr,mem2reg,0.1408839779005525,0.07994107828561525,724,36.35582686463891,1.6438701187263697e-09,3.969359377255416e-08,True,True
slsr,sroa,0.13313609467455623,0.07997829675089595,676,25.83241154661142,3.7238251510032763e-07,6.510044326486085e-06,True,True
slsr,instcombine,0.15555555555555556,0.07990953981114612,675,52.23506769339303,4.923893537753681e-13,2.0404197982903083e-11,True,True
slsr,jump-threading,0.11265432098765432,0.08004558924093914,648,9.319284165409865,0.0022675456424472848,0.015153086579903698,True,True
slsr,gvn,0.11935483870967742,0.0800308143934214,620,12.968888846355986,0.0003167099292752757,0.0028876276671524555,True,True
slsr,newgvn,0.1092814371257485,0.08005288834176812,668,7.717757005158901,0.005468028979761675,0.030394324321854817,True,True
slsr,attributor,0.11304347826086956,0.08003811990442665,690,10.164231869329189,0.0014319156133425,0.010286181307988005,True,True
slsr,div-rem-pairs,0.1133428981348637,0.08003611474639878,697,10.455405211817894,0.00122291084136564,0.009113071084277537,True,True
slsr,dfa-jump-threading,0.125,0.08000747690820728,656,17.960086693499203,2.2558580869078026e-05,0.00028178437857515005,True,True
slsr,mldst-motion,0.11063218390804598,0.0800448696318319,696,8.805147114491568,0.003003819223569915,0.019064758637763028,True,True
slsr,lowerswitch,0.11618257261410789,0.08002280241705621,723,12.781470860855945,0.00035006956857869546,0.0031406012154734744,True,True
slsr,iroutliner,0.11030478955007257,0.08004687450127446,689,8.530132333523254,0.0034931430054950478,0.021423880985933605,True,True
loop-interchange,ipsccp,0.11290322580645161,0.0800490477623098,620,9.052490313229903,0.002623372528504284,0.01702257965471877,True,True
loop-interchange,mem2reg,0.13256484149855907,0.0799757414365447,694,25.953718816642375,3.497011333853419e-07,6.154739947582017e-06,True,True
loop-interchange,sroa,0.16566265060240964,0.0798827359187358,664,66.07654885821829,4.337459070163282e-16,3.3970979437518824e-14,True,True
loop-interchange,mergefunc,0.11842105263157894,0.08002225120147369,684,13.63828898674951,0.00022161930317586074,0.002124507200089769,True,True
loop-interchange,instcombine,0.14262820512820512,0.07996389727132659,624,33.14456562839597,8.555515307640477e-09,1.8769410613288573e-07,True,True
loop-interchange,dse,0.11273792093704246,0.080040124934455,683,9.87479511578882,0.0016755825412893902,0.011696223229392606,True,True
loop-interchange,gvn-sink,0.119533527696793,0.08001842124461954,686,14.484880524369359,0.00014128903632148123,0.001449693627736549,True,True
loop-interchange,newgvn,0.1112618724559023,0.0800370334897679,737,9.714744581106013,0.0018279548304874064,0.012647122113407568,True,True
loop-interchange,attributor,0.10962962962962963,0.08005088385623031,675,7.986372333902801,0.004713075616404451,0.0273023729494672,True,True
loop-interchange,early-cse-memssa,0.12868217054263567,0.07999890587318158,645,20.675916753258544,5.439588778921593e-06,7.717909296469913e-05,True,True
loop-interchange,loop-reroll,0.11394302848575712,0.08003884539805135,667,10.368943681159323,0.001281528513084334,0.009459878712984452,True,True
loop-interchange,unreachableblockelim,0.11729323308270677,0.08002899700455472,665,12.488554200486737,0.0004094529589404719,0.003615372688186895,True,True
loop-fusion,mem2reg,0.16172106824925817,0.07989093760828728,674,61.03439404195315,5.6086354187663505e-15,3.486256555537941e-13,True,True
loop-fusion,sroa,0.14986737400530503,0.07990184452026053,754,49.896422311978405,1.6207992387918732e-12,6.073731884314809e-11,True,True
loop-fusion,instcombine,0.13714285714285715,0.0799596895548523,700,30.950753212978,2.646593508415378e-08,5.383927365690712e-07,True,True
loop-fusion,simplifycfg,0.11677631578947369,0.08004011121746661,608,11.099695651855605,0.0008634188778961598,0.006816831302099519,True,True
loop-fusion,dse,0.11624649859943978,0.08002407836413053,714,12.666661934314993,0.0003722335078967511,0.003324210756952514,True,True
loop-fusion,jump-threading,0.11128284389489954,0.0800497832241476,647,8.536406399105053,0.0034811224172712953,0.021423880985933605,True,True
loop-fusion,gvn,0.11011904761904762,0.08004978889871697,672,8.216879698324385,0.004150250201322713,0.024745324991358134,True,True
loop-fusion,loop-distribute,0.10679611650485436,0.08005399563109675,721,6.971434225951163,0.008282108925368743,0.042135665118516255,True,True
loop-fusion,early-cse-memssa,0.12551724137931033,0.07999160863398594,725,20.315954898199536,6.565085222191579e-06,9.214650082473916e-05,True,True
loop-fusion,loop-predication,0.11062590975254731,0.08004614451623493,687,8.68735442016726,0.0032042538812333495,0.020124872813006893,True,True
loop-fusion,iroutliner,0.1221264367816092,0.08000839025635881,696,16.695151550221006,4.3893033515338584e-05,0.0005085358557575914,True,True
loop-distribute,correlated-propagation,0.10997067448680352,0.08004887924273651,682,8.257186202751626,0.004059099444260184,0.024312098205339312,True,True
loop-distribute,mem2reg,0.13479623824451412,0.0799826768781911,638,25.927237750559073,3.5453123963441474e-07,6.225759347122727e-06,True,True
loop-distribute,sroa,0.13916786226685796,0.07995403577731064,697,33.04621601511444,8.999402568690376e-09,1.968807846871034e-07,True,True
loop-distribute,instcombine,0.16920731707317074,0.07987526328746888,656,70.80148548365102,3.950395029262984e-17,3.5976155661846146e-15,True,True
loop-distribute,simplifycfg,0.11944869831546708,0.08002461875128222,653,13.726699908909819,0.00021142732410765817,0.002029287748052915,True,True
loop-distribute,gvn-sink,0.12842712842712842,0.07998905633706482,693,21.986573916462696,2.745644291216744e-06,4.1593590113751524e-05,True,True
loop-distribute,newgvn,0.11062590975254731,0.08004614451623493,687,8.68735442016726,0.0032042538812333495,0.020124872813006893,True,True
loop-distribute,called-value-propagation,0.11030478955007257,0.08004687450127446,689,8.530132333523254,0.0034931430054950478,0.021423880985933605,True,True
loop-distribute,hotcoldsplit,0.11261261261261261,0.08004303977531778,666,9.554378610030868,0.001994730265591181,0.01357317761955702,True,True
loop-distribute,early-cse-memssa,0.13983739837398373,0.07997429153580723,615,29.812519857598772,4.759087290822513e-08,9.365118507970333e-07,True,True
loop-distribute,speculative-execution,0.11554921540656206,0.08002845456162191,701,11.959618369739248,0.0005436600472295692,0.004593252955665573,True,True
loop-distribute,iroutliner,0.11756373937677053,0.0800211590026084,706,13.454817817452332,0.00024437782406570434,0.0023004412476954283,True,True
loop-load-elim,mem2reg,0.12268188302425106,0.08000565443211717,701,17.26334173619745,3.25404538156836e-05,0.00038790994563840794,True,True
loop-load-elim,sroa,0.14964028776978416,0.07992138730432324,695,45.680676779407314,1.3918908063462239e-11,4.504664791447779e-10,True,True
loop-load-elim,instcombine,0.18587896253602307,0.07980702586364134,694,105.58667500971627,9.083648293099427e-25,3.0931797144154226e-22,True,True
loop-load-elim,jump-threading,0.11031518624641834,0.08004559963520291,698,8.647869509545421,0.003274440194935311,0.020450889638543347,True,True
loop-load-elim,loop-deletion,0.1092814371257485,0.08005288834176812,668,7.717757005158901,0.005468028979761675,0.030394324321854817,True,True
loop-load-elim,newgvn,0.12691771269177127,0.07998869031060603,717,21.350363168974397,3.8254828060600256e-06,5.610708115554704e-05,True,True
loop-load-elim,early-cse,0.1137370753323486,0.08003793526383703,677,10.397013724490023,0.0012621927489657298,0.009352406442667546,True,True
loop-load-elim,globalopt,0.10925644916540213,0.08005416273439744,659,7.60041104326675,0.005835499563042913,0.032072724615966386,True,True
loop-load-elim,loop-simplify,0.11463046757164404,0.08003738573415095,663,10.730058004493367,0.001054091422374246,0.008038601772186071,True,True
loop-load-elim,loop-simplifycfg,0.11407407407407408,0.08003720540025441,675,10.575215893565572,0.0011461388282724635,0.008631307022144166,True,True
loop-load-elim,load-store-vectorizer,0.1122754491017964,0.08004376966215292,668,9.385176944898642,0.0021874693890569594,0.014693190613288255,True,True
loop-load-elim,iroutliner,0.10795454545454546,0.0800523498134924,704,7.411024708611201,0.0064825390408615275,0.034801324261347494,True,True
loop-load-elim,unreachableblockelim,0.10764430577223089,0.08006126998454574,641,6.596229340620863,0.010219496748421812,0.04986859721722096,True,True
loop-sink,mem2reg,0.14847161572052403,0.07992759141128351,687,43.64740653163624,3.931978532125896e-11,1.1890060179000007e-09,True,True
loop-sink,sroa,0.14015748031496064,0.07996790707639848,635,31.115853926503288,2.4307791177549496e-08,4.983733521009625e-07,True,True
loop-sink,instcombine,0.14214876033057852,0.07997064628315398,605,31.641373365231622,1.8543650154455543e-08,3.8320281796753513e-07,True,True
loop-sink,sccp,0.11456859971711457,0.08003064421248478,707,11.40343172972021,0.0007330855990039002,0.005956276454289931,True,True
loop-sink,dse,0.11046511627906977,0.08004650950709041,688,8.608502387177207,0.0033459731445854577,0.020781650807607695,True,True
loop-sink,gvn-sink,0.12406576980568013,0.08000765972580005,669,17.56208186972676,2.780782852327377e-05,0.0003381846475066463,True,True
loop-sink,early-cse,0.12375533428165007,0.0800018240269956,703,18.197509346201695,1.9913908618346253e-05,0.0002515576327401417,True,True
loop-sink,globalopt,0.10921985815602837,0.08004815475186167,705,8.112216978533407,0.004396792124049586,0.02589148565079425,True,True
loop-sink,attributor,0.11009174311926606,0.08005233788022467,654,7.981568780009919,0.004725597400959498,0.027314301730121615,True,True
loop-sink,called-value-propagation,0.12223858615611193,0.08001130772983645,679,16.37322796626565,5.201475850072807e-05,0.00059212149502573,True,True
loop-sink,slsr,0.11044776119402985,0.08004905894368253,670,8.372999436055107,0.003808365495403908,0.023014751975311273,True,True
loop-sink,early-cse-memssa,0.1187683284457478,0.08002152145762279,682,13.846136971665448,0.00019840418624241654,0.0019231455280329286,True,True
loop-sink,loop-flatten,0.11076923076923077,0.08005087805678647,650,8.29554597717123,0.003974243013696121,0.02391773393231135,True,True
loop-sink,loop-simplifycfg,0.11030478955007257,0.08004687450127446,689,8.530132333523254,0.0034931430054950478,0.021423880985933605,True,True
loop-sink,iroutliner,0.11045655375552282,0.08004778427769596,679,8.49074538396781,0.0035695753313043747,0.021824288832768043,True,True
loop-unroll-and-jam,mem2reg,0.15765765765765766,0.0799062608283333,666,54.44960351651047,1.5948587365573265e-13,7.220192846657215e-12,True,True
loop-unroll-and-jam,sroa,0.14392803598200898,0.07994765901764912,667,36.925087701582996,1.2275619493067059e-09,3.013876234159912e-08,True,True
loop-unroll-and-jam,instcombine,0.16417910447761194,0.0798849212138897,670,64.38225576388776,1.0247690961634642e-15,7.296355964683865e-14,True,True
loop-unroll-and-jam,simplifycfg,0.11479944674965421,0.08002736290046746,723,11.819277982486959,0.0005862058765890336,0.004889418983434836,True,True
loop-unroll-and-jam,sccp,0.10760401721664276,0.08005435451730726,697,7.153326628598736,0.007482507251338063,0.039173126198181626,True,True
loop-unroll-and-jam,gvn,0.13177159590043924,0.07998084946310102,683,24.77396240985429,6.446239306464514e-07,1.078780902739959e-05,True,True
loop-unroll-and-jam,gvn-sink,0.11094674556213018,0.0800466893426104,676,8.728699177520465,0.0031323989701310005,0.019746164292088118,True,True
loop-unroll-and-jam,newgvn,0.11317829457364341,0.08004449449061558,645,9.577405641089596,0.0019698656831906042,0.013427317694298358,True,True
loop-unroll-and-jam,alignment-from-assumptions,0.11127819548872181,0.08004723411433756,665,8.771995986833051,0.0030589052514220874,0.019336033841112016,True,True
loop-unroll-and-jam,globalsplit,0.10704225352112676,0.08005454014811572,710,6.992097685158281,0.00818703490930726,0.04174364418815186,True,True
loop-unroll-and-jam,early-cse-memssa,0.13088235294117648,0.07998431501290364,680,23.822501626995557,1.0564027156181356e-06,1.6748473823322344e-05,True,True
loop-unroll-and-jam,iroutliner,0.1204644412191582,0.0800149560665545,689,15.2441694168057,9.446793919261532e-05,0.0010186854965930953,True,True
hotcoldsplit,mem2reg,0.12037037037037036,0.08002279462046957,648,14.2675574376397,0.00015857460866822002,0.0015831980147478482,True,True
hotcoldsplit,sroa,0.16973125884016974,0.07985279833645703,707,77.22422621985073,1.5261007448958037e-18,1.8109728839430205e-16,True,True
hotcoldsplit,instcombine,0.16923076923076924,0.07987763736163539,650,70.18894068249529,5.388770569969704e-17,4.796005807273037e-15,True,True
hotcoldsplit,gvn-sink,0.1141552511415525,0.0800397554492776,657,10.341669494223712,0.0013006032366364951,0.009582962809208598,True,True
hotcoldsplit,indvars,0.11692307692307692,0.080032642194139,650,11.964007469738707,0.0005423809237530175,0.004593252955665573,True,True
hotcoldsplit,mergeicmps,0.12334801762114538,0.08000747776050192,681,17.29856730473793,3.19427597582274e-05,0.0003819476250785298,True,True
hotcoldsplit,called-value-propagation,0.11578947368421053,0.08003355628200043,665,11.498033473220609,0.000696698614830858,0.005695765711226806,True,True
hotcoldsplit,loop-simplify,0.109375,0.08004778972520908,704,8.187343437987954,0.004218365070183888,0.025082698955853938,True,True
hotcoldsplit,loop-fusion,0.10948905109489052,0.08004997423773329,685,8.027963988460147,0.004606058693094571,0.026861244738880623,True,True
hotcoldsplit,loop-sink,0.11076923076923077,0.08005087805678647,650,8.29554597717123,0.003974243013696121,0.02391773393231135,True,True
hotcoldsplit,vector-combine,0.12462462462462462,0.08000656538945526,666,17.93080027580338,2.2908364940545087e-05,0.00028433964217804933,True,True
hotcoldsplit,early-cse-memssa,0.13670133729569092,0.07996808389376496,673,29.294134706044172,6.218362825303403e-08,1.2084917530465572e-06,True,True
hotcoldsplit,iroutliner,0.11223021582733812,0.08003994473399817,695,9.738245959659139,0.0018047303133445955,0.012508537888597232,True,True
irce,mem2reg,0.1324404761904762,0.07998139755432553,672,25.009372902352784,5.70522949070162e-07,9.630033916201529e-06,True,True
irce,sroa,0.1259600614439324,0.0800056531431932,651,18.593842093476884,1.6174216792665127e-05,0.00020903707247550045,True,True
irce,instcombine,0.1721194879089616,0.07984678173236964,703,80.93430917148693,2.3334700685405583e-19,3.3228613776017554e-17,True,True
irce,memcpyopt,0.11128284389489954,0.0800497832241476,647,8.536406399105053,0.0034811224172712953,0.021423880985933605,True,True
irce,adce,0.11178247734138973,0.08004613925666557,662,9.01744765949257,0.0026741454462787867,0.017280451431728926,True,True
irce,dse,0.11127819548872181,0.08004723411433756,665,8.771995986833051,0.0030589052514220874,0.019336033841112016,True,True
irce,jump-threading,0.11782032400589101,0.08002498643528376,679,13.116699897629612,0.00029267512621735596,0.0027094936034684778,True,True
irce,gvn-sink,0.12280701754385964,0.08001969266676087,627,15.526698461734616,8.134816634972593e-05,0.0008935748090477608,True,True
irce,nary-reassociate,0.11585365853658537,0.08003483145042901,656,11.382835329231916,0.0007412588453433102,0.006016102877439177,True,True
irce,early-cse-memssa,0.12283236994219653,0.08000693095492144,692,17.161780728098982,3.432738033470663e-05,0.00040550836015297483,True,True
irce,load-store-vectorizer,0.10835913312693499,0.08005853605164302,646,6.997894756049581,0.008160563259428677,0.04169180133584175,True,True
nary-reassociate,mem2reg,0.14523449319213314,0.07994547203618177,661,38.106210948290496,6.699653024165314e-10,1.6817846950404725e-08,True,True
nary-reassociate,sroa,0.16400580551523947,0.07987816277489752,689,65.94095165012368,4.646366116740293e-16,3.6030039035950466e-14,True,True
nary-reassociate,elim-avail-extern,0.11398176291793313,0.08004012036108325,658,10.252069403434005,0.0013653135526767836,0.009916350124900488,True,True
nary-reassociate,instcombine,0.14814814814814814,0.07994073398677912,648,40.773492083689504,1.7093612404180978e-10,4.664709837963255e-09,True,True
nary-reassociate,adce,0.1111111111111111,0.08004377465174073,693,9.04465286955799,0.0026346424912080785,0.017067427618810315,True,True
nary-reassociate,gvn-sink,0.11394302848575712,0.08003884539805135,667,10.368943681159323,0.001281528513084334,0.009459878712984452,True,True
nary-reassociate,newgvn,0.11600587371512482,0.08003027581081266,681,11.918937523213776,0.000555661633447906,0.0046744811097357685,True,True
nary-reassociate,mergereturn,0.10977443609022557,0.08005179339178327,665,7.945158389840803,0.0048216197845537745,0.02774645565953355,True,True
nary-reassociate,rpo-function-attrs,0.12148148148148148,0.08001440797362794,675,15.696282897441689,7.437018020334249e-05,0.0008203764103557442,True,True
nary-reassociate,early-cse-memssa,0.12878787878787878,0.07999525845954646,660,21.25045297962644,4.0301511789125566e-06,5.856056406909673e-05,True,True
nary-reassociate,iroutliner,0.11840228245363767,0.08001933450982002,701,13.964630736545391,0.00018628225062183526,0.0018396348298685198,True,True
scalarizer,mem2reg,0.11935953420669577,0.0800187861074,687,14.378198475045902,0.000149523502716719,0.0015100315986766252,True,True
scalarizer,sroa,0.14545454545454545,0.07994510755090317,660,38.306074982152,6.047409000490807e-10,1.547820499733464e-08,True,True
scalarizer,instcombine,0.1373134328358209,0.0799669900787861,670,29.79778222102757,4.7954023689211265e-08,9.412930163756958e-07,True,True
scalarizer,gvn-sink,0.11517615176151762,0.08002371613609413,738,12.329024298399236,0.00044596944972541874,0.0038982508150105797,True,True
scalarizer,newgvn,0.11144578313253012,0.08004686915845241,664,8.853304181179581,0.002925588010288167,0.01862862219233896,True,True
scalarizer,slsr,0.11244377811094453,0.08004340471707146,667,9.469520242877257,0.0020891400273619514,0.014105297150257589,True,True
scalarizer,globalsplit,0.11242603550295859,0.08004212983649611,676,9.587148153095995,0.0019594405358875073,0.013379545141299876,True,True
scalarizer,early-cse-memssa,0.12248062015503876,0.08001714132015518,645,15.730282740690434,7.304534010195318e-05,0.0008103273423208178,True,True
vector-combine,mem2reg,0.13767019667170954,0.07996826800767769,661,29.76433002526527,4.878865735359951e-08,9.552819109834783e-07,True,True
vector-combine,sroa,0.15569823434991975,0.07992706552706552,623,48.38215933636397,3.5074470647758036e-12,1.22635381300554e-10,True,True
vector-combine,instcombine,0.14992272024729522,0.0799358106413921,647,42.8627100952661,5.871933673767981e-11,1.7032957234426232e-09,True,True
vector-combine,simplifycfg,0.10869565217391304,0.08005179929596731,690,7.655411277886897,0.00566022862518714,0.0313292654363715,True,True
vector-combine,dse,0.11267605633802817,0.0800362992959031,710,10.227491890486764,0.0013836268228197752,0.010032687404378049,True,True
vector-combine,jump-threading,0.11875,0.08002899369979669,640,12.978628947928751,0.00031506659772253165,0.0028759925330569557,True,True
vector-combine,gvn,0.1228813559322034,0.08000364813716995,708,17.60018770531647,2.725614429110781e-05,0.00033250797833015013,True,True
vector-combine,newgvn,0.10946745562130178,0.08005124884872471,676,7.910507132758819,0.004914848965982137,0.02817942686791515,True,True
vector-combine,globalopt,0.10901162790697674,0.08005106926268751,688,7.803022101129933,0.0052158926579663955,0.029346890299707478,True,True
vector-combine,libcalls-shrinkwrap,0.11353711790393013,0.08003702504662329,687,10.425845086557654,0.0012426398361566303,0.009233733583281526,True,True
vector-combine,attributor,0.11204481792717087,0.08003775925284107,714,9.890056715781453,0.001661742476396522,0.011630712310221232,True,True
vector-combine,dfa-jump-threading,0.10689170182841069,0.08005490521553946,711,6.923822572140774,0.00850549728990533,0.04303298112050293,True,True
vector-combine,loop-load-elim,0.11062590975254731,0.08004614451623493,687,8.68735442016726,0.0032042538812333495,0.020124872813006893,True,True
vector-combine,loop-sink,0.10771470160116449,0.08005526398584659,687,7.107321105679349,0.00767697522087094,0.03995087702980811,True,True
vector-combine,early-cse-memssa,0.14751552795031056,0.07994383507936942,644,39.77068930759196,2.8559913680767595e-10,7.608205576454824e-09,True,True
always-inline,mem2reg,0.12708018154311648,0.08000018236777197,661,19.814738509136372,8.53222330507158e-06,0.00011621630073968804,True,True
always-inline,sroa,0.13953488372093023,0.07995531439514841,688,33.02506537480603,9.097836796864619e-09,1.9847982672157018e-07,True,True
always-inline,function-attrs,0.1111111111111111,0.08005524509312353,612,7.984536573441043,0.0047178570362154506,0.02730987162427155,True,True
always-inline,instcombine,0.16262482168330955,0.07987797370689066,701,64.90164747404253,7.873122385001422e-16,5.76283126348889e-14,True,True
always-inline,simplifycfg,0.1358936484490399,0.0799695423602847,677,28.633146914936173,8.747196508926266e-08,1.650796218262904e-06,True,True
always-inline,jump-threading,0.11856474258970359,0.0800293585342615,641,12.874518762242012,0.00033308636688051616,0.0030019935850497154,True,True
always-inline,gvn,0.11251758087201125,0.08003666428014429,711,10.142409311437197,0.0014489665703455534,0.010363749935110845,True,True
always-inline,gvn-hoist,0.11251758087201125,0.08003666428014429,711,10.142409311437197,0.0014489665703455534,0.010363749935110845,True,True
always-inline,gvn-sink,0.12962962962962962,0.07999544107590609,648,21.59119057484081,3.3739798248387984e-06,4.995275990196119e-05,True,True
always-inline,early-cse,0.11161387631975868,0.0800465042058951,663,8.935120638830906,0.002797389923354139,0.017973058145783115,True,True
always-inline,hotcoldsplit,0.1094224924012158,0.08005379775690709,658,7.675649130714894,0.005597095527906407,0.031023674575062263,True,True
always-inline,vector-combine,0.10919540229885058,0.08004942955376604,696,7.9948631574981714,0.004691024553287464,0.027255270253225085,True,True
always-inline,early-cse-memssa,0.1094224924012158,0.08005379775690709,658,7.675649130714894,0.005597095527906407,0.031023674575062263,True,True
always-inline,load-store-vectorizer,0.11600587371512482,0.08003027581081266,681,11.918937523213776,0.000555661633447906,0.0046744811097357685,True,True
always-inline,iroutliner,0.12222222222222222,0.08002078698807483,630,15.176455797243642,9.791670216682614e-05,0.00105341155408047,True,True
always-inline,unreachableblockelim,0.10810810810810811,0.08005671767001624,666,7.087402668357813,0.007762767204583381,0.040183736117843386,True,True
globalsplit,mem2reg,0.12342215988779803,0.08000091205508812,713,18.17628604528673,2.013706602708753e-05,0.000253966990538083,True,True
globalsplit,sroa,0.18326693227091634,0.07978745239344112,753,109.00219463179762,1.6210628047638043e-25,6.682191519426377e-23,True,True
globalsplit,instcombine,0.19796215429403202,0.07977256042788551,687,129.77102248946014,4.598828718470774e-30,3.2743660475511915e-27,True,True
globalsplit,simplifycfg,0.1199400299850075,0.0800206081219709,667,14.374621970229603,0.00014980778245297978,0.0015100315986766252,True,True
globalsplit,gvn,0.10699001426533523,0.08005581471702759,701,6.876397107537912,0.008734145396429275,0.044003425770103514,True,True
globalsplit,gvn-sink,0.12536873156342182,0.08000182381907715,678,18.870716120812276,1.3988363686706234e-05,0.00018259477399047206,True,True
globalsplit,newgvn,0.13221884498480244,0.07998541077778791,658,24.27968161292847,8.331327501446685e-07,1.359394937319384e-05,True,True
globalsplit,attributor,0.10843373493975904,0.08005598767177,664,7.231559521797108,0.007163295358326745,0.037805208387072145,True,True
globalsplit,slp-vectorizer,0.10852713178294573,0.08005817107584579,645,7.0704753549522685,0.007836446197396764,0.04051158192608017,True,True
globalsplit,early-cse-memssa,0.11189801699716714,0.08003939952209839,706,9.689099905876143,0.0018536431923649372,0.01276845512981723,True,True
globalsplit,iroutliner,0.11702127659574468,0.0800310020972007,658,12.176456869614414,0.0004839648522468104,0.004169870982174939,True,True
lowerswitch,mem2reg,0.14454277286135694,0.07994254969906986,678,38.26291573641432,6.182650131573247e-10,1.5721596048857685e-08,True,True
lowerswitch,sroa,0.12973760932944606,0.07998650324651638,686,22.96117380537975,1.6530654498443604e-06,2.5720323334595593e-05,True,True
lowerswitch,instcombine,0.14912280701754385,0.07992649808037791,684,44.288442673410074,2.8338433872274896e-11,8.703788787751254e-10,True,True
lowerswitch,gvn,0.11532125205930807,0.08004430446098518,607,10.218604543667047,0.0013903100421287493,0.010035860138204945,True,True
lowerswitch,gvn-sink,0.11320754716981132,0.08003775494849732,689,10.250930106179563,0.0013661570205270206,0.009916350124900488,True,True
lowerswitch,early-cse-memssa,0.11554921540656206,0.08002845456162191,701,11.959618369739248,0.0005436600472295692,0.004593252955665573,True,True
early-cse-memssa,bdce,0.11392405063291139,0.08003210404629549,711,11.042759332256683,0.0008903424536540483,0.007001166764074806,True,True
early-cse-memssa,ipsccp,0.1282051282051282,0.07999635261130235,663,20.838946704312683,4.995669220321166e-06,7.126790771139412e-05,True,True
early-cse-memssa,correlated-propagation,0.13677811550151975,0.07997173338196407,658,28.717067444956587,8.37622586062892e-08,1.5922961393312062e-06,True,True
early-cse-memssa,mem2reg,0.1954674220963173,0.07977035185962096,706,127.78336084830578,1.25188386700067e-29,7.542118804884037e-27,True,True
early-cse-memssa,sroa,0.18083462132921174,0.07984463257518772,647,89.24885245108237,3.4814477947425914e-21,7.369378142817291e-19,True,True
early-cse-memssa,instsimplify,0.12316715542521994,0.08000784256506593,682,17.179314411020574,3.401198469978751e-05,0.0004023895229134982,True,True
early-cse-memssa,constmerge,0.12057877813504823,0.08002698563197433,622,13.835718073164376,0.00019950732621549377,0.0019290634307651201,True,True
early-cse-memssa,function-attrs,0.12108262108262108,0.08001057930833212,702,16.01262385969465,6.292153326012202e-05,0.0007050092253122684,True,True
early-cse-memssa,deadargelim,0.1278735632183908,0.07999015056862227,696,21.578642287940568,3.396126832374492e-06,5.018578368142834e-05,True,True
early-cse-memssa,globaldce,0.11532385466034756,0.0800401157887539,633,10.659144230980784,0.0010952805734326734,0.00828815212669053,True,True
early-cse-memssa,elim-avail-extern,0.1199400299850075,0.0800206081219709,667,14.374621970229603,0.00014980778245297978,0.0015100315986766252,True,True
early-cse-memssa,mergefunc,0.11343283582089553,0.08003994018091626,670,10.103669584613147,0.0014797437910130185,0.01051665460182755,True,True
early-cse-memssa,instcombine,0.2697947214076246,0.07955187947983731,682,333.79008703587994,1.4365322838455613e-74,5.6254604235392176e-71,True,True
early-cse-memssa,simplifycfg,0.13202247191011235,0.07997318570268964,712,26.080898510409977,3.274070828206961e-07,5.814631003745333e-06,True,True
early-cse-memssa,tailcallelim,0.1085383502170767,0.08005216431760044,691,7.582304884419982,0.005894402394352529,0.03232840304801751,True,True
early-cse-memssa,memcpyopt,0.10914454277286136,0.0800519788436987,678,7.760219748177001,0.005340946197672126,0.029942942462539795,True,True
early-cse-memssa,sccp,0.12481426448736999,0.08000455944374786,673,18.274666764192943,1.9123346804916392e-05,0.0002427456275139468,True,True
early-cse-memssa,dce,0.12569832402234637,0.07999288587298548,716,20.223385144205952,6.890543850157876e-06,9.602622675166634e-05,True,True
early-cse-memssa,dse,0.15170278637770898,0.079930887340895,646,45.00752022662356,1.9627922531367187e-11,6.249019888848285e-10,True,True
early-cse-memssa,jump-threading,0.12885154061624648,0.07998303569799894,714,23.05501212869856,1.5743156226472234e-06,2.466007991314611e-05,True,True
early-cse-memssa,loop-idiom,0.1294851794071763,0.07999744708397726,641,21.23277356823,4.067495791595797e-06,5.8993753777367193e-05,True,True
early-cse-memssa,loop-deletion,0.13117283950617284,0.07999088215181217,648,22.958764832157318,1.6551382738299513e-06,2.5720323334595593e-05,True,True
early-cse-memssa,gvn,0.11042944785276074,0.08005160796185022,652,8.137540931087333,0.00433580448710634,0.02559006838207751,True,True
early-cse-memssa,gvn-hoist,0.11988304093567251,0.08001769152904055,684,14.69994470658471,0.00012605014726837013,0.0013233575782920575,True,True
early-cse-memssa,newgvn,0.11404728789986092,0.08003046347347444,719,11.249042640571899,0.0007966409435124148,0.006387771084088271,True,True
early-cse-memssa,early-cse,0.13793103448275862,0.07996589629372956,667,30.308308382483805,3.6854388284938745e-08,7.307432127788361e-07,True,True
early-cse-memssa,mergereturn,0.12464183381088825,0.08,698,18.809627750302365,1.44436175477237e-05,0.00018728876263869539,True,True
early-cse-memssa,globalopt,0.10866372980910426,0.0800530738611234,681,7.538364483582125,0.006039884391973612,0.03291884102848805,True,True
early-cse-memssa,indvars,0.11024844720496894,0.080053247262416,644,7.941624319976273,0.004831045119086498,0.0277599012272087,True,True
early-cse-memssa,mergeicmps,0.11526946107784432,0.08003465098253773,668,11.21554713984006,0.0008111489101097141,0.006482569657121715,True,True
early-cse-memssa,separate-const-offset-from-gep,0.11142857142857143,0.080041769646782,700,9.324572586575709,0.0022610105407471336,0.015122318151265201,True,True
early-cse-memssa,libcalls-shrinkwrap,0.12796208530805686,0.08000364688988672,633,19.692606699442717,9.095256830521841e-06,0.00012306446983802806,True,True
early-cse-memssa,flattencfg,0.11764705882352941,0.08003409779868623,629,12.036578224036639,0.0005216664649863745,0.00445064461195347,True,True
early-cse-memssa,loop-reduce,0.11897590361445783,0.08002407287515843,664,13.624854739201108,0.00022321075381623182,0.002131934907181375,True,True
early-cse-memssa,partial-inliner,0.13544668587896252,0.07996662167584723,694,28.885642185215602,7.677994559907987e-08,1.4666842291024234e-06,True,True
early-cse-memssa,alignment-from-assumptions,0.12941176470588237,0.07998887460217584,680,22.461645016074122,2.1438182517162137e-06,3.28578953961671e-05,True,True
early-cse-memssa,rpo-function-attrs,0.13204747774480713,0.07998212689901697,674,24.708463903889857,6.669065304729182e-07,1.1136912466234318e-05,True,True
early-cse-memssa,attributor,0.13126843657817108,0.07998358562830567,678,24.11505296483636,9.074814259738455e-07,1.465442170768486e-05,True,True
early-cse-memssa,called-value-propagation,0.12625538020086083,0.07999507526185472,697,20.169376190527686,7.0878612192973335e-06,9.857229845287437e-05,True,True
early-cse-memssa,licm,0.11044776119402985,0.08004905894368253,670,8.372999436055107,0.003808365495403908,0.023014751975311273,True,True
early-cse-memssa,loop-simplify,0.12743628185907047,0.07999781152687034,667,20.29968503743699,6.621148243424659e-06,9.26014875758963e-05,True,True
early-cse-memssa,inline,0.10882352941176471,0.0800527088519866,680,7.61184226335785,0.005798621148986012,0.031914828418031234,True,True
early-cse-memssa,loop-vectorize,0.12173913043478261,0.08001076112134532,690,16.246824366436435,5.5602713235944806e-05,0.0006311310870491591,True,True
early-cse-memssa,slp-vectorizer,0.13876967095851217,0.07995476495560855,699,32.69570718823861,1.0777498517142446e-08,2.3189386919302097e-07,True,True
early-cse-memssa,callsite-splitting,0.12929848693259974,0.07997865654828956,727,23.908969087761058,1.0100010456892484e-06,1.6176540265517778e-05,True,True
early-cse-memssa,dfa-jump-threading,0.10730253353204174,0.08005854272387805,671,6.735318885862948,0.00945223334832901,0.046913746251022063,True,True
early-cse-memssa,consthoist,0.14057971014492754,0.07995148375800244,690,34.296940973372465,4.731248539950456e-09,1.0803247395012237e-07,True,True
early-cse-memssa,mldst-motion,0.11494252873563218,0.08003118986602949,696,11.470621115435467,0.0007070504598040707,0.00577436830154899,True,True
early-cse-memssa,slsr,0.1261127596439169,0.08000036475716292,674,19.381326807115503,1.0704866954778066e-05,0.00014282882110702182,True,True
early-cse-memssa,loop-load-elim,0.12030075187969924,0.0800198784496633,665,14.592358002724398,0.00013345464828077262,0.0013887489131167617,True,True
early-cse-memssa,loop-sink,0.11702127659574468,0.0800310020972007,658,12.176456869614414,0.0004839648522468104,0.004169870982174939,True,True
early-cse-memssa,loop-unroll-and-jam,0.1239067055393586,0.08000474210257533,686,17.879546221218657,2.3533686471120186e-05,0.00029117825030302257,True,True
early-cse-memssa,hotcoldsplit,0.13312693498452013,0.07998559393121558,646,24.674094860295146,6.789061734710814e-07,1.1265239725901503e-05,True,True
early-cse-memssa,nary-reassociate,0.10752688172043011,0.08006036098054681,651,6.642354966115988,0.009958221226874783,0.04874549290555206,True,True
early-cse-memssa,scalarizer,0.11594202898550725,0.080040295928926,621,10.827186408555587,0.001000205128116282,0.007725450259769942,True,True
early-cse-memssa,vector-combine,0.12985274431057564,0.07997226922568199,747,25.126120653821843,5.370051290714276e-07,9.103515521401344e-06,True,True
early-cse-memssa,always-inline,0.12044374009508717,0.08002571033929443,631,13.942897270288022,0.00018844833064984433,0.0018396348298685198,True,True
early-cse-memssa,lowerswitch,0.11176470588235295,0.08004358967344222,680,9.252992393724874,0.0023511093433567993,0.015644764976355523,True,True
early-cse-memssa,simple-loop-unswitch,0.11057692307692307,0.08005506577807762,624,7.863099161467004,0.005045383862536096,0.028759422424587122,True,True
early-cse-memssa,loop-versioning,0.12859304084720122,0.07999562317347278,661,21.112605741718614,4.330698919519164e-06,6.234932709131266e-05,True,True
early-cse-memssa,loop-flatten,0.12405446293494705,0.08000930075637033,661,17.34250702797949,3.121264743754294e-05,0.0003749347465196876,True,True
early-cse-memssa,loop-reroll,0.11572700296735905,0.08003228100891831,674,11.613313634370279,0.0006548138334239056,0.0053984230982905565,True,True
early-cse-memssa,loop-instsimplify,0.12048192771084337,0.08001951361849964,664,14.702111521016617,0.00012590534670164064,0.0013233575782920575,True,True
early-cse-memssa,loop-simplifycfg,0.1206896551724138,0.0800237053245806,638,14.270594023965781,0.00015831898127063545,0.0015831980147478482,True,True
early-cse-memssa,speculative-execution,0.11561561561561562,0.08003392117885215,666,11.403326869022493,0.0007331269793073919,0.005956276454289931,True,True
early-cse-memssa,partially-inline-libcalls,0.1172316384180791,0.08002188882301975,708,13.254631978142385,0.0002719071611781916,0.002538232284085336,True,True
early-cse-memssa,load-store-vectorizer,0.13199426111908177,0.07997683549094624,697,25.50193847727279,4.4193866776798564e-07,7.691696991019697e-06,True,True
early-cse-memssa,iroutliner,0.17405063291139242,0.07987108303018699,632,75.82313015755194,3.1024555106066936e-18,3.521511820155308e-16,True,True
early-cse-memssa,global-merge,0.11503067484662577,0.08003793094015847,652,10.797803137556285,0.001016206181417513,0.007810526803593681,True,True
simple-loop-unswitch,mem2reg,0.11849710982658959,0.08002061047121374,692,13.853190513331784,0.00019766085621191701,0.0019183145301756308,True,True
simple-loop-unswitch,sroa,0.1640953716690042,0.07986866406730966,713,68.39119589018053,1.3407482765496442e-16,1.105341105467033e-14,True,True
simple-loop-unswitch,instcombine,0.14893617021276595,0.07992047169768302,705,45.405844277472376,1.6015577067074967e-11,5.161892987215274e-10,True,True
simple-loop-unswitch,simplifycfg,0.10668563300142248,0.08005654483686359,703,6.740602848436842,0.009424277278492012,0.04689386254456763,True,True
simple-loop-unswitch,adce,0.11160714285714286,0.08004522947575755,672,9.052908527391052,0.0026227725287830423,0.01702257965471877,True,True
simple-loop-unswitch,jump-threading,0.10930576070901034,0.0800516138445475,677,7.8351236468385315,0.005124064819496599,0.02908092439586766,True,True
simple-loop-unswitch,gvn,0.11278195488721804,0.08004267483689186,665,9.639754366393767,0.001904106983033337,0.013035809345382078,True,True
simple-loop-unswitch,gvn-sink,0.10975609756097561,0.08005306781191017,656,7.827610959471853,0.005145406426377048,0.029117646771231968,True,True
simple-loop-unswitch,newgvn,0.11485451761102604,0.08003829583532791,653,10.70548369239992,0.0010681845746950327,0.008130244498553445,True,True
simple-loop-unswitch,attributor,0.10987482614742698,0.0800441446741366,719,8.650762235907266,0.0032692456021194295,0.020450889638543347,True,True
simple-loop-unswitch,loop-fusion,0.11196319018404909,0.08004704895461964,652,8.98256078578013,0.002725683926797275,0.017584478183423603,True,True
simple-loop-unswitch,early-cse-memssa,0.1111111111111111,0.08004122451399308,711,9.280340625015867,0.0023162635216822723,0.015452279303079693,True,True
simple-loop-unswitch,iroutliner,0.1111111111111111,0.08004504956363935,684,8.926823499725023,0.002810126523672008,0.01804009092901571,True,True
simple-loop-unswitch,unreachableblockelim,0.10962962962962963,0.08005088385623031,675,7.986372333902801,0.004713075616404451,0.0273023729494672,True,True
loop-versioning,correlated-propagation,0.1109350237717908,0.08005306176407573,631,8.139777200321138,0.004330460438558994,0.02559006838207751,True,True
loop-versioning,mem2reg,0.12273361227336123,0.08000237138648583,717,17.701630115995403,2.5840506344821323e-05,0.0003167180683765894,True,True
loop-versioning,sroa,0.14523449319213314,0.07994547203618177,661,38.106210948290496,6.699653024165314e-10,1.6817846950404725e-08,True,True
loop-versioning,mergefunc,0.10775862068965517,0.08005398947570018,696,7.223682888832061,0.007194794255876316,0.03792034226919468,True,True
loop-versioning,instcombine,0.14021571648690292,0.07996389315656785,649,31.865654081297155,1.6521279507306014e-08,3.4505242960325523e-07,True,True
loop-versioning,sccp,0.10699001426533523,0.08005581471702759,701,6.876397107537912,0.008734145396429275,0.044003425770103514,True,True
loop-versioning,newgvn,0.11492537313432835,0.08003538079953312,670,11.029929153141648,0.0008965257400351985,0.007035660917791257,True,True
loop-versioning,separate-const-offset-from-gep,0.11353711790393013,0.08003702504662329,687,10.425845086557654,0.0012426398361566303,0.009233733583281526,True,True
loop-versioning,loop-reduce,0.11773700305810397,0.08002954263622437,654,12.576510823133873,0.00039062533195935163,0.0034765654544382297,True,True
loop-versioning,mldst-motion,0.11346444780635401,0.08004121511646461,661,9.986478176010229,0.0015769391526497779,0.011096664369769147,True,True
loop-versioning,loop-interchange,0.11386861313868613,0.08003629515806177,685,10.602799497949311,0.0011291656243948404,0.008511670038749173,True,True
loop-versioning,vector-combine,0.10822510822510822,0.08005289437085338,693,7.4374800641666345,0.006387927182143823,0.03440869717369355,True,True
loop-versioning,loop-simplifycfg,0.1087866108786611,0.08004797497275186,717,8.006718373931173,0.004660411666832006,0.02711764054578623,True,True
loop-versioning,iroutliner,0.11043872919818457,0.08005033350506298,661,8.25526459889896,0.004063398436004745,0.024312098205339312,True,True
loop-flatten,mem2reg,0.14940828402366865,0.07992814218363867,676,44.13187505699711,3.069811340439931e-11,9.391704069658415e-10,True,True
loop-flatten,sroa,0.1476407914764079,0.07993945500385245,657,40.72693866188167,1.750571958948044e-10,4.744110582173384e-09,True,True
loop-flatten,instcombine,0.16620111731843576,0.0798606360759205,716,72.1683921369465,1.9759547088584088e-17,1.9344596599723823e-15,True,True
loop-flatten,gvn,0.11894273127753303,0.08002115659068837,681,13.950902626796339,0.00018764753557602826,0.0018396348298685198,True,True
loop-flatten,newgvn,0.12404287901990811,0.08001094166723655,653,17.122950558812267,3.503636077893811e-05,0.000413260207260005,True,True
loop-flatten,alignment-from-assumptions,0.11251758087201125,0.08003666428014429,711,10.142409311437197,0.0014489665703455534,0.010363749935110845,True,True
loop-flatten,always-inline,0.10979228486646884,0.08005051886706425,674,8.062721390864377,0.004518526418603845,0.026469034338448254,True,True
loop-reroll,mem2reg,0.1480916030534351,0.07993872610477654,655,41.14675207807921,1.4121772727197837e-10,3.894426901387798e-09,True,True
loop-reroll,sroa,0.12708018154311648,0.08000018236777197,661,19.814738509136372,8.53222330507158e-06,0.00011621630073968804,True,True
loop-reroll,instcombine,0.15294117647058825,0.07991592117382067,680,49.03785341959872,2.510701831996389e-12,9.103618864905425e-11,True,True
loop-reroll,loop-idiom,0.11645962732919254,0.08003501189857491,644,11.556424061064998,0.0006751557734924368,0.005542788278818412,True,True
loop-reroll,gvn-sink,0.11538461538461539,0.08003301082426752,676,11.424816896688716,0.0007246956699441768,0.00590001713825654,True,True
loop-reroll,newgvn,0.10855263157894737,0.08006290168193628,608,6.675736171666341,0.009773413718060597,0.04823275125384411,True,True
loop-reroll,always-inline,0.11013215859030837,0.08004851425106124,681,8.334554552157057,0.0038898014383713575,0.023470666306105142,True,True
loop-reroll,early-cse-memssa,0.13343108504398826,0.07997592514909993,682,26.353363393326042,2.843233587882167e-07,5.095699189998429e-06,True,True
loop-reroll,loop-predication,0.10614525139664804,0.08005673060260304,716,6.588962118364648,0.01026129774544413,0.049948094432764725,True,True
loop-reroll,iroutliner,0.12208504801097393,0.0800021890919373,729,17.4548986030983,2.9420518078077203e-05,0.00035668962474845304,True,True
loop-instsimplify,mem2reg,0.1368421052631579,0.07996972639776048,665,29.08911486867715,6.912427382067348e-08,1.330175215143771e-06,True,True
loop-instsimplify,sroa,0.15285714285714286,0.07990952949867304,700,50.368263667708014,1.2743854584555596e-12,4.941082629021754e-11,True,True
loop-instsimplify,globaldce,0.10901162790697674,0.08005106926268751,688,7.803022101129933,0.0052158926579663955,0.029346890299707478,True,True
loop-instsimplify,instcombine,0.1391035548686244,0.07996772296456364,647,30.601831144496767,3.167946141634828e-08,6.361885687508711e-07,True,True
loop-instsimplify,simplifycfg,0.11824817518248175,0.08002261607839024,685,13.535201749105958,0.00023413021352366043,0.002225373582909355,True,True
loop-instsimplify,dse,0.12558139534883722,0.08000802359666838,645,18.118728152357736,2.0755000101642958e-05,0.0002609200012777972,True,True
loop-instsimplify,gvn-sink,0.12464183381088825,0.08,698,18.809627750302365,1.44436175477237e-05,0.00018728876263869539,True,True
loop-instsimplify,newgvn,0.12857142857142856,0.08000255278800919,630,20.10166453471763,7.3432738287862515e-06,0.00010143301697893108,True,True
loop-instsimplify,early-cse,0.10746268656716418,0.08005817770644878,670,6.80479460549568,0.009091341113165716,0.045439300318005034,True,True
loop-instsimplify,attributor,0.1070460704607046,0.08005108090851044,738,7.270833386663642,0.007008327772128891,0.0371626425939834,True,True
loop-instsimplify,early-cse-memssa,0.12667660208643816,0.07999927049565261,671,19.77100534954651,8.729696692660503e-06,0.00011869962586270323,True,True
loop-instsimplify,loop-predication,0.10975609756097561,0.08005306781191017,656,7.827610959471853,0.005145406426377048,0.029117646771231968,True,True
loop-simplifycfg,ipsccp,0.1111111111111111,0.08005014816503306,648,8.455602711920745,0.003639206318822024,0.022215326491827038,True,True
loop-simplifycfg,mem2reg,0.14804063860667635,0.07992832031517175,689,43.22441207768016,4.8807903404830175e-11,1.4534733820023953e-09,True,True
loop-simplifycfg,sroa,0.1476608187134503,0.07993105775281104,684,42.43103613737284,7.321890421312498e-11,2.070218259195649e-09,True,True
loop-simplifycfg,instcombine,0.18668596237337193,0.07980593414710885,691,106.73964517341393,5.076684459539107e-25,1.9880296343555143e-22,True,True
loop-simplifycfg,simplifycfg,0.118508655126498,0.0800102167874589,751,15.047415608848562,0.00010484371747377862,0.0011202401026666222,True,True
loop-simplifycfg,mergeicmps,0.11095305832147938,0.08004286463439658,703,9.082169467632728,0.002581136680198061,0.016846218732759346,True,True
loop-simplifycfg,attributor,0.10845295055821372,0.08006071905584604,627,6.836721745458923,0.008930257561080738,0.04477706608091187,True,True
loop-simplifycfg,callsite-splitting,0.10678210678210678,0.0800574542304097,693,6.692802308159469,0.009680292319420275,0.04789390362962703,True,True
loop-simplifycfg,early-cse-memssa,0.11871508379888268,0.0800156875621346,716,14.49861369714305,0.00014026272609169948,0.001449693627736549,True,True
loop-simplifycfg,loop-reroll,0.1111111111111111,0.08004122451399308,711,9.280340625015867,0.0023162635216822723,0.015452279303079693,True,True
loop-predication,mem2reg,0.11403508771929824,0.08003593021877309,684,10.692047072104513,0.0010759707985406137,0.008165700866443882,True,True
loop-predication,sroa,0.15668202764976957,0.07991447341427053,651,51.888389362707905,5.874677425219477e-13,2.4089253190742902e-11,True,True
loop-predication,instcombine,0.13818722139673106,0.0799635244500171,673,30.853529429779634,2.782556036316525e-08,5.631260691584245e-07,True,True
loop-predication,adce,0.10909090909090909,0.08005452771521579,660,7.525665177269789,0.006082609109878414,0.03305967699414832,True,True
loop-predication,gvn-sink,0.11509715994020926,0.08003501588937167,669,11.12246913863745,0.0008528817233339163,0.006740433559183887,True,True
loop-predication,newgvn,0.12086330935251799,0.08001258532715011,695,15.683066628217281,7.4891666963336e-05,0.000823808336596696,True,True
loop-predication,mldst-motion,0.11248073959938366,0.0800459541643682,649,9.234311233709489,0.0023752173112976125,0.015765001679731272,True,True
loop-predication,hotcoldsplit,0.12184249628528974,0.08001367833124359,673,15.924158069850282,6.593178669961325e-05,0.0007366301760789887,True,True
speculative-execution,mem2reg,0.12912912912912913,0.0799928874947568,666,21.746140583459706,3.112153101401397e-06,4.6515998263694165e-05,True,True
speculative-execution,sroa,0.16265060240963855,0.07989185443205339,664,61.504084113766936,4.418257446818462e-15,2.836376419957557e-13,True,True
speculative-execution,instcombine,0.1872146118721461,0.07982091811380453,657,102.48135109299947,4.354476320585584e-24,1.3641703417130519e-21,True,True
speculative-execution,dse,0.11834319526627218,0.08002389181203892,676,13.423513363536976,0.0002484898655129615,0.0023335403197811922,True,True
speculative-execution,gvn-sink,0.15174506828528073,0.07992650645803984,659,45.97024047886026,1.2006303416912638e-11,3.9344505590485263e-10,True,True
speculative-execution,newgvn,0.11079136690647481,0.08004450463513951,695,8.88450172411478,0.0028760152315945057,0.01837271720542265,True,True
speculative-execution,early-cse-memssa,0.12071535022354694,0.08001750810433736,671,15.030017198569574,0.00010581467457888947,0.0011290742933267879,True,True
speculative-execution,loop-predication,0.10818713450292397,0.08005416890850561,684,7.320750090585938,0.006816295728893485,0.03629179343894886,True,True
speculative-execution,iroutliner,0.10771470160116449,0.08005526398584659,687,7.107321105679349,0.00767697522087094,0.03995087702980811,True,True
partially-inline-libcalls,mem2reg,0.14893617021276595,0.07993526032643385,658,42.369707099467036,7.55512101631865e-11,2.128478697834808e-09,True,True
partially-inline-libcalls,sroa,0.17181208053691274,0.07983015055666286,745,85.21360652176315,2.6781261151849026e-20,4.661129718695146e-18,True,True
partially-inline-libcalls,instcombine,0.1424287856071964,0.07995221833666924,667,35.20969519141689,2.9604603970940347e-09,6.88021537983397e-08,True,True
partially-inline-libcalls,reassociate,0.1072463768115942,0.08005635909314754,690,6.898023029941145,0.008629112040720427,0.04357395583682939,True,True
partially-inline-libcalls,dce,0.1251778093883357,0.0799972639595066,703,19.403902667985403,1.0579065408935426e-05,0.0001413911950218127,True,True
partially-inline-libcalls,newgvn,0.12022630834512023,0.08001240360981526,707,15.459477270039104,8.429319370778872e-05,0.0009220451021220687,True,True
partially-inline-libcalls,dfa-jump-threading,0.11030478955007257,0.08004687450127446,689,8.530132333523254,0.0034931430054950478,0.021423880985933605,True,True
partially-inline-libcalls,loop-interchange,0.11360239162929746,0.08003957524996694,669,10.19156934626465,0.0014108419275621878,0.010165330245323878,True,True
partially-inline-libcalls,early-cse-memssa,0.11194029850746269,0.08004449956229939,670,9.218026345584299,0.00239643746631769,0.015838732688776495,True,True
partially-inline-libcalls,loop-reroll,0.10960960960960961,0.08005215837178342,666,7.868868456006915,0.005029311498222054,0.02868868729357256,True,True
partially-inline-libcalls,iroutliner,0.10650069156293222,0.0800547258009349,723,6.836729127204833,0.00893022065745623,0.04477706608091187,True,True
partially-inline-libcalls,unreachableblockelim,0.12,0.08001896745895323,675,14.591436722889316,0.0001335199095476151,0.0013887489131167617,True,True
load-store-vectorizer,mem2reg,0.11206896551724138,0.08004030970989777,696,9.654534759812249,0.0018888472453977504,0.012953985661957252,True,True
load-store-vectorizer,sroa,0.12518853695324283,0.08000547108304648,663,18.30522004616359,1.8819079191352146e-05,0.00024005053457112378,True,True
load-store-vectorizer,instcombine,0.15083798882681565,0.0799107997920486,716,48.701641153132556,2.9801694054483465e-12,1.0609403083396113e-10,True,True
load-store-vectorizer,dce,0.11126961483594865,0.08004213463932475,701,9.243292268972873,0.002363596169773001,0.01570117489538774,True,True
load-store-vectorizer,gvn-sink,0.11479944674965421,0.08002736290046746,723,11.819277982486959,0.0005862058765890336,0.004889418983434836,True,True
load-store-vectorizer,newgvn,0.1091703056768559,0.08005070425104076,687,7.877530593935494,0.0050052780315443315,0.0285966807889836,True,True
load-store-vectorizer,indvars,0.10755813953488372,0.08005562901828461,688,7.037098754447817,0.007983825795943875,0.04097596568403174,True,True
load-store-vectorizer,attributor,0.11223021582733812,0.08003994473399817,695,9.738245959659139,0.0018047303133445955,0.012508537888597232,True,True
load-store-vectorizer,slp-vectorizer,0.11145996860282574,0.08005069269377875,637,8.499958247277782,0.00355154630419855,0.021765031811019596,True,True
load-store-vectorizer,iroutliner,0.12749615975422426,0.08000109415674707,651,19.86148720837235,8.326089649730523e-06,0.00011380442257711948,True,True
iroutliner,mem2reg,0.11647727272727272,0.08002498928379254,704,12.648848163155533,0.00037579713862488526,0.0033522132001254,True,True
iroutliner,sroa,0.14511041009463724,0.07995386663262888,634,36.405984710064615,1.602105270996111e-09,3.921152650762982e-08,True,True
iroutliner,instsimplify,0.11376404494382023,0.0800324690130697,712,10.953836559559562,0.0009341000472460955,0.007286724671346036,True,True
iroutliner,function-attrs,0.11851851851851852,0.08002352694427853,675,13.526906935225517,0.00023516731233680322,0.0022298188743605845,True,True
iroutliner,instcombine,0.1846590909090909,0.07980610504619369,704,104.65575296323216,1.4531000208958831e-24,4.741949734856899e-22,True,True
iroutliner,simplifycfg,0.14074074074074075,0.07995513466439909,675,33.72807437348289,6.3379372228237e-09,1.430510787583724e-07,True,True
iroutliner,reassociate,0.10764430577223089,0.08006126998454574,641,6.596229340620863,0.010219496748421812,0.04986859721722096,True,True
iroutliner,adce,0.11522048364153627,0.08002918443192959,703,11.772176090325496,0.0006012265165511916,0.004998732566485067,True,True
iroutliner,dse,0.12422360248447205,0.08001221769377354,644,17.025573725652468,3.6879737871742294e-05,0.0004323983637896492,True,True
iroutliner,jump-threading,0.14,0.07996425770921094,650,31.686108035822564,1.812138142639077e-08,3.754673527288162e-07,True,True
iroutliner,loop-idiom,0.1162079510703364,0.08003410168502444,654,11.574308482635175,0.0006686929897803338,0.0055012641764281235,True,True
iroutliner,loop-deletion,0.12518195050946143,0.0800005471681767,687,18.964381271144088,1.3318160664556842e-05,0.0001744278165966709,True,True
iroutliner,gvn,0.1307471264367816,0.07998103072475399,696,24.255009786764056,8.438730412947233e-07,1.368367217271278e-05,True,True
iroutliner,gvn-hoist,0.13062409288824384,0.07998303763183454,689,23.893692161247184,1.0180479375521657e-06,1.6239004983520495e-05,True,True
iroutliner,gvn-sink,0.11871508379888268,0.0800156875621346,716,14.49861369714305,0.00014026272609169948,0.001449693627736549,True,True
iroutliner,newgvn,0.11968503937007874,0.08002716957736719,635,13.508214894673802,0.0002375213770425352,0.0022385889590819923,True,True
iroutliner,early-cse,0.1154970760233918,0.08003137054633995,684,11.634340169509409,0.0006474530564402567,0.005343363896775649,True,True
iroutliner,indvars,0.12724550898203593,0.07999817626407696,668,20.16653047162247,7.098413729241719e-06,9.857229845287437e-05,True,True
iroutliner,mergeicmps,0.11452513966480447,0.08002936857562408,716,11.519929310035751,0.0006885400793019256,0.005638383546058232,True,True
iroutliner,libcalls-shrinkwrap,0.11349693251533742,0.08004248994738905,652,9.869314854603115,0.0016805807939426376,0.011720666765947229,True,True
iroutliner,flattencfg,0.11526946107784432,0.08003465098253773,668,11.21554713984006,0.0008111489101097141,0.006482569657121715,True,True
iroutliner,alignment-from-assumptions,0.11030478955007257,0.08004687450127446,689,8.530132333523254,0.0034931430054950478,0.021423880985933605,True,True
iroutliner,rpo-function-attrs,0.11922503725782414,0.08002206750650855,671,13.94616011924378,0.00018812152523867257,0.0018396348298685198,True,True
iroutliner,inferattrs,0.11337209302325581,0.08003738999589621,688,10.338133777367231,0.0013030969601388097,0.009582962809208598,True,True
iroutliner,called-value-propagation,0.10714285714285714,0.08005890774463584,672,6.666309490706148,0.009825243455495809,0.04830590504924242,True,True
iroutliner,loop-simplify,0.11356466876971609,0.08004503929541766,634,9.635075605636391,0.0019089634749823133,0.013057643612280767,True,True
iroutliner,div-rem-pairs,0.12682215743440234,0.07999562267454585,686,20.341016205437963,6.479659262774629e-06,9.111075645610574e-05,True,True
iroutliner,float2int,0.11385459533607682,0.08002955274115356,729,11.276739870544494,0.000784842631833583,0.006317458882343908,True,True
iroutliner,inline,0.10863095238095238,0.0800543483216764,672,7.421346686096084,0.006445455683097396,0.03467088524039753,True,True
iroutliner,sink,0.1130298273155416,0.08004613399829505,637,9.373450943044398,0.002201506674101217,0.0147748074306433,True,True
iroutliner,loop-vectorize,0.12979351032448377,0.07998814517599855,678,22.743760936586142,1.8510413293413202e-06,2.8650900575891738e-05,True,True
iroutliner,slp-vectorizer,0.12359550561797752,0.08000054723055736,712,18.296395011080993,1.8906461177454818e-05,0.00024038214925621126,True,True
iroutliner,callsite-splitting,0.12792511700468018,0.08000200586258929,641,19.911392347923538,8.11155187298687e-06,0.00011145556889339152,True,True
iroutliner,dfa-jump-threading,0.12442396313364056,0.08001021212963934,651,17.367995110009424,3.0796841972743785e-05,0.0003705082432112586,True,True
iroutliner,consthoist,0.1297134238310709,0.07999179337543028,663,22.167375807761125,2.4988408264284655e-06,3.8001789034150955e-05,True,True
iroutliner,loop-interchange,0.11509715994020926,0.08003501588937167,669,11.12246913863745,0.0008528817233339163,0.006740433559183887,True,True
iroutliner,loop-fusion,0.12535211267605634,0.07999525737842472,710,19.749730854263053,8.827412465948573e-06,0.00011982026764871615,True,True
iroutliner,loop-load-elim,0.12859304084720122,0.07999562317347278,661,21.112605741718614,4.330698919519164e-06,6.234932709131266e-05,True,True
iroutliner,loop-sink,0.13239875389408098,0.07998869417750142,642,23.85151385729574,1.0406000992552473e-06,1.6564999953998164e-05,True,True
iroutliner,irce,0.12693935119887165,0.07999033239241367,709,21.130910795698348,4.289528415551476e-06,6.198447703062576e-05,True,True
iroutliner,nary-reassociate,0.1137370753323486,0.08003793526383703,677,10.397013724490023,0.0012621927489657298,0.009352406442667546,True,True
iroutliner,always-inline,0.11654676258992806,0.08002626503057414,695,12.534437310661351,0.00039951990615160534,0.0035436465515055185,True,True
iroutliner,globalsplit,0.11194029850746269,0.08004449956229939,670,9.218026345584299,0.00239643746631769,0.015838732688776495,True,True
iroutliner,lowerswitch,0.11032531824611033,0.08004432466448691,707,8.765618350973673,0.003069619888733526,0.01938811529722659,True,True
iroutliner,early-cse-memssa,0.15169366715758467,0.07992011636018767,679,47.30172616558593,6.085859980998646e-12,2.0456847798790296e-10,True,True
iroutliner,loop-flatten,0.10882352941176471,0.0800527088519866,680,7.61184226335785,0.005798621148986012,0.031914828418031234,True,True
iroutliner,loop-instsimplify,0.11023622047244094,0.08005452150089122,635,7.823958934056042,0.005155813589737757,0.029134438697565743,True,True
iroutliner,loop-simplifycfg,0.1309192200557103,0.07997537395111273,718,25.194690055385802,5.182468900316949e-07,8.862248128227587e-06,True,True
iroutliner,speculative-execution,0.1083086053412463,0.08005507833160073,674,7.276013378469065,0.006988145686420446,0.0370807296856673,True,True
iroutliner,global-merge,0.11225997045790251,0.0800424947907405,677,9.502852714886277,0.00205152695646802,0.01391130660004981,True,True
iroutliner,unreachableblockelim,0.12607449856733524,0.07999544003647971,698,20.040259568746063,7.582877968631732e-06,0.00010455827508859811,True,True
global-merge,mem2reg,0.12257100149476831,0.08001221908639532,669,16.38712094111039,5.163488643853676e-05,0.0005886527373895486,True,True
global-merge,sroa,0.14548238897396631,0.07994711527502336,653,37.93090887765849,7.329478909497982e-10,1.834008907961284e-08,True,True
global-merge,mergefunc,0.11,0.08004632965188921,700,8.492487111963596,0.0035661597533893745,0.021824288832768043,True,True
global-merge,instcombine,0.15950920245398773,0.07990571973047149,652,55.87834648982895,7.709705518309433e-14,3.6818544889877735e-12,True,True
global-merge,jump-threading,0.11224489795918367,0.08004121981469323,686,9.620542441566284,0.0019241289328839257,0.013149893370285258,True,True
global-merge,gvn-hoist,0.10638297872340426,0.08005727497001729,705,6.606568757351065,0.01016032516567506,0.049641713473217136,True,True
global-merge,gvn-sink,0.12077294685990338,0.08002662083992397,621,13.946386558160999,0.00018809886641957575,0.0018396348298685198,True,True
global-merge,newgvn,0.12018489984591679,0.08002315943997922,649,14.15818225736557,0.00016806458264260408,0.0016725308910506675,True,True
global-merge,slp-vectorizer,0.11176470588235295,0.08004358967344222,680,9.252992393724874,0.0023511093433567993,0.015644764976355523,True,True
global-merge,early-cse-memssa,0.10787172011661808,0.08005489895673744,686,7.178002439051892,0.007380283301803796,0.03879354283203176,True,True
global-merge,loop-flatten,0.1092814371257485,0.08005288834176812,668,7.717757005158901,0.005468028979761675,0.030394324321854817,True,True
break-crit-edges,mem2reg,0.11781206171107994,0.08001915315685067,713,13.769595485791786,0.00020665381439532543,0.001995699968365214,True,True
break-crit-edges,sroa,0.134185303514377,0.0799874186313659,626,24.872663706349115,6.124475682151111e-07,1.0293324794550968e-05,True,True
break-crit-edges,instcombine,0.15451895043731778,0.07990898810826585,686,51.63952588968025,6.668545224673908e-13,2.692167329878662e-11,True,True
break-crit-edges,simplifycfg,0.11764705882352941,0.08002535131635342,680,13.01554291733708,0.00030891619306650165,0.0028430453867177917,True,True
break-crit-edges,newgvn,0.12554744525547445,0.07999981761227104,685,19.21713159362811,1.1666173239104943e-05,0.00015434031893356404,True,True
break-crit-edges,attributor,0.11278195488721804,0.08004267483689186,665,9.639754366393767,0.001904106983033337,0.013035809345382078,True,True
unreachableblockelim,mem2reg,0.11800302571860817,0.08002753753356706,661,12.892056001696137,0.00032997973872786967,0.0029877471834874854,True,True
unreachableblockelim,sroa,0.14262820512820512,0.07996389727132659,624,33.14456562839597,8.555515307640477e-09,1.8769410613288573e-07,True,True
unreachableblockelim,instcombine,0.1416058394160584,0.07994966098680881,685,35.2135853923256,2.9545525601238175e-09,6.88021537983397e-08,True,True
unreachableblockelim,dse,0.1199400299850075,0.0800206081219709,667,14.374621970229603,0.00014980778245297978,0.0015100315986766252,True,True
unreachableblockelim,gvn-sink,0.11463046757164404,0.08003738573415095,663,10.730058004493367,0.001054091422374246,0.008038601772186071,True,True
unreachableblockelim,mergereturn,0.10876132930513595,0.08005525768683663,662,7.377641201598528,0.006603973014118986,0.03530533559493509,True,True
unreachableblockelim,early-cse-memssa,0.11951588502269289,0.08002297833926789,661,13.942917266263173,0.00018844632612178191,0.0018396348298685198,True,True
unreachableblockelim,loop-simplifycfg,0.11194029850746269,0.08004449956229939,670,9.218026345584299,0.00239643746631769,0.015838732688776495,True,True
unreachableblockelim,iroutliner,0.11455108359133127,0.08004030052153616,646,10.406048312376079,0.0012560323836548106,0.009324403439606138,True,True
